pl_name,pl_rade,pl_bmasse,pl_orbper,pl_orbsmax,pl_orbeccen,st_teff,st_mass,st_rad,disc_year,discoverymethod,sy_dist
HD 2039 b,12.7,1999.1507,1120.0,2.2,0.71,5945.0,1.23,1.19,2002.0,Radial Velocity,85.6922
HAT-P-8 b,15.6926,406.8224,3.07634,0.04496,0.0,6200.0,1.27,1.57,2008.0,Transit,211.553
K2-43 b,4.51,18.5,3.471149,0.03784,0.07,3840.6,0.571,0.542,2016.0,Transit,182.536
Kepler-1753 b,2.22678077,5.59,16.00460052,0.1179,0.0,5180.0,0.86,0.769,2021.0,Transit,707.688
Kepler-1176 b,2.45,6.57,24.1738579,0.1589,0.0,5844.0,1.01,1.02,2016.0,Transit,864.699
K2-126 b,1.97,4.54,7.385655,0.0656,0.06,4339.0,0.69,0.65,2017.0,Transit,102.953
Kepler-1263 b,1.14,1.55,4.55139967,0.0499,0.0,5213.0,0.84,0.8,2016.0,Transit,664.83
Kepler-1416 b,0.88,0.615,1.49514952,0.0257,0.0,6019.0,1.09,1.15,2016.0,Transit,949.59
Kepler-1542 c,0.65,0.208,2.89223021,0.0387,0.0,5564.0,0.94,0.99,2016.0,Transit,399.114
K2-85 b,1.4,3.2,0.68453862616,0.013,0.24,4232.0,0.7,0.71,2016.0,Transit,97.2179
Kepler-368 c,3.88,14.3,72.379334,0.36,0.0,5502.0,1.165,2.019,2014.0,Transit,770.978
K2-123 b,2.76,8.05,30.951524,0.1649,0.06,4035.0,0.62,0.59,2017.0,Transit,161.555
Kepler-770 b,2.3,5.9,18.92540274,0.1694,0.0,5598.0,0.94,0.92,2016.0,Transit,930.457
Kepler-1399 b,1.25,2.1,1.638653058,0.0276,0.0,5735.0,0.97,0.96,2016.0,Transit,1385.7
Kepler-723 b,12.19,,4.082275068,0.0479,0.0,5539.0,0.92,0.89,2016.0,Transit,1071.8
K2-107 b,15.98,266.9772,3.313959,0.0475,0.0,6061.0,1.3,1.81,2017.0,Transit,685.2
K2-45 b,6.71,36.4,1.7292684,0.0224,0.1,4103.0,0.503,0.445,2016.0,Transit,495.317
K2-365 b,2.906,8.78,23.448172,,,5561.0,0.823,1.051,2022.0,Transit,187.222
K2-127 b,8.37,52.9,3.588163,0.0411,0.12,4575.0,0.72,0.66,2017.0,Transit,709.999
K2-195 b,3.13,9.96,15.852975,0.1208,,5713.0,0.94,0.99,2018.0,Transit,315.014
K2-80 c,1.47,2.76,5.605,0.0596,,5441.0,0.9,0.87,2016.0,Transit,200.802
K2-229 c,2.03,7.0,8.32727,0.0769,0.0,5315.0,0.87,0.79,2018.0,Transit,102.564
HAT-P-3 b,10.53646,206.5895,2.8997,0.03866,0.0,5185.0,1.06,0.87,2007.0,Transit,134.554
WASP-32 b,10.76064,835.8929,2.71866,0.0394,0.0,6140.0,0.72,0.95,2010.0,Transit,275.994
WASP-24 b,15.46842,394.1092,2.34121,0.03651,0.0,6075.0,1.43,1.42,2010.0,Transit,322.114
Kepler-65 c,2.58,5.4,5.859944,0.068,0.02,6211.0,1.25,1.41,2012.0,Transit,303.728
TrES-2 b,15.24424,473.5667,2.47063,0.03568,0.0,5850.0,1.36,1.12,2006.0,Transit,215.32
Kepler-939 b,1.75,3.71,14.878296,0.1153,0.0,5471.0,0.88,0.85,2016.0,Transit,2093.62
Kepler-1028 b,1.33,2.33,2.51462432,0.0354,0.0,5522.0,0.9,0.87,2016.0,Transit,607.916
HAT-P-67 b,23.9872187,143.02278315,4.8101069,0.06505,0.0,6640.0,1.73,2.62,2017.0,Transit,371.686
Kepler-1101 b,2.47,6.66,81.3151059,0.3483,0.0,5614.0,0.94,0.91,2016.0,Transit,742.473
Kepler-1388 b,2.59,7.22,12.2854603,0.0882,0.0,4098.0,0.63,0.61,2016.0,Transit,453.795
Kepler-768 b,1.79,3.86,11.3910025,0.092,0.0,5108.0,0.82,0.78,2016.0,Transit,784.56
Kepler-796 b,1.3,2.24,6.40087618,0.07317,0.0,5475.0,0.93,1.09,2016.0,Transit,817.584
Kepler-110 b,1.83,4.01,12.691112,0.107,0.0,5960.0,0.989,1.149,2014.0,Transit,586.531
Kepler-1042 b,2.19,5.43,10.13202575,0.0756,0.0,4815.0,0.75,0.72,2016.0,Transit,659.0
Kepler-334 c,1.43,2.63,12.758005,0.107,0.0,5828.0,1.022,1.068,2014.0,Transit,426.59
Kepler-937 b,3.72,13.4,67.668827,0.3214,0.0,6095.0,1.15,1.22,2016.0,Transit,1571.46
Kepler-1117 b,1.11,1.41,4.79028459,0.05485,0.0,5612.0,0.95,0.93,2016.0,Transit,568.487
Kepler-1789 b,2.83137505,8.4,80.23190308,0.3543,0.0,5436.0,0.92,0.888,2021.0,Transit,611.461
Kepler-1831 b,1.97019818,4.54,5.78387022,0.0655,0.0,6063.0,1.117,1.012,2021.0,Transit,1053.49
Kepler-1245 b,1.44,2.67,4.35409304,0.0484,0.0,5306.0,0.86,0.83,2016.0,Transit,805.936
Kepler-114 b,1.26,1.09,5.188549,0.053,0.0,4605.0,0.77,0.667,2014.0,Transit,259.533
Kepler-1105 b,2.01,4.7,4.421572182,0.0471,0.0,4299.0,0.71,0.68,2016.0,Transit,318.004
Kepler-187 b,1.41,2.57,4.938864,0.059,0.0,6105.0,1.081,1.287,2014.0,Transit,1143.0
Kepler-1379 b,1.3,2.24,0.881841146,0.0171,0.0,5188.0,0.83,0.79,2016.0,Transit,971.325
Kepler-304 c,2.17,5.35,5.315946,0.054,0.0,4731.0,0.737,0.687,2014.0,Transit,434.684
Kepler-1291 b,1.66,3.39,8.63043276,0.0779,0.0,5216.0,0.84,0.8,2016.0,Transit,897.352
Kepler-304 e,1.2,1.87,1.499146953,0.02317,0.0,4817.0,0.8,0.73,2016.0,Transit,434.684
Kepler-461 b,2.58,7.18,8.313783059,0.07895,0.0,5634.0,0.98,0.91,2016.0,Transit,692.158
Kepler-1894 b,1.20117759,1.87,2.762660027,0.0385,0.0,5772.0,0.999,0.901,2021.0,Transit,935.191
Kepler-576 b,3.27,10.7,29.91136794,0.179,0.0,5672.0,0.99,0.97,2016.0,Transit,617.55
Kepler-1893 b,1.70557445,3.55,4.179369926,0.0504,0.0,5633.0,0.973,1.162,2021.0,Transit,1050.72
Kepler-1601 b,0.82,0.477,2.20921951,0.03281,0.0,5869.0,1.04,1.07,2016.0,Transit,644.456
Kepler-1922 b,2.29064904,5.86,13.22259998,0.1077,0.0,5931.0,0.953,0.863,2021.0,Transit,1344.29
HD 80653 b,1.621,5.61,0.71957926,0.01657,0.0,5959.0,1.15,1.199,2020.0,Transit,109.86
Kepler-1542 d,0.87,0.59,5.99273738,0.0629,0.0,5564.0,0.94,0.99,2016.0,Transit,399.114
Kepler-666 b,2.4,6.35,4.49876092,0.0542,0.0,5887.0,1.03,1.05,2016.0,Transit,1508.71
Kepler-211 c,1.29,18.3,6.04045,0.062,0.0,5123.0,0.867,0.816,2014.0,Transit,309.353
Kepler-203 c,2.47,749.9,5.370647,0.061,0.0,5821.0,1.06,1.114,2014.0,Transit,703.302
GJ 674 b,3.33,11.09,4.6938,0.039,0.2,3600.0,0.35,0.36463,2007.0,Radial Velocity,4.54896
OGLE-TR-182 b,12.666,320.995,3.9791,0.051,0.0,5924.0,1.14,1.14,2007.0,Transit,2501.75
HD 69830 c,3.46,11.8,31.56,0.186,0.13,5385.0,0.86,0.886947,2006.0,Radial Velocity,12.5591
GJ 3021 b,13.1,1071.04,133.71,0.49,0.511,5540.0,0.9,0.9,2000.0,Radial Velocity,17.5559
HD 221287 b,13.1,982.05,456.1,1.25,0.08,6304.0,1.25,1.13864,2007.0,Radial Velocity,55.9231
HD 47536 b,12.6,2330.0,712.13,1.93,0.2,4380.0,2.1,23.47,2002.0,Radial Velocity,122.536
HD 107148 b,9.6,66.741,48.056,0.269,0.05,5797.0,1.12,1.169193,2005.0,Radial Velocity,49.4156
HD 179949 b,13.9,291.12,3.092514,0.0443,0.022,6168.0,1.21,1.266865,2000.0,Radial Velocity,27.4573
HD 188015 b,13.6,476.72,461.2,1.203,0.137,5746.0,1.09,1.125296,2004.0,Radial Velocity,50.6706
HD 27442 b,13.5,495.8,428.1,1.271,0.06,4846.0,1.23,3.18,2000.0,Radial Velocity,18.2704
HD 46375 b,10.0,71.8,3.023573,0.0398,0.063,5285.0,0.92,0.914196,2000.0,Radial Velocity,29.5529
HAT-P-2 b,10.659759,2866.81223114,5.6335158,0.06814,0.5172,6380.0,1.33,1.39,2007.0,Transit,127.774
HD 109749 b,11.1,85.8141,5.239891,0.0615,0.0,5824.0,1.13,1.22,2005.0,Radial Velocity,63.0821
HD 149143 b,13.6,422.7139,4.07182,0.053,0.0167,5856.0,1.2,1.44,2005.0,Radial Velocity,73.2801
HD 224693 b,14.0,222.481,26.6904,0.191,0.104,5894.0,1.31,1.93,2006.0,Radial Velocity,93.5015
HD 231701 b,13.7,359.1479,141.63,0.567,0.13,6101.0,1.21,1.53,2007.0,Radial Velocity,108.877
HIP 14810 b,13.0,1239.537,6.673892,0.0696,0.14399,5544.0,1.01,1.07,2005.0,Radial Velocity,50.48
HIP 14810 d,14.1,187.5197,981.8,1.94,0.185,5544.0,1.01,1.07,2009.0,Radial Velocity,50.48
HD 207832 b,14.2,177.9848,160.07,0.586,0.197,5726.0,1.05,0.89,2012.0,Radial Velocity,58.9291
HD 37605 c,13.1,1013.8777,2720.0,3.74,0.03,5329.0,0.94,0.91,2012.0,Radial Velocity,46.7864
HD 1605 c,13.0,1150.5446,2149.0,3.584,0.099,4915.0,1.33,3.49,2015.0,Radial Velocity,88.8047
HD 55696 b,12.9,1357.12729789,1827.0,3.18,0.705,6012.0,1.29,1.52,2018.0,Radial Velocity,77.9693
HD 148164 c,12.8,1640.0028,5062.0,6.15,0.125,6032.0,1.21,1.34,2018.0,Radial Velocity,77.1971
HD 211810 b,14.0,212.9461,1558.0,2.656,0.68,5652.0,1.03,1.13,2018.0,Radial Velocity,64.6353
HD 221416 b,9.17,60.5,14.2767,0.1228,0.115,5080.0,1.212,2.943,2019.0,Transit,95.5483
Kepler-595 c,1.009,3.3,12.38602,0.0983,0.0,5138.5,0.93,0.821,2020.0,Transit,643.009
Kepler-595 b,3.708,17.4,25.3029092,0.1582,0.0,5138.5,0.93,0.821,2016.0,Transit,643.009
PSR B1257+12 b,0.338,0.02,25.262,0.19,0.0,,1.4,,1994.0,Pulsar Timing,600.0
PSR B1257+12 c,1.91,4.3,66.5419,0.36,0.0186,,1.4,,1992.0,Pulsar Timing,600.0
OGLE-TR-211 b,15.244,327.351,3.67724,0.051,0.0,6325.0,1.33,1.64,2007.0,Transit,1515.26
Lupus-TR-3 b,9.976,257.431,3.91405,0.0464,0.0,5000.0,0.87,0.82,2007.0,Transit,773.409
2MASS J04414489+2301513 b,12.6,2383.6,,15.0,,2936.0,0.019,0.231916,2010.0,Imaging,120.42398696
WASP-21 b,11.99,95.345,4.322482,0.052,0.0,5800.0,1.01,1.06,2010.0,Transit,258.426
CoRoT-10 b,10.87,874.0,13.2406,0.1055,0.53,5075.0,0.89,0.79,2010.0,Transit,338.386
CoRoT-12 b,16.14,291.438,2.828042,0.04016,0.07,5675.0,1.078,1.116,2010.0,Transit,1126.37
CoRoT-13 b,9.92,415.704,4.03519,0.051,0.0,5945.0,1.09,1.01,2010.0,Transit,1148.93
HD 285968 b,2.83,8.4,8.7836,0.066,0.0,3703.49,0.5,0.478214,2008.0,Radial Velocity,9.47045
HD 205739 b,13.6,435.41,279.8,0.896,0.27,6176.0,1.22,1.33,2008.0,Radial Velocity,92.5087
CoRoT-3 b,11.32,6883.91,4.2568,0.05783,0.0,6740.0,1.37,1.56,2008.0,Transit,768.771
HD 16417 b,5.0,22.1,17.24,0.14,0.2,5841.0,1.2,1.639984,2008.0,Radial Velocity,25.3936
AB Pic b,12.3,4290.5,,260.0,,5285.0,0.9,0.999394,2005.0,Imaging,50.0475
CT Cha b,24.66,5403.0,,440.0,,4403.0,,1.679694,2007.0,Imaging,190.72
HD 9446 b,14.0,222.472,30.052,0.189,0.2,5793.0,1.0,1.0,2009.0,Radial Velocity,50.3503
Kepler-4 b,4.002,24.472,3.21346,0.0456,0.0,5857.0,1.223,1.487,2009.0,Transit,487.916
GJ 876 c,14.0,226.9846,30.0881,0.12959,0.25591,3293.74,0.32,0.3,2000.0,Radial Velocity,4.67517
HIP 79431 b,13.4,667.415,111.7,0.36,0.29,3191.0,0.49,0.478625,2009.0,Radial Velocity,14.5324
TOI-907.01,9.6158851,67.0,4.5849129,0.055225481,,6272.0,1.069357,2.059789,2024.0,Transit,312.529
WASP-31 b,17.363,151.916,3.4059096,0.04659,0.0,6302.0,1.163,1.252,2010.0,Transit,383.829
24 Sex b,13.4,632.46,452.8,1.333,0.09,5098.0,1.54,4.9,2010.0,Radial Velocity,72.0691
WASP-37 b,13.002,572.07,3.577469,0.0446,0.0,5800.0,0.925,1.003,2010.0,Transit,392.791
Kepler-9 d,1.64,8.41466053,1.592851,0.0273,0.0,5777.0,1.07,1.02,2010.0,Transit,628.257
KOI-217 b,12.442,,3.90512,0.0477,0.0,5545.0,0.95,0.86,2010.0,Transit,914.699
HD 90156 b,4.43,17.98,49.77,0.25,0.31,5599.0,0.84,0.920286,2011.0,Radial Velocity,21.9496
HD 177830 c,7.87,47.6725,110.9,0.5137,0.3,4949.0,1.47,2.62,2010.0,Radial Velocity,62.7674
ups And b,14.0,218.531,4.617033,0.05922166,0.0215,6156.77,1.3,1.56,1996.0,Radial Velocity,13.4054
ups And d,12.5,3257.74117175,1276.46,2.51329,0.2987,6156.77,1.3,1.56,1999.0,Radial Velocity,13.4054
OGLE-2017-BLG-0373L b,14.0,127.0,,2.424,,,0.248,,2018.0,Microlensing,5915.0
Kepler-1737 b,5.395,25.1,64.61750031,0.297,0.0,5043.0,0.834,0.881,2021.0,Transit,
K2-269 b,1.57,3.09,4.144965,0.0531,,6209.0,1.16,1.45,2018.0,Transit,360.76
TOI-1249 b,3.2710301,11.9,13.079151,0.109,0.0,5497.0,1.0062,0.9785,2024.0,Transit,139.49
Kepler-106 d,0.95,8.1,23.9802,0.16063,0.0,5858.0,1.0,1.04,2014.0,Transit,444.322
Kepler-1031 b,0.87,0.59,1.22621732,0.0218,0.0,6011.0,1.09,1.12,2016.0,Transit,682.882
CD-35 2722 B b,13.9,292.40213444,171.11,0.2,0.27,1800.0,0.035,0.159,2026.0,Radial Velocity,
Kepler-948 b,1.85,4.08,7.76846622,0.0749,0.0,5679.0,0.96,0.94,2016.0,Transit,868.017
OGLE-2014-BLG-0319L b,14.1,181.16219199,,3.49,,,0.52,,2022.0,Microlensing,7730.0
OGLE-2018-BLG-1011L b,13.5,570.0,,1.8,,,0.18,,2019.0,Microlensing,7100.0
WASP-61 b,15.80469,851.7844,3.8559,0.0521,0.0,6250.0,1.82,1.55,2012.0,Transit,488.66
KMT-2022-BLG-0303L b,14.2,163.04597279,,4.81,,,0.368,,2024.0,Microlensing,6570.0
OGLE-2019-BLG-0954L b,12.3,4513.1633794,,2.65,,,0.8,,2021.0,Microlensing,3630.0
WASP-123 b,15.13212395,285.72917,2.97764359,0.04263,0.0,5740.0,1.166,1.285,2016.0,Transit,197.996
Kepler-1882 b,1.48674404,2.81,13.78730011,0.11636,0.0,5691.0,1.068,1.458,2021.0,Transit,443.371
KOI-984 b,4.3,17.1,4.2881785,0.0504,0.12,5295.0,0.928,0.818,2022.0,Transit,252.667
Kepler-1573 b,1.2,1.87,2.6157554,0.0364,0.0,5808.0,1.01,1.0,2016.0,Transit,1455.36
Kepler-802 b,3.54,12.3,40.0587473,0.2265,0.0,5507.0,0.93,0.9,2016.0,Transit,780.585
KMT-2023-BLG-1454L b,14.1,200.23189641,,1.18,,,0.17,,2024.0,Microlensing,7220.0
Kepler-1440 b,1.26,2.13,39.859484,0.23431,0.0,5698.0,0.98,0.96,2016.0,Transit,1115.35
WASP-130 b,9.97601,390.9309,11.55098,0.1012,0.0,5625.0,1.04,0.96,2016.0,Transit,172.256
OGLE-2017-BLG-1049L b,12.8,1760.0,,3.92,,,0.55,,2020.0,Microlensing,5670.0
Kepler-949 b,2.91,8.8,8.689307296,0.07739,0.0,5403.0,0.89,0.86,2016.0,Transit,486.105
Kepler-1964 b,1.7810587,3.83,2.440829992,0.0322,0.0,4803.0,0.752,0.698,2021.0,Transit,
KMT-2023-BLG-1592L b,14.1,184.34047606,,3.9,,,0.55,,2026.0,Microlensing,7200.0
OGLE-2019-BLG-0362L b,13.1,1036.12060682,,2.18,,,0.42,,2022.0,Microlensing,5830.0
KMT-2017-BLG-1057L b,5.19,23.5,,2.36,,,0.57,,2024.0,Microlensing,6500.0
KMT-2025-BLG-1616L b,7.34,42.32,,1.6,,,0.26,,2026.0,Microlensing,7500.0
Wolf 327 b,1.24,2.53,0.5734745,0.01,0.0,3542.0,0.405,0.406,2024.0,Transit,28.5321
Kepler-62 f,1.41,35.0,267.291,0.718,0.0,4925.0,0.69,0.64,2013.0,Transit,300.874
WASP-53 c,,5196.5205,2840.0,3.73,0.8369,4953.0,0.839,0.798,2017.0,Radial Velocity,201.338
KMT-2023-BLG-1743L b,12.1,6356.56814,,1.16,,,0.11,,2024.0,Microlensing,7130.0
TOI-5789 c,2.86,5.0,12.927748,0.1009,0.067,5185.0,0.821,0.833,2026.0,Transit,20.4581
MOA-2019-BLG-008L b,12.2,5720.911326,,,,,0.9,,2022.0,Microlensing,2700.0
OGLE-2016-BLG-1598L b,13.6,120.77479466,,2.5,,,0.55,,2024.0,Microlensing,5910.0
OGLE-2017-BLG-1275L b,12.8,1875.1876013,,2.09,,,0.63,,2024.0,Microlensing,7690.0
HATS-44 b,11.960003,177.9848,2.7439004,0.03649,0.279,5080.0,0.86,0.847,2018.0,Transit,446.035
HD 160691 b,,1366.6621501,645.0,1.5,0.0505,5773.0,1.13,1.33,2000.0,Radial Velocity,15.5981
Kepler-132 b,1.21,1.92,6.178196,0.067,0.0,6003.0,0.929,1.178,2014.0,Transit,349.549
KMT-2021-BLG-0192L b,6.56,34.96112477,,1.62,,,0.27,,2022.0,Microlensing,5120.0
Kepler-49 b,2.579,9.77,7.2,0.05929,0.0,4095.6,0.607,0.618,2012.0,Transit,311.222
KMT-2016-BLG-2364L b,13.0,1250.0,,2.63,,,0.5,,2020.0,Microlensing,6440.0
Kepler-218 c,3.14,10.0,44.699576,0.248,0.0,5502.0,1.019,1.063,2014.0,Transit,656.38
GJ 328 c,4.91,21.4,241.8,0.657,,3897.0,0.65,0.63,2023.0,Radial Velocity,20.5266
K2-212 b,2.65,7.51,9.795647,0.0785,,4349.0,0.622,0.678,2018.0,Transit,109.218
KMT-2022-BLG-1818L c,13.2,114.41822652,,12.6,,,0.79,,2026.0,Microlensing,5300.0
Qatar-8 b,14.403565,117.91493,3.71495,0.0474,0.0,5738.0,1.029,1.315,2019.0,Transit,281.498
KMT-2018-BLG-0885L b,11.9,9217.023803,,1.07,,,0.29,,2023.0,Microlensing,6890.0
KMT-2016-BLG-2321L b,13.8,301.93698665,,3.58,,,0.73,,2024.0,Microlensing,3580.0
Kepler-74 b,10.76,200.22,7.340711,0.0781,0.0,6000.0,1.18,1.12,2013.0,Transit,1177.55
OGLE-2017-BLG-0482L b,2.95,9.0,,1.8,,,0.2,,2018.0,Microlensing,5800.0
PSR B0329+54 b,1.22,1.97,10140.0,10.26,0.236,,1.44,,2017.0,Pulsar Timing,504.93312058
K2-140 b,13.56286665,295.58041851,6.569188,0.068,0.0,5585.0,0.96,1.06,2017.0,Transit,347.917
HD 184010 c,11.8,95.3485221,484.3,1.334,0.0,4971.0,1.35,4.86,2022.0,Radial Velocity,60.7993
EPIC 201595106 b,1.565,7.67,0.87724,0.0177,0.0,5679.0,0.958,0.98,2021.0,Transit,232.1
TOI-1203 e,7.31,42.1,204.59,,0.152,5737.0,0.886,1.179,2025.0,Radial Velocity,64.9943
Kepler-1503 b,2.27,5.77,96.16987,0.3771,0.0,5069.0,0.77,0.74,2016.0,Transit,1225.57
Kepler-1781 b,2.38091029,6.26,4.88752985,0.0574,0.0,5568.0,1.053,0.957,2021.0,Transit,962.63
Kepler-57 c,2.196,6.86,11.6,0.09588,0.0725,5187.9,0.859,0.826,2012.0,Transit,644.14
Kepler-1124 b,1.28,2.18,2.852348975,0.0305,0.0,3658.0,0.35,0.34,2016.0,Transit,289.899
Kepler-1581 b,0.8,0.437,6.28385491,0.06865,0.0,6022.0,1.12,1.23,2016.0,Transit,493.175
K2-136 c,3.0,18.1,17.30723,0.1185,0.047,4500.0,0.742,0.677,2017.0,Transit,59.2474
HD 39091 b,12.3,4481.3805387,2088.8,3.28,0.642,5998.0,1.07,1.17,2001.0,Radial Velocity,18.2702
LHS 1815 b,1.088,1.58,3.814334,0.0404,0.0,3643.0,0.502,0.501,2020.0,Transit,29.8424
Kepler-464 b,3.3,10.9,7.256965224,0.07931,0.0,5933.0,1.21,1.59,2016.0,Transit,667.604
Kepler-1580 b,2.11,5.1,56.6449279,0.33571,0.0,6228.0,1.47,2.15,2016.0,Transit,1002.02
Kepler-198 d,1.53,2.96,1.31184443,0.02342,0.0,5636.0,0.97,0.93,2016.0,Transit,495.358
HD 50554 b,12.8,1859.29618095,1240.0,2.339,0.482,6050.0,1.1,1.02,2002.0,Radial Velocity,31.1664
HD 73267 c,12.8,1630.77755632,17071.78045,12.688,0.089,5387.0,0.93,0.909,2022.0,Radial Velocity,50.4093
Kepler-580 b,2.57,7.13,8.222419656,0.0683,0.0,4298.0,0.67,0.64,2016.0,Transit,323.899
KOI-12 b,13.78707,349.613,17.855182,0.154,0.34,6635.0,1.5,1.4,2015.0,Transit,399.398
Kepler-637 b,4.75,20.2,23.20584623,0.16619,0.0,6096.0,1.64,2.56,2016.0,Transit,786.091
HD 29985 b,12.8,1739.47487151,20608.14049,13.39,0.261,4678.0,0.75,0.574666,2022.0,Radial Velocity,31.2707
HD 165155 b,13.2,918.5287,434.5,1.13,0.2,5426.0,1.02,0.95,2016.0,Radial Velocity,63.3574
HD 22946 d,2.607,26.57,47.42489,0.2958,,6169.0,1.098,1.117,2023.0,Transit,62.7792
Kepler-1697 b,1.25954761,2.12,33.4969,0.2008,0.0,4681.53,0.747,0.772344,2020.0,Transit,247.771
Kepler-674 b,1.69,3.5,2.243381847,0.028,0.0,4192.0,0.6,0.57,2016.0,Transit,342.254
Kepler-873 b,3.75,13.5,20.5533844,0.1542,0.0,6163.0,1.18,1.27,2016.0,Transit,1182.22
Kepler-783 b,0.78,0.399,4.29264638,0.04958,0.0,5521.0,0.93,0.89,2016.0,Transit,516.09
HD 31527 c,3.85,14.16,51.2053,0.2663,0.04,5898.0,0.96,1.073694,2019.0,Radial Velocity,38.4473
Kepler-1955 b,1.16654878,1.69,14.26519966,0.11959,0.0,5825.0,1.049,1.291,2021.0,Transit,449.351
Kepler-1684 b,2.87084792,8.6,47.7055,0.2253,0.0,4706.54,0.75,0.666755,2020.0,Transit,621.996
Kepler-322 c,1.67,3.43,4.337234,0.051,0.0,5388.0,0.908,0.89,2014.0,Transit,400.48
Qatar-5 b,12.408363,1373.0256,2.8792319,0.04127,0.0,5747.0,1.128,1.076,2017.0,Transit,367.658
Kepler-399 c,1.43,2.63,26.67569,0.155,0.0,5502.0,0.902,0.68,2014.0,Transit,740.537
DMPP-2 c,8.26,51.79,3.168,0.04789,0.28,6500.0,1.41,1.78,2026.0,Radial Velocity,137.94
TOI-1062 b,2.265,10.15,4.11296,0.052,0.177,5328.0,0.94,0.84,2021.0,Transit,82.1733
TOI-1759 b,3.14,10.8,18.85019,0.1177,0.0,4065.0,0.606,0.597,2022.0,Transit,40.0654
TOI-2285 b,1.77,19.5,13.635109,0.1363,0.3,3491.0,0.454,0.464,2021.0,Transit,42.409
Kepler-546 b,7.0,39.1,4.147020258,0.0502,0.0,5967.0,1.11,1.15,2016.0,Transit,1019.65
Kepler-682 b,7.37,42.6,12.611906672,0.1058,0.0,5559.0,0.92,0.89,2016.0,Transit,1979.25
TOI-220 b,3.03,13.8,10.695264,0.08911,0.032,5298.0,0.825,0.858,2021.0,Transit,90.7402
TOI-5624 f,3.66,13.0,45.37,0.2366,0.0,5327.0,0.858,0.82,2026.0,Transit Timing Variations,101.913
Kepler-242 b,2.61,7.32,8.20395,0.075,0.0,5020.0,0.748,0.85,2014.0,Transit,600.241
Kepler-258 b,4.06,15.5,13.19722,0.103,0.0,4942.0,0.82,0.915,2014.0,Transit,575.988
TOI-4898 b,3.7197954,13.4,2.76520470167,,,4201.57,0.619077,0.639344,2026.0,Transit,98.5958
Kepler-1292 b,1.82,3.97,3.27646405,0.0443,0.0,5556.0,0.95,0.93,2016.0,Transit,1493.43
HD 128717 b,12.1,6293.0024586,3420.0,4.85,0.85,6210.0,1.212,1.248,2025.0,Astrometry,73.636
TOI-3278 b,13.89913607,95.3485221,3.246456,0.043,0.0,5720.0,1.04,1.39,2026.0,Transit,904.752
Kepler-103 b,3.4857,11.67,15.9653287,0.133,0.171,6047.0,1.212,1.492,2014.0,Transit,494.832
TOI-4492 b,11.78063872,1881.54416944,4.4331824,0.0535,,5711.0,1.067,1.222,2026.0,Transit,143.184
pi Men d,3.72,13.38,124.64,0.506,0.22,5998.0,1.07,1.19,2022.0,Radial Velocity,18.2702
Kepler-1058 b,2.72,7.85,110.96546,0.3679,0.0,4644.0,0.73,0.69,2016.0,Transit,491.997
Kepler-160 b,1.715,3.59,4.309397,0.05511,0.0,5471.0,1.003,1.118,2014.0,Transit,937.013
Kepler-1365 b,0.92,0.721,7.69993485,0.07839,0.0,5770.0,1.0,1.05,2016.0,Transit,840.128
Kepler-346 c,3.07,9.64,23.851549,0.168,0.0,6033.0,0.943,1.021,2014.0,Transit,984.105
Kepler-1489 b,1.77,3.78,82.294751,0.3679,0.0,5655.0,0.93,0.9,2016.0,Transit,1283.05
Kepler-1126 b,1.73,3.64,108.593329,0.41251,0.0,5798.0,0.92,0.93,2016.0,Transit,635.736
Kepler-1914 b,2.9429803,8.97,30.82789993,0.1954,0.0,5982.0,1.047,0.96,2021.0,Transit,1621.56
HATS-43 b,13.22662,82.95363,4.3888497,0.04944,0.173,5099.0,0.837,0.812,2018.0,Transit,362.273
Kepler-685 b,10.58,78.8,1.6255222,0.0265,0.0,5963.0,1.11,1.16,2016.0,Transit,938.715
Kepler-1303 b,1.42,2.6,7.56127224,0.0751,0.0,5771.0,1.01,1.0,2016.0,Transit,897.783
Kepler-1016 b,2.18,5.39,1.954524342,0.03044,0.0,5821.0,0.99,1.0,2016.0,Transit,1402.82
HIP 54373 c,3.57,12.44,15.144,0.099,0.2,4021.0,0.57,0.564998,2019.0,Radial Velocity,18.7168
L 363-38 b,2.0,4.67,8.781,0.048,,3129.0,0.21,0.274,2023.0,Radial Velocity,10.2295
HAT-P-46 b,14.392,156.684,4.463129,0.0577,0.123,6120.0,1.284,1.396,2014.0,Transit,290.736
K2-396 c,3.124,9.93,25.76051,,,5236.0,0.954,0.92,2022.0,Transit,274.864
TOI-1107 b,14.57167491,1064.72516345,4.0782387,0.0561,0.025,6311.0,1.35,1.81,2022.0,Transit,281.314
KOI-319 c,11.9,8803.8468739,80.099,,0.032,5880.0,1.325,2.064,2014.0,Transit Timing Variations,660.138
Kepler-1992 b,0.91,0.693,15.6112238,0.1169,0.0,5383.0,0.874,0.842,2023.0,Transit,532.955
Kepler-134 b,2.0,4.66,5.317429,0.06,0.0,5983.0,0.956,1.176,2014.0,Transit,334.797
TOI-912 b,1.93,5.1,4.6780691,0.041,0.58,3572.0,0.418,0.419,2025.0,Transit,26.1072
TOI-913 b,2.4528,6.59,11.098644,,,4969.0,0.82,0.7325,2023.0,Transit,65.1769
TOI-1105 b,3.05823658,9.58,10.86818410933,,,4678.46,0.74,0.755833,2026.0,Transit,79.5225
Kepler-559 b,3.61,12.7,17.58752333,0.1277,0.0,5630.0,0.96,0.95,2016.0,Transit,776.708
WASP-34 b,11.209,177.9848,4.31768,0.0524,0.04,5700.0,0.96,0.91,2010.0,Transit,132.096
Kepler-1426 b,1.56,3.05,14.2563227,0.1187,0.0,5831.0,1.02,1.02,2016.0,Transit,1697.81
OGLE-2014-BLG-0676L b,13.1,988.44634577,,2.04,,,0.6,,2016.0,Microlensing,1880.0
Kepler-156 b,2.3,5.9,4.973456,0.054,0.0,5094.0,0.864,0.807,2014.0,Transit,443.483
HATS-64 b,18.819911,305.1168,4.908897,0.06562,0.151,6554.0,1.564,2.113,2018.0,Transit,1080.15
Kepler-610 b,4.19,16.3,6.996926554,0.0719,0.0,5943.0,1.1,1.13,2016.0,Transit,845.824
TOI-2322 c,1.874,18.1,20.225528,0.1362,0.0,4664.0,0.703,0.662,2025.0,Transit,59.861
TOI-2322 b,0.994,2.31,11.30717,0.0924,0.0,4664.0,0.703,0.662,2025.0,Transit,59.861
Kepler-524 c,0.96,0.84,1.88897906,0.03046,0.0,6014.0,1.09,1.1,2016.0,Transit,1058.24
Kepler-398 c,1.01,1.01,11.419412,0.087,0.0,4493.0,0.649,0.613,2014.0,Transit,177.355
Kepler-1916 b,2.61757235,7.35,31.25429916,0.2053,0.0,6246.0,1.18,1.092,2021.0,Transit,2055.82
TIC 320419023 b,2.77280763,8.11,5.26375651589,,,5703.36,1.056,0.952319,2026.0,Transit,288.893
HD 108236 f,2.017,4.72,29.54115,0.1758,0.051,5660.0,0.869,0.877,2021.0,Transit,64.5978
Kepler-1617 b,1.2,1.87,27.4785572,0.17707,0.0,6167.0,1.15,1.22,2016.0,Transit,898.31
HD 206893 c,16.36511182,3527.8953177,2290.0,3.74,0.283,6500.0,1.31,1.31116,2022.0,Imaging,40.7583
TOI-4527.01,0.9086617,0.689,0.3994445,0.008332353,,3702.0,0.483901,0.485948,2024.0,Transit,18.1037
K2-255 b,2.9,8.75,1.96417,0.0274,,4676.0,0.71,0.69,2018.0,Transit,191.608
Kepler-1678 b,3.30422249,10.9,147.974,0.5302,0.0,5754.0,1.03,0.834976,2020.0,Transit,847.339
HD 224018 b,0.91,4.1,10.6413,0.0952,0.06,5784.0,1.013,1.147,2025.0,Radial Velocity,105.48
Kepler-1334 b,2.29,5.86,15.64591713,0.1229,0.0,5614.0,0.94,0.91,2016.0,Transit,1223.04
Kepler-480 b,2.78,8.15,4.919583795,0.06024,0.0,6322.0,1.25,1.34,2016.0,Transit,847.508
Kepler-1382 b,1.88,4.19,16.3583055,0.14023,0.0,6161.0,1.36,1.72,2016.0,Transit,738.261
TOI-2068 b,1.821,3.97,7.768915,0.0632,,3710.0,0.559,0.535,2024.0,Transit,52.9328
Kepler-1030 b,2.48,6.71,19.32952416,0.1338,0.0,4983.0,0.8,0.76,2016.0,Transit,758.702
HD 153950 b,13.2,937.5985,499.39999,1.28,0.34,6124.0,1.25,1.28,2008.0,Radial Velocity,48.4549
CoRoT-11 b,16.03,740.51,2.99433,0.0436,0.0,6440.0,1.27,1.37,2010.0,Transit,655.037
TOI-286 c,1.88,3.72,39.361826,0.213,0.0,5152.0,0.832,0.78,2024.0,Transit,59.2293
TOI-1806.01,3.4095367,11.5,15.1454693,0.087735044,,3272.0,0.392935,0.401575,2024.0,Transit,55.5211
TOI-4443.01,1.7193265,3.6,1.8498567,0.029962645,,5834.0,1.049133,1.01733,2024.0,Transit,56.0739
K2-141 c,7.0,8.0,7.7485,0.0683,0.092,4570.0,0.708,0.681,2018.0,Transit,61.8736
K2-232 b,11.209,126.49634,11.168454,0.10356,0.258,6154.0,1.188,1.161,2018.0,Transit,130.72
GJ 1132 c,1.52,2.91,8.929,0.0476,0.19,3090.0,0.198,0.226,2018.0,Radial Velocity,12.613
55 Cnc b,13.9,263.9785,14.651552,0.118,0.0029,5198.0,1.015,0.98,1996.0,Radial Velocity,12.5855
55 Cnc c,8.51,54.4738,44.3936,0.247,0.088,5198.0,1.015,0.98,2004.0,Radial Velocity,12.5855
55 Cnc d,13.0,1232.493,4799.0,5.6,0.0913,5198.0,1.015,0.98,2002.0,Radial Velocity,12.5855
55 Cnc e,1.875,7.99,0.7365474,0.01544,0.05,5172.0,0.905,0.943,2004.0,Radial Velocity,12.5855
55 Cnc f,7.59,44.812,260.58,0.802,0.063,5198.0,1.015,0.98,2007.0,Radial Velocity,12.5855
GJ 1214 b,2.733,8.41,1.580404531,0.01505,0.0062,3101.0,0.182,0.2162,2009.0,Transit,14.6427
GJ 436 b,4.17,22.1,2.64388312,0.0291,0.13827,3586.11,0.47,0.455,2004.0,Radial Velocity,9.75321
HAT-P-12 b,10.749,67.059,3.2130598,0.0384,0.0,4650.0,0.733,0.701,2009.0,Transit,142.751
HAT-P-13 b,14.258,270.462,2.91625,0.04383,0.0133,5653.0,1.32,1.756,2009.0,Transit,246.81
HAT-P-13 c,12.3,4538.421,446.27,1.258,0.6616,5653.0,1.32,1.756,2009.0,Radial Velocity,246.81
HAT-P-14 b,15.91678,1093.3352,4.62767,0.0596,0.11,6600.0,2.65,1.82,2010.0,Transit,222.663
HAT-P-17 b,11.76945,184.3414,10.33852,0.0892,0.35,5246.0,0.99,0.87,2012.0,Transit,92.3831
HAT-P-17 c,13.1,1080.6,5584.0,5.6,0.39,5336.96,0.92,0.838682,2012.0,Radial Velocity,92.3831
HAT-P-18 b,10.70457657,55.5246227,5.5080291,0.0559,0.03,4870.0,0.77,0.717,2010.0,Transit,161.4
HAT-P-1 b,14.784671,166.86075,4.46529976,0.05561,0.0,5980.0,1.151,1.174,2006.0,Transit,158.979
HAT-P-26 b,7.06167,22.2481,4.23452,0.04748,0.12,5079.0,1.12,0.87,2010.0,Transit,141.837
HAT-P-30 b,16.14096,263.7989,2.8106,0.0419,0.04,6304.0,1.55,1.31,2011.0,Transit,213.985
HAT-P-32 b,22.19382,216.1244,2.1500082,0.03397,0.159,6001.0,1.132,1.367,2011.0,Transit,289.205
HD 149026 b,8.29466,120.7754,2.87589,0.04364,0.0,6179.0,1.42,1.41,2005.0,Radial Velocity,75.8643
HD 189733 b,12.66617,359.1479,2.21857567,0.03126,0.0,5052.0,0.79,0.75,2005.0,Radial Velocity,19.7638
HD 209458 b,15.58051,232.0159,3.52474859,0.04707,0.0,6091.0,1.23,1.19,1999.0,Radial Velocity,48.3016
HD 80606 b,11.56766808,1323.46926959,111.436765,0.4603,0.93183,5565.0,1.05,1.05,2001.0,Radial Velocity,66.4711
HD 86226 b,14.3,143.0235,1628.0,2.73,0.059,5863.0,1.019,1.053,2009.0,Radial Velocity,45.683
TrES-4 b,18.04649,247.9074,3.55395,0.05084,0.0,6200.0,1.08,1.66,2007.0,Transit,515.98
WASP-12 b,22.02564708,467.2101,1.091418901,0.0234,0.0447,6265.0,1.325,1.69,2008.0,Transit,427.246
WASP-15 b,15.80469,171.6282,3.7521,0.05165,0.0,6300.0,1.18,1.48,2009.0,Transit,282.091
WASP-17 b,20.96083,247.9074,3.73543,0.0515,0.0,6550.0,2.28,1.49,2009.0,Transit,405.908
WASP-18 b,13.89913607,3241.8497514,0.94145223,0.02024,0.0051,6432.0,1.294,1.319,2009.0,Transit,123.483
WASP-19 b,15.86070769,366.77398168,0.78883852,0.01652,0.0126,5616.0,0.965,1.006,2009.0,Transit,268.325
WASP-25 b,13.80946422,179.25522155,3.7648337,0.0473,0.0,5697.0,0.962,0.884,2010.0,Transit,211.416
WASP-39 b,14.336311,89.31023,4.0552941,0.04828,0.0,5485.0,0.913,0.939,2011.0,Transit,213.982
WASP-43 b,10.424,565.714,0.813475,0.0142,0.0,4400.0,0.58,0.6,2011.0,Transit,86.7467
WASP-6 b,12.5428494,148.42586607,3.3610026,0.04217,0.054,5438.0,0.854,0.79,2009.0,Transit,197.119
GJ 3470 b,4.57,13.9,3.3366496,0.0355,0.017,3600.0,0.539,0.547,2012.0,Radial Velocity,29.4214
WASP-47 b,12.86,374.0,4.159151,0.052,0.0006,5565.0,1.058,1.156,2012.0,Transit,264.78
WASP-63 b,15.80469,117.5971,4.37808,0.0574,0.0,5550.0,1.28,1.86,2012.0,Transit,290.684
WASP-52 b,14.24,146.2,1.7497798,0.0272,0.0,5000.0,0.87,0.79,2012.0,Transit,174.818
WASP-77 A b,13.56,529.31142902,1.360029395,0.023233633,0.01353,5617.0,0.903,0.91,2012.0,Transit,105.166
WASP-80 b,11.197791,170.99254,3.06785234,0.0344,0.002,4143.0,0.577,0.586,2012.0,Transit,49.7876
WASP-103 b,17.127,473.547,0.925542,0.01985,0.0,6110.0,1.22,1.436,2014.0,Transit,375.647
WASP-96 b,13.45,152.55,3.4252602,0.0453,0.0,5540.0,1.06,1.05,2014.0,Transit,352.464
WASP-94 A b,17.71022,158.915,3.95019,0.055,0.0,6170.0,1.67,1.48,2014.0,Transit,211.211
WASP-94 B b,14.1,196.411,2.00839,0.0335,0.0,6040.0,1.24,1.35,2014.0,Radial Velocity,208.696
WASP-69 b,11.21,82.58,3.86813881,0.0453,0.0,4792.0,0.83,0.801,2014.0,Transit,49.9605
WASP-84 b,10.72,220.0,8.52349648,0.0778,0.0,5280.0,0.853,0.768,2014.0,Transit,100.588
WASP-20 b,15.46839337,98.841,4.89964477,0.05999,0.0,5940.0,1.2,1.242,2015.0,Transit,211.877
HATS-6 b,11.186582,101.38777,3.3252725,0.03623,0.0,3724.0,0.574,0.57,2015.0,Transit,169.318
KELT-7 b,17.9344,441.7837,2.73477,0.04415,0.0,6768.0,1.76,1.81,2015.0,Transit,136.681
K2-18 b,2.37,8.92,32.939623,0.1429,0.2,3457.0,0.359,0.411,2015.0,Transit,38.0266
KELT-8 b,18.15858,209.7678,3.24406,0.0455,0.04,5754.0,0.81,1.46,2015.0,Transit,197.572
K2-22 b,2.3,444.962,0.381073,0.009,0.19,3879.0,0.595292,0.58,2015.0,Transit,243.836
WASP-47 c,,447.0,589.57,1.393,0.264,5565.0,1.058,1.156,2015.0,Radial Velocity,264.78
WASP-47 d,3.65,15.5,9.030501,0.085,0.001,5565.0,1.058,1.156,2015.0,Transit,264.78
WASP-47 e,1.83,9.0,0.78961,0.01673,0.0,5565.0,1.058,1.156,2015.0,Transit,264.78
GJ 1132 b,1.19151465,1.83704819,1.62892911,0.0157,0.0118,3229.0,0.1945,0.2211,2015.0,Transit,12.613
WASP-76 b,20.78145022,284.13859586,1.80988198,0.033,0.0,6329.0,1.458,1.756,2016.0,Transit,194.459
KELT-4 A b,19.044091,286.68266,2.9895932,0.04317,0.0,6206.0,1.201,1.603,2016.0,Transit,218.05
TRAPPIST-1 b,1.116,1.374,1.510826,0.01154,0.00622,2566.0,0.0898,0.1192,2016.0,Transit,12.42988881
TRAPPIST-1 c,1.097,1.308,2.421937,0.0158,0.00654,2566.0,0.0898,0.1192,2016.0,Transit,12.42988881
TRAPPIST-1 d,0.788,0.388,4.049219,0.02227,0.00837,2566.0,0.0898,0.1192,2016.0,Transit,12.42988881
K2-34 b,13.75,539.67534,2.9956348,0.0442,0.0,6168.0,1.16,1.42,2016.0,Transit,348.646
WASP-121 b,19.52604438,371.85923619,1.27492504,0.02571,0.0085,6628.0,1.33,1.461,2016.0,Transit,269.898
HIP 41378 b,2.64,6.9,15.57209,0.1303,0.05,6290.0,1.22,1.3,2016.0,Transit,106.289
HIP 41378 c,2.74,5.97,31.70591,0.2093,0.044,6290.0,1.22,1.3,2016.0,Transit,106.289
HIP 41378 d,3.65,6.53,278.3618,1.17,0.063,6290.0,1.22,1.3,2016.0,Transit,106.289
HIP 41378 e,5.19,7.62,393.0,0.68,0.065,6290.0,1.22,1.3,2016.0,Transit,106.289
HIP 41378 f,9.47,25.0,542.0797,1.394,0.052,6290.0,1.22,1.3,2016.0,Transit,106.289
HD 3167 b,1.601,4.844,0.95965451,0.01814,0.0,5338.0,0.864,0.871,2016.0,Transit,47.2899
HD 3167 c,2.983,11.41,29.846511,0.1794,0.04,5338.0,0.864,0.871,2016.0,Transit,47.2899
HAT-P-65 b,18.05766791,176.07693748,2.60544751,0.04042,0.304,5872.0,1.297,1.666,2016.0,Transit,738.519
WASP-131 b,13.74221034,86.76715511,5.3220125,0.0608,0.0,5990.0,1.06,1.561,2016.0,Transit,200.075
WASP-139 b,8.9672,37.18611,5.924262,0.062,0.0,5310.0,0.92,0.8,2016.0,Transit,212.472
WASP-127 b,14.694999,52.346601,4.17806203,0.0484,0.0,5620.0,0.95,1.333,2016.0,Transit,159.507
TRAPPIST-1 e,0.92,0.692,6.101013,0.02925,0.0051,2566.0,0.0898,0.1192,2017.0,Transit,12.42988881
TRAPPIST-1 f,1.045,1.039,9.20754,0.03849,0.01007,2566.0,0.0898,0.1192,2017.0,Transit,12.42988881
TRAPPIST-1 g,1.129,1.321,12.352446,0.04683,0.00208,2566.0,0.0898,0.1192,2017.0,Transit,12.42988881
TRAPPIST-1 h,0.755,0.326,18.772866,0.06189,0.00567,2566.0,0.0898,0.1192,2017.0,Transit,12.42988881
HD 106315 b,2.44,12.6,9.55237,0.0907,0.093,6327.0,1.091,1.296,2017.0,Transit,109.353
HD 106315 c,4.35,15.2,21.05704,0.1536,0.22,6327.0,1.091,1.296,2017.0,Transit,109.353
LHS 1140 b,1.73,5.6,24.73723,0.0946,0.043,3096.0,0.1844,0.2159,2017.0,Transit,14.9861
KELT-11 b,15.13212395,65.15482343,4.73620865,0.0623,0.0,5375.0,1.44,2.69,2017.0,Transit,99.1596
KELT-9 b,21.70058664,915.34581216,1.4811235,0.03368,0.0,9270.0,2.32,2.418,2017.0,Transit,204.455
HD 3167 d,2.61,7.3,8.3967,0.077,0.35,5338.0,0.864,0.871,2017.0,Radial Velocity,47.2899
WASP-107 b,10.48039695,33.02237149,5.7214875,0.055,0.052,4425.0,0.683,0.657,2017.0,Transit,64.7414
GJ 9827 b,1.44,4.28,1.208974,0.0189,0.0,4236.0,0.62,0.58,2017.0,Transit,29.661
GJ 9827 c,1.13,1.86,3.648103,0.0395,0.0,4236.0,0.62,0.58,2017.0,Transit,29.661
GJ 9827 d,1.98,3.02,6.20183,0.053,0.0,4236.0,0.62,0.58,2017.0,Transit,29.661
KELT-20 b,19.514869,1074.90106,3.4741085,0.0542,0.0,8720.0,1.76,1.565,2017.0,Transit,136.426
K2-18 c,2.65,7.51,8.962,0.06,0.47,3457.0,0.359,0.411,2017.0,Radial Velocity,38.0266
K2-141 b,1.51,4.97,0.2803244,0.00747,0.0,4570.0,0.708,0.681,2018.0,Transit,61.8736
HAT-P-11 c,13.2,851.78013076,3361.0,4.1,0.652,4653.0,0.811,0.683,2018.0,Radial Velocity,37.7647
NGTS-2 b,17.878355,235.1942,4.511164,0.063,0.0,6478.0,1.64,1.702,2018.0,Transit,356.391
WASP-164 b,12.643752,676.9779,1.7771255,0.02818,0.0,5806.0,0.946,0.932,2018.0,Transit,327.506
LHS 1140 c,1.272,1.91,3.77794,0.027,0.05,3096.0,0.1844,0.2159,2018.0,Transit,14.9861
K2-287 b,9.494023,100.11645,14.893291,0.1206,0.478,5695.0,1.056,1.07,2018.0,Transit,158.335
LHS 3844 b,1.286,2.37,0.462929709,0.00624,0.0,3080.0,0.151,0.189,2019.0,Transit,14.8846
HD 15337 b,1.77,6.519,4.7559804,0.05245,0.058,5131.0,0.829,0.855,2019.0,Transit,44.8155
HD 15337 c,2.526,6.792,17.180546,0.1235,0.096,5131.0,0.829,0.855,2019.0,Transit,44.8155
L 98-59 b,0.837,0.46,2.253114,0.0223,0.031,3415.0,0.2923,0.3155,2019.0,Transit,10.6194
L 98-59 c,1.329,2.0,3.6906764,0.0309,0.002,3415.0,0.2923,0.3155,2019.0,Transit,10.6194
L 98-59 d,1.627,1.64,7.450729,0.0494,0.006,3415.0,0.2923,0.3155,2019.0,Transit,10.6194
V1298 Tau b,9.41,13.1,24.140006,0.1685,0.0079,4970.0,1.1,1.32,2019.0,Transit,108.199
WASP-166 b,7.06167,32.10083,5.44354,0.0641,0.0,6050.0,1.19,1.22,2019.0,Transit,114.173
TOI-270 b,1.28,1.48,3.35992,0.03197,0.0167,3506.0,0.386,0.38,2019.0,Transit,22.4793
TOI-270 c,2.33,6.2,5.66051,0.04526,0.0044,3506.0,0.386,0.38,2019.0,Transit,22.4793
TOI-270 d,2.0,4.2,11.38194,0.0721,0.0066,3506.0,0.386,0.38,2019.0,Transit,22.4793
GJ 357 b,1.2,1.83,3.9306,0.036,,3505.0,0.342,0.337,2019.0,Transit,9.44181
GJ 357 c,1.66,3.4,9.1247,0.061,,3505.0,0.342,0.337,2019.0,Radial Velocity,9.44181
GJ 357 d,2.34,6.1,55.661,0.204,,3505.0,0.342,0.337,2019.0,Radial Velocity,9.44181
LTT 1445 A b,1.34,2.73,5.3587635,0.0381,0.18,3562.0,0.257,0.271,2019.0,Transit,6.86929
WASP-178 b,20.28829,527.5978,3.3448285,0.0558,0.0,9360.0,2.07,1.67,2019.0,Transit,427.678
V1298 Tau c,5.08,4.7,8.249164,0.0824,0.0094,4970.0,1.1,1.32,2019.0,Transit,108.199
V1298 Tau d,6.53,6.0,12.401394,0.1081,0.0087,4970.0,1.1,1.32,2019.0,Transit,108.199
V1298 Tau e,10.17,15.3,48.677714,0.2689,0.0124,4970.0,1.1,1.32,2019.0,Transit,108.199
LP 791-18 b,1.212,1.94,0.9479981,0.00978,0.0,2960.0,0.139,0.182,2019.0,Transit,26.4927
LP 791-18 c,2.488,7.16,4.98991,0.02961,0.0001,2960.0,0.139,0.182,2019.0,Transit,26.4927
TOI-125 b,2.726,9.5,4.65382,0.05186,0.194,5320.0,0.859,0.848,2019.0,Transit,111.059
TOI-125 c,2.759,6.63,9.15059,0.0814,0.066,5320.0,0.859,0.848,2019.0,Transit,111.059
L 168-9 b,1.63,4.07,1.40152604,0.0208,0.0,3842.0,0.614,0.604,2020.0,Transit,25.1496
TOI-125 d,2.93,13.6,19.98,0.137,0.168,5320.0,0.859,0.848,2020.0,Transit,111.059
HATS-48 A b,8.9672,77.23269,3.1316666,0.03769,0.162,4546.0,0.7279,0.7152,2020.0,Transit,263.609
HATS-72 b,8.0973816,39.855882,7.3279474,0.066517,0.013,4656.1,0.7311,0.7214,2020.0,Transit,127.589
NGTS-10 b,13.89913607,687.14846,0.7668944,0.0143,0.0,4567.0,0.696,0.7,2020.0,Transit,324.69865036
TOI-1130 b,3.66,19.8,4.074554,0.0453,0.052162,4360.0,0.745,0.697,2020.0,Transit,58.2609
TOI-1130 c,13.0,336.0,8.3501898,0.0731,0.0398,4360.0,0.745,0.697,2020.0,Transit,58.2609
TOI-677 b,13.11450742,392.20025424,11.2365985,0.1041,0.46,6295.0,1.181,1.28,2020.0,Transit,141.812
LTT 3780 b,1.325,2.46,0.76837931,0.01195,0.0,3358.0,0.381,0.38,2020.0,Transit,21.9814
LTT 3780 c,2.39,8.04,12.252284,0.0757,0.024,3358.0,0.381,0.38,2020.0,Transit,21.9814
TOI-1338 b,7.661,11.3,95.4001,0.4607,0.0331,5723.2,1.0936,1.313,2020.0,Transit,399.017
AU Mic b,4.79,8.99,8.463446,0.07,0.07,3540.0,0.635,0.862,2020.0,Transit,9.7221
WASP-148 b,8.47398941,91.21675281,8.803809,0.08215,0.208,5555.0,0.954,0.912,2020.0,Transit,246.353
WASP-148 c,13.9,124.58873554,34.524,0.2044,0.1809,5555.0,0.954,0.912,2020.0,Radial Velocity,246.353
NGTS-11 b,9.157753,109.33352,35.45533,0.201,0.13,5050.0,0.862,0.832,2020.0,Transit,190.422
TOI-849 b,3.64,41.8,0.765548,0.0155,0.0,5257.0,0.97,0.97,2020.0,Transit,225.734
TOI-700 b,0.914,0.704,9.977219,0.0677,0.075,3459.0,0.415,0.421,2020.0,Transit,31.1265
TOI-700 c,2.6,7.27,16.051137,0.0929,0.068,3459.0,0.415,0.421,2020.0,Transit,31.1265
TOI-700 d,1.073,1.25,37.42396,0.1633,0.042,3459.0,0.415,0.421,2020.0,Transit,31.1265
HIP 67522 b,9.9872018,71.4,6.9594731,0.0748,0.064,5675.0,1.22,1.38,2020.0,Transit,127.28
TOI-1899 b,11.09689089,212.94503269,29.090312,0.1525,0.044,3926.0,0.632,0.607,2020.0,Transit,128.438
HD 86226 c,2.16,7.25,3.98442,0.049,0.075,5863.0,1.019,1.053,2020.0,Transit,45.683
WD 1856+534 b,10.4,4386.054,1.4079405,0.0204,0.0,4710.0,0.518,0.0131,2020.0,Transit,24.7359
LTT 9779 b,4.72,29.32,0.792052,0.01679,0.0,5443.0,1.02,0.949,2020.0,Transit,80.4373
TOI-824 b,2.926,18.467,1.392978,0.02177,,4600.0,0.71,0.695,2020.0,Transit,63.9262
TOI-421 b,2.64,6.7,5.197576,0.0554,0.13,5291.0,0.833,0.866,2020.0,Transit,74.7969
TOI-421 c,5.09,14.1,16.067541,0.117,0.19,5291.0,0.833,0.866,2020.0,Transit,74.7969
GJ 3473 b,1.264,1.86,1.1980035,0.01589,0.0,3347.0,0.36,0.364,2020.0,Transit,27.3644
GJ 3473 c,2.63,7.41,15.509,0.0876,0.0,3347.0,0.36,0.364,2020.0,Radial Velocity,27.3644
WASP-107 c,13.0,111.23994245,1091.0,,0.315,4425.0,0.683,0.657,2020.0,Radial Velocity,64.7414
TOI-776 b,1.798,5.0,8.24662,0.0653,0.052,3725.0,0.542,0.547,2020.0,Transit,27.1701
TOI-776 c,2.047,6.9,15.665323,0.1001,0.089,3725.0,0.542,0.547,2020.0,Transit,27.1701
TOI-561 b,1.397,2.02,0.4465697,0.01064,0.0,5342.0,0.806,0.843,2020.0,Transit,85.799
TOI-561 c,2.865,5.93,10.778838,0.0889,0.023,5342.0,0.806,0.843,2020.0,Transit,85.799
TOI-561 d,2.615,13.33,25.71268,0.1587,0.111,5342.0,0.806,0.843,2020.0,Transit,85.799
TOI-561 e,2.517,12.4,77.144,0.33,0.074,5342.0,0.806,0.843,2020.0,Transit,85.799
TOI-451 b,1.84,4.7,1.8587033,0.0274,0.0,5490.0,0.93,0.85,2020.0,Transit,123.739
TOI-451 c,2.93,3.7,9.192463,0.0795,0.0,5490.0,0.93,0.85,2020.0,Transit,123.739
TOI-451 d,3.93,10.2,16.364962,0.1168,0.0,5490.0,0.93,0.85,2020.0,Transit,123.739
TOI-178 b,1.2,0.96,1.9145601,0.02607,,4316.0,0.647,0.662,2021.0,Transit,62.699
TOI-178 c,1.754,4.64,3.238486,0.037,0.00032,4316.0,0.647,0.662,2021.0,Transit,62.699
TOI-178 d,2.695,5.2,6.557569,0.0592,0.0068,4316.0,0.647,0.662,2021.0,Transit,62.699
TOI-178 e,2.301,3.48,9.96318,0.0783,0.00038,4316.0,0.647,0.662,2021.0,Transit,62.699
TOI-178 f,2.417,5.63,15.23335,0.1039,0.00045,4316.0,0.647,0.662,2021.0,Transit,62.699
TOI-178 g,2.939,4.4,20.71663,0.1275,0.00043,4316.0,0.647,0.662,2021.0,Transit,62.699
GJ 486 b,1.289,2.77,1.46712127,0.01714,0.00086,3317.0,0.312,0.3243,2021.0,Radial Velocity,8.07426
LHS 1478 b,1.242,2.33,1.9495378,0.01848,,3381.0,0.236,0.246,2021.0,Transit,18.2276
TOI-1231 b,3.65,15.4,24.245586,0.1288,0.087,3553.0,0.485,0.476,2021.0,Transit,27.6227
TOI-674 b,5.25,23.6,1.977143,0.025,0.0,3514.0,0.42,0.42,2021.0,Transit,46.0851
TOI-1685 b,1.421,3.07,0.66913923,0.01164,0.0,3470.0,0.466,0.462,2021.0,Transit,37.6153
TOI-1807 b,1.49681583,2.44,0.54937097,0.0122,0.0,4914.0,0.8048,0.746,2021.0,Transit,42.5775
TOI-2076 b,2.59,6.7,10.35504,0.08781,0.0114,5187.0,0.849,0.758,2021.0,Transit,41.9091
TOI-2076 c,3.54,7.2,21.01447,0.1407,0.036,5187.0,0.849,0.758,2021.0,Transit,41.9091
TOI-2076 d,3.27,7.3,35.12803,0.1982,0.027,5187.0,0.849,0.758,2021.0,Transit,41.9091
AU Mic c,2.79,14.46,18.859023,0.119,0.18,3540.0,0.635,0.862,2021.0,Transit,9.7221
TOI-431 b,1.28,3.07,0.490047,0.0113,0.0,4850.0,0.78,0.731,2021.0,Transit,32.5686
TOI-431 c,1.49,2.83,4.8494,0.052,0.0,4850.0,0.78,0.731,2021.0,Radial Velocity,32.5686
TOI-431 d,3.29,9.9,12.46103,0.098,0.0,4850.0,0.78,0.731,2021.0,Transit,32.5686
L 98-59 e,1.49,2.82,12.8278,0.0712,0.012,3415.0,0.2923,0.3155,2021.0,Radial Velocity,10.6194
HD 63935 b,2.91575244,10.5,9.058807,0.083,0.0,5513.0,0.9406,0.9598,2021.0,Transit,48.9739
HD 63935 c,3.06451296,11.1,21.4027,0.148,0.0,5513.0,0.9406,0.9598,2021.0,Radial Velocity,48.9739
GJ 367 b,0.736,0.503,0.3219226,0.0071,0.0,3535.0,0.451,0.457,2021.0,Transit,9.41263
TOI-2109 b,15.098497,1595.49860314,0.67247414,0.01791,,6540.0,1.453,1.698,2021.0,Transit,262.041
HATS-75 b,9.90873894,156.05374784,2.7886556,0.032742,0.064,3790.4,0.6017,0.5848,2021.0,Transit,194.964
LTT 1445 A c,1.147,1.54,3.1239035,0.02661,0.223,3340.0,0.257,0.265,2022.0,Transit,6.86929
TOI-500 b,1.166,1.42,0.548177,0.01189,0.063,4440.0,0.74,0.678,2022.0,Transit,47.3924
TOI-1075 b,1.791,9.95,0.6047328,0.01159,0.0,3875.0,0.604,0.581,2022.0,Transit,61.4592
TOI-1442 b,1.17,1.71,0.4090677,0.0071,,3330.0,0.29,0.31,2022.0,Transit,41.1659
TOI-2260 b,1.62,3.26,0.3524728,0.0097,,5534.0,0.99,0.94,2022.0,Transit,101.251
TOI-2445 b,1.25,2.1,0.3711281,0.0064,,3333.0,0.25,0.27,2022.0,Transit,48.582
GJ 3929 b,1.09,1.75,2.616235,0.0252,0.0,3384.0,0.313,0.32,2022.0,Transit,15.8095
WASP-189 b,18.14733975,632.47852993,2.724033,0.05053,0.0,8000.0,2.03,2.36,2020.0,Transit,99.731
TOI-1670 b,2.06,41.31769291,10.98462,0.103,0.59,6170.0,1.21,1.316,2022.0,Transit,168.067
TOI-1670 c,11.06326395,200.23189641,40.74976,0.249,0.09,6170.0,1.21,1.316,2022.0,Transit,168.067
TOI-500 c,2.09,5.03,6.6356,,0.072,4440.0,0.74,0.678,2022.0,Radial Velocity,47.3924
TOI-500 d,6.35,33.12,26.233,,0.016,4440.0,0.74,0.678,2022.0,Radial Velocity,47.3924
TOI-500 e,3.99,15.05,61.3,,0.073,4440.0,0.74,0.678,2022.0,Radial Velocity,47.3924
HD 260655 b,1.24,2.14,2.76953,0.02933,0.039,3803.0,0.439,0.439,2022.0,Transit,10.0055
HD 260655 c,1.533,3.09,5.70588,0.04749,0.038,3803.0,0.439,0.439,2022.0,Transit,10.0055
TOI-3714 b,11.32107051,222.4798849,2.154849,0.027,0.03,3660.0,0.53,0.51,2022.0,Transit,112.71
GJ 3929 c,2.26,5.71,15.04,0.081,0.0,3384.0,0.313,0.32,2022.0,Radial Velocity,15.8095
GJ 3090 b,2.18,4.52,2.85310198,0.0316,0.25,3707.0,0.519,0.516,2022.0,Transit,22.4751
TOI-181 b,6.9559,46.1687,4.532,0.0539,0.1543,4994.0,0.822,0.745,2023.0,Transit,96.2338
TOI-199 b,9.07927437,54.03082919,104.854,0.4254,0.09,5255.0,0.936,0.82,2023.0,Transit,102.27
TOI-700 e,0.953,0.818,27.80978,0.134,0.059,3459.0,0.415,0.421,2023.0,Transit,31.1265
TOI-771 b,1.36,2.47,2.3260155,0.0208,0.055,3370.0,0.22,0.232,2024.0,Transit,25.2788
TOI-836.01,2.587,9.6,8.59545,0.075,0.078,4552.0,0.678,0.665,2021.0,Transit,27.5024
TOI-836 b,1.704,4.53,3.81673,0.0422,0.053,4552.0,0.678,0.665,2023.0,Transit,27.5024
LHS 475 b,0.991,0.941,2.029088,0.02037,0.0,3300.0,0.262,0.2789,2023.0,Transit,12.4814
TOI-1136 d,4.627,8.35,12.5199,0.1062,0.042,5770.0,1.022,0.968,2022.0,Transit,84.5362
TOI-1136 c,2.879,6.32,6.2574,0.0669,0.11,5770.0,1.022,0.968,2022.0,Transit,84.5362
TOI-1136 f,3.73591482,9.7,26.321,0.174,0.001,5770.0,1.022,0.968,2022.0,Transit,84.5362
TOI-1136 e,2.639,6.07,18.801,0.14,0.0425,5770.0,1.022,0.968,2022.0,Transit,84.5362
TOI-1173 b,8.77663189,28.28672822,7.0643971,0.071,0.037,5350.0,0.911,0.934,2024.0,Transit,132.353
TOI-1416 b,1.62,3.48,1.0697568,0.019,0.0,4884.0,0.798,0.793,2023.0,Transit,55.0135
TOI-1420 b,11.89,25.1,6.9561063,0.071,0.17,5510.0,0.987,0.923,2023.0,Transit,201.918
TOI-1468 c,2.126,4.1,15.532477,0.08608,0.111,3376.0,0.3527,0.3714,2022.0,Transit,24.7399
TOI-1468 b,1.401,3.04,1.8805201,0.02107,0.0099,3376.0,0.3527,0.3714,2022.0,Transit,24.7399
HIP 9618 b,3.82838127,8.3,20.772858,0.145,0.0,5649.0,0.942,0.9593,2023.0,Transit,67.5478
HIP 9618 c,3.42855926,7.0,52.56363,0.269,0.0,5649.0,0.942,0.9593,2023.0,Transit,67.5478
TOI-1801 b,2.079,5.738,10.64387,0.075,0.0,3863.0,0.556,0.547,2023.0,Transit,30.6796
TOI-1823 b,7.5406241,67.4,38.8,0.212,0.0,4927.0,0.8414,0.8049,2024.0,Transit,71.6456
TOI-2031 A b,14.20177855,254.2627256,5.71548654,0.066,0.076,6490.0,1.174,1.241,2025.0,Transit,276.105
TOI-2134 b,2.735,9.37,9.229198,0.07803,0.067,4580.0,0.744,0.709,2023.0,Transit,22.6202
TOI-2134 c,7.35,58.3,95.85284,0.3715,0.3125,4580.0,0.744,0.709,2023.0,Transit,22.6202
TOI-2374 b,7.48759911,61.65871096,4.3136193,0.04818,0.13,5002.0,0.802,0.711,2024.0,Transit,134.655
TOI-2431 b,1.534,6.2,0.22419578,0.0063,0.0,4109.0,0.661,0.651,2026.0,Transit,36.0559
TOI-3235 b,11.39953337,211.35589065,2.59261842,0.02709,0.029,3388.8,0.3939,0.3697,2023.0,Transit,72.811
TOI-3757 b,12.0,85.3,3.438753,0.03845,0.14,3913.0,0.64,0.62,2022.0,Transit,181.139
TOI-3884 b,6.43,32.59,4.5445828,0.0361,0.06,3180.0,0.298,0.302,2022.0,Transit,43.1448
TOI-3984 A b,7.9,44.0,4.353326,0.041,0.23,3476.0,0.49,0.47,2023.0,Transit,108.883
TOI-4010 c,5.93,20.31,5.414654,0.058,0.03,4960.0,0.88,0.83,2023.0,Transit,177.504
TOI-4010 d,6.18,38.15,14.70886,0.113,0.07,4960.0,0.88,0.83,2023.0,Transit,177.504
TOI-4010 b,3.02,11.0,1.348335,0.0229,0.03,4960.0,0.88,0.83,2023.0,Transit,177.504
LP 890-9 b,1.32,13.2,2.7299025,0.01875,,2850.0,0.118,0.1556,2022.0,Transit,32.4298
TOI-4336 A b,2.137,3.33,16.336351,0.0849,0.0,3307.0,0.306,0.326,2024.0,Transit,22.5455
HD 20329 b,1.72,7.42,0.926118,0.018,0.0,5596.0,0.9,1.13,2022.0,Transit,63.6796
Kepler-167 e,10.16,321.00669107,1071.23205,1.883,0.29,4884.0,0.777,0.749,2016.0,Transit,341.908
TOI-5205 b,11.6,343.0,1.630757,0.0199,0.02,3430.0,0.392,0.394,2023.0,Transit,86.4493
Kepler-167 c,1.674,3.44,7.406106,0.0684,0.0,4884.0,0.777,0.749,2014.0,Transit,341.908
TOI-5293 A b,11.9,170.4,2.930289,0.034,0.38,3586.0,0.54,0.52,2023.0,Transit,162.229
KOI-94 d,11.27,106.0,22.342989,0.1684,0.022,6182.0,1.277,1.52,2013.0,Transit,477.052
LP 890-9 c,1.367,25.3,8.457463,0.03984,,2850.0,0.118,0.1556,2022.0,Transit,32.4298
HD 3167 e,3.97,14.9,91.9,0.3797,0.128,5338.0,0.864,0.871,2022.0,Radial Velocity,47.2899
TOI-1136 b,1.9,3.5,4.1727,0.05106,0.027,5770.0,1.022,0.968,2022.0,Transit,84.5362
TOI-1136 g,2.53,5.6,39.545,0.229,0.04,5770.0,1.022,0.968,2022.0,Transit,84.5362
TOI-1338 c,10.3,75.4,215.79,0.794,0.037,5723.2,1.0936,1.313,2023.0,Radial Velocity,399.017
WASP-84 c,1.95,15.2,1.4468849,0.02359,,5280.0,0.853,0.768,2023.0,Transit,100.588
TOI-6109 c,4.8326,20.8,8.538878,0.0786,,5660.0,1.03,1.021,2025.0,Transit,151.738
TOI-6255 b,1.079,1.44,0.23818244,,0.0,3421.0,0.353,0.37,2024.0,Transit,20.3167
WASP-193 b,14.78464554,35.59678158,6.2463475,0.0668,0.081,6080.0,1.018,1.213,2023.0,Transit,362.087
LP 791-18 d,1.032,0.91,2.75485,0.01992,0.0011,2960.0,0.139,0.182,2023.0,Transit,26.4927
TOI-6324 b,1.059,1.17,0.279221,,0.0,3247.0,0.269,0.293,2025.0,Transit,20.5488
HD 207496 b,2.25,6.1,6.441008,0.0629,0.231,4819.0,0.8,0.769,2023.0,Transit,23.606
TOI-4010 e,13.3,692.0,762.0,1.57,0.26,4960.0,0.88,0.83,2023.0,Radial Velocity,177.504
GJ 367 c,1.86,4.13,11.5301,,0.09,3522.0,0.455,0.458,2023.0,Radial Velocity,9.41263
GJ 367 d,2.33,6.03,34.369,,0.14,3522.0,0.455,0.458,2023.0,Radial Velocity,9.41263
TOI-6109 b,4.8704,21.1,5.690476,0.0599,,5660.0,1.03,1.021,2025.0,Transit,151.738
TOI-199 c,11.4,88.99195396,273.69,0.807,0.096,5255.0,0.936,0.82,2023.0,Transit Timing Variations,102.27
AU Mic e,4.87,21.1,33.11,,,3665.0,0.6,0.82,2025.0,Radial Velocity,9.7221
AU Mic d,1.02,1.053,12.73596,,0.00305,3678.0,0.51,0.744,2023.0,Transit Timing Variations,9.7221
GJ 806 b,1.331,1.9,0.9263237,0.01406,,3600.0,0.413,0.4144,2023.0,Transit,12.0445
GJ 806 c,2.28,5.8,6.64064,0.0523,,3600.0,0.413,0.4144,2023.0,Radial Velocity,12.0445
HD 110067 b,2.2,5.69,9.113678,0.0793,,5266.0,0.798,0.788,2023.0,Transit,32.1585
HD 110067 c,2.388,6.3,13.673694,0.1039,,5266.0,0.798,0.788,2023.0,Transit,32.1585
HD 110067 d,2.852,8.52,20.519617,0.1362,,5266.0,0.798,0.788,2023.0,Transit,32.1585
HD 110067 e,1.94,3.9,30.793091,0.1785,,5266.0,0.798,0.788,2023.0,Transit,32.1585
HD 110067 f,2.601,5.04,41.05854,0.2163,,5266.0,0.798,0.788,2023.0,Transit,32.1585
HD 110067 g,2.607,8.4,54.76992,0.2621,,5266.0,0.798,0.788,2023.0,Transit,32.1585
GJ 341 b,0.88,4.0,7.57686,,0.0,3770.0,0.48,0.5066,2025.0,Transit,10.454
TOI-6894 b,9.5836785,53.39517238,3.37077196,0.02604,0.029,3007.0,0.207,0.2276,2025.0,Transit,73.8131
IRAS 04125+2902 b,10.73820351,80.8,8.834978,0.077,,4080.0,0.7,1.45,2024.0,Transit,159.244
HIP 67522 c,7.93595834,48.3,14.334892,0.1228,0.077,5675.0,1.22,1.38,2024.0,Transit,127.28
Kepler-51 e,2.18,5.4,264.284,,0.02,5674.0,0.96,0.87,2024.0,Transit Timing Variations,783.831
BD+05 4868 A b,,6.2,1.271869,0.0208,,4596.0,0.7,0.69,2025.0,Transit,43.5687
TOI-771 c,1.5,2.87,7.61,0.046,0.065,3370.0,0.22,0.232,2025.0,Radial Velocity,25.2788
TOI-2076 e,1.301,4.7,3.0223753,0.03863,0.0,5187.0,0.849,0.758,2025.0,Transit,41.9091
L 98-59 f,1.48,2.8,23.064,0.1052,0.044,3415.0,0.2923,0.3155,2025.0,Radial Velocity,10.6194
HIP 41378 g,2.5,6.81,63.19,,0.055,6290.0,1.22,1.3,2025.0,Radial Velocity,106.289
55 Cnc B b,1.69,3.5,6.7994,0.044,0.0,3286.0,0.26,0.274,2025.0,Radial Velocity,12.4773
55 Cnc B c,2.16,5.3,33.747,0.13,0.0,3286.0,0.26,0.274,2025.0,Radial Velocity,12.4773
GJ 3090 c,3.14,10.0,15.9407,0.0997,0.0,3707.0,0.519,0.516,2026.0,Radial Velocity,22.4751
TOI-4336 A c,1.251,1.55,7.587266,0.05092,0.0,3307.0,0.306,0.326,2026.0,Transit,22.5455
TOI-260 b,1.71,4.23,13.475853,0.0943,0.0,4026.0,0.616,0.607,2024.0,Transit,20.1852
HD 278555 b,11.02963701,266.97586188,28.842438,0.1985,0.085,6047.0,1.255,1.624,2026.0,Transit,289.829
Kepler-12 b,19.660586,137.30256,4.4379629,0.0553,0.0,5947.0,1.166,1.483,2011.0,Transit,881.386
KOI-94 b,1.71,10.5,3.743208,0.05119,0.25,6182.0,1.277,1.52,2013.0,Transit,477.052
Kepler-167 d,1.238,2.06,21.80379,0.1404,0.0,4884.0,0.777,0.749,2016.0,Transit,341.908
Kepler-51 d,9.7,7.6,130.194,0.509,0.008,6018.0,1.04,0.94,2014.0,Transit,783.831
Kepler-51 c,9.0,4.0,85.312,0.384,0.014,6018.0,1.04,0.94,2012.0,Transit,783.831
Kepler-51 b,7.1,2.1,45.154,0.2514,0.04,6018.0,1.04,0.94,2012.0,Transit,783.831
Kepler-167 b,1.718,3.6,4.3931539,0.04825,0.0,4884.0,0.777,0.749,2014.0,Transit,341.908
KOI-94 c,4.32,15.6,10.423648,0.1013,0.43,6182.0,1.277,1.52,2013.0,Transit,477.052
KOI-94 e,6.56,35.0,54.32031,0.3046,0.019,6182.0,1.277,1.52,2013.0,Transit,477.052
PH2 b,9.33708092,87.08498352,282.52542,0.833,0.215,5734.0,0.966,0.949,2013.0,Transit,343.863
K2-33 b,5.04,1175.971,5.424865,0.0409,0.0,3540.0,0.56,1.05,2016.0,Transit,139.268
HAT-P-11 b,4.36,25.0,4.888,0.05258,0.251,4653.0,0.811,0.683,2010.0,Transit,37.7647
K2-136 b,1.014,4.3,7.97525,0.0707,0.14,4500.0,0.742,0.677,2017.0,Transit,59.2474
HAT-P-52 b,11.309881,259.98494,2.7535953,0.03694,0.047,5131.0,0.887,0.893,2015.0,Transit,361.155
TOI-4747 b,3.95803201,14.8,5.21924158592,,,5595.08,1.01,0.988751,2026.0,Transit,304.615
Kepler-891 b,6.41,33.6,53.44945593,0.2881,0.0,5887.0,1.06,1.07,2016.0,Transit,2340.58
Kepler-1159 b,2.37,6.21,22.70816791,0.1603,0.0,6217.0,1.19,1.28,2016.0,Transit,1213.71
HATS-18 b,14.896761,629.144485,0.83784,0.0174,0.166,5600.0,1.037,1.02,2016.0,Transit,624.368
GJ 676 A e,2.47,6.67439655,35.47358,0.181,0.152,3734.0,0.626,0.69,2012.0,Radial Velocity,16.0272
Kepler-48 c,2.71,14.61,9.67395,0.08633,0.0,5194.0,0.88,0.89,2012.0,Transit,306.738
Kepler-889 b,1.09,1.32,3.744439,0.04975,0.0,5961.0,1.14,1.25,2016.0,Transit,598.313
HR 2562 b,12.44199,6992.224954,,22.2,0.34,6597.0,1.3,1.334,2016.0,Imaging,34.0071
Kepler-1804 b,1.59615726,3.18,12.28849983,0.1017,0.0,5109.0,0.929,1.671,2021.0,Transit,434.456
Kepler-1188 b,2.08,4.98,17.1369543,0.135,0.0,5913.0,1.04,1.06,2016.0,Transit,1717.48
HD 21411 b,9.52,65.9,84.288,0.362,0.4,5605.0,0.89,0.825605,2019.0,Radial Velocity,29.1328
Kepler-1281 b,1.64,3.33,3.11602791,0.0415,0.0,5353.0,0.87,0.83,2016.0,Transit,1090.0
Kepler-128 b,1.421,3.79,15.0,0.12545,0.0,6072.0,1.184,1.659,2013.0,Transit,396.379
Kepler-1693 b,1.28938413,2.21,12.0999,0.1011,0.0,5432.34,0.95,0.878295,2020.0,Transit,760.065
Kepler-104 b,3.1,19.6,11.427548,0.094,0.0,5711.0,0.818,1.349,2014.0,Transit,400.785
Kepler-1849 b,2.38685349,6.29,57.29290009,0.2597,0.0,4806.0,0.709,0.729,2021.0,Transit,631.884
Kepler-1036 b,3.01,9.32,122.8808058,0.47726,0.0,5533.0,0.95,0.89,2016.0,Transit,489.435
Kepler-419 c,12.6,2320.1,675.47,1.68,0.184,6430.0,1.39,1.74,2014.0,Transit Timing Variations,1011.36
2MASS J22362452+4751425 b,12.3,3972.875,,230.0,,4045.0,0.6,0.641152,2016.0,Imaging,69.5737
Kepler-1191 b,1.51,2.89,5.60014851,0.0587,0.0,5308.0,0.85,0.81,2016.0,Transit,955.536
Kepler-511 c,4.20964327,16.5,26.62949944,0.17177,0.0,5866.0,0.958,1.417,2021.0,Transit,651.999
XO-5 b,12.78,378.2,4.1877558,0.0515,0.0,5430.0,1.04,1.13,2008.0,Transit,276.211
Kepler-1825 b,1.42200732,2.61,1.025869966,0.0187,0.0,5123.0,0.828,0.847,2021.0,Transit,430.254
Kepler-1074 b,1.25,2.1,5.94566534,0.0536,0.0,4002.0,0.6,0.57,2016.0,Transit,250.817
pi Men c,2.0189,3.63,6.2678399,0.06839,0.0,5998.0,1.07,1.17,2018.0,Transit,18.2702
TIC 183374187 b,14.03364384,177.98390792,5.05907,,0.506,5768.0,0.853,1.344,2026.0,Transit,1208.75
GJ 1061 d,1.16,1.67,13.066,0.054,0.04,2953.0,0.12,0.156,2020.0,Radial Velocity,3.67278
Kepler-1987 d,2.66,7.56,5.644914154,0.0571,0.0,4769.0,0.799,0.714,2023.0,Transit,595.683
Kepler-245 b,2.57,146.78,7.49019,0.071,0.0,5100.0,0.856,0.795,2014.0,Transit,861.527
Kepler-131 c,0.84,8.25,25.5169,0.17391,0.0,5685.0,1.02,1.03,2014.0,Transit,228.678
Kepler-144 c,1.35,2.39,10.104665,0.094,0.0,6075.0,1.154,1.235,2014.0,Transit,384.917
HD 93385 c,2.56,7.1,13.18,0.112,0.2,5977.0,1.04,1.18484,2021.0,Radial Velocity,43.3475
Kepler-431 c,0.668,0.229,8.703,0.0847,0.0,6004.0,1.071,1.092,2015.0,Transit,486.546
HD 106270 b,12.4,3623.2438398,1888.0,3.34,0.185,5509.0,1.39,2.66,2011.0,Radial Velocity,93.808
TOI-5720 b,1.09,4.3,1.4344555,0.018288,,3325.0,0.383,0.383,2024.0,Transit,35.8256
Kepler-203 d,1.44,33.9,11.32972,0.1,0.0,5821.0,1.06,1.114,2014.0,Transit,703.302
Kepler-230 c,2.04,4.82,91.773242,0.38,0.0,5588.0,0.784,0.817,2014.0,Transit,740.754
Kepler-1091 b,1.46,2.73,1.434741564,0.0252,0.0,5851.0,1.01,1.03,2016.0,Transit,914.299
Kepler-1129 b,2.96,9.06,24.3397804,0.16481,0.0,5831.0,1.0,1.0,2016.0,Transit,1183.88
Kepler-472 b,3.22,10.5,4.176255514,0.04823,0.0,4996.0,0.85,0.78,2016.0,Transit,306.602
Kepler-1275 b,1.48,2.79,3.65691115,0.0488,0.0,6296.0,1.23,1.36,2016.0,Transit,1153.98
Kepler-1690 b,2.81109223,8.3,234.636,0.7097,0.0,5404.0,0.94,0.862346,2020.0,Transit,703.789
HD 75898 c,12.6,2698.36317543,6717.0,7.39,0.08,6122.0,1.295,1.55,2024.0,Radial Velocity,78.0505
K2-386 b,2.32,5.99,7.473223,,,5749.0,0.911,0.97,2022.0,Transit,428.785
TOI-7510 c,10.81,131.0,22.5687423,0.1595,0.0091,5720.0,1.063,1.035,2025.0,Transit,249.006
Kepler-718 b,16.56,,2.052349905,0.0322,0.0,6191.0,1.18,1.3,2016.0,Transit,1302.33
Kepler-1342 b,1.66,3.39,2.215710358,0.0313,0.0,5527.0,0.93,0.9,2016.0,Transit,890.724
WASP-174 b,16.10730527,104.88337431,4.2337005,0.05503,0.0,6399.0,1.24,1.347,2018.0,Transit,410.149
Kepler-1713 b,1.71673535,3.59,18.01160049,0.14185,0.0,6477.0,1.3,1.459,2021.0,Transit,295.293
Kepler-1121 b,1.91,4.31,13.15141081,0.11818,0.0,6231.0,1.29,1.59,2016.0,Transit,482.047
Kepler-197 c,1.23,5.3,10.349695,0.09,0.08,6004.0,0.857,1.12,2014.0,Transit,330.575
TOI-1294 b,10.12369881,63.9,3.915292,0.051,0.0,5718.0,1.1578,1.5566,2024.0,Transit,332.648
Kepler-1195 b,2.08,4.98,8.49642241,0.0726,0.0,4965.0,0.74,0.71,2016.0,Transit,918.566
GJ 328 b,13.3,797.74930157,3771.0,4.11,0.227,3897.0,0.65,0.63,2013.0,Radial Velocity,20.5266
EPIC 212737443 c,2.69,7.7,65.55,0.28,0.2,4684.0,0.69,0.673,2019.0,Transit,336.25
Kepler-1783 b,1.31946731,2.3,8.277440071,0.07595,0.0,5129.0,0.887,1.781,2021.0,Transit,264.078
HD 50499 c,13.2,931.2419,8619.9,9.02,0.0,6099.0,1.31,1.42,2019.0,Radial Velocity,46.2845
Kepler-874 b,3.94,14.7,40.0686727,0.2234,0.0,6020.0,1.09,1.13,2016.0,Transit,1082.16
Kepler-235 b,2.23,5.6,3.340222,0.037,0.0,4255.0,0.581,0.554,2014.0,Transit,428.018
HD 98219 b,13.4,624.21812,433.8,1.26,0.079,4925.0,1.41,4.6,2011.0,Radial Velocity,113.704
Kepler-625 b,1.99,4.62,7.75192492,0.08137,0.0,5789.0,1.04,0.96,2016.0,Transit,760.708
Kepler-1178 b,1.07,1.24,31.80634,0.1596,0.0,4990.0,0.8,0.75,2016.0,Transit,482.287
K2-407 b,1.283,2.19,4.941907,,,5563.0,0.881,0.927,2022.0,Transit,218.376
KOI-351 b,1.31,2.27,7.008151,0.074,0.0,6080.0,1.2,1.2,2013.0,Transit,848.254
WASP-151 b,13.30506009,100.43377661,4.5334775,0.055,0.0,5871.0,1.081,1.181,2017.0,Transit,453.099
K2-289 b,9.1,61.0,13.156969,0.107,,5529.0,0.953,1.025,2019.0,Transit,274.3
GJ 1002 b,1.03,1.08,10.3465,0.0457,,3024.0,0.12,0.137,2022.0,Radial Velocity,4.84867
Kepler-1143 c,3.6,12.6,210.630591,0.6477,0.0,5053.0,0.81,0.77,2016.0,Transit,555.189
TOI-2587 A b,12.07207221,69.28659273,5.45664,0.0635,0.0,5760.0,1.15,1.726,2023.0,Transit,373.675
Kepler-1154 b,2.34,6.08,5.1856142,0.0631,0.0,6327.0,1.26,1.43,2016.0,Transit,1460.1
Kepler-60 b,1.71,4.19,7.1334,0.07255,0.0,5905.0,1.041,1.257,2012.0,Transit,1025.1
Kepler-85 c,1.978,2.15,12.51,0.10363,0.027,5505.2,0.928,0.875,2012.0,Transit,765.025
TOI-2081 b,2.04,4.82,10.50534,0.0752,,3800.0,0.54,0.534,2022.0,Transit,62.3446
Kepler-1780 b,3.60600667,12.7,109.4449997,0.4276,0.0,5403.0,0.868,0.868,2021.0,Transit,790.516
Kepler-1818 b,1.71360684,3.58,4.644909859,0.055,0.0,6047.0,1.021,1.129,2021.0,Transit,1034.59
TOI-871 b,1.664,3.41,14.362565,0.1054,,4929.0,0.758,0.719,2024.0,Transit,68.0473
GJ 251 c,1.8,3.88,53.647,0.196,0.0,3342.0,0.35,0.36,2025.0,Radial Velocity,5.58057
Kepler-1518 c,2.9,8.75,9.6310258,0.0905,0.0,6432.0,1.06,1.345,2023.0,Transit,903.51
Kepler-1718 b,2.5685207,7.12,135.1880035,0.48418,0.0,5731.0,0.846,0.906,2021.0,Transit,375.522
TOI-4914 b,12.87,227.0,10.60057,0.098,0.408,5805.0,1.03,1.0,2024.0,Transit,299.89
USco1556 b,12.3,4767.45,,3500.0,,3410.0,0.33,0.668108,2019.0,Imaging,140.635
Kepler-109 c,2.65,8.2,21.22265,0.1546,0.098,5950.0,1.094,1.387,2014.0,Transit,474.861
Kepler-101 c,1.25,3.78,6.02976,0.0684,0.0,5667.0,1.17,1.56,2014.0,Transit,927.981
Kepler-1200 b,1.06,1.2,1.118549717,0.0188,0.0,4612.0,0.74,0.7,2016.0,Transit,588.715
NY Vir b,13.3,730.978,3160.0,3.3,0.15,32780.0,0.459,0.151,2011.0,Eclipse Timing Variations,544.024
TOI-4137 b,13.57407563,457.67290608,3.8016122,0.05222,0.0,6202.0,1.313,1.438,2022.0,Transit,334.993
Kepler-1630 b,2.19,5.43,509.997402,1.1218,0.0,4736.0,0.66,0.63,2016.0,Transit,331.213
Kepler-475 b,2.49,6.76,3.105508189,0.03989,0.0,5009.0,0.86,0.79,2016.0,Transit,280.069
Kepler-1978 b,2.67,7.61,10.84969477,0.0914,0.0,5251.0,0.869,0.778,2023.0,Transit,865.512
Kepler-1836 b,2.55303229,7.05,5.254169941,0.0602,0.0,6123.0,1.053,0.987,2021.0,Transit,1472.62
Kepler-887 c,1.13,1.51,7.63846023,0.0801,0.0,6194.0,1.19,1.29,2016.0,Transit,886.588
Kepler-350 c,3.1,6.1,17.849,0.1385,0.0,6492.3,1.0,1.25,2013.0,Transit,956.859
Kepler-816 b,10.24,74.5,10.506825646,0.0895,0.0,5286.0,0.9,0.85,2016.0,Transit,983.697
HD 51608 b,3.62,12.77,14.0726,0.1059,0.09,5358.0,0.8,0.916136,2019.0,Radial Velocity,35.0553
HD 125390 b,11.9,8646.20398403,1757.39151,3.496,0.597,4882.0,1.82,6.47,2019.0,Radial Velocity,153.647
Kepler-1947 b,1.0101666,1.01,6.963630199,0.07375,0.0,6040.0,0.984,1.686,2021.0,Transit,468.771
Kepler-81 d,1.21,1.92,20.837846,0.128,0.0,4500.0,0.648,0.595,2014.0,Transit,348.291
Kepler-1827 b,1.85644292,4.1,3.700619936,0.04647,0.0,5423.0,0.915,1.404,2021.0,Transit,686.461
TOI-1768.01,3.453,11.8,7.337703649,0.076381,,5994.0,1.1,1.1,2024.0,Transit,157.597
HIP 10090 c,13.9,270.15414595,321.82,0.9,0.188,5661.0,0.94,1.38268,2026.0,Radial Velocity,82.3937
Kepler-855 b,8.35,52.7,7.886631104,0.0762,0.0,5835.0,1.03,1.03,2016.0,Transit,1506.58
TOI-205 b,2.50121142,6.81,4.25300773815,,,6302.74,1.2,1.45382,2026.0,Transit,177.759
Kepler-1886 b,2.58158428,7.18,24.2758007,0.16,0.0,5745.0,0.928,0.837,2021.0,Transit,1059.51
Kepler-279 c,4.3,49.4,35.736,0.2236,0.0,6689.45,1.1,1.07,2013.0,Transit,1037.4
K2-401 b,2.262,5.74,6.293099,,,4213.0,0.87,0.675,2022.0,Transit,200.727
TOI-3807 b,18.49481816,330.54154328,2.8989727,0.0421,0.0,5772.0,1.181,1.468,2023.0,Transit,421.745
Kepler-931 b,1.33,2.33,8.03755877,0.0719,0.0,5241.0,0.86,0.81,2016.0,Transit,490.0
TOI-286 b,1.42,4.53,4.5117244,0.0503,0.0,5152.0,0.832,0.78,2024.0,Transit,59.2293
Kepler-106 e,2.56,11.17,43.8445,0.24006,0.0,5858.0,1.0,1.04,2014.0,Transit,444.322
GSC 06214-00210 b,20.1762,5000.0,,320.0,,4200.0,0.9,0.90484,2010.0,Imaging,108.5
HD 89839 b,12.8,1748.0562385,3391.2,4.713,0.185,6314.0,1.21,1.28588,2023.0,Radial Velocity,57.3063
Kepler-520 b,1.66,3.39,19.67416124,0.14628,0.0,6112.0,1.1,1.09,2016.0,Transit,623.901
Kepler-19 b,2.209,6.1,9.28699,0.0846,0.41,5541.0,0.936,0.859,2011.0,Transit,218.562
Kepler-1102 b,2.66,7.56,51.3285623,0.2731,0.0,5724.0,0.96,0.94,2016.0,Transit,1246.05
Kepler-371 c,1.78,3.82,67.968015,0.313,0.0,5666.0,0.876,0.992,2014.0,Transit,813.192
K2-338 b,1.03,1.08,3.850614,,,4558.0,0.66,0.63,2021.0,Transit,156.951
KELT-16 b,15.860735,874.0325,0.9689951,0.02044,0.0,6236.0,1.211,1.36,2017.0,Transit,444.586
Kepler-1681 b,2.55321772,7.05,69.8956,0.32,0.0,5756.4,0.893,0.759,2020.0,Transit,758.3
TOI-544 c,4.92,21.5,50.089,,0.32,4169.0,0.631,0.623,2023.0,Radial Velocity,41.1166
Kepler-251 d,2.77,8.1,30.133001,0.182,0.0,5526.0,0.891,0.89,2014.0,Transit,924.625
HD 180902 b,13.5,535.54355,510.9,1.4,0.107,4961.0,1.41,4.16,2009.0,Radial Velocity,104.577
TOI-5624 e,3.247,8.9,21.489936,0.1439,0.0,5327.0,0.858,0.82,2026.0,Transit,101.913
KOINTREAU-1 b,12.4,3368.9811142,,690.0,,3551.0,0.26,,2026.0,Imaging,158.618
K2-414 c,1.9287,4.38,6.669,0.0552,,4343.0,0.814,0.732,2022.0,Transit,260.036
Kepler-1154 c,2.36,6.17,8.45808312,0.0875,0.0,6327.0,1.26,1.43,2016.0,Transit,1460.1
Kepler-863 b,2.9,8.75,15.59461874,0.122,0.0,5678.0,0.96,0.95,2016.0,Transit,1499.66
Kepler-278 c,3.268,34.9,51.111,0.287,0.616,4965.0,1.227,2.861,2014.0,Transit,443.03
GJ 180 d,2.66,7.56,106.3,0.309,0.14,3371.0,0.43,0.413049,2020.0,Radial Velocity,11.9407
K2-86 b,1.96,4.5,8.77683,0.077,,5482.0,0.79,0.76,2016.0,Transit,258.699
HD 196050 b,12.9,1493.7935129,1392.0,2.65,0.2,5879.0,1.27,1.42,2002.0,Radial Velocity,50.6742
Kepler-564 b,4.63,19.4,3.750832285,0.0484,0.0,5626.0,0.95,0.92,2016.0,Transit,863.037
Kepler-878 b,1.93,4.38,25.9422033,0.165,0.0,5044.0,0.81,0.77,2016.0,Transit,791.625
HD 120084 b,12.7,2034.1018048,2142.0,4.21,0.483,4879.0,2.16,10.37,2013.0,Radial Velocity,103.044
TOI-2384 b,11.48920522,624.85064816,2.13570304,0.02793,0.0,3943.0,0.635,0.6113,2024.0,Transit,191.51
Kepler-82 d,1.77,885.098,2.382961,0.034,0.0,5428.0,0.946,0.945,2014.0,Transit,904.326
Kepler-338 b,2.44,30.6,13.726976,0.117,0.04,5923.0,1.105,1.735,2014.0,Transit,552.798
KOI-884 e,9.54,66.05405,31.101659,,0.0415,5060.0,0.887,0.788,2014.0,Transit Timing Variations,663.711
K2-87 b,7.6,44.9,9.726618,0.094,,5747.0,1.164,1.401,2016.0,Transit,491.242
Kepler-983 b,2.36,6.17,60.0855082,0.3148,0.0,6052.0,1.13,1.08,2016.0,Transit,714.437
Kepler-1948 b,1.03283226,1.09,15.57129955,0.1022,0.0,3872.0,0.585,0.557,2021.0,Transit,193.903
Kepler-444 c,0.497,0.0793,4.5458841,0.04881,0.31,5046.0,0.758,0.752,2015.0,Transit,36.4396
Kepler-1173 b,0.89,0.64,0.7698536,0.0156,0.0,5252.0,0.86,0.82,2016.0,Transit,377.06
HD 219077 b,12.5,3057.50927534,5478.68861,5.935,0.768,5362.0,0.92,1.91,2012.0,Radial Velocity,29.1864
Kepler-458 c,4.2,16.4,20.74028413,0.17012,0.0,6117.21,1.15,2.21562,2016.0,Transit,1594.74
Kepler-1608 b,1.73,3.64,16.4735686,0.1126,0.0,4992.0,0.75,0.72,2016.0,Transit,832.0
TOI-2093 b,3.25,10.6,12.836,0.097,0.0,4426.0,0.745,0.729,2025.0,Radial Velocity,82.7982
EPIC 212499991 b,1.6,3.19,34.885,,,4982.79,0.912,0.757541,2019.0,Transit,283.29
Kepler-759 b,2.27,5.77,41.805985,0.2329,0.0,5860.0,1.04,1.04,2016.0,Transit,1073.48
Kepler-563 b,3.09,9.75,22.18432708,0.1418,0.0,5066.0,0.8,0.77,2016.0,Transit,565.207
Kepler-296 f,1.8,3.89,63.33627,0.255,0.33,3740.0,0.498,0.48,2014.0,Transit,167.0
Kepler-534 b,2.24,5.65,15.95994513,0.1272,0.0,5884.0,1.05,0.98,2016.0,Transit,570.659
TOI-512 b,1.54,3.57,7.18886,,0.02,5277.0,0.74,0.89,2025.0,Transit,67.3975
HD 75784 b,13.8,317.83,341.2,1.032,0.097,4867.0,1.26,3.4,2014.0,Radial Velocity,85.4321
Kepler-172 c,2.86,8.55,6.388996,0.068,0.0,5526.0,1.081,1.085,2014.0,Transit,828.592
Kepler-1340 b,1.55,3.02,0.665026916,0.01523,0.0,6331.0,1.27,1.42,2016.0,Transit,981.779
Kepler-1115 b,1.7,3.53,23.5540725,0.2134,0.0,8480.0,1.6,1.73,2016.0,Transit,983.245
KIC 5437945 b,6.4,33.6,440.7813,1.19671,0.0,6340.0,1.07,1.24,2015.0,Transit,1274.01
Kepler-1859 c,1.66,3.39,3.59645081,0.0473,0.0,5887.0,1.09,1.235,2023.0,Transit,1331.25
Kepler-1201 b,2.29,5.86,15.18725932,0.1183,0.0,6177.0,1.15,1.24,2016.0,Transit,944.241
Kepler-232 c,3.83,14.0,11.379349,0.101,0.0,5847.0,0.97,0.968,2014.0,Transit,1349.13
tau Cet g,1.18,1.75,20.0,0.133,0.06,5310.0,0.783,0.83,2017.0,Radial Velocity,3.60304
Kepler-151 b,3.06,9.59,15.228958,0.116,0.0,5460.0,0.87,0.83,2014.0,Transit,649.919
TOI-201 b,11.4,164.0,52.9786,0.303,0.275,6423.0,1.32,1.31,2021.0,Transit,113.825
Kepler-207 d,3.31,11.0,5.868075,0.068,0.0,5920.0,1.313,1.588,2014.0,Transit,875.519
GJ 887 e,1.12,1.46,4.4249,0.0417,,3688.0,0.495,0.468,2026.0,Radial Velocity,3.28679
WASP-108 b,15.13212395,283.50293904,2.67555212374,,0.0,6783.0,1.167,1.34415,2020.0,Transit,258.777
Kepler-1521 b,2.5,6.8,47.14840805,0.23476,0.0,5042.0,0.81,0.76,2016.0,Transit,206.983
Kepler-238 c,2.39,152.522,6.155557,0.069,0.0,5751.0,1.229,1.43,2014.0,Transit,1798.75
GJ 676 A d,1.78,3.81394088,3.60076,0.039,0.192,3734.0,0.626,0.69,2012.0,Radial Velocity,16.0272
Kepler-620 b,3.32,11.0,12.91375431,0.1053,0.0,6155.0,1.15,1.22,2016.0,Transit,1355.28
TOI-2989 b,12.55405838,953.485221,3.122832,0.0384,0.0,4672.0,0.77,0.76,2025.0,Transit,195.795
Kepler-349 c,1.96,4.5,12.247629,0.105,0.0,5956.0,1.083,0.927,2014.0,Transit,940.724
Kepler-1231 b,1.42,2.6,10.41725184,0.0914,0.0,5778.0,1.01,1.0,2016.0,Transit,987.237
Kepler-274 b,1.54,2.99,11.634788,0.101,0.0,6023.0,0.883,1.007,2014.0,Transit,1333.62
Kepler-832 b,2.06,4.9,7.1396941,0.075,0.0,5596.0,0.92,0.9,2016.0,Transit,1688.12
Kepler-1889 b,2.94360686,8.98,37.30369949,0.2082,0.0,5646.0,0.864,0.817,2021.0,Transit,1395.13
Kepler-988 b,2.07,4.94,17.76080053,0.1085,0.0,4005.0,0.55,0.53,2016.0,Transit,304.889
TOI-880 c,4.95,21.7,6.3872703,0.0635,,5050.0,0.87,0.83,2025.0,Transit,60.6679
HD 12235 b,3.23,10.48833743,4.36305,0.054,0.376,5986.0,1.1,1.80185,2022.0,Radial Velocity,31.7627
Kepler-444 f,0.741,0.332,9.740486,0.0811,0.29,5046.0,0.758,0.752,2015.0,Transit,36.4396
GJ 887 c,2.43,6.5,21.784,0.121,0.17,3688.0,0.495,0.468,2020.0,Radial Velocity,3.28679
Kepler-524 b,1.91,4.31,7.97419807,0.07955,0.0,6014.0,1.09,1.1,2016.0,Transit,1058.24
Kepler-1075 b,1.42,2.6,1.52372816,0.0208,0.0,3959.0,0.56,0.54,2016.0,Transit,291.275
Kepler-368 b,3.26,10.7,26.84768,0.186,0.0,5502.0,1.165,2.019,2014.0,Transit,770.978
Kepler-115 b,1.09,1.32,2.403679,0.036,0.0,5979.0,1.042,1.205,2014.0,Transit,623.609
Kepler-1735 b,1.19429134,1.84,7.71792984,0.0621,0.0,3975.0,0.535,0.509,2021.0,Transit,245.303
TOI-1898 b,9.39553231,129.0,45.52234,0.269,0.485,6241.0,1.2484,1.6131,2024.0,Transit,79.6682
Kepler-1130 c,0.79239584,0.422,3.266639948,0.04238,0.0,5450.0,0.944,0.842,2021.0,Transit,249.343
HD 20782 b,13.6,472.83,597.0643,1.3649,0.95,5782.13,1.04,1.12681,2006.0,Radial Velocity,35.9864
Kepler-1376 b,1.05,1.16,5.30880656,0.0598,0.0,5659.0,0.98,0.97,2016.0,Transit,868.056
Kepler-1190 b,1.33,2.33,10.45843441,0.0845,0.0,4730.0,0.76,0.72,2016.0,Transit,342.509
Kepler-450 b,6.14,19.4,28.454851,0.20092,0.02,6197.21,1.19,1.64162,2015.0,Transit,455.982
Kepler-758 d,2.12,5.14,20.4966197,0.1527,0.0,6228.0,1.16,1.42,2016.0,Transit,1502.32
HAT-P-47 b,14.71739166,65.47265184,4.73217441,,,6703.0,1.387,1.515,2026.0,Transit,282.096
HD 135625 b,13.3,731.0053361,4055.0,5.4,0.16,6040.64,1.28,1.35743,2023.0,Radial Velocity,56.518
TOI-2211.01,1.561,3.06,3.092686757,0.04011,,5253.0,0.9,0.834,2024.0,Transit,70.2932
Kepler-124 b,0.73,0.315,3.410493,0.039,0.0,4984.0,0.706,0.636,2014.0,Transit,420.046
Kepler-1259 b,1.43,2.63,0.663085258,0.0141,0.0,5053.0,0.8,0.77,2016.0,Transit,805.562
TOI-1859 b,9.75181321,68.6,63.48347,0.337,0.57,6341.0,1.287,1.36,2023.0,Transit,224.385
TOI-1836 b,8.00321222,38.45723725,20.380799,0.1597,0.0,6380.0,1.307,1.577,2024.0,Transit,191.649
Kepler-616 b,2.43,6.48,9.99761851,0.0927,0.0,5753.0,0.98,0.97,2016.0,Transit,945.775
HD 141399 e,14.1,209.7678,5000.0,5.0,0.26,5600.0,1.07,1.387236,2014.0,Radial Velocity,37.0169
Kepler-1008 b,1.28,2.18,12.43931193,0.09755,0.0,5066.0,0.81,0.78,2016.0,Transit,282.565
TOI-2133 b,2.37,6.21,3.8266472,0.041,,4250.0,0.644,0.62,2026.0,Transit,75.1973
Kepler-1979 b,29.33,,18.5084526,0.1383,0.0,5942.0,1.028,0.938,2023.0,Transit,1076.27
TOI-2406 b,2.86,15.6,3.0766891,0.02267,0.17,3100.0,0.166,0.204,2021.0,Transit,55.419
WASP-157 b,11.19,182.43442,3.951623,0.0499,0.0,5772.0,1.06,1.1,2016.0,Transit,334.037
Kepler-1183 b,2.82,8.35,28.5057189,0.1793,0.0,5765.0,1.0,0.99,2016.0,Transit,1919.19
Kepler-331 d,1.64,3.33,32.134328,0.159,0.0,4347.0,0.653,0.492,2014.0,Transit,580.119
TOI-5322 b,16.6117094,184.02264765,5.4233207,0.0604,0.055,5692.0,0.998,1.462,2025.0,Transit,476.899
HD 457 b,11.9,8445.3364308,20324.58153,15.369,0.565,6114.04,1.15,1.28194,2022.0,Radial Velocity,55.0375
HD 112640 b,12.9,1589.15,613.2,1.7,0.24,4155.0,1.8,39.0,2020.0,Radial Velocity,323.335
Kepler-1647 b,11.8739,483.0,1107.5923,2.7205,0.0581,6210.0,1.2207,1.7903,2016.0,Transit,1212.45
Kepler-1197 b,1.25,2.1,2.03231845,0.02869,0.0,4708.0,0.78,0.72,2016.0,Transit,486.94
HD 153557 b,4.77,20.34101805,7.29903,0.068,0.065,4837.0,0.79,0.745171,2022.0,Radial Velocity,17.9412
Kepler-1939 b,1.16480773,1.68,2.790659904,0.0334,0.0,4353.0,0.648,0.603,2021.0,Transit,189.833
TIC 117642575 b,2.82716337,8.38,4.94459060181,,,5719.98,1.06,1.08102,2026.0,Transit,188.758
Kepler-621 b,2.3,5.9,2.628113746,0.031,0.0,4521.0,0.72,0.68,2016.0,Transit,389.0
Kepler-1113 b,2.81,8.3,42.3004954,0.2415,0.0,5931.0,1.12,1.17,2016.0,Transit,1073.88
Kepler-142 b,1.99,4.62,2.024152,0.032,0.0,5790.0,0.978,1.269,2014.0,Transit,548.686
Kepler-662 b,2.18,5.39,21.67697486,0.1408,0.0,4897.0,0.79,0.74,2016.0,Transit,815.637
Kepler-1336 c,1.71,3.57,5.77721211,0.06272,0.0,5512.0,0.94,1.3,2016.0,Transit,1126.64
TOI-216.02,8.0,18.75187601,17.16073,0.1293,0.16,5026.0,0.77,0.748,2019.0,Transit,177.945
Kepler-236 c,2.0,4.66,23.968127,0.132,0.0,3750.0,0.596005,0.51,2014.0,Transit,288.763
HD 196067 b,12.4,3623.2438398,3413.7,4.71,0.56292,6072.0,1.16,1.71,2012.0,Radial Velocity,39.9346
Kepler-1210 b,1.7,3.53,8.07124073,0.0753,0.0,5568.0,0.94,0.92,2016.0,Transit,1176.53
Kepler-91 b,15.322703,257.4423,6.24658,0.0731,0.0519,4550.0,1.31,6.3,2013.0,Transit,1294.69
K2-290 b,3.06,10.9,9.21165,0.0923,0.0,6302.0,1.194,1.511,2019.0,Transit,272.909
Kepler-1766 b,2.27904508,5.81,105.0149994,0.4161,0.0,5868.0,0.915,1.042,2021.0,Transit,501.229
HD 176986 c,,2097.98531461,16.8124,0.11873,0.111,4931.0,0.789,0.782,2017.0,Radial Velocity,27.7843
K2-170 c,1.8017647,3.9,12.400047,,,5748.0,0.963657,0.981614,2018.0,Transit,392.872
HD 72490 b,13.5,561.92344,858.0,1.88,0.124,4934.0,1.21,4.96,2018.0,Radial Velocity,126.339
HD 12661 c,13.2,899.45439181,1708.0,2.8145,0.031,5748.0,1.02,1.11,2002.0,Radial Velocity,37.8478
Kepler-1061 b,1.98,4.58,2.757982666,0.0388,0.0,6067.0,1.09,1.07,2016.0,Transit,543.375
Kepler-1904 b,1.3904994,2.51,4.577020168,0.0436,0.0,3805.0,0.526,0.497,2021.0,Transit,270.854
Kepler-473 b,4.08,15.6,14.55731705,0.12048,0.0,5816.0,1.06,1.34,2016.0,Transit,905.937
HD 14787 b,13.7,356.28743,676.6,1.7,0.155,4946.0,1.43,5.01,2018.0,Radial Velocity,119.137
WASP-106 b,12.10569916,613.40882551,9.28969,0.0901,0.023,6002.0,1.175,1.47,2014.0,Transit,352.181
TOI-6158 b,10.4,135.0,3.0446899,0.03275,0.059,3467.0,0.503,0.476,2026.0,Transit,180.96
Kepler-1840 b,2.77771129,8.13,131.1900024,0.46206,0.0,4898.0,0.774,0.803,2021.0,Transit,513.107
kap And b,15.91675259,5498.4314411,,55.0,,11327.0,2.768,2.109,2012.0,Imaging,50.0177
Kepler-1751 b,1.82417378,3.98,7.017310143,0.0712,0.0,6052.0,0.974,0.967,2021.0,Transit,1291.47
Kepler-1067 b,0.8,0.437,0.762129261,0.0164,0.0,5592.0,0.95,0.93,2016.0,Transit,667.693
TOI-2578 b,19.66055215,167.17774208,3.4579667,0.0495,0.098,6333.0,1.27,1.64,2026.0,Transit,285.53
Kepler-624 b,2.31,5.95,14.58649607,0.11638,0.0,6117.0,1.1,1.18,2016.0,Transit,748.188
TOI-5349 b,10.2,127.4,3.317921,0.0369,0.03,3751.0,0.61,0.58,2026.0,Transit,188.336
TOI-1294 c,14.3,147.0,159.9,0.61,0.0,5718.0,1.1578,1.5566,2024.0,Radial Velocity,332.648
Kepler-1039 b,1.46,2.73,0.934884242,0.01714,0.0,4870.0,0.79,0.74,2016.0,Transit,306.91
HAT-P-60 b,18.28184752,182.43350562,4.7947813,0.06277,0.25,6212.0,1.435,2.197,2021.0,Transit,233.22
HD 88986 b,2.49,17.2,146.05,0.58,0.24,5861.0,1.25,1.543,2023.0,Radial Velocity,33.2673
HD 215152 e,,975.41538108,25.1967,0.15417,0.0,4935.0,0.77,0.73,2018.0,Radial Velocity,21.5974
Kepler-704 b,2.61,7.32,3.76182115,0.047,0.0,5616.0,0.97,0.96,2016.0,Transit,1228.83
K2-385 b,1.539,2.98,2.380867,,,4844.0,0.927,0.761,2022.0,Transit,420.819
Kepler-1432 b,2.22,5.56,23.9109011,0.1696,0.0,6031.0,1.09,1.13,2016.0,Transit,2171.87
Kepler-135 c,1.16,1.65,11.448708,0.103,0.0,6090.0,1.047,1.275,2014.0,Transit,621.855
Kepler-950 b,8.98,59.6,98.7180406,0.3982,0.0,5857.0,1.02,1.02,2016.0,Transit,2161.6
HD 73526 b,13.1,978.9164,188.3,0.65,0.19,5601.0,1.14,1.53,2002.0,Radial Velocity,97.2396
HD 207897 b,2.34302132,14.8,16.20166,0.117,0.0,5106.0,0.8208,0.7827,2021.0,Transit,28.2938
Kepler-1459 b,1.36,2.42,62.8691611,0.2829,0.0,4828.0,0.78,0.74,2016.0,Transit,455.479
Kepler-1358 b,1.12,1.46,7.06317341,0.0656,0.0,5181.0,0.82,0.79,2016.0,Transit,546.998
HD 360 b,14.0,238.37130525,273.1,0.98,0.139,4770.0,1.69,10.86,2021.0,Radial Velocity,111.542
TOI-4030 b,5.8462559,28.8,2.50900199461,,,5640.37,0.98,0.991737,2026.0,Transit,571.615
Kepler-741 b,2.97,9.11,7.03902374,0.0744,0.0,6129.0,1.16,1.24,2016.0,Transit,1661.87
Kepler-1299 b,2.98,9.17,19.9400874,0.1357,0.0,5609.0,0.94,0.91,2016.0,Transit,1404.94
Kepler-1806 b,2.35560189,6.15,9.033320427,0.0813,0.0,5311.0,0.884,0.788,2021.0,Transit,978.066
TOI-375 c,13.4,669.34662514,115.5,0.524,,5259.9,1.441,2.9,2026.0,Radial Velocity,396.213
Kepler-1048 b,1.61,3.22,6.92101021,0.059,0.0,4651.0,0.75,0.7,2016.0,Transit,556.006
Kepler-749 b,3.1,9.8,17.31716585,0.1054,0.0,5009.0,0.79,0.75,2016.0,Transit,721.027
HD 102329 b,12.6,2593.4928,778.09998,1.81,0.21,4745.0,3.21,9.82,2011.0,Radial Velocity,217.107
TOI-1194 b,8.71664516,120.0,2.3106446,0.034,0.0,5394.0,0.9835,0.9608,2023.0,Transit,149.667
Barnard d,0.694,0.263,2.3402,0.0188,0.04,3195.0,0.162,0.185,2025.0,Radial Velocity,1.82655
Kepler-1951 b,2.32107188,6.0,20.65780067,0.1435,0.0,5468.0,0.923,1.306,2021.0,Transit,1277.32
HIP 114933 b,13.4,616.58710958,1481.6,2.84,0.21,4823.0,1.39,5.27,2021.0,Radial Velocity,101.766
Kepler-1305 b,1.88,4.19,13.5630972,0.1109,0.0,5701.0,0.97,0.96,2016.0,Transit,1575.23
Kepler-598 b,1.5,2.86,3.70175428,0.04487,0.0,5307.0,0.87,0.86,2016.0,Transit,681.086
HD 185283 b,13.6,413.1769291,4060.0,4.6,0.07,4848.0,0.8,0.743303,2023.0,Radial Velocity,31.395
Kepler-1920 b,2.95415848,9.03,30.2541008,0.2043,0.0,6277.0,1.239,1.161,2021.0,Transit,885.913
HD 65216 b,13.6,411.58985,577.6,1.301,0.27,5612.0,0.874,0.88,2003.0,Radial Velocity,35.1205
Kepler-954 b,2.32,5.99,16.78176602,0.1202,0.0,4990.0,0.82,0.76,2016.0,Transit,215.814
EPIC 206042996 c,1.2,1.87,0.354884,,,4114.0,0.565,0.5,2021.0,Transit,451.769
HATS-38 b,6.882326,23.51942,4.375021,0.05036,0.0,5732.0,0.89,1.105,2020.0,Transit,343.525
Kepler-1388 c,2.26,5.73,5.53608151,0.0519,0.0,4098.0,0.63,0.61,2016.0,Transit,453.795
TIC 178172313 b,2.80405322,8.27,4.3731816136,,,5405.59,0.91,0.84345,2026.0,Transit,178.137
Gliese 12 b,0.93,0.95,12.761418,0.067,0.24,3328.0,0.255,0.265,2024.0,Transit,12.21
Kepler-266 c,3.89,14.4,107.723601,0.457,0.0,5885.0,0.947,1.028,2014.0,Transit,1370.79
NGTS-30 b,10.40193409,305.11527072,98.29838,0.408,0.294,5455.0,0.94,0.913,2024.0,Transit,238.377
Kepler-1388 e,2.46,6.62,37.6327084,0.1861,0.0,4098.0,0.63,0.61,2016.0,Transit,453.795
Kepler-1311 b,1.24,2.07,11.1726994,0.10082,0.0,5748.0,1.05,1.4,2016.0,Transit,866.331
Kepler-1991 c,2.57,7.13,22.79020351,0.1528,0.0,5478.0,0.914,1.053,2023.0,Transit,855.82
Kepler-126 d,2.5,54.59018723,100.283134,0.448,0.02,6239.0,1.108,1.358,2014.0,Transit,237.401
TOI-4029 b,6.73756618,36.6,5.88498234631,,,5662.53,1.018,1.17834,2026.0,Transit,274.436
Kepler-2001 b,1.04,1.12,1.090011003,0.0197,0.0,5081.0,0.864,0.77,2023.0,Transit,776.55
Kepler-1247 b,2.33,6.04,13.71220213,0.1091,0.0,5303.0,0.86,0.82,2016.0,Transit,1045.92
Kepler-68 e,11.2,86.4493267,3455.0,4.6,0.33,5847.0,1.057,1.2564,2023.0,Radial Velocity,144.166
Kepler-1406 b,1.1,1.37,11.62905828,0.0987,0.0,5892.0,1.05,1.12,2016.0,Transit,572.403
Kepler-1682 b,2.88940836,8.7,14.8334,0.1134,0.0,5619.12,0.99,0.842301,2020.0,Transit,1159.85
Kepler-174 d,2.19,5.43,247.35373,0.677,0.0,4880.0,0.602,0.622,2014.0,Transit,384.757
Kepler-326 b,1.52,44.6,2.248329,0.032,0.0,5105.0,0.91,0.801,2014.0,Transit,487.675
GJ 3998 d,2.34,6.07,41.78,0.189,0.0,3726.0,0.52,0.5,2025.0,Radial Velocity,18.1459
HD 205158 b,13.9,124.58873554,25.33798,0.177,0.145,6133.55,1.16,1.87741,2022.0,Radial Velocity,86.6159
HD 219134 h,12.7,108.0622,2247.0,3.11,0.06,4913.0,0.794,0.77,2015.0,Radial Velocity,6.53127
K2-183 c,2.3,5.9,10.787992,0.0932,,5482.0,0.942219,0.87,2018.0,Transit,329.041
NGTS-21 b,14.90794433,750.07504052,1.5433897,0.0236,0.0,4660.0,0.72,0.86,2022.0,Transit,592.891
Kepler-1519 b,7.06,39.6,240.7989397,0.7655,0.0,5644.0,0.94,0.91,2016.0,Transit,1441.63
TCP J05074264+2447555 b,4.72,20.0,,0.94,,5805.0,0.586,1.42487,2018.0,Microlensing,505.0
TOI-2459 b,2.9531,9.03,19.104718,,,4195.0,0.66,0.6751,2023.0,Transit,36.6113
Kepler-784 b,1.58,3.12,31.5922646,0.22111,0.0,5674.0,1.0,1.32,2016.0,Transit,1303.72
TOI-2641 b,18.10250383,122.6817651,4.880974,0.0607,0.18,6100.0,1.16,1.336,2023.0,Transit,344.045
Kepler-255 c,2.99,9.22,9.946047,0.092,0.0,5573.0,0.867,0.933,2014.0,Transit,1052.53
HD 51608 c,3.87,14.31,95.9446,0.3809,0.14,5358.0,0.8,0.916136,2019.0,Radial Velocity,35.0553
TIC 434398831 c,5.63,27.0,6.210291,0.06572,0.013,5638.0,0.992,0.909,2025.0,Transit,217.011
TOI-3082 b,3.6621,13.0,1.926907,,,4263.0,0.664,0.6847,2023.0,Transit,113.048
Kepler-1037 b,1.28,2.18,1.063788673,0.0198,0.0,5105.0,0.82,0.78,2016.0,Transit,446.914
TOI-2141 d,3.97,14.9,60.45,0.2906,,5635.0,0.896,0.95,2025.0,Radial Velocity,77.682
HD 88133 b,13.8,324.1866,3.414884,0.0479,0.031,5392.0,1.26,2.2,2004.0,Radial Velocity,73.6123
TOI-1448 b,2.749,19.5,8.112245,0.0567,0.36,3412.0,0.372,0.38,2024.0,Transit,73.3345
TIC 294329732 b,2.07692266,4.97,9.7565876181,,,5201.93,0.89,0.920172,2026.0,Transit,189.333
WISPIT 2 c,17.93436912,3178.28407,,14.0,,4530.0,1.08,1.3,2026.0,Imaging,134.907
K2-272 b,3.13,9.96,14.4536756,0.1007,,5397.0,0.86,0.83,2018.0,Transit,423.065
TOI-3474 b,14.67255574,193.87532827,3.8795105,0.0502,0.13,6020.0,1.121,1.256,2025.0,Transit,420.123
Kepler-825 c,1.84,4.04,8.1818246,0.0759,0.0,5976.0,1.03,1.08,2016.0,Transit,807.85
Kepler-382 b,1.32,2.3,5.262155,0.055,0.0,5600.0,1.002,0.945,2014.0,Transit,935.446
Kepler-266 b,2.48,6.71,6.61833,0.071,0.0,5885.0,0.947,1.028,2014.0,Transit,1370.79
Kepler-1962 b,1.21463929,1.95,7.991459846,0.0783,0.0,5700.0,1.003,1.006,2021.0,Transit,866.826
TOI-1266 d,1.74,3.68,32.509,0.1513,0.087,3563.0,0.437,0.4232,2025.0,Transit Timing Variations,36.0118
Kepler-691 b,2.09,5.02,8.114379,0.0649,0.0,3715.0,0.53,0.5,2016.0,Transit,279.115
HD 142415 b,13.5,530.7761,386.29999,1.06,0.5,5940.0,1.07,1.04,2003.0,Radial Velocity,35.5318
WASP-167 b,17.71022,2542.64,2.0219596,0.0365,,7000.0,1.59,1.79,2017.0,Transit,423.552
K2-412 b,2.116,5.13,5.9382,0.0586,,5590.0,0.893,0.977,2022.0,Transit,654.085
Kepler-1441 b,1.31,2.27,39.4419839,0.2346,0.0,5802.0,1.0,1.0,2016.0,Transit,1110.48
CoRoT-28 b,10.704595,153.82972,5.20851,0.0603,0.047,5150.0,1.01,1.78,2015.0,Transit,766.183
Kepler-37 c,0.755,1.3,21.301848,0.139,0.099,5357.0,0.79,0.789,2013.0,Transit,63.9207
Kepler-138 c,1.51,2.3,13.7815,0.0913,0.017,3841.0,0.535,0.535,2014.0,Transit,66.8624
Kepler-46 d,1.64,3.33,6.766589,0.067,0.0,5309.0,0.883,0.79,2014.0,Transit,777.06
Kepler-1755 b,5.91688317,29.4,24.81209946,0.1668,0.0,6086.0,1.003,0.921,2021.0,Transit,982.383
Teegarden's Star c,1.02,1.05,11.416,0.0455,0.04,3034.0,0.097,0.12,2019.0,Radial Velocity,3.83078
HD 219828 b,4.59,19.06970442,3.83483,0.049,0.091,5891.0,1.04,1.56,2007.0,Radial Velocity,73.114
Kepler-835 b,2.79,8.2,11.41909375,0.107,0.0,5954.0,1.08,1.11,2016.0,Transit,2406.33
Kepler-1666 c,3.23564749,10.5,40.7157,0.2383,0.0,6293.0,1.23,1.14586,2020.0,Transit,1379.37
Kepler-1143 b,1.67,3.43,2.888904849,0.0371,0.0,5053.0,0.81,0.77,2016.0,Transit,555.189
KOI-4777.01,0.51,99.2,0.412,0.008,0.0,3515.0,0.41,0.4,2022.0,Transit,172.245
Kepler-79 d,7.15,5.3,52.0897,0.2937,0.051,6389.0,1.244,1.316,2014.0,Transit,1020.72
Kepler-190 b,1.56,3.05,2.019999,0.03,0.0,5106.0,0.834,0.795,2014.0,Transit,433.387
NGTS-17 b,13.89913607,242.82090295,3.24253,0.0391,0.0,5650.0,1.025,1.337,2021.0,Transit,1040.28
Kepler-354 c,1.31,2.27,16.934402,0.115,0.0,4648.0,0.652,0.674,2014.0,Transit,554.064
TIC 198190129 b,2.92284949,8.87,7.94804910667,,,4377.53,0.638,0.640675,2026.0,Transit,130.035
Kepler-1933 b,1.17984089,1.76,4.943290234,0.05605,0.0,5661.0,0.964,1.008,2021.0,Transit,328.007
TOI-5811 B b,21.96960217,257.44100967,6.25663,0.0731,,4840.0,1.08,3.73,2026.0,Transit,170.135
Kepler-1041 b,2.94,8.96,24.7576421,0.1688,0.0,5957.0,1.06,1.08,2016.0,Transit,1485.82
KIC 10525077 b,5.5,25.9,854.083,,,6091.0,1.01,1.01,2015.0,Transit,1461.15
K2-70 b,2.89,8.7,13.97896,0.1112,,5622.0,0.94,0.93,2016.0,Transit,232.964
TOI-5704 b,3.2274,10.5,3.771116,,,4590.0,0.73,0.7575,2023.0,Transit,89.637
HATS-4 b,11.433,420.471,2.516729,0.0362,0.013,5403.0,1.001,0.925,2014.0,Transit,416.459
Kepler-121 b,2.34,6.08,3.177422,0.039,0.0,5311.0,0.859,0.701,2014.0,Transit,510.523
HD 163607 b,13.9,249.051588,75.2203,0.362,0.7441,5522.0,1.12,1.76,2012.0,Radial Velocity,67.7855
TOI-1453 b,1.173,2.32,4.3135225,,0.0,4975.0,0.715,0.72,2025.0,Transit,78.7415
Kepler-395 c,1.32,2.3,34.989262,0.177,0.0,4262.0,0.622827,0.556,2014.0,Transit,421.382
TOI-7393 b,11.3,194.78,3.33708,0.03664,0.1198,3927.0,0.6,0.582,2026.0,Transit,189.038
HIP 81991 b,12.5,3019.3698665,5860.0,6.4,,5100.0,1.09,2.82111,2026.0,Radial Velocity,43.9016
Kepler-1965 b,1.35415138,2.4,41.86869812,0.22971,0.0,5852.0,0.928,0.837,2021.0,Transit,521.791
DMPP-8 b,10.8,81.09,62.915,0.3098,0.275,6009.0,0.99,1.24,2026.0,Radial Velocity,76.1335
Kepler-501 b,4.3,17.1,5.640677572,0.0627,0.0,5904.0,1.03,1.04,2016.0,Transit,1125.24
TOI-892 b,11.99363,301.9385,10.62656,0.092,0.125,6261.0,1.28,1.39,2020.0,Transit,340.543
Kepler-1898 b,0.93353523,0.76,4.765620232,0.05063,0.0,5702.0,0.837,1.125,2021.0,Transit,360.921
Kepler-1274 b,1.42,2.6,6.98152703,0.08161,0.0,6179.0,1.45,2.17,2016.0,Transit,614.648
G 9-40 b,1.9,4.0,5.7459982,0.0418,0.0,3395.0,0.2952,0.3026,2019.0,Transit,27.9276
K2-46 b,2.05,4.86,19.1541,0.13821,,6256.0,0.96,1.29,2016.0,Transit,449.237
K2-199 c,2.85,12.4,7.3744897,0.0662,0.03,4491.0,0.711,0.682,2018.0,Transit,107.518
TOI-2005 b,11.99360935,2034.1018048,17.305904,0.16,0.597,7130.0,1.59,2.02,2025.0,Transit,328.475
Kepler-1065 b,3.73,13.4,3.609308907,0.0455,0.0,5635.0,0.94,0.93,2016.0,Transit,1122.48
TOI-7394 B b,11.5,668.74,1.252995,0.01913,0.0271,3717.0,0.624,0.609,2026.0,Transit,189.986
HD 112300 b,12.2,5031.22368281,466.63,1.33,0.36,3657.0,1.4,65.8,2023.0,Radial Velocity,62.07324
TOI-5614 b,3.21759316,10.4,4.17221328949,,,4553.0,0.674,0.734919,2026.0,Transit,223.016
Kepler-793 b,1.37,2.45,4.24153639,0.0491,0.0,5745.0,0.98,0.97,2016.0,Transit,985.699
Kepler-307 c,2.2,3.64,13.0729,0.10896,0.0,5367.0,0.907,0.814,2013.0,Transit,575.581
Kepler-613 b,2.29,5.86,15.77979614,0.1232,0.0,5723.0,0.98,0.96,2016.0,Transit,861.494
K2-138 g,3.013,4.32,41.96797,0.23109,0.059,5356.3,0.935,0.863,2021.0,Transit,202.585
HD 128311 b,13.5,562.24127,453.019,1.084,0.303,4965.0,0.828,0.76,2002.0,Radial Velocity,16.3292
Kepler-20 b,1.773,9.7,3.6961049,0.04565,0.083,5495.0,0.929,0.9164,2011.0,Transit,282.563
Kepler-1634 b,3.19,10.3,374.876239,1.0525,0.0,5474.0,0.92,0.89,2016.0,Transit,617.339
MOA-2020-BLG-108L b,12.4,3391.22910269,,3.69,,,0.58,,2026.0,Microlensing,5130.0
HD 715 b,11.99360935,201.82103844,56.4,0.336,0.21,6070.0,1.6,2.5,2026.0,Transit,167.253
Kepler-445 d,1.25,2.1,8.15275,0.0439,0.0,3157.0,0.18,0.21,2015.0,Transit,127.201
Kepler-1701 b,2.22186207,5.57,169.134,0.5738,0.0,5146.0,0.87,0.840217,2020.0,Transit,584.142
Kepler-1835 b,3.53387773,12.2,11.96409988,0.0997,0.0,5903.0,0.922,0.961,2021.0,Transit,1404.38
Kepler-1024 b,3.91,14.5,66.4162133,0.3033,0.0,5143.0,0.81,0.78,2016.0,Transit,1087.4
Kepler-1545 b,2.7,7.75,163.692349,0.5442,0.0,5201.0,0.84,0.8,2016.0,Transit,729.964
Kepler-1774 b,3.18179549,10.2,59.77080154,0.29496,0.0,6214.0,1.101,1.122,2021.0,Transit,816.592
KOBE-1 b,2.91,8.8,8.5399,0.07006,0.0,4135.0,0.629,0.619,2025.0,Radial Velocity,23.9718
Kepler-1852 b,1.88610592,4.22,7.970940113,0.0762,0.0,5237.0,0.927,0.826,2021.0,Transit,772.481
Kepler-1196 b,2.23,5.6,66.1849031,0.3179,0.0,5756.0,0.98,0.97,2016.0,Transit,922.333
TOI-1221 b,2.91,1112.3994245,91.68278,0.387,0.21,5592.0,0.93,1.031,2023.0,Transit,138.411
Kepler-324 c,3.15,6.2,51.805612,0.26,0.0,5194.0,0.901,0.84,2014.0,Transit,501.574
Kepler-1122 b,2.04,4.82,42.1917357,0.2315,0.0,5544.0,0.92,0.89,2016.0,Transit,1230.42
Kepler-1826 b,1.47519116,2.78,1.615360022,0.0213,0.0,3821.0,0.49,0.486,2021.0,Transit,336.952
HD 134606 c,3.37,11.31,58.883,0.3007,0.055,5576.0,1.046,1.158,2024.0,Radial Velocity,26.7909
TIC 150070085 b,3.62,12.8,10.47423,,,5999.0,1.16,1.086,2026.0,Transit,204.368
HIP 75092 b,13.5,568.91284853,926.4,2.02,0.42,4891.0,1.28,4.53,2021.0,Radial Velocity,81.6696
Kepler-828 b,1.51,2.89,0.567857136,0.01228,0.0,5039.0,0.81,0.77,2016.0,Transit,575.322
HD 5278 b,2.45,7.8,14.339156,0.1202,0.08,6203.0,1.126,1.194,2021.0,Transit,57.5846
Kepler-1157 b,1.09,1.32,4.45743164,0.0448,0.0,4679.0,0.76,0.71,2016.0,Transit,342.144
Kepler-1610 b,1.61,3.22,8.70181574,0.0777,0.0,5383.0,0.91,0.87,2016.0,Transit,864.331
Kepler-1245 c,1.44,2.67,2.936584681,0.0372,0.0,5306.0,0.86,0.83,2016.0,Transit,805.936
Kepler-297 d,32.6,,150.0189511,0.523,0.0,5618.0,0.846,0.897,2023.0,Transit,692.14
Kepler-431 b,0.764,0.37,6.803,0.0719,0.0,6004.0,1.071,1.092,2015.0,Transit,486.546
DMPP-4 b,3.53,12.2,3.4982,0.04853,0.063,6400.0,1.25,1.38,2023.0,Radial Velocity,25.3284
Kepler-184 d,2.49,6.76,29.022358,0.179,0.0,5788.0,0.872,0.873,2014.0,Transit,610.326
Kepler-1140 b,2.77,8.1,24.0862707,0.1478,0.0,4850.0,0.76,0.73,2016.0,Transit,656.48
TOI-1799 b,1.642,4.0,7.094570865,0.072502,0.0,5690.0,1.01,0.957,2024.0,Transit,62.1274
Kepler-1696 b,2.80982017,8.29,65.9409,0.3244,0.0,5712.0,1.02,1.19811,2020.0,Transit,1506.36
Kepler-928 b,1.59,3.15,3.932461302,0.0444,0.0,4700.0,0.73,0.7,2016.0,Transit,508.809
Kepler-153 c,2.53,6.94,46.90232,0.237,0.0,5404.0,0.756,0.892,2014.0,Transit,459.368
HD 73256 c,12.2,5085.254512,2690.0,3.8,0.16,5570.0,1.0,0.944723,2023.0,Radial Velocity,36.708
HD 175541 b,14.1,190.06234,298.43,0.975,0.11,5013.0,1.39,4.19,2007.0,Radial Velocity,129.603
HD 219134 g,3.28,10.80622,94.2,0.3753,0.0,4913.0,0.794,0.77,2015.0,Radial Velocity,6.53127
Kepler-708 b,2.93,8.91,3.167891938,0.0426,0.0,5692.0,0.97,0.96,2016.0,Transit,1394.22
WASP-54 b,17.71022,187.5197,3.69364,0.04988,0.07,6100.0,1.08,1.76,2012.0,Transit,251.303
K2-250 b,2.71257333,7.81,4.01392,0.04606,0.21,5003.0,0.809,0.797,2018.0,Transit,414.708
Kepler-1325 b,2.86,8.55,33.8786838,0.2004,0.0,5550.0,0.93,0.91,2016.0,Transit,973.368
Kepler-703 b,8.2,51.1,4.583521756,0.0535,0.0,6185.0,1.18,1.27,2016.0,Transit,1156.83
TOI-1533 c,7.5,36.6,8.0637926,0.076,0.0,5146.0,0.88,0.849,2026.0,Transit,100.051
Kepler-957 b,5.5,25.9,5.907413537,0.0559,0.0,4963.0,0.81,0.75,2016.0,Transit,824.688
TOI-3856 b,13.59649359,171.62733978,2.04360352,0.0325,0.083,5622.0,1.096,1.055,2025.0,Transit,314.443
Kepler-1740 b,3.32321414,11.0,8.172400475,0.0779,0.0,5705.0,0.943,0.905,2021.0,Transit,1061.77
Kepler-176 d,2.51,1.72,25.751974,0.163,0.0,5232.0,0.86,0.891,2014.0,Transit,527.321
K2-150 b,2.0,4.66,10.59357,0.0727,,3499.0,0.457,0.436,2018.0,Transit,102.483
Kepler-307 b,2.43,7.44,10.4208,0.09359,0.0,5367.0,0.907,0.814,2013.0,Transit,575.581
Kepler-755 c,1.26,2.13,2.853133644,0.037,0.0,5043.0,0.82,0.77,2016.0,Transit,399.034
Kepler-607 c,2.76001201,8.05,39.67679977,0.21507,0.0,5244.0,0.808,0.888,2021.0,Transit,519.122
TOI-540 b,0.903,0.674,1.2391491,0.01223,0.0,3216.0,0.159,0.1895,2020.0,Transit,14.0022
K2-320 b,2.62,7.37,1.995,0.0142,,3157.0,0.117,0.3,2020.0,Transit,108.74
Kepler-1523 b,1.58,3.12,0.93875077,0.01867,0.0,5708.0,0.97,0.96,2016.0,Transit,865.596
GJ 463 b,13.1,1080.6165838,3459.0,3.53,0.146,3563.0,0.486,0.483,2022.0,Radial Velocity,18.3554
Kepler-62 c,0.54,4.0,12.4417,0.0929,0.0,4925.0,0.69,0.64,2013.0,Transit,300.874
HD 222582 b,12.6,2660.2371,572.38,1.34,0.73,5790.0,1.12,1.13,1999.0,Radial Velocity,42.1586
Kepler-210 c,3.62,12.8,7.972513,0.07,0.0,4559.0,0.77,0.65,2014.0,Transit,232.75
Kepler-1551 b,2.66,7.56,24.4973698,0.1772,0.0,6136.0,1.14,1.22,2016.0,Transit,1463.72
TIC 188624430 b,3.64811843,12.9,6.21860433132,,,5369.46,0.929,0.786574,2026.0,Transit,300.743
Kepler-1174 b,1.59,3.15,6.89225223,0.0732,0.0,5936.0,1.04,1.04,2016.0,Transit,1408.75
Kepler-269 c,1.69,3.5,8.127899,0.081,0.0,5847.0,0.92,0.959,2014.0,Transit,2257.32
Kepler-607 b,0.87,0.59,0.638163204,0.0137,0.0,5196.0,0.84,0.8,2016.0,Transit,519.122
Kepler-1981 b,9.23,62.5,453.54212,1.3292,0.0,5874.0,1.519,3.006,2023.0,Transit,659.395
TOI-6041 c,10.5,77.9,88.0,0.3721,,5445.0,0.885,0.879,2025.0,Radial Velocity,72.4731
HD 109833 c,2.59,7.22,13.900148,,0.3,5881.0,1.08,1.0,2022.0,Transit,79.5561
Kepler-1082 b,1.12,1.46,1.543206604,0.02571,0.0,5923.0,1.03,1.14,2016.0,Transit,739.557
Kepler-431 d,1.11,1.41,11.922,0.1045,0.0,6004.0,1.071,1.092,2015.0,Transit,486.546
WASP-170 b,12.285064,508.528,2.34478022,0.0337,,5600.0,0.93,0.938,2018.0,Transit,305.603
K2-74 b,2.31,5.95,19.5666,0.1402,,6060.0,0.96,0.98,2016.0,Transit,377.822
TOI-1246 d,3.43139739,5.4,18.654874,0.132,0.0,5213.0,0.8889,0.8649,2022.0,Transit,169.422
Kepler-372 d,1.69,3.5,30.092568,0.201,0.0,6509.0,1.202,1.137,2014.0,Transit,1493.95
HD 25723 b,13.3,794.5710175,457.01,1.49,0.04,4766.0,2.12,13.76,2020.0,Radial Velocity,114.816
TOI-7155 b,2.40821473,6.38,3.89489711981,,,4673.03,0.755,0.670748,2026.0,Transit,144.751
Kepler-84 b,2.23,40.0,8.726,0.0827,0.0,6039.0,1.0,1.43,2012.0,Transit,1023.9
TOI-3353.01,2.6667555,7.59,4.6657965,0.060118218,,6365.0,1.332089,1.0207,2024.0,Transit,78.7577
Kepler-1555 b,1.61,3.22,8.10501635,0.0805,0.0,5866.0,1.04,1.06,2016.0,Transit,2013.27
Kepler-1725 b,2.8125177,8.31,16.71990013,0.13263,0.0,6020.0,1.049,1.085,2021.0,Transit,558.652
TOI-2104 b,1.52898127,2.95,5.904370457,,,4856.13,0.8,0.723757,2026.0,Transit,76.7418
Kepler-120 b,2.15,8.5,6.312501,0.055,0.0,4096.0,0.654,0.534,2014.0,Transit,388.63
Kepler-627 b,3.73,13.4,40.6994443,0.22661,0.0,6424.0,1.3,1.49,2016.0,Transit,984.307
Kepler-1326 b,4.18,16.3,42.3514267,0.2743,0.0,6725.0,1.45,1.74,2016.0,Transit,698.326
TOI-1184 b,2.39,6.8,5.748433803,0.056027,0.0,4534.0,0.71,0.69,2024.0,Transit,58.5946
G 192-15 b,1.02,1.03,2.27476,0.01723,0.0,2999.0,0.132,0.170718,2025.0,Radial Velocity,9.53114
HATS-61 b,13.394755,1080.622,7.817953,0.07908,0.092,5542.0,1.076,1.664,2018.0,Transit,679.761
Kepler-684 b,3.36,11.2,6.770302008,0.064,0.0,5493.0,0.89,0.86,2016.0,Transit,1731.27
WASP-159 b,15.46842,174.8065,3.840401,0.0538,0.0,6120.0,1.41,2.11,2018.0,Transit,715.383
K2-26 b,2.67,7.61,14.5665,0.0962,,3785.0,0.56,0.52,2016.0,Transit,99.0504
TIC 9344899 b,9.16,6170.0,8.5821566,0.0815,0.029,5800.0,0.98,1.06,2026.0,Transit,532.228
WASP-194 b,15.47960235,373.13054982,3.183387,0.047,0.0,6405.0,1.29,1.409,2025.0,Transit,476.831
Kepler-1956 b,1.08940238,1.32,5.943719864,0.0563,0.0,4391.0,0.671,0.682,2021.0,Transit,360.468
K2-335 b,2.21,5.52,12.283211,,,6222.0,1.23,1.33,2021.0,Transit,557.993
Kepler-352 c,1.24,2.07,16.332995,0.118,0.0,5212.0,0.798,0.781,2014.0,Transit,252.733
Kepler-1175 b,2.99,9.22,37.94563,0.2181,0.0,5453.0,0.9,0.86,2016.0,Transit,1121.89
TOI-2453 b,3.24380341,10.6,4.44143463188,,,3720.23,0.500519,0.502498,2026.0,Transit,81.9043
TOI-3523 A b,15.9727975,435.42491759,2.30458952,0.03559,0.047,6450.0,1.131,1.448,2025.0,Transit,645.294
Kepler-1586 b,1.52,2.92,15.6049212,0.12208,0.0,6681.0,1.45,1.75,2016.0,Transit,552.55
TOI-1062 c,3.1,9.78,7.972,0.08,0.14,5328.0,0.94,0.84,2021.0,Radial Velocity,82.1733
Kepler-30 b,3.9,11.3,29.33434,0.18,0.042,5498.0,0.99,0.95,2012.0,Transit,914.221
Kepler-1285 b,0.97,0.871,14.7967458,0.12758,0.0,6170.0,1.2,1.28,2016.0,Transit,422.269
TOI-1230.01,2.38627705,6.29,25.05734661842,,,5696.0,1.14,1.15281,2021.0,Transit,143.138
Kepler-416 b,2.48,58.2,6.319,0.0674,0.0,5718.0,1.0,1.075,2014.0,Transit,690.819
Kepler-416 c,2.352,6.13,12.209,0.10454,0.0,5718.0,1.0,1.075,2014.0,Transit,690.819
KOI-142 c,14.0,214.1,22.26492,0.154121003,0.05724,5466.0,0.99,0.897,2013.0,Transit Timing Variations,376.863
HD 114082 b,11.72459381,508.5254512,225.5504,0.791,0.0,6610.0,1.28,1.482,2022.0,Transit,95.3906
Kepler-103 c,5.4539,58.47,179.60978,0.6679,0.103,6047.0,1.212,1.492,2014.0,Transit,494.832
Kepler-433 b,16.25,896.24,5.33408384,0.0679,0.119,6360.0,1.46,2.26,2015.0,Transit,1878.31
CoRoT-8 b,6.39,69.92,6.21229,0.063,0.0,5080.0,0.88,0.77,2010.0,Transit,322.037
Kepler-361 c,2.52,6.9,55.188023,0.3,0.0,6169.0,1.191,1.343,2014.0,Transit,930.32
TOI-5728 b,1.31,2.27,11.49761,,,3419.0,0.36,0.37,2025.0,Transit,54.7045
Kepler-568 b,2.26,5.73,11.02347475,0.0794,0.0,3768.0,0.55,0.53,2016.0,Transit,130.645
Kepler-1923 b,1.95958179,4.5,52.60969925,0.2846,0.0,5881.0,1.109,1.294,2021.0,Transit,990.838
Kepler-1208 b,2.32,5.99,11.08507637,0.0901,0.0,5001.0,0.8,0.76,2016.0,Transit,825.176
Kepler-406 c,0.85,2.71,4.62332,0.05531,0.0,5538.0,1.07,1.07,2014.0,Transit,364.03
Kepler-1910 b,1.184,1.78,5.688769817,0.0536,0.0,4234.0,0.636,0.639,2021.0,Transit,
Kepler-1655 b,2.213,5.4,11.8728787,0.1029,0.19,6148.0,1.03,1.03,2018.0,Transit,213.26
HD 191939 g,3.74,13.5,284.0,0.812,0.03,5348.0,0.81,0.94,2022.0,Radial Velocity,53.6089
HD 87816 c,12.4,3877.5065654,7596.0,10.14,0.19,4989.0,2.41,9.0,2025.0,Radial Velocity,133.233
Kepler-185 c,2.02,4.74,20.729042,0.139,0.0,5208.0,0.763,0.806,2014.0,Transit,466.735
TOI-707 b,2.416,6.42,52.79918,0.275,,5424.0,0.99,0.978,2026.0,Transit,130.959
Kepler-738 b,2.5,6.8,24.58721573,0.1552,0.0,5327.0,0.86,0.82,2016.0,Transit,1113.65
Kepler-725 c,3.08,9.7,207.541,0.6744,0.436,5395.0,0.95,0.88,2025.0,Transit Timing Variations,758.469
Kepler-658 b,1.63,3.29,1.287076762,0.0188,0.0,4103.0,0.63,0.6,2016.0,Transit,388.384
HD 235088 b,1.982,4.15,7.4341325,0.0706,0.0,5075.0,0.849,0.772,2023.0,Transit,41.1706
Kepler-93 b,1.478,4.66,4.72673978,0.05343,0.0,5669.0,0.911,0.919,2014.0,Transit,95.9115
Kepler-596 b,3.46,11.8,21.30022655,0.15161,0.0,6267.0,1.21,1.32,2016.0,Transit,1023.85
K2-174 b,2.6,7.27,19.562307,0.126,,4455.0,0.7,0.676,2018.0,Transit,99.9293
TOI-2154 b,16.28664896,292.40213444,3.8240801,0.0513,0.117,6280.0,1.233,1.396,2023.0,Transit,296.46
Kepler-1357 b,1.28,2.18,3.0091324,0.041,0.0,5597.0,0.93,0.9,2016.0,Transit,1015.69
Kepler-1807 b,2.70393215,7.77,10.86060047,0.0988,0.0,6455.0,1.087,1.496,2021.0,Transit,1299.32
GJ 3378 b,1.32,2.3,21.45,0.09673,0.0,3340.0,0.262,0.275,2026.0,Radial Velocity,7.72274
Kepler-256 b,1.59,3.15,1.620493,0.027,0.0,5551.0,1.037,1.301,2014.0,Transit,1026.43
NGTS-31 b,18.04645893,355.96781584,4.162734,0.064,0.0,5710.0,0.96,1.7,2025.0,Transit,497.376
TOI-2525 c,10.13291855,208.8132634,49.2519,0.249,0.157,5096.0,0.849,0.785,2023.0,Transit,395.398
Kepler-574 b,2.39,6.3,7.65880414,0.0723,0.0,5612.0,0.95,0.91,2016.0,Transit,682.896
Kepler-1062 b,1.76,3.75,9.30412078,0.0748,0.0,4597.0,0.75,0.7,2016.0,Transit,397.455
HD 28185 c,12.8,1906.970442,9090.0,8.5,0.15,5602.0,0.974,1.048,2022.0,Radial Velocity,39.3809
TOI-1836 c,2.59987579,8.0,1.7727471,0.03089,0.0,6237.0,1.2518,1.6454,2024.0,Transit,191.649
Kepler-414 b,1.71,3.5,4.7,0.0543,0.0,5536.0,0.89,0.946,2014.0,Transit,413.46
Kepler-411 d,3.319,15.2,58.02035,0.279,0.128,4974.0,0.87,0.82,2018.0,Transit,153.676
Kepler-247 c,4.09,15.7,9.439452,0.084,0.0,5100.0,0.887,0.768,2014.0,Transit,663.711
Kepler-725 b,10.8,521.76244,39.64372,0.2238,0.231,5395.0,0.95,0.88,2016.0,Transit,758.469
K2-317 b,2.93,8.91,6.22,0.0542,,3387.0,0.403,0.379,2020.0,Transit,176.291
Kepler-1375 b,1.74,3.68,3.3004192,0.0471,0.0,6704.0,1.47,1.78,2016.0,Transit,1430.84
TOI-6478 b,4.6,19.2,34.005019,0.1136,,3230.0,0.23,0.234,2025.0,Transit,38.6057
Kepler-1338 b,0.92,0.721,0.935118057,0.01937,0.0,5909.0,1.04,1.05,2016.0,Transit,753.26
WASP-59 b,8.687,274.276,7.919585,0.0697,0.1,4650.0,0.719,0.613,2012.0,Transit,115.936
K2-63 c,3.9,14.5,25.4556,0.189,,6771.0,1.4,1.63,2016.0,Transit,517.534
KOI-4978 b,0.7,0.271,0.941967,,,5050.28,0.859,0.966,2024.0,Transit,936.341
Kepler-1539 b,2.7,7.75,133.3036741,0.4765,0.0,5176.0,0.84,0.8,2016.0,Transit,748.326
Kepler-614 b,2.39,6.3,14.03491514,0.1027,0.0,5268.0,0.85,0.81,2016.0,Transit,527.995
Kepler-257 c,5.41,25.2,6.581484,0.066,0.0,5180.0,0.916,1.037,2014.0,Transit,780.256
TOI-5398 b,10.3,58.7,10.590547,0.098,0.13,6000.0,1.146,1.051,2022.0,Transit,130.855
TOI-1820 b,12.778238,731.0053361,4.860674,0.061,0.043,5734.0,1.04,1.51,2022.0,Transit,248.504
Kepler-1220 b,1.52,2.92,7.42693741,0.0734,0.0,5842.0,1.0,0.99,2016.0,Transit,961.907
TOI-938 b,4.82401567,20.8,8.80733882211,,,5829.42,1.1,0.985134,2026.0,Transit,215.034
Kepler-192 d,1.02,1.04,6.47027579,0.0686,0.0,5487.0,0.94,0.94,2016.0,Transit,651.674
Kepler-825 b,1.53,2.96,3.77360059,0.0453,0.0,5976.0,1.03,1.08,2016.0,Transit,807.85
Kepler-1414 b,1.23,2.04,3.51576315,0.0426,0.0,4951.0,0.8,0.75,2016.0,Transit,570.835
HD 86950 b,13.0,1144.188,1270.0,2.72,0.17,4805.0,1.66,8.8,2016.0,Radial Velocity,209.839
Kepler-1150 b,1.02,1.04,2.787868386,0.0382,0.0,4754.0,0.76,0.72,2016.0,Transit,358.518
Kepler-1765 b,2.49508857,6.78,10.41889954,0.0917,0.0,5692.0,0.946,1.064,2021.0,Transit,764.456
Kepler-831 b,1.27,2.15,5.62153941,0.05984,0.0,5732.0,0.99,0.97,2016.0,Transit,593.54
K2-257 b,0.83,0.498,1.60588,0.0216,,3725.0,0.52,0.5,2018.0,Transit,64.0065
Kepler-27 d,2.7061946,7.78,6.546289921,0.06578,0.0,5251.0,0.926,0.817,2021.0,Transit,1044.36
HIP 29442 d,1.538,5.14,6.429575,0.0673,,5289.0,0.901,0.98,2023.0,Radial Velocity,68.192
Kepler-196 b,1.9,4.27,20.739886,0.138,0.0,5128.0,0.839,0.782,2014.0,Transit,451.312
Kepler-806 b,1.14,1.55,8.09219642,0.07684,0.0,5770.0,0.99,1.16,2016.0,Transit,361.896
Kepler-1854 b,2.58746104,7.21,39.83110046,0.20894,0.0,5026.0,0.8,0.759,2021.0,Transit,423.348
TOI-5624 b,2.314,9.4,3.3903473,0.04201,0.0,5327.0,0.858,0.82,2026.0,Transit,101.913
Kepler-739 b,3.32,11.0,12.53248465,0.1054,0.0,5601.0,0.93,0.9,2016.0,Transit,1370.65
HD 204313 b,12.9,1466.7780983,2041.11539,3.185,0.1,5767.0,1.03,1.1,2010.0,Radial Velocity,47.7945
Kepler-129 d,12.6,2637.9757781,2646.0,4.0,0.15,5770.0,1.178,1.653,2021.0,Radial Velocity,408.845
Kepler-389 c,1.46,2.73,14.51143,0.11,0.0,5376.0,0.765,0.792,2014.0,Transit,816.559
K2-158 c,1.28,2.18,5.90279,0.0622,,5503.0,0.92,0.95,2018.0,Transit,197.299
Kepler-864 c,1.62,3.26,2.42150341,0.0382,0.0,6213.0,1.27,1.195,2023.0,Transit,2022.9
TOI-5800 b,2.46,9.5,2.6278838,0.0344,0.3,4850.0,0.778,0.773,2025.0,Transit,42.9052
TOI-2803 A b,18.11371281,309.88269682,1.96229325,0.03185,0.0,6280.0,1.118,1.245,2023.0,Transit,494.818
Kepler-1462 b,3.82,14.0,65.6488341,0.3094,0.0,5756.0,1.0,1.0,2016.0,Transit,1017.82
HD 191939 b,3.41,10.0,8.8803256,0.0804,0.031,5348.0,0.81,0.94,2020.0,Transit,53.6089
HD 212771 b,13.3,759.6137,380.7,1.19,0.076,5003.0,1.56,5.27,2009.0,Radial Velocity,111.155
Kepler-1695 b,1.11948901,1.46,4.7329,0.0529,0.0,5473.19,0.96,0.987155,2020.0,Transit,791.175
TOI-1782.02,1.839,4.04,1.829024227,0.025739,,4336.0,0.68,0.669,2024.0,Transit,95.2649
WASP-119 b,15.6926,390.9309,2.49979,0.0363,0.058,5650.0,1.02,1.2,2016.0,Transit,302.448
Kepler-893 b,3.03,9.43,6.33855761,0.0699,0.0,5820.0,1.0,0.99,2016.0,Transit,1285.59
Kepler-1487 c,7.97,48.7,35.8007112,0.2588,0.0,5745.0,1.801,3.955,2023.0,Transit,1014.62
KOI-7913 b,2.34,6.08,24.278553,0.1456,0.0,4324.0,0.76,0.788,2022.0,Transit,271.277
TOI-1472 c,3.334,21.13,15.5381747,0.116,0.172,5100.0,0.87,0.84,2025.0,Radial Velocity,121.84
Kepler-1239 b,2.9,8.75,5.19104016,0.0625,0.0,6564.0,1.4,1.57,2016.0,Transit,2140.6
Kepler-1902 b,1.17563613,1.74,3.822220087,0.0385,0.0,3729.0,0.52,0.514,2021.0,Transit,344.337
Kepler-297 b,2.87,48.5,38.871826,0.217,0.0,5619.0,0.927,0.915,2014.0,Transit,692.14
Kepler-351 d,2.72,7.85,142.544247,0.5177,0.0,5225.0,0.81,0.78,2016.0,Transit,1083.91
K2-136 d,1.565,3.0,25.575,0.1538,0.071,4500.0,0.742,0.677,2017.0,Transit,59.2474
Kepler-789 b,2.12,5.14,8.63847725,0.0951,0.0,5870.0,1.01,1.02,2016.0,Transit,1480.16
K2-279 b,1.21,1.92,7.122605,0.067,,5558.0,0.79,0.86,2018.0,Transit,182.983
nu Oph c,12.0,7838.32346,3180.6,5.829,0.179,4887.0,2.61,12.24,2012.0,Radial Velocity,46.2107
KOI-1599.02,1.9,9.0,13.6088,0.112293,0.0114,5833.0,1.02,0.972,2019.0,Transit,1131.64
HD 109833 b,2.888,8.69,9.188526,,0.18,5881.0,1.08,1.0,2022.0,Transit,79.5561
HIP 71135 b,4.55,18.8,87.19,0.335,0.21,4146.0,0.66,0.681296,2019.0,Radial Velocity,32.3311
K2-147 b,1.47286006,2.77,0.961939,0.01575,0.38,3690.0,0.563,0.578,2018.0,Transit,90.5494
Kepler-11 d,3.12,7.3,22.6845,0.155,0.004,5663.0,0.961,1.065,2010.0,Transit,646.346
K2-131 b,1.69,7.9,0.3693038,0.00936,0.0,5120.0,0.803,0.7595,2017.0,Transit,152.509
Kepler-218 d,2.66,7.56,124.5244647,0.49884,0.0,5542.0,1.01,1.02,2016.0,Transit,656.38
TOI-6054.01,2.64,12.5,7.501428,0.0763,0.164,6047.0,1.107,1.662,2024.0,Transit,79.407
Kepler-1937 b,3.0229133,9.39,9.688599586,0.0915,0.0,6457.0,1.19,1.196,2021.0,Transit,905.069
HAT-P-56 b,16.92559,734.1873,2.79083,0.0423,0.29,6566.0,1.42,1.47,2015.0,Transit,320.639
HD 8574 b,13.4,645.1949,227.0,0.76,0.3,6064.0,1.34,1.38,2002.0,Radial Velocity,44.8264
HATS-71 b,11.478016,117.5971,3.7955202,0.03745,0.0,3405.0,0.4861,0.4783,2020.0,Transit,140.225
K2-341 b,3.21,10.4,36.552551,,,5817.0,0.98,1.16,2021.0,Transit,421.408
GJ 1061 b,1.04,1.11,3.2073,0.021,0.05,2953.0,0.12,0.156,2020.0,Radial Velocity,3.67278
Kepler-102 b,0.46,1.1,5.286965,0.05521,0.1,4909.0,0.803,0.724,2014.0,Transit,107.796
Kepler-731 b,13.88,,3.855603551,0.0505,0.0,5849.0,1.03,1.06,2016.0,Transit,1257.16
K2-194 b,3.64229858,12.9,39.721386,,,5979.0,1.110086,1.281115,2018.0,Transit,629.51
Kepler-915 b,1.5,2.86,4.59489604,0.05655,0.0,6173.0,1.21,1.38,2016.0,Transit,849.036
TIC 241249530 b,13.29385111,1582.78546686,165.7719,0.641,0.9412,6166.0,1.271,1.397,2024.0,Transit,324.448
TOI-5795 b,5.62,23.66,6.1406325,0.064,0.25,5715.0,0.901,1.082,2025.0,Transit,156.53
K2-196 b,3.59970536,12.6,48.324222,,,6045.0,1.162095,1.538801,2018.0,Transit,584.877
Kepler-1315 b,1.38,2.48,0.84338011,0.01617,0.0,4861.0,0.8,0.75,2016.0,Transit,480.869
Kepler-93 c,,954.0,1460.0,,,5669.0,0.91,0.92,2014.0,Radial Velocity,95.9115
TOI-5599 b,7.1888212,40.9,5.43691503941,,,6137.02,1.21,1.91334,2026.0,Transit,547.948
Kepler-1912 b,1.35670508,2.41,6.059219837,0.06489,0.0,5734.0,0.977,0.962,2021.0,Transit,297.017
TOI-1260 c,2.76,13.2,7.493134,0.0657,0.0,4227.0,0.679,0.672,2021.0,Transit,73.5977
Kepler-306 e,2.27,5.77,44.840975,0.227,0.0,4954.0,0.75,0.719,2014.0,Transit,775.679
K2-396 b,1.579,3.12,0.673862,,,5236.0,0.954,0.92,2022.0,Transit,274.864
HD 10442 b,13.6,472.61321,1032.3,2.01,0.132,4912.0,1.01,1.97,2014.0,Radial Velocity,135.374
Kepler-198 c,2.47,6.66,49.567416,0.259,0.0,5574.0,0.995,0.94,2014.0,Transit,495.358
Kepler-129 b,2.4,20.0,15.79,0.13,0.01,5770.0,1.178,1.653,2014.0,Transit,408.845
Kepler-1549 b,2.57,7.13,214.886545,0.6687,0.0,5324.0,0.88,0.84,2016.0,Transit,803.052
HD 8326 b,9.58,66.6,158.991,0.533,0.2,4914.0,0.8,0.783181,2019.0,Radial Velocity,30.6862
Kepler-1800 b,0.99679734,0.961,4.562029839,0.05098,0.0,5343.0,1.33,2.506,2021.0,Transit,350.455
TOI-1742 b,2.36507598,9.7,21.269084,0.154,0.3,5815.0,1.0861,1.131,2024.0,Transit,72.8871
BD+45 564 b,13.6,432.24663352,307.88,0.83,0.12,5004.0,0.81,0.813064,2021.0,Radial Velocity,53.622
HD 11343 c,13.9,255.53403923,228.53731,0.923,0.169,4672.0,2.009,6.84,2022.0,Radial Velocity,155.121
TOI-2295 b,16.47720163,278.09985612,30.033302,0.1992,0.334,5730.0,1.168,1.459,2024.0,Transit,126.279
Kepler-656 c,1.41,2.57,5.25449393,0.0602,0.0,5550.0,1.05,0.954,2023.0,Transit,890.352
Kepler-1941 b,2.64976949,7.51,31.33510017,0.2054,0.0,6404.0,1.175,1.142,2021.0,Transit,1494.39
Kepler-1311 d,9.65837605,67.5,197.5110016,0.68434,0.0,5616.0,1.032,1.674,2021.0,Transit,866.331
Kepler-1316 b,3.54,12.3,87.9732136,0.39765,0.0,5884.0,1.04,1.12,2016.0,Transit,800.871
TOI-6954 b,3.63524486,12.8,4.02074127419,,,5170.87,0.834,0.947112,2026.0,Transit,190.042
WASP-7 b,14.90797,305.1168,4.9546416,0.0617,0.034,6400.0,1.276,1.432,2008.0,Transit,162.303
DS Tuc A b,5.7,413.179,8.138268,,0.0,5428.0,1.01,0.964,2019.0,Transit,44.0622
TOI-128.01,2.21898,5.56,4.9404681,0.05381019,,6086.0,0.851969,1.13,2024.0,Transit,68.4727
TOI-209 b,2.3947209,6.32,4.37943587445,,,4806.66,0.81,0.742779,2026.0,Transit,113.387
TOI-261.01,3.0449863,9.51,3.3639254,0.034792189,,5890.3,0.496728,1.28018,2021.0,Transit,114.495
TOI-261.02,3.34822227,11.2,13.03935862135,,,5890.3,1.069,1.31383,2021.0,Transit,114.495
TOI-262 b,2.07,4.94,11.14529,0.163,,5310.0,0.913,0.853,2023.0,Transit,43.932
TOI-2040 b,10.32347122,248.22398587,3.8608576,0.0473,0.109,5132.0,0.92,0.87,2026.0,Transit,144.717
TOI-2227 b,3.09885187,9.79,4.22175815648,,,5889.54,1.03,1.20847,2026.0,Transit,165.441
TOI-2977 b,13.15934334,533.95172376,2.3505614,0.03386,0.0,5691.0,0.936,1.073,2023.0,Transit,
Kepler-256 d,2.48,6.71,5.839172,0.064,0.0,5551.0,1.037,1.301,2014.0,Transit,1026.43
K2-90 c,1.3,2.24,2.900706,0.035,0.19,4421.98,0.704613,0.634754,2016.0,Transit,134.188
HD 11506 d,12.3,4068.2036096,26500.0,18.2,0.29,6123.0,1.22,1.24,2022.0,Radial Velocity,51.261
Kepler-1118 b,2.74,7.95,38.6715075,0.2079,0.0,5688.0,0.96,0.97,2016.0,Transit,888.325
K2-247 c,2.19,5.43,6.49424,0.0615,,4667.0,0.74,0.69,2018.0,Transit,258.113
K2-322 b,1.92,4.35,8.205,0.0594,,4141.0,0.63,0.602,2020.0,Transit,123.415
HD 141004 b,3.77,13.63483866,15.5083,0.1238,0.16,5885.38,1.051904,1.389372,2021.0,Radial Velocity,11.8148
Kepler-168 c,2.69,7.7,13.193242,0.116,0.0,6282.0,1.113,1.107,2014.0,Transit,1343.6
Kepler-419 b,10.8,794.5,69.7546,0.37,0.833,6430.0,1.39,1.74,2014.0,Transit,1011.36
TOI-4153 b,16.11851425,365.50266805,4.6174141,0.06311,0.039,6860.0,1.572,1.605,2024.0,Transit,423.84
TOI-1422 c,2.61,14.0,34.5633,0.205,0.2,5840.0,0.9903,1.019,2025.0,Radial Velocity,155.141
TOI-4155 b,3.21,10.4,3.320729,,,5724.0,1.16,0.95,2025.0,Transit,240.737
GJ 9689 b,3.07,9.65,18.27,0.1139,0.29,3836.0,0.59,0.57,2020.0,Radial Velocity,30.6203
Kepler-169 d,1.25,2.1,8.348125,0.075,0.0,4997.0,0.825,0.763,2014.0,Transit,406.529
Kepler-191 d,2.28,5.82,5.945041017,0.06104,0.0,5215.0,0.84,0.8,2016.0,Transit,594.464
K2-8 b,3.58,12.5,10.35239,0.0856,,4870.0,0.78,0.74,2015.0,Transit,403.513
HATS-33 b,13.78707,378.85336,2.5495551,0.03727,0.08,5659.0,1.062,1.022,2016.0,Transit,248.46
Kepler-1464 b,1.66,3.39,31.7785901,0.20066,0.0,5828.0,1.02,1.01,2016.0,Transit,1151.73
Kepler-805 b,2.89,8.7,30.8638931,0.19852,0.0,6112.0,1.19,1.65,2016.0,Transit,638.49
17 Sco b,12.9,1373.01871824,578.38,1.45,0.06,4157.0,1.22,25.92,2020.0,Radial Velocity,124.953
Kepler-264 c,2.83,8.4,140.101261,0.566,0.0,6158.0,1.426,1.55,2014.0,Transit,942.173
HR 858 b,2.004,3.55,3.585287,0.04888,0.0,6354.0,1.204,1.258,2019.0,Transit,31.964
Kepler-941 b,3.08,9.69,17.42395198,0.1311,0.0,5539.0,0.89,0.86,2016.0,Transit,1088.36
Kepler-1832 b,1.22719556,2.02,3.138789892,0.037,0.0,5242.0,0.684,0.722,2021.0,Transit,486.174
TOI-833 b,1.27,2.15,1.0418777,0.0171,,3920.0,0.61,0.6,2022.0,Transit,41.7148
HD 38283 b,14.0,127.132,363.20001,1.02,0.41,5981.0,1.37,1.49,2010.0,Radial Velocity,38.0615
Kepler-341 b,1.18,1.76,5.195528,0.06,0.0,6012.0,0.976,1.024,2014.0,Transit,1047.03
TIC 153919886 b,2.70601108,7.78,2.10510492329,,,4137.16,0.581261,0.591697,2026.0,Transit,132.33
Kepler-1669 b,2.78043818,8.15,9.51216,0.0745,0.0,4303.0,0.67,0.714145,2020.0,Transit,543.444
Kepler-295 c,1.17,1.71,21.526258,0.142,0.0,5603.0,0.89,0.898,2014.0,Transit,1699.19
NN Ser c,12.6,2329.6,6987.0,5.35,0.089,57000.0,0.535,,2010.0,Eclipse Timing Variations,515.818
Kepler-1802 b,1.671,3.43,15.45020008,0.0662,0.0,4245.0,0.649,0.637,2021.0,Transit,636.694
TOI-6008 b,1.03,4.0,0.8574347,0.010777,,3075.0,0.23,0.242,2024.0,Transit,23.1008
Kepler-1437 b,1.37,2.45,10.9295461,0.0951,0.0,5557.0,0.93,0.9,2016.0,Transit,2101.69
Kepler-330 b,1.35,2.39,8.25978,0.075,0.0,5117.0,0.848,0.722,2014.0,Transit,717.527
Kepler-100 c,2.2,7.05,12.8159,0.11061,0.02,5825.0,1.08,1.49,2014.0,Transit,304.645
K2-377 b,1.693,3.51,12.832235,,,4200.0,0.821,0.691,2022.0,Transit,195.149
Kepler-554 b,4.29,17.0,1.902208556,0.03022,0.0,5447.0,0.93,0.92,2016.0,Transit,690.525
Kepler-208 e,1.48,2.79,16.259458,0.132,0.0,6092.0,1.082,1.314,2014.0,Transit,775.328
Kepler-1287 b,1.54,2.99,11.47685909,0.0976,0.0,5715.0,0.96,0.94,2016.0,Transit,1003.26
Kepler-646 b,1.99,4.62,15.87364565,0.11251,0.0,5634.0,0.93,0.91,2016.0,Transit,451.794
Kepler-1880 b,2.11686218,5.13,6.309219837,0.054,0.0,4380.0,0.524,0.53,2021.0,Transit,611.041
Kepler-587 b,2.23,5.6,10.94027841,0.0952,0.0,5549.0,0.92,0.89,2016.0,Transit,787.894
EPIC 201238110 b,1.87,4.16,28.1656,,,3587.0,0.41,0.374,2019.0,Transit,159.259
K2-240 c,1.8,3.89,20.523,0.1159,,3810.0,0.58,0.54,2018.0,Transit,72.9105
Kepler-1495 b,2.94,8.96,85.273256,0.3677,0.0,5831.0,1.03,1.04,2016.0,Transit,1355.54
Kepler-508 b,1.64,3.33,25.30889748,0.17274,0.0,6025.0,1.16,1.25,2016.0,Transit,324.618
HD 191939 f,13.2,915.34581216,2898.0,3.71,0.0,5348.0,0.81,0.94,2022.0,Radial Velocity,53.6089
HN Peg b,11.7768,6991.57,,773.0,,6186.0,1.08,1.006954,2006.0,Imaging,18.1186
K2-413 b,0.7599,0.363,0.8094,0.0117,,4116.0,0.808,0.7,2022.0,Transit,285.162
KOI-351 h,11.252,203.0,331.60296,0.97062,0.0276,6031.13,1.242,1.185,2013.0,Transit,848.254
HD 60779 c,5.79,28.3,104.79,,0.041,6081.0,1.05,1.129,2026.0,Radial Velocity,35.4445
K2-19 c,4.1,11.0,11.906,0.0982,0.1,5322.0,0.88,0.82,2015.0,Transit,289.827
TOI-3160 A b,13.7646283,378.21580433,3.971281,0.0505,0.18,6190.0,1.088,1.346,2025.0,Transit,567.678
Kepler-1333 b,2.81,8.3,109.6471842,0.4382,0.0,5628.0,0.94,0.92,2016.0,Transit,932.446
Kepler-1715 b,4.14042267,16.0,35.59730148,0.22429,0.0,6212.0,1.082,1.209,2021.0,Transit,522.605
Kepler-1885 b,1.51110555,2.89,2.522559881,0.036,0.0,5591.0,0.977,0.86,2021.0,Transit,818.482
TOI-1803 c,4.29,8.0,12.885779,0.097,0.0,4687.0,0.756,0.715,2025.0,Transit,119.24
Kepler-1116 b,2.54,6.99,41.6977827,0.233,0.0,5641.0,0.95,0.93,2016.0,Transit,1008.57
Kepler-232 b,3.08,9.69,4.431222,0.054,0.0,5847.0,0.97,0.968,2014.0,Transit,1349.13
HD 141399 d,13.7,375.0394,1069.8,2.09,0.074,5600.0,1.07,1.387236,2014.0,Radial Velocity,37.0169
HIP 57274 b,,3359.44626199,8.1352,0.07,0.19,4510.0,0.29,0.78,2011.0,Radial Velocity,25.8618
Kepler-398 d,0.88,0.615,6.83437001,0.0618,0.0,4557.0,0.72,0.67,2016.0,Transit,177.355
HD 158259 b,1.28228,2.22,2.178,,,5801.89,1.08,1.21,2020.0,Radial Velocity,27.0498
Kepler-577 b,2.55,7.04,25.69578251,0.1348,0.0,4984.0,0.78,0.73,2016.0,Transit,524.247
Kepler-953 b,4.21,16.5,88.40655258,0.392,0.0,5416.0,0.95,0.99,2016.0,Transit,258.893
HD 124330 b,14.0,238.37130525,270.66,0.86,0.34,5873.0,1.15,1.30446,2021.0,Radial Velocity,60.1977
Kepler-1966 b,1.10479327,1.39,8.617429733,0.0763,0.0,5009.0,0.797,0.84,2021.0,Transit,484.601
Kepler-212 c,2.74,7.95,31.805174,0.207,0.0,5852.0,1.166,1.455,2014.0,Transit,687.194
HD 238914 b,12.8,1906.98,4100.0,5.7,0.56,4769.0,1.47,12.73,2018.0,Radial Velocity,519.452
Kepler-44 b,12.22,317.82,3.2467293,0.0446,0.066,5800.0,1.12,1.35,2011.0,Transit,1188.0
Kepler-158 b,2.12,5.14,16.709184,0.111,0.0,4623.0,0.655,0.624,2014.0,Transit,315.177
Kepler-1080 b,3.28,10.8,77.2548396,0.3781,0.0,5956.0,1.1,1.16,2016.0,Transit,1382.82
Kepler-1228 b,1.54,2.99,0.577369579,0.01186,0.0,5063.0,0.78,0.74,2016.0,Transit,515.453
TOI-5786 b,8.54,73.0,12.779107,0.114,,6235.0,1.23,1.36,2025.0,Transit,192.475
Kepler-1850 b,0.72909663,0.313,1.385800004,0.0206,0.0,4239.0,0.611,0.6,2021.0,Transit,250.199
75 Cet c,13.9,289.85950718,2051.62,3.929,0.023,4809.0,1.92,10.38,2023.0,Radial Velocity,82.9613
TOI-2345 b,1.504,3.49,1.0528573,0.01705,,4687.0,0.727,0.729,2025.0,Transit,81.6541
DMPP-1 e,1.86,4.13,5.516,0.0651,0.07,6196.0,1.21,1.26,2019.0,Radial Velocity,62.5388
Kepler-548 b,11.99,,4.454194338,0.0495,0.0,5535.0,0.93,0.9,2016.0,Transit,751.776
Kepler-260 c,1.74,3.68,76.050178,0.332,0.0,5250.0,1.013,0.862,2014.0,Transit,627.365
Kepler-1460 b,1.96,4.5,29.9633247,0.1614,0.0,4422.0,0.7,0.67,2016.0,Transit,553.218
HD 133131 B b,13.3,794.575,5769.0,6.15,0.61,5805.0,0.93,0.989538,2016.0,Radial Velocity,51.2993
HD 158259 d,2.18,5.41,5.1980814,,,5801.89,1.08,1.21,2020.0,Radial Velocity,27.0498
WASP-138 b,12.21781,387.7526,3.634433,0.0494,,6272.0,1.22,1.36,2016.0,Transit,414.234
TOI-5181 A b,13.34989601,330.54154328,3.8922295,0.0522,0.15,6060.0,1.25,1.53,2025.0,Transit,480.155
Kepler-599 b,2.84,8.45,15.65562652,0.1128,0.0,5127.0,0.83,0.79,2016.0,Transit,558.517
Kepler-158 d,0.43,0.0472,0.645088,,,4895.97,0.656,0.668,2024.0,Transit,315.177
Kepler-575 b,2.39,6.3,9.37891944,0.0788,0.0,5710.0,0.97,0.95,2016.0,Transit,853.977
EPIC 246851721 b,11.780659,953.49,6.180235,0.07229,,6202.0,1.317,1.586,2018.0,Transit,372.632
HD 1461 b,2.42,6.44,5.77152,0.0634,0.172,5765.0,1.02,1.152288,2010.0,Radial Velocity,23.4534
Gl 725 A b,1.48,2.78,11.2201,0.068,0.0,3433.0,0.33,0.351,2025.0,Radial Velocity,3.5214
Kepler-1218 b,1.44,2.67,22.9221266,0.15698,0.0,5986.0,1.06,1.1,2016.0,Transit,840.503
Kepler-1891 b,1.52139156,2.93,4.02229023,0.0473,0.0,5516.0,0.873,0.827,2021.0,Transit,596.24
Kepler-782 b,3.21,10.4,158.6853308,0.54494,0.0,5867.0,0.98,1.01,2016.0,Transit,446.844
Kepler-330 c,1.95,4.46,15.955387,0.116,0.0,5117.0,0.848,0.722,2014.0,Transit,717.527
Kepler-987 b,3.26,10.7,105.3033148,0.4238,0.0,5637.0,0.97,0.91,2016.0,Transit,914.126
Kepler-385 d,2.6186448,7.36,56.4159,0.2872,0.0,5829.0,1.05,1.157,2020.0,Transit,1432.61
Kepler-115 c,2.6,7.27,8.990889,0.087,0.0,5979.0,1.042,1.205,2014.0,Transit,623.609
TOI-2120 b,2.122,6.8,5.7998164,0.0377,0.32,3131.0,0.211,0.245,2024.0,Transit,32.1755
K2-395 b,2.597,7.26,4.803352,,,5007.0,0.952,0.783,2022.0,Transit,286.727
KOI-1833 d,2.58,11.02,7.685,0.0634,0.0,4413.0,0.681,0.667,2021.0,Transit,290.324
Kepler-734 b,3.56,12.4,6.104852856,0.0583,0.0,5326.0,0.85,0.78,2016.0,Transit,1157.21
HD 104067 c,3.69,13.2,13.8992,0.1058,0.29,4952.0,0.82,0.78,2024.0,Radial Velocity,20.3632
Kepler-514 b,1.72,3.61,5.65179605,0.06559,0.0,6106.0,1.28,1.44,2016.0,Transit,455.336
Kepler-1456 b,1.14,1.55,18.1373829,0.1132,0.0,4231.0,0.64,0.62,2016.0,Transit,370.312
TOI-1411 b,1.19880592,2.0,1.4520527,0.02122,0.0,4115.0,0.6045,0.614,2022.0,Transit,32.4778
Kepler-1614 b,1.49,2.83,3.9466141,0.0471,0.0,5121.0,0.79,0.76,2016.0,Transit,1191.19
CoRoT-20 b,9.41556,1366.669,9.24285,0.09,0.59,5880.0,1.14,1.02,2011.0,Transit,844.061
K2-187 d,2.4,6.35,7.149584,0.072,,5438.0,0.966999,0.83,2018.0,Transit,330.916
HD 44219 b,14.1,184.34047606,472.0,1.26,0.41,5752.0,1.2,1.32,2010.0,Radial Velocity,52.9051
Kepler-142 c,2.86,8.55,4.761702,0.057,0.0,5790.0,0.978,1.269,2014.0,Transit,548.686
HD 72659 b,13.2,949.67128012,3549.0,4.607,0.2393,5929.0,1.033,1.36,2002.0,Radial Velocity,51.8949
Kepler-652 b,2.49,6.76,4.182002531,0.04958,0.0,5490.0,0.97,0.88,2016.0,Transit,394.55
TOI-332 b,3.2,57.2,0.777038,0.0159,0.0,5251.0,0.88,0.87,2023.0,Transit,222.852
K2-62 b,2.02,4.74,6.67199,0.0636,,4455.0,0.67,0.696,2016.0,Transit,112.467
K2-380 b,2.729,7.89,9.401312,,,5911.0,0.993,1.32,2022.0,Transit,249.303
Kepler-785 b,13.02,,1.973760926,0.025,0.0,4739.0,0.77,0.71,2016.0,Transit,642.051
K2-224 b,1.56,3.05,4.47904,0.0516,,5620.0,0.91,0.84,2018.0,Transit,275.255
Kepler-1066 b,2.36,6.17,1.931559839,0.0298,0.0,5762.0,0.98,0.98,2016.0,Transit,344.251
Kepler-1315 c,1.84398883,4.06,6.566060066,0.0635,0.0,4818.0,0.809,0.856,2021.0,Transit,480.869
TOI-375 d,13.6,445.59542661,297.9,0.984,,5259.9,1.441,2.9,2026.0,Radial Velocity,396.213
KIC 9663113 b,4.6,19.2,572.3847,1.55346,0.0,6065.0,0.98,1.03,2015.0,Transit,1594.74
NGTS-12 b,11.747032,66.10864,7.532806,0.0757,0.0,5690.0,1.021,1.589,2020.0,Transit,446.442
Kepler-1240 b,1.15,1.6,4.8663815,0.05791,0.0,5682.0,0.98,0.96,2016.0,Transit,862.186
KIC 7917485 b,12.4,3750.394,840.0,,0.15,7067.0,1.63,2.009938,2016.0,Pulsation Timing Variations,1382.89
HD 26161 b,11.9,9045.39646322,10942.29013,10.087,0.922,6057.62,1.12,1.455981,2021.0,Radial Velocity,40.9128
Kepler-1323 b,1.52,2.92,0.929906678,0.01911,0.0,6169.0,1.18,1.4,2016.0,Transit,465.417
TOI-2379 b,11.72459381,1830.69162432,5.4693827,0.05263,0.342,3707.0,0.645,0.622,2024.0,Transit,211.247
Kepler-657 b,3.52,12.2,24.54350418,0.17337,0.0,5808.0,1.01,1.01,2016.0,Transit,1691.88
K2-198 c,1.423,2.61,3.3596055,,,5212.9,0.799,0.757,2019.0,Transit,110.567
HD 170469 b,14.1,209.7678,1145.0,2.24,0.11,5842.0,1.1,1.24,2007.0,Radial Velocity,60.178
Kepler-139 d,1.695,2.0,7.305699922,0.0755533961,0.0,5622.0,1.078,1.045,2023.0,Transit,391.038
Kepler-1639 b,2.58,7.18,9.878482,0.0932,0.0,6150.0,1.12,1.18,2016.0,Transit,1031.31
TOI-2580 b,17.37392009,200.23189641,3.39775,0.048,0.08,6120.0,1.33,1.81,2024.0,Transit,379.253
Kepler-1000 b,4.76,20.3,120.0181272,0.5326,0.0,6453.0,1.4,1.51,2016.0,Transit,1115.62
TOI-2088 b,3.6831179,37.0,124.72997,0.472,0.0,5081.0,0.9027,0.8481,2024.0,Transit,126.46
HIP 98599 b,12.7,2177.12458795,2656.0,3.96,0.169,5978.0,1.19,1.39484,2026.0,Radial Velocity,75.9428
K2-154 b,1.99,4.62,3.67626,0.0405,,4097.0,0.65,0.63,2018.0,Transit,129.356
Kepler-240 b,1.37,2.45,4.144495,0.048,0.0,4985.0,0.868,0.739,2014.0,Transit,746.927
HIP 38594 c,7.94,48.4,3477.768,3.805,0.16,4086.3,0.61,0.626646,2020.0,Radial Velocity,17.7886
Kepler-145 c,4.32,79.4,42.882,0.26244,0.11,6022.0,1.32,1.85,2013.0,Transit,566.85
Kepler-144 b,1.33,2.33,5.885273,0.066,0.0,6075.0,1.154,1.235,2014.0,Transit,384.917
TOI-1846 b,1.792,3.87,3.9306737,0.03646,,3568.0,0.418,0.397,2025.0,Transit,47.2496
Kepler-1957 b,0.94374867,0.79,2.186619997,0.0299,0.0,4904.0,0.745,0.772,2021.0,Transit,460.899
Kepler-219 b,2.95,9.01,4.585512,0.057,0.0,5786.0,1.164,1.491,2014.0,Transit,787.07
TIC 365102760 b,6.21,19.2,4.21285367,0.0622,0.406,4900.0,1.17,3.13,2024.0,Transit,555.546
Kepler-1153 b,1.73,3.64,1.755835327,0.0277,0.0,5470.0,0.91,0.88,2016.0,Transit,1119.49
Kepler-327 b,1.11,1.41,2.549575,0.029,0.0,3799.0,0.591913,0.492,2014.0,Transit,241.987
K2-72 b,1.08,1.28,5.577212,0.04,0.11,3360.47,0.271365,0.330989,2016.0,Transit,66.4321
TOI-5126 c,3.86,14.2,17.8999,0.1439,0.0,6150.0,1.24,1.241,2023.0,Transit,160.414
Kepler-405 b,2.08,4.98,10.613839,0.095,0.0,5818.0,0.873,0.893,2014.0,Transit,1065.08
Kepler-451 d,13.5,559.37799632,43.0,,0.0,29564.0,0.48,0.203,2022.0,Eclipse Timing Variations,396.332
Kepler-1421 b,0.93,0.749,6.9131112,0.07576,0.0,6335.0,1.25,1.42,2016.0,Transit,783.401
K2-332 b,2.2,5.48,17.70632,,,3315.0,0.27,0.28,2021.0,Transit,123.202
Kepler-1288 b,1.12,1.46,2.76122421,0.04135,0.0,6132.0,1.2,1.29,2016.0,Transit,814.078
GJ 1151 c,3.25,10.62,389.7,0.5714,,3280.0,0.1639,0.1781,2023.0,Radial Velocity,8.03625
Kepler-80 c,2.74,6.74,9.52355,0.0792,0.0079,4540.0,0.73,0.678,2012.0,Transit,369.451
Kepler-925 b,2.34,6.08,33.8678531,0.1805,0.0,4673.0,0.77,0.72,2016.0,Transit,611.115
Kepler-194 d,2.4,6.35,52.814973,0.275,0.0,6089.0,0.94,1.025,2014.0,Transit,1097.97
Kepler-945 b,2.63,7.41,31.0033814,0.2037,0.0,5718.0,0.97,0.97,2016.0,Transit,1651.25
HD 156846 b,12.4,3391.2461,359.51001,1.12,0.85,6090.0,1.38,1.9,2007.0,Radial Velocity,47.7332
TOI-2025 b,11.89272852,1144.1822652,8.8720982,0.0892,0.394,5977.0,1.199,1.459,2022.0,Transit,335.985
Kepler-1878 b,2.92019781,8.86,4.445879936,0.0521,0.0,5918.0,0.956,0.865,2021.0,Transit,1494.3
Kepler-1447 b,2.9,8.75,56.6747285,0.2836,0.0,5722.0,0.97,0.95,2016.0,Transit,890.296
Kepler-1805 b,1.54502915,3.0,8.847940445,0.0699,0.0,3867.0,0.581,0.552,2021.0,Transit,221.639
HD 158259 f,2.35,6.14,12.028,,,5801.89,1.08,1.21,2020.0,Radial Velocity,27.0498
Kepler-370 b,1.59,3.15,4.57953,0.054,0.0,5852.0,0.982,0.9,2014.0,Transit,1167.94
Kepler-956 b,3.0,9.27,5.248672631,0.06017,0.0,6040.0,1.1,1.15,2016.0,Transit,544.939
HD 63433 b,2.14,21.755,7.1079475,0.072,0.24,5553.0,0.956,0.934,2020.0,Transit,22.4035
Kepler-1142 b,1.47,2.76,18.3027248,0.1343,0.0,5685.0,0.97,0.96,2016.0,Transit,1273.51
Kepler-853 b,1.69,3.5,7.16892463,0.079,0.0,6350.0,1.3,1.55,2016.0,Transit,568.676
Kepler-451 c,13.5,511.70373527,1460.0,,0.29,29564.0,0.48,0.203,2022.0,Eclipse Timing Variations,396.332
WISPIT 1 b,12.4,3305.4154328,,338.0,,4670.0,0.72,1.1161,2025.0,Imaging,230.007
TOI-2529 b,11.54525012,743.71847238,64.5949,0.327,0.021,5802.0,1.11,1.7,2024.0,Transit,296.271
KOI-1599.01,1.9,4.6,20.4415,0.14728,0.014,5833.0,1.02,0.972,2019.0,Transit,1131.64
Kepler-1759 b,0.9037791,0.676,3.720230103,0.0429,0.0,5017.0,0.76,0.797,2021.0,Transit,385.348
Kepler-1215 b,1.22,1.98,4.76703963,0.0528,0.0,5616.0,0.95,0.93,2016.0,Transit,661.022
Kepler-1733 b,3.63582354,12.8,9.229579926,0.0933,0.0,6320.0,1.273,1.252,2021.0,Transit,2080.51
Kepler-357 c,2.67,7.61,16.85837,0.12,0.0,5036.0,0.794,0.834,2014.0,Transit,688.573
Kepler-194 c,2.59,7.22,17.308032,0.131,0.0,6089.0,0.94,1.025,2014.0,Transit,1097.97
Kepler-1056 b,3.01,9.32,27.495606,0.1629,0.0,6127.0,1.12,1.2,2016.0,Transit,982.51
Kepler-1424 b,1.16,1.65,29.6091744,0.19068,0.0,5838.0,1.02,1.07,2016.0,Transit,661.421
Kepler-1642 c,2.66,7.56,6.6513802,0.0678,0.0,5355.0,0.88,0.84,2016.0,Transit,413.873
HD 164595 b,4.16,16.14,40.0,0.23,0.088,5790.0,0.99,1.023606,2015.0,Radial Velocity,28.254
K2-24 c,7.93,16.4,42.34732,0.262,0.0282,5726.0,1.091,1.185,2016.0,Transit,170.562
Kepler-235 d,2.05,4.86,20.060548,0.122,0.0,4255.0,0.581,0.554,2014.0,Transit,428.018
HD 97037 b,12.1,6707.76852973,6449.08337,6.925,0.357,5874.1,1.06,1.26356,2022.0,Radial Velocity,32.413
Kepler-776 b,1.28,2.18,4.89718784,0.0523,0.0,5071.0,0.83,0.78,2016.0,Transit,727.904
K2-352 b,1.37,2.45,3.665912,,,5791.0,0.98,0.95,2021.0,Transit,176.051
TOI-3288 b,12.24020692,536.17652261,1.4338647,0.02285,0.021,4072.0,0.643,0.672,2025.0,Transit,200.5
Kepler-1420 b,1.28,2.18,6.69960006,0.0671,0.0,5187.0,0.82,0.79,2016.0,Transit,1054.37
K2-333 b,6.18,31.6,14.759287,,,5880.0,1.06,1.22,2021.0,Transit,343.99
Kepler-79 e,3.53,3.8,81.0665,0.39445,0.025,6389.0,1.244,1.316,2014.0,Transit,1020.72
Kepler-20 d,2.606,13.4,77.611455,0.3474,0.082,5495.0,0.929,0.9164,2011.0,Transit,282.563
DMPP-1 c,3.31,10.94,10.03,0.0973,0.22,6196.0,1.21,1.26,2019.0,Radial Velocity,62.5388
Kepler-947 b,2.28,5.82,26.9644317,0.1773,0.0,5508.0,0.9,0.87,2016.0,Transit,1730.78
Kepler-689 b,2.89,8.7,22.36656079,0.1449,0.0,5518.0,0.91,0.88,2016.0,Transit,1131.73
NGC 2682 YBP 1194 b,12.3,101.7056,6.959,,0.3,5780.0,1.01,0.99,2014.0,Radial Velocity,872.92
HD 211970 b,3.66,13.0,25.201,0.143,0.15,4127.0,0.61,0.574175,2019.0,Radial Velocity,13.1277
Kepler-336 c,2.1,5.06,9.600001,0.092,0.0,5867.0,1.09,1.304,2014.0,Transit,768.86
Kepler-423 b,13.361,189.101,2.6843285,0.03585,0.019,5560.0,0.85,0.95,2014.0,Transit,758.753
2M0437 b,13.0,1271.313628,,118.0,,3100.0,0.17,0.84,2021.0,Imaging,128.484
Kepler-561 b,6.96,38.7,58.3620495,0.29256,0.0,5646.0,0.96,0.94,2016.0,Transit,621.378
24 Boo b,13.9,280.64248338,30.33,0.194,0.032,4816.0,1.05,12.19,2018.0,Radial Velocity,95.9863
HD 74156 c,12.5,2753.98314665,2448.48726,3.678,0.377,6068.0,1.1,1.510576,2003.0,Radial Velocity,57.603
Kepler-1365 c,0.8,0.437,4.77468005,0.05701,0.0,5770.0,1.0,1.05,2016.0,Transit,840.128
HD 20003 c,3.89,14.44,33.9239,0.1964,0.1,5494.0,0.875,0.921637,2019.0,Radial Velocity,41.8316
Kepler-716 b,2.9,8.75,10.37168453,0.08628,0.0,5099.0,0.83,0.78,2016.0,Transit,635.009
TOI-4562 b,12.53,732.0,225.1064,0.768,0.76,6096.0,1.192,1.152,2023.0,Transit,339.605
HD 134606 b,2.97,9.09,12.089,0.1046,0.092,5576.0,1.046,1.158,2024.0,Radial Velocity,26.7909
K2-66 b,2.49,21.3,5.06963,0.05983,0.0,5887.0,1.11,1.67,2016.0,Transit,513.877
TIC 437041147 b,2.21526814,5.54,3.82301421497,,,5224.36,0.931,0.961092,2026.0,Transit,246.6
Kepler-583 b,2.28,5.82,6.5100253,0.0689,0.0,5523.0,0.94,0.91,2016.0,Transit,867.271
Kepler-1649 c,1.06,1.2,19.53527,0.0649,0.0,3240.0,0.1977,0.2317,2020.0,Transit,92.1913
WASP-57 b,11.76945,204.68252,2.83891856,0.03769,0.0,5600.0,0.886,0.927,2012.0,Transit,398.276
Kepler-381 d,1.0667865,1.23,8.256299973,0.08364,0.0,6197.0,1.198,2.188,2021.0,Transit,267.323
TOI-1199 b,10.5140239,75.96098927,3.671463,0.04988,0.03,5710.0,1.23,1.45,2024.0,Transit,248.427
TOI-4961 b,12.34108775,572.0911326,7.479182,0.0726,0.182,5380.0,0.912,0.912,2025.0,Transit,213.073
Kepler-118 c,7.68,45.7,20.17202,0.141,0.0,5274.0,0.811,1.094,2014.0,Transit,574.228
Kepler-278 b,3.955,56.0,30.1556,0.202,0.696,4965.0,1.227,2.861,2014.0,Transit,443.03
K2-268 e,1.33,2.33,6.131243,,,5106.0,0.84,0.78,2021.0,Transit,327.783
Kepler-1254 d,1.31,2.27,5.72717226,0.0575,0.0,4985.0,0.78,0.75,2016.0,Transit,622.818
HD 167768 b,13.9,270.15414595,20.6532,0.1512,0.149,4851.0,1.08,9.7,2022.0,Radial Velocity,107.214
TOI-1036 b,6.28499593,32.5,3.77952125496,,,5664.68,1.03,1.17554,2026.0,Transit,184.015
EPIC 212424622 b,2.17,5.35,18.0983,,,5782.33,1.106,1.2247,2019.0,Transit,611.804
Kepler-1915 b,3.21798413,10.4,13.83539963,0.114,0.0,6020.0,1.03,1.057,2021.0,Transit,1514.66
Kepler-1734 b,3.08851092,9.74,6.796850204,0.0714,0.0,6061.0,1.05,0.97,2021.0,Transit,1482.83
Kepler-960 b,2.29,5.86,3.12686223,0.03807,0.0,4755.0,0.77,0.72,2016.0,Transit,284.916
HD 208897 b,13.7,379.48711796,358.27,1.063,0.02,4860.0,1.25,4.98,2017.0,Radial Velocity,67.4872
Kepler-1386 b,1.24,2.07,6.73972381,0.068,0.0,5733.0,1.02,1.03,2016.0,Transit,835.882
Kepler-1921 c,1.41,2.57,3.15722086,0.0454,0.0,6120.0,1.251,2.0,2023.0,Transit,928.989
Kepler-1225 b,1.82,3.97,7.01075434,0.0771,0.0,6140.0,1.13,1.19,2016.0,Transit,1347.52
Kepler-1708 b,9.96,1462.0106722,737.1131,1.64,0.4,6157.0,1.088,1.117,2021.0,Transit,1666.69
HD 96700 b,2.93,8.9,8.1245,0.0777,0.138,5845.0,0.89,1.16,2021.0,Radial Velocity,25.4111
Kepler-208 b,1.63,3.29,4.22864,0.054,0.0,6092.0,1.082,1.314,2014.0,Transit,775.328
Kepler-1146 b,1.23,2.04,2.352265797,0.0325,0.0,4692.0,0.74,0.7,2016.0,Transit,703.038
WASP-100 b,14.90797,400.4658,2.84938,0.04574,0.0,6900.0,0.77,1.57,2014.0,Transit,364.411
Kepler-1643 b,2.32,5.99,5.342657,0.0531,0.0,4916.0,0.845,0.855,2016.0,Transit,341.774
Kepler-215 d,2.39,23.6,30.864423,0.185,0.0,5739.0,0.788,1.027,2014.0,Transit,485.997
EPIC 212737443 b,2.586,7.2,13.603,0.098,0.2,4684.0,0.69,0.673,2019.0,Transit,336.25
TOI-2169 A b,12.50922246,329.58805806,8.2148282,0.0896,0.045,6270.0,1.42,1.82,2025.0,Transit,351.487
K2-259 b,2.32,5.99,15.48043,0.1271,,6059.0,1.14,1.13,2018.0,Transit,416.457
TOI-5292 A b,12.64373023,412.85910069,2.02191,0.0279,0.034,3919.0,0.596,0.611,2026.0,Transit,337.095
Kepler-401 c,2.15,5.27,47.318218,0.269,0.0,6117.0,1.173,1.333,2014.0,Transit,965.56
Kepler-888 b,1.76,3.75,70.6979061,0.31481,0.0,5875.0,0.97,0.9,2016.0,Transit,420.817
Kepler-740 b,4.57,18.9,3.584101216,0.0462,0.0,5438.0,0.91,0.87,2016.0,Transit,1442.02
Kepler-1673 b,2.9355194,8.93,33.7888,0.21363,0.0,6014.95,1.11,1.13166,2020.0,Transit,727.187
Kepler-1322 c,2.15492527,5.29,6.459980011,0.0652,0.0,5704.0,0.897,0.804,2021.0,Transit,1350.32
Kepler-1211 b,2.55,7.04,11.01816836,0.09763,0.0,5705.0,0.96,0.94,2016.0,Transit,1826.53
HIP 78530 b,12.0,7300.0,,740.0,,10500.0,2.5,2.10876,2010.0,Imaging,136.759
Kepler-48 f,13.8,298.5809968,5219.681854,5.719187877,0.015283,5190.0,0.916,0.836,2023.0,Radial Velocity,306.738
Kepler-1750 b,6.00434637,30.1,205.9120026,0.6785,0.0,5644.0,0.981,0.969,2021.0,Transit,1497.33
TOI-4308 b,2.4189,6.43,9.151201,,,5243.0,0.9,0.7934,2023.0,Transit,108.932
HD 18015 b,13.1,1048.8337431,2278.0,3.87,0.148,5603.0,1.49,3.13,2018.0,Radial Velocity,123.801
TOI-1798.02,1.464,5.6,0.437811822,0.010789,0.0,5165.0,0.87,0.78,2024.0,Transit,113.181
Kepler-24 b,2.348,11.14,8.14,0.08045,0.023,6028.0,1.06,1.099,2011.0,Transit,1156.81
Kepler-1875 b,3.22686692,10.5,34.45859909,0.2039,0.0,6161.0,0.95,0.862,2021.0,Transit,1660.45
Kepler-1642 b,3.2,10.3,12.2057513,0.1016,0.0,5355.0,0.88,0.84,2016.0,Transit,413.873
HD 33142 c,13.9,282.86728223,810.2,1.955,0.081,5025.4,1.52,4.17,2016.0,Radial Velocity,121.375
Kepler-864 b,2.4,6.35,5.83376092,0.0687,0.0,5754.0,1.0,1.0,2016.0,Transit,2022.9
HD 181720 b,14.0,127.132,956.0,1.85,0.26,5736.0,1.03,1.5,2009.0,Radial Velocity,60.2046
TOI-6677 b,5.83507112,28.7,5.45060661625,,,6572.28,1.45,1.57167,2026.0,Transit,340.52
Kepler-1394 b,1.39,2.51,3.93766373,0.05474,0.0,6481.0,1.64,2.55,2016.0,Transit,640.409
Kepler-1672 b,2.97022762,9.11,150.878,0.55374,0.0,6131.95,1.16,1.08841,2020.0,Transit,391.181
HD 331093 b,13.6,476.7426105,621.62,1.44,0.59,5544.0,1.03,1.1112,2021.0,Radial Velocity,50.1928
Kepler-58 d,2.94,245.343,40.101371,0.236,0.0,6099.0,1.024,1.127,2014.0,Transit,969.252
Kepler-404 c,1.72,3.61,14.751166,0.118,0.0,5654.0,0.86,0.884,2014.0,Transit,812.524
Kepler-1254 b,1.55,3.02,9.99113313,0.0833,0.0,4985.0,0.78,0.75,2016.0,Transit,622.818
HD 37124 d,14.0,221.20968,1862.0,2.807,0.16,5698.64,0.85,0.949168,2005.0,Radial Velocity,31.6634
WASP-3 b,15.91678,772.3269,1.84683,0.0315,0.0,6400.0,1.62,1.44,2007.0,Transit,231.161
Kepler-1936 b,3.16615594,10.2,126.5569992,0.52662,0.0,6501.0,1.419,1.854,2021.0,Transit,871.096
Kepler-1615 b,2.06,4.9,47.3126192,0.2788,0.0,5865.0,1.04,1.05,2016.0,Transit,1393.83
Kepler-327 d,1.73,3.64,13.969457,0.09,0.0,3799.0,0.591913,0.492,2014.0,Transit,241.987
Kepler-1301 b,1.4,2.54,9.08237046,0.0815,0.0,5188.0,0.85,0.81,2016.0,Transit,854.28
Kepler-784 c,1.55,3.02,17.157236,0.1309,0.0,5676.0,1.016,1.487,2023.0,Transit,1303.72
Kepler-1553 b,1.15,1.6,4.24261881,0.0481,0.0,5288.0,0.85,0.81,2016.0,Transit,692.594
Kepler-1862 b,2.203,5.49,16.05730057,0.1199,0.0,5644.0,0.9,0.806,2021.0,Transit,1232.19
Kepler-990 b,2.6,7.27,9.91723428,0.08595,0.0,5948.0,1.05,1.08,2016.0,Transit,802.163
Kepler-1537 b,1.18,1.76,1.444453798,0.0245,0.0,5079.0,0.81,0.77,2016.0,Transit,517.292
HATS-28 b,13.383546,213.58176,3.1810781,0.04131,0.202,5498.0,0.929,0.922,2016.0,Transit,535.383
HR 858 d,2.001,7.1,11.230511,0.1046,0.0,6354.0,1.204,1.258,2019.0,Transit,31.964
TOI-2193 A b,19.83989584,298.75870258,2.1225735,0.03319,0.0,5966.0,1.082,1.248,2022.0,Transit,337.064
GJ 9773 b,14.2,172.580825,2965.0,2.921,0.218,3528.0,0.358,0.362,2025.0,Radial Velocity,15.9211
Kepler-1785 b,2.70422447,7.77,19.58550072,0.13917,0.0,5618.0,0.911,0.996,2021.0,Transit,745.74
Kepler-130 d,1.64,3.33,87.517905,0.377,0.8,5884.0,0.927,1.127,2014.0,Transit,316.663
HD 13808 c,3.13,9.96,53.753,0.2554,0.156,5035.0,0.771,0.781,2021.0,Radial Velocity,28.2305
Kepler-340 b,2.53,6.94,14.844387,0.134,0.0,6620.0,1.65,1.85,2014.0,Transit,808.762
HD 125271 b,12.4,3465.60094993,14901.99295,10.817,0.165,4703.93,0.75,0.751364,2022.0,Radial Velocity,39.3466
Kepler-1085 b,7.22,41.2,219.3217528,0.73361,0.0,6000.0,1.11,1.14,2016.0,Transit,1364.53
Kepler-1404 b,2.01,4.7,15.9314739,0.1143,0.0,5261.0,0.84,0.8,2016.0,Transit,962.183
K2-99 c,12.6,2669.7586188,522.2,1.43,0.21,6069.0,1.44,2.55,2022.0,Radial Velocity,519.229
TOI-1728 b,5.05,26.78,3.49151,0.0391,0.057,3980.0,0.646,0.6243,2020.0,Transit,60.798
HATS-74 A b,11.56766808,464.02947422,1.73185606,0.02384,0.044,3776.9,0.601,0.5758,2021.0,Transit,299.389
Kepler-1207 b,1.62,3.26,13.68237119,0.1156,0.0,5909.0,1.06,1.06,2016.0,Transit,1754.19
Kepler-1636 b,3.23,10.5,425.47785,1.12191,0.0,5797.0,1.01,1.02,2016.0,Transit,1947.54
Kepler-1267 b,3.01,9.32,13.0313945,0.1057,0.0,6096.0,1.15,1.2,2016.0,Transit,1379.43
K2-73 c,13.0,1142.0,1000.0,,,5867.0,1.02,1.058,2025.0,Radial Velocity,269.183
Kepler-1795 b,1.66301611,3.4,13.36019993,0.1002,0.0,4500.0,0.768,0.688,2021.0,Transit,
K2-285 b,2.59,9.68,3.471745,0.03817,0.0,4975.0,0.83,0.787,2018.0,Transit,154.961
WISPIT 1 c,12.8,1684.4905571,,840.0,,4670.0,0.72,1.1161,2025.0,Imaging,230.007
TIC 349520724 b,2.82626313,8.38,7.94044635021,,,5098.6,0.89,0.818771,2026.0,Transit,241.105
LP 714-47 b,4.25,28.38,4.052032,0.04056,0.022,4123.0,0.542,0.536,2020.0,Transit,52.616
Kepler-963 b,2.66,7.56,9.97683705,0.0849,0.0,5461.0,0.91,0.87,2016.0,Transit,771.494
XO-2 S b,10.9,82.63538582,18.22,0.1347,0.15,5325.0,0.98,1.02,2014.0,Radial Velocity,151.398
Kepler-1748 b,2.71275017,7.81,5.823520184,0.0615,0.0,5774.0,0.916,0.864,2021.0,Transit,1083.28
Kepler-336 d,2.37,6.21,20.678772,0.154,0.0,5867.0,1.09,1.304,2014.0,Transit,768.86
Kepler-712 b,3.41,11.5,21.02247699,0.13615,0.0,5148.0,0.84,0.78,2016.0,Transit,872.493
TOI-4364 b,2.01,4.7,5.424019,0.04753,0.29,3528.0,0.487,0.4684,2025.0,Transit,43.9662
Kepler-247 b,1.64,3.33,3.33616,0.042,0.0,5100.0,0.887,0.768,2014.0,Transit,663.711
TOI-5628 A b,8.29464572,28.60455663,4.3416612,0.0368,0.0,3310.0,0.36,0.35,2026.0,Transit,110.03
EPIC 201427007 b,1.5,2.86,0.72091,,,5633.0,0.93,0.94,2021.0,Transit,706.391
TOI-2992 b,13.75341932,1058.36859531,3.007812,0.0434,0.089,6000.0,1.21,1.545,2025.0,Transit,542.026
K2-268 b,1.5,2.86,2.151676,0.0308,,5106.0,0.84,0.78,2018.0,Transit,327.783
Kepler-1096 b,1.24,2.07,2.892217506,0.034,0.0,4306.0,0.66,0.63,2016.0,Transit,377.976
TOI-615 b,18.97680433,138.25535705,4.6615983,0.0678,0.39,6850.0,1.449,1.732,2023.0,Transit,360.408
HAT-P-28 b,13.585,198.953,3.257215,0.0434,0.051,5680.0,1.025,1.103,2011.0,Transit,401.319
Kepler-667 b,4.73,20.1,41.43962808,0.2288,0.0,5327.0,0.91,0.87,2016.0,Transit,2302.45
Kepler-557 b,2.67,7.61,3.705989551,0.0469,0.0,6068.0,1.11,1.16,2016.0,Transit,2097.12
EPIC 206024342 d,2.6,7.27,14.647531,,,5724.0,0.928,1.1,2021.0,Transit,369.888
rho CrB c,5.68,27.442,102.036,0.4206,0.048,5817.0,1.0,1.3617,2016.0,Radial Velocity,17.4671
Kepler-483 b,3.21,10.4,30.229104,0.19471,0.0,6346.0,1.28,1.47,2016.0,Transit,860.355
HD 73534 b,13.7,353.42696,1750.0,2.99,0.126,4917.0,1.16,2.58,2008.0,Radial Velocity,83.3321
HD 35843 b,2.29,5.84,9.8991,0.088,0.0,5666.0,0.94,0.897,2025.0,Radial Velocity,69.6026
Kepler-116 b,3.42,11.6,5.968734,0.069,0.0,6142.0,1.198,1.454,2014.0,Transit,955.168
HAT-P-62 b,12.02723629,241.86741773,2.6453235,0.03772,0.101,5629.0,1.023,1.17,2021.0,Transit,348.815
TOI-3896 b,3.14949237,10.1,4.37730369667,,,5110.91,0.86,0.747752,2026.0,Transit,181.653
Kepler-443 b,2.33,6.04,177.6693,0.495,0.11,4723.0,0.738,0.706,2015.0,Transit,802.271
TOI-4504 d,11.26,643.0,41.2871975,0.2219,0.293,5315.0,0.875,0.93,2024.0,Transit Timing Variations,342.605
HD 150010 b,13.3,762.7881768,562.0,1.4,0.2,4153.0,1.3,16.2,2022.0,Radial Velocity,144.49
Kepler-552 b,3.95,14.8,5.263415765,0.0612,0.0,5863.0,1.03,1.04,2016.0,Transit,843.689
TOI-2719 b,5.98,29.9,3.37594,,,5762.0,1.02,1.69,2025.0,Transit,588.368
HD 23596 b,12.4,3786.607641,1535.11912,2.694,0.282,6040.0,1.1,1.53,2003.0,Radial Velocity,52.0018
K2-347 b,2.41,6.39,7.187257,,,4599.0,0.66,0.63,2021.0,Transit,320.336
Kepler-812 b,3.55,12.3,10.11716531,0.1024,0.0,6761.0,1.45,1.71,2016.0,Transit,1482.74
TOI-2266 b,1.54,2.99,2.326318,0.02,,3200.0,0.23,0.24,2024.0,Transit,51.6004
Kepler-1187 b,2.61,7.32,18.87064068,0.1401,0.0,5975.0,1.06,1.09,2016.0,Transit,1020.53
Kepler-1547 b,0.9,0.666,0.692979676,0.01556,0.0,6078.0,1.12,1.18,2016.0,Transit,674.695
Kepler-170 b,3.2,82.6,7.930592,0.08,0.0,5679.0,1.066,1.035,2014.0,Transit,738.657
GJ 15 A b,1.55,3.03,11.4407,0.072,0.094,3607.0,0.38,0.38,2014.0,Radial Velocity,3.56228
Kepler-100 b,1.34,4.01,6.88734,0.07309,0.13,5837.0,1.13,1.51,2014.0,Transit,304.645
Kepler-1258 b,0.86,0.566,0.984940167,0.01824,0.0,5839.0,0.99,0.99,2016.0,Transit,717.555
NSVS 14256825 b,12.3,4497.2945,3225.0,3.12,0.12,40000.0,0.419,0.188,2019.0,Eclipse Timing Variations,820.877
TOI-1266 b,2.52,4.46,10.8945,0.073,0.039,3563.0,0.437,0.4232,2020.0,Transit,36.0118
Kepler-659 b,2.5,6.8,17.671796,0.1204,0.0,4870.0,0.79,0.74,2016.0,Transit,722.64
GJ 27.1 b,3.66,13.0,15.819,0.101,0.08,3542.0,0.53,0.518887,2014.0,Radial Velocity,23.6062
TOI-4495 c,4.03,23.2,5.18553,0.06323,0.023,6210.0,1.247,1.309,2024.0,Transit,132.214
Kepler-798 b,2.39,6.3,13.71933369,0.1174,0.0,6224.0,1.19,1.29,2016.0,Transit,972.274
TOI-5082.01,2.54811,7.03,4.240122,0.051204842,,5670.0,0.99665,0.93,2024.0,Transit,43.1406
Kepler-364 c,2.15,5.27,59.980627,0.312,0.0,6108.0,1.076,1.284,2014.0,Transit,891.462
TOI-1260 d,3.12,11.84,16.608164,0.1116,0.0,4227.0,0.679,0.672,2022.0,Transit,73.5977
HD 50499 b,13.5,519.96988,2447.1,3.833,0.266,6102.0,1.253,1.351,2005.0,Radial Velocity,46.2845
HD 20794 f,2.28,5.82,647.6,1.3541,0.45,5368.0,0.79,0.93,2025.0,Radial Velocity,6.00278
Kepler-1595 b,1.23,2.04,4.56380468,0.051,0.0,5203.0,0.84,0.8,2016.0,Transit,845.022
HD 99109 b,14.3,139.8452,439.29999,1.11,0.09,5282.0,0.76,0.98,2005.0,Radial Velocity,54.7901
KOI-3503 b,1.19,9.2,21.185,0.14247,0.0,6001.0,0.858,1.255,2021.0,Transit,887.064
Kepler-526 b,1.99,4.62,5.458498316,0.06518,0.0,5894.0,1.15,1.14,2016.0,Transit,666.146
HD 28109 c,4.13,9.2,55.99712,0.308,0.0039,6189.0,1.227,1.425,2022.0,Transit,139.611
K2-11 b,7.55,44.4,39.93767,0.2257,,5433.0,1.35,5.15,2015.0,Transit,329.309
NGTS-26 b,14.88552637,92.80589484,4.5199279,0.049,0.0,5550.0,0.96,1.16,2024.0,Transit,1093.69
KOI-319 b,10.67,3178.28407,46.14827,0.2668,0.034,5880.0,1.325,2.064,2014.0,Transit,660.138
TOI-1743 b,1.83,4.01,4.266046,0.03589,,3277.0,0.339,0.338,2025.0,Transit,41.2758
Kepler-1837 b,2.06673842,4.92,5.906089783,0.065,0.0,5966.0,1.049,0.961,2021.0,Transit,1229.18
Kepler-1986 b,1.89,4.23,19.5489666,0.1307,0.0,5549.0,0.776,0.732,2023.0,Transit,912.085
Kepler-696 b,6.14,31.3,4.190425575,0.0535,0.0,5903.0,1.06,1.08,2016.0,Transit,1416.44
Kepler-189 c,2.38,22.7,20.134866,0.137,0.0,5235.0,0.803,0.75,2014.0,Transit,591.534
HD 105618 b,5.44,25.42627256,10.02245,0.091,0.455,5671.0,1.01,1.27399,2022.0,Radial Velocity,70.0837
TOI-1301.01,2.477,6.7,6.096407209,0.059866,,4820.0,0.77,0.732,2024.0,Transit,90.8693
Kepler-1497 b,1.66,3.39,8.74199772,0.0817,0.0,5675.0,0.96,0.95,2016.0,Transit,1122.0
EPIC 212624936 b,1.2,1.87,0.578657,,,5765.0,1.0,0.93,2021.0,Transit,561.929
Kepler-194 b,1.51,2.89,2.092281,0.032,0.0,6089.0,0.94,1.025,2014.0,Transit,1097.97
Kepler-661 b,3.07,9.64,6.029301321,0.0585,0.0,4483.0,0.7,0.67,2016.0,Transit,534.788
Kepler-529 c,2.0,4.66,12.8345022,0.1075,0.0,6087.0,1.07,1.14,2016.0,Transit,799.008
HAT-P-61 b,10.07687365,335.9446262,1.90231289,0.0301,0.113,5587.0,1.004,0.938,2021.0,Transit,338.84
TOI-2589 b,12.10569916,1112.3994245,61.6277,0.3,0.522,5579.0,0.93,1.07,2023.0,Transit,200.273
HD 95872 b,13.0,1188.6842,4375.0,5.15,0.06,5312.0,0.7,0.84,2015.0,Radial Velocity,72.2195
Kepler-1412 b,0.83,0.498,3.6146051,0.04608,0.0,5880.0,1.06,1.27,2016.0,Transit,755.678
Kepler-760 c,1.48,2.79,2.46697439,0.03489,0.0,5322.0,0.89,0.85,2016.0,Transit,792.336
2MASS J0249-0557 c,17.37392009,3616.88727166,,1950.0,,2859.0,0.046,0.315959,2018.0,Imaging,66.0613
TOI-4504 c,11.17,821.0,82.819093,0.3593,0.04987,5315.0,0.875,0.93,2024.0,Transit,342.605
Kepler-1540 b,2.49,6.76,125.4131177,0.4426,0.0,4540.0,0.74,0.69,2016.0,Transit,244.96
TIC 445839811 b,2.47771211,6.7,11.1086260318,,,5408.25,0.95,0.850041,2026.0,Transit,235.655
Kepler-225 c,1.84,4.04,18.794234,0.111,0.0,3682.0,0.593,0.48,2014.0,Transit,561.101
Kepler-180 b,1.5,2.86,13.817124,0.109,0.0,5731.0,0.95,1.063,2014.0,Transit,695.65
HD 18438 b,12.1,6674.396547,803.0,2.1,0.1,3860.0,1.84,88.475,2023.0,Radial Velocity,224.146
HD 154088 b,2.46,6.6,18.56,0.134,0.344,5374.0,0.91,0.95,2021.0,Radial Velocity,18.2692
HD 24064 b,12.3,4096.8287,535.59998,1.29,0.35,4052.0,1.61,40.0,2015.0,Radial Velocity,300.247
Kepler-1349 b,0.7,0.271,2.12823928,0.03421,0.0,6086.0,1.16,1.28,2016.0,Transit,276.323
HD 29399 b,13.5,498.99059899,892.7,1.913,0.05,4845.0,1.17,4.5,2022.0,Radial Velocity,44.1518
TOI-4511 b,2.75304932,8.01,10.98090968596,,,5418.77,1.017,1.00145,2026.0,Transit,121.832
Kepler-411 e,3.28,10.8,31.509728,0.186,0.016,4974.0,0.87,0.82,2018.0,Transit Timing Variations,153.676
eps Ind A b,12.7,2065.8846455,25450.0,15.76,0.25,4700.0,0.8,0.713,2019.0,Radial Velocity,3.63857
Kepler-1306 b,1.91,4.31,16.29595382,0.123,0.0,5727.0,0.98,0.97,2016.0,Transit,1107.5
TOI-2200 b,6.96310517,38.7,2.93602836512,,,5036.17,0.85,0.826247,2026.0,Transit,251.245
K2-285 c,3.53,15.68,7.138048,0.0824,0.0,4975.0,0.83,0.787,2018.0,Transit,154.961
Kepler-345 b,0.74,0.48,7.415563,0.066,0.0,4504.0,0.61,0.623,2014.0,Transit,260.0
Kepler-539 c,13.3,762.792,1000.0,2.42,0.5,5820.0,1.048,0.952,2016.0,Transit Timing Variations,307.318
HD 33844 b,13.4,638.8383,551.40002,1.6,0.15,4861.0,1.84,5.39,2015.0,Radial Velocity,105.779
GJ 317 c,13.6,454.49462201,6500.0,5.04,0.217,3496.0,0.402,0.403,2016.0,Radial Velocity,15.1968
Kepler-467 b,2.25,5.69,24.99324193,0.16848,0.0,5809.0,1.05,1.37,2016.0,Transit,466.265
Kepler-964 b,2.12,5.14,13.5225106,0.1073,0.0,5427.0,0.93,0.84,2016.0,Transit,454.626
TOI-1386 c,10.3,75.2,232.0,0.75,0.38,5735.0,1.0363,1.0235,2024.0,Radial Velocity,146.858
HD 99706 c,12.8,1808.4527,1278.0,,0.411,4891.0,1.72,5.4,2016.0,Radial Velocity,146.6
Kepler-1262 b,1.82,3.97,8.67900242,0.083,0.0,5771.0,0.99,0.98,2016.0,Transit,1054.87
BEBOP-3 b,14.2,177.34825111,547.0,1.444,0.247,6033.0,1.083,1.414,2025.0,Radial Velocity,119.052
Kepler-1071 b,2.38,6.26,6.1799844,0.0629,0.0,5215.0,0.86,0.81,2016.0,Transit,1042.27
Kepler-1515 b,9.55,66.2,214.3114164,0.75235,0.0,6511.0,1.3,1.41,2016.0,Transit,539.321
Kepler-1809 b,1.513,2.9,3.7572999,0.04444,0.0,4901.0,0.807,0.716,2021.0,Transit,409.602
K2-242 b,2.54,6.99,6.51389,0.0494,,3459.0,0.38,0.37,2018.0,Transit,109.237
TIC 77319217 b,3.10879526,9.85,7.54830765124,,,5961.52,1.16,1.18439,2026.0,Transit,267.62
Kepler-649 b,2.26,5.73,29.90722674,0.17522,0.0,5871.0,0.97,0.94,2016.0,Transit,513.748
HAT-P-55 b,14.84069045,189.42573057,3.5852313,0.04628,0.17,5804.0,1.028,1.105,2015.0,Transit,511.388
Kepler-344 c,2.95,9.01,125.596809,0.488,0.0,5774.0,0.931,0.976,2014.0,Transit,1002.94
HIP 65891 b,12.7,1938.7532827,1089.6,2.82,0.09,5000.0,2.5,8.93,2015.0,Radial Velocity,150.292
GJ 4274 c,2.83,8.39,69.57,0.186,,3228.0,0.18,0.19,2026.0,Radial Velocity,7.23556
Kepler-1111 b,2.0,4.66,8.79617863,0.0872,0.0,6077.0,1.1,1.15,2016.0,Transit,841.536
Kepler-172 b,2.35,6.12,2.940309,0.04,0.0,5526.0,1.081,1.085,2014.0,Transit,828.592
K2-139 b,9.11,123.00021,28.380619,0.1796,0.12,5370.0,0.96,0.88,2017.0,Transit,153.856
HD 64121 b,13.2,813.64072192,623.0,1.51,0.11,5078.0,1.64,5.44,2022.0,Radial Velocity,129.966
Kepler-902 b,2.54,6.99,40.1099547,0.223,0.0,5647.0,0.95,0.93,2016.0,Transit,1165.34
Kepler-894 b,2.78,8.15,9.803224,0.0916,0.0,5603.0,0.87,0.85,2016.0,Transit,1162.91
Kepler-1794 b,1.79426276,3.87,9.762980461,0.0821,0.0,5052.0,0.773,0.816,2021.0,Transit,561.229
TOI-1064 b,2.587,13.5,6.443868,0.06152,0.047,4734.0,0.748,0.726,2022.0,Transit,68.0726
Kepler-884 b,1.23,2.04,5.69919514,0.06116,0.0,5715.0,1.0,0.94,2016.0,Transit,476.733
Kepler-1019 b,1.46,2.73,1.411229847,0.0221,0.0,4433.0,0.7,0.67,2016.0,Transit,194.182
WASP-28 b,13.66374747,282.54945382,3.40883495,0.0442,0.0,6084.0,0.993,1.083,2014.0,Transit,348.494
GJ 3341 b,2.46,6.6,14.207,0.089,0.31,3526.0,0.47,0.439,2015.0,Radial Velocity,23.619
TOI-4552 b,1.11,1.83,0.30110032,0.0056255,0.0,3258.0,0.2619,0.2869,2026.0,Transit,27.2684
GJ 1289 b,2.38,6.27,111.74,0.27,0.0,3296.0,0.21,0.245012,2024.0,Radial Velocity,8.35147
Kepler-555 b,2.83,8.4,16.21775407,0.1201,0.0,5894.0,1.03,1.04,2016.0,Transit,973.121
Kepler-683 b,1.97,4.54,2.539183179,0.0355,0.0,5703.0,0.96,0.95,2016.0,Transit,1023.07
HATS-10 b,10.861521,167.17858,3.312846,0.04491,0.501,5880.0,1.101,1.105,2015.0,Transit,534.889
Kepler-1977 b,1.66,3.39,4.53702121,0.0486,0.0,4805.0,0.769,0.688,2023.0,Transit,592.711
Kepler-715 b,3.75,13.5,10.00652995,0.0933,0.0,5871.0,1.04,1.04,2016.0,Transit,1327.44
TOI-1694 b,5.27,28.24,3.7701389,0.0445,0.122,5005.0,0.828,0.812,2023.0,Transit,124.68
Kepler-164 d,2.45,6.57,28.986769,0.187,0.0,5888.0,1.036,1.148,2014.0,Transit,890.758
Kepler-786 b,2.43,6.48,53.5293487,0.25483,0.0,4838.0,0.81,0.74,2016.0,Transit,485.318
TOI-3785 b,5.14,14.95,4.6747373,0.043,0.11,3576.0,0.52,0.5,2023.0,Transit,79.7634
WASP-145 A b,10.0881,282.8687,1.7690381,0.0261,0.0,4900.0,0.76,0.68,2018.0,Transit,91.299
WASP-136 b,16.81347105,479.92089457,5.21536178778,0.0661,0.0,6250.0,1.41,2.39014,2016.0,Transit,275.587
HATS-12 b,7.76,759.6137,3.142702,0.0441,0.085,6357.0,1.16,1.17,2016.0,Transit,746.138
TOI-1296 b,14.11645916,95.3,3.9443736,0.051,0.0,5567.0,1.1576,1.7031,2021.0,Transit,323.265
HD 98736 b,13.3,740.5439,968.8,1.864,0.226,5271.0,0.92,0.93,2018.0,Radial Velocity,32.4459
Kepler-1136 b,1.64,3.33,2.361724329,0.0299,0.0,4512.0,0.72,0.68,2016.0,Transit,491.406
GJ 667 C f,1.45,2.7,39.026,0.156,0.03,3350.0,0.33,,2013.0,Radial Velocity,7.24396
Kepler-635 b,2.64,7.46,23.44971004,0.18332,0.0,6174.0,1.33,1.51,2016.0,Transit,1141.08
TOI-1279 b,2.66146528,10.6,9.61419,0.085,0.0,5457.0,0.8784,0.8426,2024.0,Transit,107.055
Kepler-468 b,13.34,,38.478757067,0.2213,0.0,5498.0,0.96,0.87,2016.0,Transit,442.871
DE CVn b,12.4,3823.27330161,4098.1,5.75,0.0,3579.0,0.51,0.424754,2018.0,Eclipse Timing Variations,30.5225
TOI-682.01,3.74186,13.5,6.8392388,,,5085.0,0.85,1.08,2021.0,Transit,83.1548
USco CTIO 108 b,12.3,4449.62,,670.0,,2700.0,0.06,0.345365,2008.0,Imaging,144.019
Kepler-1496 b,2.22,5.56,64.6588017,0.3211,0.0,6182.0,1.18,1.27,2016.0,Transit,1307.66
HD 102272 b,12.9,1570.0802,127.58,0.51,0.05,4790.0,1.45,10.3,2008.0,Radial Velocity,347.097
Kepler-366 c,1.79,3.86,12.51616,0.11,0.0,6209.0,1.088,1.048,2014.0,Transit,1856.28
KOI-2513.01,2.80224517,7310.053361,19.00547,0.5,0.36,5900.0,0.91,1.2,2023.0,Transit,1369.87
Kepler-537 b,1.41,2.57,3.247555219,0.04317,0.0,5763.0,1.07,0.99,2016.0,Transit,439.4
GJ 3323 b,1.23,2.02,5.3636,0.03282,0.23,3159.0,0.164,0.119,2017.0,Radial Velocity,5.37484
TOI-4495 b,2.483,7.7,2.56699,0.03957,0.078,6210.0,1.247,1.309,2026.0,Transit,132.214
Kepler-1761 b,1.39109603,2.51,4.043540001,0.0413,0.0,3871.0,0.573,0.532,2021.0,Transit,221.186
NGTS-6 b,14.863134,425.57437,0.882059,0.01677,0.0,4730.0,0.767,0.754,2019.0,Transit,308.262
Kepler-920 c,3.8,13.8,100.8274113,0.4029,0.0,5403.0,0.89,0.85,2016.0,Transit,1001.68
Kepler-818 b,5.11,22.9,10.035385814,0.0886,0.0,5638.0,0.94,0.92,2016.0,Transit,925.037
Kepler-139 c,3.38,13.0,157.072878,0.586,0.0,5594.0,1.078,1.3,2014.0,Transit,391.038
Kepler-959 b,4.38,17.6,14.80074836,0.1633,0.0,7005.0,1.6,2.01,2016.0,Transit,807.729
BD-210397 c,12.9,1525.5763536,6240.0,5.9,0.43,4051.0,0.69,0.747,2023.0,Radial Velocity,23.7324
Kepler-1436 b,1.31,2.27,9.705716,0.0907,0.0,5972.0,1.06,1.09,2016.0,Transit,2530.62
HU Aqr AB c,12.9,1430.235,4368.0,5.4,0.51,5952.0,0.88,,2011.0,Eclipse Timing Variations,192.19807871
Kepler-1597 b,1.06,1.2,2.94654179,0.04136,0.0,6377.0,1.25,1.39,2016.0,Transit,1221.05
WASP-83 b,11.65736,95.349,4.971252,0.059,0.0,5510.0,1.11,1.05,2015.0,Transit,271.103
HD 116029 c,13.7,403.6441,907.0,,0.038,4951.0,1.33,4.6,2016.0,Radial Velocity,123.245
Kepler-282 e,3.1,56.2,44.347,0.23332,0.0,5656.0,0.97,0.89,2013.0,Transit,1337.61
XO-2 S c,13.6,438.60320166,120.059,0.4737,0.149,5325.0,0.98,1.02,2014.0,Radial Velocity,151.398
Kepler-850 b,1.78,3.82,7.19303878,0.0744,0.0,5932.0,1.06,1.09,2016.0,Transit,1661.28
Kepler-65 d,1.52,4.14,8.13123,0.084,0.014,6211.0,1.25,1.41,2012.0,Transit,303.728
Kepler-1090 b,2.25,5.69,198.680179,0.63323,0.0,5321.0,0.86,0.82,2016.0,Transit,858.77
TOI-715 b,1.55,3.02,19.288004,0.083,,3075.0,0.225,0.24,2023.0,Transit,42.4048
GJ 393 b,1.17,1.71,7.02679,0.05402,,3579.0,0.426,0.426,2021.0,Radial Velocity,7.03149
Kepler-1680 b,1.35954736,2.42,8.77424,0.07642,0.0,5021.0,0.834,0.723259,2020.0,Transit,310.315
Gaia-2 b,14.81827249,259.66580852,3.6915224,0.0467,,5720.0,1.0,1.064,2022.0,Transit,209.229
WASP-124 b,13.89916,190.698,3.37265,0.0449,0.017,6050.0,1.07,1.02,2016.0,Transit,448.637
TOI-1439 b,4.2427861,38.5,27.644,0.192,0.157,5841.0,1.2313,1.6184,2024.0,Transit,230.306
GJ 1061 c,1.19,1.81,6.6821,0.0342,0.02,2953.0,0.12,0.156,2020.0,Radial Velocity,3.67278
K2-50 b,1.59,3.15,8.7529,0.0705,,4326.0,0.611,0.546,2016.0,Transit,257.443
Kepler-23 b,1.638,2.56,7.1,0.07212,0.017,5828.0,1.078,1.548,2011.0,Transit,835.756
Kepler-257 b,2.61,7.32,2.382667,0.034,0.0,5180.0,0.916,1.037,2014.0,Transit,780.256
TOI-1736 c,12.5,2800.0,571.25,1.37,0.3685,5636.0,1.0373,1.4286,2023.0,Radial Velocity,88.9482
Kepler-310 d,2.47,7.0,92.876125,0.392,0.0,5797.0,0.854,0.876,2014.0,Transit,602.268
WASP-192 b,13.78707,731.009,2.8786765,0.0408,0.0,5910.0,1.09,1.32,2019.0,Transit,508.885
Kepler-184 b,2.36,6.17,10.687576,0.092,0.0,5788.0,0.872,0.873,2014.0,Transit,610.326
Kepler-1744 b,3.76754004,13.6,37.10110092,0.20945,0.0,5986.0,0.886,0.85,2021.0,Transit,1091.63
Kepler-1107 b,1.34,2.36,0.571038518,0.01285,0.0,5268.0,0.86,0.82,2016.0,Transit,428.798
Kepler-40 b,13.11,699.2,6.87349,0.08,0.0,6510.0,1.48,2.13,2010.0,Transit,2305.01
TOI-908 b,3.186,16.137,3.183792,0.041657,0.132,5626.0,0.95,1.028,2023.0,Transit,175.748
Kepler-851 b,1.68,3.46,8.50699658,0.0802,0.0,5455.0,0.89,0.85,2016.0,Transit,839.255
HD 99492 c,4.42,17.9,95.233,,0.063,4929.0,0.85,0.822539,2023.0,Radial Velocity,18.2038
G 264-012 c,1.76,3.75,8.0518,0.0525,,3326.0,0.297,0.305,2021.0,Radial Velocity,16.009
Kepler-827 b,5.63,27.0,51.92927591,0.2742,0.0,5602.0,0.93,0.91,2016.0,Transit,2046.68
Kepler-228 c,2.7,7.75,4.134444,0.052,0.0,6043.0,1.006,1.014,2014.0,Transit,1644.61
K2-346 b,2.26,5.73,26.201446,,,4801.0,0.71,0.7,2021.0,Transit,105.58
Kepler-77 b,10.761,136.661,3.57878087,0.04501,0.0,5520.0,0.95,0.99,2013.0,Transit,639.411
Kepler-1509 b,1.85,4.08,25.4338197,0.1707,0.0,5780.0,1.0,0.99,2016.0,Transit,2002.96
GJ 581 b,4.79,20.5,5.3686,0.0399,0.0342,3500.0,0.295,0.302,2005.0,Radial Velocity,6.2981
K2-403 b,5.333,24.6,33.589979,,,5511.0,0.784,0.886,2022.0,Transit,246.599
HD 43691 b,13.2,810.4665,36.9987,0.238,0.0796,6093.0,1.32,1.6,2007.0,Radial Velocity,85.6009
Kepler-1574 b,1.29,2.21,6.9424334,0.0743,0.0,5892.0,1.06,1.08,2016.0,Transit,1384.16
Kepler-238 f,2.0,13.5,50.447,0.28635,0.0,5800.0,1.06,0.96,2013.0,Transit,1798.75
K2-253 b,12.67,,4.00167,0.0506,,6027.0,1.08,1.1,2018.0,Transit,876.565
Kepler-1290 b,1.42,2.6,4.69500134,0.0557,0.0,5660.0,0.95,0.93,2016.0,Transit,1593.7
Kepler-68 d,13.9,267.0,632.62,1.469,0.102,5847.0,1.057,1.2564,2013.0,Radial Velocity,144.166
Kepler-218 b,1.48,2.79,3.619337,0.046,0.0,5502.0,1.019,1.063,2014.0,Transit,656.38
Kepler-645 b,2.1,5.06,3.275822621,0.04541,0.0,6170.0,1.13,1.21,2016.0,Transit,1173.57
TOI-1450 A b,1.13,1.258,2.0439274,,,3437.0,0.48,0.483,2024.0,Transit,22.4467
HD 206610 b,13.4,647.10188,673.2,1.74,0.1,4842.0,1.55,6.12,2009.0,Radial Velocity,147.192
Kepler-99 b,1.48,6.15,4.60358,0.05071,0.0,4782.0,0.79,0.73,2014.0,Transit,208.369
Kepler-1010 b,2.32,5.99,34.2685705,0.193,0.0,5253.0,0.86,0.82,2016.0,Transit,579.273
Kepler-687 b,3.52,12.2,20.50586978,0.1326,0.0,4841.0,0.77,0.73,2016.0,Transit,633.66
Kepler-1855 b,1.216205,1.96,0.727330983,0.0115,0.0,3460.0,0.385,0.356,2021.0,Transit,
UCAC4 328-061594 b,12.1,6674.396547,,19000.0,,,1.19,,2024.0,Imaging,39.9089
Kepler-1363 b,1.25,2.1,2.94194094,0.0363,0.0,4839.0,0.76,0.72,2016.0,Transit,541.714
Kepler-296 b,1.61,3.22,10.864384,0.079,0.33,3740.0,0.498,0.48,2014.0,Transit,167.0
BD+48 738 b,13.9,289.2253,392.6,1.0,0.2,4414.0,0.74,11.0,2011.0,Radial Velocity,871.493
HR 8799 c,13.0,3000.0,69000.0,38.0,0.5,7204.58,1.5,1.49338,2008.0,Imaging,41.2441
Kepler-1773 b,3.50469499,12.1,40.80970001,0.24831,0.0,6183.0,1.241,1.3,2021.0,Transit,681.255
Kepler-989 b,2.21,5.52,7.964315352,0.0734,0.0,5074.0,0.82,0.78,2016.0,Transit,491.978
Kepler-1508 b,1.33,2.33,20.7056504,0.1629,0.0,6158.0,1.14,1.22,2016.0,Transit,1260.28
TOI-7041 b,11.43316031,114.41822652,9.691,,0.04,4700.0,1.07,4.1,2025.0,Transit,439.52
K2-37 c,2.41,6.39,6.42966,0.06534,,5352.0,0.84,0.809,2016.0,Transit,179.943
2MASS J19383260+4603591 b,13.4,603.877,406.0,0.92,0.33,29564.0,0.48,0.203,2015.0,Eclipse Timing Variations,396.332
TOI-1260 b,2.41,8.56,3.127463,0.0367,0.0,4227.0,0.679,0.672,2021.0,Transit,73.5977
HIP 39330 b,13.5,530.77343969,4650.0,5.05,0.078,5748.0,0.96,1.02786,2026.0,Radial Velocity,36.3958
Kepler-52 c,1.84,45.4,16.3850021,0.10379,0.012,4075.0,0.54,0.52,2012.0,Transit,321.542
Kepler-1637 b,0.89,0.64,6.10960324,0.0596,0.0,5789.0,1.02,1.02,2016.0,Transit,567.187
Kepler-1990 b,3.27,10.7,1.73513619,0.0286,0.0,5751.0,1.028,1.071,2023.0,Transit,392.739
TOI-1749 c,2.12,14.0,4.4929,0.0443,0.019,3985.0,0.58,0.55,2021.0,Transit,99.5561
GJ 9714 b,12.5,2988.54051102,19240.75467,12.319,0.155,4263.0,0.67,0.662662,2022.0,Radial Velocity,20.5121
Kepler-312 b,1.29,2.21,1.772419,0.031,0.0,6115.0,1.314,1.467,2014.0,Transit,797.72
Kepler-1671 b,1.32557381,2.32,4.16787,0.04946,0.0,5135.55,0.866,0.929771,2020.0,Transit,357.059
Kepler-466 b,2.85,8.5,51.07926307,0.26769,0.0,5927.0,1.04,1.05,2016.0,Transit,530.122
UZ For c,,2447.2,1916.25,2.8,0.05,5286.9,0.7,,2011.0,Eclipse Timing Variations,239.60387482
HD 63765 b,14.2,168.4499,358.0,0.94,0.24,5449.0,0.65,0.83,2011.0,Radial Velocity,32.5376
TOI-7008 b,4.94735276,21.7,0.84069041367,,,5116.06,0.88,0.95255,2026.0,Transit,410.467
Kepler-1038 c,1.4162338,2.59,7.127659798,0.0692,0.0,5159.0,0.868,0.821,2021.0,Transit,584.136
TOI-3877 b,11.67975789,99.7981198,4.123596,0.0529,0.22,5731.0,1.16,1.445,2025.0,Transit,493.77
Kepler-1699 b,1.56671124,3.08,3.49082,0.0418,0.0,5575.53,0.81,0.725,2020.0,Transit,818.759
HD 143105 b,13.7,384.5743,2.1974,0.0379,0.07,6380.0,1.51,1.647304,2016.0,Radial Velocity,46.7789
HD 191939 e,13.0,112.2,101.12,0.407,0.031,5348.0,0.81,0.94,2022.0,Radial Velocity,53.6089
Kepler-1569 b,1.68,3.46,5.79180156,0.06669,0.0,6319.0,1.25,1.4,2016.0,Transit,945.454
Kepler-859 b,3.09,9.75,20.38177573,0.13157,0.0,5020.0,0.81,0.77,2016.0,Transit,839.903
HD 83443 b,14.1,127.76701961,2.985628,0.0406,0.012,5442.0,1.0,0.94,2002.0,Radial Velocity,40.8991
Kepler-106 b,0.82,5.3,6.16486,0.06491,0.0,5858.0,1.0,1.04,2014.0,Transit,444.322
Kepler-834 b,2.02,4.74,13.32388301,0.0862,0.0,4554.0,0.7,0.66,2016.0,Transit,633.937
K2-249 b,2.79,8.2,12.409,0.1151,,6504.0,1.32,1.57,2018.0,Transit,521.716
Kepler-454 c,12.9,1433.40611557,524.19,1.287,0.0053,5687.0,1.03,1.066,2015.0,Radial Velocity,230.869
HD 33283 b,12.5,104.56607,18.1991,0.1508,0.399,5935.0,1.38,1.97,2006.0,Radial Velocity,89.8623
Kepler-169 e,2.2,5.48,13.767102,0.105,0.0,4997.0,0.825,0.763,2014.0,Transit,406.529
GJ 536 b,2.41,6.37,8.70874,0.0668,0.0,3641.0,0.528,0.529,2016.0,Radial Velocity,10.4092
Kepler-37 e,0.37,8.1,51.196,0.25,0.0,5288.0,0.8,0.772,2014.0,Transit,63.9207
Kepler-37 b,0.3098,0.79,13.36702,0.1019,0.098,5357.0,0.79,0.789,2013.0,Transit,63.9207
TOI-2236 b,14.36991326,502.16888306,3.5315902,0.05009,0.0,6248.0,1.343,1.573,2022.0,Transit,355.59
HD 159868 c,14.0,244.09344,351.0,1.032,0.184,5534.0,1.19,2.13,2012.0,Radial Velocity,55.8503
Kepler-1665 b,2.83910787,8.44,11.9548,0.096,0.0,5049.84,0.842,0.777785,2020.0,Transit,335.515
HIP 111909 b,13.7,384.57237247,487.08,1.32,,4891.0,1.28,4.53,2025.0,Radial Velocity,88.077
Kepler-1125 b,1.84,4.04,17.6700642,0.1348,0.0,5683.0,0.95,0.94,2016.0,Transit,2011.41
Kepler-384 b,1.12,1.46,22.597053,0.148,0.0,5577.0,0.882,0.882,2014.0,Transit,895.678
HD 37605 b,13.2,854.9627,55.01292,0.277,0.6745,5329.0,0.94,0.91,2004.0,Radial Velocity,46.7864
Kepler-1618 b,1.26,2.13,6.10826019,0.07109,0.0,6620.0,1.41,1.65,2016.0,Transit,1229.25
Kepler-352 d,0.80628032,0.449,6.887279987,0.06574,0.0,5208.0,0.796,0.772,2021.0,Transit,252.733
K2-148 c,1.73,3.64,6.9226,0.0616,,4079.0,0.65,0.632,2018.0,Transit,124.458
NGTS-9 b,11.99363,921.707,4.43527,0.058,0.06,6330.0,1.34,1.38,2019.0,Transit,609.128
Kepler-584 b,4.21,16.5,35.1810304,0.2281,0.0,6195.0,1.17,1.24,2016.0,Transit,1848.84
Kepler-92 b,3.51,64.3,13.749,0.12232,0.17,5883.0,1.21,1.7,2013.0,Transit,477.992
TOI-277 b,2.65,7.51,3.994,0.0269,,4031.0,0.16,0.362,2022.0,Transit,64.6692
EPIC 212297394 b,1.48,2.79,2.289363,,,5171.0,0.83,0.8,2019.0,Transit,418.395
TIC 67686059 b,2.59125922,7.23,3.52163529551,,,5090.09,0.86,0.820458,2026.0,Transit,249.203
K2-270 b,1.38,2.48,1.543069,0.0247,,4877.0,0.85,0.77,2018.0,Transit,280.518
TIC 160113658 b,3.49015778,12.0,6.72952262077,,,4817.31,0.76,0.789834,2026.0,Transit,200.156
Kepler-533 b,3.38,11.4,28.51120525,0.16704,0.0,4758.0,0.78,0.72,2016.0,Transit,302.955
VHS J125601.92-125723.9 b,13.67495645,5085.254512,5800000.0,350.0,0.68,2620.0,0.07,,2015.0,Imaging,12.7
HD 23079 c,2.8,8.26,5.748913,,0.097,5994.0,1.16,1.08,2025.0,Radial Velocity,33.4591
Kepler-55 e,1.55,3.02,4.617534,0.048,0.0,4503.0,0.631,0.619,2014.0,Transit,578.796
GJ 887 b,1.8,3.9,9.2619,0.0683,0.14,3688.0,0.495,0.468,2020.0,Radial Velocity,3.28679
Kepler-1467 b,3.3,10.9,47.0569043,0.2388,0.0,5332.0,0.86,0.82,2016.0,Transit,852.888
Kepler-199 c,3.25,10.6,67.093408,0.316,0.0,5644.0,0.96,0.967,2014.0,Transit,521.054
HD 222076 b,13.5,495.8148,871.0,1.83,0.08,4806.0,1.07,4.1,2016.0,Radial Velocity,91.1538
Kepler-282 b,1.01,1.01,9.220524,0.082,0.0,5602.0,0.86,0.904,2014.0,Transit,1337.61
K2-388 b,3.9,14.5,6.33932,,,5310.0,0.93,0.91,2022.0,Transit,290.495
TOI-1224 b,2.104,5.08,4.1782745,0.0355,,3326.0,0.4,0.404,2024.0,Transit,37.3312
Kepler-623 b,3.01,9.32,9.07097734,0.0854,0.0,5443.0,0.9,0.86,2016.0,Transit,737.702
WASP-176 b,16.869545,271.74465,3.899052,0.0535,0.0,5941.0,1.345,1.925,2020.0,Transit,568.42
Kepler-363 d,2.05,4.86,11.932125,0.107,0.0,5593.0,1.226,1.485,2014.0,Transit,762.596
HD 4917 b,13.5,513.29545,400.5,1.167,0.066,4802.0,1.32,5.01,2018.0,Radial Velocity,204.277
KOBE-1 c,3.56,12.4,29.671,0.16071,0.0,4135.0,0.629,0.619,2025.0,Radial Velocity,23.9718
Kepler-970 b,2.609,7.31,16.736525,0.139,0.34,4290.0,0.67,0.71,2016.0,Transit,331.545
HAT-P-70 b,20.96083,2154.8874,2.74432452,0.04739,0.0,8450.0,1.89,1.858,2019.0,Transit,330.739
Kepler-943 b,5.93,29.5,49.7701438,0.2559,0.0,5612.0,0.93,0.91,2016.0,Transit,2300.53
Kepler-10 b,1.47,3.24,0.8374907,0.01685,0.0,5708.0,0.91,1.065,2011.0,Transit,185.506
Kepler-271 d,0.66,0.219,5.24972541,0.05554,0.0,5555.0,0.9,0.87,2016.0,Transit,404.542
TOI-1233.01,2.539,6.98,14.175685,0.1074,0.055,5660.0,0.869,0.877,2021.0,Transit,64.5978
HD 221585 b,13.5,511.7063,1173.0,2.306,0.123,5620.0,1.19,1.850575,2016.0,Radial Velocity,55.8535
TIC 18942729 b,2.00021315,4.66,0.99817838064,,,4360.11,0.652,0.825257,2026.0,Transit,115.169
HD 22496 b,2.22,5.57,5.09071,0.051,,4385.0,0.684,0.674,2021.0,Radial Velocity,13.5956
Kepler-1640 b,4.82,20.7,7.5844126,0.0836,0.0,6324.0,1.27,1.43,2016.0,Transit,1859.78
Kepler-589 c,1.11727238,1.45,3.52466011,0.0426,0.0,5372.0,0.832,0.916,2021.0,Transit,612.803
Kepler-647 b,1.17,1.71,16.2254649,0.12237,0.0,6020.0,1.03,1.07,2016.0,Transit,1087.87
Gaia-1 b,13.77583728,533.95172376,3.052524,0.04047,,5470.0,0.949,0.952,2022.0,Transit,363.66
Kepler-1527 b,4.77,20.4,160.129918,0.6276,0.0,6224.0,1.21,1.32,2016.0,Transit,1842.13
Kepler-1980 b,2.21,5.52,33.0257179,0.2049,0.0,5819.0,1.049,0.99,2023.0,Transit,1709.4
TOI-122 b,2.72,7.85,5.07803,0.0392,0.0,3403.0,0.312,0.334,2020.0,Transit,62.118
HATS-52 b,15.490838,711.9392,1.36665436,0.02498,0.246,6010.0,1.111,1.046,2017.0,Transit,555.134
Kepler-250 d,2.18,5.39,17.648312,0.127,0.0,5160.0,0.806,0.805,2014.0,Transit,760.585
Kepler-1298 b,1.31,2.27,7.12811928,0.0814,0.0,6339.0,1.45,2.0,2016.0,Transit,544.163
Kepler-1361 b,0.86,0.566,3.57554956,0.04304,0.0,5131.0,0.83,0.79,2016.0,Transit,389.143
Kepler-619 b,3.16,10.1,5.404272197,0.06014,0.0,5980.0,1.09,1.11,2016.0,Transit,900.678
K2-99 b,11.88151954,276.51071409,18.24783,0.153,0.22,6069.0,1.44,2.55,2016.0,Transit,519.229
TOI-532 b,5.82,61.5,2.3266508,0.0296,0.0,3927.0,0.639,0.612,2021.0,Transit,135.047
HD 210277 b,13.6,410.0007,442.19,1.13,0.48,5538.0,1.01,1.07,1998.0,Radial Velocity,21.2985
Kepler-178 b,2.9,8.75,9.576694,0.085,0.0,5676.0,0.852,1.066,2014.0,Transit,716.025
Kepler-1604 b,1.41,2.57,0.683684256,0.01406,0.0,4976.0,0.81,0.76,2016.0,Transit,541.189
Kepler-984 b,2.12,5.14,43.0342272,0.23688,0.0,5610.0,0.96,0.93,2016.0,Transit,460.188
HD 13724 c,8.18,50.85254512,142.22895,0.534,0.651,5835.31,1.004,1.04198,2022.0,Radial Velocity,43.465
Kepler-1286 b,2.15,5.27,11.25402929,0.0991,0.0,5753.0,1.0,0.98,2016.0,Transit,1354.46
Kepler-318 b,4.71,19.9,4.662715,0.056,0.0,5746.0,1.073,1.189,2014.0,Transit,489.141
Kepler-732 b,2.18,5.39,9.467814048,0.0691,0.0,3631.0,0.49,0.46,2016.0,Transit,174.826
HIP 109600 b,13.2,851.7844,232.08,0.706,0.163,5530.0,0.87,0.971958,2016.0,Radial Velocity,66.3361
Kepler-407 b,1.19,1.93,0.6693124,0.01531,0.0,5487.0,0.99,1.04,2014.0,Transit,338.368
GJ 1148 c,9.71,68.06,532.58,0.912,0.342,3287.0,0.344045,0.358519,2017.0,Radial Velocity,11.0143
Kepler-897 b,2.39,6.3,8.0472642,0.077,0.0,5839.0,1.03,1.04,2016.0,Transit,1519.25
Kepler-435 b,22.31,266.97,8.6001536,0.0948,0.114,6161.0,1.538,3.21,2015.0,Transit,1418.77
HD 184010 d,14.3,143.02278315,836.4,1.92,0.0,4971.0,1.35,4.86,2022.0,Radial Velocity,60.7993
WASP-70 A b,13.047,187.512,3.7130203,0.04853,0.0,5763.0,1.106,1.215,2014.0,Transit,222.355
TOI-1798.01,2.448,6.5,8.021522331,0.074984,0.0,5165.0,0.87,0.78,2024.0,Transit,113.181
TOI-444 b,2.77,8.1,17.9636,0.133,,5225.0,0.96,0.779,2023.0,Transit,57.3973
TOI-2202 b,10.95117414,287.31687993,11.9126075,0.09564,0.022,5169.0,0.841,0.808,2021.0,Transit,235.933
TrES-1 b,12.66617,266.9772,3.03007,0.03925,0.0,5230.0,1.04,0.85,2004.0,Transit,159.658
Kepler-1052 c,2.3,5.9,180.921729,0.6135,0.0,5818.0,0.937,0.848,2023.0,Transit,943.444
Kepler-206 b,1.2,1.87,7.781987,0.078,0.0,5764.0,0.957,1.185,2014.0,Transit,594.447
Kepler-763 b,1.22,1.98,1.19655156,0.0205,0.0,5166.0,0.84,0.8,2016.0,Transit,962.459
Kepler-155 b,2.09,5.02,5.931194,0.056,0.0,4508.0,0.635,0.62,2014.0,Transit,293.499
ups And c,12.3,4443.24112986,241.258,0.827774,0.2596,6156.77,1.3,1.56,1999.0,Radial Velocity,13.4054
NGTS-34 b,3.65,19.1,43.12655,0.257,,6134.0,1.266,1.367,2025.0,Transit,120.475
K2-274 b,2.08,4.98,14.1330314,0.0964,,5044.0,0.79,0.7,2018.0,Transit,228.327
DH Tau b,30.2643,3496.0,,330.0,,4371.0,0.33,0.27,2004.0,Imaging,134.846
HD 200964 c,13.7,385.84562,852.5,1.96,0.243,4982.0,1.39,4.92,2010.0,Radial Velocity,72.5922
TOI-1011 b,1.45,4.04,2.470498,,0.0,5475.0,0.91,0.92,2025.0,Transit,52.62
Kepler-1583 b,0.6,0.156,9.32807355,0.08307,0.0,5645.0,0.94,0.91,2016.0,Transit,403.933
HATS-32 b,14.000041,292.4036,2.8126548,0.04024,0.471,5700.0,1.099,1.097,2016.0,Transit,745.116
ZTF J1828+2308 b,11.13051784,6356.56814,0.1120067,,,15900.0,0.61,0.0131,2025.0,Transit,201.827
Kepler-1876 b,0.853,2.4,6.99205,0.0758,0.098,6104.0,1.187,1.477,2021.0,Transit,259.935
TOI-6564 b,16.39873876,222.16205649,3.985413,0.0542,0.0,5943.0,1.18,1.7,2026.0,Transit,191.372
K2-219 c,1.43839723,2.66,6.66767,,,5753.0,1.021545,1.189232,2018.0,Transit,325.4
HD 37124 b,14.0,214.53525,154.378,0.53364,0.054,5698.64,0.85,0.949168,2002.0,Radial Velocity,31.6634
Kepler-881 b,1.78,3.82,4.44448017,0.0552,0.0,5961.0,1.06,1.09,2016.0,Transit,1375.18
TOI-333 b,4.26,20.1,3.7852503,0.049,0.0,6241.0,1.2,1.1,2025.0,Transit,352.269
Kepler-60 c,1.9,3.85,8.9187,0.08422,0.039,5905.0,1.041,1.257,2012.0,Transit,1025.1
Kepler-665 b,2.6,7.27,16.01310205,0.1148,0.0,4913.0,0.79,0.74,2016.0,Transit,612.838
Kepler-1848 b,1.4088539,2.57,5.604020119,0.05835,0.0,4847.0,0.756,0.737,2021.0,Transit,309.696
TOI-2096 c,1.914,4.32,6.38784,0.04,0.1,3300.0,0.231,0.235,2023.0,Transit,48.4809
Kepler-1698 b,1.07315686,1.25,1.2107,0.02065,0.0,4975.03,0.822,0.741698,2020.0,Transit,222.345
HIP 14810 c,13.6,416.3573,147.747,0.549,0.1566,5544.0,1.01,1.07,2006.0,Radial Velocity,50.48
HD 25463 c,1.36354953,4.3,3.04405,0.0443,0.0,6353.0,1.251,1.4182,2023.0,Transit,45.6181
Kepler-1869 c,0.74,0.33,1.716828304,0.028,0.0,5808.0,0.987,0.902,2023.0,Transit,113.025
Kepler-292 b,1.32,2.3,2.580827,0.035,0.0,5299.0,0.865,0.826,2014.0,Transit,1056.48
Kepler-33 b,1.74,3.68,5.66793,0.0677,0.0,5904.0,1.291,1.82,2011.0,Transit,1209.16
Kepler-601 b,1.9,4.27,5.378868441,0.05494,0.0,5160.0,0.85,0.79,2016.0,Transit,414.825
TOI-1347 b,1.8,11.1,0.84742346,0.0171,0.0,5464.0,0.913,0.83,2024.0,Transit,147.476
K2-417 b,3.31,699.2224954,6.535,0.063,,3861.0,0.569,0.5776,2023.0,Transit,94.0424
Kepler-1020 b,2.28,5.82,96.9151496,0.37594,0.0,5227.0,0.87,0.8,2016.0,Transit,415.358
Kepler-1346 b,1.58,3.12,3.40165668,0.044,0.0,6133.0,1.14,1.21,2016.0,Transit,843.701
TOI-1750 b,2.78943837,8.19,11.33727129656,,,4683.75,0.767,0.768675,2026.0,Transit,162.46
HD 180314 b,12.0,7216.92963775,394.73,1.448,0.247,4917.0,2.6,9.2,2010.0,Radial Velocity,122.362
Kepler-181 c,1.99,4.62,4.302149,0.049,0.0,5333.0,0.81,0.749,2014.0,Transit,609.283
Kepler-953 c,1.19,1.81,9.10967112,0.0862,0.0,5416.0,0.95,0.99,2016.0,Transit,258.893
TOI-1696 b,3.09,48.8,2.500311,0.0229,0.0,3185.0,0.255,0.2775,2022.0,Transit,64.9172
TIC 77552382 b,5.69176189,27.5,3.51025904942,,,4981.07,0.83,0.886956,2026.0,Transit,373.415
HD 96167 b,14.0,227.88411,498.04,1.332,0.685,5733.0,1.27,1.94,2009.0,Radial Velocity,85.3006
Kepler-1770 b,2.84141754,8.45,16.84189987,0.1261,0.0,5602.0,0.941,1.009,2021.0,Transit,582.942
Kepler-292 e,2.67,7.61,11.97901,0.097,0.0,5299.0,0.865,0.826,2014.0,Transit,1056.48
Kepler-154 b,2.26,5.73,33.040532,0.198,0.0,5690.0,0.933,1.001,2014.0,Transit,915.212
Kepler-1660 AB b,12.9,1586.59940774,239.5044,0.8,0.05541,6305.24,1.1366,1.491,2023.0,Eclipse Timing Variations,1188.54
Kepler-379 b,1.66,3.39,20.09838,0.152,0.0,6054.0,1.125,1.306,2014.0,Transit,731.274
HAT-P-33 b,20.73665,292.4036,3.47447,0.04995,0.0,6446.0,1.82,1.79,2011.0,Transit,396.11
Kepler-567 b,2.25,5.69,16.54297375,0.1229,0.0,5148.0,0.84,0.79,2016.0,Transit,558.81
KIC 8121913 b,13.4,667.4396547,3.294601,,,5975.3,1.456,2.233,2021.0,Orbital Brightness Modulation,707.303
K2-198 d,2.438,6.52,7.4500177,,,5212.9,0.799,0.757,2019.0,Transit,110.567
Kepler-176 e,1.45,0.52075,51.16579,0.25654,0.0,5295.0,0.87,0.83,2016.0,Transit,527.321
HD 109246 b,13.9,273.3338,68.27,0.33,0.12,5844.0,1.2,1.07,2010.0,Radial Velocity,67.8349
TOI-5489 c,1.28,2.18,4.92126,,,3547.0,0.41,0.42,2025.0,Transit,45.0907
K2-415 b,1.015,7.5,4.0179694,0.027,,3173.0,0.1635,0.1965,2023.0,Transit,21.8182
Kepler-800 b,2.85,8.5,14.13176026,0.1106,0.0,5315.0,0.85,0.82,2016.0,Transit,1019.26
Kepler-327 c,1.03,20.3,5.212333,0.047,0.0,3799.0,0.591913,0.492,2014.0,Transit,241.987
Kepler-28 c,1.857,2.06,8.99,0.07519,0.017,4499.3,0.684,0.664,2011.0,Transit,438.359
K2-271 b,7.28,41.8,8.562421,0.077,,5644.0,0.83,0.99,2018.0,Transit,564.454
KMT-2018-BLG-0748L b,9.01,60.0,,0.62,,,0.087,,2020.0,Microlensing,7300.0
KMT-2024-BLG-1870L b,13.8,336.89811142,,3.15,,,0.67,,2026.0,Microlensing,5480.0
KMT-2017-BLG-0849L b,2.41,6.39,,2.73,,,0.19,,2024.0,Microlensing,7220.0
Kepler-1418 b,1.66,3.39,22.4764425,0.131,0.0,4770.0,0.77,0.72,2016.0,Transit,499.0
OGLE-2016-BLG-0613L AB b,13.0,1330.0,,6.4,,,0.72,,2017.0,Microlensing,3410.0
TOI-1694 c,13.8,316.55709337,386.25,0.974,0.111,5005.0,0.828,0.812,2023.0,Radial Velocity,124.68
HD 9446 c,13.4,578.426,192.9,0.654,0.06,5793.0,1.0,1.0,2009.0,Radial Velocity,50.3503
MASCARA-4 b,16.98160576,532.36258173,2.8240932,0.0474,0.0,7800.0,1.75,1.79,2020.0,Transit,170.696
Kepler-1846 b,1.76378826,3.76,14.82009983,0.11054,0.0,4825.0,0.785,0.732,2021.0,Transit,374.615
HD 147873 b,12.8,1633.6462,116.596,0.522,0.207,5972.0,1.38,2.29,2016.0,Radial Velocity,109.055
Kepler-224 e,1.97,4.54,18.643577,0.124,0.0,5018.0,0.777,0.676,2014.0,Transit,782.088
Kepler-1670 b,3.3564801,11.2,20.4998,0.1528,0.0,5838.0,1.05,1.51889,2020.0,Transit,2065.98
Kepler-92 c,2.6,6.1,26.723,0.19054,0.04,5883.0,1.21,1.7,2013.0,Transit,477.992
Kepler-1799 b,4.12801189,15.9,11.9296999,0.1028,0.0,5831.0,1.016,0.921,2021.0,Transit,2254.69
KMT-2021-BLG-0736L b,4.86,21.0,,4.0,,,0.6,,2025.0,Microlensing,7000.0
PSR B1620-26 b,13.3,794.575,,23.0,,,1.35,,2003.0,Pulsar Timing,
TYC 8998-760-1 b,21.18497352,6928.6592726,,146.0,0.44,4573.0,1.0,1.02,2020.0,Imaging,94.6177
OGLE-2017-BLG-1434L b,1.94,4.43,,1.18,,,0.234,,2018.0,Microlensing,860.0
KMT-2019-BLG-2783L b,13.7,368.68095212,,1.85,,,0.34,,2023.0,Microlensing,5910.0
OGLE-2016-BLG-1093L b,14.0,225.65816897,,2.13,,,0.46,,2022.0,Microlensing,8120.0
MOA-2010-BLG-117L b,14.2,170.0,,2.42,,,0.58,,2018.0,Microlensing,3500.0
OGLE-2006-BLG-109L b,14.0,231.0,1788.5,2.3,,,0.51,,2008.0,Microlensing,1510.0
OGLE-2012-BLG-0406L b,13.2,868.0,,3.45,,,0.44,,2013.0,Microlensing,4970.0
Kepler-1265 b,1.35,2.39,6.49441289,0.0612,0.0,4630.0,0.71,0.69,2016.0,Transit,583.641
HD 332231 b,9.07303305,74.1,18.712024,0.145,0.0,6128.0,1.1642,1.266,2020.0,Transit,80.6665
HD 233604 b,12.7,2089.644,192.0,0.747,0.05,4791.0,1.5,10.9,2013.0,Radial Velocity,847.058
Kepler-1591 b,1.27,2.15,8.18504949,0.0794,0.0,6082.0,1.1,1.16,2016.0,Transit,1419.58
HD 22532 b,13.4,673.79622284,872.6,1.9,0.03,5038.0,1.57,5.69,2022.0,Radial Velocity,161.183
TOI-7189 b,10.9,159.04,2.89055,0.03294,0.0601,3775.0,0.612,0.591,2026.0,Transit,192.09
TOI-7265 B b,10.7,224.95,4.17232,0.04007,0.0372,3503.0,0.521,0.497,2026.0,Transit,143.97
KMT-2021-BLG-0322L b,12.7,2034.1018048,,,,,0.62,,2021.0,Microlensing,6600.0
MOA-2016-BLG-526L b,3.97,14.93793513,,2.07,,,0.37,,2024.0,Microlensing,6930.0
TOI-6695 c,13.6,460.85119015,242.4,0.838,0.022,6400.0,1.338,1.517,2025.0,Radial Velocity,282.536
Kepler-249 b,1.09,1.32,3.306539,0.035,0.0,3568.0,0.510238,0.482,2014.0,Transit,190.401
OGLE-2018-BLG-1185L b,2.83,8.4,,1.54,,,0.37,,2021.0,Microlensing,7400.0
WISEP J121756.91+162640.2 A b,10.468,6992.0,,8.0,,575.0,0.029,0.091,2012.0,Imaging,10.1
KMT-2024-BLG-0176L b,14.0,241.54958932,,1.32,,,0.103,,2026.0,Microlensing,8340.0
KMT-2021-BLG-1150L b,13.9,279.68899816,,4.5,,,0.73,,2023.0,Microlensing,3800.0
KMT-2017-BLG-1146L b,14.0,230.0,,1.6,,,0.33,,2019.0,Microlensing,6500.0
MOA-2007-BLG-400L b,13.5,540.3082919,,5.9,,,0.69,,2008.0,Microlensing,6890.0
UZ For b,,2002.2,5840.0,5.9,0.04,5286.9,0.7,,2011.0,Eclipse Timing Variations,239.60387482
TWA 7 b,12.7,108.06165838,,52.0,,3509.0,0.46,0.917173,2025.0,Imaging,33.9958
Kepler-1222 b,0.79,0.418,1.916944254,0.02801,0.0,5239.0,0.84,0.8,2016.0,Transit,415.218
Kepler-463 b,3.05,9.53,8.981016833,0.07925,0.0,5661.0,0.87,0.9,2016.0,Transit,394.804
TOI-2337 b,10.08808263,508.5254512,2.99432,,0.019,4780.0,1.325,3.22,2022.0,Transit,536.046
HD 202206 c,13.1,982.08977763,1299.22,2.39,0.171,5764.23,1.06,1.04,2004.0,Radial Velocity,45.9665
MOA-2010-BLG-477L b,13.6,480.0,,2.0,,5950.0,0.67,,2012.0,Microlensing,2300.0
OGLE-2017-BLG-1522L b,14.0,240.0,,0.59,,,0.045,,2018.0,Microlensing,7490.0
Kepler-566 b,2.15,5.27,18.42794624,0.1247,0.0,5132.0,0.83,0.79,2016.0,Transit,564.277
Kepler-1224 b,1.33,2.33,13.32351601,0.11625,0.0,6155.0,1.18,1.22,2016.0,Transit,559.598
WASP-149 b,15.24421375,314.96795134,1.332813,0.024,0.0,5750.0,1.05,1.08,2025.0,Transit,211.73
KMT-2019-BLG-1042L b,9.05,60.38739733,,1.7,,,0.3,,2022.0,Microlensing,6600.0
KMT-2019-BLG-0298L b,13.4,575.26941667,,5.67,,,0.7,,2023.0,Microlensing,6710.0
WASP-60 b,9.86392,174.8065,4.305,0.05548,0.0,5900.0,1.19,1.17,2012.0,Transit,431.052
KMT-2019-BLG-0371L b,12.6,2447.2787339,,0.79,,,0.09,,2021.0,Microlensing,7010.0
TOI-5916 b,11.8,219.0,2.36712341,0.02789,0.045,3541.0,0.518,0.487,2026.0,Transit,199.724
OGLE-2017-BLG-1237L b,13.0,1207.7479466,,2.53,,,0.46,,2024.0,Microlensing,6030.0
OGLE-2017-BLG-0640L b,13.5,514.88201934,,1.14,,,0.32,,2024.0,Microlensing,6630.0
MXB 1658-298 b,12.0,7532.571,760.0,1.613,,,1.98,,2017.0,Eclipse Timing Variations,
KMT-2018-BLG-0029L b,2.67,7.59,,4.27,,,1.14,,2020.0,Microlensing,3380.0
Kepler-619 c,1.69,3.5,1.208465026,0.02216,0.0,5980.0,1.09,1.11,2016.0,Transit,900.678
Kepler-186 b,1.07,1.24,3.8867907,0.0343,0.0,3788.0,0.478,0.472,2014.0,Transit,177.594
K2-183 d,2.3,5.9,22.620344,0.1527,,5482.0,0.942219,0.87,2018.0,Transit,329.041
Kepler-1677 b,2.70216183,7.76,22.064,0.1599,0.0,6013.72,1.11,1.24959,2020.0,Transit,735.369
KMT-2018-BLG-0087L b,10.1,73.10053361,,0.87,,,0.1,,2022.0,Microlensing,7020.0
KOI-55 c,0.867,0.655,0.342887,0.0076,,27730.0,0.496,0.203,2011.0,Orbital Brightness Modulation,1231.02
KMT-2024-BLG-1044L b,2.7,7.75,,,,,0.069,,2024.0,Microlensing,7140.0
KMT-2019-BLG-0297L b,12.1,6038.739733,,0.96,,,0.21,,2023.0,Microlensing,3090.0
OGLE-2012-BLG-0724L b,14.3,150.0,,1.6,,,0.29,,2016.0,Microlensing,6700.0
TOI-603 b,7.37,33.0,16.179846,0.1282,,6027.0,1.24,1.477,2026.0,Transit,205.924
Kepler-1620 b,1.61,3.22,101.951829,0.4322,0.0,6157.0,1.15,1.23,2016.0,Transit,895.069
KMT-2019-BLG-0578L b,13.7,381.3940884,,2.0,,,0.28,,2025.0,Microlensing,7300.0
Kepler-85 e,1.27,0.6,25.216751,0.163,0.0,5436.0,0.947,0.893,2014.0,Transit,765.025
TOI-2128 b,2.08874836,4.5,16.34136,0.127,0.0,5968.0,1.0251,1.1174,2024.0,Transit,36.578
Kepler-1693 c,0.97698289,0.894,5.363709927,0.0588,0.0,5553.0,0.941,1.098,2021.0,Transit,760.065
TOI-5174 b,5.351,24.8,12.214286,,,5643.77,1.0,1.09457,2022.0,Transit,197.243
WASP-172 b,17.59813,149.3801,5.477433,0.0694,0.0,6900.0,1.49,1.91,2018.0,Transit,538.11
Kepler-403 b,1.25,2.1,7.031462,0.076,0.0,6090.0,1.299,1.329,2014.0,Transit,840.269
KMT-2022-BLG-2286L b,12.1,6038.739733,,2.02,,,0.2,,2024.0,Microlensing,7320.0
Kepler-1493 b,1.41,2.57,15.0217983,0.1197,0.0,5863.0,1.06,1.29,2016.0,Transit,555.051
OGLE-2019-BLG-0249L b,12.7,2262.93825784,,1.84,,,0.91,,2023.0,Microlensing,6370.0
Kepler-137 c,1.88,4.19,18.735753,0.13,0.0,5187.0,0.85,0.802,2014.0,Transit,302.979
TOI-2114 b,14.54925695,324.18497514,6.209959,0.076,0.472,6400.0,1.309,1.97,2026.0,Transit,317.845
TOI-5806 b,15.13212395,721.47048389,3.1856381,0.0484,,6730.0,1.333,1.387,2026.0,Transit,119.199
OGLE-2018-BLG-1011L c,13.2,890.0,,0.8,,,0.18,,2019.0,Microlensing,7100.0
TOI-7169 b,16.53324653,130.30964687,3.4373125,0.0428,0.055,5714.0,0.885,1.5,2026.0,Transit,467.151
OGLE-2018-BLG-0677L b,1.82,3.96,,0.63,,,0.12,,2020.0,Microlensing,7580.0
OGLE-2019-BLG-0679L b,13.1,1061.54687938,,6.99,,,0.66,,2023.0,Microlensing,5630.0
MOA-bin-1L b,13.0,1200.0,,8.3,,,0.75,,2012.0,Microlensing,5100.0
Kepler-365 b,2.04,4.82,10.664903,0.098,0.0,6012.0,1.02,1.048,2014.0,Transit,1038.99
KMT-2020-BLG-0414L c,11.9,8581.366989,,22.3,,,0.49,,2021.0,Microlensing,1220.0
HD 11977 b,12.7,2080.0,711.0,1.93,0.4,4970.0,1.91,10.09,2005.0,Radial Velocity,67.9331
Kepler-1038 b,3.53,12.2,148.4603382,0.5238,0.0,5335.0,0.87,0.83,2016.0,Transit,584.136
Kepler-250 c,2.28,5.82,7.156804,0.069,0.0,5160.0,0.806,0.805,2014.0,Transit,760.585
eps CrB b,12.7,2129.461,417.9,1.3,0.11,4406.0,1.7,21.0,2012.0,Radial Velocity,69.8683
TOI-521 b,1.98,5.3,1.54285047,0.0195,0.0,3544.0,0.42,0.421,2025.0,Transit,60.9425
OGLE-2015-BLG-0954L b,13.1,1100.0,,1.6,,,0.3,,2016.0,Microlensing,1200.0
KOI-134 c,9.86,69.92224954,33.95,0.2305,0.24,6160.0,1.407,1.667,2025.0,Transit Timing Variations,1159.21
HD 127195 c,14.1,206.58846455,836.99,,0.05,4981.0,1.34,4.16,2026.0,Radial Velocity,84.7167
HD 125136 b,13.3,718.29219982,849.77,,0.05,4959.0,1.55,5.39,2026.0,Radial Velocity,121.257
KMT-2019-BLG-0953L b,4.06,15.5,,1.1,,,0.28,,2022.0,Microlensing,7200.0
OGLE-2017-BLG-1691L b,3.92,14.62010672,,2.41,,,0.45,,2022.0,Microlensing,7290.0
alf Ari b,13.4,572.07,380.8,1.2,0.25,4553.0,1.5,13.9,2010.0,Radial Velocity,20.21019
TOI-2180 b,11.32107051,875.61726129,260.79,0.828,0.3683,5695.0,1.111,1.636,2022.0,Transit,116.685
KMT-2024-BLG-0404L c,4.33,17.3,,,,,0.09,,2025.0,Microlensing,7210.0
Kepler-122 e,2.6,27.7,37.993273,0.227,0.0,6050.0,0.982,1.216,2014.0,Transit,1027.45
Kepler-411 c,4.421,26.4,7.834435,0.0739,0.108,4974.0,0.87,0.82,2016.0,Transit,153.676
OGLE-2018-BLG-1428L b,14.0,240.0,,3.3,,,0.43,,2021.0,Microlensing,6220.0
KMT-2021-BLG-1689L b,7.71,46.0,,2.5,,4570.0,0.58,,2022.0,Microlensing,7200.0
MOA-2010-BLG-073L b,12.4,3500.0,,1.21,,,0.16,,2012.0,Microlensing,2800.0
KMT-2017-BLG-2197L b,12.5,2809.60311788,,15.91,,,0.36,,2025.0,Microlensing,7800.0
KMT-2018-BLG-1988L b,2.22,5.56,,3.09,,,0.47,,2022.0,Microlensing,4150.0
Kepler-302 b,4.06,15.5,30.184104,0.193,0.0,5740.0,1.021,1.22,2014.0,Transit,1402.58
GJ 3779 b,2.75,8.0,3.0232,0.026,0.07,3324.0,0.27,0.281,2018.0,Radial Velocity,13.743
Kepler-985 b,2.98,9.17,116.331901,0.44664,0.0,5434.0,0.91,0.85,2016.0,Transit,679.361
Kepler-248 b,3.02,9.38,6.308205,0.066,0.0,5190.0,0.838,0.831,2014.0,Transit,738.792
Kepler-836 b,2.73,7.9,11.36112327,0.1013,0.0,5895.0,1.03,1.04,2016.0,Transit,980.035
TOI-1224 c,2.884,8.67,17.945466,,0.0,3326.0,0.4,0.404,2024.0,Transit,37.3312
Kepler-142 d,2.16,5.31,41.809118,0.242,0.0,5790.0,0.978,1.269,2014.0,Transit,548.686
OGLE-2019-BLG-0304L b,14.2,162.09248757,,1.23,,,0.27,,2021.0,Microlensing,6980.0
MOA-2022-BLG-563L b,14.0,127.1313628,,2.15,,,0.48,,2024.0,Microlensing,6530.0
KMT-2021-BLG-2010L b,13.8,340.07639549,,1.79,,,0.37,,2023.0,Microlensing,7090.0
KMT-2024-BLG-1005L b,12.1,6674.396547,,0.78,,,0.055,,2025.0,Microlensing,6950.0
KMT-2021-BLG-1077L c,10.6,79.45710175,,0.93,,,0.14,,2022.0,Microlensing,8240.0
Kepler-1676 b,3.3769596,11.3,29.9221,0.1954,0.0,5878.3,1.07,1.06066,2020.0,Transit,
K2-65 b,1.58,3.12,12.6475,0.1014,,5213.0,0.87,0.84,2016.0,Transit,72.2
OGLE-2018-BLG-0799L b,10.9,82.63538582,,1.28,,,0.093,,2022.0,Microlensing,4050.0
KMT-2023-BLG-0466L b,13.1,1032.94232275,,2.68,,,0.44,,2026.0,Microlensing,6800.0
BD+63 1405 b,12.4,3305.4154328,1198.48,2.06,0.88,5000.0,0.816,0.804724,2021.0,Radial Velocity,38.0473
WASP-73 b,15.91678,908.9938,4.08722,0.05512,0.0,6030.0,2.52,2.55,2014.0,Transit,316.678
Kepler-733 b,2.82,8.35,20.83424726,0.1483,0.0,5418.0,0.9,0.86,2016.0,Transit,916.706
Kepler-124 d,1.11,1.41,30.950851,0.17,0.0,4984.0,0.706,0.636,2014.0,Transit,420.046
Kepler-244 c,2.05,4.86,9.767292,0.087,0.0,5554.0,0.933,0.803,2014.0,Transit,1036.49
Kepler-2001 c,1.82,3.97,14.092583189,0.1084,0.0,5081.0,0.864,0.77,2023.0,Transit,776.55
KMT-2021-BLG-0852L b,14.2,155.73591943,,7.78,,,0.75,,2026.0,Microlensing,7230.0
Kepler-32 b,2.2,1303.0,5.90124,0.05,0.0,3900.0,0.58,0.53,2011.0,Transit,323.847
TOI-5108 b,6.6,32.0,6.753581,0.073,,5808.0,1.1,1.29,2025.0,Transit,130.919
KMT-2016-BLG-2605L b,14.0,245.0457018,,0.681,,,0.064,,2021.0,Microlensing,6421.0
OGLE-2018-BLG-0977L b,2.41,6.4,,2.0,,,0.47,,2022.0,Microlensing,6500.0
OGLE-2007-BLG-368L b,4.72,20.0,,2.8,,,0.64,,2009.0,Microlensing,5900.0
MOA-2011-BLG-262L b,4.29,17.0,,0.95,,,0.11,,2014.0,Microlensing,7200.0
Kepler-132 c,1.28,2.18,6.414914,0.068,0.0,6003.0,0.929,1.178,2014.0,Transit,349.549
KMT-2025-BLG-0481L b,14.1,187.51876013,,2.18,,,0.22,,2026.0,Microlensing,7980.0
KMT-2019-BLG-1339L b,13.7,397.0,,2.15,,,0.48,,2020.0,Microlensing,6120.0
OGLE-2017-BLG-1140L b,13.5,505.0,,1.02,,,0.211,,2018.0,Microlensing,
KMT-2022-BLG-1790L b,13.5,549.84314411,,5.25,,,0.58,,2025.0,Microlensing,6480.0
KMT-2018-BLG-1996L b,13.7,346.43296363,,4.27,,,0.69,,2021.0,Microlensing,5910.0
Kepler-47 b,3.05,2.07,49.4643,0.2877,0.021,5636.0,0.957,0.936,2012.0,Transit,1025.02
HD 190007 b,4.06,15.5,11.724128,0.092,0.136,4610.0,0.77,0.79,2020.0,Radial Velocity,12.7141
Kepler-1219 b,2.12,5.14,16.10467749,0.14146,0.0,5944.0,1.25,1.94,2016.0,Transit,880.895
Kepler-1808 b,3.02511302,9.4,23.3404007,0.1467,0.0,5530.0,0.773,0.892,2021.0,Transit,1022.01
Kepler-824 b,1.87,4.16,4.51436633,0.055,0.0,6035.0,1.15,1.22,2016.0,Transit,1201.4
HD 95089 b,13.7,400.4658,464.4,1.36,0.119,4918.0,1.54,5.08,2009.0,Radial Velocity,136.957
Kepler-610 c,3.3,10.9,151.86392,0.5594,0.0,5943.0,1.1,1.13,2016.0,Transit,845.824
Kepler-410 A b,2.838,8.44,17.833648,0.1226,0.17,6273.0,1.214,1.352,2013.0,Transit,147.527
DMPP-6 b,2.28,5.8,7.6027,0.0779,0.34,6182.09,1.079,1.27,2026.0,Radial Velocity,54.6303
Gaia22dkvL b,14.1,187.83658854,,1.4,,,1.145,,2024.0,Microlensing,1270.0
MOA-2022-BLG-249L b,2.04,4.83,,1.63,,,0.18,,2023.0,Microlensing,2000.0
Kepler-1063 b,1.49,2.83,14.07971466,0.1176,0.0,5945.0,1.09,1.14,2016.0,Transit,343.226
KMT-2021-BLG-1303L b,13.6,120.77479466,,2.89,,,0.57,,2022.0,Microlensing,6280.0
OGLE-2018-BLG-0596L b,3.81,13.93,,0.97,,,0.231,,2019.0,Microlensing,5650.0
KMT-2023-BLG-0830L b,4.41,17.79839079,,1.7,,,0.22,,2025.0,Microlensing,7250.0
KMT-2023-BLG-0735L b,6.97,38.77506565,,2.96,,,0.61,,2024.0,Microlensing,6390.0
KMT-2021-BLG-0320L b,6.2,31.7828407,,1.54,,,0.32,,2022.0,Microlensing,6950.0
OGLE-2023-BLG-0766L b,13.7,349.6112477,,2.5,,,0.39,,2026.0,Microlensing,7400.0
Kepler-1628 b,6.43,33.8,76.378033,0.2952,0.0,3724.0,0.55,0.52,2016.0,Transit,352.0
OGLE2-TR-L9 b,18.046,1430.175,2.4855335,0.0308,,6933.0,1.52,1.53,2008.0,Transit,1627.63
TOI-5736 b,1.56,3.05,0.64899,,,3949.0,0.57,0.58,2025.0,Transit,92.3604
Kepler-1577 b,1.13,1.51,6.30560247,0.0657,0.0,4862.0,0.78,0.74,2016.0,Transit,510.029
K2-13 b,1.89,4.23,39.91488,0.2114,,5698.0,0.8,0.78,2015.0,Transit,342.394
Kepler-122 f,1.75,36.0,56.268,0.28575,0.0,5917.0,1.03,0.949,2014.0,Transit,1027.45
Kepler-414 c,3.01,29.9,7.171,0.07195,0.0,5536.0,0.89,0.946,2014.0,Transit,413.46
TOI-1533 b,2.89,28.1,3.6457974,0.0445,0.0,5146.0,0.88,0.849,2026.0,Transit,100.051
Kepler-675 b,2.44,6.53,2.33743801,0.0325,0.0,4945.0,0.79,0.75,2016.0,Transit,665.68
Kepler-1489 c,0.51,0.087,0.680741,,,5565.53,0.977,0.957,2024.0,Transit,1283.05
K2-190 c,1.09308317,1.34,21.574023,,,5631.0,0.904597,0.912206,2018.0,Transit,160.679
Kepler-276 c,2.9,16.6,31.884,0.18619,0.0,5693.0,1.1,1.03,2013.0,Transit,1144.86
HD 148164 b,13.7,390.9309,328.55,0.993,0.587,6032.0,1.21,1.34,2018.0,Radial Velocity,77.1971
Kepler-1996 b,2.26,5.73,32.376183,0.1789,0.0,4580.0,0.748,0.675,2023.0,Transit,440.561
HIP 107772 b,3.64,12.9,55.199,0.243,0.18,4006.0,0.63,0.513922,2020.0,Radial Velocity,23.6434
Kepler-446 c,1.11,1.41,3.036179,0.0283,0.0,3359.0,0.22,0.24,2015.0,Transit,96.339
KIC 3526061 b,12.1,5768.58558705,3552.0,5.14,0.85,4829.0,1.42,5.86,2022.0,Radial Velocity,401.229
HD 11964 c,5.38,25.0,37.91,0.229,0.3,5303.0,0.91,2.00971,2008.0,Radial Velocity,33.5369
Kepler-1482 b,1.01,1.01,12.25383217,0.09968,0.0,5381.0,0.88,0.84,2016.0,Transit,567.556
TOI-5515 b,2.65362762,7.53,8.59225810839,,,5483.65,0.963,0.835682,2026.0,Transit,135.459
TOI-2184 b,11.39953337,206.58846455,6.90683,,0.08,5966.0,1.53,2.9,2022.0,Transit,788.317
HD 102329 c,13.5,483.1016,1123.0,,0.209,4830.0,1.3,6.3,2016.0,Radial Velocity,217.107
HD 39194 b,1.99,4.62,5.63692,0.05895,0.101,5205.0,0.86,0.783742,2021.0,Radial Velocity,26.4131
HD 199509 b,7.43,43.22466335,99.62167,0.426,0.373,5796.02,1.04,0.92,2022.0,Radial Velocity,24.3056
Kepler-325 d,2.79,8.2,38.715185,0.22,0.0,5752.0,0.914,1.003,2014.0,Transit,823.242
Kepler-1940 b,1.54732469,3.01,4.950610161,0.0525,0.0,5431.0,0.802,0.717,2021.0,Transit,798.595
TOI-2545 b,2.75,8.0,7.994037,,,5846.29,1.055,1.25324,2022.0,Transit,107.118
Kepler-1612 b,1.03,1.08,3.91795101,0.0482,0.0,5643.0,0.96,0.94,2016.0,Transit,764.726
HD 136352 c,2.916,11.24,27.59221,0.1721,0.0,5664.0,0.87,1.058,2019.0,Radial Velocity,14.682
EPIC 201615463 c,1.22,1.98,3.80464,,,5960.0,1.073,1.61,2019.0,Transit,476.882
Kepler-225 b,1.2,1.87,6.738975,0.056,0.0,3682.0,0.593,0.48,2014.0,Transit,561.101
HD 20868 b,13.7,397.2875,380.85001,0.95,0.75,4802.0,0.39,0.76,2008.0,Radial Velocity,47.7223
Kepler-1930 b,1.52955541,2.95,13.02680016,0.10233,0.0,5083.0,0.844,0.844,2021.0,Transit,275.694
Kepler-1439 b,1.46,2.73,8.07392849,0.0594,0.0,3578.0,0.46,0.43,2016.0,Transit,225.393
HD 155193 b,14.0,238.37130525,352.65,1.04,0.21,6239.0,1.221,1.76439,2021.0,Radial Velocity,57.7995
TOI-1266 c,1.98,3.17,18.8027,0.105,0.071,3563.0,0.437,0.4232,2020.0,Transit,36.0118
Kepler-1536 b,3.14,10.0,364.758031,0.8507,0.0,4434.0,0.71,0.67,2016.0,Transit,387.248
HD 134987 b,13.5,511.7063,258.17999,0.81,0.23,5736.0,1.1,1.22,1999.0,Radial Velocity,26.1804
Kepler-961 b,2.55,7.04,16.87727414,0.12585,0.0,5582.0,0.96,0.9,2016.0,Transit,574.314
Kepler-539 b,8.373123,308.2951,125.63243,0.4988,0.39,5820.0,1.048,0.952,2016.0,Transit,307.318
HD 5278 c,4.49,18.4,40.87,0.2416,0.07,6203.0,1.126,1.194,2021.0,Radial Velocity,57.5846
Kepler-319 c,2.63,7.41,6.941357,0.069,0.0,5526.0,0.933,0.903,2014.0,Transit,503.436
HD 179079 b,,4195.3349724,14.479,0.1214,0.049,5646.0,1.14,1.63,2008.0,Radial Velocity,69.7116
Kepler-1099 b,2.83,8.4,2.168452593,0.0337,0.0,5837.0,1.01,1.0,2016.0,Transit,1022.8
Kepler-244 d,2.31,15.2,20.050401,0.14,0.0,5554.0,0.933,0.803,2014.0,Transit,1036.49
NY Vir c,12.8,1760.7782,8799.0,,0.15,32780.0,0.459,0.151,2019.0,Eclipse Timing Variations,544.024
Kepler-377 b,1.39,2.51,12.509529,0.109,0.0,5949.0,1.043,1.224,2014.0,Transit,823.804
Kepler-879 b,2.57,7.13,33.3855938,0.2012,0.0,5792.0,1.02,1.02,2016.0,Transit,802.672
Kepler-705 b,2.11,5.1,56.0560538,0.232,0.0,3722.0,0.53,0.51,2016.0,Transit,276.881
Kepler-163 c,2.26,5.73,21.347262,0.152,0.0,5776.0,0.882,0.917,2014.0,Transit,689.814
TOI-778 b,15.4,878.0,4.633611,0.06,0.21,6643.0,1.4,1.71,2023.0,Transit,161.743
Kepler-1355 b,1.46,2.73,1.289588112,0.0224,0.0,5352.0,0.88,0.83,2016.0,Transit,911.269
KOI-134 b,12.03844527,346.43296363,67.1277,0.363,0.16,6160.0,1.407,1.667,2025.0,Transit,1159.21
Kepler-138 b,0.64,0.07,10.3134,0.0753,0.02,3841.0,0.535,0.535,2014.0,Transit,66.8624
Kepler-1542 e,0.76,0.363,5.10115756,0.05649,0.0,5564.0,0.94,0.99,2016.0,Transit,399.114
Kepler-1579 b,0.84,0.52,0.849907889,0.014,0.0,4584.0,0.75,0.7,2016.0,Transit,466.0
K2-264 c,2.668,7.6,19.660302,0.11283,0.45,3660.0,0.496,0.473,2018.0,Transit,185.605
Kepler-1073 d,1.48770949,2.82,2.504760027,0.0352,0.0,5509.0,0.924,1.116,2021.0,Transit,809.897
Kepler-510 b,2.47,6.66,19.55659418,0.1352,0.0,5746.0,0.91,1.41,2016.0,Transit,386.177
HD 164509 b,14.3,140.79869,280.17,0.87,0.238,5859.0,1.12,1.11,2012.0,Radial Velocity,53.1119
TIC 34085383 b,3.91982296,14.6,3.47793368523,,,4694.84,0.733,0.809951,2026.0,Transit,149.12
TYC 3667-1280-1 b,12.8,1716.282,26.468,0.21,0.036,5130.0,1.87,6.26,2016.0,Radial Velocity,477.516
HATS-59 c,12.3,4036.441,1422.0,2.504,0.083,5670.0,1.038,1.036,2018.0,Radial Velocity,642.884
Kepler-1605 b,1.08,1.28,85.7565495,0.36567,0.0,5280.0,0.86,0.82,2016.0,Transit,546.23
Ross 458 c,14.01125,1906.98,,1100.0,,3965.42,0.556419,0.562566,2010.0,Imaging,11.5094
SR 12 AB c,12.3,4131.62,,,,3828.93,,1.103075,2010.0,Imaging,112.31721584
HD 187123 b,14.2,166.218,3.0965828,0.0426,0.0103,5790.0,1.04,1.15043,1998.0,Radial Velocity,45.9548
OGLE-TR-132 b,13.45,375.02,1.689868,0.03035,0.6,6210.0,1.305,1.32,2004.0,Transit,2012.62
OGLE-TR-56 b,15.278,441.77,1.2119189,0.02383,0.0,6050.0,1.228,1.363,2002.0,Transit,282.83913869
WASP-156 b,6.15,42.0,3.8361629,0.046,0.16,5036.0,0.8712,0.8268,2017.0,Transit,122.066
HD 22781 b,12.3,4338.2,528.07,1.167,0.8191,5027.0,0.75,0.743475,2011.0,Radial Velocity,32.6034
Kepler-16 b,8.4493,105.833,228.776,0.7048,0.0069,4450.0,0.6897,0.6489,2011.0,Transit,75.0852
Kepler-27 c,4.9,4385.87,31.3309,0.191,0.0,5400.0,0.65,0.59,2011.0,Transit,1044.36
WASP-23 b,10.783,280.95,2.9444256,0.0376,0.062,5150.0,0.78,0.765,2010.0,Transit,207.49
Kepler-27 b,4.0,2895.31,15.3348,0.118,0.0,5400.0,0.65,0.59,2011.0,Transit,1044.36
HD 114783 b,13.7,349.6,493.7,1.16,0.144,5135.0,0.853,0.840622,2001.0,Radial Velocity,21.0628
HD 19994 b,13.6,435.41,466.2,1.305,0.063,6188.0,1.365,1.79647,2003.0,Radial Velocity,22.5242
47 UMa b,13.2,804.08,1078.0,2.1,0.032,5872.0,1.06,1.21334,1996.0,Radial Velocity,13.7967
Kepler-18 c,5.49,17.3,7.64159,0.0752,0.0,5345.0,0.972,1.108,2011.0,Transit,433.047
Kepler-18 b,2.0,6.9,3.504725,0.0447,0.0,5345.0,0.972,1.108,2011.0,Transit,433.047
Kepler-31 c,5.3,1493.7,42.6318,0.26,0.0,6340.0,1.21,1.22,2011.0,Transit,1664.64
Kepler-32 e,1.5,4.08181,2.896,0.033,0.0,3900.0,0.58,0.53,2012.0,Transit,323.847
61 Vir b,2.11,5.1,4.215,0.050201,0.12,5577.0,0.942,0.963,2009.0,Radial Velocity,8.50332
61 Vir c,4.46,18.2,38.021,0.2175,0.14,5577.0,0.942,0.963,2009.0,Radial Velocity,8.50332
47 UMa d,13.5,521.22,14002.0,11.6,0.16,5872.0,1.06,1.21334,2009.0,Radial Velocity,13.7967
47 UMa c,14.2,171.621,2391.0,3.6,0.098,5872.0,1.06,1.21334,2001.0,Radial Velocity,13.7967
BD-08 2823 c,12.5,104.0,237.6,0.68,0.19,4746.0,0.74,0.71,2009.0,Radial Velocity,41.3342
CoRoT-23 b,11.77,889.9,3.6313,0.048,0.16,5900.0,1.14,1.61,2011.0,Transit,1060.97
Kepler-18 d,6.98,16.4,14.85888,0.1172,0.0,5345.0,0.972,1.108,2011.0,Transit,433.047
HATS-1 b,14.594,589.55,3.446459,0.0444,0.12,5870.0,0.986,1.038,2012.0,Transit,283.971
HD 47186 c,13.0,111.42,1353.6,2.395,0.249,5657.0,0.96,1.08,2008.0,Radial Velocity,37.4574
HD 196885 A b,13.2,819.97,1333.0,2.37,0.48,6254.0,1.28,1.31,2007.0,Radial Velocity,34.1692
CoRoT-6 b,13.068,940.74,8.886593,0.0855,0.1,6090.0,1.05,1.025,2009.0,Transit,645.294
HR 8799 b,13.0,2000.0,170000.0,68.0,,7204.58,1.5,1.49338,2008.0,Imaging,41.2441
HAT-P-37 b,13.204,371.528,2.797436,0.0379,0.058,5500.0,0.929,0.877,2011.0,Transit,390.594
Kepler-42 b,0.78,0.705944,1.2137672,0.0116,0.04,3068.0,0.13,0.17,2011.0,Transit,40.0595
Kepler-32 d,2.7,39.9089,22.7802,0.13,0.0,3900.0,0.58,0.53,2012.0,Transit,323.847
Kepler-32 f,0.82,1862.11,0.74296,0.013,0.0,3900.0,0.58,0.53,2012.0,Transit,323.847
BD+20 2457 b,12.1,6807.63,379.63,1.45,0.15,4137.0,2.8,49.0,2009.0,Radial Velocity,1539.71
HR 8799 d,13.0,3000.0,37000.0,24.0,0.6,7204.58,1.5,1.49338,2008.0,Imaging,41.2441
GJ 179 b,13.8,301.93698665,2288.0,2.41,0.21,3370.0,0.357,0.38,2009.0,Radial Velocity,12.356
SWEEPS-4 b,9.079,1207.7,4.2,0.055,,,1.24,1.18,2006.0,Transit,8500.0
Kepler-42 c,0.73,60.337,0.45328509,0.006,0.0,3068.0,0.13,0.17,2011.0,Transit,40.0595
Kepler-33 c,3.2,0.39,13.17562,0.1189,0.0,5904.0,1.291,1.82,2011.0,Transit,1209.16
Kepler-35 b,8.16,40.363,131.458,0.60347,0.042,5606.0,0.8877,1.0284,2011.0,Transit,1819.17
CoRoT-16 b,13.11,170.032,5.35227,0.0618,0.33,5650.0,1.098,1.19,2011.0,Transit,732.409
HD 240210 b,12.8,1655.82,501.75,1.16,0.15,4297.0,0.82,25.456816,2009.0,Radial Velocity,372.405
BD+20 2457 c,12.4,3963.17,621.99,2.01,0.18,4137.0,2.8,49.0,2009.0,Radial Velocity,1539.71
HD 110014 b,12.4,3524.59,835.477,2.14,0.462,4445.0,2.17,20.9,2009.0,Radial Velocity,100.758
HIP 5158 b,13.6,451.0,345.72,0.89,0.52,4962.0,0.78,0.75,2009.0,Radial Velocity,51.6026
Kepler-33 e,4.02,5.57,31.7844,0.2138,0.0,5904.0,1.291,1.82,2011.0,Transit,1209.16
Kepler-33 d,5.35,3.91,21.77596,0.1662,0.0,5904.0,1.291,1.82,2011.0,Transit,1209.16
BD+20 274 b,13.0,1334.886,578.2,1.3,0.21,4296.0,0.8,17.3,2012.0,Radial Velocity,1322.51
KELT-1 b,12.442,8654.15,1.217514,0.02466,0.0099,6516.0,1.335,1.471,2012.0,Transit,268.43
CoRoT-5 b,15.558,148.42,4.0378962,0.04947,0.09,6100.0,1.0,1.186,2009.0,Transit,882.472
HD 134987 c,13.9,260.0,5000.0,5.8,0.12,5585.0,1.1,1.25,2009.0,Radial Velocity,26.1804
HD 147018 b,13.4,674.0,44.236,0.2388,0.4686,5441.0,0.927,0.937948,2009.0,Radial Velocity,40.4256
Kepler-33 f,4.46,9.6,41.02902,0.2535,0.0,5904.0,1.291,1.82,2011.0,Transit,1209.16
Kepler-31 b,5.5,36.7418,20.8613,0.16,0.0,6340.0,1.21,1.22,2011.0,Transit,1664.64
Kepler-34 b,8.564,69.92,288.822,1.0896,0.182,5913.0,1.0479,1.1618,2011.0,Transit,1800.82
HD 45350 b,13.5,568.89,963.6,1.92,0.778,5566.0,0.98,1.26442,2004.0,Radial Velocity,46.8733
HD 147018 c,12.7,2080.0,1008.0,1.922,0.133,5441.0,0.927,0.937948,2009.0,Radial Velocity,40.4256
CFBDSIR J145829+101343 b,12.4,3337.1,10037.5,2.6,,580.5,0.021,,2011.0,Imaging,23.1
HD 220773 b,13.6,460.8,3724.7,4.94,0.51,5940.0,1.16,1.679696,2011.0,Radial Velocity,50.5103
HD 147513 b,13.7,385.0,528.4,1.32,0.26,5883.0,1.11,0.98,2003.0,Radial Velocity,12.9032
HD 129445 b,13.3,797.74930157,1840.0,2.9,0.7,5646.0,0.99,1.175816,2009.0,Radial Velocity,67.4386
WASP-5 b,12.184,502.15,1.6284279,0.0267,0.038,5700.0,0.96,1.029,2008.0,Transit,309.137
OGLE-TR-111 b,11.421971,174.799,4.0144463,0.0473,0.0,5040.0,0.82,0.83,2004.0,Transit,1068.33
HD 8535 b,14.0,216.1244,1313.0,2.45,0.15,6136.0,1.13,1.19,2010.0,Radial Velocity,55.4401
MOA-2009-BLG-266L b,3.21,10.4,2800.0,3.2,,,0.56,,2011.0,Microlensing,3040.0
GJ 667 C b,2.25,5.68,7.203,0.050431,0.2,3350.0,0.33,,2012.0,Radial Velocity,7.24396
HIP 5158 c,12.2,4780.1632,9017.76,7.7,0.14,4813.0,0.78,0.754089,2011.0,Radial Velocity,51.6026
HAT-P-23 b,15.334,664.237,1.212884,0.0232,0.106,5905.0,1.13,1.203,2010.0,Transit,364.813
HAT-P-20 b,9.718,2302.899,2.875317,0.0361,0.015,4595.0,0.756,0.694,2010.0,Transit,71.0374
CoRoT-17 b,11.43,772.29,3.7681,0.0461,0.0,5740.0,1.04,1.59,2011.0,Transit,1176.12
HD 132563 b,13.6,473.547,1544.0,2.62,0.22,6289.0,1.231,1.29577,2011.0,Radial Velocity,105.155
Kepler-45 b,10.76,160.497,2.455239,0.03,0.11,3820.0,0.59,0.55,2011.0,Transit,381.949
HU Aqr AB b,12.8,1875.197,2390.0,3.6,0.0,5952.0,0.88,,2011.0,Eclipse Timing Variations,192.19807871
Kepler-417 b,2.31,11.0,12.331,0.1006,0.0,5177.0,0.9,0.806,2014.0,Transit,973.989
Kepler-37 d,2.03,2.0,39.7922622,0.2109,0.1,5357.0,0.79,0.789,2013.0,Transit,63.9207
GJ 3634 b,2.83,8.4,2.64561,0.0287,0.08,3517.0,0.45,0.43,2010.0,Radial Velocity,20.3779
Kepler-14 b,12.733,2669.66,6.790123,0.0771,0.035,6395.0,1.512,2.048,2011.0,Transit,798.0
CoRoT-18 b,14.68,1102.82,1.9000693,0.0295,0.08,5440.0,0.95,1.0,2011.0,Transit,764.889
Kepler-15 b,10.76,209.76,4.942782,0.05714,0.06,5515.0,1.018,0.992,2011.0,Transit,739.412
KOI-55 b,0.759,0.44,0.240104,0.006,,27730.0,0.496,0.203,2011.0,Orbital Brightness Modulation,1231.02
PSR J1719-1438 b,,382.8,0.090706293,0.0044,0.06,4500.0,1.4,,2011.0,Pulsar Timing,1200.0
CoRoT-14 b,12.22,2415.4,1.51214,0.027,0.0,6035.0,1.13,1.21,2010.0,Transit,1744.6
HD 11964 b,14.1,198.0,1945.0,3.16,0.041,5303.0,0.91,2.00971,2005.0,Radial Velocity,33.5369
HAT-P-4 b,14.28,213.255,3.056536,0.04438,0.0,5860.0,1.248,1.596,2007.0,Transit,320.451
OGLE-TR-10 b,14.011,197.046,3.101278,0.0434,0.0,5950.0,1.14,1.17,2004.0,Transit,1344.97
OGLE-TR-113 b,12.251,400.449,1.4324752,0.02289,0.0,4790.0,0.779,0.774,2004.0,Transit,566.459
HD 192310 b,4.27,16.9,74.72,0.32,0.13,5166.0,0.8,0.857922,2011.0,Radial Velocity,8.79687
OGLE-2014-BLG-1760L b,13.8,295.89824692,,1.887,,,0.803,,2016.0,Microlensing,7056.0
OGLE-2013-BLG-0132L b,11.6,92.0,,3.6,,,0.54,,2017.0,Microlensing,3900.0
Kepler-277 b,2.92,87.3,17.324,0.14168,0.0,5946.0,1.12,1.69,2013.0,Transit,976.643
KMT-2017-BLG-1194L b,1.7,3.54,,1.78,,,0.41,,2023.0,Microlensing,4240.0
KMT-2017-BLG-2331L b,14.2,171.0,,2.14,,,0.4,,2024.0,Microlensing,8030.0
HD 41004 A b,13.2,807.25,963.0,,0.74,5310.0,0.95,0.85,2004.0,Radial Velocity,36.69117
OGLE-2019-BLG-0299L b,12.7,1976.89269154,,2.8,,,0.59,,2021.0,Microlensing,5830.0
Kepler-476 b,3.08,9.69,14.00640607,0.1126,0.0,5837.0,1.03,1.09,2016.0,Transit,813.535
KMT-2021-BLG-2294L b,5.02,22.24798849,,1.15,,,0.14,,2022.0,Microlensing,6800.0
KMT-2022-BLG-1013L b,12.1,98.52680617,,1.38,,,0.18,,2023.0,Microlensing,7710.0
Kepler-247 d,4.5,50.0,20.4737,0.14081,0.102,5094.0,0.884,0.791,2014.0,Transit,663.711
Kepler-1976 b,12.21,,4.959319244,0.0565,0.0,5712.0,0.976,1.082,2023.0,Transit,1314.51
WASP-155 b,13.45077684,276.8285425,3.110413,0.043,0.0,5660.0,1.09,1.24,2025.0,Transit,399.63
KMT-2019-BLG-0414L b,12.9,1452.47581999,,1.16,,,0.74,,2022.0,Microlensing,4410.0
HD 62509 b,13.3,731.0,589.64,1.64,0.02,4892.63,2.0,8.9,2006.0,Radial Velocity,10.34
Kepler-65 b,1.42,2.4,2.15491,0.035,0.028,6211.0,1.25,1.41,2012.0,Transit,303.728
RR Cae b,13.0,1334.886,4343.5,5.3,0.0,3904.0,0.44,0.193119,2012.0,Eclipse Timing Variations,21.1916
WASP-65 b,12.464,492.62,2.3114243,0.0334,0.0,5600.0,0.93,1.01,2013.0,Transit,273.703
Kepler-30 c,12.3,640.0,60.323105,0.3,0.0111,5498.0,0.99,0.95,2012.0,Transit,914.221
Kepler-38 b,4.3,122.0,105.599,0.4632,0.032,5623.0,0.941,1.752,2012.0,Transit,1174.59
WASP-8 c,12.5,3003.37,4323.0,5.28,0.0,5690.0,1.04,0.96,2013.0,Radial Velocity,89.9606
ROXs 42 B b,12.5,2860.0,,157.0,0.58,3433.0,1.0,1.33658,2013.0,Imaging,143.59
WASP-1 b,16.623,271.415,2.5199454,0.03889,0.0,6110.0,1.24,1.47,2007.0,Transit,393.072
Kepler-50 c,2.17,8.2,9.37647,0.087,0.0,6225.0,1.24,1.58,2012.0,Transit,250.11
BD+15 2940 b,13.7,352.78,137.48,0.539,0.26,4796.0,1.1,14.7,2013.0,Radial Velocity,426.42
Kepler-87 b,13.49,324.2,114.73635,0.481,0.036,5600.0,1.1,1.82,2013.0,Transit,1232.9
WASP-75 b,14.235,340.06,2.484193,0.0375,0.0,6100.0,1.14,1.26,2013.0,Transit,294.001
Kepler-87 c,6.14,6.4,191.2318,0.676,0.039,5600.0,1.1,1.82,2013.0,Transit,1232.9
HD 40307 b,,1188.99607059,4.3123,0.0468,0.2,4956.0,0.77,0.716684,2009.0,Radial Velocity,12.9363
WTS-1 b,16.7,1274.44,3.352057,0.047,0.1,6250.0,1.2,1.15,2012.0,Transit,2346.01
HD 40307 c,,1868.51320475,9.6184,0.0799,0.06,4956.0,0.77,0.716684,2009.0,Radial Velocity,12.9363
CoRoT-26 b,14.12,165.26,4.20474,0.0526,0.0,5590.0,1.09,1.79,2013.0,Transit,1045.18
91 Aqr b,13.1,1017.0,181.4,0.7,0.027,4665.0,1.4,11.0,2013.0,Radial Velocity,44.0304
tau Gem b,12.1,6547.0,305.5,1.17,0.031,4388.0,2.3,26.8,2013.0,Radial Velocity,112.537
HAT-P-42 b,14.348,331.801,4.641878,0.0575,0.0,5743.0,1.178,1.53,2012.0,Transit,405.238
Kepler-56 c,9.8,181.0,21.40239,0.1652,0.0,4840.0,1.32,4.23,2012.0,Transit,912.994
HD 40307 d,,1775.3894815,20.432,0.1321,0.07,4956.0,0.77,0.716684,2009.0,Radial Velocity,12.9363
HD 40307 f,2.13,5.2,51.76,0.247,0.02,4956.0,0.77,0.716684,2013.0,Radial Velocity,12.9363
Kepler-186 e,1.27,2.15,22.407704,0.11,0.0,3788.0,0.478,0.472,2014.0,Transit,177.594
Kepler-186 c,1.25,2.1,7.267302,0.0451,0.0,3788.0,0.478,0.472,2014.0,Transit,177.594
GJ 163 c,2.5,6.8,25.63058,0.1254,0.099,3500.0,0.4,0.409738,2013.0,Radial Velocity,15.1285
GJ 163 d,5.92,29.4,603.95116,1.0304,0.373,3500.0,0.4,0.409738,2013.0,Radial Velocity,15.1285
Kepler-56 b,6.51,22.1,10.5016,0.1028,0.04,4840.0,1.32,4.23,2012.0,Transit,912.994
HD 208527 b,12.5,3146.4,875.5,2.1,0.08,4035.0,1.6,51.1,2012.0,Radial Velocity,312.202
HD 40307 g,2.56,7.1,197.8,0.6,0.29,4956.0,0.77,0.716684,2013.0,Radial Velocity,12.9363
Kepler-186 d,1.4,2.54,13.342996,0.0781,0.0,3788.0,0.478,0.472,2014.0,Transit,177.594
GU Psc b,14.179,3591.3,,2000.0,,4031.81,0.325,0.450458,2014.0,Imaging,47.5501
HIP 63242 b,12.5,2917.56,124.6,0.565,0.23,4830.0,1.54,10.275655,2013.0,Radial Velocity,156.456
Kepler-11 b,1.8,1.9,10.3039,0.091,0.045,5663.0,0.961,1.065,2010.0,Transit,646.346
KOI-351 f,2.88,8.65,124.9144,0.48,0.0,6080.0,1.2,1.2,2013.0,Transit,848.254
CoRoT-1 b,16.7,327.35,1.5089557,0.02752,0.0,5950.0,0.95,1.11,2008.0,Transit,787.909
HAT-P-45 b,15.984,283.492,3.128992,0.0452,0.049,6330.0,1.259,1.319,2014.0,Transit,298.64
HAT-P-44 b,13.922,111.871,4.301219,0.0507,0.044,5295.0,0.942,0.949,2014.0,Transit,347.85
Kepler-11 e,4.19,8.0,31.9996,0.195,0.012,5663.0,0.961,1.065,2010.0,Transit,646.346
HD 95086 b,12.9,1589.0,,55.7,,7595.0,1.6,1.48667,2013.0,Imaging,86.2279
BD-06 1339 b,,1523.03372634,3.8728,0.0428,0.0,4324.0,0.7,0.686355,2013.0,Radial Velocity,20.2695
HD 103774 b,13.3,116.0,5.8881,0.07,0.09,6489.0,1.335,1.581047,2013.0,Radial Velocity,56.4089
HAT-P-44 c,13.0,1271.3,872.2,1.752,0.494,5295.0,0.942,0.949,2014.0,Radial Velocity,347.85
HATS-5 b,10.223,75.323,4.763387,0.0542,0.019,5304.0,0.936,0.871,2014.0,Transit,246.384
Kepler-11 g,3.33,25.0,118.3807,0.466,0.15,5663.0,0.961,1.065,2010.0,Transit,646.346
KOI-351 e,2.66,7.56,91.93913,0.42,0.0,6080.0,1.2,1.2,2013.0,Transit,848.254
KOI-351 c,1.19,1.81,8.719375,0.089,0.0,6080.0,1.2,1.2,2013.0,Transit,848.254
HD 109271 b,4.31,17.162,7.8543,0.079,0.25,5783.0,1.047,1.294595,2013.0,Radial Velocity,55.8716
HD 109271 c,5.27,24.154,30.93,0.196,0.15,5783.0,1.047,1.294595,2013.0,Radial Velocity,55.8716
bet Cnc b,12.6,2479.0,605.2,1.7,0.08,4092.1,1.7,47.2,2014.0,Radial Velocity,89.0472
mu Leo b,13.3,762.8,357.8,1.1,0.09,4538.2,1.5,11.4,2014.0,Radial Velocity,32.6081
Kepler-11 c,2.87,2.9,13.0241,0.107,0.026,5663.0,0.961,1.065,2010.0,Transit,646.346
OGLE-2012-BLG-0358L b,13.4,588.0,,0.87,,,0.022,,2013.0,Microlensing,1760.0
HD 166724 b,13.0,1207.7479466,5144.0,5.42,0.734,5127.0,0.81,0.797485,2012.0,Radial Velocity,45.1342
WASP-64 b,14.247,403.945,1.5732918,0.02648,0.0,5400.0,1.004,1.058,2012.0,Transit,369.926
Kepler-67 b,2.94,8.96,15.7259,0.1171,0.0,5331.0,0.865,0.778,2013.0,Transit,1131.19
GJ 667 C c,1.77,3.8,28.14,0.125,0.02,3350.0,0.33,,2013.0,Radial Velocity,7.24396
HAT-P-38 b,9.247,84.857,4.640382,0.0523,0.067,5330.0,0.886,0.923,2012.0,Transit,255.206
OGLE-2011-BLG-0251L b,14.2,170.0,,2.72,,,0.26,,2012.0,Microlensing,2570.0
PH1 b,6.18,169.0,138.317,0.652,0.0702,6407.0,1.528,1.734,2012.0,Transit,1033.16
Kepler-415 b,1.21,119.9,4.176,0.0426,0.0,4362.0,0.67,0.643,2014.0,Transit,530.487
Kepler-338 c,2.34,6.08,24.310856,0.172,0.03,5923.0,1.105,1.735,2014.0,Transit,552.798
WASP-126 b,10.51358773,90.3,3.28883,0.0449,0.18,5800.0,1.12,1.27,2016.0,Transit,216.526
Kepler-1544 b,1.78,3.82,168.811174,0.54465,0.0,4886.0,0.81,0.74,2016.0,Transit,335.09
GJ 667 C e,1.45,2.7,62.24,0.213,0.02,3350.0,0.33,,2013.0,Radial Velocity,7.24396
HD 207832 c,14.0,232.0159,1155.7,2.112,0.27,5710.0,0.94,0.901,2012.0,Radial Velocity,58.9291
HAT-P-39 b,17.609,190.372,3.54387,0.0509,0.0,6430.0,1.404,1.625,2012.0,Transit,697.004
HD 150706 b,13.3,772.32302901,5894.0,6.7,0.38,5961.0,1.17,0.96,2012.0,Radial Velocity,28.2697
HIP 57274 d,14.2,167.4,431.7,1.01,0.27,4640.0,0.73,0.68,2011.0,Radial Velocity,25.8618
Kepler-82 e,2.47,254.02,5.902206,0.063,0.0,5428.0,0.946,0.945,2014.0,Transit,904.326
Kepler-417 c,2.69,7.7,15.943,0.1194,0.0,5177.0,0.9,0.806,2014.0,Transit,973.989
CoRoT-2 b,16.432,1102.82,1.7429935,0.02798,0.0143,5625.0,0.96,0.906,2008.0,Transit,213.283
TOI-1272 b,4.26,24.1,3.3159765,0.041,0.345,4985.0,0.828,0.8,2022.0,Transit,137.572
Kepler-82 f,4.84,20.9,75.732,0.3395,0.0014,5401.0,0.91,0.898,2019.0,Transit Timing Variations,904.326
TOI-1883 b,5.65,13.7,4.508,0.0423,0.0,3554.0,0.495,0.506,2024.0,Transit,115.369
Oph 11 b,12.3,4449.62,7300000.0,243.0,,2375.0,0.016,0.232692,2006.0,Imaging,136.16559197
Kepler-338 d,3.0,9.27,44.431014,0.257,0.03,5923.0,1.105,1.735,2014.0,Transit,552.798
Kepler-418 b,13.45,349.6112477,86.67856,0.39249,0.2,5820.0,0.98,1.09,2014.0,Transit,1002.53
DP Leo b,12.7,1995.88832,10220.0,8.19,0.39,13500.0,0.69,0.0115,2009.0,Eclipse Timing Variations,305.684
Kepler-58 b,2.78,35.5,10.2184954,0.09291,0.04,5843.0,0.95,1.03,2012.0,Transit,969.252
Kepler-59 c,1.98,3.81,17.9801235,0.13114,0.0,6074.0,1.04,0.94,2012.0,Transit,1163.22
Kepler-130 c,2.9,8.75,27.50868,0.178,0.0,5879.0,1.0,1.17,2014.0,Transit,316.663
CoRoT-27 b,11.287,3302.11,3.57532,0.0476,0.065,5900.0,1.05,1.08,2014.0,Transit,1010.28
HIP 105854 b,12.6,2606.1,184.2,0.81,0.02,4780.0,2.1,10.305119,2014.0,Radial Velocity,78.6381
Kapteyn c,2.54,7.0,121.54,0.311,0.23,3550.0,0.281,0.291,2014.0,Radial Velocity,3.93305
2MASS J01225093-2439505 b,11.209,7786.5,,52.0,,3530.0,0.4,0.36645,2013.0,Imaging,33.8281
Kepler-63 b,6.11,120.0,9.4341505,0.08,0.45,5576.0,0.984,0.901,2013.0,Transit,194.033
Kepler-53 c,3.17,36.0,38.5583038,0.22091,0.0,5858.0,0.98,0.89,2012.0,Transit,1366.07
Kepler-54 c,1.23,0.7,12.0717249,0.0809,0.0,3705.0,0.51,0.5,2012.0,Transit,271.701
Kepler-83 c,2.36,2.03,20.09,0.11796,0.0,4082.0,0.66,0.61,2012.0,Transit,400.409
Kepler-81 b,2.42,17.2,5.955,0.0522,0.0,4385.0,0.64,0.59,2012.0,Transit,348.291
Kepler-55 c,2.21,69.8,42.1516418,0.2095,0.0,4362.0,0.62,0.58,2012.0,Transit,578.796
Kepler-59 b,1.1,4.1,11.8681707,0.09943,0.0,6074.0,1.04,0.94,2012.0,Transit,1163.22
HD 82943 b,13.5,534.25,441.47,1.18306,0.162,5935.0,1.08,1.1826,2003.0,Radial Velocity,27.5902
HD 154857 c,13.2,819.97,3452.0,5.36,0.06,5605.0,1.718,1.76,2014.0,Radial Velocity,63.4482
Kepler-62 d,1.95,14.0,18.16406,0.12,0.0,4925.0,0.69,0.64,2013.0,Transit,300.874
Kepler-62 b,1.31,9.0,5.714932,0.0553,0.0,4925.0,0.69,0.64,2013.0,Transit,300.874
Kepler-83 b,2.83,2.94,9.77,0.07295,0.0,4082.0,0.66,0.61,2012.0,Transit,400.409
POTS-1 b,10.548,734.16,3.1606296,0.03734,,4400.0,0.695,0.588,2013.0,Transit,747.959
Kepler-54 b,2.1,0.98,8.0109434,0.0619,0.022,3705.0,0.51,0.5,2012.0,Transit,271.701
Kepler-55 b,2.43,43.0,27.9481449,0.1593,0.0,4362.0,0.62,0.58,2012.0,Transit,578.796
HD 82943 c,13.4,622.603,220.078,0.74345,0.3663,5935.0,1.08,1.1826,2003.0,Radial Velocity,27.5902
Kepler-413 b,4.347,67.0,66.262,0.3553,0.1181,4700.0,0.82,0.7761,2014.0,Transit,847.536
Kepler-61 b,2.15,5.27,59.87756,0.24861,0.25,4017.0,0.635,0.62,2013.0,Transit,335.079
HAT-P-27 b,11.43,197.05,3.039577,0.04,0.0,5316.0,0.916,0.864673,2011.0,Transit,199.173
Qatar-4 b,12.722215,1938.763,1.8053564,0.02803,0.0,5215.0,0.896,0.849,2017.0,Transit,329.036
WTS-2 b,15.277867,355.9696,1.0187068,0.01855,0.0,5000.0,0.82,0.752,2014.0,Transit,1030.76834437
HD 4203 c,13.3,689.66,6700.0,6.95,0.24,5582.0,0.99,1.49795,2014.0,Radial Velocity,81.3795
Kepler-193 c,2.75,8.0,50.697494,0.286,0.0,6335.0,1.051,1.147,2014.0,Transit,1009.1
Kepler-207 b,1.57,3.09,1.611865,0.029,0.0,5920.0,1.313,1.588,2014.0,Transit,875.519
Kepler-313 b,2.53,6.94,14.970418,0.125,0.0,5727.0,1.114,1.536,2014.0,Transit,1079.39524871
Kepler-120 c,1.53,2.96,12.794585,0.088,0.0,4096.0,0.654,0.534,2014.0,Transit,388.63
Kepler-238 e,5.6,169.7,23.654,0.17286,0.0,5800.0,1.06,0.96,2013.0,Transit,1798.75
Kepler-328 b,2.3,28.5,34.921,0.2199,0.0,6064.0,1.15,1.06,2013.0,Transit,2213.19
Kepler-280 b,1.45,2.7,2.139542,0.032,0.0,5744.0,0.962,0.886,2014.0,Transit,780.361
Kepler-275 c,3.38,11.4,16.088134,0.132,0.0,6165.0,1.189,1.383,2014.0,Transit,2034.25
Kepler-214 b,2.61,7.32,15.660544,0.13,0.0,6169.0,1.11,1.352,2014.0,Transit,1208.44
Kepler-219 c,3.58,12.5,22.714613,0.165,0.0,5786.0,1.164,1.491,2014.0,Transit,787.07
Kepler-331 b,1.82,3.97,8.457496,0.065,0.0,4347.0,0.653,0.492,2014.0,Transit,580.119
Kepler-340 c,3.37,11.3,22.824669,0.178,0.0,6620.0,1.65,1.85,2014.0,Transit,808.762
TOI-4438 b,2.4,4.11,7.446295,0.0523,0.07,3501.0,0.345,0.365,2024.0,Transit,30.0346
Kepler-293 b,3.07,9.64,19.254196,0.144,0.0,5804.0,0.934,0.957,2014.0,Transit,974.633
Kepler-291 b,2.16,5.31,3.546511,0.047,0.0,6002.0,1.023,1.016,2014.0,Transit,1786.48
Kepler-224 d,2.3,5.9,11.349393,0.089,0.0,5018.0,0.777,0.676,2014.0,Transit,782.088
Kepler-124 c,1.75,3.71,13.821375,0.1,0.0,4984.0,0.706,0.636,2014.0,Transit,420.046
DMPP-7 b,9.78,68.958,4.92666,0.0607,0.054,6096.0,1.23,1.49,2026.0,Radial Velocity,101.386
HD 127195 b,14.0,212.94503269,534.5,,0.04,4981.0,1.34,4.16,2026.0,Radial Velocity,84.7167
Kepler-111 b,1.58,3.12,3.341815,0.046,0.0,5952.0,1.171,1.157,2014.0,Transit,657.223
Kepler-148 c,3.6,12.6,4.180043,0.05,0.0,5272.0,0.86,0.851,2014.0,Transit,791.163
Kepler-179 b,1.64,3.33,2.735926,0.036,0.0,5302.0,0.893,0.759,2014.0,Transit,605.68
Kepler-290 c,2.7,7.75,36.77031,0.205,0.0,5147.0,0.756,0.743,2014.0,Transit,694.627
Kepler-302 c,12.45,,127.282184,0.503,0.0,5740.0,1.021,1.22,2014.0,Transit,1402.58
Kepler-226 b,1.55,24.0,3.940997,0.047,0.0,5571.0,0.904,0.802,2014.0,Transit,980.138
Kepler-333 b,1.32,28.2,12.551158,0.087,0.0,4259.0,0.601,0.534,2014.0,Transit,324.413
Kepler-343 b,2.41,6.39,8.96855,0.088,0.0,5807.0,1.055,1.433,2014.0,Transit,927.193
Kepler-197 d,1.22,1.98,15.677563,0.119,0.03,6004.0,0.857,1.12,2014.0,Transit,330.575
TOI-762 A b,8.33948164,79.77493016,3.4716826,0.03418,0.083,3266.0,0.442,0.425,2024.0,Transit,98.4458
Kepler-125 b,2.37,6.21,4.164389,0.041,0.0,3810.0,0.542101,0.512,2014.0,Transit,183.365
Kepler-306 c,2.35,6.12,7.240193,0.067,0.0,4954.0,0.75,0.719,2014.0,Transit,775.679
Kepler-53 d,2.12,166.503,9.751962,0.091,0.0,6085.0,0.966,0.958,2014.0,Transit,1366.07
Kepler-238 d,3.07,23.1,13.233549,0.115,0.0,5751.0,1.229,1.43,2014.0,Transit,1798.75
Kepler-127 d,2.64,7.46,48.630408,0.28,0.03,6106.0,1.248,1.359,2014.0,Transit,352.794
Kepler-222 c,4.64,19.4,10.08881,0.091,0.0,5433.0,0.933,0.869,2014.0,Transit,758.854
Kepler-257 d,4.95,21.7,24.664551,0.16,0.0,5180.0,0.916,1.037,2014.0,Transit,780.256
Kepler-308 b,2.12,5.14,9.694928,0.09,0.0,5895.0,0.92,0.941,2014.0,Transit,1335.92
Kepler-310 c,3.38,11.4,56.47542,0.281,0.0,5797.0,0.854,0.876,2014.0,Transit,602.268
Kepler-242 c,2.0,4.66,14.496481,0.109,0.0,5020.0,0.748,0.85,2014.0,Transit,600.241
Kepler-241 c,2.57,7.13,36.065978,0.189,0.0,4699.0,0.671,0.668,2014.0,Transit,512.0
Kepler-351 c,3.19,11.1,57.24809,0.287,0.0,5643.0,0.81,0.854,2014.0,Transit,1083.91
Kepler-341 c,1.7,3.53,8.01041,0.08,0.0,6012.0,0.976,1.024,2014.0,Transit,1047.03
Kepler-166 c,2.38,6.26,34.260281,0.195,0.0,5413.0,0.811,0.742,2014.0,Transit,603.53
Kepler-108 c,8.18,50.9,190.323494,0.721,0.04,5854.0,1.247,2.192,2014.0,Transit,338.732
Kepler-311 b,1.7,3.53,9.176092,0.087,0.0,5905.0,0.994,1.188,2014.0,Transit,778.654
Kepler-276 b,2.87,731.209,14.12841,0.119,0.0,6105.0,0.845,1.046,2014.0,Transit,1144.86
Kepler-254 c,2.15,3.2,12.412183,0.105,0.0,5957.0,0.849,0.91,2014.0,Transit,1389.48
Kepler-268 c,3.38,11.4,83.446393,0.391,0.0,6081.0,1.109,1.274,2014.0,Transit,851.87
Kepler-321 c,2.32,5.99,13.093921,0.11,0.0,5740.0,1.024,1.194,2014.0,Transit,384.542
Kepler-349 b,1.9,94.5,5.929778,0.065,0.0,5956.0,1.083,0.927,2014.0,Transit,940.724
Kepler-108 b,8.65,56.0,49.183921,0.292,0.22,5854.0,1.247,2.192,2014.0,Transit,338.732
Kepler-264 b,3.33,11.1,40.806231,0.249,0.0,6158.0,1.426,1.55,2014.0,Transit,942.173
Kepler-279 b,3.62,4180.93,12.309681,0.112,0.0,6363.0,1.2,1.746,2014.0,Transit,1037.4
Kepler-286 c,1.37,2.45,3.468095,0.042,0.0,5580.0,0.83,0.863,2014.0,Transit,1226.85
Kepler-171 c,2.56,7.08,11.463462,0.098,0.0,5642.0,0.978,0.839,2014.0,Transit,863.855
Kepler-238 b,1.73,3305.02,2.090876,0.034,0.0,5751.0,1.229,1.43,2014.0,Transit,1798.75
Kepler-329 c,1.93,4.38,18.684737,0.113,0.0,4257.0,0.602,0.523,2014.0,Transit,439.719
Kepler-345 c,1.2,2.2,9.387427,0.077,0.0,4504.0,0.61,0.623,2014.0,Transit,260.0
Kepler-263 b,2.67,7.61,16.568087,0.12,0.0,5265.0,0.793,0.785,2014.0,Transit,754.747
Kepler-268 b,2.55,7.04,25.934138,0.18,0.0,6081.0,1.109,1.274,2014.0,Transit,851.87
Kepler-287 b,2.33,83.0,20.342199,0.145,0.0,5806.0,0.963,1.032,2014.0,Transit,835.86
Kepler-290 b,2.25,5.69,14.589347,0.11,0.0,5147.0,0.756,0.743,2014.0,Transit,694.627
TOI-4409 b,7.44,14.93793513,92.491789,,0.036,4928.0,0.763,0.72,2026.0,Transit,179.419
Kepler-148 b,1.8,3.89,1.729366,0.028,0.0,5272.0,0.86,0.851,2014.0,Transit,791.163
HD 13908 c,12.8,1630.4,931.0,2.03,0.12,6255.0,1.29,1.67,2013.0,Radial Velocity,79.5515
HD 159243 b,13.7,359.13,12.62,0.11,0.02,6123.0,1.125,1.12,2013.0,Radial Velocity,73.3055
Kepler-292 d,2.23,5.6,7.055679,0.068,0.0,5299.0,0.865,0.826,2014.0,Transit,1056.48
Kepler-297 c,6.54,42.1,74.920137,0.336,0.0,5619.0,0.927,0.915,2014.0,Transit,692.14
Kepler-150 e,3.12,9.91,30.826557,0.189,0.0,5560.0,0.956,0.939,2014.0,Transit,891.092
Kepler-178 c,2.88,8.65,20.552802,0.142,0.0,5676.0,0.852,1.066,2014.0,Transit,716.025
HD 73526 c,13.3,715.09,379.1,1.03,0.28,5601.0,1.014,1.53,2005.0,Radial Velocity,97.2396
HD 106906 b,12.4,3496.0,,650.0,,6516.0,1.5,2.12351,2013.0,Imaging,103.029
Kepler-267 b,1.98,37.9,3.353728,0.037,0.0,4258.0,0.541571,0.555,2014.0,Transit,264.993
Kepler-273 b,1.5,2.86,2.936532,0.037,0.0,5626.0,0.756,0.815,2014.0,Transit,713.964
Kepler-306 b,1.52,2.92,4.646186,0.05,0.0,4954.0,0.75,0.719,2014.0,Transit,775.679
Kepler-309 c,2.51,6.85,105.356383,0.401,0.0,4713.0,0.816,0.721,2014.0,Transit,544.568
Kepler-207 c,1.5,2.86,3.071571,0.044,0.0,5920.0,1.313,1.588,2014.0,Transit,875.519
Kepler-224 b,1.39,2.51,3.132924,0.038,0.0,5018.0,0.777,0.676,2014.0,Transit,782.088
Kepler-265 c,2.63,7.41,17.028937,0.127,0.0,5835.0,0.97,1.103,2014.0,Transit,1280.25
Kepler-269 b,2.47,6.66,5.326718,0.061,0.0,5847.0,0.92,0.959,2014.0,Transit,2257.32
Kepler-119 c,0.92,0.721,4.125103,0.049,0.0,5595.0,0.918,0.839,2014.0,Transit,701.996
Kepler-130 b,1.02,1.04,8.457458,0.079,0.15,5884.0,0.927,1.127,2014.0,Transit,316.663
Kepler-235 e,2.22,5.56,46.183669,0.213,0.0,4255.0,0.581,0.554,2014.0,Transit,428.018
Kepler-228 b,1.53,2.96,2.566546,0.038,0.0,6043.0,1.006,1.014,2014.0,Transit,1644.61
Kepler-305 b,3.6,10.5,5.487,0.05746,0.005,5080.0,0.76,0.8,2013.0,Transit,868.477
Kepler-277 c,3.36,64.2,33.006,0.21781,0.0,5946.0,1.12,1.69,2013.0,Transit,976.643
Kepler-301 b,1.35,2.39,2.508553,0.036,0.0,5815.0,1.022,0.9,2014.0,Transit,719.166
Kepler-300 c,2.25,5.69,40.714955,0.232,0.0,5986.0,1.07,0.9,2014.0,Transit,1098.45
Kepler-133 b,1.76,3.75,8.129976,0.083,0.0,5736.0,1.02,1.425,2014.0,Transit,653.6
Kepler-152 c,2.39,6.3,88.255055,0.356,0.0,5088.0,0.779,0.724,2014.0,Transit,441.09
TIC 46432937 b,13.31626907,1017.0509024,1.44044527,0.02065,0.009,3572.0,0.563,0.5299,2024.0,Transit,90.5369
Kepler-138 e,0.797,0.43,38.23,0.1803,0.112,3841.0,0.535,0.535,2022.0,Transit Timing Variations,66.8624
Kepler-299 c,2.65,7.51,6.885875,0.07,0.0,5617.0,1.004,1.032,2014.0,Transit,1052.24
Kepler-298 b,1.96,4.5,10.475464,0.08,0.0,4465.0,0.66,0.582,2014.0,Transit,518.204
Kepler-157 b,1.32,2.3,1.732342,0.028,0.0,5774.0,0.95,1.044,2014.0,Transit,773.713
Kepler-162 b,1.26,2.13,6.919798,0.069,0.0,5816.0,1.053,0.958,2014.0,Transit,855.641
Kepler-249 d,1.57,3.09,15.368459,0.097,0.0,3568.0,0.510238,0.482,2014.0,Transit,190.401
Kepler-254 d,2.5,6.8,18.746477,0.139,0.0,5957.0,0.849,0.91,2014.0,Transit,1389.48
Kepler-114 c,1.6,2.8,8.041,0.06482,0.0,4660.0,0.56,0.54,2013.0,Transit,259.533
Kepler-145 b,2.65,37.1,22.951,0.17308,0.43,6022.0,1.32,1.85,2013.0,Transit,566.85
Kepler-295 b,1.22,1.98,12.645164,0.099,0.0,5603.0,0.89,0.898,2014.0,Transit,1699.19
Kepler-288 c,2.85,8.5,19.305772,0.14,0.0,5918.0,0.842,1.091,2014.0,Transit,1194.15
Kepler-286 d,1.33,2.33,5.914323,0.061,0.0,5580.0,0.83,0.863,2014.0,Transit,1226.85
Kepler-312 c,3.15,10.1,19.747412,0.153,0.0,6115.0,1.314,1.467,2014.0,Transit,797.72
Kepler-287 c,3.26,66.0,44.851896,0.246,0.0,5806.0,0.963,1.032,2014.0,Transit,835.86
Kepler-285 b,1.34,2.36,2.633867,0.036,0.0,5411.0,0.915,0.808,2014.0,Transit,824.31
Kepler-178 d,3.95,14.8,96.678988,0.397,0.0,5676.0,0.852,1.066,2014.0,Transit,716.025
Kepler-183 b,2.06,4.9,5.687945,0.064,0.0,5888.0,0.99,0.958,2014.0,Transit,1050.64
Kepler-315 b,3.77,13.7,96.101141,0.402,0.0,5796.0,0.831,1.037,2014.0,Transit,1160.63
Kepler-316 c,1.16,1.65,6.827766,0.058,0.0,4204.0,0.587,0.52,2014.0,Transit,384.938
Kepler-284 b,2.24,5.65,12.699149,0.104,0.0,5615.0,0.766,0.814,2014.0,Transit,1031.95
Kepler-281 c,5.31,161.124,36.337373,0.215,0.0,5723.0,0.95,0.899,2014.0,Transit,1745.45
Kepler-85 d,1.2,8.69679,17.91323,0.13,0.0,5436.0,0.947,0.893,2014.0,Transit,765.025
Kepler-353 b,0.89,0.64,5.795278,0.051,0.0,3903.0,0.553,0.504,2014.0,Transit,384.694
Kepler-372 c,2.09,5.02,20.053763,0.154,0.0,6509.0,1.202,1.137,2014.0,Transit,1493.95
Kepler-374 c,1.1,1.37,3.282807,0.042,0.0,5977.0,1.033,0.911,2014.0,Transit,1265.61
Kepler-151 c,2.09,5.02,24.674612,0.16,0.0,5460.0,0.87,0.83,2014.0,Transit,649.919
Kepler-386 c,1.58,3.12,25.193458,0.155,0.0,5178.0,0.825,0.767,2014.0,Transit,882.462
Kepler-213 c,2.34,6.08,4.822962,0.057,0.0,5696.0,1.07,1.195,2014.0,Transit,634.939
Kepler-211 b,1.26,2.13,4.138575,0.048,0.0,5123.0,0.867,0.816,2014.0,Transit,309.353
Kepler-355 b,1.46,2.73,11.03189,0.102,0.0,6184.0,0.933,1.066,2014.0,Transit,1432.17
Kepler-356 b,1.57,3.09,4.612696,0.057,0.0,6133.0,1.163,1.335,2014.0,Transit,707.559
Kepler-355 c,2.71,7.8,25.762294,0.179,0.0,6184.0,0.933,1.066,2014.0,Transit,1432.17
Kepler-356 c,1.81,3.93,13.121632,0.115,0.0,6133.0,1.163,1.335,2014.0,Transit,707.559
Kepler-387 b,1.03,1.08,6.791636,0.068,0.0,5774.0,0.85,1.046,2014.0,Transit,801.052
Kepler-388 b,0.81,0.457,3.173315,0.036,0.0,4498.0,0.635,0.586,2014.0,Transit,425.0
Kepler-404 b,1.27,2.15,11.829851,0.102,0.0,5654.0,0.86,0.884,2014.0,Transit,812.524
Kepler-221 d,2.73,3.61,10.04156,0.087,0.0,5243.0,0.854,0.821,2014.0,Transit,385.231
Kepler-357 b,1.84,4.04,6.475434,0.063,0.0,5036.0,0.794,0.834,2014.0,Transit,688.573
Kepler-358 b,2.72,7.85,34.060467,0.21,0.0,5908.0,0.94,0.954,2014.0,Transit,1101.1
Kepler-376 c,1.79,3.86,14.172327,0.115,0.0,5900.0,0.968,1.175,2014.0,Transit,923.067
Kepler-378 b,0.75,0.347,16.092361,0.112,0.0,4661.0,0.78,0.671,2014.0,Transit,152.094
Kepler-389 b,1.51,2.89,3.244107,0.041,0.0,5376.0,0.765,0.792,2014.0,Transit,816.559
Kepler-118 b,1.96,4.5,7.518496,0.073,0.0,5274.0,0.811,1.094,2014.0,Transit,574.228
Kepler-359 b,3.53,12.2,25.563222,0.178,0.0,6248.0,0.827,1.086,2014.0,Transit,1443.21
Kepler-363 c,1.69,66.4,7.542427,0.079,0.0,5593.0,1.226,1.485,2014.0,Transit,762.596
Kepler-379 c,2.29,5.86,62.784697,0.326,0.0,6054.0,1.125,1.306,2014.0,Transit,731.274
Kepler-112 c,2.4,6.35,28.574263,0.172,0.0,5544.0,0.782,0.841,2014.0,Transit,513.206
Kepler-163 b,1.05,1.16,7.810937,0.078,0.0,5776.0,0.882,0.917,2014.0,Transit,689.814
Kepler-390 b,0.82,0.477,6.738088,0.065,0.0,5166.0,0.787,0.776,2014.0,Transit,435.277
Kepler-52 d,1.95,88.8775,36.445171,0.182,0.0,4263.0,0.577,0.556,2014.0,Transit,321.542
Kepler-231 b,1.73,35.4,10.065275,0.074,0.0,3767.0,0.58,0.49,2014.0,Transit,316.618
Kepler-357 d,3.43,11.6,49.499875,0.246,0.0,5036.0,0.794,0.834,2014.0,Transit,688.573
Kepler-358 c,2.85,8.5,83.488369,0.381,0.0,5908.0,0.94,0.954,2014.0,Transit,1101.1
Kepler-139 b,2.94,7.0,15.771044,0.127,0.0,5594.0,1.078,1.3,2014.0,Transit,391.038
Kepler-172 d,2.25,5.69,14.627119,0.118,0.0,5526.0,1.081,1.085,2014.0,Transit,828.592
Kepler-237 b,1.41,2.57,4.715106,0.05,0.0,4861.0,0.696,0.725,2014.0,Transit,657.822
Kepler-235 c,1.28,2.18,7.824904,0.065,0.0,4255.0,0.581,0.554,2014.0,Transit,428.018
Kepler-363 b,1.16,1.65,3.614568,0.048,0.0,5593.0,1.226,1.485,2014.0,Transit,762.596
Kepler-272 b,1.43,78.0,2.971353,0.038,0.0,5297.0,0.91,0.929,2014.0,Transit,889.608
Kepler-353 c,1.38,2.48,8.410894,0.065,0.0,3903.0,0.553,0.504,2014.0,Transit,384.694
Kepler-359 c,4.3,2.9,57.68802,0.307,0.0,6248.0,0.827,1.086,2014.0,Transit,1443.21
Kepler-173 b,1.29,2.21,4.263742,0.048,0.0,6031.0,1.067,0.949,2014.0,Transit,833.165
Kepler-175 c,3.1,9.8,34.035257,0.213,0.0,6064.0,0.969,1.01,2014.0,Transit,1312.34
Kepler-141 c,1.41,2.57,7.010606,0.067,0.0,4910.0,0.878,0.787,2014.0,Transit,301.183
Kepler-239 c,2.51,6.85,56.228098,0.268,0.0,4914.0,0.757,0.763,2014.0,Transit,648.109
Kepler-367 c,1.2,1.87,53.578637,0.253,0.0,4710.0,0.768,0.695,2014.0,Transit,188.027
Kepler-143 c,3.37,11.3,27.082511,0.181,0.0,5848.0,0.982,1.359,2014.0,Transit,809.467
Kepler-360 b,1.65,3.36,3.289672,0.044,0.0,6053.0,0.994,1.058,2014.0,Transit,876.044
Kepler-49 e,1.56,1.03815,18.596108,0.116,0.0,4252.0,0.549,0.559,2014.0,Transit,311.222
Kepler-140 b,1.61,3.22,3.25427,0.045,0.0,6077.0,1.044,1.288,2014.0,Transit,583.859
Kepler-392 b,1.0,0.972,5.341853,0.059,0.0,5938.0,0.874,1.129,2014.0,Transit,681.428
Kepler-122 b,2.34,6.08,5.766193,0.064,0.0,6050.0,0.982,1.216,2014.0,Transit,1027.45
Kepler-243 c,1.99,4.62,20.026218,0.142,0.0,5228.0,0.904,0.842,2014.0,Transit,693.86
Kepler-374 d,1.31,2.27,5.028219,0.056,0.0,5977.0,1.033,0.911,2014.0,Transit,1265.61
Kepler-375 b,1.45,2.7,12.125934,0.101,0.0,5826.0,0.891,0.837,2014.0,Transit,1238.81
Kepler-116 c,2.3,5.9,13.07163,0.116,0.0,6142.0,1.198,1.454,2014.0,Transit,955.168
Kepler-280 c,2.01,4.7,4.807091,0.056,0.0,5744.0,0.962,0.886,2014.0,Transit,780.361
TOI-3053 b,13.56286665,270.15414595,2.9919987,0.039,0.0,5378.0,0.96,0.97,2026.0,Transit,337.627
Kepler-133 c,2.84,8.45,31.517586,0.204,0.0,5736.0,1.02,1.425,2014.0,Transit,653.6
Kepler-246 c,1.5,2.86,11.187161,0.095,0.0,5206.0,0.853,0.831,2014.0,Transit,626.078
Kepler-251 e,2.77,8.1,99.640161,0.404,0.0,5526.0,0.891,0.89,2014.0,Transit,924.625
Kepler-326 c,1.4,17.4,4.580358,0.051,0.0,5105.0,0.91,0.801,2014.0,Transit,487.675
K2-24 b,5.638,20.6,20.8895961,0.1673,0.0498,5726.0,1.091,1.185,2016.0,Transit,170.562
Kepler-281 b,2.82,324.0,14.646008,0.117,0.0,5723.0,0.95,0.899,2014.0,Transit,1745.45
Kepler-288 b,1.67,3.43,6.097326,0.065,0.0,5918.0,0.842,1.091,2014.0,Transit,1194.15
Kepler-393 b,1.29,2.21,9.182417,0.091,0.0,6189.0,1.256,1.382,2014.0,Transit,881.404
Kepler-394 b,1.6,3.19,8.005013,0.083,0.0,6402.0,0.87,1.132,2014.0,Transit,1058.72
Kepler-26 e,2.41,6.39,46.827915,0.22,0.0,4486.0,0.593,0.571,2014.0,Transit,335.307
Kepler-255 b,1.55,3.02,5.714606,0.063,0.0,5573.0,0.867,0.933,2014.0,Transit,1052.53
Kepler-344 b,2.61,7.32,21.963945,0.153,0.0,5774.0,0.931,0.976,2014.0,Transit,1002.94
Kepler-342 b,2.25,5.69,15.170318,0.128,0.0,6175.0,1.213,1.472,2014.0,Transit,781.611
Kepler-291 c,1.88,4.19,5.700786,0.065,0.0,6002.0,1.023,1.016,2014.0,Transit,1786.48
Kepler-293 c,3.83,14.0,54.155743,0.286,0.0,5804.0,0.934,0.957,2014.0,Transit,974.633
Kepler-189 b,1.21,1.92,10.399931,0.088,0.0,5235.0,0.803,0.75,2014.0,Transit,591.534
Kepler-191 c,1.86,4.12,17.738506,0.128,0.0,5282.0,0.857,0.789,2014.0,Transit,594.464
Kepler-258 c,3.61,12.7,33.653079,0.193,0.0,4942.0,0.82,0.915,2014.0,Transit,575.988
Kepler-337 c,2.05,4.86,9.693201,0.093,0.0,5684.0,1.081,1.761,2014.0,Transit,677.975
Kepler-298 c,1.93,4.38,22.92881,0.136,0.0,4465.0,0.66,0.582,2014.0,Transit,518.204
Kepler-300 b,1.67,3.43,10.446347,0.094,0.0,5986.0,1.07,0.9,2014.0,Transit,1098.45
Kepler-137 b,1.47,2.76,8.436387,0.077,0.0,5187.0,0.85,0.802,2014.0,Transit,302.979
Kepler-261 c,2.0,4.66,24.570858,0.156,0.0,5098.0,0.834,0.794,2014.0,Transit,317.499
Kepler-265 b,1.86,4.12,6.846262,0.069,0.0,5835.0,0.97,1.103,2014.0,Transit,1280.25
Kepler-339 b,1.42,2.6,4.977656,0.055,0.0,5631.0,0.87,0.802,2014.0,Transit,616.637
Kepler-325 b,2.91,8.8,4.544439,0.053,0.0,5752.0,0.914,1.003,2014.0,Transit,823.242
Kepler-126 b,1.52,4.11726105,10.495711,0.099,0.07,6239.0,1.108,1.358,2014.0,Transit,237.401
Kepler-380 b,1.19,1.81,3.930821,0.05,0.0,6045.0,0.99,1.224,2014.0,Transit,813.713
Kepler-397 c,6.18,31.6,135.498527,0.48,0.0,5307.0,0.844,0.767,2014.0,Transit,969.0
Kepler-411 b,2.401,25.6,3.005156,0.0375,0.146,4974.0,0.87,0.82,2013.0,Transit,153.676
TOI-2095 c,1.33,7.4,28.17232,0.137,0.0,3759.0,0.44,0.44,2023.0,Transit,41.9176
Kepler-416 d,1.61,3.22,3.07644709,0.0407,0.0,5670.0,0.949,1.022,2023.0,Transit,690.819
TOI-4504 b,2.65,140.0,2.4261516,0.0338,0.84,5315.0,0.875,0.93,2024.0,Transit,342.605
Kepler-46 c,13.5,119.499,57.011,0.2799,0.0146,5155.0,0.902,0.938,2012.0,Transit Timing Variations,777.06
Kepler-188 b,1.68,3.46,2.061897,0.032,0.0,6021.0,1.021,1.141,2014.0,Transit,968.544
Kepler-362 c,1.45,2.7,37.866281,0.207,0.0,5788.0,0.904,0.722,2014.0,Transit,1090.51
Kepler-136 c,1.99,4.62,16.399235,0.133,0.0,6165.0,1.204,1.355,2014.0,Transit,420.818
Kepler-381 c,1.12,1.46,13.391635,0.117,0.0,6152.0,1.144,1.568,2014.0,Transit,267.323
Kepler-398 b,0.93,0.749,4.081423,0.044,0.0,4493.0,0.649,0.613,2014.0,Transit,177.355
Kepler-136 b,2.05,19.8,11.5789,0.106,0.0,6165.0,1.204,1.355,2014.0,Transit,420.818
Kepler-272 d,2.25,5.69,10.937304,0.091,0.0,5297.0,0.91,0.929,2014.0,Transit,889.608
Kepler-206 d,1.19,1.81,23.44281,0.163,0.0,5764.0,0.957,1.185,2014.0,Transit,594.447
Kepler-141 b,0.69,0.257,3.107675,0.039,0.0,4910.0,0.878,0.787,2014.0,Transit,301.183
Kepler-399 d,1.89,4.23,58.034616,0.261,0.0,5502.0,0.902,0.68,2014.0,Transit,740.537
Kepler-400 b,1.65,3.36,9.024389,0.087,0.0,5886.0,1.08,1.145,2014.0,Transit,845.97
Kepler-366 b,1.46,2.73,3.281959,0.045,0.0,6209.0,1.088,1.048,2014.0,Transit,1856.28
Kepler-367 b,1.3,2.24,37.815724,0.201,0.0,4710.0,0.768,0.695,2014.0,Transit,188.027
Kepler-135 b,1.81,3.93,6.00253,0.067,0.0,6090.0,1.047,1.275,2014.0,Transit,621.855
Kepler-383 b,1.32,2.3,12.904532,0.095,0.0,4710.0,0.669,0.672,2014.0,Transit,470.0
Kepler-401 b,1.71,3.57,14.383035,0.122,0.0,6117.0,1.173,1.333,2014.0,Transit,965.56
Kepler-402 c,1.56,3.05,6.124821,0.068,0.0,6090.0,1.072,1.264,2014.0,Transit,625.339
Kepler-351 b,3.06,4.8,37.054919,0.214,0.0,5643.0,0.81,0.854,2014.0,Transit,1083.91
Kepler-350 b,1.85,16.9,11.189562,0.104,0.0,6186.0,1.19,1.534,2014.0,Transit,956.859
Kepler-369 c,1.41,2.57,14.871572,0.094,0.0,3591.0,0.5,0.471,2014.0,Transit,214.0
Kepler-371 b,1.89,4.23,34.763278,0.2,0.0,5666.0,0.876,0.992,2014.0,Transit,813.192
Kepler-147 b,1.53,2.96,12.610584,0.113,0.0,6012.0,1.145,1.468,2014.0,Transit,1042.02
Kepler-132 d,1.55,3.02,18.010199,0.136,0.0,6003.0,0.929,1.178,2014.0,Transit,349.549
Kepler-200 c,1.59,3.15,10.222157,0.09,0.0,5678.0,0.972,0.944,2014.0,Transit,665.912
Kepler-215 e,1.75,3.71,68.16101,0.314,0.0,5739.0,0.788,1.027,2014.0,Transit,485.997
Kepler-347 c,1.75,3.71,27.320871,0.183,0.0,6088.0,0.922,1.005,2014.0,Transit,1298.88
Kepler-202 b,1.63,3.29,4.069427,0.045,0.0,4668.0,0.683,0.667,2014.0,Transit,285.111
Kepler-84 f,2.2,5.48,44.552169,0.25,0.0,6031.0,1.06,1.169,2014.0,Transit,1023.9
Kepler-310 b,1.19,1.81,13.930698,0.111,0.0,5797.0,0.854,0.876,2014.0,Transit,602.268
Kepler-270 c,1.77,3.78,25.262887,0.18,0.0,6067.0,1.17,1.461,2014.0,Transit,948.781
Kepler-24 d,1.67,293.959,4.244384,0.051,0.0,5897.0,1.046,1.289,2014.0,Transit,1156.81
Kepler-217 c,1.85,4.08,8.586004,0.089,0.0,6171.0,1.342,1.799,2014.0,Transit,1104.64
Kepler-220 e,1.33,2.33,45.902733,0.226,0.0,4632.0,0.729,0.666,2014.0,Transit,171.109
Kepler-313 c,2.57,7.13,32.273273,0.208,0.0,5727.0,1.114,1.536,2014.0,Transit,1079.39524871
Kepler-311 c,1.43,2.63,19.738286,0.145,0.0,5905.0,0.994,1.188,2014.0,Transit,778.654
Kepler-282 c,1.2,1.87,13.638723,0.106,0.0,5602.0,0.86,0.904,2014.0,Transit,1337.61
Kepler-286 e,1.77,3.78,29.221289,0.176,0.0,5580.0,0.83,0.863,2014.0,Transit,1226.85
Kepler-204 b,2.53,6.94,14.400974,0.117,0.0,5812.0,1.038,1.238,2014.0,Transit,686.723
Kepler-359 d,4.01,2.7,77.095691,0.372,0.0,6248.0,0.827,1.086,2014.0,Transit,1443.21
Kepler-314 b,0.83,0.498,2.461069,0.035,0.0,5378.0,0.99,0.95,2014.0,Transit,268.881
Kepler-316 b,1.06,1.2,2.240508,0.027,0.0,4204.0,0.587,0.52,2014.0,Transit,384.938
Kepler-288 d,2.67,7.61,56.633742,0.287,0.0,5918.0,0.842,1.091,2014.0,Transit,1194.15
Kepler-149 b,4.21,16.5,29.198943,0.184,0.0,5381.0,1.013,0.953,2014.0,Transit,571.034
Kepler-372 b,1.36,2.42,6.849692,0.075,0.0,6509.0,1.202,1.137,2014.0,Transit,1493.95
Kepler-205 b,1.51,2.89,2.75564,0.032,0.0,4321.0,0.592,0.546,2014.0,Transit,159.72
Kepler-361 b,1.45,2.7,8.486616,0.086,0.0,6169.0,1.191,1.343,2014.0,Transit,930.32
Kepler-317 c,1.72,3.61,8.77501,0.083,0.0,5497.0,0.865,0.941,2014.0,Transit,940.584
Kepler-319 d,2.29,5.86,31.781925,0.191,0.0,5526.0,0.933,0.903,2014.0,Transit,503.436
Kepler-295 d,1.36,2.42,33.884054,0.192,0.0,5603.0,0.89,0.898,2014.0,Transit,1699.19
Kepler-308 c,2.16,5.31,15.38231,0.123,0.0,5895.0,0.92,0.941,2014.0,Transit,1335.92
Kepler-234 b,3.7,13.2,2.711506,0.04,0.0,6224.0,1.129,1.113,2014.0,Transit,1733.1
Kepler-378 c,0.7,0.271,28.906009,0.166,0.0,4661.0,0.78,0.671,2014.0,Transit,152.094
Kepler-321 b,1.77,3.78,4.915379,0.057,0.0,5740.0,1.024,1.194,2014.0,Transit,384.542
Kepler-322 b,1.01,1.01,1.653888,0.027,0.0,5388.0,0.908,0.89,2014.0,Transit,400.48
Kepler-397 b,2.46,6.62,22.250949,0.144,0.0,5307.0,0.844,0.767,2014.0,Transit,969.0
Kepler-198 b,2.82,8.35,17.790037,0.131,0.0,5574.0,0.995,0.94,2014.0,Transit,495.358
Kepler-386 b,1.39,2.51,12.31043,0.096,0.0,5178.0,0.825,0.767,2014.0,Transit,882.462
Kepler-206 c,1.77,3.78,13.137471,0.111,0.0,5764.0,0.957,1.185,2014.0,Transit,594.447
Kepler-173 c,2.43,6.48,8.005777,0.074,0.0,6031.0,1.067,0.949,2014.0,Transit,833.165
Kepler-250 b,1.13,1.51,4.148141,0.048,0.0,5160.0,0.806,0.805,2014.0,Transit,760.585
Kepler-325 c,2.54,6.99,12.762172,0.105,0.0,5752.0,0.914,1.003,2014.0,Transit,823.242
Kepler-157 c,2.24,5.65,13.5405,0.11,0.0,5774.0,0.95,1.044,2014.0,Transit,773.713
Kepler-392 c,1.1,1.37,10.423118,0.093,0.0,5938.0,0.874,1.129,2014.0,Transit,681.428
Kepler-365 c,1.64,3.33,17.784129,0.137,0.0,6012.0,1.02,1.048,2014.0,Transit,1038.99
Kepler-243 b,2.45,6.57,5.715442,0.062,0.0,5228.0,0.904,0.842,2014.0,Transit,693.86
Kepler-402 e,1.46,2.73,11.242861,0.102,0.0,6090.0,1.072,1.264,2014.0,Transit,625.339
Kepler-402 d,1.38,2.48,8.921099,0.087,0.0,6090.0,1.072,1.264,2014.0,Transit,625.339
Kepler-147 c,2.43,6.48,33.416423,0.216,0.0,6012.0,1.145,1.468,2014.0,Transit,1042.02
Kepler-183 c,2.27,35.7,11.637071,0.103,0.0,5888.0,0.99,0.958,2014.0,Transit,1050.64
Kepler-244 b,2.76,8.05,4.311792,0.05,0.0,5554.0,0.933,0.803,2014.0,Transit,1036.49
Kepler-209 b,2.26,5.73,16.087845,0.122,0.0,5513.0,0.971,0.935,2014.0,Transit,576.946
Kepler-127 b,1.4,2.54,14.435889,0.125,0.47,6106.0,1.248,1.359,2014.0,Transit,352.794
Kepler-403 c,1.75,3.71,54.280749,0.297,0.0,6090.0,1.299,1.329,2014.0,Transit,840.269
Kepler-376 b,1.07,1.24,4.920199,0.057,0.0,5900.0,0.968,1.175,2014.0,Transit,923.067
Kepler-331 c,1.84,4.04,17.28111,0.105,0.0,4347.0,0.653,0.492,2014.0,Transit,580.119
Kepler-256 e,2.35,6.12,10.681572,0.096,0.0,5551.0,1.037,1.301,2014.0,Transit,1026.43
Kepler-209 c,3.1,9.8,41.749882,0.231,0.0,5513.0,0.971,0.935,2014.0,Transit,576.946
Kepler-229 d,3.85,14.2,41.194912,0.22,0.0,5120.0,0.808,0.728,2014.0,Transit,826.265
Kepler-237 c,2.08,4.98,8.103636,0.071,0.0,4861.0,0.696,0.725,2014.0,Transit,657.822
Kepler-383 c,1.24,2.07,31.200751,0.172,0.0,4710.0,0.669,0.672,2014.0,Transit,470.0
Kepler-333 c,1.11,1.41,24.08821,0.135,0.0,4259.0,0.601,0.534,2014.0,Transit,324.413
Kepler-334 d,1.41,2.57,25.09849,0.168,0.0,5828.0,1.022,1.068,2014.0,Transit,426.59
Kepler-156 c,2.55,7.04,15.906801,0.117,0.0,5094.0,0.864,0.807,2014.0,Transit,443.483
Kepler-405 c,4.66,19.6,29.726682,0.188,0.0,5818.0,0.873,0.893,2014.0,Transit,1065.08
Kepler-274 c,1.84,4.04,33.197861,0.204,0.0,6023.0,0.883,1.007,2014.0,Transit,1333.62
Kepler-315 c,4.15,16.1,265.469335,0.791,0.0,5796.0,0.831,1.037,2014.0,Transit,1160.63
Kepler-387 c,0.89,0.64,11.837549,0.098,0.0,5774.0,0.85,1.046,2014.0,Transit,801.052
Kepler-388 c,0.86,0.566,13.297004,0.093,0.0,4498.0,0.635,0.586,2014.0,Transit,425.0
Kepler-337 b,1.54,2.99,3.292781,0.045,0.0,5684.0,1.081,1.761,2014.0,Transit,677.975
Kepler-134 c,1.26,2.13,10.105785,0.092,0.0,5983.0,0.956,1.176,2014.0,Transit,334.797
Kepler-140 c,1.8,3.89,91.353282,0.414,0.0,6077.0,1.044,1.288,2014.0,Transit,583.859
Kepler-159 b,2.38,6.26,10.139623,0.082,0.0,4625.0,0.628,0.663,2014.0,Transit,373.744
Kepler-320 c,1.37,2.45,17.934937,0.142,0.0,6435.0,1.072,1.108,2014.0,Transit,826.613
Kepler-292 c,1.47,2.76,3.715335,0.045,0.0,5299.0,0.865,0.826,2014.0,Transit,1056.48
Kepler-82 b,4.07,12.15,26.44,0.1683,0.0033,5401.0,0.91,0.898,2012.0,Transit,904.326
Kepler-122 c,5.87,29.0,12.465988,0.108,0.0,6050.0,0.982,1.216,2014.0,Transit,1027.45
Kepler-149 c,1.61,3.22,55.328328,0.281,0.0,5381.0,1.013,0.953,2014.0,Transit,571.034
Kepler-164 b,1.41,2.57,5.03503,0.058,0.0,5888.0,1.036,1.148,2014.0,Transit,890.758
Kepler-320 b,1.14,1.55,8.371554,0.085,0.0,6435.0,1.072,1.108,2014.0,Transit,826.613
Kepler-338 e,1.56,8.5,9.341,0.08979,0.05,5999.0,1.14,1.735,2014.0,Transit,552.798
Kepler-395 b,1.03,1.08,7.054346,0.061,0.0,4262.0,0.622827,0.556,2014.0,Transit,421.382
Kepler-341 d,1.85,4.08,27.666313,0.182,0.0,6012.0,0.976,1.024,2014.0,Transit,1047.03
Kepler-341 e,1.99,4.62,42.473269,0.242,0.0,6012.0,0.976,1.024,2014.0,Transit,1047.03
Kepler-169 b,1.13,1.51,3.250619,0.04,0.0,4997.0,0.825,0.763,2014.0,Transit,406.529
Kepler-169 f,2.58,7.18,87.090195,0.359,0.0,4997.0,0.825,0.763,2014.0,Transit,406.529
Kepler-332 c,1.09,1.32,15.995622,0.114,0.0,4955.0,0.743,0.72,2014.0,Transit,344.19
Kepler-143 b,2.41,6.39,16.007583,0.127,0.0,5848.0,0.982,1.359,2014.0,Transit,809.467
Kepler-299 b,1.32,2.3,2.927128,0.04,0.0,5617.0,1.004,1.032,2014.0,Transit,1052.24
Kepler-301 c,1.35,2.39,5.419026,0.06,0.0,5815.0,1.022,0.9,2014.0,Transit,719.166
Kepler-342 d,2.49,6.76,39.459357,0.242,0.0,6175.0,1.213,1.472,2014.0,Transit,781.611
Kepler-233 c,2.71,7.8,60.418955,0.287,0.0,5360.0,0.855,0.758,2014.0,Transit,856.417
Kepler-171 d,1.89,4.23,39.595519,0.223,0.0,5642.0,0.978,0.839,2014.0,Transit,863.855
HD 60779 b,3.246,14.19,29.986175,0.1922,0.031,6081.0,1.05,1.129,2026.0,Transit,35.4445
Kepler-335 c,3.07,9.64,67.844469,0.356,0.0,5877.0,1.367,1.854,2014.0,Transit,1278.97
Kepler-332 d,1.18,1.76,34.21154,0.189,0.0,4955.0,0.743,0.72,2014.0,Transit,344.19
Kepler-262 b,1.36,2.42,13.060855,0.108,0.0,5841.0,0.816,0.881,2014.0,Transit,613.129
Kepler-263 c,2.47,6.66,47.332773,0.242,0.0,5265.0,0.793,0.785,2014.0,Transit,754.747
Kepler-191 b,1.34,2.36,9.939632,0.087,0.0,5282.0,0.857,0.789,2014.0,Transit,594.464
Kepler-197 e,0.91,0.693,25.209715,0.164,0.38,6004.0,0.857,1.12,2014.0,Transit,330.575
Kepler-200 b,2.13,5.18,8.594805,0.08,0.0,5678.0,0.972,0.944,2014.0,Transit,665.912
Kepler-201 b,2.46,6.62,25.672083,0.175,0.0,6065.0,1.098,1.229,2014.0,Transit,636.445
Kepler-84 e,2.6,7.27,27.434389,0.181,0.0,6031.0,1.06,1.169,2014.0,Transit,1023.9
Kepler-265 e,2.59,7.22,67.831024,0.319,0.0,5835.0,0.97,1.103,2014.0,Transit,1280.25
Kepler-24 e,2.78,26.2118,18.998355,0.138,0.0,5897.0,1.046,1.289,2014.0,Transit,1156.81
Kepler-441 b,1.64,3.33,207.2482,0.64,0.1,4340.0,0.572,0.55,2015.0,Transit,268.003
Kepler-253 c,2.65,7.51,10.281951,0.089,0.0,5208.0,0.86,0.786,2014.0,Transit,838.595
Kepler-214 c,2.13,5.18,28.7798,0.194,0.0,6169.0,1.11,1.352,2014.0,Transit,1208.44
Kepler-170 c,2.86,8.55,16.665863,0.131,0.0,5679.0,1.066,1.035,2014.0,Transit,738.657
Kepler-205 c,1.64,3.33,20.306546,0.122,0.0,4321.0,0.592,0.546,2014.0,Transit,159.72
CoRoT-22 b,4.88,12.2,9.75598,0.092,0.077,5939.0,1.099,1.136,2014.0,Transit,627.158
Kepler-437 b,2.14,5.22,66.65062,0.288,0.02,4551.0,0.707,0.68,2015.0,Transit,304.0
Kepler-192 b,2.74,7.95,9.926746,0.09,0.0,5479.0,1.028,1.007,2014.0,Transit,651.674
Kepler-254 b,3.87,14.3,5.826662,0.064,0.0,5957.0,0.849,0.91,2014.0,Transit,1389.48
Kepler-196 c,2.24,5.65,47.427737,0.24,0.0,5128.0,0.839,0.782,2014.0,Transit,451.312
Kepler-101 b,5.77,51.1,3.4876812,0.0474,0.086,5667.0,1.17,1.56,2014.0,Transit,927.981
Kepler-439 b,2.24,5.65,178.1396,0.563,0.03,5431.0,0.884,0.866,2015.0,Transit,757.048
Kepler-256 c,2.15,5.27,3.38802,0.045,0.0,5551.0,1.037,1.301,2014.0,Transit,1026.43
Kepler-216 c,3.04,9.48,17.406669,0.136,0.0,6091.0,1.126,1.26,2014.0,Transit,1187.47
Kepler-184 c,1.97,8.8,20.303005,0.141,0.0,5788.0,0.872,0.873,2014.0,Transit,610.326
KIC 10001893 d,,,0.81161,,,27500.0,0.47,0.18,2014.0,Orbital Brightness Modulation,1672.94
KIC 10001893 b,,,0.2197,,,27500.0,0.47,0.18,2014.0,Orbital Brightness Modulation,1672.94
HD 113538 c,13.8,295.57,1818.0,2.44,0.2,4462.0,0.585,0.53,2010.0,Radial Velocity,16.2817
HD 30669 b,14.3,149.37,1684.0,2.69,0.18,5400.0,0.92,0.91,2014.0,Radial Velocity,58.0844
Kepler-217 b,2.23,5.6,5.374943,0.065,0.0,6171.0,1.342,1.799,2014.0,Transit,1104.64
Kepler-83 d,1.94,4.1,5.169796,0.051,0.0,4648.0,0.58,0.594,2014.0,Transit,400.409
Kepler-253 d,3.17,10.2,18.119869,0.13,0.0,5208.0,0.86,0.786,2014.0,Transit,838.595
Kepler-424 c,12.7,2215.18,223.3,0.73,,5460.0,1.01,0.94,2014.0,Radial Velocity,698.646
Kepler-422 b,12.89,136.66,7.8914483,0.082,0.0,5972.0,1.15,1.24,2014.0,Transit,722.795
Kepler-445 c,2.51,6.85,4.871229,0.0301,0.0,3157.0,0.18,0.21,2015.0,Transit,127.201
Kepler-446 b,1.5,2.86,1.565409,0.0182,0.0,3359.0,0.22,0.24,2015.0,Transit,96.339
Kepler-259 b,2.8,8.25,8.115317,0.079,0.0,5938.0,0.867,0.898,2014.0,Transit,1002.14
Kepler-193 b,2.39,6.3,11.38848,0.106,0.0,6335.0,1.051,1.147,2014.0,Transit,1009.1
Kepler-215 b,1.62,3.26,9.360672,0.084,0.0,5739.0,0.788,1.027,2014.0,Transit,485.997
Kepler-192 c,2.79,8.2,21.2234,0.15,0.0,5479.0,1.028,1.007,2014.0,Transit,651.674
Kepler-426 b,12.22,108.06,3.21751883,0.0414,0.18,5725.0,0.91,0.92,2014.0,Transit,843.695
Kepler-424 b,9.98,327.35,3.3118644,0.044,0.0,5460.0,1.01,0.94,2014.0,Transit,698.646
Kepler-427 b,13.79,92.17,10.290994,0.091,0.57,5800.0,0.96,1.35,2014.0,Transit,1017.8
HD 103720 b,14.1,197.046,4.5557,0.0498,0.086,5017.0,0.794,0.73,2014.0,Radial Velocity,45.5352
Kepler-434 b,12.67,908.96,12.8747099,0.1143,0.131,5977.0,1.198,1.38,2015.0,Transit,1222.54
Kepler-221 c,2.93,9.3,5.690586,0.059,0.0,5243.0,0.854,0.821,2014.0,Transit,385.231
Kepler-222 b,3.16,10.1,3.936981,0.048,0.0,5433.0,0.933,0.869,2014.0,Transit,758.854
Kepler-94 c,12.5,3126.0,820.3,1.596806621,0.345931,4781.0,0.81,0.76,2014.0,Radial Velocity,191.904
Kepler-48 e,13.4,657.0,982.0,1.898274748,0.003142,5194.0,0.88,0.89,2014.0,Radial Velocity,306.738
Kepler-428 b,12.11,403.63,3.52563254,0.0433,0.22,5150.0,0.87,0.8,2014.0,Transit,686.284
Kepler-425 b,10.962,79.45,3.79701816,0.0464,0.33,5170.0,0.93,0.86,2014.0,Transit,646.647
Kepler-224 c,3.12,9.91,5.925003,0.058,0.0,5018.0,0.777,0.676,2014.0,Transit,782.088
Kepler-407 c,12.3,4000.0,3000.0,3.27090369,0.221479,5476.0,1.0,1.01,2014.0,Radial Velocity,338.368
Kepler-106 c,2.5,10.44,13.5708,0.10987,0.0,5858.0,1.0,1.04,2014.0,Transit,444.322
TYC 1422-614-1 b,13.3,794.5,198.4,0.69,0.06,4806.0,1.15,6.85,2014.0,Radial Velocity,672.41
TYC 1422-614-1 c,12.5,3178.0,559.3,1.37,0.048,4806.0,1.15,6.85,2014.0,Radial Velocity,672.41
Kepler-445 b,1.58,3.12,2.984151,0.0217,0.0,3157.0,0.18,0.21,2015.0,Transit,127.201
Kepler-446 d,1.35,2.39,5.148921,0.0403,0.0,3359.0,0.22,0.24,2015.0,Transit,96.339
Kepler-164 c,2.73,7.9,10.945723,0.097,0.0,5888.0,1.036,1.148,2014.0,Transit,890.758
Kepler-165 b,2.32,5.99,8.180848,0.072,0.0,5211.0,0.746,0.77,2014.0,Transit,560.885
OGLE-2005-BLG-071L b,13.0,1200.0,,3.6,,,0.46,,2005.0,Microlensing,3200.0
OGLE-2008-BLG-092L b,8.74,57.0,,15.0,,,0.71,,2014.0,Microlensing,8100.0
Kepler-246 b,2.34,6.08,4.60182,0.052,0.0,5206.0,0.853,0.831,2014.0,Transit,626.078
Kepler-226 c,2.27,45.2,5.349555,0.058,0.0,5571.0,0.904,0.802,2014.0,Transit,980.138
Kepler-227 b,3.11,9.85,9.488015,0.09,0.0,5854.0,0.954,1.091,2014.0,Transit,1083.06
Kepler-113 b,1.82,11.7,4.754,0.05123,0.0,4725.0,0.75,0.69,2014.0,Transit,262.351
Kepler-48 d,2.04,7.93,42.8961,0.23302,0.0,5194.0,0.88,0.89,2014.0,Transit,306.738
Qatar-2 b,14.056,792.635,1.33711647,0.02153,0.0,4645.0,0.743,0.776,2011.0,Transit,181.374
Kepler-117 c,12.341,584.78,50.790391,0.2804,0.0323,6150.0,1.129,1.606,2014.0,Transit,1455.57
Kepler-161 b,2.12,2.63,4.921355,0.054,0.0,5078.0,0.853,0.806,2014.0,Transit,434.632
Kepler-153 b,2.92,8.85,18.870227,0.129,0.0,5404.0,0.756,0.892,2014.0,Transit,459.368
Kepler-229 c,4.92,21.5,16.068638,0.117,0.0,5120.0,0.808,0.728,2014.0,Transit,826.265
Kepler-100 d,1.61,3.0,35.3331,0.21747,0.38,5825.0,1.08,1.49,2014.0,Transit,304.645
Kepler-98 b,1.99,3.55,1.54168,0.02614,0.0,5539.0,0.99,1.11,2014.0,Transit,350.315
Kepler-117 b,8.059,29.875,18.7959228,0.1445,0.0493,6150.0,1.129,1.606,2014.0,Transit,1455.57
Kepler-430 b,3.25,10.6,35.968,0.2244,0.0,5884.0,1.166,1.485,2015.0,Transit,917.477
Kepler-230 b,4.26,16.8,32.625555,0.191,0.0,5588.0,0.784,0.817,2014.0,Transit,740.754
Kepler-166 b,2.27,5.77,7.650254,0.072,0.0,5413.0,0.811,0.742,2014.0,Transit,603.53
Kepler-131 b,2.41,16.13,16.092,0.12789,0.0,5685.0,1.02,1.03,2014.0,Transit,228.678
Kepler-406 b,1.43,6.35,2.42629,0.03599,0.0,5538.0,1.07,1.07,2014.0,Transit,364.03
Kepler-249 c,1.51,2.89,7.113702,0.058,0.0,3568.0,0.510238,0.482,2014.0,Transit,190.401
Kepler-162 c,3.03,9.43,19.446355,0.137,0.0,5816.0,1.053,0.958,2014.0,Transit,855.641
Kepler-180 c,3.01,9.32,41.885775,0.229,0.0,5731.0,0.95,1.063,2014.0,Transit,695.65
Kepler-182 c,3.43,11.6,20.684342,0.157,0.0,6250.0,1.114,1.146,2014.0,Transit,1549.09
HD 10180 c,,2741.58783878,5.75969,0.06412,0.073,5911.0,1.06,1.109,2010.0,Radial Velocity,38.9607
Kepler-82 c,5.34,13.9,51.54,0.2626,0.007,5401.0,0.91,0.898,2012.0,Transit,904.326
Kepler-174 b,1.96,4.5,13.98179,0.1,0.0,4880.0,0.602,0.622,2014.0,Transit,384.757
Kepler-176 c,2.6,1.33,12.759712,0.102,0.0,5232.0,0.86,0.891,2014.0,Transit,527.321
Kepler-96 b,2.67,8.46,16.2385,0.1261,0.0,5690.0,1.0,1.02,2014.0,Transit,122.881
Kepler-48 b,1.88,3.94,4.778,0.05394,0.0,5194.0,0.88,0.89,2012.0,Transit,306.738
HD 10180 d,,3295.88058059,16.357,0.12859,0.131,5911.0,1.06,1.109,2010.0,Radial Velocity,38.9607
HD 10180 e,5.39,25.1,49.748,0.2699,0.051,5911.0,1.06,1.109,2010.0,Radial Velocity,38.9607
Kepler-55 d,1.59,3.15,2.211099,0.029,0.0,4503.0,0.631,0.619,2014.0,Transit,578.796
Kepler-187 c,2.67,7.61,10.640263,0.099,0.0,6105.0,1.081,1.287,2014.0,Transit,1143.0
Kepler-233 b,2.43,6.48,8.472382,0.077,0.0,5360.0,0.855,0.758,2014.0,Transit,856.417
Kepler-234 c,3.51,12.1,7.21205,0.077,0.0,6224.0,1.129,1.113,2014.0,Transit,1733.1
MOA-2011-BLG-322L b,12.4,3690.0,,4.3,,,0.39,,2013.0,Microlensing,7560.0
CoRoT-24 b,3.7,5.7,5.1134,0.056,0.0,4950.0,0.91,0.86,2014.0,Transit,591.555
HD 10180 h,9.4,64.4,2205.0,3.381,0.095,5911.0,1.06,1.109,2010.0,Radial Velocity,38.9607
Kepler-440 b,1.86,4.12,101.11141,0.242,0.34,4134.0,0.575,0.559,2015.0,Transit,301.03
Kepler-251 c,2.77,8.1,16.514043,0.122,0.0,5526.0,0.891,0.89,2014.0,Transit,924.625
Kepler-146 c,3.13,9.96,76.732171,0.364,0.0,5948.0,1.079,1.208,2014.0,Transit,716.797
Kepler-150 d,2.79,8.2,12.56093,0.104,0.0,5560.0,0.956,0.939,2014.0,Transit,891.092
OGLE-2008-BLG-355L b,12.9,1500.0,,1.7,,,0.37,,2014.0,Microlensing,6800.0
CoRoT-24 c,5.0,28.0,11.759,0.098,0.0,4950.0,0.91,0.86,2014.0,Transit,591.555
Kepler-186 f,1.17,1.71,129.9441,0.432,0.04,3755.0,0.544,0.523,2014.0,Transit,177.594
Kepler-252 c,2.15,5.27,10.848463,0.08,0.0,4208.0,0.61,0.549,2014.0,Transit,379.424
Kepler-213 b,1.62,3.26,2.46236,0.036,0.0,5696.0,1.07,1.195,2014.0,Transit,634.939
Kepler-159 c,3.41,11.5,43.595792,0.218,0.0,4625.0,0.628,0.663,2014.0,Transit,373.744
Kepler-202 c,1.85,4.08,16.282493,0.113,0.0,4668.0,0.683,0.667,2014.0,Transit,285.111
HD 35759 b,13.0,1195.0408,82.467,0.389,0.389,6060.0,1.15,1.759974,2016.0,Radial Velocity,71.2423
Kepler-477 b,2.07,4.94,11.11990653,0.0911,0.0,5240.0,0.87,0.79,2016.0,Transit,367.0
HD 67087 c,12.9,1540.0,2374.0,3.86,0.76,6330.0,1.36,1.55,2015.0,Radial Velocity,76.5217
Kepler-6 b,14.616536,212.31044,3.2346996,0.04852,0.0,5647.0,1.209,1.391,2009.0,Transit,587.039
HD 220842 b,13.1,1010.6994,218.47,0.74,0.404,5960.0,1.13,1.41647,2016.0,Radial Velocity,64.6498
HIP 65407 c,13.9,249.17872,67.3,0.316,0.12,5460.0,0.93,0.952252,2016.0,Radial Velocity,61.7804
Kepler-505 b,2.6,7.27,27.52197994,0.1445,0.0,3931.0,0.55,0.53,2016.0,Transit,283.41
CoRoT-29 b,10.0881,270.1555,2.85057,0.0386,0.082,5260.0,0.97,0.9,2015.0,Transit,806.507
tau Boo b,12.8,1891.0,3.3124568,0.049,0.011,6466.27,1.32,1.42588,1996.0,Radial Velocity,15.6521
Kepler-412 b,15.031269,299.07803,1.7208604,0.02897,0.0038,5750.0,1.167,1.287,2014.0,Transit,1086.24
HD 141399 b,14.3,143.34133,94.44,0.415,0.04,5600.0,1.07,1.387236,2014.0,Radial Velocity,37.0169
HD 141399 c,13.6,422.7139,201.99,0.689,0.048,5600.0,1.07,1.387236,2014.0,Radial Velocity,37.0169
Kepler-754 b,2.01,4.7,14.5596237,0.116,0.0,5935.0,1.06,1.08,2016.0,Transit,1770.27
Kepler-753 b,1.91,4.31,5.747725012,0.054,0.0,4346.0,0.68,0.65,2016.0,Transit,274.767
HAT-P-54 b,10.581296,241.5508,3.799847,0.04117,0.074,4390.0,0.645,0.617,2015.0,Transit,143.651
TrES-5 b,13.383546,568.9157,1.48224686,0.02459,0.0,5171.0,0.901,0.868,2011.0,Transit,360.313
KOI-13 b,16.948008,2949.4624,1.763588,0.03641,0.00064,7650.0,1.72,1.74,2011.0,Transit,519.096
WASP-42 b,12.576498,167.49641,4.9816819,0.0561,0.062,5315.0,0.951,0.892,2012.0,Transit,177.291
Kepler-766 b,3.39,11.4,6.10027804,0.066,0.0,5992.0,1.1,1.15,2016.0,Transit,2297.62
Kepler-771 b,1.82,3.97,8.73485836,0.0843,0.0,5906.0,1.03,1.05,2016.0,Transit,1393.85
HD 100546 b,77.3421,2701.5414595,,53.0,,10500.0,2.4,1.85288,2014.0,Imaging,109.677
Kepler-432 c,13.3,772.3269,406.2,,0.498,4995.0,1.32,4.06,2015.0,Radial Velocity,848.023
Kepler-76 b,15.24424,638.8383,1.5449298,0.0274,0.0,6409.0,1.2,1.32,2013.0,Orbital Brightness Modulation,822.96
OGLE-2003-BLG-235L b,13.2,830.0,,4.3,,,0.63,,2004.0,Microlensing,5800.0
Kepler-765 b,2.43,6.48,27.6655226,0.1754,0.0,5901.0,1.05,1.06,2016.0,Transit,1076.28
Kepler-432 b,12.834305,1719.4603,52.501129,0.301,0.5134,4995.0,1.32,4.06,2015.0,Transit,848.023
Kepler-5 b,15.984034,670.93913,3.5484657,0.0538,0.0,6297.0,1.374,1.793,2009.0,Transit,899.777
Kepler-7 b,18.180998,140.16303,4.8854892,0.06067,0.0,5933.0,1.359,1.966,2009.0,Transit,922.562
HIP 74890 b,13.3,762.792,822.3,2.1,0.07,4850.0,1.74,5.77,2016.0,Radial Velocity,78.6562
K2-29 b,13.33871,232.0159,3.2588321,0.04217,0.066,5358.0,0.94,0.86,2016.0,Transit,178.475
Kepler-767 b,6.64,35.7,161.5280101,0.5874,0.0,5694.0,0.96,0.94,2016.0,Transit,2251.03
Kepler-773 b,1.43,2.63,3.749100061,0.04682,0.0,5850.0,1.04,1.01,2016.0,Transit,547.026
Kepler-774 b,3.17,10.2,11.0895723,0.1082,0.0,6403.0,1.57,2.42,2016.0,Transit,917.804
2MASS J02192210-3925225 b,16.14096,4417.837,,156.0,,3064.0,0.108,0.281,2015.0,Imaging,40.08964117
HD 7924 d,,1568.16536014,24.451,0.1551,0.21,5075.0,0.832,0.7821,2015.0,Radial Velocity,16.9922
WASP-41 c,13.1,1010.6994,421.0,1.07,0.294,5545.0,0.93,0.87,2015.0,Radial Velocity,163.371
HAT-P-50 b,14.437192,429.0705,3.1220109,0.0453,0.115,6280.0,1.273,1.698,2015.0,Transit,515.458
HD 133131 A b,13.6,451.3186,649.0,1.44,0.33,5799.0,0.95,0.955014,2016.0,Radial Velocity,51.4736
HATS-17 b,8.709393,425.25654,16.254611,0.1308,0.029,5846.0,1.131,1.091,2016.0,Transit,400.331
Kepler-772 b,1.82,3.97,12.99207337,0.11153,0.0,5714.0,0.98,1.11,2016.0,Transit,1130.21
Kepler-769 b,2.92,8.85,7.42608998,0.0778,0.0,6186.0,1.19,1.28,2016.0,Transit,1169.57
Kepler-449 c,2.764,8.07,33.6727,0.1979,0.05,5649.18,1.02,1.467,2015.0,Transit,241.949
HD 133131 A c,14.3,133.4886,3568.0,4.49,0.49,5799.0,0.95,0.955014,2016.0,Radial Velocity,51.4736
WASP-92 b,16.376349,255.85315,2.1746742,0.0348,0.0,6280.0,1.19,1.341,2016.0,Transit,575.889
Kepler-762 b,12.68,,3.770552098,0.0493,0.0,5944.0,1.06,1.08,2016.0,Transit,1898.26
Kepler-781 b,2.89,8.7,13.2140732,0.1019,0.0,5162.0,0.81,0.78,2016.0,Transit,1064.47
Kepler-92 d,2.067,11.8666806,49.3568,0.28682,0.07,5904.34,1.07,1.81719,2015.0,Transit,477.992
Kepler-449 b,2.056,4.88,12.58242,0.1027,0.03,5649.18,1.02,1.467,2015.0,Transit,241.949
HD 175607 b,,2456.1779293,29.01,,0.11,5392.0,0.71,0.7,2015.0,Radial Velocity,40.3303
HD 1461 c,2.23,5.59,13.5052,0.1117,0.305,5765.0,1.02,1.152288,2015.0,Radial Velocity,23.4534
WASP-93 b,17.900773,467.2101,2.7325321,0.04211,0.0,6700.0,1.334,1.524,2016.0,Transit,370.284
HD 128311 c,13.0,1204.25787,921.538,1.74,0.159,4965.0,0.828,0.76,2005.0,Radial Velocity,16.3292
alf Tau b,12.7,2056.3601,628.96,1.46,0.1,4055.0,1.13,45.1,2015.0,Radial Velocity,20.4332
Kepler-450 d,0.837,17.6,7.51464,0.0827,0.14,6197.21,1.19,1.64162,2015.0,Transit,455.982
OGLE-2005-BLG-169L b,3.84,14.1,,3.5,,,0.69,,2006.0,Microlensing,4100.0
WASP-46 b,13.159366,607.0553,1.43036763,0.02335,0.0,5600.0,0.828,0.858,2011.0,Transit,375.31
HD 60532 b,13.8,336.8998,201.9,0.77,0.26,6245.0,1.5,2.57,2008.0,Radial Velocity,25.9716
HD 60532 c,13.3,797.7533,600.1,1.6,0.03,6245.0,1.5,2.57,2008.0,Radial Velocity,25.9716
OGLE-2013-BLG-0102L b,12.3,4100.0,,0.8,,,0.096,,2014.0,Microlensing,3040.0
Kepler-41 b,14.46,177.98,1.8555582,0.03101,0.0,5750.0,1.15,1.29,2011.0,Transit,1093.08
HIP 107773 b,13.4,629.3034,144.3,0.72,0.09,4945.0,2.42,11.6,2015.0,Radial Velocity,105.18
HATS-8 b,9.785457,43.86054,3.583893,0.04667,0.376,5679.0,1.056,1.086,2015.0,Transit,794.637
LkCa 15 b,,,,14.7,,4194.0,,1.60711,2015.0,Imaging,158.152
LkCa 15 c,,,,18.6,,4194.0,,1.60711,2015.0,Imaging,158.152
Qatar-1 b,12.811887,411.27202,1.4200242,0.02332,0.0,5013.0,0.838,0.803,2010.0,Transit,185.615
HAT-P-66 b,17.82231,248.86089,2.972086,0.04363,0.09,6002.0,1.255,1.881,2016.0,Transit,935.456
Kepler-75 b,11.77,3209.9,8.8849116,0.0818,0.57,5200.0,0.91,0.89,2013.0,Transit,835.356
Kepler-453 b,6.204,16.0,240.503,0.7903,0.0359,5527.0,0.944,0.833,2015.0,Transit,442.846
WASP-89 b,11.65736,1875.197,3.3564227,0.0427,0.193,5130.0,0.92,0.88,2015.0,Transit,290.946
KIC 3558849 b,6.9,38.1,1322.3,,,6175.0,0.98,1.01,2015.0,Transit,1215.7
KIC 8540376 c,2.4,6.35,75.2,,,6474.0,1.04,1.26,2015.0,Transit,1072.3
OGLE-2007-BLG-349L AB c,10.7,80.0,2557.0,2.59,,,0.41,,2016.0,Microlensing,2760.0
Kepler-56 d,12.8,1784.0,1002.0,2.16,0.2,4819.44,1.29,4.21799,2016.0,Radial Velocity,912.994
Kepler-444 b,0.403,0.0374,3.6001053,0.04178,0.16,5046.0,0.758,0.752,2015.0,Transit,36.4396
K2-6 b,2.5,6.8,30.94191,0.1898,,5850.0,0.97,0.96,2015.0,Transit,316.819
HD 42618 b,3.89,14.4,149.61,0.554,0.19,5727.0,1.015,0.999,2016.0,Radial Velocity,24.3358
OGLE-2012-BLG-0950L b,6.56,35.0,,2.6,,,0.57,,2016.0,Microlensing,2600.0
Kepler-444 e,0.546,0.1,7.743493,0.0696,0.1,5046.0,0.758,0.752,2015.0,Transit,36.4396
K2-15 b,2.48,6.71,11.8104,0.091,,5131.0,0.72,0.68,2015.0,Transit,493.992
K2-14 b,4.81,20.7,8.36802,0.0627,0.14,3789.0,0.47,0.45,2015.0,Transit,364.048
K2-17 b,2.23,5.6,17.96753,0.119,0.18,4320.0,0.71,0.66,2015.0,Transit,125.106
K2-9 b,2.25,5.69,18.4498,0.091,,3390.0,0.3,0.31,2015.0,Transit,82.9631
WASP-36 b,14.874343,750.39663,1.53736596,0.02677,0.0,5959.0,1.081,0.985,2011.0,Transit,386.346
Kepler-26 b,2.78,5.12,12.28,0.08551,0.021,3914.0,0.544,0.512,2011.0,Transit,335.307
HATS-13 b,13.585308,172.58169,3.0440499,0.04057,0.181,5523.0,0.962,0.887,2015.0,Transit,421.855
HATS-14 b,11.646151,340.39593,2.7667641,0.03815,0.142,5346.0,0.967,0.933,2015.0,Transit,513.011
WASP-90 b,18.27067,200.2329,3.916243,0.0562,0.0,6430.0,1.55,1.98,2016.0,Transit,466.433
HD 5583 b,12.8,1837.0574,139.35,0.53,0.076,4830.0,1.01,9.09,2016.0,Radial Velocity,219.216
Kepler-26 c,2.72,6.2,17.2559,0.10725,0.013,3914.0,0.544,0.512,2011.0,Transit,335.307
Kepler-447 b,18.49,435.41,7.79430132,0.0769,0.123,5493.0,1.0,1.05,2015.0,Transit,268.041
OGLE-2011-BLG-0265L b,13.9,280.0,,1.89,,,0.211,,2015.0,Microlensing,4380.0
HD 130322 b,13.7,365.49,10.70871,0.0925,0.029,5387.0,0.92,0.85,1999.0,Radial Velocity,31.8766
OGLE-2012-BLG-0563L b,13.6,120.0,,0.74,,,0.34,,2015.0,Microlensing,1300.0
Kepler-296 d,2.09,5.02,19.850291,0.118,0.33,3740.0,0.498,0.48,2014.0,Transit,167.0
Pr0211 c,12.6,2475.8957,4850.0,5.5,0.71,5300.0,0.935,0.827,2016.0,Radial Velocity,182.714
BD+15 2375 b,13.8,337.21763,153.22,0.576,0.001,4649.0,1.08,8.95,2016.0,Radial Velocity,768.045
Kepler-60 d,1.99,4.16,11.8981,0.10203,0.002,5905.0,1.041,1.257,2012.0,Transit,1025.1
HD 1666 b,12.7,2040.0,270.0,0.94,0.63,6317.0,1.5,1.93,2015.0,Radial Velocity,117.908
HD 67087 b,13.1,973.0,352.2,1.08,0.17,6330.0,1.36,1.55,2015.0,Radial Velocity,76.5217
Kepler-296 e,1.53,2.96,34.14211,0.169,0.33,3740.0,0.498,0.48,2014.0,Transit,167.0
Kepler-872 b,1.99,4.62,2.578855068,0.0362,0.0,5902.0,1.05,1.08,2016.0,Transit,879.683
Kepler-871 b,3.74,13.5,22.0459018,0.1572,0.0,5993.0,1.11,1.14,2016.0,Transit,1976.05
Kepler-603 c,6.5,34.5,127.9075774,0.53439,0.0,5808.0,1.01,1.01,2016.0,Transit,1539.63
Kepler-908 b,1.22,1.98,1.340597468,0.02526,0.0,5973.0,1.11,1.12,2016.0,Transit,290.843
Kepler-499 b,2.17,5.35,5.632528453,0.0598,0.0,5312.0,0.87,0.83,2016.0,Transit,556.726
Kepler-801 b,2.0,4.66,11.41928253,0.0795,0.0,4435.0,0.67,0.63,2016.0,Transit,440.426
Kepler-799 b,6.88,37.9,133.4605235,0.5167,0.0,5681.0,0.95,0.93,2016.0,Transit,1509.084
Kepler-870 b,2.78,8.15,21.3587621,0.1539,0.0,5857.0,1.01,1.02,2016.0,Transit,1259.46
Kepler-869 b,3.61,12.7,40.4287755,0.2244,0.0,5664.0,0.97,0.95,2016.0,Transit,939.455
Kepler-907 b,1.2,1.87,15.86621821,0.1225,0.0,6106.0,1.08,1.38,2016.0,Transit,352.0
Kepler-912 b,2.8,8.25,2.534756273,0.0339,0.0,5998.0,1.07,1.11,2016.0,Transit,2004.72
Kepler-797 b,2.17,5.35,27.07237711,0.181,0.0,5680.0,0.96,0.95,2016.0,Transit,1315.26
Kepler-867 b,4.64,19.4,150.242127,0.5375,0.0,5541.0,0.92,0.91,2016.0,Transit,1195.54
Kepler-868 b,2.05,4.86,5.03251791,0.0575,0.0,5614.0,0.93,0.89,2016.0,Transit,1593.13
Kepler-866 b,1.63,3.29,2.617032536,0.0331,0.0,4751.0,0.75,0.71,2016.0,Transit,646.667
Kepler-913 b,2.06,4.9,10.29672521,0.1009,0.0,4687.0,0.63,0.61,2016.0,Transit,991.618
Kepler-910 b,0.82,0.477,2.364369015,0.03752,0.0,6230.0,1.26,1.5,2016.0,Transit,400.289
Kepler-847 b,1.18,1.76,2.343231895,0.0315,0.0,4940.0,0.83,0.77,2016.0,Transit,513.103
Kepler-846 b,2.48,6.71,19.80792185,0.1399,0.0,5579.0,0.94,0.91,2016.0,Transit,1127.12
Kepler-795 b,1.68,3.46,29.6193421,0.1803,0.0,5631.0,0.94,0.96,2016.0,Transit,492.122
Kepler-794 b,2.11,5.1,11.13125132,0.10036,0.0,5839.0,1.19,1.38,2016.0,Transit,931.192
Kepler-865 b,2.49,6.76,14.16399294,0.1057,0.0,5570.0,0.93,0.92,2016.0,Transit,586.137
Kepler-909 b,1.47,2.76,13.93290318,0.11873,0.0,6154.0,1.17,1.23,2016.0,Transit,309.596
Kepler-916 b,1.76,3.75,32.2968798,0.1885,0.0,5248.0,0.85,0.81,2016.0,Transit,830.712
Kepler-845 b,2.04,4.82,0.927859821,0.01668,0.0,4913.0,0.79,0.75,2016.0,Transit,431.051
Kepler-844 b,1.68,3.46,2.613020856,0.0298,0.0,4128.0,0.59,0.57,2016.0,Transit,431.776
Kepler-792 b,1.96,4.5,11.30119217,0.0988,0.0,5971.0,1.09,1.12,2016.0,Transit,1425.47
Kepler-791 b,3.05,9.53,14.5539759,0.1256,0.0,6383.0,1.3,1.47,2016.0,Transit,1266.34
Kepler-862 b,2.21,5.52,3.148664534,0.039,0.0,5333.0,0.88,0.84,2016.0,Transit,1039.03
Kepler-861 b,2.28,5.82,3.949631375,0.0463,0.0,5047.0,0.82,0.78,2016.0,Transit,850.327
Kepler-930 b,2.13,5.18,71.4517775,0.34593,0.0,6335.0,1.25,1.4,2016.0,Transit,848.396
Kepler-842 b,1.6,3.19,1.21956827,0.0204,0.0,4848.0,0.78,0.73,2016.0,Transit,532.726
Kepler-841 b,5.23,23.8,124.4198398,0.479,0.0,5324.0,0.85,0.81,2016.0,Transit,998.961
Kepler-790 b,2.18,5.39,13.73469807,0.101,0.0,5208.0,0.84,0.8,2016.0,Transit,703.168
Kepler-788 b,2.55,7.04,8.39846269,0.0835,0.0,6159.0,1.16,1.23,2016.0,Transit,1775.8
Kepler-860 b,3.24,10.6,5.101379454,0.058,0.0,5836.0,1.04,1.06,2016.0,Transit,1056.36
Kepler-924 b,3.07,9.64,61.0370117,0.31318,0.0,6167.0,1.14,1.23,2016.0,Transit,1053.04
Kepler-923 b,1.38,2.48,6.93366476,0.07592,0.0,5988.0,1.11,1.26,2016.0,Transit,1000.28
Kepler-838 b,2.73,7.9,15.74957994,0.1266,0.0,5770.0,0.98,0.96,2016.0,Transit,1104.04
Kepler-837 b,2.56,7.08,16.56059504,0.1144,0.0,5403.0,0.85,0.81,2016.0,Transit,901.907
Kepler-787 b,1.28,2.18,0.928310498,0.0159,0.0,4248.0,0.65,0.62,2016.0,Transit,503.568
Kepler-465 b,2.95,9.01,9.940672466,0.09195,0.0,6310.0,1.23,1.29,2016.0,Transit,553.077
Kepler-856 b,9.3,63.3,8.027680595,0.0787,0.0,5535.0,0.96,0.93,2016.0,Transit,1351.17
Kepler-890 b,8.89,58.6,52.75875577,0.2944,0.0,5954.0,1.09,1.13,2016.0,Transit,1712.12
Kepler-927 b,1.72,3.61,9.1149903,0.0866,0.0,5743.0,0.99,0.99,2016.0,Transit,831.685
Kepler-926 b,2.31,5.95,52.0688601,0.2739,0.0,5806.0,1.01,1.01,2016.0,Transit,921.361
Kepler-892 b,2.81,8.3,13.7521072,0.1015,0.0,4747.0,0.75,0.72,2016.0,Transit,570.727
Kepler-933 b,2.46,6.62,14.20443009,0.1041,0.0,5346.0,0.87,0.84,2016.0,Transit,1017.2
Kepler-826 b,1.25,2.1,4.48758907,0.05202,0.0,6079.0,1.05,1.15,2016.0,Transit,779.596
Kepler-830 b,1.7,3.53,11.29695137,0.1033,0.0,6037.0,1.07,1.11,2016.0,Transit,1122.0
Kepler-829 b,2.11,5.1,6.88337562,0.0678,0.0,5698.0,0.98,0.97,2016.0,Transit,1073.76
Kepler-895 b,1.54,2.99,2.806242328,0.0328,0.0,4315.0,0.65,0.61,2016.0,Transit,540.134
Kepler-743 b,1.21,1.92,3.179262921,0.04166,0.0,5486.0,0.94,0.85,2016.0,Transit,278.987
Kepler-823 b,1.57,3.09,4.16809082,0.0507,0.0,5643.0,0.98,0.96,2016.0,Transit,1389.27
Kepler-487 c,2.68,7.65,38.6519976,0.21864,0.0,5444.0,0.91,0.88,2016.0,Transit,872.343
Kepler-898 b,1.49,2.83,5.8706191,0.0545,0.0,4223.0,0.65,0.62,2016.0,Transit,484.891
Kepler-899 b,2.68,7.65,19.17891293,0.1392,0.0,5595.0,0.93,0.91,2016.0,Transit,1246.43
Kepler-747 b,5.27,24.1,35.61760587,0.1916,0.0,5096.0,0.82,0.78,2016.0,Transit,3347.16
Kepler-821 b,1.31,2.27,1.92279873,0.029,0.0,5191.0,0.84,0.8,2016.0,Transit,614.571
Kepler-498 b,3.03,9.43,9.61375356,0.0897,0.0,5744.0,0.98,0.96,2016.0,Transit,938.844
Kepler-887 b,1.84,4.04,20.42228798,0.15431,0.0,6194.0,1.19,1.29,2016.0,Transit,886.588
Kepler-901 b,1.37,2.45,3.517494394,0.0378,0.0,4184.0,0.59,0.57,2016.0,Transit,253.867
Kepler-900 b,2.08,4.98,6.9913086,0.0679,0.0,4836.0,0.78,0.73,2016.0,Transit,487.525
Kepler-751 b,2.46,6.62,17.44490636,0.1263,0.0,5387.0,0.87,0.84,2016.0,Transit,760.43
Kepler-755 b,1.76,3.75,1.269090374,0.02156,0.0,5043.0,0.82,0.77,2016.0,Transit,399.034
Kepler-820 b,6.09,30.8,127.8338098,0.56004,0.0,6260.0,1.23,1.36,2016.0,Transit,1387.2
Kepler-817 b,9.03,60.2,3.990106229,0.0493,0.0,5861.0,1.03,1.03,2016.0,Transit,1484.46
Kepler-886 b,1.52,2.92,6.24146367,0.06428,0.0,6098.0,1.1,1.16,2016.0,Transit,711.297
Kepler-885 b,2.5,6.8,18.11472949,0.14403,0.0,6187.0,1.21,1.35,2016.0,Transit,651.318
Kepler-904 b,1.77,3.78,3.021668632,0.0417,0.0,6160.0,1.16,1.25,2016.0,Transit,978.125
Kepler-905 b,1.41,2.57,5.082746517,0.05689,0.0,5461.0,0.95,0.86,2016.0,Transit,529.268
Kepler-756 b,1.12,1.46,1.224866322,0.0219,0.0,5282.0,0.82,0.79,2016.0,Transit,852.0
Kepler-757 b,1.36,2.42,1.022678821,0.019,0.0,6014.0,1.08,1.13,2016.0,Transit,1068.68
Kepler-815 b,4.11,15.8,8.57503552,0.09473,0.0,5028.0,1.25,3.42,2016.0,Transit,1259.28
Kepler-852 b,2.54,6.99,44.9309804,0.27967,0.0,6100.0,1.19,1.16,2016.0,Transit,1619.03
Kepler-883 b,1.78,3.82,12.98495573,0.10288,0.0,6116.0,1.06,1.09,2016.0,Transit,627.455
Kepler-509 b,2.49,6.76,41.74600392,0.23702,0.0,6060.0,1.1,1.2,2016.0,Transit,332.443
Kepler-466 c,1.25,2.1,3.709213846,0.04658,0.0,5927.0,1.04,1.05,2016.0,Transit,530.122
Kepler-502 b,4.77,20.4,4.28686431,0.0535,0.0,6125.0,1.15,1.22,2016.0,Transit,1591.04
Kepler-758 b,2.48,6.71,12.1097104,0.10754,0.0,6228.0,1.16,1.42,2016.0,Transit,1502.32
Kepler-813 b,2.14,5.22,19.12947337,0.1439,0.0,5743.0,0.95,0.93,2016.0,Transit,840.0
Kepler-811 b,2.7,7.75,23.58447697,0.15911,0.0,5747.0,1.01,1.24,2016.0,Transit,985.041
Kepler-882 b,1.23,2.04,3.989539666,0.04741,0.0,5476.0,0.9,0.87,2016.0,Transit,504.605
Kepler-880 b,2.66,7.56,7.71468975,0.0915,0.0,6761.0,1.46,1.74,2016.0,Transit,601.324
Kepler-474 b,3.06,9.59,5.660672935,0.06092,0.0,5785.0,0.99,1.08,2016.0,Transit,841.496
Kepler-760 b,3.06,9.59,8.70419416,0.08087,0.0,5322.0,0.89,0.85,2016.0,Transit,792.336
Kepler-810 b,1.93,4.38,4.59725385,0.055,0.0,5803.0,1.03,1.04,2016.0,Transit,1458.59
Kepler-809 b,3.01,9.32,55.63934,0.2901,0.0,5734.0,0.99,0.98,2016.0,Transit,961.405
Kepler-877 b,2.12,5.14,18.45847097,0.1301,0.0,5261.0,0.85,0.81,2016.0,Transit,602.176
Kepler-750 c,1.62,3.26,4.08899022,0.05009,0.0,6160.0,1.15,1.23,2016.0,Transit,1296.02
Kepler-255 d,1.32,2.3,1.045622658,0.0192,0.0,5431.0,0.9,0.86,2016.0,Transit,1052.53
Kepler-775 b,1.19,1.81,0.974868926,0.01834,0.0,5468.0,0.92,0.84,2016.0,Transit,398.676
Kepler-500 b,2.58,7.18,8.508324398,0.08361,0.0,5813.0,1.02,1.03,2016.0,Transit,807.48
Kepler-808 b,1.46,2.73,0.631332353,0.01314,0.0,4653.0,0.76,0.71,2016.0,Transit,321.0
Kepler-875 b,2.9,8.75,27.5073799,0.1771,0.0,5958.0,1.06,1.11,2016.0,Transit,1242.62
Kepler-732 c,1.27,2.15,0.893041236,0.0143,0.0,3631.0,0.49,0.46,2016.0,Transit,174.826
Kepler-777 b,1.47,2.76,5.72812599,0.0519,0.0,4043.0,0.58,0.56,2016.0,Transit,443.106
Kepler-779 b,0.92,0.721,7.09714223,0.0533,0.0,3804.0,0.46,0.44,2016.0,Transit,283.155
Kepler-804 b,1.94,4.42,14.37457351,0.11287,0.0,5817.0,1.01,1.05,2016.0,Transit,649.65
Kepler-803 b,3.79,13.8,50.28638192,0.26721,0.0,5919.0,1.05,1.12,2016.0,Transit,639.771
Kepler-1049 b,0.95,0.809,3.273460736,0.0349,0.0,3864.0,0.51,0.49,2016.0,Transit,162.006
Kepler-969 b,2.07,4.94,34.1731714,0.19726,0.0,5214.0,0.92,0.82,2016.0,Transit,390.354
Kepler-1137 b,2.2,5.48,23.9210791,0.1871,0.0,6807.0,1.5,1.84,2016.0,Transit,921.778
Kepler-975 b,1.48,2.79,1.970342457,0.02898,0.0,4897.0,0.8,0.75,2016.0,Transit,426.088
Kepler-995 b,2.7,7.75,28.26731672,0.1701,0.0,5206.0,0.83,0.8,2016.0,Transit,609.638
Kepler-1054 b,2.63,7.41,4.30655689,0.05542,0.0,6209.0,1.22,1.34,2016.0,Transit,1090.51
Kepler-1033 b,2.51,6.85,7.56052806,0.0761,0.0,5547.0,0.94,0.92,2016.0,Transit,1455.5
Kepler-1040 b,2.08,4.98,201.1214,0.67249,0.0,5694.0,0.98,0.96,2016.0,Transit,482.119
Kepler-1138 b,1.7,3.53,3.17060005,0.0415,0.0,5582.0,0.95,0.92,2016.0,Transit,872.328
Kepler-1139 b,1.19,1.81,0.813166719,0.01664,0.0,5550.0,0.94,0.91,2016.0,Transit,495.156
Kepler-1060 b,2.38,6.26,46.8779367,0.2495,0.0,5797.0,0.99,0.99,2016.0,Transit,946.565
Kepler-1003 b,1.78,3.82,3.554856915,0.04333,0.0,6109.0,1.11,1.17,2016.0,Transit,941.902
Kepler-1055 b,1.23,2.04,2.295036233,0.0335,0.0,5723.0,0.98,0.94,2016.0,Transit,389.397
Kepler-998 b,2.32,5.99,5.65377733,0.0626,0.0,6058.0,1.12,1.18,2016.0,Transit,986.364
Kepler-1017 b,1.99,4.62,7.23400469,0.07196,0.0,5473.0,0.93,0.87,2016.0,Transit,552.058
Kepler-974 b,1.57,3.09,4.194496514,0.0419,0.0,3687.0,0.52,0.5,2016.0,Transit,134.311
Kepler-1045 b,2.69,7.7,26.41045478,0.1616,0.0,5301.0,0.86,0.82,2016.0,Transit,942.485
Kepler-980 b,2.67,7.61,11.55102504,0.09993,0.0,5935.0,1.05,1.06,2016.0,Transit,961.468
Kepler-991 b,2.54,6.99,82.5342519,0.3104,0.0,4392.0,0.64,0.61,2016.0,Transit,389.561
Kepler-1072 b,1.58,3.12,1.569066502,0.02742,0.0,6199.0,1.2,1.32,2016.0,Transit,982.716
Kepler-490 b,11.65,,3.268695154,0.0453,0.0,6045.0,1.08,1.12,2016.0,Transit,1523.0
Kepler-1018 b,2.58,7.18,49.1013514,0.253,0.0,5518.0,0.91,0.88,2016.0,Transit,1010.01
Kepler-1004 b,6.28,32.5,5.28789787,0.06791,0.0,4972.0,1.11,3.39,2016.0,Transit,1152.68
Kepler-997 b,1.36,2.42,2.707306716,0.04022,0.0,6150.0,1.22,1.56,2016.0,Transit,467.568
Kepler-1151 b,2.22,5.56,65.6478424,0.3197,0.0,5470.0,0.88,0.85,2016.0,Transit,682.436
Kepler-1064 b,1.55,3.02,16.54080322,0.1183,0.0,5153.0,0.85,0.79,2016.0,Transit,374.0
Kepler-971 b,2.13,5.18,9.59070716,0.08679,0.0,5431.0,0.88,0.85,2016.0,Transit,338.522
Kepler-1051 b,3.4,11.5,25.96200249,0.18395,0.0,6675.0,1.43,1.73,2016.0,Transit,829.343
Kepler-1007 b,1.44,2.67,5.185002073,0.048,0.0,4587.0,0.73,0.7,2016.0,Transit,365.0
Kepler-968 b,2.0,4.66,3.692983728,0.0389,0.0,4598.0,0.76,0.7,2016.0,Transit,290.324
Kepler-1145 b,1.4,2.54,3.97076766,0.0443,0.0,5064.0,0.79,0.75,2016.0,Transit,691.961
Kepler-1147 b,2.61,7.32,10.62784997,0.0961,0.0,5941.0,1.09,1.14,2016.0,Transit,1657.36
Kepler-1029 b,1.26,2.13,4.417696479,0.047,0.0,5030.0,0.82,0.77,2016.0,Transit,366.656
Kepler-996 b,1.98,4.58,3.770590584,0.0474,0.0,6014.0,1.09,1.14,2016.0,Transit,1216.58
Kepler-966 b,4.13,16.0,99.747622,0.3907,0.0,5840.0,1.02,1.02,2016.0,Transit,1027.8
Kepler-1047 b,2.09,5.02,56.1886887,0.29871,0.0,5754.0,1.08,1.13,2016.0,Transit,817.647
Kepler-1149 b,1.44,2.67,3.73089898,0.0473,0.0,5833.0,1.02,1.01,2016.0,Transit,1217.73
Kepler-1148 b,1.69,3.5,1.104463509,0.0188,0.0,5054.0,0.81,0.77,2016.0,Transit,625.692
Kepler-1057 b,3.36,11.2,14.08827448,0.1138,0.0,5987.0,1.07,1.1,2016.0,Transit,1201.82
Kepler-1059 b,1.73,3.64,3.764191048,0.044,0.0,4906.0,0.75,0.72,2016.0,Transit,713.167
Kepler-965 b,3.38,11.4,134.2527298,0.50998,0.0,5886.0,1.05,1.15,2016.0,Transit,582.828
Kepler-999 b,2.34,6.08,5.991857017,0.06918,0.0,6237.0,1.29,1.65,2016.0,Transit,545.063
Kepler-1112 b,3.02,9.38,14.36267939,0.1239,0.0,6496.0,1.34,1.54,2016.0,Transit,1671.28
Kepler-952 b,7.65,45.4,130.3546919,0.5183,0.0,5730.0,1.0,0.99,2016.0,Transit,1304.25
Kepler-479 b,2.12,5.14,12.49341307,0.09636,0.0,5247.0,0.86,0.81,2016.0,Transit,344.901
Kepler-934 b,2.09,5.02,55.6738309,0.2658,0.0,5001.0,0.81,0.77,2016.0,Transit,608.738
Kepler-977 b,2.62,7.37,26.85328322,0.162,0.0,5315.0,0.87,0.83,2016.0,Transit,568.751
Kepler-1021 b,2.33,6.04,13.47469571,0.1034,0.0,5431.0,0.89,0.86,2016.0,Transit,810.082
Kepler-979 b,2.72,7.85,8.0880135,0.0753,0.0,5310.0,0.87,0.83,2016.0,Transit,576.503
Kepler-982 b,2.25,5.69,15.7738221,0.1277,0.0,6139.0,1.16,1.29,2016.0,Transit,801.479
Kepler-936 b,1.45,2.7,10.56134221,0.0954,0.0,5482.0,0.92,0.89,2016.0,Transit,823.399
Kepler-938 b,2.22,5.56,52.6298417,0.2689,0.0,5533.0,0.92,0.89,2016.0,Transit,1182.05
Kepler-1006 b,1.54,2.99,19.76172042,0.1464,0.0,5328.0,0.78,0.74,2016.0,Transit,1081.738
Kepler-1009 b,2.17,5.35,11.35011917,0.0796,0.0,4027.0,0.59,0.57,2016.0,Transit,355.019
Kepler-976 b,3.96,14.9,105.9564148,0.4217,0.0,5232.0,0.87,0.83,2016.0,Transit,1012.41
Kepler-1052 b,2.93,8.91,34.8538276,0.20988,0.0,5888.0,1.03,1.03,2016.0,Transit,943.444
Kepler-1120 b,1.38,2.48,2.949029052,0.0369,0.0,4904.0,0.78,0.74,2016.0,Transit,615.231
Kepler-1123 b,1.67,3.43,4.33946454,0.0497,0.0,5500.0,0.93,0.9,2016.0,Transit,704.323
Kepler-940 b,3.34,11.1,59.6225257,0.3059,0.0,5769.0,0.97,0.96,2016.0,Transit,1260.78
Kepler-1035 b,1.17,1.71,2.714077555,0.03883,0.0,5763.0,0.98,0.97,2016.0,Transit,562.116
Kepler-1027 b,0.89,0.64,1.907805199,0.02911,0.0,5436.0,0.91,0.82,2016.0,Transit,405.104
Kepler-986 b,2.36,6.17,56.4349938,0.29131,0.0,5642.0,0.96,0.98,2016.0,Transit,548.364
Kepler-1011 b,2.87,8.6,5.753221974,0.0633,0.0,5416.0,0.91,0.88,2016.0,Transit,736.779
Kepler-1068 b,3.63,12.8,16.92344113,0.13038,0.0,5806.0,1.01,1.01,2016.0,Transit,1473.61
Kepler-917 b,1.91,4.31,2.970414375,0.0378,0.0,5418.0,0.8,0.76,2016.0,Transit,3460.51
Kepler-918 b,1.74,3.68,4.85386933,0.0569,0.0,6028.0,1.11,1.14,2016.0,Transit,1025.03
Kepler-978 b,2.99,9.22,49.6221509,0.2726,0.0,6002.0,1.07,1.09,2016.0,Transit,682.522
Kepler-1002 b,1.71,3.57,4.336429331,0.0564,0.0,6144.0,1.22,1.57,2016.0,Transit,408.303
Kepler-493 b,15.13,,3.003876581,0.0439,0.0,6457.0,1.36,1.54,2016.0,Transit,1745.77
Kepler-1128 b,3.65,12.9,61.6178167,0.302,0.0,5543.0,0.94,0.91,2016.0,Transit,1083.41
Kepler-920 b,2.42,6.44,6.53192704,0.065,0.0,5403.0,0.89,0.85,2016.0,Transit,1001.68
Kepler-919 b,2.25,5.69,11.04603384,0.0981,0.0,6113.0,1.15,1.21,2016.0,Transit,1119.87
Kepler-921 b,2.87,8.6,51.300634,0.2716,0.0,5663.0,0.93,0.91,2016.0,Transit,934.49
Kepler-1015 b,3.55,12.3,16.00494214,0.1345,0.0,6769.0,1.49,1.81,2016.0,Transit,739.357
Kepler-1005 b,1.5,2.86,6.49801525,0.06717,0.0,5782.0,1.0,1.06,2016.0,Transit,567.806
Kepler-972 b,4.65,19.5,7.03932553,0.0734,0.0,6146.0,1.15,1.22,2016.0,Transit,1198.03
Kepler-1130 b,0.8,0.437,5.45298175,0.05963,0.0,5403.0,0.9,0.81,2016.0,Transit,249.343
Kepler-1131 b,1.59,3.15,3.53232449,0.0459,0.0,5851.0,1.03,1.04,2016.0,Transit,1030.7
Kepler-1025 b,1.98,4.58,37.3229493,0.21607,0.0,6089.0,1.09,1.13,2016.0,Transit,803.776
Kepler-497 b,6.04,30.4,3.573203671,0.0457,0.0,5834.0,1.09,1.11,2016.0,Transit,1291.98
Kepler-994 b,1.6,3.19,1.151166506,0.0177,0.0,3934.0,0.56,0.54,2016.0,Transit,188.158
Kepler-1132 b,2.35,6.12,62.8916228,0.2881,0.0,5298.0,0.87,0.83,2016.0,Transit,867.931
Kepler-1069 b,1.6,3.19,23.8990296,0.16587,0.0,5722.0,0.99,0.98,2016.0,Transit,695.967
Kepler-1034 b,2.26,5.73,12.12400943,0.0965,0.0,5198.0,0.83,0.8,2016.0,Transit,654.549
Kepler-944 b,2.63,7.41,43.3167737,0.2288,0.0,5409.0,0.86,0.83,2016.0,Transit,1349.43
Kepler-942 b,2.13,5.18,44.96417488,0.22737,0.0,4861.0,0.81,0.75,2016.0,Transit,216.354
Kepler-946 b,1.93,4.38,11.79162572,0.1002,0.0,5665.0,0.94,0.93,2016.0,Transit,1137.29
HD 50554 c,1.31,5.3,5.969362,0.0652,0.0,5968.0,1.04,1.146,2026.0,Transit,31.1664
Kepler-992 b,1.62,3.26,20.16034462,0.13372,0.0,4944.0,0.8,0.74,2016.0,Transit,259.639
Kepler-1134 b,2.64,7.46,17.13263989,0.1242,0.0,5281.0,0.84,0.81,2016.0,Transit,944.445
Kepler-1135 b,1.85,4.08,76.957857,0.3436,0.0,5656.0,0.96,0.94,2016.0,Transit,1314.64
Kepler-951 b,5.59,26.7,71.52530845,0.3091,0.0,4834.0,0.77,0.73,2016.0,Transit,382.509
Kepler-967 b,2.35,6.12,13.22713379,0.1027,0.0,5178.0,0.84,0.8,2016.0,Transit,568.546
Kepler-1013 b,2.15,5.27,18.93054959,0.137,0.0,4954.0,0.81,0.76,2016.0,Transit,422.246
Kepler-1233 b,2.6,7.27,45.1263042,0.263,0.0,6198.0,1.16,1.25,2016.0,Transit,1178.7
Kepler-1234 b,2.81,8.3,11.94014029,0.096,0.0,4967.0,0.8,0.76,2016.0,Transit,916.749
Kepler-523 b,1.96,4.5,5.835983111,0.06159,0.0,5515.0,0.93,0.86,2016.0,Transit,253.295
Gl 725 B c,1.66,3.4,37.9,0.139,,3379.0,0.25,0.28,2026.0,Radial Velocity,6.842357
Kepler-1180 b,1.99,4.62,16.8601286,0.1246,0.0,6077.0,1.09,1.14,2016.0,Transit,1596.8
Kepler-1181 b,1.57,3.09,4.89337519,0.0621,0.0,6176.0,1.17,1.3,2016.0,Transit,938.417
Kepler-1189 b,1.77,3.78,3.78858982,0.0467,0.0,6012.0,1.11,1.16,2016.0,Transit,782.852
Kepler-1236 b,2.14,5.22,31.0571618,0.1803,0.0,5337.0,0.86,0.82,2016.0,Transit,999.64
Kepler-1235 b,0.79,0.418,4.16055856,0.04836,0.0,5541.0,0.93,0.9,2016.0,Transit,540.604
Kepler-518 b,2.11,5.1,8.512035877,0.07996,0.0,5842.0,0.96,0.88,2016.0,Transit,337.901
Kepler-1276 b,1.19,1.81,12.5720095,0.10863,0.0,6188.0,1.14,1.21,2016.0,Transit,538.481
Kepler-1277 b,1.6,3.19,40.8365012,0.21857,0.0,5578.0,0.94,0.92,2016.0,Transit,557.193
Kepler-1182 b,2.41,6.39,11.17394617,0.0981,0.0,5924.0,1.04,1.05,2016.0,Transit,1545.39
Kepler-549 b,2.57,11.0,42.9495649,0.23236,0.0,5360.0,0.88,0.84,2016.0,Transit,635.145
Kepler-1237 b,2.86,8.55,84.5733226,0.3778,0.0,5472.0,0.94,0.9,2016.0,Transit,1064.31
Kepler-1279 b,1.75,3.71,23.4774101,0.1785,0.0,6221.0,1.21,1.33,2016.0,Transit,1494.22
Kepler-1280 b,1.87,4.16,66.5579057,0.33982,0.0,6227.0,1.2,1.32,2016.0,Transit,1486.7
Kepler-1076 b,0.8,0.437,6.14727918,0.0611,0.0,4868.0,0.79,0.74,2016.0,Transit,199.0
Kepler-1077 b,2.77,8.1,34.3511874,0.2101,0.0,5816.0,1.02,1.02,2016.0,Transit,1101.42
Kepler-1193 b,1.32,2.3,2.832652134,0.04004,0.0,5908.0,1.08,1.21,2016.0,Transit,802.116
Kepler-1194 b,1.51,2.89,16.22371307,0.1212,0.0,5590.0,0.94,0.92,2016.0,Transit,757.382
Kepler-1238 b,1.93,4.38,4.14787559,0.0541,0.0,6386.0,1.3,1.48,2016.0,Transit,1632.13
Kepler-1282 b,1.55,3.02,2.131946513,0.0335,0.0,5504.0,0.92,0.89,2016.0,Transit,1103.29
Kepler-1078 b,1.9,4.27,3.00725242,0.0388,0.0,5612.0,0.94,0.92,2016.0,Transit,2481.71
Kepler-1079 b,1.63,3.29,13.24503188,0.1092,0.0,5758.0,1.08,1.36,2016.0,Transit,591.098
Kepler-1242 b,2.26,5.73,13.62798432,0.1039,0.0,4895.0,0.77,0.74,2016.0,Transit,687.615
Kepler-1243 b,1.75,3.71,16.8320729,0.1256,0.0,5667.0,0.96,0.94,2016.0,Transit,758.17
Kepler-1081 b,1.01,1.01,3.856918547,0.04662,0.0,5345.0,0.88,0.84,2016.0,Transit,420.215
Kepler-1199 b,1.15,1.6,15.0447198,0.11309,0.0,5889.0,0.94,1.17,2016.0,Transit,563.493
Kepler-1202 b,2.94,8.96,28.6851324,0.179,0.0,5834.0,1.03,1.04,2016.0,Transit,1175.38
Kepler-519 b,2.1,5.06,24.3078946,0.15932,0.0,5260.0,0.89,0.8,2016.0,Transit,246.61
Kepler-1284 b,1.21,1.92,0.664073806,0.0143,0.0,5123.0,0.84,0.79,2016.0,Transit,882.324
Kepler-1083 b,3.36,11.2,33.4177993,0.1899,0.0,5049.0,0.81,0.77,2016.0,Transit,902.633
Kepler-1203 b,1.06,1.2,0.588000765,0.0114,0.0,4105.0,0.64,0.61,2016.0,Transit,317.022
Kepler-1204 b,3.05,9.53,85.7350285,0.3877,0.0,5825.0,1.03,1.03,2016.0,Transit,1175.22
Kepler-1246 b,1.36,2.42,11.32271513,0.0848,0.0,4611.0,0.73,0.69,2016.0,Transit,436.505
Kepler-1289 b,1.52,2.92,7.99019627,0.0785,0.0,6080.0,1.1,1.17,2016.0,Transit,1053.57
Kepler-1087 b,0.61,0.165,0.693842855,0.01554,0.0,5589.0,0.96,0.94,2016.0,Transit,362.623
Kepler-1086 b,2.44,6.53,18.78425728,0.1198,0.0,4350.0,0.7,0.66,2016.0,Transit,466.084
Kepler-1088 b,1.42,2.6,23.12748644,0.16163,0.0,5975.0,1.08,1.08,2016.0,Transit,280.629
Kepler-1206 b,1.64,3.33,1.216997663,0.0201,0.0,4877.0,0.8,0.75,2016.0,Transit,762.019
Kepler-1205 b,1.41,2.57,1.078390352,0.0196,0.0,5226.0,0.84,0.81,2016.0,Transit,698.485
Kepler-1249 b,2.38,6.26,24.3347127,0.167,0.0,6202.0,1.19,1.28,2016.0,Transit,1904.54
Kepler-1250 b,1.92,4.35,2.607543834,0.0393,0.0,5717.0,0.99,0.98,2016.0,Transit,2126.85
Kepler-1293 b,0.97,0.871,5.57654784,0.06763,0.0,6241.0,1.18,1.28,2016.0,Transit,1028.16
Kepler-513 b,2.2,5.48,28.86235584,0.1779,0.0,5849.0,1.02,1.06,2016.0,Transit,468.258
Kepler-1092 b,2.07,4.94,58.6017925,0.2996,0.0,5862.0,0.99,1.0,2016.0,Transit,981.233
Kepler-1209 b,1.51,2.89,25.369116,0.17515,0.0,6210.0,1.23,1.38,2016.0,Transit,505.531
Kepler-1252 b,1.67,3.43,15.0540329,0.1078,0.0,5949.0,1.06,1.09,2016.0,Transit,648.979
Kepler-1253 b,1.33,2.33,68.8861915,0.31444,0.0,5850.0,0.97,1.1,2016.0,Transit,514.524
Kepler-1156 b,1.32,2.3,11.89520511,0.09704,0.0,5778.0,1.0,1.0,2016.0,Transit,691.331
Kepler-1155 b,2.03,4.78,33.469743,0.2006,0.0,5842.0,1.03,1.03,2016.0,Transit,1128.72
Kepler-1093 b,1.95,4.46,25.0824626,0.17543,0.0,6166.0,1.13,1.2,2016.0,Transit,1072.88
Kepler-1094 b,3.18,10.2,78.1000231,0.3625,0.0,6112.0,1.14,1.21,2016.0,Transit,1291.01
Kepler-1213 b,1.19,1.81,5.34982412,0.06026,0.0,6050.0,1.14,1.21,2016.0,Transit,807.812
Kepler-1255 b,2.32,5.99,36.2919336,0.2226,0.0,6018.0,1.08,1.12,2016.0,Transit,1617.07
Kepler-1256 b,1.49,2.83,12.4127754,0.10733,0.0,6129.0,1.17,1.36,2016.0,Transit,891.192
Kepler-1160 b,2.14,5.22,7.97034958,0.0755,0.0,5519.0,0.92,0.89,2016.0,Transit,1077.63
Kepler-1158 b,2.34,6.08,13.5396293,0.12643,0.0,6203.0,1.41,1.95,2016.0,Transit,1484.25
Kepler-1097 b,3.26,10.7,187.747029,0.5791,0.0,5211.0,0.82,0.79,2016.0,Transit,719.802
Kepler-1095 b,1.21,1.92,4.27103091,0.0514,0.0,5658.0,0.94,0.92,2016.0,Transit,792.522
Kepler-1217 b,1.99,4.62,2.032325072,0.0326,0.0,5905.0,1.06,1.08,2016.0,Transit,1347.71
Kepler-1216 b,1.39,2.51,4.37034536,0.0519,0.0,5743.0,0.99,0.98,2016.0,Transit,1258.36
Kepler-1257 b,1.52,2.92,2.668313762,0.0376,0.0,5502.0,0.9,0.87,2016.0,Transit,1105.95
Kepler-1260 b,1.77,3.78,19.1187753,0.1444,0.0,5961.0,1.06,1.08,2016.0,Transit,1734.43
Kepler-1163 b,1.03,1.08,6.11786898,0.06868,0.0,6302.0,1.22,1.35,2016.0,Transit,478.647
Kepler-1100 b,1.75,3.71,6.42200058,0.06745,0.0,6247.0,1.21,1.34,2016.0,Transit,693.618
Kepler-1098 b,1.3,2.24,2.543072855,0.0358,0.0,5794.0,0.99,0.99,2016.0,Transit,1049.19
Kepler-1261 b,2.26,5.73,48.4308991,0.239,0.0,5006.0,0.82,0.77,2016.0,Transit,744.294
Kepler-1166 b,1.69,3.5,33.2406882,0.1975,0.0,5446.0,0.9,0.86,2016.0,Transit,634.906
Kepler-1167 b,1.71,3.57,1.003933739,0.0175,0.0,4971.0,0.79,0.75,2016.0,Transit,820.905
Kepler-1103 b,2.27,5.77,19.79191978,0.15336,0.0,6092.0,1.11,1.15,2016.0,Transit,1331.92
Kepler-1221 b,1.88,4.19,12.00096042,0.0906,0.0,5194.0,0.87,0.82,2016.0,Transit,913.65
Kepler-522 b,6.91,38.2,38.58422849,0.25029,0.0,6392.0,1.54,1.98,2016.0,Transit,639.239
Kepler-1264 b,1.18,1.76,0.968526023,0.01839,0.0,5791.0,0.99,0.98,2016.0,Transit,801.993
Kepler-1169 b,0.94,0.779,6.11009134,0.06931,0.0,6191.0,1.24,1.23,2016.0,Transit,522.823
Kepler-1168 b,2.5,6.8,55.8226539,0.2663,0.0,5157.0,0.87,0.82,2016.0,Transit,752.666
Kepler-1106 b,1.65,3.36,1.252752174,0.0239,0.0,6104.0,1.11,1.17,2016.0,Transit,1090.7
Kepler-1226 b,1.45,2.7,17.2923453,0.13945,0.0,5923.0,1.02,1.02,2016.0,Transit,1125.72
Kepler-1266 b,2.58,7.18,28.474748,0.16431,0.0,5044.0,0.8,0.76,2016.0,Transit,849.312
Kepler-1268 b,2.03,4.78,40.9903986,0.2383,0.0,5904.0,1.06,1.09,2016.0,Transit,1840.77
Kepler-1171 b,2.56,7.08,1.44259224,0.0284,0.0,7044.0,1.58,1.95,2016.0,Transit,573.0
Kepler-1172 b,3.2,10.3,26.0204423,0.168,0.0,5558.0,0.92,0.89,2016.0,Transit,1306.53
Kepler-1109 b,2.19,5.43,37.6467384,0.2466,0.0,5893.0,1.05,1.06,2016.0,Transit,685.087
Kepler-1110 b,2.66,7.56,9.69312032,0.0754,0.0,4781.0,0.73,0.7,2016.0,Transit,726.828
Kepler-1229 b,1.4,2.54,86.828989,0.3006,0.0,3784.0,0.54,0.51,2016.0,Transit,265.482
Kepler-436 c,2.33,6.04,16.79713874,0.11452,0.0,4685.0,0.75,0.71,2016.0,Transit,588.867
Kepler-1270 b,3.32,11.0,6.03356196,0.07045,0.0,5047.0,1.28,3.38,2016.0,Transit,1095.05
Kepler-804 c,1.14,1.55,9.65185017,0.08654,0.0,5817.0,1.01,1.05,2016.0,Transit,649.65
Kepler-1230 b,2.71,7.8,9.95661537,0.0921,0.0,5961.0,1.06,1.08,2016.0,Transit,1364.22
Kepler-1271 b,1.48,2.79,3.0255955,0.04233,0.0,6143.0,1.13,1.23,2016.0,Transit,831.991
Kepler-1273 b,2.49,6.76,28.625653,0.1857,0.0,5566.0,0.94,0.91,2016.0,Transit,1114.24
Kepler-1177 b,1.9,4.27,106.247547,0.4301,0.0,5712.0,0.98,0.97,2016.0,Transit,1299.97
Kepler-1179 b,1.32,2.3,2.685057492,0.03497,0.0,5212.0,0.84,0.81,2016.0,Transit,415.205
Kepler-1152 b,0.87,0.59,1.646801908,0.0223,0.0,3964.0,0.55,0.53,2016.0,Transit,215.233
Kepler-1186 b,2.23,5.6,16.07677615,0.1281,0.0,5635.0,0.95,0.93,2016.0,Transit,1337.25
Kepler-535 b,2.36,6.17,4.903321551,0.06011,0.0,6123.0,1.18,1.27,2016.0,Transit,685.599
Kepler-1411 b,2.82,8.35,86.1150888,0.4001,0.0,5664.0,0.95,0.92,2016.0,Transit,1660.48
Kepler-1413 b,1.82,3.97,13.1829642,0.1066,0.0,5196.0,0.84,0.8,2016.0,Transit,1167.49
Kepler-1317 b,1.56,3.05,0.568874427,0.0128,0.0,5144.0,0.83,0.79,2016.0,Transit,728.303
Kepler-1318 b,3.11,9.85,213.257663,0.6085,0.0,4598.0,0.73,0.7,2016.0,Transit,475.248
Kepler-1362 b,2.6,7.27,136.205626,0.4626,0.0,4857.0,0.8,0.74,2016.0,Transit,731.298
Kepler-536 b,3.1,9.8,1.827082299,0.02835,0.0,5524.0,0.92,0.89,2016.0,Transit,462.322
Kepler-1415 b,1.29,2.21,0.63642408,0.01416,0.0,5267.0,0.89,0.84,2016.0,Transit,1043.56
Kepler-1320 b,1.7,3.53,0.868386528,0.0163,0.0,4817.0,0.8,0.74,2016.0,Transit,647.424
Kepler-1321 b,4.92,21.5,11.12830484,0.0781,0.0,4094.0,0.54,0.53,2016.0,Transit,769.146
Kepler-1366 b,1.43,2.63,2.164570968,0.0273,0.0,4070.0,0.62,0.6,2016.0,Transit,465.826
Kepler-903 c,2.53,6.94,62.9228557,0.30249,0.0,5682.0,0.98,0.97,2016.0,Transit,1369.24
Kepler-758 e,1.53,2.96,8.1934719,0.0829,0.0,6228.0,1.16,1.42,2016.0,Transit,1502.32
Kepler-1417 b,1.0,0.972,20.3505213,0.14062,0.0,5839.0,1.02,1.02,2016.0,Transit,991.845
Kepler-1322 b,1.61,3.22,0.962867382,0.0183,0.0,5488.0,0.9,0.87,2016.0,Transit,1350.32
Kepler-525 b,2.63,7.41,18.68404933,0.14386,0.0,5573.0,0.95,1.15,2016.0,Transit,992.852
Kepler-722 c,2.82,8.35,105.144749,0.4471,0.0,5863.0,1.03,1.05,2016.0,Transit,1239.5
Kepler-1422 b,2.02,4.74,18.6051942,0.1499,0.0,6194.0,1.15,1.23,2016.0,Transit,2465.84
Kepler-1327 b,1.8,3.89,14.88801098,0.11151,0.0,5885.0,1.02,1.03,2016.0,Transit,678.069
Kepler-1368 b,1.65,3.36,0.675649486,0.0153,0.0,5906.0,1.07,1.08,2016.0,Transit,1635.82
Kepler-769 c,1.79,3.86,15.9870174,0.1297,0.0,6186.0,1.19,1.28,2016.0,Transit,1169.57
Kepler-770 c,1.2,1.87,1.475322314,0.0309,0.0,5598.0,0.94,0.92,2016.0,Transit,930.457
Kepler-1430 b,1.18,1.76,2.46050993,0.0304,0.0,4796.0,0.77,0.72,2016.0,Transit,875.523
Kepler-1431 b,1.47,2.76,5.86601526,0.0648,0.0,5806.0,1.03,1.03,2016.0,Transit,1623.24
Kepler-1328 b,0.98,0.904,4.52158888,0.052,0.0,5780.0,1.0,0.99,2016.0,Transit,813.543
Kepler-1329 b,2.17,5.35,9.33646594,0.0747,0.0,4500.0,0.72,0.69,2016.0,Transit,588.037
Kepler-527 b,2.84,8.45,13.28535633,0.11646,0.0,6388.0,1.28,1.45,2016.0,Transit,750.04
Kepler-1371 b,0.73,0.315,3.4462039,0.04214,0.0,5361.0,0.87,0.83,2016.0,Transit,515.334
Kepler-770 d,1.4,2.54,4.15244722,0.0616,0.0,5598.0,0.94,0.92,2016.0,Transit,930.457
Kepler-896 b,2.53,6.94,144.547396,0.56378,0.0,5262.0,0.84,0.81,2016.0,Transit,2334.93
Kepler-1427 b,1.1,1.37,0.968972376,0.0197,0.0,5793.0,1.01,1.01,2016.0,Transit,1220.0
Kepler-1332 b,1.37,2.45,11.87456832,0.09915,0.0,5581.0,0.95,0.9,2016.0,Transit,528.685
Kepler-1330 b,1.65,3.36,10.10769068,0.0889,0.0,5608.0,0.97,0.94,2016.0,Transit,1720.48
Kepler-1373 b,1.16,1.65,1.29123275,0.02598,0.0,6299.0,1.22,1.33,2016.0,Transit,1699.46
Kepler-1374 b,2.29,5.86,10.65276707,0.0918,0.0,5323.0,0.85,0.81,2016.0,Transit,1078.46
Kepler-1311 c,1.22,1.98,2.53573424,0.03753,0.0,5748.0,1.05,1.4,2016.0,Transit,866.331
Kepler-1428 b,1.64,3.33,10.67607169,0.11051,0.0,6184.0,1.28,1.36,2016.0,Transit,1530.32
Kepler-1429 b,1.29,2.21,4.48487493,0.055,0.0,5902.0,1.05,1.07,2016.0,Transit,1214.09
Kepler-1335 b,1.45,2.7,6.26406846,0.0615,0.0,4903.0,0.77,0.74,2016.0,Transit,621.853
Kepler-528 b,2.08,4.98,19.78297415,0.14219,0.0,5807.0,1.01,1.06,2016.0,Transit,784.23
Kepler-1321 c,2.4,6.35,2.226491086,0.0267,0.0,4094.0,0.54,0.53,2016.0,Transit,769.146
Kepler-1433 b,1.56,3.05,4.13592271,0.0516,0.0,6097.0,1.14,1.19,2016.0,Transit,1328.0
Kepler-1337 b,2.41,6.39,24.4002549,0.1441,0.0,4523.0,0.7,0.67,2016.0,Transit,601.629
Kepler-1339 b,0.71,0.285,1.341555127,0.02356,0.0,5586.0,0.94,0.93,2016.0,Transit,371.049
Kepler-1377 b,1.25,2.1,0.740928422,0.0153,0.0,5218.0,0.86,0.82,2016.0,Transit,1146.1
Kepler-1378 b,2.2,5.48,11.95398936,0.0885,0.0,4407.0,0.7,0.67,2016.0,Transit,506.434
Kepler-1370 c,1.27,2.15,7.44142113,0.08084,0.0,6202.0,1.19,1.29,2016.0,Transit,1004.1
Kepler-1295 b,1.55,3.02,3.81371974,0.0464,0.0,5486.0,0.92,0.89,2016.0,Transit,1174.46
Kepler-1296 b,0.91,0.693,8.3839865,0.0896,0.0,5359.0,0.87,0.83,2016.0,Transit,1551.54
Kepler-1341 b,2.99,9.22,132.9968322,0.47267,0.0,4662.0,0.79,0.72,2016.0,Transit,476.957
Kepler-529 b,1.86,4.12,1.980357663,0.0309,0.0,6087.0,1.07,1.14,2016.0,Transit,799.008
Kepler-1380 b,1.43,2.63,10.3108245,0.0917,0.0,5570.0,0.96,0.94,2016.0,Transit,2462.94
Kepler-1391 b,1.68,3.46,54.4092333,0.30045,0.0,5840.0,1.03,1.1,2016.0,Transit,1038.35
Kepler-1392 b,1.96,4.5,15.1410397,0.1189,0.0,5479.0,0.88,0.85,2016.0,Transit,1117.0
Kepler-1297 b,0.97,0.871,1.68189002,0.0283,0.0,5818.0,0.99,0.99,2016.0,Transit,1439.47
Kepler-1343 b,1.93,4.38,3.35183158,0.0449,0.0,5759.0,0.95,0.93,2016.0,Transit,1756.71
Kepler-1344 b,1.84,4.04,4.7683049,0.05501,0.0,5981.0,1.09,1.13,2016.0,Transit,853.959
Kepler-1383 b,1.41,2.57,13.9093583,0.11397,0.0,6370.0,1.26,1.44,2016.0,Transit,1027.21
Kepler-1381 b,2.25,5.69,25.3842686,0.1728,0.0,5747.0,0.96,0.94,2016.0,Transit,1197.04
Kepler-1393 b,0.8,0.437,2.44357812,0.0337,0.0,5697.0,0.95,0.92,2016.0,Transit,544.456
Kepler-1300 b,1.37,2.45,22.2419092,0.16005,0.0,6130.0,1.29,1.79,2016.0,Transit,777.025
Kepler-616 c,3.41,11.5,90.4113556,0.4024,0.0,5753.0,0.98,0.97,2016.0,Transit,945.775
Kepler-1347 b,1.03,1.08,14.00947528,0.104,0.0,5193.0,0.82,0.79,2016.0,Transit,321.0
Kepler-1345 b,2.36,6.17,44.6169557,0.26412,0.0,6449.0,1.32,1.55,2016.0,Transit,1355.02
Kepler-1385 b,0.85,0.543,2.88879862,0.04262,0.0,5732.0,1.15,1.29,2016.0,Transit,688.795
Kepler-1384 b,1.94,4.42,15.36262753,0.1126,0.0,4919.0,0.78,0.74,2016.0,Transit,618.0
Kepler-1397 b,1.72,3.61,47.449955,0.25861,0.0,6026.0,1.09,1.12,2016.0,Transit,1198.25
Kepler-1398 b,0.9,0.666,2.78815679,0.03909,0.0,6126.0,1.13,1.18,2016.0,Transit,852.204
Kepler-1396 b,2.07,4.94,18.2206421,0.1406,0.0,6195.0,1.18,1.27,2016.0,Transit,1066.46
Kepler-1302 b,1.43,2.63,8.83922659,0.0795,0.0,5236.0,0.86,0.82,2016.0,Transit,634.58
Kepler-1304 b,2.29,5.86,16.1288853,0.1202,0.0,5259.0,0.85,0.81,2016.0,Transit,2176.08
Kepler-1350 b,2.52,6.9,4.4968604,0.0413,0.0,3827.0,0.55,0.53,2016.0,Transit,340.691
Kepler-1348 b,1.94,4.42,27.5722742,0.1834,0.0,5911.0,1.04,1.04,2016.0,Transit,1213.82
Kepler-1387 b,0.93,0.749,2.279526656,0.031,0.0,5046.0,0.82,0.77,2016.0,Transit,455.358
Kepler-1398 c,1.03,1.08,4.13827595,0.05087,0.0,6126.0,1.13,1.18,2016.0,Transit,852.204
Kepler-1400 b,1.62,3.26,9.06689421,0.0771,0.0,5044.0,0.83,0.78,2016.0,Transit,752.237
Kepler-1307 b,2.47,6.66,18.01621096,0.1369,0.0,5884.0,1.06,1.08,2016.0,Transit,1014.62
Kepler-1351 b,0.65,0.208,0.916140768,0.0156,0.0,4439.0,0.7,0.67,2016.0,Transit,202.782
Kepler-521 b,3.18,10.2,22.20813214,0.17116,0.0,6406.0,1.34,1.46,2016.0,Transit,830.638
Kepler-1390 b,1.18,1.76,6.48021673,0.0662,0.0,5753.0,0.98,0.98,2016.0,Transit,723.431
Kepler-531 b,2.78,8.15,29.88485741,0.17446,0.0,4893.0,0.78,0.75,2016.0,Transit,252.762
Kepler-1389 b,1.77,3.78,99.2530951,0.38249,0.0,5078.0,0.81,0.74,2016.0,Transit,497.093
Kepler-1401 b,1.68,3.46,11.20066445,0.0975,0.0,5964.0,1.07,1.1,2016.0,Transit,1425.43
Kepler-1402 b,0.76,0.363,2.03387914,0.0322,0.0,5416.0,0.9,0.87,2016.0,Transit,1493.64
Kepler-1308 b,0.52,0.0933,2.104338119,0.025,0.0,3468.0,0.35,0.34,2016.0,Transit,112.705
Kepler-1309 b,2.37,6.21,28.8432647,0.1679,0.0,5235.0,0.85,0.8,2016.0,Transit,845.0
Kepler-1352 b,0.89,0.64,1.877882748,0.02883,0.0,6118.0,1.11,1.16,2016.0,Transit,670.829
Kepler-1353 b,1.8,3.89,24.7543966,0.153,0.0,4776.0,0.76,0.72,2016.0,Transit,593.384
Kepler-532 b,2.57,7.13,12.92491623,0.10151,0.0,5192.0,0.87,0.79,2016.0,Transit,312.798
Kepler-1403 b,2.14,5.22,5.19492202,0.064,0.0,6060.0,1.11,1.15,2016.0,Transit,2163.9
Kepler-1405 b,3.96,14.9,28.2274184,0.1778,0.0,5925.0,1.05,1.07,2016.0,Transit,1530.3
Kepler-1310 b,1.44,2.67,0.679336272,0.01452,0.0,5549.0,0.91,0.88,2016.0,Transit,569.185
Kepler-1312 b,2.1,5.06,5.448325286,0.06053,0.0,5719.0,0.99,0.92,2016.0,Transit,299.104
Kepler-517 b,2.67,7.61,60.92832271,0.28682,0.0,5690.0,0.95,0.98,2016.0,Transit,289.907
Kepler-1356 b,1.53,2.96,0.634002937,0.0136,0.0,5106.0,0.82,0.78,2016.0,Transit,845.228
Kepler-1354 b,2.97,9.11,76.613377,0.3521,0.0,6168.0,1.16,1.24,2016.0,Transit,1119.45
Kepler-1050 c,1.48,2.79,21.1284569,0.15264,0.0,6010.0,1.09,1.13,2016.0,Transit,490.488
Kepler-1407 b,2.25,5.69,20.0711504,0.1502,0.0,6010.0,1.1,1.15,2016.0,Transit,1396.41
Kepler-1313 b,1.76,3.75,3.833091178,0.04619,0.0,5453.0,0.92,0.85,2016.0,Transit,174.234
Kepler-1359 b,2.83,8.4,59.4970952,0.26657,0.0,4709.0,0.78,0.72,2016.0,Transit,614.859
Kepler-1360 b,3.4,11.5,40.5286413,0.2866,0.0,6778.0,1.51,1.83,2016.0,Transit,1516.27
Kepler-1611 b,0.81,0.457,5.1762429,0.0586,0.0,5605.0,0.94,0.93,2016.0,Transit,908.444
Kepler-1463 b,1.86,4.12,25.15864,0.1694,0.0,5679.0,0.96,0.95,2016.0,Transit,1687.47
Kepler-1543 b,2.71,7.8,6.96710269,0.0867,0.0,6561.0,1.39,1.65,2016.0,Transit,921.784
Kepler-1578 b,1.04,1.12,1.450886907,0.0252,0.0,5545.0,0.9,0.86,2016.0,Transit,1064.05
Kepler-626 b,2.29,5.86,14.48585199,0.10913,0.0,5813.0,1.01,1.05,2016.0,Transit,635.643
Kepler-1465 b,1.77,3.78,31.8277111,0.1939,0.0,4726.0,0.75,0.71,2016.0,Transit,359.497
Kepler-1466 b,1.55,3.02,31.1750448,0.17981,0.0,5884.0,1.01,1.02,2016.0,Transit,631.949
Kepler-1546 b,3.13,9.96,19.5974971,0.1366,0.0,5623.0,0.95,0.93,2016.0,Transit,931.956
Kepler-1548 b,2.64,7.46,124.828679,0.4679,0.0,5706.0,0.99,0.97,2016.0,Transit,872.279
Kepler-1613 b,2.08,4.98,1.5184299,0.02755,0.0,6005.0,1.08,1.12,2016.0,Transit,1508.33
Kepler-1468 c,1.15,1.6,3.54553021,0.0466,0.0,5893.0,1.04,1.05,2016.0,Transit,1899.24
Kepler-1582 b,1.49,2.83,4.83817712,0.0316,0.0,3208.0,0.28,0.3,2016.0,Transit,78.8906
Kepler-1469 b,2.8,8.25,21.8635301,0.1466,0.0,5507.0,0.92,0.89,2016.0,Transit,1159.3
Kepler-633 b,1.63,3.29,8.50340718,0.08185,0.0,5899.0,1.02,1.15,2016.0,Transit,680.54
Kepler-1550 b,3.02,9.38,225.582809,0.7681,0.0,5991.0,1.07,1.11,2016.0,Transit,1179.01
Kepler-1552 b,2.47,6.66,184.771853,0.6011,0.0,5202.0,0.85,0.78,2016.0,Transit,769.096
Kepler-1584 b,1.61,3.22,13.3997099,0.1168,0.0,6069.0,1.1,1.13,2016.0,Transit,1416.31
Kepler-556 b,2.24,5.65,11.72292176,0.09833,0.0,5740.0,1.0,0.98,2016.0,Transit,674.598
Kepler-629 b,1.38,2.48,7.2385854,0.07107,0.0,5444.0,0.93,0.84,2016.0,Transit,372.05
Kepler-630 b,3.18,10.2,161.4743937,0.56201,0.0,5829.0,1.02,1.04,2016.0,Transit,839.784
Kepler-1470 b,1.07,1.24,16.2950903,0.116,0.0,4961.0,0.8,0.76,2016.0,Transit,590.601
Kepler-1475 b,2.92,8.85,82.177374,0.373,0.0,6214.0,1.18,1.28,2016.0,Transit,1568.38
Kepler-1476 b,1.67,3.43,10.35863224,0.0932,0.0,5663.0,0.98,0.96,2016.0,Transit,1002.74
Kepler-154 f,1.5,2.86,9.91935684,0.08832,0.0,5769.0,0.98,0.98,2016.0,Transit,915.212
Kepler-1165 b,1.55,3.02,9.478522,0.0914,0.0,6080.0,1.13,1.18,2016.0,Transit,1575.2
Kepler-1587 b,1.33,2.33,9.4060467,0.08747,0.0,5933.0,1.08,1.22,2016.0,Transit,1026.48
Kepler-579 b,2.0,4.66,9.66857723,0.0854,0.0,5636.0,0.99,0.96,2016.0,Transit,530.765
Kepler-1619 b,0.76,0.363,23.6225913,0.15413,0.0,5852.0,1.0,1.0,2016.0,Transit,734.85
Kepler-132 e,1.18,1.76,110.2869374,0.43927,0.0,6023.0,1.03,1.1,2016.0,Transit,349.549
Kepler-1471 b,1.41,2.57,3.63899398,0.0453,0.0,5660.0,0.95,0.93,2016.0,Transit,978.678
Kepler-1554 b,2.9,8.75,198.088774,0.59527,0.0,5297.0,0.84,0.81,2016.0,Transit,946.847
Kepler-541 b,3.36,11.2,5.08005848,0.06447,0.0,6166.0,1.41,2.06,2016.0,Transit,1060.68
Kepler-1589 b,1.09,1.32,0.991665274,0.0205,0.0,6166.0,1.18,1.25,2016.0,Transit,1513.14
Kepler-686 b,12.15,,1.594745463,0.0258,0.0,5649.0,0.94,0.92,2016.0,Transit,1490.94
Kepler-1473 b,1.19,1.81,14.4273551,0.11606,0.0,6046.0,1.09,1.09,2016.0,Transit,652.253
Kepler-1472 b,1.9,4.27,38.1312831,0.2322,0.0,6159.0,1.16,1.25,2016.0,Transit,1479.14
Kepler-1474 b,2.16,5.31,36.4333452,0.2108,0.0,5870.0,1.04,1.04,2016.0,Transit,1180.9
Kepler-1556 b,1.96,4.5,8.82713457,0.0829,0.0,5608.0,0.97,0.95,2016.0,Transit,944.54
Kepler-542 b,1.57,3.09,13.14497566,0.10703,0.0,5526.0,0.93,0.9,2016.0,Transit,436.016
Kepler-1592 b,1.54,2.99,3.05710069,0.04,0.0,6213.0,1.18,1.28,2016.0,Transit,1639.47
Kepler-1623 b,1.31,2.27,4.36128348,0.0518,0.0,5772.0,1.0,1.0,2016.0,Transit,837.481
Kepler-1622 b,1.47,2.76,10.8118737,0.10136,0.0,6436.0,1.31,1.5,2016.0,Transit,796.477
Kepler-631 b,2.9,8.75,17.97979059,0.14017,0.0,6185.0,1.24,1.33,2016.0,Transit,761.966
Kepler-1477 b,1.18,1.76,11.55530021,0.0911,0.0,5100.0,0.81,0.78,2016.0,Transit,680.828
Kepler-1478 b,1.73,3.64,26.0840594,0.1681,0.0,5904.0,1.04,1.06,2016.0,Transit,1845.58
Kepler-1558 b,0.68,0.244,3.50470358,0.04278,0.0,5101.0,0.83,0.79,2016.0,Transit,325.737
Kepler-1557 b,1.53,2.96,3.74032496,0.049,0.0,6099.0,1.11,1.17,2016.0,Transit,1380.16
Kepler-544 b,2.12,5.14,21.41616926,0.15482,0.0,6206.0,1.16,1.22,2016.0,Transit,963.18
Kepler-1442 b,3.93,14.7,81.4162941,0.40814,0.0,6394.0,1.34,1.44,2016.0,Transit,608.68
Kepler-1435 b,0.86,0.566,4.45343281,0.05456,0.0,6356.0,1.21,1.32,2016.0,Transit,704.211
Kepler-1559 b,0.72,0.299,0.971915428,0.01835,0.0,5316.0,0.86,0.82,2016.0,Transit,614.827
Kepler-1596 b,1.9,4.27,66.373379,0.3237,0.0,5706.0,0.95,0.92,2016.0,Transit,2146.23
Kepler-403 d,1.42,2.6,13.61159129,0.12178,0.0,6209.0,1.25,1.45,2016.0,Transit,840.269
Kepler-1443 b,0.97,0.871,2.41811321,0.03783,0.0,6289.0,1.19,1.27,2016.0,Transit,593.646
Kepler-1438 b,0.94,0.779,2.31942009,0.0346,0.0,5530.0,0.97,0.96,2016.0,Transit,1154.13
Kepler-1562 b,3.55,12.3,64.2737752,0.3308,0.0,5760.0,1.02,1.05,2016.0,Transit,2060.72
Kepler-1561 b,1.09,1.32,1.005207007,0.0194,0.0,5957.0,1.07,1.11,2016.0,Transit,839.076
Kepler-1598 b,0.95,0.809,4.34195123,0.05207,0.0,5940.0,1.07,1.09,2016.0,Transit,619.862
Kepler-1445 b,0.96,0.84,10.60052251,0.09587,0.0,6150.0,1.13,1.26,2016.0,Transit,506.357
Kepler-511 b,6.35,33.1,296.637865,0.85672,0.0,5770.0,1.0,1.2,2016.0,Transit,651.999
Kepler-1564 b,1.47,2.76,18.0540381,0.1327,0.0,5528.0,0.93,0.9,2016.0,Transit,908.805
Kepler-1563 b,0.75,0.347,3.43276598,0.0442,0.0,5765.0,1.0,0.99,2016.0,Transit,616.697
Kepler-1565 b,1.19,1.81,1.538188437,0.0241,0.0,4940.0,0.76,0.73,2016.0,Transit,629.93
Kepler-1602 b,1.34,2.36,11.17931605,0.09744,0.0,6296.0,1.22,1.36,2016.0,Transit,629.804
Kepler-1448 b,1.61,3.22,12.27065865,0.1058,0.0,5774.0,0.95,0.93,2016.0,Transit,768.903
Kepler-1449 b,1.68,3.46,13.2274528,0.1176,0.0,5979.0,1.08,1.1,2016.0,Transit,2006.48
Kepler-1566 b,0.79,0.418,0.539915238,0.01198,0.0,5254.0,0.84,0.81,2016.0,Transit,466.586
Kepler-1567 b,2.73,7.9,153.979578,0.552,0.0,5655.0,0.95,0.93,2016.0,Transit,1206.11
Kepler-597 b,2.37,6.21,13.02365861,0.10916,0.0,5683.0,0.97,0.95,2016.0,Transit,663.418
Kepler-1603 b,1.29,2.21,2.27163926,0.0351,0.0,6241.0,1.21,1.31,2016.0,Transit,2712.58
Kepler-1450 b,1.71,3.57,54.5094166,0.2401,0.0,4524.0,0.71,0.68,2016.0,Transit,505.829
Kepler-1451 b,3.35,11.2,35.622233,0.2101,0.0,5782.0,1.0,0.99,2016.0,Transit,1058.72
Kepler-603 d,1.32,2.3,6.2171292,0.07117,0.0,5808.0,1.01,1.01,2016.0,Transit,1539.63
Kepler-605 c,0.86,0.566,2.358951515,0.03336,0.0,5462.0,0.91,0.88,2016.0,Transit,556.58
Kepler-1568 b,1.3,2.24,20.925392,0.15157,0.0,5956.0,1.09,1.19,2016.0,Transit,916.313
Kepler-1606 b,2.07,4.94,196.435224,0.6421,0.0,5422.0,0.9,0.86,2016.0,Transit,831.287
Kepler-1452 b,2.7,7.75,42.913751,0.25764,0.0,6101.0,1.41,2.06,2016.0,Transit,996.32
Kepler-1571 b,1.52,2.92,3.38555488,0.04287,0.0,6297.0,1.23,1.39,2016.0,Transit,675.303
Kepler-1570 b,1.07,1.24,26.548955,0.16699,0.0,5550.0,0.92,0.89,2016.0,Transit,918.995
Kepler-1572 b,0.94,0.779,5.49548621,0.05838,0.0,5618.0,0.97,0.95,2016.0,Transit,946.602
Kepler-1607 b,0.92,0.721,13.6473676,0.11978,0.0,6116.0,1.14,1.21,2016.0,Transit,1286.1
Kepler-1609 b,2.22,5.56,114.34219,0.4679,0.0,6132.0,1.18,1.27,2016.0,Transit,1826.04
Kepler-1457 b,1.99,4.62,51.1110243,0.26391,0.0,5866.0,1.01,1.01,2016.0,Transit,889.885
Kepler-1458 b,2.76,8.05,47.9872764,0.24869,0.0,5653.0,0.96,0.94,2016.0,Transit,544.45
Kepler-217 d,1.32,2.3,3.88689525,0.0534,0.0,6341.0,1.37,1.76,2016.0,Transit,1104.64
Kepler-625 c,1.05,1.16,4.1653651,0.05379,0.0,5789.0,1.04,0.96,2016.0,Transit,760.708
Kepler-653 c,0.78,0.399,0.900376476,0.01855,0.0,5665.0,1.02,1.19,2016.0,Transit,595.634
Kepler-1575 b,1.31,2.27,2.55314213,0.0366,0.0,5667.0,0.95,0.92,2016.0,Transit,1246.92
Kepler-578 b,2.0,4.66,1.616883696,0.0266,0.0,5334.0,0.87,0.83,2016.0,Transit,541.432
Kepler-1461 b,2.03,4.78,29.3494775,0.1715,0.0,4919.0,0.79,0.74,2016.0,Transit,679.106
Kepler-1541 b,1.16,1.65,8.40691199,0.07555,0.0,5282.0,0.86,0.81,2016.0,Transit,416.692
Kepler-1576 b,1.04,1.12,6.98471973,0.07211,0.0,5876.0,1.05,1.06,2016.0,Transit,460.91
Kepler-603 b,2.65,7.51,21.05358596,0.16052,0.0,5808.0,1.01,1.01,2016.0,Transit,1539.63
Kepler-640 b,2.56,7.08,22.24813967,0.15418,0.0,5653.0,1.01,0.94,2016.0,Transit,557.787
Kepler-722 b,2.63,7.41,4.093573252,0.0514,0.0,5863.0,1.03,1.05,2016.0,Transit,1239.5
Kepler-634 b,1.89,4.23,5.16950177,0.05765,0.0,6075.0,1.03,1.24,2016.0,Transit,888.027
Kepler-701 b,2.84,8.45,10.35533177,0.0895,0.0,5343.0,0.88,0.84,2016.0,Transit,774.152
Kepler-709 b,2.92,8.85,16.08524954,0.1173,0.0,5071.0,0.8,0.77,2016.0,Transit,664.843
Kepler-1625 b,6.06,30.6,287.378949,0.87762,0.0,5677.0,0.96,0.94,2016.0,Transit,2310.11
Kepler-1501 b,1.56,3.05,14.5564533,0.11592,0.0,6229.0,1.2,1.3,2016.0,Transit,749.06
Kepler-1500 b,1.2,1.87,15.0330105,0.1236,0.0,5845.0,1.0,1.0,2016.0,Transit,1217.82
Kepler-1522 b,1.73,3.64,1.847889171,0.0288,0.0,5706.0,0.96,0.93,2016.0,Transit,814.125
Kepler-702 b,9.17,61.8,10.526294063,0.088,0.0,5419.0,0.9,0.86,2016.0,Transit,992.071
Kepler-641 b,1.85,4.08,9.48961571,0.0895,0.0,5713.0,1.02,1.13,2016.0,Transit,969.918
Kepler-1626 b,2.02,4.74,4.13962966,0.0537,0.0,6826.0,1.51,1.85,2016.0,Transit,1368.83
Kepler-609 b,3.35,11.2,6.521210666,0.0682,0.0,5971.0,1.09,1.14,2016.0,Transit,1065.82
Kepler-724 b,3.29,10.8,3.314946338,0.0433,0.0,5437.0,0.9,0.86,2016.0,Transit,853.119
Kepler-1504 b,2.13,5.18,82.304003,0.3704,0.0,5393.0,0.85,0.81,2016.0,Transit,2435.94
Kepler-1505 b,0.93,0.749,30.8609366,0.18298,0.0,5686.0,0.93,0.86,2016.0,Transit,495.148
Kepler-1524 b,3.54,12.3,70.9674603,0.3392,0.0,6179.0,1.17,1.25,2016.0,Transit,381.773
Kepler-495 b,5.23,23.8,3.413036221,0.0427,0.0,5346.0,0.86,0.83,2016.0,Transit,658.924
Kepler-710 b,1.88,4.19,4.347285527,0.0524,0.0,5611.0,0.94,0.91,2016.0,Transit,1448.34
Kepler-540 b,2.71,7.8,172.7049784,0.58822,0.0,5946.0,1.02,1.08,2016.0,Transit,390.374
Kepler-1644 b,1.88,4.19,21.0907758,0.142,0.0,5499.0,0.89,0.86,2016.0,Transit,629.27
Kepler-1507 b,0.84,0.52,16.0506213,0.11946,0.0,5410.0,0.89,0.85,2016.0,Transit,320.478
Kepler-1506 b,1.32,2.3,14.0329154,0.1168,0.0,5676.0,0.95,0.93,2016.0,Transit,2366.02
Kepler-1086 c,2.94,8.96,161.5163345,0.503,0.0,4350.0,0.7,0.66,2016.0,Transit,466.084
Kepler-604 b,2.59,7.22,25.85501786,0.1735,0.0,5890.0,1.02,1.03,2016.0,Transit,1026.49
Kepler-1627 b,3.69,13.2,7.20283653,0.0643,0.0,5445.0,0.87,0.84,2016.0,Transit,317.437
Kepler-1510 b,3.36,11.2,84.703921,0.4089,0.0,6200.0,1.19,1.28,2016.0,Transit,1696.25
Kepler-1511 b,1.68,3.46,23.2382792,0.1753,0.0,6064.0,1.17,1.29,2016.0,Transit,1475.6
Kepler-1526 b,2.43,6.48,3.908632005,0.0418,0.0,4601.0,0.73,0.69,2016.0,Transit,555.574
Kepler-643 b,10.16,321.0083,16.33889626,0.13485,0.37,4908.0,1.0,2.52,2016.0,Transit,1063.58
Kepler-642 b,2.9,8.75,4.41745855,0.05631,0.0,6570.0,1.4,1.66,2016.0,Transit,781.582
Kepler-711 b,3.41,11.5,23.58914398,0.1429,0.0,5222.0,0.84,0.8,2016.0,Transit,624.575
Kepler-726 b,3.26,10.7,21.80451088,0.1406,0.0,5452.0,0.88,0.85,2016.0,Transit,762.081
Kepler-401 d,2.27,5.77,184.256405,0.66886,0.0,6184.0,1.17,1.29,2016.0,Transit,965.56
Kepler-1512 b,1.18,1.76,20.35972599,0.13693,0.0,4372.0,0.73,0.67,2016.0,Transit,162.0
Kepler-1528 b,1.46,2.73,1.791110205,0.0296,0.0,5857.0,1.03,1.03,2016.0,Transit,817.534
Kepler-1529 b,2.1,5.06,5.33905686,0.0525,0.0,5048.0,0.81,0.77,2016.0,Transit,661.014
Kepler-1388 d,2.86,8.55,20.9568158,0.126,0.0,4098.0,0.63,0.61,2016.0,Transit,453.795
Kepler-622 b,2.13,5.18,14.28226676,0.0978,0.0,4201.0,0.64,0.61,2016.0,Transit,284.761
Kepler-1530 b,1.64,3.33,2.5904434,0.03553,0.0,5477.0,0.92,0.88,2016.0,Transit,489.876
Kepler-1530 c,1.65,3.36,5.3227406,0.05744,0.0,5477.0,0.92,0.88,2016.0,Transit,489.876
Kepler-1632 b,2.47,6.66,448.303558,0.6762,0.0,6137.0,1.12,1.19,2016.0,Transit,716.76
Kepler-1631 b,1.35,2.39,4.09513932,0.0511,0.0,5679.0,0.97,0.95,2016.0,Transit,1305.99
Kepler-1534 b,1.89,4.23,5.71668872,0.0599,0.0,5442.0,0.9,0.86,2016.0,Transit,1107.0
Kepler-1531 b,1.11,1.41,1.138543376,0.02204,0.0,6260.0,1.16,1.27,2016.0,Transit,666.334
Kepler-1093 c,1.96,4.5,89.722292,0.41037,0.0,6166.0,1.13,1.2,2016.0,Transit,1072.88
Kepler-714 b,9.67,67.6,8.098887986,0.0832,0.0,5995.0,1.09,1.12,2016.0,Transit,2083.37
Kepler-1633 b,1.58,3.12,186.404271,0.3875,0.0,6256.0,1.2,1.32,2016.0,Transit,1114.91
Kepler-713 b,2.48,6.71,7.411141,0.0748,0.0,5785.0,0.98,0.99,2016.0,Transit,1089.87
Kepler-1480 b,1.67,3.43,22.12679948,0.1525,0.0,5156.0,0.85,0.81,2016.0,Transit,500.892
Kepler-1479 b,1.83,4.01,14.53261362,0.11341,0.0,5796.0,0.99,0.98,2016.0,Transit,728.668
Kepler-1481 b,1.23,2.04,5.94220998,0.059,0.0,4908.0,0.8,0.75,2016.0,Transit,459.076
Kepler-990 c,1.53,2.96,0.538354308,0.01232,0.0,5948.0,1.05,1.08,2016.0,Transit,802.163
Kepler-969 c,0.99,0.937,1.682934604,0.0265,0.0,5214.0,0.92,0.82,2016.0,Transit,390.354
Kepler-489 b,7.72,46.1,17.276296119,0.12109,0.0,5014.0,0.82,0.76,2016.0,Transit,369.645
Kepler-1532 b,1.35,2.39,1.093663559,0.0206,0.0,5559.0,0.91,0.88,2016.0,Transit,798.246
Kepler-605 b,1.44,2.67,3.383538066,0.04244,0.0,5462.0,0.91,0.88,2016.0,Transit,556.58
Kepler-1635 b,3.64,12.9,469.63111,1.12664,0.0,5347.0,0.89,0.85,2016.0,Transit,1069.45
Kepler-1483 b,1.52,2.92,9.5085156,0.0958,0.0,6337.0,1.25,1.4,2016.0,Transit,1273.78
Kepler-545 b,2.69,7.7,13.24934059,0.11248,0.0,5882.0,1.04,1.07,2016.0,Transit,818.001
Kepler-636 b,4.45,18.1,16.080661147,0.1185,0.0,5203.0,0.85,0.8,2016.0,Transit,310.301
Kepler-1016 c,3.68,13.1,105.6551369,0.43519,0.0,5821.0,0.99,1.0,2016.0,Transit,1402.82
Kepler-1535 b,2.55,7.04,138.9442,0.5329,0.0,6021.0,1.08,1.11,2016.0,Transit,897.733
Kepler-600 b,2.9,8.75,23.67517607,0.1536,0.0,5279.0,0.84,0.81,2016.0,Transit,619.723
Kepler-717 b,2.42,6.44,4.40840023,0.052,0.0,5485.0,0.88,0.85,2016.0,Transit,2805.48
Kepler-1485 b,1.47,2.76,19.9157725,0.14732,0.0,6087.0,1.11,1.12,2016.0,Transit,615.66
Kepler-1484 b,2.11,5.1,30.4549136,0.1939,0.0,5730.0,0.94,0.92,2016.0,Transit,2879.83
Kepler-1486 b,2.32,5.99,54.6495759,0.2846,0.0,5965.0,1.08,1.12,2016.0,Transit,1769.14
Kepler-342 e,0.88,0.615,1.644224613,0.02909,0.0,6366.0,1.26,1.34,2016.0,Transit,781.611
Kepler-582 b,3.68,13.1,18.49235668,0.1254,0.0,5564.0,0.93,0.91,2016.0,Transit,613.179
Kepler-1129 c,2.73,7.9,76.5369586,0.35367,0.0,5831.0,1.0,1.0,2016.0,Transit,1183.88
Kepler-1538 b,2.82,8.35,175.138819,0.6095,0.0,5837.0,1.03,1.03,2016.0,Transit,1125.3
Kepler-644 b,3.15,10.1,3.173917103,0.04641,0.0,6747.0,1.49,1.81,2016.0,Transit,1318.05
Kepler-1487 b,2.13,5.18,7.31946363,0.0898,0.0,6541.0,1.38,1.63,2016.0,Transit,1014.62
Kepler-581 b,2.63,7.41,40.6069821,0.2259,0.0,5772.0,1.0,1.0,2016.0,Transit,703.758
Kepler-1516 b,1.75,3.71,7.25931979,0.0718,0.0,5904.0,1.04,1.07,2016.0,Transit,1358.95
Kepler-1047 c,0.99,0.937,3.18897601,0.04413,0.0,5754.0,1.08,1.13,2016.0,Transit,817.647
Kepler-1409 b,1.04,1.12,0.764864926,0.01553,0.0,5160.0,0.83,0.79,2016.0,Transit,694.89
Kepler-585 b,2.83,8.4,2.752359753,0.03841,0.0,5593.0,0.96,0.93,2016.0,Transit,585.187
Kepler-1488 b,1.86,4.12,39.8189932,0.24153,0.0,5820.0,1.05,1.31,2016.0,Transit,905.825
Kepler-697 b,4.13,16.0,3.709870645,0.0471,0.0,5513.0,0.92,0.88,2016.0,Transit,1277.33
Kepler-1425 b,0.94,0.779,14.4541302,0.11435,0.0,5718.0,0.97,0.95,2016.0,Transit,863.873
Kepler-1350 c,1.73,3.64,1.766789062,0.0222,0.0,3827.0,0.55,0.53,2016.0,Transit,340.691
Kepler-719 b,8.52,54.5,5.007317779,0.0556,0.0,5777.0,0.99,0.98,2016.0,Transit,2497.51
Kepler-1491 b,1.51,2.89,16.5861762,0.127,0.0,5728.0,1.0,0.99,2016.0,Transit,2065.59
Kepler-1492 b,1.49,2.83,16.75255007,0.1262,0.0,4712.0,0.77,0.72,2016.0,Transit,331.553
Kepler-698 b,3.68,13.1,16.32976218,0.1255,0.0,5612.0,0.94,0.91,2016.0,Transit,1995.57
Kepler-1454 b,1.88,4.19,47.0319479,0.2447,0.0,5448.0,0.9,0.86,2016.0,Transit,780.566
Kepler-460 c,5.52,26.1,220.1303357,0.75318,0.0,6146.0,1.17,1.26,2016.0,Transit,1274.01
Kepler-720 b,8.41,53.4,4.708326542,0.0539,0.0,5618.0,0.95,0.92,2016.0,Transit,1065.37
Kepler-547 b,4.0,15.1,6.010384289,0.058,0.0,4828.0,0.78,0.73,2016.0,Transit,378.972
Kepler-1494 b,3.07,9.64,91.080482,0.3982,0.0,5659.0,0.96,0.94,2016.0,Transit,1285.48
Kepler-1520 b,5.77,28.1,0.653553572,0.0129,0.0,4677.0,0.76,0.71,2016.0,Transit,607.917
Kepler-1065 c,1.6,3.19,2.37030743,0.0344,0.0,5635.0,0.94,0.93,2016.0,Transit,1122.48
Kepler-707 b,1.33,2.33,2.237492751,0.0325,0.0,5099.0,0.8,0.76,2016.0,Transit,591.776
Kepler-602 b,2.09,5.02,15.28469497,0.1224,0.0,6062.0,1.08,1.13,2016.0,Transit,1159.31
Kepler-606 b,3.31,11.0,24.31575992,0.17,0.0,6161.0,1.13,1.22,2016.0,Transit,1215.11
Kepler-721 b,2.64,7.46,5.392025388,0.0583,0.0,5075.0,0.82,0.78,2016.0,Transit,926.598
Kepler-937 c,2.67,7.61,153.343364,0.5545,0.0,6095.0,1.15,1.22,2016.0,Transit,1571.46
Kepler-638 b,1.83,4.01,6.07972888,0.06695,0.0,5382.0,0.88,0.93,2016.0,Transit,991.214
Kepler-1073 c,1.64,3.33,4.02582254,0.0483,0.0,5792.0,1.0,1.0,2016.0,Transit,809.897
MOA-2010-BLG-353L b,11.1,86.0,,1.72,,,0.18,,2015.0,Microlensing,6430.0
HATS-30 b,13.170575,224.38798,3.1743516,0.04354,0.096,5943.0,1.093,1.061,2016.0,Transit,342.14
K2-84 c,2.03,4.78,27.86,0.1768,,5652.0,0.95,0.93,2016.0,Transit,284.876
K2-88 b,1.23,2.04,4.6122,0.0345,0.26,3537.0,0.258,0.256,2016.0,Transit,110.561
Kepler-615 b,1.74,3.68,10.35584657,0.085,0.0,4655.0,0.73,0.69,2016.0,Transit,330.0
Kepler-506 b,2.73,7.9,6.8834055,0.07437,0.0,6236.0,1.19,1.19,2016.0,Transit,228.439
Kepler-668 b,2.7,7.75,8.35390639,0.0768,0.0,5352.0,0.87,0.82,2016.0,Transit,784.618
Kepler-669 b,4.83,20.8,4.125546869,0.0529,0.0,6038.0,1.15,1.2,2016.0,Transit,2063.41
HATS-15 b,12.385945,689.6911,1.74748753,0.02712,0.126,5311.0,0.871,0.922,2016.0,Transit,1139.55
HATS-16 b,14.5717,1039.3041,2.686502,0.03744,0.0,5738.0,0.97,1.238,2016.0,Transit,757.044
K2-89 b,0.615,0.17,1.096026,0.01462,0.15,3691.0,0.347,0.318,2016.0,Transit,86.0386
K2-91 b,1.1,1.37,1.419549,0.0164,0.09,3622.0,0.292,0.284,2016.0,Transit,62.5785
Kepler-737 b,1.96,4.5,28.59915399,0.1422,0.0,3813.0,0.51,0.48,2016.0,Transit,205.118
Kepler-670 b,13.18,,2.816504852,0.0383,0.0,5709.0,0.99,0.99,2016.0,Transit,939.744
Kepler-671 b,2.69,7.7,4.280958588,0.0503,0.0,5624.0,0.97,0.95,2016.0,Transit,1168.26
K2-5 c,2.26,5.73,10.93241,0.0818,,3930.0,0.61,0.57,2015.0,Transit,202.943
K2-5 b,1.91,4.31,5.73594,0.0532,,3930.0,0.61,0.57,2015.0,Transit,202.943
Kepler-223 c,3.44,5.1,9.84564,0.09117,0.15,5803.0,1.125,1.72,2014.0,Transit,1859.71
WASP-98 b,12.823096,293.03926,2.96264036,0.03762,0.0,5473.0,0.809,0.741,2014.0,Transit,281.742
Kepler-223 b,2.99,7.4,7.38449,0.07525,0.078,5803.0,1.125,1.72,2014.0,Transit,1859.71
Kepler-672 b,2.5,6.8,38.3774623,0.2163,0.0,5627.0,0.95,0.92,2016.0,Transit,1033.93
Kepler-571 b,2.64,7.46,4.798599388,0.0546,0.0,5527.0,0.93,0.9,2016.0,Transit,723.875
K2-16 b,2.02,4.74,7.6188,0.0667,,4742.0,0.68,0.66,2015.0,Transit,334.967
K2-16 c,2.54,6.99,19.07863,0.1229,,4742.0,0.68,0.66,2015.0,Transit,334.967
K2-8 c,2.41,6.39,5.06416,0.0532,,4870.0,0.78,0.74,2016.0,Transit,403.513
Kepler-223 d,5.24,8.0,14.78869,0.11956,0.037,5803.0,1.125,1.72,2014.0,Transit,1859.71
Kepler-653 b,1.95,4.46,14.70748976,0.11945,0.0,5665.0,1.02,1.19,2016.0,Transit,595.634
Kepler-742 b,3.24,10.6,8.360868238,0.0744,0.0,4642.0,0.76,0.71,2016.0,Transit,489.253
Kepler-673 b,6.54,34.8,3.728731093,0.0455,0.0,5355.0,0.88,0.84,2016.0,Transit,918.21
Kepler-154 d,3.84,14.1,20.54981883,0.14354,0.0,5769.0,0.98,0.98,2016.0,Transit,915.212
HD 87646 b,12.4,3941.092,13.481,0.117,0.05,5770.0,1.12,1.55,2016.0,Radial Velocity,73.58352
Kepler-80 e,1.6,4.13,4.64489,0.0491,0.0035,4540.0,0.73,0.678,2014.0,Transit,369.451
Kepler-654 b,2.07,4.94,13.72465129,0.11664,0.0,5865.0,1.04,1.11,2016.0,Transit,974.124
Kepler-148 d,8.68,56.3,51.84688575,0.2607,0.0,5172.0,0.86,0.81,2016.0,Transit,791.163
Kepler-676 b,3.04,9.48,11.59822172,0.0798,0.0,3701.0,0.51,0.49,2016.0,Transit,295.196
OGLE-2012-BLG-0026L b,7.72,46.1,,4.0,,,1.06,,2012.0,Microlensing,4019.0
WASP-85 A b,13.89916,402.05495,2.6556777,0.039,0.0,6112.0,1.09,0.935,2016.0,Transit,141.887
Kepler-80 f,1.21,4459.73,0.9867873,0.0175,0.186,4540.0,0.73,0.678,2016.0,Transit,369.451
Kepler-656 b,3.12,9.91,1.260259094,0.02231,0.0,5281.0,0.86,0.82,2016.0,Transit,890.352
Kepler-655 b,2.71,7.8,46.4063358,0.25697,0.0,6170.0,1.15,1.24,2016.0,Transit,752.562
Kepler-678 b,5.14,23.1,7.27503724,0.0732,0.0,5520.0,0.94,0.91,2016.0,Transit,1826.15
Kepler-572 b,2.58,7.18,17.20523483,0.1192,0.0,5212.0,0.83,0.79,2016.0,Transit,504.667
WASP-114 b,15.008851,562.24127,1.5487743,0.02851,0.012,5940.0,1.289,1.43,2016.0,Transit,523.337
WASP-113 b,15.793481,150.96925,4.54216874538,0.05885,0.0,5890.0,1.318,1.608,2016.0,Transit,435.156
HD 59686 A b,12.7,2199.3836,299.36,1.086,0.05,4658.0,1.9,13.2,2016.0,Radial Velocity,89.2721
Kepler-679 b,3.01,9.32,12.39358604,0.0983,0.0,5403.0,0.87,0.84,2016.0,Transit,922.244
Kepler-680 b,2.42,6.44,3.689926291,0.0469,0.0,5890.0,1.08,1.11,2016.0,Transit,1492.48
K2-47 b,1.89,4.23,31.6372,0.1779,,5054.0,0.75,0.76,2016.0,Transit,349.881
K2-48 b,2.24,5.65,20.5065,0.1344,,4899.0,0.77,0.73,2016.0,Transit,313.764
Kepler-617 b,1.32,2.3,1.682696148,0.0219,0.0,3712.0,0.51,0.48,2016.0,Transit,173.354
Kepler-588 b,2.63,7.41,4.221625357,0.052,0.0,5835.0,1.01,1.0,2016.0,Transit,1209.4
Kepler-573 b,2.79,8.2,22.18329658,0.14527,0.0,5746.0,0.99,1.02,2016.0,Transit,771.471
Kepler-681 b,3.08,9.69,26.39435646,0.1635,0.0,5021.0,0.8,0.76,2016.0,Transit,686.923
K2-49 b,1.93,4.38,2.77065,0.0309,,4175.0,0.51,0.45,2016.0,Transit,457.125
K2-58 b,2.68,7.65,7.05254,0.0692,,5413.0,0.89,0.86,2016.0,Transit,181.746
Kepler-1600 b,3.13,9.96,386.370548,0.98141,0.0,5214.0,0.86,0.82,2016.0,Transit,1030.81
Kepler-727 b,2.53,6.94,5.154484417,0.0546,0.0,5441.0,0.89,0.86,2016.0,Transit,831.842
Kepler-589 b,2.27,5.77,16.54964934,0.1196,0.0,5296.0,0.88,0.83,2016.0,Transit,612.803
Kepler-660 b,2.57,7.13,9.27358194,0.0759,0.0,4779.0,0.75,0.71,2016.0,Transit,568.431
K2-58 c,1.62,3.26,2.53726,0.035,,5413.0,0.89,0.86,2016.0,Transit,181.746
K2-58 d,1.71,3.57,22.8827,0.1517,,5413.0,0.89,0.86,2016.0,Transit,181.746
Kepler-560 b,1.72,3.61,18.47764449,0.0899,0.17,3556.0,0.34,0.33,2016.0,Transit,109.308
Kepler-550 b,4.42,17.9,8.600104109,0.0747,0.0,5322.0,0.87,0.83,2016.0,Transit,531.944
Kepler-496 b,2.32,5.99,8.30864937,0.0747,0.0,5293.0,0.86,0.82,2016.0,Transit,605.274
KELT-10 b,15.681391,215.80657,4.1662739,0.0525,,5948.0,1.112,1.209,2016.0,Transit,188.404
Kepler-712 c,4.85,21.0,226.89047,0.66479,0.0,5148.0,0.84,0.78,2016.0,Transit,872.493
K2-59 c,2.3,5.9,11.2954,0.0905,,5055.0,0.774,0.731,2016.0,Transit,311.313
K2-59 b,2.41,6.39,20.6921,0.1354,,5055.0,0.774,0.731,2016.0,Transit,311.313
Kepler-650 b,2.96,9.06,3.032145588,0.0421,0.0,5849.0,1.08,1.35,2016.0,Transit,884.378
Kepler-728 b,3.34,11.1,5.743477265,0.0625,0.0,5660.0,0.95,0.93,2016.0,Transit,1765.23
Kepler-663 b,2.6,7.27,4.99678284,0.0559,0.0,5264.0,0.86,0.82,2016.0,Transit,1063.09
Kepler-1629 b,0.77,0.381,3.87595807,0.0485,0.0,5776.0,1.01,1.01,2016.0,Transit,336.09
K2-64 b,2.07,4.94,6.53044,0.0619,,5312.0,0.741,0.726,2016.0,Transit,499.891
K2-63 b,3.22,10.5,20.257,0.1627,,6771.0,1.4,1.63,2016.0,Transit,517.534
Kepler-729 b,3.58,12.5,3.166353714,0.0432,0.0,5633.0,0.94,0.91,2016.0,Transit,1921.15
Kepler-487 b,11.42,,15.358768403,0.11819,0.0,5444.0,0.91,0.88,2016.0,Transit,872.343
Kepler-618 b,2.6,7.27,3.595769645,0.0449,0.0,5860.0,1.05,1.08,2016.0,Transit,1221.96
WASP-129 b,10.42437,317.83,5.748145,0.0628,0.096,5900.0,1.0,0.9,2016.0,Transit,301.462
WASP-133 b,13.56289,368.6828,2.176423,0.0345,0.17,5700.0,1.16,1.44,2016.0,Transit,559.084
K2-69 b,2.32,5.99,7.06599,0.0591,,4127.0,0.551,0.491,2016.0,Transit,180.697
K2-68 b,1.58,3.12,8.05428,0.0708,,4746.0,0.73,0.675,2016.0,Transit,168.652
Kepler-590 b,4.02,15.2,5.85296257,0.0647,0.0,6000.0,1.1,1.15,2016.0,Transit,1421.81
Kepler-664 b,2.66,7.56,2.525593315,0.0374,0.0,5754.0,1.01,1.02,2016.0,Transit,1210.12
MOA-2013-BLG-605L b,1.62,3.24,,0.93,,,0.024,,2016.0,Microlensing,850.0
K2-75 b,2.67,7.61,7.8142,0.081,,5995.0,1.16,1.56,2016.0,Transit,561.93
K2-71 b,2.15,5.27,6.98541,0.0559,,4006.0,0.477,0.426,2016.0,Transit,153.192
Kepler-591 b,3.39,11.4,81.1694299,0.3554,0.0,5677.0,0.97,0.94,2016.0,Transit,785.137
HATS-25 b,14.12334,194.82979,4.2986432,0.05163,0.176,5715.0,0.994,1.107,2016.0,Transit,471.158
HATS-26 b,19.61575,206.5895,3.3023881,0.04735,0.245,6071.0,1.299,2.04,2016.0,Transit,861.843
K2-80 b,2.01,4.7,19.0918,0.135,,5441.0,0.9,0.87,2016.0,Transit,200.802
K2-75 c,2.77,8.1,18.311,0.1429,,5995.0,1.16,1.56,2016.0,Transit,561.93
Kepler-736 b,2.93,8.91,3.60147201,0.0428,0.0,5217.0,0.86,0.81,2016.0,Transit,1005.43
Kepler-735 b,2.95,9.01,11.51516988,0.0965,0.0,5107.0,0.85,0.8,2016.0,Transit,695.059
Kepler-569 b,3.16,10.1,34.18890521,0.19784,0.0,5616.0,0.95,0.93,2016.0,Transit,638.301
Kepler-592 b,2.39,6.3,2.820192408,0.0397,0.0,5913.0,1.04,1.04,2016.0,Transit,1153.13
HATS-27 b,16.8135,168.4499,4.637038,0.0611,0.581,6438.0,1.415,1.74,2016.0,Transit,816.988
K2-83 c,1.483,2.8,9.99767,0.07131,0.06,3910.0,0.484,0.424,2016.0,Transit,125.529
K2-84 b,2.41,6.39,6.4215,0.0665,,5652.0,0.95,0.93,2016.0,Transit,284.876
Kepler-562 b,5.21,23.7,18.009314436,0.1333,0.0,5575.0,0.93,0.9,2016.0,Transit,992.769
Kepler-651 b,2.37,6.21,21.38521506,0.14078,0.0,5522.0,0.92,0.87,2016.0,Transit,509.408
Kepler-593 b,2.87,8.6,21.21708973,0.1508,0.0,5967.0,1.08,1.1,2016.0,Transit,973.76
Kepler-570 b,2.45,6.57,4.301662003,0.0497,0.0,5496.0,0.93,0.9,2016.0,Transit,568.148
MOA-2016-BLG-227L b,13.2,890.0,,1.39,,,0.29,,2017.0,Microlensing,6500.0
Kepler-1650 b,0.96,0.84,1.53818001,0.0167,0.01,3410.0,0.326,0.334,2017.0,Transit,134.397
K2-178 b,3.55790985,12.4,8.747818,,,5525.0,0.95109,0.887267,2018.0,Transit,214.753
K2-72 c,1.16,1.65,15.189034,0.078,0.11,3360.47,0.271365,0.330989,2016.0,Transit,66.4321
WASP-53 b,12.038466,677.61356,3.3098443,0.04101,0.03,4953.0,0.839,0.798,2017.0,Transit,201.338
K2-60 b,7.655747,135.39558,3.00265,0.045,0.0,5500.0,0.97,1.12,2016.0,Transit,491.87
Kepler-1651 b,1.84,4.04,9.87863917,0.0692,0.13,3713.0,0.522,0.503,2017.0,Transit,66.4074
BD+03 2562 b,12.7,2034.112,481.9,1.3,0.2,4095.0,1.14,32.35,2017.0,Radial Velocity,1070.63
K2-72 e,1.29,2.21,24.158868,0.106,0.11,3360.47,0.271365,0.330989,2016.0,Transit,66.4321
K2-72 d,1.01,1.01,7.760178,0.05,0.11,3360.47,0.271365,0.330989,2016.0,Transit,66.4321
K2-81 b,1.97,4.54,6.102325,0.059,0.06,4674.13,0.745273,0.634663,2016.0,Transit,252.318
WASP-81 b,16.017661,231.69807,2.7164762,0.03908,0.066,5870.0,1.08,1.283,2017.0,Transit,398.505
HD 177565 b,4.0,15.1,44.505,0.246,0.0593,5627.0,1.0,0.971489,2017.0,Radial Velocity,16.9179
MOA-2012-BLG-505L b,2.48,6.7,,0.9,,,0.1,,2017.0,Microlensing,7210.0
K2-201 c,3.28568401,10.8,22.779878,,,5507.0,0.956055,0.878161,2018.0,Transit,197.932
K2-201 b,1.40006712,2.54,1.05979,,,5507.0,0.956055,0.878161,2018.0,Transit,197.932
GJ 1148 b,11.9,96.7,41.38,0.166,0.38,3287.0,0.344045,0.358519,2010.0,Radial Velocity,11.0143
HD 17674 b,13.9,276.5121,623.8,1.42,0.13,5904.0,0.98,1.18,2017.0,Radial Velocity,44.4264
HATS-22 b,10.682177,870.8542,4.7228124,0.05025,0.079,4803.0,0.759,0.689,2017.0,Transit,229.518
TYC 4282-00605-1 b,12.4,3426.2074,101.54,0.422,0.28,4300.0,0.97,16.21,2017.0,Radial Velocity,464.128
K2-206 b,2.79522879,8.22,18.294549,,,5043.0,0.789481,0.758046,2018.0,Transit,244.443
K2-207 b,2.60585269,7.3,12.48749,,,5522.0,0.941851,0.928158,2018.0,Transit,363.064
K2-132 b,14.5717,155.7367,9.1751,0.0916,0.29,4840.0,1.08,3.85,2017.0,Transit,609.818
WASP-153 b,17.37395,123.9537,3.332609,0.048,0.009,5914.0,1.336,1.73,2017.0,Transit,610.176
HATS-23 b,20.84874,467.2101,2.1605156,0.03397,0.114,5780.0,1.121,1.199,2017.0,Transit,639.004
HD 219134 b,1.602,4.74,3.092926,0.03876,0.0,4699.0,0.81,0.778,2015.0,Radial Velocity,6.53127
HD 40956 b,13.2,858.141,578.6,1.4,0.24,4869.0,2.0,8.56,2017.0,Radial Velocity,116.593
Ross 128 b,1.11,1.4,9.8658,0.0496,0.116,3192.0,0.168,0.1967,2017.0,Radial Velocity,3.37454
K2-219 b,1.34762583,2.38,3.901287,,,5753.0,1.021545,1.189232,2018.0,Transit,325.4
OGLE-2013-BLG-1721L b,14.1,200.0,,2.6,,,0.46,,2017.0,Microlensing,6300.0
HD 34445 c,8.42,53.5,214.67,0.7181,0.036,5836.0,1.07,1.38,2017.0,Radial Velocity,46.0907
HD 219134 d,1.61,16.17,46.859,0.237,0.138,4699.0,0.81,0.778,2015.0,Radial Velocity,6.53127
HD 219134 f,1.31,7.3,22.717,0.1463,0.148,4699.0,0.81,0.778,2015.0,Radial Velocity,6.53127
OGLE-2016-BLG-1190L b,12.3,4253.0,1220.0,2.17,0.42,,0.88,,2017.0,Microlensing,6770.0
HD 113996 b,12.7,2002.329,610.2,1.6,0.28,4181.0,1.49,25.11,2017.0,Radial Velocity,116.334
K2-213 b,1.51398464,2.9,8.13087,,,5794.0,1.069596,1.20424,2018.0,Transit,389.702
K2-215 b,2.12381238,5.16,8.269648,,,5704.0,0.999987,0.974398,2018.0,Transit,403.964
HD 34445 d,6.07,30.7,117.87,0.4817,0.027,5836.0,1.07,1.38,2017.0,Radial Velocity,46.0907
HD 34445 g,13.6,120.6,5700.0,6.36,0.032,5836.0,1.07,1.38,2017.0,Radial Velocity,46.0907
Kepler-20 g,4.71,19.96,34.94,0.2055,0.15,5495.0,0.948,0.9639,2016.0,Radial Velocity,282.563
NGC 2682 Sand 978 b,13.3,692.8694,511.21,,0.16,4200.0,1.37,21.017414,2017.0,Radial Velocity,821.918
Kepler-80 g,1.13,0.065,14.64558,,0.1303,4540.0,0.83,0.678,2017.0,Transit,369.451
K2-217 b,3.57854073,12.5,14.074524,,,5967.0,1.102661,1.333718,2018.0,Transit,381.878
K2-218 b,2.56948149,7.13,8.679885,,,5757.0,1.047488,1.008231,2018.0,Transit,394.083
GJ 3293 c,4.87,21.09,122.6196,0.36175,0.11,3466.0,0.42,0.404,2015.0,Radial Velocity,20.1903
GJ 3293 b,5.19,23.54,30.5987,0.14339,0.06,3466.0,0.42,0.404,2015.0,Radial Velocity,20.1903
Wolf 1061 b,1.21,1.91,4.8869,0.0375,0.15,3342.0,0.294,0.307,2015.0,Radial Velocity,4.30592
K2-80 d,2.55211506,7.04,28.867253,,,5377.0,0.913111,0.841458,2018.0,Transit,200.802
Kepler-1652 b,1.6,3.19,38.09722,0.1654,0.0,3638.0,0.404,0.382,2017.0,Transit,252.0
Wolf 1061 c,1.66,3.41,17.8719,0.089,0.11,3342.0,0.294,0.307,2015.0,Radial Velocity,4.30592
PSR J2322-2650 b,13.9,252.643067,0.322963997,0.0102,0.0017,,1.4,,2017.0,Pulsar Timing,230.0
HATS-50 b,12.66617,123.9537,3.8297015,0.05046,0.516,5990.0,1.168,1.117,2017.0,Transit,756.742
tau Cet f,1.81,3.93,636.13,1.334,0.16,5310.0,0.783,0.83,2017.0,Radial Velocity,3.60304
WASP-91 b,11.54527,425.8922,2.798581,0.037,0.0,4920.0,0.84,0.86,2017.0,Transit,149.942
HD 9174 b,13.7,352.7913,1179.0,2.2,0.12,5577.0,1.03,1.67,2016.0,Radial Velocity,81.4893
HD 68402 b,12.6,2510.8444153,1103.0,2.18,0.03,5950.0,1.12,1.02,2016.0,Radial Velocity,78.4293
GJ 3138 b,1.18,1.78,1.22003,0.0197,0.19,3717.0,0.681,0.5,2017.0,Radial Velocity,28.4712
MOA-2012-BLG-006L b,12.6,2700.0,,10.2,,,0.49,,2017.0,Microlensing,5300.0
WASP-105 b,10.76064,572.094,7.87288,0.075,0.0,5070.0,0.89,0.9,2017.0,Transit,169.272
HD 147873 c,13.3,731.009,491.54,1.36,0.23,5972.0,1.38,2.29,2016.0,Radial Velocity,109.055
HD 128356 b,13.9,282.8687,298.2,0.87,0.57,4875.0,0.65,0.85,2016.0,Radial Velocity,26.1548
GJ 3138 d,3.23,10.5,257.8,0.698,0.32,3717.0,0.681,0.5,2017.0,Radial Velocity,28.4712
TYC 3318-01333-1 b,13.1,1086.9786,562.0,1.414,0.098,4776.0,1.19,5.9,2018.0,Radial Velocity,490.61
GJ 625 b,1.49,2.82,14.628,0.078361,0.13,3499.0,0.3,0.31,2017.0,Radial Velocity,6.47249
GJ 3323 c,1.32,2.31,40.54,0.1264,0.17,3159.0,0.164,0.119,2017.0,Radial Velocity,5.37484
BD+48 740 b,13.5,540.311,733.0,1.7,0.76,4534.0,1.09,10.33,2018.0,Radial Velocity,666.589
K2-21 b,1.84,4.04,9.325038,0.076,0.1,4222.06,0.676023,0.646783,2015.0,Transit,83.6448
K2-4 b,2.1,5.06,10.003417,0.078,0.08,4014.73,0.635026,0.569359,2015.0,Transit,231.828
K2-21 c,2.49,6.76,15.50192,0.107,0.21,4222.06,0.676023,0.646783,2015.0,Transit,83.6448
WASP-141 b,13.56289,854.9627,3.310651,0.0469,0.0,5900.0,1.25,1.37,2016.0,Transit,516.543
K2-31 b,11.88154,563.83042,1.25785,0.022,0.0,5280.0,0.91,0.78,2016.0,Transit,110.527
GJ 3293 e,1.63,3.28,13.2543,0.08208,0.21,3466.0,0.42,0.404,2017.0,Radial Velocity,20.1903
GJ 3293 d,2.67,7.6,48.1345,0.19394,0.12,3466.0,0.42,0.404,2017.0,Radial Velocity,20.1903
K2-149 b,1.64,3.33,11.332,0.083,,3745.0,0.595,0.568,2018.0,Transit,123.676
KELT-21 b,17.777474,1242.7153,3.6127647,0.05224,0.0,7598.0,1.458,1.638,2018.0,Transit,470.878
K2-125 b,2.18,5.39,21.750264,0.121,0.08,3654.47,0.494727,0.402049,2017.0,Transit,124.156
V830 Tau b,14.0,222.481,4.927,0.057,0.0,4250.0,1.0,2.0,2016.0,Radial Velocity,130.111
HATS-31 b,18.38276,279.6904,3.37796,0.0478,0.233,6050.0,1.275,1.87,2016.0,Transit,773.974
Kepler-150 f,3.64,12.9,637.2093,1.24,,5528.0,0.97,0.905339,2017.0,Transit,891.092
Qatar-3 b,12.285064,1369.8473,2.5079204,0.03783,0.0,6007.0,1.145,1.272,2017.0,Transit,735.601
K2-160 b,3.17824034,10.2,3.705871,,,5649.0,0.982829,0.913754,2018.0,Transit,315.363
K2-128 b,1.42,2.6,5.675819,0.056,0.23,4469.51,0.711248,0.777569,2017.0,Transit,114.637
HATS-34 b,16.02887,299.07803,2.1061607,0.03166,0.108,5380.0,0.955,0.98,2016.0,Transit,508.842
KELT-18 b,17.59813,375.0394,2.8717518,0.0455,0.0,6670.0,1.524,1.908,2017.0,Transit,321.376
K2-163 b,2.46610713,6.65,6.673117,,,4937.0,0.826112,0.762201,2018.0,Transit,208.529
K2-165 b,1.27443657,2.17,2.354992,,,5185.0,0.834847,0.803827,2018.0,Transit,134.591
K2-35 c,1.93,4.38,5.608352,0.055,0.12,4402.71,0.701968,0.619575,2016.0,Transit,252.596
HATS-35 b,16.409976,388.38826,1.8209993,0.03199,0.306,6300.0,1.317,1.433,2016.0,Transit,514.555
OGLE-2016-BLG-1195L b,1.11,1.43,,1.16,,,0.078,,2017.0,Microlensing,3910.0
K2-175 b,2.03803688,4.81,9.525988,,,5909.0,1.094693,1.420038,2018.0,Transit,247.266
K2-165 c,1.55409035,3.03,4.382745,,,5185.0,0.834847,0.803827,2018.0,Transit,134.591
K2-116 b,0.69,0.257,4.655411,0.048,0.06,4348.35,0.694512,0.6694,2017.0,Transit,49.3855
K2-102 b,1.3,2.24,9.915615,,0.1,4695.0,0.77,0.71,2016.0,Transit,188.175
XO-6 b,23.20263,1398.452,3.7650007,0.0815,0.0,6720.0,1.47,1.93,2016.0,Transit,235.479
HD 6434 b,14.2,155.7367,21.998,0.14,0.17,5769.0,1.1,1.12,2003.0,Radial Velocity,42.358
HD 68988 b,13.4,626.1251,6.27711,0.07,0.12,5932.0,1.28,1.19,2001.0,Radial Velocity,60.8447
HD 220074 b,12.2,5288.6912,672.09998,1.6,0.14,3787.0,2.2,54.92,2012.0,Radial Velocity,324.54
WASP-58 b,16.02887,308.2951,5.01718,0.0562,0.0,5800.0,1.06,1.22,2012.0,Transit,290.404
K2-231 b,2.5,6.8,13.841901,,,5695.0,1.01,0.95,2018.0,Transit,321.215
HATS-39 b,17.59813,200.2329,4.5776348,0.06007,0.275,6572.0,1.379,1.621,2018.0,Transit,878.521
HD 137388 b,9.32,63.566,330.0,0.89,0.36,5181.0,0.68,0.88,2011.0,Radial Velocity,40.4841
HD 13931 b,13.2,889.9195396,4218.0,5.15,0.02,5867.0,1.3,1.25,2009.0,Radial Velocity,47.3963
HD 7199 b,,3639.13526015,615.0,1.36,0.19,5371.0,0.77,0.97,2011.0,Radial Velocity,36.1531
HD 75289 b,14.2,155.7367,3.50927,0.05,0.03,6117.0,1.29,1.23,1999.0,Radial Velocity,29.1158
WASP-72 b,14.45961,731.009,2.21673,0.03711,0.0,6250.0,2.78,2.18,2012.0,Transit,434.754
HATS-40 b,17.71022,505.3497,3.2642736,0.04997,0.312,6460.0,1.561,2.26,2018.0,Transit,1342.29
HATS-41 b,14.90797,3082.951,4.193649,0.0583,0.38,6424.0,1.496,1.71,2018.0,Transit,737.668
HD 142022 A b,12.9,1433.40611557,1928.0,2.93,0.53,5421.0,0.9,1.04,2005.0,Radial Velocity,34.2802
HD 145377 b,12.8,1913.3366,103.95,0.45,0.31,6014.0,1.2,1.05,2008.0,Radial Velocity,53.4884
HD 76700 b,9.6,66.7443,3.97097,0.05,0.09,5644.0,0.99,1.37,2002.0,Radial Velocity,60.8831
HD 82886 b,13.3,740.5439,705.0,1.58,0.07,4953.0,2.53,5.26,2011.0,Radial Velocity,127.061
HD 24040 b,12.9,1589.142035,3668.0,4.92,0.04,5802.0,1.11,1.3,2006.0,Radial Velocity,46.6224
HD 222155 b,13.4,581.62598481,3999.0,5.14,0.16,5701.0,1.21,1.85,2011.0,Radial Velocity,50.6078
HD 158996 b,12.3,4449.62,820.2,2.1,0.13,4069.0,1.8,50.3,2018.0,Radial Velocity,283.659
KPS-1 b,11.54527,346.4347,1.706291,0.0269,0.0,5165.0,0.892,0.907,2018.0,Transit,262.706
HD 154672 b,12.8,1706.7471,163.94,0.6,0.61,5743.0,1.18,1.32,2008.0,Radial Velocity,63.0484
KELT-6 b,14.5717,165.2716,7.8457,0.07939,0.22,6102.0,1.42,1.73,2014.0,Transit,240.726
HAT-P-49 b,17.82231,699.226,2.69155,0.04378,0.0,6820.0,2.22,2.06,2014.0,Transit,350.351
K2-155 c,2.6,7.27,13.85,0.0946,,4258.0,0.65,0.58,2018.0,Transit,72.7998
HD 158038 b,13.5,486.2799,521.0,1.5,0.29,4860.0,1.3,4.5,2011.0,Radial Velocity,94.8625
HR 810 b,12.7,1970.5361234,302.79999,0.92,0.14,6167.0,1.34,1.13,1999.0,Radial Velocity,17.3181
BD-13 2130 b,12.5,3108.3774,714.29999,1.66,0.21,4545.0,2.12,19.17,2007.0,Radial Velocity,925.214
HD 285507 b,13.8,311.4734,6.0881,0.06,0.09,4503.0,0.82,0.69,2013.0,Radial Velocity,45.0293
WASP-117 b,11.88154,95.349,10.02165,0.09459,0.3,6040.0,1.29,1.22,2014.0,Transit,157.963
K2-155 d,1.9,4.27,40.718,0.1937,,4258.0,0.65,0.58,2018.0,Transit,72.7998
HD 16175 b,12.8,1875.1876013,990.0,2.12,0.6,5981.0,1.63,1.72,2009.0,Radial Velocity,59.859
HD 16141 b,10.9,82.6358,75.523,0.36,0.25,5757.0,1.11,1.48,2000.0,Radial Velocity,37.7861
WASP-11 b,12.44199,251.0857,3.72247,0.0435,0.0,4800.0,1.42,0.89,2008.0,Transit,124.73
WASP-13 b,13.67498,114.4188,4.35301,0.05362,0.0,5950.0,0.72,1.37,2009.0,Transit,227.537
WASP-95 b,13.78707,457.6752,2.18467,0.03416,0.0,5830.0,1.46,1.23,2014.0,Transit,137.544
WASP-97 b,12.77826,432.2488,2.07276,0.03303,0.0,5640.0,1.18,1.08,2014.0,Transit,151.068
11 UMi b,12.3,4684.8142,516.21997,1.53,0.08,4213.0,2.78,29.79,2009.0,Radial Velocity,125.321
BD-08 2823 b,,2948.49413174,5.6,0.06,0.15,4816.0,0.5,0.71,2009.0,Radial Velocity,41.3342
HD 1690 b,12.5,2793.7257,533.0,1.36,0.64,4374.0,1.86,21.66,2010.0,Radial Velocity,752.615
WASP-14 b,15.46842,2809.6172,2.24375,0.037,0.09,6475.0,1.62,1.4,2008.0,Transit,161.997
WASP-101 b,16.02887,162.0933,3.58572,0.05057,0.0,6380.0,1.41,1.31,2014.0,Transit,201.224
BD-10 3166 b,14.1,187.5197,3.48777,0.04,0.02,5393.0,1.47,0.91,2000.0,Radial Velocity,84.4069
GJ 86 b,12.9,1404.8086,15.76491,0.11,0.04,5182.0,0.93,0.77,1999.0,Radial Velocity,10.7836
WASP-22 b,13.78707,212.9461,3.53269,0.047,0.02,6000.0,1.46,1.24,2010.0,Transit,317.652
HD 95127 b,12.4,3378.5329,482.0,1.28,0.11,4218.0,3.7,41.01,2015.0,Radial Velocity,676.579
WASP-82 b,18.15858,371.8611,2.70579,0.0447,0.0,6480.0,1.48,2.1,2015.0,Transit,275.664
HD 204941 b,10.1,73.1009,1733.0,2.55,0.37,5026.0,0.58,0.78,2011.0,Radial Velocity,28.7165
WASP-29 b,8.63093,73.1009,3.92273,0.0457,0.03,4800.0,0.77,0.79,2010.0,Transit,87.5953
WASP-26 b,13.56289,270.1555,2.7566,0.04,0.0,6034.0,0.86,1.22,2010.0,Transit,252.759
K2-164 b,3.24925008,10.6,17.355066,,,5791.0,1.180894,2.196069,2018.0,Transit,375.67
K2-169 b,1.27328671,2.16,6.380803,,,5548.0,0.986144,0.919053,2018.0,Transit,235.867
HAT-P-22 b,12.89035,785.0401,3.21222,0.0414,0.02,5302.0,1.13,1.11,2010.0,Transit,81.7647
HAT-P-24 b,14.5717,238.3725,3.35524,0.04651,0.07,6373.0,1.37,1.38,2010.0,Transit,415.344
HD 212301 b,14.2,162.0933,2.24571,0.03,0.0,6239.0,1.55,1.16,2005.0,Radial Velocity,54.2304
WASP-38 b,13.78707,1093.3352,6.87188,0.07522,0.03,6180.0,1.76,1.52,2010.0,Transit,136.24
K2-170 b,1.41817537,2.6,7.576544,,,5748.0,0.963657,0.981614,2018.0,Transit,392.872
K2-171 b,2.68657205,7.69,5.628466,,,5250.0,0.891587,1.717458,2018.0,Transit,606.128
HAT-P-29 b,13.11453,279.6904,5.72319,0.0667,0.09,6087.0,1.45,1.3,2011.0,Transit,313.576
HD 213240 b,12.8,1655.88600047,882.70001,1.89,0.42,5979.0,1.57,1.51,2001.0,Radial Velocity,40.8707
HD 215497 b,,1588.82420659,3.93404,0.05,0.16,5110.0,0.67,0.85,2009.0,Radial Velocity,40.5468
WASP-41 b,12.3299,270.1555,3.0524,0.04022,0.0,5545.0,0.81,0.83,2011.0,Transit,163.371
WASP-48 b,16.8135,254.264,2.14363,0.03444,0.0,5920.0,0.88,1.58,2011.0,Transit,454.144
K2-172 b,1.66608079,3.42,14.316941,,,5569.0,0.934356,0.868889,2018.0,Transit,249.742
K2-172 c,3.20569097,10.4,29.62682,,,5569.0,0.934356,0.868889,2018.0,Transit,249.742
K2-190 b,1.35673729,2.41,10.098858,,,5631.0,0.904597,0.912206,2018.0,Transit,160.679
HAT-P-5 b,13.56289,311.4734,2.78849,0.04073,0.0,5960.0,1.04,1.12,2007.0,Transit,303.336
HAT-P-6 b,16.58932,419.5356,3.85298,0.05239,0.0,6570.0,1.79,1.62,2007.0,Transit,275.358
HD 218566 b,9.32,63.566,225.7,0.69,0.3,4730.0,0.76,0.85,2010.0,Radial Velocity,28.8274
HD 240237 b,12.2,5050.3187,745.70001,1.92,0.4,3926.0,8.76,71.23,2011.0,Radial Velocity,933.377
XO-1 b,12.77826,263.7989,3.94153,0.0488,0.0,5750.0,0.88,0.88,2006.0,Transit,163.553
XO-4 b,14.01125,451.3186,4.12508,0.05524,0.0,6397.0,1.1,1.45,2010.0,Transit,272.655
K2-191 b,1.57889322,3.12,2.858646,,,5176.0,0.900994,0.839696,2018.0,Transit,287.188
K2-200 b,1.3643987,2.43,2.849883,,,5233.0,0.860208,0.791736,2018.0,Transit,184.131
HD 101930 b,10.6,79.4575,70.46,0.3,0.11,5108.0,0.57,0.86,2005.0,Radial Velocity,30.0274
HD 2638 b,14.3,133.4886,3.4442,0.04,0.0,5186.0,0.77,0.94,2005.0,Radial Velocity,54.9621
HD 30562 b,13.6,467.20775829,1157.0,2.34,0.76,5882.0,1.12,1.61,2009.0,Radial Velocity,26.1597
KELT-2 A b,15.13215,540.311,4.11379,0.05497,0.0,6327.0,1.54,1.93,2012.0,Transit,134.058
Pr0201 b,14.2,171.6282,4.4264,0.06,0.0,6174.0,1.24,1.15,2012.0,Radial Velocity,180.64
K2-173 b,1.60826194,3.22,5.868699,,,5580.0,0.881538,0.843154,2018.0,Transit,228.641
HD 102195 b,14.2,130.3103,4.11377,0.05,0.0,5301.0,0.76,0.82,2006.0,Radial Velocity,29.3386
HD 102117 b,8.47,54.0311,20.8133,0.15,0.12,5655.0,1.06,1.23,2005.0,Radial Velocity,39.5792
HD 330075 b,14.3,152.5584,3.38773,0.04,0.0,5000.0,0.47,0.84,2004.0,Radial Velocity,45.2989
HD 34445 b,13.9,260.6206,1049.0,2.07,0.27,5879.0,1.14,1.38,2009.0,Radial Velocity,46.0907
HD 77338 b,4.12,15.9,5.7361,0.06,0.09,5341.0,1.37,0.97,2012.0,Radial Velocity,45.935
HAT-P-40 b,17.03768,152.5584,4.45724,0.0608,0.0,6080.0,1.03,1.94,2012.0,Transit,464.469
HD 215152 c,,468.79690033,7.28243,0.067393,0.0,4935.0,0.77,0.73,2018.0,Radial Velocity,21.5974
HD 215152 d,,770.41605857,10.86499,0.08799,0.0,4935.0,0.77,0.73,2018.0,Radial Velocity,21.5974
HD 103197 b,5.83,28.6047,47.84,0.25,0.0,5250.0,0.8,0.88,2011.0,Radial Velocity,57.1463
HD 108874 b,13.6,451.3186,394.48123,1.04,0.13,5600.0,1.1,1.05,2002.0,Radial Velocity,59.5175
HD 40979 b,12.9,1484.2661,264.14999,0.85,0.25,6165.0,1.45,1.21,2002.0,Radial Velocity,34.0883
HD 4203 b,13.3,708.7609,431.88,1.17,0.52,5596.0,1.25,1.42,2001.0,Radial Velocity,81.3795
WASP-49 b,12.44199,117.5971,2.78174,0.0379,0.0,5600.0,0.92,0.97,2012.0,Transit,194.553
UKIRT-2017-BLG-001L b,13.7,407.0,,4.18,,,0.81,,2018.0,Microlensing,6300.0
HD 121504 b,13.6,479.9233,63.33,0.33,0.03,6027.0,1.62,1.07,2003.0,Radial Velocity,41.6592
HD 47186 b,5.02,22.2481,4.0845,0.05,0.04,5657.0,0.96,1.08,2008.0,Radial Velocity,37.4574
WASP-66 b,15.6926,746.9005,4.08605,0.0546,0.0,6600.0,1.33,1.76,2012.0,Transit,500.258
WASP-67 b,12.89035,136.6669,4.61442,0.05179,0.0,5200.0,0.91,0.88,2012.0,Transit,189.469
K2-197 b,2.56,7.08,8.357881,0.0806,,5667.0,1.0,0.93,2018.0,Transit,247.637
HD 185269 b,13.8,321.0083,6.83776,0.077,0.229,5923.0,1.3,2.0,2006.0,Radial Velocity,51.9917
HD 181342 b,13.2,807.2882,564.1,1.592,0.022,4945.0,1.69,4.71,2009.0,Radial Velocity,120.391
K2-240 b,2.0,4.66,6.034,0.0513,,3810.0,0.58,0.54,2018.0,Transit,72.9105
CoRoT-20 c,12.2,5403.11,1675.0,2.9,0.6,5880.0,1.14,1.02,2018.0,Radial Velocity,844.061
HD 89345 b,7.39794,34.9613,11.8143,0.1066,0.22,5576.0,1.157,1.747,2018.0,Transit,132.345
WASP-158 b,11.99363,886.7457,3.656333,0.0517,0.0,6350.0,1.38,1.39,2018.0,Transit,524.993
HD 200964 b,13.5,508.21017,606.3,1.565,0.087,4982.0,1.39,4.92,2010.0,Radial Velocity,72.5922
K2-238 b,14.5717,273.3338,3.20466,0.046,0.0,5630.0,1.19,1.59,2018.0,Transit,537.963
WASP-162 b,11.209,1652.716,9.62468,0.0871,0.434,5300.0,0.95,1.11,2018.0,Transit,310.841
WASP-168 b,16.8135,133.4886,4.153658,0.0519,0.0,6000.0,1.08,1.12,2018.0,Transit,303.941
HD 28678 b,13.5,490.09386,380.2,1.18,0.149,4972.0,1.53,6.48,2011.0,Radial Velocity,189.908
HD 30856 b,13.5,491.68301,847.0,1.85,0.061,4895.0,1.17,4.4,2011.0,Radial Velocity,131.199
OGLE-2014-BLG-1722L c,11.0,83.7,,1.7,,,0.4,,2018.0,Microlensing,6400.0
K2-244 b,1.75,3.71,21.06884,0.1418,,5677.0,0.86,0.92,2018.0,Transit,212.902
K2-266 b,3.3,11.26782377,0.658524,0.01306,,4285.0,0.686,0.703,2018.0,Transit,77.5586
K2-266 c,0.705,0.29013072,7.814,0.0679,0.042,4285.0,0.686,0.703,2018.0,Transit,77.5586
WASP-173 A b,13.4508,1172.7927,1.38665318,0.0248,0.0,5800.0,1.05,1.11,2018.0,Transit,232.98
OGLE-2011-BLG-0173L b,9.01,60.0,,8.0,,,0.41,,2018.0,Microlensing,6100.0
HD 5319 b,13.5,494.54348,637.1,1.57,0.092,4871.0,1.27,4.06,2007.0,Radial Velocity,121.405
K2-159 b,2.26,5.73,12.42205,0.1013,,5425.0,0.9,0.83,2018.0,Transit,170.998
K2-266 e,2.73,14.3,19.482,0.1249,0.043,4285.0,0.686,0.703,2018.0,Transit,77.5586
K2-266 d,2.93,8.9,14.697,0.1035,0.047,4285.0,0.686,0.703,2018.0,Transit,77.5586
WASP-147 b,12.498035,87.40325,4.60273,0.0549,0.0,5702.0,1.044,1.429,2018.0,Transit,436.098
WASP-160 B b,12.21781,88.35674,3.7684952,0.0452,0.0,5298.0,0.87,0.868,2018.0,Transit,288.326
HD 95089 c,13.1,1096.5135,1785.0,3.33,0.284,4918.0,1.54,5.08,2016.0,Radial Velocity,136.957
K2-166 b,2.19,5.43,8.52695,0.0858,,5960.0,1.16,1.61,2018.0,Transit,476.882
HATS-36 b,12.92,1022.14128,4.175186,0.0523,0.105,5950.0,1.1,1.1,2018.0,Transit,856.436
WASP-165 b,14.12334,209.13214,3.465509,0.04823,0.0,5599.0,1.248,1.75,2018.0,Transit,602.236
HD 96063 b,13.7,403.6441,362.5,1.11,0.17,5020.0,1.37,4.75,2011.0,Radial Velocity,140.065
K2-228 b,1.21,1.92,2.69828,0.0338,,4715.0,0.71,0.65,2018.0,Transit,129.46
K2-283 b,3.52,12.2,1.921036,0.0291,,5060.0,0.89,0.82,2018.0,Transit,402.915
K2-151 b,1.49,2.83,3.835476,0.0373,,3695.0,0.47,0.45,2018.0,Transit,69.4798
K2-281 b,8.18,50.9,8.687721,0.0773,,4812.0,0.82,0.76,2018.0,Transit,458.139
K2-216 b,1.75,8.0,2.1748,0.028,0.0,4503.0,0.7,0.72,2018.0,Transit,115.461
HD 5319 c,13.8,334.67499,872.2,1.93,0.183,4871.0,1.27,4.06,2014.0,Radial Velocity,121.405
K2-230 b,1.96,4.5,2.86041,0.0409,,5945.0,1.11,1.39,2018.0,Transit,540.773
K2-188 b,1.35,2.39,1.742169,0.0289,,5977.0,1.06,1.19,2018.0,Transit,446.821
GJ 96 b,4.67,19.66,73.94,0.291,0.44,3785.0,0.6,0.580612,2018.0,Radial Velocity,11.9315
KMT-2016-BLG-1820L b,12.9,1450.0,,1.08,,,0.039,,2018.0,Microlensing,6260.0
HD 94834 b,13.7,400.4658,1576.0,2.74,0.14,4798.0,1.11,4.2,2018.0,Radial Velocity,98.1609
K2-153 b,2.0,4.66,7.51574,0.0614,,3845.0,0.55,0.53,2018.0,Transit,143.125
HATS-11 b,18.03,263.7989,3.619188,0.0507,0.34,6563.0,1.33,1.54,2016.0,Transit,944.603
KMT-2016-BLG-2142L b,12.2,4923.0,,0.83,,,0.073,,2018.0,Microlensing,7010.0
MOA-2015-BLG-337L b,6.42,33.7,,0.24,,,0.0094,,2018.0,Microlensing,7100.0
K2-241 b,2.55,7.04,26.8199,0.1567,,5262.0,0.71,0.75,2018.0,Transit,149.464
K2-117 c,2.06,4.9,5.444017,0.0492,0.15,3778.0,0.54,0.51,2017.0,Transit,101.632
K2-284 b,2.78,8.15,4.795069,0.04771,0.078,4140.0,0.63,0.607,2018.0,Transit,107.272
MOA-2016-BLG-319L b,14.1,200.0,,0.95,,,0.15,,2018.0,Microlensing,6800.0
HD 12648 b,13.4,622.9468,133.60001,0.54,0.04,4835.0,0.67,11.02,2015.0,Radial Velocity,182.192
K2-243 b,2.17,5.35,11.54182,0.1087,,6570.0,1.29,1.39,2018.0,Transit,266.864
K2-117 b,2.03,4.78,1.2916,0.0189,0.06,3778.0,0.54,0.51,2017.0,Transit,101.632
K2-312 c,12.8,1681.31227303,871.32,1.882,0.8435,5959.0,1.15,1.199,2023.0,Radial Velocity,109.86
K2-245 b,4.34,17.4,11.89307,0.0959,,5793.0,0.83,1.25,2018.0,Transit,456.064
K2-270 c,2.95,9.01,4.400028,0.0497,,4877.0,0.85,0.77,2018.0,Transit,280.518
HATS-59 b,12.621334,256.17098,5.416081,0.06112,0.129,5670.0,1.038,1.036,2018.0,Transit,642.884
KELT-15 b,19.50366,416.3573,3.32944,0.04613,0.0,6003.0,2.06,1.78,2016.0,Transit,324.683
K2-247 b,2.12,5.14,2.25021,0.0304,,4667.0,0.74,0.69,2018.0,Transit,258.113
EPIC 211945201 b,5.76,11.0,19.49221,0.1493,0.0,6069.0,1.17,1.39,2018.0,Transit,181.69
CoRoT-21 b,14.5717,718.2958,2.72474,0.0417,0.0,6200.0,1.29,1.95,2012.0,Transit,1398.83419686
70 Vir b,12.6,2380.45,116.688,0.481,0.3988,5495.0,1.09,1.89,1996.0,Radial Velocity,17.9011
K2-39 b,6.27704,28.6047,4.60543,0.05708,0.0,4881.0,0.66,2.97,2016.0,Transit,307.47
K2-248 b,2.57,7.13,7.17256,0.0699,,5528.0,0.88,0.92,2018.0,Transit,406.254
K2-276 b,3.77,13.7,18.718269,0.1291,,5139.0,0.82,0.85,2018.0,Transit,488.152
HD 102956 b,13.8,305.1168,6.4947,0.0807,0.037,4985.0,1.66,4.55,2010.0,Radial Velocity,121.89
HD 108863 b,13.3,767.24162,437.7,1.32,0.032,4878.0,1.59,5.74,2011.0,Radial Velocity,164.742
HATS-46 b,10.121727,54.98459,4.7423729,0.05367,0.559,5495.0,0.917,0.853,2018.0,Transit,453.808
HATS-7 b,6.310667,38.1396,3.185315,0.04012,0.17,4985.0,0.849,0.815,2015.0,Transit,240.707
K2-252 b,1.74,3.68,13.81513,0.1041,,5152.0,0.79,0.82,2018.0,Transit,228.839
K2-188 c,2.83,8.4,7.810253,0.0785,,5977.0,1.06,1.19,2018.0,Transit,446.821
HD 131496 b,13.4,572.094,896.0,2.01,0.181,4846.0,1.34,4.44,2011.0,Radial Velocity,131.849
HD 1502 b,13.2,874.0325,428.5,1.262,0.031,4947.0,1.46,4.67,2011.0,Radial Velocity,190.953
NGTS-3 A b,16.58932,756.4354,1.6753728,0.023,,5600.0,1.017,0.93,2018.0,Transit,743.972
K2-254 b,1.63,3.29,4.09639,0.0448,,4629.0,0.71,0.67,2018.0,Transit,227.775
K2-192 b,1.52,2.92,4.162817,0.049,,5222.0,0.9,0.81,2018.0,Transit,221.753
K2-239 c,1.0,0.972,7.775,0.0576,,3420.0,0.4,0.36,2018.0,Transit,31.0849
K2-258 b,3.0,9.27,19.0921,0.149,,6351.0,1.21,1.31,2018.0,Transit,661.873
HD 70642 b,13.0,1239.5307873,2124.54,3.318,0.175,5732.0,1.078,0.984,2003.0,Radial Velocity,29.276
HATS-69 b,10.592505,183.38791,2.2252577,0.03211,0.519,5137.0,0.892,0.8785,2018.0,Transit,414.537
HD 202696 b,,634.38868,517.8,1.566,0.011,5040.0,1.91,6.43,2019.0,Radial Velocity,188.546
HD 202696 c,,592.43512,946.6,2.342,0.028,5040.0,1.91,6.43,2019.0,Radial Velocity,188.546
KMT-2017-BLG-1038L b,13.4,640.0,,1.8,,,0.37,,2019.0,Microlensing,6000.0
HD 117618 b,8.59,55.30242,25.8,0.18,0.15,5990.0,1.077,1.2,2004.0,Radial Velocity,37.7781
NGTS-4 b,3.18,20.6,1.3373508,0.019,0.0,5143.0,0.75,0.84,2019.0,Transit,280.555
K2-295 b,10.054473,106.47305,4.024867,0.0451,0.0,4444.0,0.74,0.7,2018.0,Transit,232.801
HIP 79098 AB b,12.1,6515.515,,345.0,,9193.75,3.75,,2019.0,Imaging,145.798
Kepler-730 b,12.3299,,6.491682808,0.0694,0.0,5620.0,1.047,1.411,2016.0,Transit,1935.04
K2-133 c,1.603,3.2,4.86784,0.04341,,3655.0,0.461,0.455,2017.0,Transit,75.1703
K2-133 d,2.003,4.67,11.02454,0.07487,,3655.0,0.461,0.455,2017.0,Transit,75.1703
HAT-P-25 b,12.722215,180.84527,3.65281514,0.0466,0.023,5519.0,1.012,0.919,2012.0,Transit,300.384
HD 89744 b,12.6,2653.8805,256.78,0.917,0.677,6291.0,1.86,2.13257,1999.0,Radial Velocity,38.6364
HD 65216 c,13.4,645.1949,5370.0,5.75,0.17,5612.0,0.874,0.88,2013.0,Radial Velocity,35.1205
K2-133 e,1.73,3.64,26.5841,0.1346,,3655.0,0.461,0.455,2019.0,Transit,75.1703
EPIC 201497682 b,0.692,0.26,2.13174,,,4991.0,0.78,0.554,2019.0,Transit,253.026
OGLE-2015-BLG-1670L b,4.42,17.9,,2.62,,,0.55,,2019.0,Microlensing,6700.0
K2-290 c,11.276254,246.00042,48.36685,0.305,0.0,6302.0,1.194,1.511,2019.0,Transit,272.909
HAT-P-34 b,13.417173,1058.3739,5.452654,0.06774,0.432,6442.0,1.392,1.53,2011.0,Transit,249.325
EPIC 201754305 d,1.03,1.08,2.71578,,,4761.0,0.67,0.544,2019.0,Transit,334.967
EPIC 201833600 c,1.0,0.972,3.96151,,,4326.0,0.611,0.634,2019.0,Transit,257.443
HAT-P-36 b,14.313893,587.413406,1.32734683,0.0241,0.063,5620.0,1.03,1.041,2011.0,Transit,294.419
K2-52 b,18.0,,3.535055,0.054,,7147.0,1.691,2.192,2016.0,Transit,1038.41
K2-53 b,2.6,7.27,12.20772,0.098,,5263.0,0.851,0.807,2016.0,Transit,138.018
K2-293 b,2.45,6.57,13.1225,,,5532.0,0.958,0.947,2019.0,Transit,392.251
TOI-172 b,10.816685,1722.6386,9.47725,0.0914,0.3806,5645.0,1.128,1.777,2019.0,Transit,342.831
EPIC 206024342 b,1.7,3.53,4.50756,,,5724.0,0.928,0.823,2019.0,Transit,369.888
EPIC 206032309 b,1.01,1.01,2.87814,,,3489.0,0.221,0.37344,2019.0,Transit,161.365
HAT-P-9 b,15.614137,238.05467,3.92281072,0.05287,0.084,6350.0,1.281,1.338,2008.0,Transit,455.203
HATS-24 b,15.636555,718.2958,1.3484978,0.0238,0.0,6125.0,1.07,1.12,2017.0,Transit,494.182
K2-90 b,2.6,7.27,13.733314,0.096,0.07,4484.0,0.629,0.619,2016.0,Transit,134.188
K2-294 b,1.66,3.39,2.50387,,,5612.0,0.987,1.2,2019.0,Transit,373.078
GJ 685 b,2.95,9.0,24.16,0.1344,0.0,3816.0,0.55,0.54,2019.0,Radial Velocity,14.3155
EPIC 206317286 b,0.96,0.84,1.58252,,,4752.0,0.711,0.669,2019.0,Transit,314.35
K2-308 b,9.916,70.6,3.38628,,,6100.0,1.09,1.24,2019.0,Transit,1314.53
Kepler-9 c,8.08,29.9,38.9853,0.227,0.06691,5774.0,1.022,0.958,2010.0,Transit,628.257
K2-124 b,2.9,8.75,6.413651,0.049,0.08,3570.0,0.39,0.388,2017.0,Transit,140.385
HD 92788 b,13.0,1195.0408,325.803,0.97,0.35,5744.0,1.15,1.14,2000.0,Radial Velocity,34.6538
Kepler-25 c,5.217,15.2,12.7207,0.1117,0.0061,6354.0,1.165,1.316,2011.0,Transit,243.249
WASP-33 b,17.855937,665.21819,1.21987,0.0239,0.0,7430.0,1.495,1.444,2010.0,Transit,121.944
HD 134060 c,5.91,29.29,1291.5646,2.3928,0.11,5966.0,1.095,1.164285,2019.0,Radial Velocity,24.0125
WASP-177 b,17.71022,161.45764,3.071722,0.03957,,5017.0,0.876,0.885,2019.0,Transit,176.818
WASP-181 b,13.271456,95.03117,4.5195064,0.05427,,5839.0,1.04,0.965,2019.0,Transit,437.495
Kepler-25 b,2.748,8.7,6.238297,0.0695,0.0029,6354.0,1.165,1.316,2011.0,Transit,243.249
WASP-161 b,12.811887,791.3967,5.4060425,0.0673,,6400.0,1.39,1.712,2018.0,Transit,343.08
WASP-163 b,13.473218,594.3421,1.6096884,0.0266,,5500.0,0.97,1.015,2018.0,Transit,261.386
HD 20781 b,1.21,1.93,5.3135,0.0529,0.1,5256.0,0.7,0.833609,2019.0,Radial Velocity,35.9715
HD 20003 b,3.43,11.66,11.8482,0.0974,0.36,5494.0,0.875,0.921637,2019.0,Radial Velocity,41.8316
Kepler-47 c,4.65,3.17,303.227,0.9638,0.044,5636.0,0.957,0.936,2012.0,Transit,1025.02
Gl 49 b,2.24,5.63,13.8508,0.0905,0.363,3805.0,0.515,0.511,2019.0,Radial Velocity,9.8528
HD 21693 b,2.8,8.23,22.6786,0.1455,0.12,5430.0,0.8,0.914378,2019.0,Radial Velocity,33.255
HD 20781 c,2.17,5.33,13.8905,0.1004,0.09,5256.0,0.7,0.833609,2019.0,Radial Velocity,35.9715
Kepler-47 d,7.04,19.02,187.366,0.6992,0.024,5636.0,0.957,0.936,2019.0,Transit,1025.02
LSPM J2116+0234 b,3.71,13.3,14.4399,0.0876,0.183,3475.0,0.43,0.431,2019.0,Radial Velocity,17.6297
K2-285 e,1.95,10.7,14.76289,0.18041,0.0,4975.0,0.83,0.787,2018.0,Transit,154.961
K2-285 d,2.48,6.5,10.45582,0.1178,0.0,4975.0,0.83,0.787,2018.0,Transit,154.961
HD 31527 b,3.22,10.47,16.5535,0.1254,0.1,5898.0,0.96,1.073694,2019.0,Radial Velocity,38.4473
HD 31527 d,3.46,11.82,271.6737,0.8098,0.24,5898.0,0.96,1.073694,2019.0,Radial Velocity,38.4473
HD 21749 c,0.892,3.7,7.78993,0.0695,,4640.0,0.73,0.695,2019.0,Transit,16.32
HD 114729 b,13.9,262.20975,1121.79,2.067,0.079,5844.0,0.936,1.473,2002.0,Radial Velocity,37.8063
K2-286 b,2.1,5.06,27.359,0.1768,,3926.0,0.64,0.62,2018.0,Transit,76.1486
Qatar-9 b,11.309881,378.2177,1.540731,0.0234,0.0,4309.0,0.719,0.696,2019.0,Transit,213.771
NGTS-5 b,12.733424,72.78307,3.3569866,0.0382,0.0,4987.0,0.661,0.739,2019.0,Transit,306.779
HD 126525 b,10.3,75.32571,960.41,1.837,0.035,5638.0,0.897,0.979,2018.0,Radial Velocity,37.6506
HD 117207 b,13.4,669.34662514,2621.75,3.787,0.157,5732.0,1.053,1.074,2004.0,Radial Velocity,32.3547
HD 143361 b,12.9,1382.55357045,1039.15,1.988,0.197,5507.0,0.968,0.916,2008.0,Radial Velocity,68.5146
K2-288 B b,1.9,4.27,31.393463,0.164,,3341.0,0.33,0.32,2018.0,Transit,65.6138
HATS-60 b,12.923977,210.40346,3.560829,0.04708,0.191,5688.0,1.097,1.46,2018.0,Transit,486.474
HD 20781 e,3.83,14.03,85.5073,0.3374,0.06,5256.0,0.7,0.833609,2019.0,Radial Velocity,35.9715
HD 45184 c,2.91,8.81,13.1354,0.11,0.07,5869.0,1.03,1.075139,2019.0,Radial Velocity,21.9532
HD 152079 b,13.2,845.74563,2918.92,4.187,0.532,5907.0,1.147,1.128,2009.0,Radial Velocity,87.8888
HATS-62 b,11.825495,56.89157,3.2768837,0.04163,0.298,5416.0,0.896,0.933,2018.0,Transit,523.067
HATS-63 b,13.529263,305.1168,3.0566527,0.04026,0.136,5627.0,0.931,1.07,2018.0,Transit,623.232
HATS-70 b,15.513256,4100.007,1.8882378,0.03632,0.18,7930.0,1.78,1.881,2019.0,Transit,1458.83
K2-264 b,2.231,5.61,5.840002,0.05023,0.5,3660.0,0.496,0.473,2018.0,Transit,185.605
KMT-2016-BLG-1107L b,13.1,1043.0,,0.342,,,0.087,,2019.0,Microlensing,6651.0
HD 103949 b,3.35,11.2,120.878,0.439,0.19,4792.0,0.77,0.753113,2019.0,Radial Velocity,26.4997
HIP 35173 b,3.61,12.7,41.516,0.217,0.16,4881.0,0.79,0.773404,2019.0,Radial Velocity,33.1562
HD 23127 b,13.5,485.32641,1211.17,2.37,0.406,5843.0,1.208,1.49,2006.0,Radial Velocity,93.8555
HD 25171 b,13.9,290.81445,1802.29,2.971,0.042,6125.0,1.076,1.23,2010.0,Radial Velocity,55.6146
HATS-65 b,16.824709,260.93843,3.105161,0.04497,0.062,6277.0,1.257,1.31,2018.0,Transit,493.32
HATS-66 b,15.815899,1694.0339,3.1414391,0.04714,0.064,6626.0,1.411,1.841,2018.0,Transit,1477.98
HD 1397 b,11.500434,131.89945,11.53533,0.1097,0.251,5521.0,1.324,2.336,2018.0,Transit,79.5702
HD 64114 b,4.41,17.8,45.791,0.246,0.12,5676.0,0.95,0.882858,2019.0,Radial Velocity,31.5262
HD 206255 b,6.47,34.2,96.045,0.461,0.23,5635.0,1.42,2.221489,2019.0,Radial Velocity,75.2363
HD 38801 b,12.5,3082.31534,685.25,1.623,0.017,5338.0,1.207,2.029,2009.0,Radial Velocity,91.4349
HATS-67 b,18.887165,460.8535,1.6091788,0.03032,0.057,6594.0,1.435,1.441,2018.0,Transit,960.109
HATS-68 b,13.809488,410.0007,3.5862202,0.05071,0.036,6147.0,1.351,1.748,2018.0,Transit,603.955
Gl 378 b,3.66,13.02,3.822,0.039435,0.109,3879.0,0.56,0.56,2019.0,Radial Velocity,14.9545
WASP-190 b,12.89035,317.83,5.367753,0.0663,0.0,6400.0,1.35,1.6,2019.0,Transit,542.251
Kepler-1610 c,2.09,5.02,44.9851885,0.2323,0.0,5295.0,0.825,0.8,2023.0,Transit,864.331
XO-7 b,15.389957,225.34147,2.8641424,0.04421,0.038,6250.0,1.405,1.48,2019.0,Transit,234.149
HATS-55 b,14.022459,292.72143,4.2042001,0.05412,0.092,6214.0,1.1955,1.126,2019.0,Transit,609.838
Kepler-1996 c,2.81,8.3,92.7297248,0.3608,0.0,4580.0,0.748,0.675,2023.0,Transit,440.561
Kepler-1988 b,1.53,2.96,11.49500229,0.1038,0.0,6033.0,1.127,1.788,2023.0,Transit,513.426
TOI-813 b,6.71,36.4,83.8911,0.423,0.0,5907.0,1.32,1.94,2020.0,Transit,263.145
GJ 433 b,2.33,6.043,7.3705,0.062,0.04,3461.0,0.48,0.5,2013.0,Radial Velocity,9.06456
HATS-58 A b,12.273855,327.3649,4.2180896,0.05798,0.168,7175.0,1.461,1.433,2019.0,Transit,403.591
HR 5183 b,13.1,1052.01202717,27000.0,18.0,0.84,5794.0,1.07,1.53,2019.0,Radial Velocity,31.4607
Kepler-1991 b,1.47,2.76,13.26079792,0.1065,0.0,5478.0,0.914,1.053,2023.0,Transit,855.82
Kepler-1471 c,1.88,4.19,11.6044881,0.0981,0.0,5533.0,0.934,1.166,2023.0,Transit,978.678
GJ 180 b,2.43,6.49,17.133,0.092,0.07,3371.0,0.43,0.413049,2014.0,Radial Velocity,11.9407
WASP-169 b,14.616536,178.30263,5.6114118,0.0681,0.0,6110.0,1.337,2.011,2019.0,Transit,627.066
Kepler-1998 b,0.6,0.156,3.03267135,0.0405,0.0,5640.0,0.962,0.921,2023.0,Transit,340.965
Kepler-164 e,4.24,16.7,94.886902,0.4025,0.0,5888.0,0.966,1.097,2023.0,Transit,890.758
Kepler-1994 b,0.51,0.087,4.61225043,0.053,0.0,5495.0,0.932,0.961,2023.0,Transit,241.991
Kepler-1984 b,6.81,37.3,1.992812339,0.0238,0.0,3638.0,0.45,0.42,2023.0,Transit,
GJ 433 d,2.14,5.223,36.059,0.178,0.07,3461.0,0.48,0.5,2020.0,Radial Velocity,9.06456
GJ 3082 b,2.79,8.2,11.949,0.079,0.22,3910.0,0.47,0.465216,2020.0,Radial Velocity,16.6186
WASP-175 b,13.540472,314.6517,3.0652907,0.04403,0.0,6229.0,1.212,1.204,2019.0,Transit,539.36
Kepler-619 d,4.17,16.2,11.67894236,0.1021,0.0,6122.0,1.041,0.964,2023.0,Transit,900.678
Kepler-1126 c,1.45,2.7,199.66876,0.6193,0.0,5678.0,0.794,0.921,2023.0,Transit,635.736
EPIC 249893012 b,1.95,8.75,3.5951,0.047,0.06,5430.0,1.05,1.71,2020.0,Transit,321.296
Kepler-1661 b,3.87,17.0,175.06,0.633,0.057,5100.0,0.841,0.762,2020.0,Transit,410.607
OGLE-2016-BLG-1067L b,14.3,140.0,,1.7,,,0.3,,2019.0,Microlensing,3730.0
Kepler-1987 c,1.33,2.33,3.64830183,0.0427,0.0,4769.0,0.799,0.714,2023.0,Transit,595.683
Kepler-1985 b,2.27,5.77,3.42064689,0.0426,0.0,5370.0,0.877,0.966,2023.0,Transit,
Kepler-1987 b,1.23,2.04,2.345863002,0.0318,0.0,4769.0,0.799,0.714,2023.0,Transit,595.683
Kepler-1801 c,2.91,8.8,116.583183,0.4572,0.0,5738.0,0.936,0.981,2023.0,Transit,839.332
EPIC 249893012 c,3.67,14.67,15.624,0.13,0.07,5430.0,1.05,1.71,2020.0,Transit,321.296
EPIC 249893012 d,3.94,10.18,35.747,0.22,0.15,5430.0,1.05,1.71,2020.0,Transit,321.296
WASP-180 A b,13.89916,286.047,3.409264,0.048,0.0,6600.0,1.3,1.19,2019.0,Transit,253.985
WASP-2 b,12.116929,295.89973,2.152175,0.03144,0.0054,5180.0,0.895,0.866,2007.0,Transit,153.242
Kepler-949 c,2.97,9.11,20.99757968,0.1394,0.0,5211.0,0.817,0.895,2023.0,Transit,486.105
Kepler-311 d,2.05,4.86,232.040326,0.7326,0.0,5903.0,0.974,1.156,2023.0,Transit,778.654
WASP-44 b,12.3299,276.5121,2.423804,0.03453,0.0,5420.0,0.935,0.906,2011.0,Transit,364.512
WASP-45 b,10.603714,306.38812,3.126089,0.03963,0.0,5150.0,0.85,0.855,2011.0,Transit,211.196
Kepler-1834 c,1.22,1.98,0.766691517,0.015,0.0,4821.0,0.765,0.788,2023.0,Transit,500.395
HATS-47 b,12.520453,117.27927,3.9228038,0.04269,0.088,4512.0,0.674,0.6564,2020.0,Transit,300.67
GJ 15 A c,6.67,36.0,7600.0,5.4,0.27,3607.0,0.38,0.38,2018.0,Radial Velocity,3.56228
Kepler-763 c,1.42,2.6,4.09667624,0.0466,0.0,4999.0,0.8,0.843,2023.0,Transit,962.459
Kepler-347 d,3.04,9.48,85.517344,0.3802,0.0,5592.0,1.0,1.451,2023.0,Transit,1298.88
EPIC 248847494 b,12.44199,4131.79,3650.0,4.5,0.0,4898.0,0.9,2.7,2018.0,Transit,551.886
WASP-184 b,14.90797,181.1631,5.1817,0.0627,0.0,6000.0,1.23,1.65,2019.0,Transit,663.231
WASP-185 b,14.01125,311.4734,9.38755,0.0904,0.24,5900.0,1.12,1.5,2019.0,Transit,279.35
Kepler-290 d,0.86,0.566,0.764017553,0.0154,0.0,5142.0,0.84,0.755,2023.0,Transit,694.627
Kepler-549 d,4.2,16.4,24.61480613,0.1575,0.0,5312.0,0.859,0.986,2023.0,Transit,635.145
KMT-2017-BLG-0165L b,6.45,34.0,,3.45,,,0.76,,2018.0,Microlensing,4530.0
Kepler-865 c,0.89,0.64,6.20920207,0.061,0.0,5440.0,0.782,0.885,2023.0,Transit,586.137
TOI-150.01,14.067295,797.7533,5.857487,0.07037,0.262,6255.0,1.351,1.526,2019.0,Transit,336.267
GJ 682 c,2.89,8.7,57.32,0.176,0.1,3028.0,0.27,0.298255,2014.0,Radial Velocity,5.00671
OGLE-2015-BLG-1649L b,13.2,807.0,,2.07,,,0.34,,2019.0,Microlensing,4230.0
Kepler-2000 c,1.57,3.09,20.6180348,0.1228,0.0,3757.0,0.581,0.576,2023.0,Transit,320.588
Kepler-448 c,12.0,6992.26,2500.0,4.2,0.65,6635.0,1.5,1.4,2017.0,Transit Timing Variations,399.398
MOA-bin-29 b,14.1,190.0,,0.48,,,0.03,,2019.0,Microlensing,7120.0
TOI-4562 c,12.8,1833.86990839,3990.0,5.219,0.122,6096.0,1.192,1.152,2024.0,Transit Timing Variations,339.605
HD 50554 d,1.41,10.4,28.0694,0.1831,0.0,5968.0,1.04,1.146,2026.0,Transit,31.1664
HD 97048 b,13.3,794.575,,130.0,,10000.0,2.4,2.25,2019.0,Disk Kinematics,183.857
7 CMa b,13.4,587.9855,735.1,1.758,0.06,4826.0,1.34,4.87,2011.0,Radial Velocity,19.8101
Kepler-1983 b,2.33,6.04,7.32851947,0.0689,0.0,5135.0,0.812,0.874,2023.0,Transit,424.428
NGTS-8 b,12.21781,295.5819,2.4997,0.035,0.01,5241.0,0.89,0.98,2019.0,Transit,428.976
EPIC 205950854 c,1.31,2.27,8.050722,,,5502.7,0.877,0.83,2019.0,Transit,243.935
7 CMa c,13.9,276.5121,996.0,2.153,0.08,4826.0,1.34,4.87,2019.0,Radial Velocity,19.8101
Kepler-1990 c,0.98,0.904,4.06844957,0.0504,0.0,5751.0,1.028,1.071,2023.0,Transit,392.739
HD 220197 b,9.32,63.566,1728.0,2.729,0.187,5683.0,0.91,0.98,2018.0,Radial Velocity,64.411
K2-43 c,2.42,6.44,2.198884,,,3840.6,0.571,0.542,2019.0,Transit,182.536
Kepler-763 d,1.67,3.43,6.50327035,0.0634,0.0,4999.0,0.8,0.843,2023.0,Transit,962.459
Kepler-1162 c,1.81,3.93,59.284064,0.2832,0.0,5225.0,0.861,0.859,2023.0,Transit,940.211
HD 213885 b,1.745,8.83,1.008035,0.02012,0.0,5978.0,1.068,1.1011,2019.0,Transit,48.0883
Kepler-896 c,3.15,10.1,29.5422566,0.1792,0.0,5510.0,0.877,0.803,2023.0,Transit,2334.93
Kepler-1982 b,0.77,0.381,3.82315697,0.0511,0.0,6202.0,1.213,1.122,2023.0,Transit,558.855
HD 213885 c,4.71,19.95,4.78503,0.056798,0.0,5978.0,1.068,1.1011,2019.0,Radial Velocity,48.0883
HAT-P-69 b,18.786284,1137.8314,4.7869491,0.06555,0.0,7394.0,1.648,1.926,2019.0,Transit,341.263
Kepler-2000 b,2.73,7.9,6.383159135,0.0562,0.0,3757.0,0.581,0.576,2023.0,Transit,320.588
TOI-763 c,2.63,9.32,12.2737,0.1011,0.04,5450.0,0.917,0.897,2020.0,Transit,95.1274
TOI-905 b,13.125739,211.99261,3.739494,0.04666,0.024,5570.0,0.968,0.918,2020.0,Transit,158.649
TOI-564 b,11.43318,464.98529,1.651144,0.02734,0.072,5640.0,0.998,1.088,2020.0,Transit,199.581
Kepler-29 b,2.55,5.0,10.33974,0.08482,0.0,5378.0,0.761,0.732,2011.0,Transit,832.532
Kepler-1674 b,3.2057749,10.4,62.5611,0.3017,0.0,5473.91,0.96,0.877273,2020.0,Transit,1012.48
Kepler-1675 b,3.12483349,9.93,63.0382,0.32185,0.0,5853.19,1.06,1.12865,2020.0,Transit,651.117
HD 108236 b,1.615,3.24,3.795963,0.04527,0.045,5660.0,0.869,0.877,2020.0,Transit,64.5978
HD 164922 c,3.66,13.0,75.74,0.341,0.12,5390.0,0.926,0.946,2016.0,Radial Velocity,22.0016
KMT-2019-BLG-0842L b,3.19,10.28,,3.31,,,0.76,,2020.0,Microlensing,3320.0
HD 108236 e,3.083,9.71,19.590025,0.1367,0.058,5660.0,0.869,0.877,2020.0,Transit,64.5978
WASP-150 b,11.99363,2688.8418,5.644207,0.0694,0.3775,6218.0,1.394,1.651,2020.0,Transit,527.995
NGTS-13 b,12.800678,1538.2972,4.119027,0.0549,0.086,5819.0,1.3,1.788,2021.0,Transit,647.595
MOA-2009-BLG-319L b,9.64,67.3,,2.03,,,0.524,,2010.0,Microlensing,7050.0
Kepler-1685 b,2.57673985,7.16,20.4905,0.1485,0.0,5484.0,0.96,0.835451,2020.0,Transit,1141.89
Kepler-1686 b,1.42553017,2.62,9.30987,0.08827,0.0,5714.96,1.02,1.19951,2020.0,Transit,729.823
KMT-2016-BLG-2397L b,13.2,836.0,,3.64,,,0.64,,2020.0,Microlensing,4880.0
OGLE-2017-BLG-0604L b,14.2,160.0,,4.06,,,0.7,,2020.0,Microlensing,3950.0
OGLE-2017-BLG-1375L b,12.4,3585.0,,3.04,,,0.81,,2020.0,Microlensing,3930.0
NGTS-14 A b,4.976796,29.24036,3.5357173,0.0403,0.0,5187.0,0.898,0.842,2021.0,Transit,322.148
HD 13808 b,3.35,11.2,14.1815,0.10519,0.071,5035.0,0.771,0.781,2021.0,Radial Velocity,28.2305
OGLE-2015-BLG-1771L b,14.3,138.0,,0.85,,,0.077,,2020.0,Microlensing,7070.0
OGLE-2018-BLG-1700L b,12.9,1400.0,,2.8,,,0.42,,2020.0,Microlensing,7600.0
Kepler-1687 b,1.65623882,3.38,5.77954,0.0532,0.0,4132.0,0.65,0.726119,2020.0,Transit,417.014
Kepler-1689 b,0.94678642,0.799,8.483,0.0784,0.0,5731.43,1.023,0.996208,2020.0,Transit,294.122
Kepler-462 b,3.0,53.9,84.6866,0.4172,0.042,7500.0,1.59,1.57,2016.0,Transit,596.625
HD 4760 b,12.3,4417.837,434.0,1.14,0.23,4076.0,1.05,42.4,2021.0,Radial Velocity,537.873
HD 110113 c,2.11384817,10.5,6.744,0.068,0.045,5732.0,0.997,0.968,2021.0,Radial Velocity,106.307
HD 96992 b,13.7,362.3262,514.0,1.24,0.41,4725.0,0.96,7.43,2021.0,Radial Velocity,396.082
KMT-2018-BLG-1292L b,12.9,1400.0,,6.03,,,1.09,,2020.0,Microlensing,3460.0
OGLE-2012-BLG-0838L b,8.39,53.1,,4.43,,,0.4,,2020.0,Microlensing,6320.0
Kepler-1691 b,1.83470985,4.02,3.8482,0.0495,0.0,6000.0,1.11,1.13152,2020.0,Transit,1267.67
Kepler-1692 b,1.11177184,1.42,5.95966,0.0646,0.0,5146.0,0.87,0.866139,2020.0,Transit,591.019
EPIC 201170410.02,1.047,1.15,6.7987,0.0349,0.0,3648.0,0.287,0.282,2020.0,Transit,134.0
Kepler-160 d,,100.0,30.0,0.17,,5471.0,1.003,1.118,2020.0,Transit Timing Variations,937.013
Kepler-160 c,3.76,13.6,13.699429,0.1192,0.0,5471.0,1.003,1.118,2014.0,Transit,937.013
Kepler-1694 b,1.17986031,1.76,3.89526,0.0449,0.0,4954.0,0.82,0.756284,2020.0,Transit,513.329
Kepler-716 c,1.39281536,2.52,3.96999,0.04548,0.0,5012.0,0.83,0.742183,2020.0,Transit,635.009
EPIC 201757695.02,0.90819,0.688,2.0478,0.0296,0.0,4520.0,0.727,0.655,2020.0,Transit,577.6
HD 110082 b,3.2,10.3,10.18271,0.113,0.2,6200.0,1.21,1.19,2021.0,Transit,105.096
Kepler-1664 b,3.03320653,9.45,14.3868,0.1137,0.0,5735.81,0.944,1.072,2020.0,Transit,626.691
Kepler-1001 c,1.57799279,3.11,9.18186,0.08296,0.0,5376.0,0.93,0.836475,2020.0,Transit,928.978
TOI-954 b,9.550068,55.30242,3.6849729,0.04963,0.14,5710.0,1.201,1.892,2020.0,Transit,238.768
K2-329 b,8.675766,82.6358,12.4551225,0.1016,0.0697,5282.0,0.901,0.822,2020.0,Transit,233.237
HATS-49 b,8.574885,112.19399,4.1480467,0.04515,0.071,4405.0,0.7133,0.6977,2020.0,Transit,324.413
TYC 8998-760-1 c,12.3299,1906.98,,320.0,,4573.0,1.0,1.02,2020.0,Imaging,94.6177
Wendelstein-1 b,11.5609626,188.15536,2.663416,0.0282,0.012,4251.0,0.65,0.61,2020.0,Transit,305.3
MOA-2013-BLG-220L b,13.2,871.0,,3.03,,,0.88,,2014.0,Microlensing,6720.0
KMT-2016-BLG-1836L b,13.3,700.0,,3.5,,,0.49,,2019.0,Microlensing,7100.0
OGLE-2013-BLG-0911L b,12.5,3020.0,,0.39,,,0.29,,2019.0,Microlensing,3220.0
BD-11 4672 c,4.04,15.37,74.2,0.3,0.4,4550.0,0.651,0.639,2020.0,Radial Velocity,27.1665
BD-11 4672 b,14.1,206.5895,1634.0,2.36,0.05,4550.0,0.651,0.639,2014.0,Radial Velocity,27.1665
HIP 65 A b,22.75427,1021.18779,0.9809734,0.01782,0.0,4590.0,0.781,0.7242,2020.0,Transit,61.7856
TOI-481 b,11.09691,486.2799,10.33111,0.097,0.153,5735.0,1.14,1.66,2020.0,Transit,179.366
TIC 237913194 b,12.520453,617.22586,15.168865,0.1207,0.575,5788.0,1.026,1.088,2020.0,Transit,306.063
OGLE-2016-BLG-1227L b,13.9,250.0,,3.4,,,0.1,,2020.0,Microlensing,
TOI-157 b,14.414774,375.0394,2.0845435,0.03138,0.0,5404.0,0.948,1.167,2020.0,Transit,355.683
TOI-169 b,12.172974,251.40353,2.2554477,0.03524,0.0,5880.0,1.147,1.288,2020.0,Transit,407.84
Kepler-1700 b,2.90129941,8.76,234.239,0.76094,0.0,6031.0,1.12,1.0937,2020.0,Transit,717.597
Kepler-1666 b,2.88273782,8.66,25.8476,0.1761,0.0,6293.0,1.23,1.14586,2020.0,Transit,1379.37
Gl 686 b,2.46,6.624,15.53,0.091,0.05,3656.0,0.426,0.427,2018.0,Radial Velocity,8.15728
HD 180617 b,3.53,12.214,105.911,0.343,0.101,3534.0,0.484,0.481,2018.0,Radial Velocity,5.91059
HD 158259 e,2.34,6.08,7.951,,,5801.89,1.08,1.21,2020.0,Radial Velocity,27.0498
HD 158259 c,2.23,5.6,3.432,,,5801.89,1.08,1.21,2020.0,Radial Velocity,27.0498
HATS-37 A b,6.792654,31.46517,4.3315366,0.04913,0.0,5326.0,0.843,0.877,2020.0,Transit,211.896
GJ 687 b,4.32,17.2,38.142,0.163,0.17,3413.0,0.4,0.4183,2014.0,Radial Velocity,4.54939
GJ 2056 b,4.17,16.2,69.971,0.283,0.72,4069.95,0.62,0.709495,2020.0,Radial Velocity,28.4434
TOI-237 b,1.44,2.67,5.436098,0.0341,0.0,3212.0,0.179,0.211,2020.0,Transit,38.0749
HD 216520 c,3.03,9.44,154.43,0.528,0.12,5103.0,0.82,0.76,2020.0,Radial Velocity,19.552
CoRoT-30 b,11.309881,921.707,9.06005,0.0844,0.007,5650.0,0.98,0.91,2020.0,Transit,1032.23
CoRoT-31 b,16.36514,266.9772,4.62941,0.0586,0.02,5700.0,1.25,2.15,2020.0,Transit,2005.76
HIP 38594 b,2.77,8.1,60.722,0.256,0.17,4086.3,0.61,0.626646,2020.0,Radial Velocity,17.7886
WASP-186 b,12.44199,1341.2426,5.026799,0.06,0.33,6361.0,1.22,1.47,2020.0,Transit,278.514
Kepler-29 c,2.34,4.5,13.28613,0.10027,0.0,5378.0,0.761,0.732,2011.0,Transit,832.532
Kepler-783 c,2.33153725,6.04,7.05395,0.06903,0.0,5411.49,0.94,0.872088,2020.0,Transit,516.09
Kepler-1667 b,2.98385261,9.19,83.5781,0.35905,0.0,5941.54,1.09,1.08751,2020.0,Transit,626.819
HIP 4845 b,3.89,14.4,34.15,0.176,0.25,4010.0,0.62,0.603999,2020.0,Radial Velocity,21.0974
HIP 48714 b,5.11,22.9,17.818,0.112,0.5,4015.5,0.58,0.595456,2020.0,Radial Velocity,10.5298
TOI-251 b,2.74,317.83,4.93777,0.05741,0.0,5875.0,1.036,0.881,2021.0,Transit,99.523
HAT-P-68 b,12.016048,230.10892,2.29840551,0.02996,0.041,4508.0,0.6785,0.6701,2020.0,Transit,202.152
Kepler-177 b,3.5,5.84,36.8601,0.21101,0.0,5732.0,0.921,1.324,2013.0,Transit,1435.44
Kepler-36 b,1.498,3.83,13.86825,0.11419,0.0,5979.0,1.034,1.634,2012.0,Transit,527.956
KOI-1783.01,8.86,71.0,134.4628,0.52661,0.0,5922.0,1.076,1.143,2020.0,Transit,865.73
Kepler-1668 b,4.34764405,17.4,15.434,0.124,0.0,5542.0,0.98,1.01738,2020.0,Transit,1335.64
Kepler-598 c,3.02420941,9.4,86.4945,0.36672,0.0,5245.0,0.9,0.900316,2020.0,Transit,681.086
KMT-2019-BLG-1953L b,14.1,200.0,,,,,0.31,,2020.0,Microlensing,7040.0
Kepler-1514 c,1.1758241,1.74,10.514181,0.0997,0.32,6145.0,1.196,1.289,2020.0,Transit,397.292
KOI-1783.02,5.44,15.0,284.215,0.86695,0.0,5922.0,1.076,1.143,2020.0,Transit,865.73
HD 156668 c,6.17,31.49679513,811.3,1.57,0.089,4903.69,0.785167,0.774528,2021.0,Radial Velocity,24.3323
HD 211403 b,12.8,1760.76937478,223.8,0.768,0.084,6273.0,1.2,1.206,2021.0,Radial Velocity,83.0919
K2-344 b,1.59,3.15,3.35585,,,4374.0,0.51,0.49,2021.0,Transit,75.1691
HD 24040 c,9.35,63.88350981,515.4,1.3,0.11,5776.49,1.10394,1.387296,2021.0,Radial Velocity,46.6224
HD 3765 b,8.56,54.98431441,1211.0,2.108,0.298,5049.8,0.851785,0.83061,2021.0,Radial Velocity,17.926
HD 213472 b,13.1,1112.3994245,17000.0,13.0,0.53,5729.54,1.048132,1.433902,2021.0,Radial Velocity,64.4527
K2-348 c,2.67,7.61,12.550171,,,5077.0,0.83,0.85,2021.0,Transit,201.856
CD Cet b,1.82,3.95,2.2907,0.0185,,3130.0,0.161,0.175,2020.0,Radial Velocity,8.60715
G 264-012 b,1.39,2.5,2.30538,0.02279,,3326.0,0.297,0.305,2021.0,Radial Velocity,16.009
K2-352 d,2.23,5.6,14.871387,,,5791.0,0.98,0.95,2021.0,Transit,176.051
K2-339 b,1.92,4.35,19.507428,,,4857.0,0.74,0.72,2021.0,Transit,360.36
K2-282 b,2.5,6.8,4.169783,0.0499,,5499.0,0.94,1.0,2018.0,Transit,496.289
K2-156 b,1.1,1.37,0.813143,0.0149,,4460.0,0.66,0.62,2018.0,Transit,150.21
TOI-257 b,7.16253867,43.86032017,18.38818,0.1528,0.0,6095.0,1.407,1.867,2021.0,Transit,76.9028
HAT-P-58 b,14.93036229,118.2321674,4.0138379,0.04994,0.073,6078.0,1.031,1.53,2021.0,Transit,515.59
HAT-P-59 b,12.58768533,489.45574678,4.1419771,0.05064,0.03,5678.0,1.008,1.1038,2021.0,Transit,265.471
K2-268 d,1.49,2.83,4.528598,,,5106.0,0.84,0.78,2021.0,Transit,327.783
TOI-269 b,2.77,8.8,3.6977104,0.0345,0.425,3514.0,0.3917,0.398,2021.0,Transit,57.0225
K2-268 f,2.23,5.6,26.27057,,,5106.0,0.84,0.78,2021.0,Transit,327.783
K2-187 b,1.2,1.87,0.77401,0.0164,,5438.0,0.966999,0.83,2018.0,Transit,330.916
K2-210 b,0.86,0.566,0.57023,,,5500.0,0.911717,0.89,2018.0,Transit,176.51
K2-32 b,5.299,15.0,8.992,0.0795,0.03,5271.0,0.83,0.86,2016.0,Transit,157.682
K2-32 e,1.212,2.1,4.34934,0.04899,0.043,5271.0,0.83,0.86,2019.0,Transit,157.682
HAT-P-64 b,19.08889413,184.34047606,4.007232,0.05387,0.101,6457.0,1.298,1.735,2021.0,Transit,651.897
Kepler-129 c,2.52,43.0,82.2,0.39,0.2,5770.0,1.178,1.653,2014.0,Transit,408.845
K2-331 b,1.79,3.86,9.398977,,,5994.0,1.1,1.06,2021.0,Transit,211.43
EPIC 228836835 b,1.1,1.37,0.728113,,,3782.0,0.418179,0.32,2021.0,Transit,150.124
K2-223 c,1.5,2.86,4.562546,0.0549,,5859.0,1.06,1.0,2018.0,Transit,198.604
K2-32 c,3.134,8.1,20.66093,0.13843,0.049,5271.0,0.83,0.86,2016.0,Transit,157.682
K2-32 d,3.484,6.7,31.71701,0.18422,0.05,5271.0,0.83,0.86,2016.0,Transit,157.682
KIC 10068024 b,13.4,635.656814,2.073549,,,6118.4,1.22,1.574,2021.0,Orbital Brightness Modulation,721.105
K2-350 b,1.54,2.99,4.163873,,,5789.0,0.98,1.04,2021.0,Transit,489.368
K2-353 b,5.55,26.3,15.466805,,,5698.0,0.87,0.99,2021.0,Transit,268.515
K2-137 b,0.64,158.915,0.179719,0.0058,0.0,3697.0,0.463,0.29,2017.0,Transit,98.8765
EPIC 206042996 b,1.7,3.53,5.2986,,,4114.0,0.565,0.5,2019.0,Transit,451.769
NGTS-15 b,12.32987877,238.68913366,3.27623,0.0441,0.0,5600.0,0.995,0.954,2021.0,Transit,786.485
K2-354 b,1.56,3.05,3.793306,,,3669.0,0.43,0.41,2021.0,Transit,91.722
K2-330 b,2.77,8.1,13.774798,,,6232.0,1.23,1.5,2021.0,Transit,160.125
TOI-1333 b,15.647764,753.2571,4.720219,0.0626,0.073,6274.0,1.464,1.925,2021.0,Transit,200.492
HD 238090 b,2.52,6.89,13.671,0.0932,0.3,3933.0,0.578,0.57,2020.0,Radial Velocity,15.2354
NGTS-18 b,13.56286665,129.99181846,3.05125,0.0448,0.0,5610.0,1.003,1.392,2021.0,Transit,1096.19
HD 136352 b,1.664,4.72,11.57797,0.0964,0.0,5664.0,0.87,1.058,2019.0,Radial Velocity,14.682
K2-336 b,1.22,1.98,21.194733,,,5424.0,0.86,0.8,2021.0,Transit,239.289
GJ 414 A b,2.63,7.6,50.8,0.2324,0.45,4120.0,0.65,0.68,2021.0,Radial Velocity,11.8893
BD+55 362 b,14.0,228.83645304,265.59,0.78,0.27,5012.0,0.909,0.896193,2021.0,Radial Velocity,52.5697
HD 136352 d,2.562,8.82,107.245,0.425,0.0,5664.0,0.87,1.058,2019.0,Radial Velocity,14.682
K2-337 b,2.62,7.37,16.273563,,,5869.0,0.94,1.32,2021.0,Transit,421.636
K2-138 c,2.299,6.31,3.56004,0.04461,0.045,5356.3,0.935,0.863,2017.0,Transit,202.585
KOI-1831 d,1.13,2.23,34.169,0.19924,0.0,5233.0,0.901,0.835,2018.0,Transit,501.574
K2-340 b,3.36,11.2,29.740451,,,5532.0,0.93,1.13,2021.0,Transit,738.136
K2-138 d,2.39,7.92,5.40479,0.05893,0.043,5356.3,0.935,0.863,2017.0,Transit,202.585
K2-138 e,3.39,12.97,8.26146,0.0782,0.077,5356.3,0.935,0.863,2017.0,Transit,202.585
EPIC 212297394 c,2.27,5.77,5.213965,,,5171.0,0.83,0.8,2021.0,Transit,418.395
K2-138 f,2.904,1.63,12.75758,0.10447,0.062,5356.3,0.935,0.863,2017.0,Transit,202.585
K2-100 b,3.88,21.8,1.6739035,0.0301,0.0,5945.0,1.15,1.24,2016.0,Transit,188.959
TOI-2202 c,13.4,117.27868218,24.6744,0.15544,0.0622,5144.0,0.823,0.794,2021.0,Transit Timing Variations,235.933
KMT-2019-BLG-1715L b,13.2,813.64072192,,3.32,,,0.61,,2021.0,Microlensing,3860.0
K2-349 b,1.38,2.48,9.032178,,,4385.0,0.54,0.49,2021.0,Transit,453.567
K2-350 c,2.74,7.95,19.991944,,,5789.0,0.98,1.04,2016.0,Transit,489.368
K2-351 b,2.54,6.99,7.806164,,,5769.0,1.02,1.05,2021.0,Transit,694.734
GJ 740 b,1.53,2.96,2.37756,0.029,0.24,3913.0,0.58,0.56,2021.0,Radial Velocity,11.1017
HD 60292 b,12.7,2065.895,495.4,1.5,0.27,4348.0,1.7,27.0,2020.0,Radial Velocity,315.211
TOI-1749 b,1.39,57.0,2.38839,0.0291,0.14,3985.0,0.58,0.55,2021.0,Transit,99.5561
TOI-1749 d,2.52,15.0,9.0497,0.0707,0.062,3985.0,0.58,0.55,2021.0,Transit,99.5561
KMT-2018-BLG-1025L b,2.34,6.059,,1.305,,,0.219,,2021.0,Microlensing,6705.0
K2-185 b,1.15,1.6,10.616384,,,5788.0,0.96,0.94,2018.0,Transit,268.357
EPIC 212587672 c,2.32,5.99,23.228555,,,6004.0,0.99,0.98,2021.0,Transit,320.07
HD 221420 b,12.0,7278.2705203,10090.0,10.15,0.14,5847.0,1.351,1.947,2019.0,Radial Velocity,31.1415
K2-185 c,2.39,6.3,52.713494,,,5788.0,0.96,0.94,2018.0,Transit,268.357
TOI-1201 b,2.415,6.28,2.4919863,0.0287,0.0,3476.0,0.512,0.508,2021.0,Transit,37.8871
HD 136925 b,13.9,266.97586188,4540.0,5.13,0.103,5773.19,0.875104,1.193078,2021.0,Radial Velocity,47.874
HD 109286 b,13.2,950.30693693,520.1,1.259,0.338,5694.0,0.98,1.089,2021.0,Radial Velocity,55.4156
Kepler-1771 b,4.05537256,15.5,88.64399719,0.3815,0.0,5661.0,0.941,0.934,2021.0,Transit,565.752
Kepler-1786 b,3.16305828,10.1,78.5460968,0.35722,0.0,5808.0,1.058,1.397,2021.0,Transit,863.909
Kepler-1834 b,1.4593834,2.73,4.603010178,0.04911,0.0,4821.0,0.765,0.788,2021.0,Transit,500.395
TOI-559 b,12.22899794,1910.14872607,6.9839095,0.0723,0.151,5925.0,1.026,1.233,2021.0,Transit,233.266
Kepler-418 c,5.22108654,23.7,12.21829987,0.10632,0.0,5822.0,0.957,1.081,2021.0,Transit,1002.53
Kepler-1801 b,2.70926154,7.8,10.44089985,0.0915,0.0,5738.0,0.936,0.981,2021.0,Transit,839.332
Kepler-1838 b,1.66049425,3.4,12.14680004,0.11082,0.0,5877.0,1.187,1.963,2021.0,Transit,451.242
Kepler-1839 b,1.9493759,4.46,5.056759834,0.0583,0.0,5926.0,1.03,0.939,2021.0,Transit,1136.6
TOI-530 b,9.30345398,127.1313628,6.387597,0.052,0.0,3659.0,0.53,0.54,2021.0,Transit,148.762
Kepler-1749 b,1.61301783,3.23,14.53409958,0.0956,0.0,3957.0,0.551,0.553,2021.0,Transit,268.2
Kepler-1841 b,1.48912557,2.82,25.88599968,0.1606,0.0,5190.0,0.823,0.899,2021.0,Transit,631.7
Kepler-1842 b,2.35388681,6.14,14.02639961,0.116,0.0,5970.0,1.057,1.131,2021.0,Transit,923.551
HAT-P-43 b,13.63,210.395,3.3326414,0.0444,0.0,5693.0,1.03,1.08,2012.0,Transit,528.825
Kepler-1742 b,2.1782413,5.38,49.47819901,0.2587,0.0,5776.0,0.939,0.849,2021.0,Transit,669.573
Kepler-1743 b,1.59887007,3.18,7.649710178,0.084,0.0,5855.0,1.266,1.613,2021.0,Transit,538.807
Kepler-1741 b,1.273,2.16,2.757590055,0.0296,0.0,3683.0,0.454,0.424,2021.0,Transit,270.739
Kepler-1810 b,3.91815325,14.6,101.1330032,0.4137,0.0,5492.0,0.921,1.016,2021.0,Transit,1009.87
Kepler-1812 b,2.3249424,6.01,7.165219784,0.0765,0.0,6174.0,1.162,1.103,2021.0,Transit,1409.19
Kepler-1845 b,2.43836702,6.52,11.60649967,0.0885,0.0,4703.0,0.686,0.701,2021.0,Transit,710.724
Kepler-1716 b,2.4247685,6.46,35.58100128,0.18836,0.0,4894.0,0.753,0.684,2021.0,Transit,195.439
K2-95 b,3.31,11.0,10.1346454,0.0525,0.16,3566.0,0.41,0.4,2016.0,Transit,179.854
Kepler-1746 b,8.93504475,59.1,321.2120056,0.94082,0.0,6018.0,1.09,1.286,2021.0,Transit,979.541
Kepler-1745 b,1.92872921,4.38,3.016190052,0.0408,0.0,5611.0,0.995,1.4,2021.0,Transit,996.105
Kepler-1814 b,2.36961357,6.21,2.935359955,0.03765,0.0,4922.0,0.79,0.823,2021.0,Transit,726.346
Kepler-1813 b,1.413,2.58,2.818160057,0.0364,0.0,5167.0,0.812,0.787,2021.0,Transit,
Kepler-1815 b,2.7489262,7.99,12.19139957,0.0984,0.0,5516.0,0.856,0.967,2021.0,Transit,1006.63
Kepler-1856 b,1.73447868,3.66,1.302000046,0.0215,0.0,4948.0,0.782,0.816,2021.0,Transit,848.76
K2-101 b,2.0,4.66,14.6762429,0.1124,0.1,4927.0,0.82,0.76,2016.0,Transit,188.33
Kepler-1669 c,1.90120972,4.27,1.609320045,0.0228,0.0,4224.0,0.609,0.603,2021.0,Transit,543.444
Kepler-1165 c,3.36093385,11.2,29.96870041,0.1969,0.0,6249.0,1.13,1.076,2021.0,Transit,1575.2
Kepler-1816 b,1.9679397,4.53,91.50099945,0.35647,0.0,5051.0,0.786,0.706,2021.0,Transit,437.823
Kepler-1847 b,2.74516914,7.97,11.12969971,0.0989,0.0,6122.0,1.041,0.964,2021.0,Transit,1693.86
K2-355 b,2.25,5.69,5.7385647,0.0632,,5790.0,0.96,0.92,2021.0,Transit,500.497
K2-356 b,2.29,5.86,21.0267366,0.1599,,5568.0,0.9,0.86,2021.0,Transit,355.54
Kepler-1757 b,2.94660251,8.99,19.65640068,0.1335,0.0,5288.0,0.828,0.74,2021.0,Transit,807.308
Kepler-1758 b,2.57059831,7.13,9.977210045,0.0919,0.0,5557.0,1.035,1.616,2021.0,Transit,1588.41
Kepler-1819 b,3.90351256,14.5,16.48690033,0.1337,0.0,6090.0,1.173,1.071,2021.0,Transit,1363.19
Kepler-1817 b,2.27349126,5.79,44.29919815,0.2348,0.0,5316.0,0.878,0.915,2021.0,Transit,748.569
K2-357 b,3.72,13.4,16.3488637,0.145,,5794.0,0.98,1.0,2021.0,Transit,517.687
K2-358 b,2.68,7.65,11.2510285,0.0863,,5650.0,0.93,0.91,2021.0,Transit,480.307
Kepler-1731 b,2.93295657,8.92,21.76129913,0.1399,0.0,4859.0,0.781,0.72,2021.0,Transit,169.948
Kepler-1762 b,2.76022913,8.05,29.53910065,0.204,0.0,6572.0,1.298,1.238,2021.0,Transit,1663.74
Kepler-1820 b,3.11883067,9.9,31.03249931,0.1964,0.0,5841.0,1.047,0.931,2021.0,Transit,1425.39
Kepler-1821 b,2.59248115,7.24,16.45809937,0.1244,0.0,5475.0,0.946,0.884,2021.0,Transit,799.699
Kepler-1788 b,2.37850461,6.25,2.800120115,0.0343,0.0,4786.0,0.686,0.704,2021.0,Transit,560.445
Kepler-1859 b,1.58313575,3.13,2.729599953,0.0394,0.0,5887.0,1.09,1.235,2021.0,Transit,1331.25
Kepler-1860 b,1.13863767,1.55,12.73719978,0.10625,0.0,5420.0,0.874,0.868,2021.0,Transit,438.703
K2-184 b,1.47,2.76,16.9780102,0.1685,,5245.0,0.84,0.75,2018.0,Transit,75.5857
Kepler-1712 b,2.28372556,5.83,13.81499958,0.0903,0.0,3732.0,0.515,0.509,2021.0,Transit,156.264
Kepler-1763 b,1.14651332,1.59,1.480280042,0.0257,0.0,5897.0,1.026,1.259,2021.0,Transit,756.486
Kepler-1764 b,4.55527871,18.8,70.46829987,0.3512,0.0,6461.0,1.162,1.131,2021.0,Transit,1542.48
Kepler-1790 b,3.1446145,10.0,31.58889961,0.20989,0.0,5866.0,1.02,1.367,2021.0,Transit,1070.17
Kepler-1791 b,3.12103321,9.91,7.720860004,0.0761,0.0,5887.0,0.985,1.177,2021.0,Transit,602.218
EPIC 220554210 c,1.6,3.19,0.70531,,,5499.0,0.94,1.0,2019.0,Transit,496.289
K2-273 b,3.05,9.53,11.7195663,0.0729,,5161.0,0.89,0.85,2018.0,Transit,308.105
K2-104 b,1.79,3.86,1.9741954,0.0242,0.09,3712.0,0.51,0.48,2016.0,Transit,189.289
Kepler-1792 b,2.51990972,6.89,4.1957798,0.0488,0.0,5229.0,0.878,1.005,2021.0,Transit,601.029
Kepler-1090 c,3.29265785,10.9,42.42720032,0.22622,0.0,5330.0,0.869,1.013,2021.0,Transit,858.77
EPIC 220492298 b,0.99,0.937,0.762406,,,5620.0,0.95,0.89,2021.0,Transit,624.512
EPIC 206024342 c,1.4,2.54,0.911724,,,5724.0,0.928,1.1,2021.0,Transit,369.888
Kepler-1760 b,2.28995546,5.86,38.3260994,0.2084,0.0,5229.0,0.821,0.903,2021.0,Transit,
Kepler-1777 b,2.13189678,5.19,12.18420029,0.10301,0.0,5771.0,0.984,1.068,2021.0,Transit,619.146
K2-275 c,2.21,5.52,8.4388385,0.0881,,4841.0,0.77,0.69,2018.0,Transit,123.438
K2-275 b,2.34,6.08,3.2809626,0.0277,,4841.0,0.77,0.69,2018.0,Transit,123.438
Kepler-1775 b,3.64762153,12.9,85.65399933,0.39565,0.0,5818.0,1.149,1.647,2021.0,Transit,657.023
Kepler-1797 b,3.05774442,9.58,23.3593998,0.1637,0.0,6244.0,1.069,1.009,2021.0,Transit,1338.49
Kepler-1798 b,2.30911251,5.94,16.85589981,0.1082,0.0,3967.0,0.593,0.587,2021.0,Transit,395.196
TIC 172900988 b,11.25,942.0,200.452,0.90281,0.0271,6050.0,1.2384,1.3842,2021.0,Transit,250.956
HD 93385 d,2.89,8.7,45.85,0.2565,0.09,5977.0,1.04,1.18484,2021.0,Radial Velocity,43.3475
OGLE-2018-BLG-0567L b,12.3,101.70509024,,2.72,,,0.25,,2021.0,Microlensing,7060.0
OGLE-2018-BLG-0962L b,13.6,425.89006538,,3.59,,,0.54,,2021.0,Microlensing,6500.0
Kepler-487 d,2.77513568,8.12,2.418390036,0.03445,0.0,5422.0,0.874,0.887,2021.0,Transit,872.343
Kepler-1822 b,2.64755943,7.5,22.13339996,0.1416,0.0,5165.0,0.782,0.702,2021.0,Transit,897.597
Kepler-1823 b,2.0861268,5.0,21.10339928,0.15332,0.0,6000.0,1.068,1.126,2021.0,Transit,724.971
HD 96700 c,1.69,3.5,19.88,0.141,0.293,5845.0,0.89,1.16,2021.0,Radial Velocity,25.4111
HD 96700 d,3.61,12.7,103.5,0.424,0.27,5845.0,0.89,1.16,2021.0,Radial Velocity,25.4111
TOI-2257 b,2.194,5.45,35.189346,0.145,0.496,3430.0,0.328,0.313,2021.0,Transit,57.7911
Kepler-1769 b,4.465,18.2,89.1934967,0.40598,0.0,6071.0,1.061,1.295,2021.0,Transit,438.412
Kepler-1778 b,3.01665969,9.36,10.08740044,0.0956,0.0,6310.0,1.143,1.095,2021.0,Transit,1276.29
Kepler-1824 b,2.38127597,6.26,95.61100006,0.4267,0.0,6002.0,1.135,1.081,2021.0,Transit,1040.1
HD 189567 b,2.85,8.5,14.288,0.111,0.189,5726.0,0.83,1.04,2021.0,Radial Velocity,17.9055
HD 189567 c,2.54,7.0,33.688,0.197,0.16,5726.0,0.83,1.04,2021.0,Radial Velocity,17.9055
HD 137496 c,12.6,2434.56559762,479.9,1.2163,0.477,5799.0,1.04,1.59,2021.0,Radial Velocity,155.317
Kepler-1782 b,2.22927435,5.6,5.756229877,0.05825,0.0,4931.0,0.794,0.734,2021.0,Transit,305.792
Kepler-1784 b,2.79936489,8.24,13.59049988,0.1072,0.0,5442.0,0.887,0.974,2021.0,Transit,883.045
Kepler-1828 b,2.11598626,5.13,10.2737999,0.0924,0.0,5806.0,0.996,0.899,2021.0,Transit,871.81
Kepler-1829 b,2.47887001,6.71,5.186719894,0.0559,0.0,5230.0,0.873,0.777,2021.0,Transit,679.921
Kepler-1776 b,2.61157023,7.33,35.01190186,0.2093,0.0,5872.0,1.041,1.153,2021.0,Transit,690.336
Kepler-1709 b,3.12424875,9.93,65.70459747,0.32704,0.0,5918.0,1.003,1.043,2021.0,Transit,273.946
Kepler-1833 b,1.30027362,2.24,6.892129898,0.07545,0.0,6164.0,1.286,1.446,2021.0,Transit,591.602
TOI-3362 b,12.80065596,1598.3590588,18.09547,0.153,0.815,6532.0,1.445,1.83,2021.0,Transit,366.987
Kepler-1738 b,2.82472883,8.37,7.674630165,0.0781,0.0,6063.0,1.079,1.001,2021.0,Transit,1302.87
Kepler-1739 b,2.43056832,6.48,7.343709946,0.0697,0.0,5757.0,0.865,0.762,2021.0,Transit,783.666
Kepler-1924 b,2.65446572,7.53,15.33170033,0.1216,0.0,5726.0,1.018,1.285,2021.0,Transit,1910.77
Kepler-1925 b,3.00177922,9.28,46.71640015,0.2588,0.0,5856.0,1.057,1.092,2021.0,Transit,1771.31
HATS-76 b,12.09449018,835.570882,1.9416423,0.02658,0.062,4016.0,0.662,0.6259,2021.0,Transit,385.689
Kepler-1130 d,0.64472273,0.202,4.272250175,0.05068,0.0,5450.0,0.944,0.842,2021.0,Transit,249.343
Kepler-1802 c,2.322,6.0,33.13610077,0.1748,0.0,4245.0,0.649,0.637,2021.0,Transit,636.694
Kepler-1942 b,2.1170287,5.13,4.626049995,0.0516,0.0,5834.0,0.852,0.797,2021.0,Transit,842.492
Kepler-1943 b,1.54869189,3.02,4.850180149,0.05975,0.0,6032.0,1.055,0.973,2021.0,Transit,1004.55
Kepler-1927 b,3.40627075,11.5,73.75039673,0.38733,0.0,6056.0,1.408,2.481,2021.0,Transit,1091.0
Kepler-1722 b,2.86719266,8.58,9.178569794,0.0819,0.0,5506.0,0.876,0.788,2021.0,Transit,772.283
HD 69123 b,13.1,982.08977763,1193.3,2.482,0.19,4842.0,1.68,7.72,2022.0,Radial Velocity,75.116
Kepler-1266 c,1.68023962,3.46,4.86631012,0.0506,0.0,4996.0,0.791,0.831,2021.0,Transit,849.312
Kepler-394 d,1.50066814,2.86,5.613580227,0.05904,0.0,6398.0,1.141,1.101,2021.0,Transit,1058.72
Kepler-1944 b,2.75971163,8.05,9.842579842,0.0918,0.0,5585.0,1.064,0.972,2021.0,Transit,1076.48
Kepler-1945 b,1.289,2.21,6.080039978,0.0597,0.0,4991.0,0.767,0.804,2021.0,Transit,
Kepler-1946 b,2.48812698,6.75,3.035190105,0.0394,0.0,5505.0,0.887,0.873,2021.0,Transit,1002.12
Kepler-1929 b,3.07250761,9.65,59.36249924,0.30883,0.0,5786.0,1.006,1.471,2021.0,Transit,508.201
Kepler-913 c,3.8580709,14.2,5.939119816,0.0699,0.0,6068.0,1.294,1.797,2021.0,Transit,991.618
Kepler-324 e,2.03862444,235.014,13.97939968,0.10972,0.0,5191.0,0.844,0.826,2021.0,Transit,501.574
Kepler-1727 b,3.17321625,10.2,9.029299736,0.0796,0.0,5349.0,0.824,0.82,2021.0,Transit,894.187
Kepler-1931 b,2.65323514,7.53,38.5760994,0.23329,0.0,6167.0,1.174,1.221,2021.0,Transit,620.091
Kepler-1530 d,3.27870115,10.8,9.20761013,0.08276,0.0,5678.0,1.015,1.303,2021.0,Transit,489.876
Kepler-1932 b,1.51482218,2.91,0.524177015,0.0123,0.0,5278.0,0.911,0.815,2021.0,Transit,713.733
YZ Cet b,0.913,0.7,2.02087,0.01634,0.06,3151.0,0.142,0.157,2017.0,Radial Velocity,3.71207
YZ Cet c,1.05,1.14,3.05989,0.02156,0.0,3151.0,0.142,0.157,2017.0,Radial Velocity,3.71207
Kepler-281 d,5.93747806,654.0,148.2720032,0.5456,0.0,5717.0,0.984,0.884,2021.0,Transit,1745.45
Kepler-495 c,1.21936414,1.98,5.896609783,0.0614,0.0,5392.0,0.888,1.087,2021.0,Transit,658.924
Kepler-501 c,1.68119739,3.47,3.622760057,0.0467,0.0,5794.0,1.032,1.216,2021.0,Transit,1125.24
Kepler-196 d,2.66065673,7.56,122.0800018,0.4545,0.0,5132.0,0.805,0.77,2021.0,Transit,451.312
Kepler-1950 b,1.52696349,2.95,10.77690029,0.0871,0.0,5455.0,0.759,0.852,2021.0,Transit,697.253
Kepler-1899 b,1.55098292,3.02,4.095779896,0.0457,0.0,4791.0,0.759,0.742,2021.0,Transit,711.509
Kepler-1869 b,1.11955354,1.46,8.167360306,0.07976,0.0,5808.0,0.987,0.902,2021.0,Transit,113.025
Kepler-1312 c,1.02732734,1.07,1.116119981,0.02103,0.0,5721.0,0.983,0.905,2021.0,Transit,299.104
Kepler-1952 b,1.23923346,2.07,27.21080017,0.1724,0.0,5973.0,0.922,1.305,2021.0,Transit,852.062
Kepler-1728 b,2.95501875,9.04,4.782999992,0.0535,0.0,5170.0,0.891,0.807,2021.0,Transit,651.783
Kepler-1926 b,2.31495961,5.97,42.87770081,0.2197,0.0,5256.0,0.768,0.832,2021.0,Transit,667.405
Kepler-1729 b,3.89404186,14.4,4.220970154,0.0418,0.0,3837.0,0.544,0.517,2021.0,Transit,576.181
Kepler-1972 b,0.802,2.02,7.54425,0.08006,0.067,5818.0,1.12,1.384,2022.0,Transit,287.339
Kepler-1321 d,2.62843782,7.41,5.720920086,0.0501,0.0,3640.0,0.513,0.503,2021.0,Transit,769.146
Kepler-1600 c,1.94206512,4.43,7.298049927,0.06961,0.0,5119.0,0.818,0.834,2021.0,Transit,1030.81
Kepler-1954 b,1.80235934,3.9,5.883430004,0.0625,0.0,5840.0,0.942,0.849,2021.0,Transit,1373.83
Kepler-1730 b,4.48524519,18.4,13.81019974,0.1131,0.0,5942.0,1.009,1.142,2021.0,Transit,1427.08
Kepler-1721 b,3.11856756,9.9,4.592380047,0.0519,0.0,5351.0,0.89,0.796,2021.0,Transit,641.374
Kepler-1887 b,2.92454357,8.88,19.94750023,0.1421,0.0,5749.0,0.961,0.864,2021.0,Transit,1366.18
Kepler-1958 b,2.05124311,4.86,9.328619957,0.0856,0.0,5749.0,0.961,0.864,2021.0,Transit,1320.38
Kepler-1726 b,2.50861954,6.84,18.39629936,0.12794,0.0,5316.0,0.876,0.804,2021.0,Transit,390.552
Kepler-1723 b,2.88046569,8.65,39.75289917,0.2249,0.0,6072.0,0.96,1.01,2021.0,Transit,811.278
Kepler-1705 b,2.03,4.47,9.03502,0.08,0.033,6312.0,1.139,1.259,2021.0,Transit,1633.49
OGLE-2019-BLG-0960L b,1.39,2.5,,1.9,,,0.5,,2021.0,Microlensing,980.0
Kepler-1890 b,0.86867375,0.587,4.820590019,0.05712,0.0,6046.0,1.024,1.396,2021.0,Transit,529.596
Kepler-1892 b,1.83707938,4.03,6.331230164,0.0633,0.0,5383.0,0.851,0.759,2021.0,Transit,851.595
Kepler-1959 b,1.14315727,1.57,6.38669014,0.0617,0.0,5071.0,0.768,0.811,2021.0,Transit,479.263
Kepler-1960 b,1.30749704,2.26,2.297940016,0.0354,0.0,6371.0,1.117,1.072,2021.0,Transit,1527.56
Kepler-457 d,2.98467257,9.19,10.6906004,0.0996,0.0,6474.0,1.148,1.242,2021.0,Transit,1072.3
Kepler-633 c,2.296,5.89,23.78319931,0.16246,0.0,5877.0,0.997,1.265,2021.0,Transit,680.54
Kepler-1861 b,2.20677414,5.5,40.0306015,0.24082,0.0,5855.0,1.161,1.373,2021.0,Transit,829.985
Kepler-1863 b,2.26309256,5.74,44.99760056,0.23678,0.0,5871.0,1.097,0.983,2021.0,Transit,865.546
Kepler-1895 b,2.11934728,5.14,6.070290089,0.0615,0.0,5076.0,0.86,0.763,2021.0,Transit,984.187
Kepler-1911 b,1.011,1.01,5.990799904,0.0636,0.0,5721.0,0.954,0.972,2021.0,Transit,269.912
Kepler-1865 b,1.57686072,3.11,2.524009943,0.0344,0.0,5420.0,0.849,0.871,2021.0,Transit,922.255
Kepler-1866 b,2.08215108,4.99,11.66009998,0.1016,0.0,5791.0,1.03,1.083,2021.0,Transit,976.737
Kepler-1897 b,2.81407954,8.32,24.22030067,0.1546,0.0,5165.0,0.859,0.761,2021.0,Transit,983.174
Kepler-1896 b,3.09935997,9.8,44.87020111,0.2529,0.0,6122.0,1.07,0.996,2021.0,Transit,1732.91
Kepler-1967 b,0.73022577,0.315,7.281690121,0.06686,0.0,4970.0,0.996,1.806,2021.0,Transit,249.102
b Cen AB b,12.4,3464.3296363,1790000.0,556.0,0.4,,5.5,,2021.0,Imaging,98.0935
OGLE-2018-BLG-0532L b,2.37,6.228,,1.064,,,0.195,,2020.0,Microlensing,773.0
Kepler-1867 b,1.15985997,1.65,9.887359619,0.0872,0.0,5693.0,0.911,0.816,2021.0,Transit,680.583
Kepler-1868 b,3.14950109,10.1,211.0339966,0.62348,0.0,4658.0,0.743,0.686,2021.0,Transit,274.18
Kepler-1903 b,2.28642395,5.85,17.0678997,0.1321,0.0,6347.0,1.053,0.996,2021.0,Transit,1775.44
Kepler-1969 b,1.68161001,3.47,6.647520065,0.0717,0.0,6046.0,1.111,1.007,2021.0,Transit,1204.54
Kepler-1968 b,1.50004034,2.86,7.281099796,0.0696,0.0,5008.0,0.844,0.788,2021.0,Transit,750.93
Kepler-1871 b,2.42172881,6.44,1.952700019,0.0308,0.0,5741.0,1.02,0.946,2021.0,Transit,854.623
Kepler-1872 b,2.38421141,6.28,3.825910091,0.0465,0.0,5223.0,0.913,0.885,2021.0,Transit,840.182
Kepler-1906 b,2.77615754,8.13,7.362689972,0.0738,0.0,5868.0,0.987,0.894,2021.0,Transit,1360.63
Kepler-1907 b,0.86973029,0.589,5.652450085,0.05444,0.0,5159.0,0.752,0.8,2021.0,Transit,292.111
Kepler-1913 b,1.51852059,2.92,14.1960001,0.1209,0.0,6214.0,1.169,1.076,2021.0,Transit,876.3
HD 79181 b,14.1,203.41018048,273.1,0.9,0.259,4862.0,1.28,11.06,2021.0,Radial Velocity,103.335
HD 10975 b,14.3,143.02278315,283.8,0.95,0.442,4840.0,1.41,11.16,2021.0,Radial Velocity,116.506
HD 99283 b,13.8,308.29355479,310.4,1.08,0.2,4886.0,1.76,11.21,2021.0,Radial Velocity,111.093
Kepler-1873 b,1.62573811,3.28,0.558842003,0.0128,0.0,5151.0,0.903,0.792,2021.0,Transit,820.957
Kepler-1874 b,2.21110724,5.52,56.57320023,0.2633,0.0,4701.0,0.758,0.775,2021.0,Transit,408.007
Kepler-1909 b,1.09217411,1.33,2.391609907,0.0306,0.0,4935.0,0.663,0.685,2021.0,Transit,763.662
Kepler-1717 b,2.98929758,9.21,30.65279961,0.2014,0.0,6200.0,1.158,1.64,2021.0,Transit,1008.79
Kepler-1917 b,1.88971288,4.23,12.90240002,0.103,0.0,5530.0,0.882,0.788,2021.0,Transit,909.037
Kepler-1918 b,2.29763023,5.89,47.0564003,0.2524,0.0,5889.0,0.967,0.924,2021.0,Transit,1030.11
ups Leo b,14.2,162.09248757,385.2,1.18,0.32,4836.0,1.48,11.22,2021.0,Radial Velocity,52.5973
HD 219139 b,14.0,247.90615746,275.5,0.94,0.11,4831.0,1.46,11.22,2021.0,Radial Velocity,104.935
Kepler-616 d,2.653,7.52,51.06740189,0.2749,0.0,6004.0,1.061,0.977,2021.0,Transit,945.775
Kepler-534 c,1.227,2.02,7.378689766,0.0761,0.0,5936.0,1.075,0.965,2021.0,Transit,570.659
Kepler-1919 b,2.62390658,7.38,37.88660049,0.2107,0.0,5513.0,0.868,0.818,2021.0,Transit,1177.53
Kepler-1488 c,1.65156749,3.37,6.158269882,0.06959,0.0,5710.0,1.003,1.524,2021.0,Transit,905.825
gam Psc b,13.6,425.89006538,555.1,1.32,0.204,4742.0,0.99,11.2,2021.0,Radial Velocity,41.3107
HIP 34222 b,13.9,263.79757781,159.986,0.492,0.305,4050.0,0.62,0.6186,2021.0,Radial Velocity,22.8386
Kepler-1881 b,2.98104391,9.17,159.3939972,0.53325,0.0,5135.0,0.812,0.874,2021.0,Transit,1057.21
Kepler-1879 b,2.06512018,4.92,10.61340046,0.0957,0.0,5865.0,1.023,1.388,2021.0,Transit,627.171
Kepler-1934 b,0.91307734,0.702,1.419759989,0.02466,0.0,5925.0,0.968,1.035,2021.0,Transit,428.514
Kepler-1935 b,2.50271696,6.82,3.951400042,0.0463,0.0,5570.0,0.845,0.899,2021.0,Transit,904.702
Kepler-1921 b,2.89459458,8.72,20.03479958,0.15865,0.0,6120.0,1.251,2.0,2021.0,Transit,928.989
HIP 86221 b,14.0,225.65816897,2.224,0.031,0.086,,0.79,,2021.0,Radial Velocity,29.4898
Kepler-1883 b,3.25107395,10.6,103.427002,0.4438,0.0,6208.0,1.086,1.024,2021.0,Transit,1377.61
Kepler-1938 b,1.82828927,4.0,13.06260014,0.0938,0.0,4522.0,0.646,0.655,2021.0,Transit,421.152
TOI-1268 b,9.1,96.4,8.1577094,0.0711,0.105,5300.0,0.96,0.92,2022.0,Transit,109.557
K2-25 b,3.44,24.5,3.48456408,0.0287,0.428,3207.0,0.2634,0.2932,2015.0,Transit,44.9565
TOI-2136 b,2.19,6.37,7.851928,0.057,0.0,3342.0,0.34,0.34,2022.0,Transit,33.3631
K2-382 b,2.072,4.95,21.700156,,,5452.0,0.922,0.811,2022.0,Transit,278.412
K2-376 b,1.736,3.66,5.776475,,,5937.0,0.908,1.149,2022.0,Transit,161.61
iot Dra b,12.4,3756.73177074,510.8544,1.453,0.701,4504.0,1.54,11.79,2002.0,Radial Velocity,31.32832
CoRoT-35 b,18.83108758,349.6112477,3.22748,0.0429,0.0,6390.0,1.01,1.65,2022.0,Transit,1123.21
CoRoT-36 b,15.80466279,216.12331676,5.616531,0.066,0.0,6730.0,1.32,1.52,2022.0,Transit,925.958
K2-383 b,1.564,3.07,1.865962,,,5129.0,1.061,0.804,2022.0,Transit,203.788
K2-366 b,2.359,6.16,15.937039,,,5601.0,0.825,0.94,2022.0,Transit,185.947
iot Dra c,12.2,4958.1231492,25000.0,19.4,0.455,4504.0,1.54,11.79,2021.0,Radial Velocity,31.32832
K2-373 b,2.061,4.9,11.02066,,,6138.0,1.158,1.486,2022.0,Transit,229.567
K2-367 b,2.413,6.41,20.645099,,,4348.0,0.756,0.625,2022.0,Transit,176.965
HD 160691 c,,1398.4449908,3947.0,4.17,0.039,5773.0,1.13,1.33,2004.0,Radial Velocity,15.5981
HD 160691 d,3.23,10.49,9.6392,0.0952,0.0,5773.0,1.13,1.33,2004.0,Radial Velocity,15.5981
K2-384 f,2.222,5.57,13.62749,,,3623.0,0.33,0.348,2022.0,Transit,82.6603
K2-369 b,1.313,2.28,5.761612,,,5682.0,0.735,0.881,2022.0,Transit,185.55
TOI-620 b,3.76,13.6,5.0988179,0.04825,0.22,3708.0,0.577,0.55,2022.0,Transit,33.0231
AB Aur b,12.5,2860.455663,,93.9,0.4,9770.0,2.4,2.95887,2022.0,Imaging,162.127
HD 33142 b,13.7,400.46379282,330.0,1.074,0.049,5025.4,1.52,4.17,2011.0,Radial Velocity,121.375
K2-384 e,1.345,2.37,9.715043,,,3623.0,0.33,0.348,2022.0,Transit,82.6603
K2-371 b,13.024,,3.114905,,,4925.0,0.958,0.736,2022.0,Transit,442.813
K2-372 b,2.945,8.98,9.844077,,,5479.0,0.847,0.922,2022.0,Transit,463.88
TYC 2187-512-1 b,12.5,104.88337431,691.9,1.22,0.05,3734.0,0.498,0.495,2022.0,Radial Velocity,15.4744
TOI-1246 b,3.01,8.1,4.30744,0.049,,5151.0,0.87,0.86,2022.0,Transit,169.422
HD 160691 e,,2224.798849,307.9,0.96,0.0666,5773.0,1.13,1.33,2006.0,Radial Velocity,15.5981
K2-393 b,2.352,6.13,10.413181,,,5678.0,0.881,1.071,2022.0,Transit,265.914
K2-375 b,2.243,5.66,14.453895,,,5822.0,1.119,1.543,2022.0,Transit,696.1
HIP 94235 b,3.0,379.0,7.713057,0.0787,0.32,5991.0,1.094,1.08,2022.0,Transit,58.5146
KOI-984 c,14.1,209.8,21.512,0.1467,0.38,5295.0,0.928,0.818,2022.0,Transit Timing Variations,252.667
K2-389 c,2.04,4.82,20.851337,,,5782.0,0.802,1.084,2022.0,Transit,259.208
K2-390 b,4.662,19.6,3.312792,,,5558.0,0.789,0.966,2022.0,Transit,456.122
HD 73583 b,2.79,10.2,6.398042,0.0604,0.09,4511.0,0.73,0.65,2022.0,Transit,31.5666
HD 103891 b,13.2,918.52409623,1919.0,3.27,0.31,6072.0,1.28,2.22,2022.0,Radial Velocity,55.5213
HD 105779 b,14.1,203.41018048,2412.0,3.38,0.0,5792.0,0.89,0.94,2022.0,Radial Velocity,55.2411
HD 33142 d,9.32,63.5656814,89.9,0.452,0.191,5025.4,1.52,4.17,2022.0,Radial Velocity,121.375
HD 19615 b,12.6,2701.5414595,402.0,1.1,0.2,4263.0,1.1,32.3,2022.0,Radial Velocity,265.155
K2-391 b,1.371,2.45,4.622654,,,5543.0,0.757,0.566,2022.0,Transit,507.94
HD 73583 c,2.39,9.7,18.87974,0.1242,0.08,4511.0,0.73,0.65,2022.0,Transit,31.5666
GJ 411 b,1.45,2.69,12.9394,0.07879,0.063,3719.0,0.3899,0.3685,2019.0,Radial Velocity,5.675773
TOI-1064 c,2.651,2.5,12.226574,0.09429,0.088,4734.0,0.748,0.726,2022.0,Transit,68.0726
K2-316 b,1.33,2.33,1.133,0.0147,,3436.0,0.408,0.379,2020.0,Transit,112.486
HD 95735 c,3.76,13.6,2946.0,2.94,0.132,3719.0,0.3899,0.3685,2021.0,Radial Velocity,5.675773
TOI-2669 b,19.72780603,193.87532827,6.2034,,0.09,4800.0,1.19,4.1,2022.0,Transit,393.443
TOI-4329 b,16.81347105,143.02278315,2.9223,,0.068,6000.0,1.538,2.31,2022.0,Transit,717.128
K2-397 b,2.417,6.42,3.572326,,,5387.0,0.937,0.966,2022.0,Transit,199.354
K2-316 c,1.83,4.01,5.26,0.0582,,3436.0,0.408,0.379,2020.0,Transit,112.486
TOI-2046 b,16.14093221,731.0053361,1.4971842,,,6250.0,1.13,1.21,2022.0,Transit,289.668
Kepler-1656 c,14.0,126.4,1919.0,3.053,0.527,5569.0,1.03,1.1,2022.0,Radial Velocity,185.875
TOI-206 b,1.3,2.24,0.7363104,0.0112,,3383.0,0.35,0.35,2022.0,Transit,47.7465
K2-398 c,5.098,22.8,18.787839,,,5946.0,0.945,1.239,2022.0,Transit,606.992
K2-319 b,2.79,8.2,26.68,0.1516,,5440.0,0.954,0.898,2020.0,Transit,209.071
mu2 Sco b,12.3,4576.7290608,,242.4,0.56,21700.0,9.1,5.6,2022.0,Imaging,
TOI-1693 b,1.41,2.57,1.7666957,0.0226,,3499.0,0.49,0.46,2022.0,Transit,30.7947
K2-402 b,2.678,7.65,17.27474,,,5716.0,0.944,1.28,2022.0,Transit,523.055
K2-323 b,2.1,5.06,24.93,0.1275,,3710.0,0.478,0.549,2020.0,Transit,118.318
HD 81040 b,12.6,2301.07766668,1002.7,1.946,0.525,5755.0,0.99,0.91,2005.0,Radial Velocity,34.4341
HD 171238 b,12.5,2796.8899816,1515.0,2.518,0.358,5467.0,0.92,1.01,2009.0,Radial Velocity,44.8113
HD 87883 b,12.7,2005.49724817,3006.0,3.77,0.72,4980.0,0.8,0.798557,2009.0,Radial Velocity,18.2912
TOI-2411 b,1.68,3.46,0.7826942,0.0144,,4099.0,0.65,0.68,2022.0,Transit,59.5362
TOI-2427 b,1.8,3.89,1.3060011,0.0202,,4072.0,0.64,0.65,2022.0,Transit,28.5147
K2-404 b,2.53,6.94,13.115365,,,3748.0,0.552,0.552,2022.0,Transit,121.63
K2-325 b,2.2,5.48,6.93,0.0419,,3287.0,0.274,0.298,2020.0,Transit,111.638
HD 106515 A b,12.1,6006.9568923,3626.0,4.48,0.571,5362.0,0.89,0.91,2012.0,Radial Velocity,34.0915
KMT-2017-BLG-2509L b,13.4,664.26137063,,2.14,,,0.46,,2021.0,Microlensing,7040.0
K2-406 b,4.602,19.2,22.549406,,,5784.0,0.798,0.961,2022.0,Transit,85.3751
K2-326 b,2.28,5.82,1.256,0.0198,,3924.0,0.507,0.688,2020.0,Transit,282.308
TOI-5153 b,11.88151954,1036.12060682,20.33003,0.158,0.091,6300.0,1.24,1.4,2022.0,Transit,390.484
NGTS-20 b,11.99360935,947.12865286,54.18915,0.313,0.432,5980.0,1.47,1.78,2022.0,Transit,382.898
HD 29021 b,12.9,1420.69297929,1365.0,2.294,0.453,5560.0,0.86,0.85,2017.0,Radial Velocity,30.9939
KMT-2021-BLG-0912L b,1.49,2.81,,3.14,,,0.8,,2022.0,Microlensing,5560.0
K2-407 c,1.36,2.42,9.22453,,,5563.0,0.881,0.927,2022.0,Transit,218.376
K2-199 b,1.73,6.9,3.2253993,0.0382,0.02,4491.0,0.711,0.682,2018.0,Transit,107.518
Ross 508 b,1.83,4.0,10.77,0.05366,0.33,3071.0,0.1774,0.2113,2022.0,Radial Velocity,11.2103
K2-387 b,7.322,42.2,28.735327,,,3572.0,0.57,0.585,2022.0,Transit,266.318
K2-374 b,1.593,3.16,4.521953,,,5789.0,0.731,0.907,2022.0,Transit,359.439
HD 136118 b,12.3,4164.18778851,1187.59765,2.327,0.344,6097.0,1.18,1.67754,2022.0,Radial Velocity,51.4359
HD 140901 b,4.07,15.57359194,9.02378,0.085,0.472,5610.0,0.99,0.95,2022.0,Radial Velocity,15.2528
HD 93351 c,12.3,4154.01727949,14010.2941,11.154,0.109,5408.0,0.94,0.911435,2022.0,Radial Velocity,56.163
GJ 2030 b,2.03,4.76742611,2.38129,0.034,0.239,5485.0,0.96,2.24104,2022.0,Radial Velocity,37.0788
TOI-2570 b,13.64132951,260.61929374,2.9887615,0.04145,0.0,5771.0,1.063,1.095,2022.0,Transit,361.857
HD 113337 b,13.1,1035.80277841,317.58639,1.022,0.28,6774.0,1.41,1.5,2013.0,Radial Velocity,36.18
HIP 97233 b,12.1,6098.17364511,1062.26506,2.491,0.63,5020.0,1.81,5.34,2014.0,Radial Velocity,102.275
HD 144899 b,4.77,20.34101805,40.43914,0.242,0.821,6126.0,1.16,1.64802,2022.0,Radial Velocity,115.665
HD 142 A d,10.9,82.63538582,108.45299,0.474,0.13,6245.0,1.21,1.47,2022.0,Radial Velocity,26.1853
GJ 2030 c,12.3,4069.15709482,25533.11353,16.761,0.041,5485.0,0.96,2.24104,2022.0,Radial Velocity,37.0788
GJ 3222 b,3.4,11.44182265,10.66669,0.091,0.929,5257.46,0.89,0.931389,2022.0,Radial Velocity,18.23817
GJ 680 b,12.0,7977.4930157,17281.66514,10.138,0.381,3563.0,0.456,0.45933,2022.0,Radial Velocity,9.67315
TOI-3540 A b,23.53885947,375.03752026,3.119999,0.04289,0.0,5810.0,1.081,1.228,2022.0,Transit,
TOI-3331 A b,12.97999965,721.47048389,2.0180231,0.03144,0.0,5609.0,1.016,0.952,2022.0,Transit,217.193
TOI-3693 b,12.59889431,324.18497514,9.088516,0.0813,0.0,5321.0,0.867,0.791,2022.0,Transit,176.436
HD 145934 b,13.4,658.5404593,2751.53433,4.89,0.078,4823.75,2.058,6.930587,2015.0,Radial Velocity,227.881
HD 151450 b,6.94,38.45723725,21.89288,0.16,0.496,6091.98,1.14,1.17184,2022.0,Radial Velocity,43.6002
HD 149806 b,12.3,4003.68444298,16521.52778,12.404,0.357,5352.05,0.93,0.89,2022.0,Radial Velocity,20.2727
HD 151450 c,12.8,1636.18063924,18144.76236,14.131,0.138,6091.98,1.14,1.17184,2022.0,Radial Velocity,43.6002
HD 115404 A b,6.09,30.82935548,10.49488,0.088,0.232,5019.17,0.83,0.727007,2022.0,Radial Velocity,10.9816
TOI-2196 b,3.51,26.0,1.1947268,0.02234,0.0,5634.0,1.032,1.043,2022.0,Transit,259.947
HD 191806 b,12.5,2966.61035094,1603.38923,2.749,0.213,6010.0,1.07,1.40223,2016.0,Radial Velocity,65.6668
HD 153557 c,4.36,17.48056238,15.27018,0.111,0.511,4837.0,0.79,0.745171,2022.0,Radial Velocity,17.9412
HD 153557 d,11.9,8725.66108578,40654.64809,21.449,0.152,4837.0,0.79,0.745171,2022.0,Radial Velocity,17.9412
HD 12235 c,12.5,3135.69506346,36336.70679,22.21,0.174,5986.0,1.1,1.80185,2022.0,Radial Velocity,31.7627
HD 56414 b,3.71,13.3,29.04992,0.229,0.68,8500.0,1.89,1.751,2022.0,Transit,272.217
GJ 896 A b,13.3,718.29219982,284.39,0.63965,0.35,3345.0,0.43599,0.394682,2022.0,Astrometry,6.26022
GJ 676 A c,12.3,4288.14086724,13921.42302,9.726,0.295,3734.0,0.626,0.69,2016.0,Radial Velocity,16.0272
HD 219828 c,12.2,5102.41724598,4789.87297,5.657,0.811,5891.0,1.04,1.56,2016.0,Radial Velocity,73.114
HD 72892 b,12.8,1737.88572948,39.44603,0.228,0.419,5688.0,1.01,1.22,2016.0,Radial Velocity,69.7311
HD 155918 b,2.67,7.62788177,1.87567,0.03,0.194,5771.84,1.03,1.01906,2022.0,Radial Velocity,27.561
TOI-2048 b,2.61,7.32,13.79019,,0.13,5185.0,0.83,0.79,2022.0,Transit,116.567
HD 111232 b,12.6,2531.50326176,1169.13202,2.148,0.214,5512.0,0.96,0.9,2003.0,Radial Velocity,28.9571
HD 10697 b,12.8,1825.2885414,1075.3799,2.051,0.104,5641.0,0.99,1.863076,1999.0,Radial Velocity,33.1205
HD 125612 b,13.2,945.22168242,557.69994,1.349,0.446,5900.0,1.05,1.07,2007.0,Radial Velocity,57.6207
HIP 67537 b,12.3,4309.11754211,2523.64713,4.807,0.586,4985.0,2.316,8.69,2017.0,Radial Velocity,116.046
HD 156098 c,12.8,1661.6069118,7841.5839,8.415,0.391,6419.19,1.29,2.75716,2022.0,Radial Velocity,48.249
HD 156098 b,4.12,15.89142035,21.85849,0.167,0.109,6419.19,1.29,2.75716,2022.0,Radial Velocity,48.249
HD 168863 b,12.7,2154.87659946,14773.93272,10.961,0.187,4905.0,0.8,0.777826,2022.0,Radial Velocity,39.8979
HIP 19976 b,4.94,21.61233168,50.65905,0.234,0.304,4316.0,0.67,0.772319,2022.0,Radial Velocity,40.2707
HD 203387 c,12.6,2378.9456264,2481.07227,5.067,0.202,5174.32,2.817,10.5852,2022.0,Radial Velocity,61.7477
HIP 35965 b,12.6,2589.98368864,26125.56497,15.898,0.138,4836.0,0.78,0.697551,2022.0,Radial Velocity,50.1677
HD 125612 c,4.07,15.57359194,4.15466,0.051,0.149,5900.0,1.05,1.07,2009.0,Radial Velocity,57.6207
HD 125612 d,12.7,2281.37230545,2822.72698,3.982,0.115,5900.0,1.05,1.07,2009.0,Radial Velocity,57.6207
HD 156279 c,12.5,3098.82696825,4818.25358,5.486,0.261,5453.0,0.94,0.95,2016.0,Radial Velocity,36.1945
HD 27894 d,12.7,2063.65984665,5019.54244,5.362,0.343,4875.0,0.81,0.891767,2017.0,Radial Velocity,43.8214
HD 181234 b,12.5,2980.91262925,7593.40512,7.427,0.726,5386.0,0.94,1.059423,2019.0,Radial Velocity,47.7458
HD 18143 b,3.28,10.80616584,10.2851,0.088,0.224,5078.0,0.85,0.87,2022.0,Radial Velocity,22.5243
HIP 948 b,12.1,6547.2651842,24955.45756,15.037,0.23,4497.0,0.71,0.688488,2022.0,Radial Velocity,34.8523
HD 139357 b,12.1,6315.5682755,1124.79139,2.949,0.099,4700.0,2.69,11.47,2008.0,Radial Velocity,112.09
HD 25015 b,12.5,2884.92845034,6134.427,6.248,0.341,5160.0,0.86,0.83,2019.0,Radial Velocity,37.433
HD 188641 b,11.9,9333.03117155,14583.81038,12.027,0.034,5897.32,1.07,1.94492,2022.0,Radial Velocity,64.3399
HD 168443 b,12.6,2424.3950886,58.11187,0.292,0.53,5491.0,0.98,1.711479,1998.0,Radial Velocity,39.6245
HD 156279 b,12.5,2997.75753482,133.40355,0.502,0.647,5453.0,0.94,0.95,2011.0,Radial Velocity,36.1945
HD 168443 c,12.2,5500.33841154,1753.1096,2.842,0.21,5491.0,0.98,1.711479,2000.0,Radial Velocity,39.6245
GJ 229 A c,2.87,8.58136699,121.93268,0.384,0.366,3564.0,0.509,0.46,2020.0,Radial Velocity,5.75624
HD 81817 b,12.0,7668.5638041,1021.20159,3.233,0.097,4140.0,4.3,83.8,2020.0,Radial Velocity,269.126
HD 204313 e,12.2,4868.17771002,7325.64666,7.457,0.253,5767.0,1.03,1.1,2022.0,Radial Velocity,47.7945
HD 169830 c,12.6,2437.42605328,1818.82339,3.075,0.246,6300.0,1.17,1.935709,2003.0,Radial Velocity,37.6048
HIP 56640 b,12.7,2151.69831539,2675.57603,4.55,0.118,4769.0,1.75,4.93,2021.0,Radial Velocity,122.324
HD 213519 b,2.99,9.2170238,11.12214,0.099,0.413,5840.0,1.05,1.08287,2022.0,Radial Velocity,41.0014
HD 217786 c,2.61,7.31005336,2.52221,0.038,0.399,5966.0,1.14,1.27,2022.0,Radial Velocity,55.4847
TOI-3629 b,8.29464572,82.63538582,3.936551,0.043,0.05,3870.0,0.63,0.6,2022.0,Transit,130.091
HD 183263 c,12.5,2958.98246917,4667.97841,5.585,0.051,5948.0,1.06,1.23,2008.0,Radial Velocity,54.1955
HD 66428 c,13.5,560.64930995,10478.84437,9.408,0.207,5716.0,1.01,1.13,2021.0,Radial Velocity,53.2817
HD 80869 b,12.8,1609.80088146,1752.92067,2.905,0.924,5837.0,1.06,1.062,2021.0,Radial Velocity,85.3951
HD 25912 b,6.9,38.13940884,41.83156,0.242,0.05,5920.58,1.08,0.995896,2022.0,Radial Velocity,49.1661
HD 217958 b,14.2,166.54208527,2560.19774,3.758,0.156,5930.64,1.08,1.32619,2022.0,Radial Velocity,61.7957
HD 25912 c,12.2,5252.75008249,26308.65619,17.848,0.051,5920.58,1.08,0.995896,2022.0,Radial Velocity,49.1661
HD 109988 b,12.1,6935.33366915,17132.15854,12.518,0.056,5185.97,0.88,0.869694,2022.0,Radial Velocity,42.5279
HD 28192 b,12.2,99.7981198,14.23283,0.118,0.104,5919.87,1.08,1.07094,2022.0,Radial Velocity,49.8063
HD 43197 c,12.6,2500.67390628,9295.9735,8.54,0.149,5508.0,0.96,1.0,2022.0,Radial Velocity,62.4112
HD 38529 b,14.1,206.58846455,14.3099,0.115,0.256,5697.0,0.98,2.857838,2000.0,Radial Velocity,42.3538
HD 38529 c,12.5,3299.05886466,2127.60566,3.226,0.357,5697.0,0.98,2.857838,2000.0,Radial Velocity,42.3538
HD 110537 b,11.9,8612.83200129,24469.67342,16.714,0.401,5718.0,1.02,1.16626,2022.0,Radial Velocity,45.0858
HD 56957 b,12.8,1880.90851263,5859.08992,6.426,0.273,5743.0,1.03,1.77793,2022.0,Radial Velocity,61.4925
HD 62364 c,12.0,7923.46218651,74839.94555,36.984,0.773,6255.0,1.19,1.401,2022.0,Radial Velocity,53.112
TOI-712 c,2.701,7.76,51.69906,0.2447,0.089,4622.0,0.732,0.674,2022.0,Transit,58.6212
TOI-712 d,2.474,6.68,84.8396,0.3405,0.073,4622.0,0.732,0.674,2022.0,Transit,58.6212
HD 43197 b,14.2,175.75910907,308.92072,0.882,0.742,5508.0,0.96,1.0,2010.0,Radial Velocity,62.4112
HD 4113 b,13.5,541.26177712,526.5239,1.28,0.899,5688.0,1.008,1.077514,2007.0,Radial Velocity,41.8727
HD 111232 c,12.2,5740.93451564,26472.44623,17.25,0.558,5512.0,0.96,0.9,2022.0,Radial Velocity,28.9571
HD 62549 b,12.6,2707.58019923,14306.88519,11.842,0.15,5930.46,1.08,1.23227,2022.0,Radial Velocity,49.3305
TOI-1452 b,1.672,4.82,11.06201,0.061,0.0,3185.0,0.249,0.275,2022.0,Transit,30.5212
KMT-2021-BLG-0171L b,3.35,11.2,,3.5,,5200.0,0.78,,2022.0,Microlensing,4600.0
HD 73267 b,13.0,1321.53051631,1257.99159,2.229,0.261,5387.0,0.93,0.909,2008.0,Radial Velocity,50.4093
HD 11505 b,12.6,2510.52658689,32669.22247,20.247,0.144,5757.15,1.03,1.19568,2022.0,Radial Velocity,38.9679
HD 80913 b,12.0,7505.2000029,10839.83341,9.95,0.313,6013.24,1.11,1.6542,2022.0,Radial Velocity,61.3603
HD 81817 c,12.0,7185.78245386,622.97802,2.325,0.095,4140.0,4.3,83.8,2022.0,Radial Velocity,269.126
TOI-2207 b,11.1529358,203.41018048,8.001968,0.0854,0.174,6101.0,1.296,1.564,2022.0,Transit,373.345
HD 86264 b,12.5,3117.26101586,1488.79123,2.763,0.821,6210.0,1.26,1.88,2009.0,Radial Velocity,67.8107
HD 7449 b,12.6,2597.92939882,1270.55195,2.438,0.752,6024.0,1.196,0.97,2011.0,Radial Velocity,38.662
HD 8673 b,12.3,4210.59073594,1644.69097,2.97,0.73,6389.05,1.28,1.50225,2009.0,Radial Velocity,37.8619
HD 127506 b,5.67,27.333243,65.78395,0.287,0.24,4595.32,0.73,0.735766,2022.0,Radial Velocity,22.5279
HD 135872 b,12.8,1744.56012602,2422.32597,4.172,0.164,4992.0,1.646,3.93038,2022.0,Radial Velocity,82.4251
HD 86065 b,12.5,2877.30056857,25775.78859,15.947,0.219,4927.56,0.81,0.780347,2022.0,Radial Velocity,40.3661
HD 88072 b,12.6,2511.79790052,18538.79293,13.895,0.156,5785.33,1.04,1.032,2022.0,Radial Velocity,35.9098
HD 93351 b,1.69,3.49611248,2.45946,0.035,0.549,5408.0,0.94,0.911435,2022.0,Radial Velocity,56.163
TOI-2421 b,10.36830715,105.83685953,4.3474032,0.0543,0.0,5607.0,1.131,1.75,2022.0,Transit,327.927
HD 142 c,12.4,3464.64746471,10159.64279,9.811,0.277,6245.0,1.21,1.47,2012.0,Radial Velocity,26.1853
TOI-2583 A b,14.4595851,79.45710175,4.5207265,0.0571,0.0,5936.0,1.215,1.477,2023.0,Transit,566.189
OGLE-2018-BLG-1119L b,13.9,289.22385037,,4.06,,,0.48,,2022.0,Microlensing,5760.0
KMT-2021-BLG-1554L b,6.9,38.13940884,,0.72,,,0.08,,2022.0,Microlensing,7680.0
TOI-2796 b,17.26183028,139.84449908,4.8084983,0.0569,0.0,5764.0,1.063,1.069,2023.0,Transit,350.343
TOI-2096 b,1.243,2.08,3.1190633,0.025,0.15,3300.0,0.231,0.235,2023.0,Transit,48.4809
KMT-2021-BLG-1898L b,14.0,232.01473711,,1.9,,,0.48,,2022.0,Microlensing,6900.0
GJ 338 B b,3.25,10.6,24.422,0.142,0.109,4014.0,0.64,0.58,2020.0,Radial Velocity,6.33256
TOI-2842 b,12.84549188,117.59651059,3.5514058,0.0475,0.0,5910.0,1.135,1.265,2023.0,Transit,460.995
TOI-4603 b,11.67975789,4096.80816623,7.24599,0.0888,0.325,6264.0,1.765,2.738,2023.0,Transit,225.643
KMT-2021-BLG-0712L b,6.91,38.19,,2.22,,,0.22,,2023.0,Microlensing,3090.0
KMT-2021-BLG-0909L b,13.7,400.46379282,,1.75,,,0.38,,2023.0,Microlensing,6480.0
MASCARA-1 b,17.90074218,1175.971,2.14877381,0.040352,0.00034,7490.0,1.9,2.082,2017.0,Transit,182.273
K2-38 b,1.54,7.3,4.01593,0.04994,0.197,5731.0,1.03,1.06,2016.0,Transit,192.69
TOI-3364 b,12.22899794,530.77343969,5.8768918,0.0675,0.0,5706.0,1.186,1.419,2023.0,Transit,277.899
KMT-2021-BLG-2478L b,13.9,286.0455663,,1.85,,,0.2,,2023.0,Microlensing,2970.0
KMT-2021-BLG-1105L b,13.6,413.1769291,,3.54,,,0.63,,2023.0,Microlensing,4540.0
K2-414 b,1.219,1.98,4.3696,0.0487,,4343.0,0.814,0.732,2022.0,Transit,260.036
TOI-4582 b,10.53644186,168.44905571,31.034,,0.51,5190.0,1.34,2.5,2023.0,Transit,383.846
TOI-3688 A b,13.08088048,311.47183886,3.246075,0.0456,0.0,5950.0,1.199,1.302,2023.0,Transit,396.378
TOI-942 c,4.67,37.0,10.156272,0.08598,0.32,4969.0,0.822,0.894,2020.0,Transit,152.601
TOI-733 b,1.992,5.72,4.884765,0.0618,0.046,5585.0,0.956,0.949,2023.0,Transit,75.2092
Kepler-20 c,2.894,11.1,10.8540774,0.0936,0.076,5495.0,0.929,0.9164,2011.0,Transit,282.563
HIP 21152 b,12.0,7627.881768,22000.0,17.0,0.36,6655.0,1.4,1.59186,2022.0,Imaging,43.4073
OGLE-2019-BLG-0468L c,12.5,3248.20631954,,2.77,,,0.92,,2022.0,Microlensing,4400.0
OGLE-2019-BLG-0468L b,13.1,1090.15143601,,3.29,,,0.92,,2022.0,Microlensing,4400.0
TOI-3976 A b,12.27383387,55.61997123,6.607662,0.0743,0.0,5975.0,1.254,1.501,2023.0,Transit,516.087
KMT-2017-BLG-1003L b,2.13,5.19,,1.38,,,0.32,,2023.0,Microlensing,7090.0
TOI-4087 b,13.04725353,232.01473711,3.1774835,0.04469,0.0,6060.0,1.178,1.112,2023.0,Transit,301.676
TOI-942 b,3.89,826.358,4.32421,0.04866,0.34,4969.0,0.822,0.894,2020.0,Transit,152.601
KMT-2021-BLG-0240L b,9.6,66.74396547,,2.8,,,0.56,,2022.0,Microlensing,6600.0
KMT-2017-BLG-0673L b,13.0,1166.43025369,,2.34,,,0.63,,2022.0,Microlensing,5080.0
KMT-2019-BLG-1367L b,1.85,4.08,,1.7,,,0.25,,2023.0,Microlensing,4670.0
OGLE-2017-BLG-1806L b,2.15,5.27,,1.75,,,0.38,,2023.0,Microlensing,6400.0
TOI-4791 b,12.44196858,734.18362017,4.28088,0.0555,0.0,6058.0,1.242,1.409,2023.0,Transit,328.802
EPIC 229004835 b,2.332,10.4,16.141132,0.1237,0.23,5868.0,0.97,0.999,2023.0,Transit,121.971
OGLE-2019-BLG-1053L b,1.38,2.48,,3.4,,,0.61,,2021.0,Microlensing,6800.0
KMT-2019-BLG-2974L b,11.4,88.99195396,,2.0,,,0.47,,2022.0,Microlensing,6100.0
OGLE-2019-BLG-1470L AB c,13.3,699.2224954,,3.2,,,0.57,,2022.0,Microlensing,5900.0
HD 23472 b,2.0,8.32,17.667087,0.1162,0.072,4684.0,0.67,0.71,2019.0,Transit,39.0341
HD 191939 c,3.195,8.0,28.579743,0.1752,0.034,5348.0,0.81,0.94,2020.0,Transit,53.6089
OGLE-2018-BLG-0506L b,4.18,16.3,,3.0,,,0.63,,2022.0,Microlensing,5600.0
TIC 279401253 b,11.2089807,1951.46641898,76.8,0.369,0.448,5951.0,1.13,1.06,2023.0,Transit,285.584
HD 23472 c,1.87,3.41,29.79749,0.1646,0.063,4684.0,0.67,0.71,2019.0,Transit,39.0341
HD 23472 f,1.137,0.77,12.1621839,0.0906,0.07,4684.0,0.67,0.71,2022.0,Transit,39.0341
OGLE-2019-BLG-1492L b,6.79,37.1,,2.7,,,0.68,,2022.0,Microlensing,5600.0
TIC 279401253 c,12.6,2548.98382414,155.3,0.591,0.254,5951.0,1.13,1.06,2023.0,Transit,285.584
TOI-1811 b,11.14172682,308.9292116,3.7130765,0.04389,0.052,4766.0,0.817,0.769,2023.0,Transit,128.23
HD 23472 d,0.75,0.55,3.97664,0.04298,0.07,4684.0,0.67,0.71,2022.0,Transit,39.0341
HD 23472 e,0.818,0.72,7.90754,0.068,0.07,4684.0,0.67,0.71,2022.0,Transit,39.0341
HATS-54 b,11.37711541,239.32479047,2.5441765,0.037,0.0,5621.0,1.05,1.23,2019.0,Transit,748.585
HD 45364 c,14.2,174.48779544,345.43,0.902,0.019,5466.0,0.82,0.89,2008.0,Radial Velocity,34.354
KMT-2021-BLG-1253L b,4.59,19.05,,1.52,,,0.24,,2022.0,Microlensing,6640.0
TOI-2152 A b,14.35870428,899.45439181,3.3773512,0.05064,0.057,6630.0,1.516,1.612,2023.0,Transit,303.006
NGTS-23 b,14.20177855,194.82881349,4.0764326,0.0504,0.0,6057.0,1.01,1.24,2022.0,Transit,1074.95
NGTS-24 b,13.60770257,165.27077164,3.4678796,0.0479,0.0,5820.0,1.26,1.64,2022.0,Transit,683.062
NGTS-25 b,11.46678726,203.09235207,2.823093,0.0388,0.0,5321.0,0.91,0.86,2022.0,Transit,521.233
KMT-2021-BLG-1372L b,9.12,61.27,,2.37,,,0.42,,2022.0,Microlensing,5970.0
TOI-2497 b,11.14172682,1531.93292174,10.655669,0.1166,0.195,7360.0,1.859,2.36,2023.0,Transit,285.289
TOI-5542 b,11.30986153,419.53349724,75.12375,0.332,0.018,5700.0,0.89,1.058,2022.0,Transit,348.849
TOI-2338 b,11.2089807,1900.61387386,22.65398,0.158,0.676,5581.0,0.99,1.05,2023.0,Transit,313.996
KMT-2021-BLG-1077L b,9.86,69.92224954,,1.26,,,0.14,,2022.0,Microlensing,8240.0
PZ Tel b,11.9,8581.366989,44000.0,27.0,0.52,5169.0,1.36,1.25646,2023.0,Imaging,47.0648
KMT-2018-BLG-0030L b,13.6,460.85119015,,4.39,,,0.51,,2022.0,Microlensing,6480.0
MOA-2020-BLG-135L b,3.37,11.3,,1.11,,,0.23,,2022.0,Microlensing,7900.0
TOI-2364 b,8.60849718,71.51139158,4.0197517,0.04871,0.0,5306.0,0.954,0.886,2023.0,Transit,219.614
OGLE-2018-BLG-0298L b,7.56,44.49597698,,2.86,,,0.69,,2022.0,Microlensing,6540.0
TOI-969 c,12.4,3591.4609991,1700.0,2.52,0.628,4435.0,0.734,0.671,2022.0,Radial Velocity,77.2554
OGLE-2006-BLG-284L A b,14.3,144.0,,2.17,,,0.35,,2020.0,Microlensing,4000.0
K2-3 d,1.458,2.2,44.55603,0.2014,0.091,3844.0,0.549,0.546,2015.0,Transit,44.0727
K2-3 c,1.582,2.68,24.646729,0.1357,0.048,3844.0,0.549,0.546,2015.0,Transit,44.0727
HD 111998 b,12.9,1525.5763536,810.0,1.91,0.13,6557.0,1.4,1.45,2016.0,Radial Velocity,33.2237
HIP 70849 b,12.9,1430.2278315,3649.0,3.99,0.65,4105.0,0.65,0.633112,2011.0,Radial Velocity,24.0572
HD 114783 c,13.4,603.8739733,4352.0,5.0,0.05,5135.0,0.9,0.840622,2016.0,Radial Velocity,21.0628
Kepler-409 b,1.199,6.0,68.9583216,0.3192,0.69,5421.0,0.913,0.897,2014.0,Transit,68.173
Kepler-20 f,0.952,1.4,19.578328,0.1387,0.094,5495.0,0.929,0.9164,2011.0,Transit,282.563
KMT-2022-BLG-0440L b,4.05,15.4,,1.9,,,0.53,,2023.0,Microlensing,3500.0
TOI-411 c,2.328,9.72,9.573083,0.1017,0.16,6169.0,1.098,1.117,2022.0,Transit,62.7792
HD 140901 c,13.4,572.0911326,14386.0,11.8,0.77,5610.0,1.06,0.95,2022.0,Radial Velocity,15.2528
Kepler-102 c,0.567,1.7,7.071392,0.06702,0.094,4909.0,0.803,0.724,2014.0,Transit,107.796
K2-416 b,2.66,1652.7077164,13.102,0.088,,3746.0,0.548,0.554,2023.0,Transit,120.311
TOI-411 b,1.362,13.71,4.040295,0.05727,0.126,6169.0,1.098,1.117,2022.0,Transit,62.7792
HIP 54597 b,13.3,762.7881768,3274.0,4.0,0.03,4799.0,0.8,0.66,2023.0,Radial Velocity,39.7429
HD 75302 b,12.8,1716.2733978,4356.0,5.3,0.39,5697.46,1.06,0.940904,2023.0,Radial Velocity,30.3288
Kepler-68 c,0.979,1.3,9.605027,0.09008,0.099,5847.0,1.057,1.2564,2013.0,Transit,144.166
MOA-2020-BLG-208L b,7.71,46.0,,2.74,,,0.43,,2023.0,Microlensing,7490.0
HD 15906 b,2.24,5.65,10.924709,0.09,0.11,4757.0,0.79,0.762,2023.0,Transit,45.5621
HIP 81208 C b,12.3,4703.8604236,104100.0,23.04,,,0.135,,2023.0,Imaging,147.533
HD 108202 b,13.1,953.485221,2990.0,3.7,0.52,4556.03,0.74,0.66355,2023.0,Radial Velocity,38.6846
Kepler-323 b,1.381,3.9,1.678328,0.02778,0.095,6004.0,1.015,1.12,2014.0,Transit,454.883
HD 15906 c,2.93,8.91,21.583298,0.141,0.04,4757.0,0.79,0.762,2023.0,Transit,45.5621
TOI-622 b,9.2362001,96.30200732,6.402513,0.0708,0.42,6400.0,1.313,1.415,2023.0,Transit,123.297
TOI-4201 b,13.67495645,788.21444936,3.5819194,0.04,0.041,3794.0,0.61,0.63,2023.0,Transit,189.011
HD 99492 b,5.44,25.5,17.0503,0.12,0.034,4929.0,0.85,0.822539,2004.0,Radial Velocity,18.2038
Kepler-454 b,2.37,5.4,10.5737534,0.09528,0.32,5687.0,1.03,1.066,2015.0,Transit,230.869
Kepler-109 b,2.49,4.9,6.4816307,0.0701,0.11,5950.0,1.094,1.387,2014.0,Transit,474.861
GJ 1252 b,1.193,1.32,0.5182331,0.00915,0.0,3458.0,0.381,0.391,2020.0,Transit,20.373
HAT-P-2 c,12.4,3400.7639549,8500.0,,0.37,6412.0,1.33,1.416,2023.0,Radial Velocity,127.774
TOI-4600 b,6.8,959.84178914,82.6869,0.349,0.25,5170.0,0.89,0.81,2023.0,Transit,216.056
TOI-858 B b,14.06727078,349.6112477,3.2797178,0.04435,0.15,5842.0,1.081,1.308,2023.0,Transit,250.489
K2-36 b,1.43,4.3,1.422614,0.02288,0.093,4916.0,0.79,0.718,2016.0,Transit,109.749
K2-36 c,3.2,7.9,5.340888,0.05528,0.089,4916.0,0.79,0.718,2016.0,Transit,109.749
Kepler-538 b,2.215,12.9,81.73778,0.3554,0.21,5534.0,0.892,0.8717,2016.0,Transit,155.956
TOI-1235 b,1.69,6.69,3.444714,0.03845,0.049,3997.0,0.63,0.619,2020.0,Transit,39.6345
TOI-1052 b,2.87,16.9,9.139703,0.09103,0.18,6146.0,1.204,1.264,2023.0,Transit,129.804
K2-110 b,2.592,15.9,13.86375,0.10207,0.13,5010.0,0.738,0.713,2017.0,Transit,116.474
TOI-1634 c,,,103.0,,0.0,3472.0,0.451,0.45,2022.0,Radial Velocity,35.2736
TOI-2018 b,2.268,9.2,7.435583,,0.0,4174.0,0.57,0.62,2023.0,Transit,27.9956
TOI-1052 c,6.48,34.3,35.806,0.2263,0.237,6146.0,1.204,1.264,2023.0,Radial Velocity,129.804
TOI-519 b,11.54525012,147.15455244,1.2652328,0.0159,0.33,3322.0,0.335,0.35,2021.0,Transit,115.557
TOI-244 b,1.52,2.68,7.397225,0.0559,,3433.0,0.428,0.426,2023.0,Transit,22.0337
TOI-2084 b,2.47,6.66,6.0784247,0.05006,,3551.0,0.453,0.475,2023.0,Transit,114.549
TOI-4184 b,2.43,6.48,4.9019804,0.0336,,3238.0,0.2109,0.2347,2023.0,Transit,69.3649
TOI-470 b,4.34,17.4,12.19148,0.119,,5190.0,0.87,0.831,2023.0,Transit,130.46
TOI-1470 b,2.18,7.32,2.527093,0.0285,0.3,3709.0,0.471,0.469,2023.0,Transit,51.9503
Kepler-21 b,1.639,7.5,2.7858212,0.0434,0.0,6305.0,1.408,1.902,2012.0,Transit,108.522
Kepler-78 b,1.201,1.68,0.35500745,0.00901,0.0,5058.0,0.779,0.7475,2013.0,Transit,124.376
WISE J033605.05-014350.4 b,12.6,2622.08435775,2560.0,0.97,,415.0,0.0131,,2023.0,Imaging,
OGLE-2018-BLG-1126L b,4.41,17.79839079,,3.23,,,0.69,,2022.0,Microlensing,5700.0
HD 6860 b,11.9,8981.83078182,663.87,2.03,0.28,3802.0,2.49,86.4,2023.0,Radial Velocity,61.12469
TOI-1470 c,2.47,7.24,18.08816,0.106,0.5,3709.0,0.471,0.469,2023.0,Transit,51.9503
K2-12 b,2.44,5.2,8.28246,0.0792,0.5,5672.0,0.965,1.117,2015.0,Transit,326.381
OGLE-2018-BLG-1212L b,9.32,63.5656814,,1.68,,,0.16,,2022.0,Microlensing,1550.0
GJ 649 b,10.8,81.99972901,600.1,1.112,0.083,3734.0,0.51,0.5,2009.0,Radial Velocity,10.3796
HD 36384 b,12.7,2097.6674862,490.0,1.3,0.2,3940.0,1.14,38.4,2023.0,Radial Velocity,209.309
MWC 758 c,,,,100.0,,7314.0,1.5,2.01446,2023.0,Imaging,159.537
K2-2016-BLG-0005L b,13.7,349.6112477,4700.0,4.16,,,0.584,,2023.0,Microlensing,5200.0
GJ 849 b,13.9,283.82076745,1925.31,2.32,0.029,3467.0,0.45,0.45,2006.0,Radial Velocity,8.80058
GJ 849 c,13.8,314.65012293,5990.0,4.95,0.092,3467.0,0.45,0.45,2014.0,Radial Velocity,8.80058
Kepler-68 b,2.357,8.03,5.39875259,0.06135,0.09,5847.0,1.057,1.2564,2013.0,Transit,144.166
Kepler-107 d,0.86,7.7,7.95839,0.08377,0.11,5854.0,1.238,1.447,2014.0,Transit,525.997
TOI-139 b,2.4566,6.6,11.07085,,,4570.0,0.69,0.7007,2023.0,Transit,42.4061
HD 62364 b,12.1,5965.63919939,5138.0,6.15,0.607,6255.0,1.157,1.401,2022.0,Radial Velocity,53.112
BD-210397 b,14.0,214.0,1891.0,2.63,0.1,4051.0,0.679,0.747,2023.0,Radial Velocity,23.7324
KMT-2022-BLG-0371L b,10.9,82.63538582,,3.02,,,0.63,,2023.0,Microlensing,7140.0
WASP-79 b,17.14974047,270.15414595,3.662392,0.0519,0.0,6600.0,1.39,1.51,2012.0,Transit,246.69
Kepler-454 d,13.3,734.18362017,4073.0,5.1,0.089,5687.0,1.03,1.066,2023.0,Radial Velocity,230.869
HD 74698 b,5.12,23.0,15.017,0.121,0.1,5783.0,1.039,1.333,2023.0,Radial Velocity,52.0648
HD 74698 c,14.0,126.0,3449.0,4.5,0.2,5783.0,1.039,1.333,2023.0,Radial Velocity,52.0648
GJ 9404 b,3.48,11.9,13.4586,0.0943,0.49,3811.0,0.62,0.626041,2023.0,Radial Velocity,23.8839
GJ 832 b,13.8,314.65012293,3853.0,3.7,0.05,3472.0,0.45,0.441557,2008.0,Radial Velocity,4.96435
Kepler-323 c,1.57,6.8,3.5538229,0.0458,0.095,6004.0,1.015,1.12,2014.0,Transit,454.883
TOI-5803 b,3.2732,10.7,5.38305,,,5134.0,0.87,0.7625,2023.0,Transit,84.0126
KMT-2019-BLG-1216L b,5.98,29.87587026,,2.44,,,0.39,,2023.0,Microlensing,2740.0
TOI-1680 b,1.466,2.75,4.8026345,0.03144,,3225.0,0.1798,0.2106,2023.0,Transit,37.2209
HD 100777 b,13.7,390.92894061,383.0,1.06,0.38,5533.0,1.08,1.04,2007.0,Radial Velocity,49.5336
HD 215497 c,13.0,111.23994245,566.0,1.31,0.47,5113.0,0.92,0.85,2009.0,Radial Velocity,40.5468
Kepler-107 c,1.597,10.0,4.901452,0.06064,0.08,5854.0,1.238,1.447,2014.0,Transit,525.997
K2-3 b,2.078,5.11,10.0546535,0.0747,0.107,3844.0,0.549,0.546,2015.0,Transit,44.0727
Kepler-107 b,1.536,3.8,3.1800218,0.04544,0.1,5854.0,1.238,1.447,2014.0,Transit,525.997
Kepler-122 d,2.2,5.48,21.587475,0.155,0.0,6050.0,0.982,1.216,2014.0,Transit,1027.45
HD 167677 b,13.2,905.81095995,1820.0,2.877,0.182,5474.0,0.96,0.95271,2023.0,Radial Velocity,54.3258
HD 165131 b,12.1,5943.3912109,2342.6,3.54,0.6708,5870.0,1.06,1.06419,2023.0,Radial Velocity,57.4263
HIP 39017 b,12.0,7500.7504052,31000.0,22.1,0.55,7201.0,1.52,1.51987,2024.0,Imaging,66.3217
Kepler-415 c,2.01,4.7,8.708,0.0695,0.0,4362.0,0.67,0.643,2014.0,Transit,530.487
omi UMa b,13.0,1160.39151396,1569.81,3.691,0.149,5075.0,2.72,13.84,2012.0,Radial Velocity,54.9149
omi CrB b,13.7,355.96781584,187.01,0.699,0.105,4769.0,1.3,11.87,2012.0,Radial Velocity,84.7883
TOI-544 b,2.018,2.89,1.548352,0.0225,0.0,4169.0,0.631,0.623,2022.0,Transit,41.1166
Teegarden's Star d,0.954,0.82,26.13,0.0791,0.07,3034.0,0.097,0.12,2024.0,Radial Velocity,3.83078
TOI-782 b,2.734,19.1,8.0240015,0.0578,0.19,3370.0,0.397,0.413,2024.0,Transit,52.5122
HD 4732 c,13.1,1069.49258955,3184.2,4.725,0.187,4898.0,1.39,5.03,2012.0,Radial Velocity,54.7841
HD 4732 b,13.4,631.2072163,371.74,1.129,0.266,4898.0,1.39,5.03,2012.0,Radial Velocity,54.7841
ome Ser b,14.0,233.92170755,278.59,0.838,0.18,4724.0,1.01,10.99,2013.0,Radial Velocity,76.7556
TOI-2010 b,11.81426566,408.7273314,141.834025,0.5516,0.212,5929.0,1.112,1.079,2023.0,Transit,109.19
TOI-1273 b,11.09689089,70.55790635,4.631296,0.0549,0.055,5690.0,1.06,1.06,2024.0,Transit,177.118
TOI-904 b,2.426,6.46,10.8772,0.056,,3770.2,0.557,0.527,2023.0,Transit,46.0891
KMT-2023-BLG-0469L b,7.04,39.41072247,,2.31,,,0.47,,2024.0,Microlensing,7070.0
HD 2952 b,13.9,284.77425267,312.08,1.117,0.269,4853.0,1.91,10.9,2013.0,Radial Velocity,110.103
TOI-2416 b,9.86390302,953.485221,8.275479,0.0831,0.32,5808.0,1.118,1.236,2023.0,Transit,557.733
TOI-2373 b,10.42435205,2955.8041851,13.33668,0.112,0.112,5651.0,1.041,1.102,2023.0,Transit,508.686
TOI-904 c,2.167,5.34,83.9997,0.312,,3770.2,0.557,0.527,2023.0,Transit,46.0891
TOI-4860 b,8.7,86.7,1.5227591,0.01808,0.008,3260.0,0.34,0.358,2023.0,Transit,80.1423
TOI-4633 c,3.2,123.0,271.9445,0.847,0.117,5800.0,1.1,1.05,2024.0,Transit,95.2016
gam Lib b,13.7,357.87478628,414.88,1.319,0.16,4879.0,1.78,12.38,2018.0,Radial Velocity,47.4017
KMT-2021-BLG-1770L b,12.1,6674.396547,,0.9,,,0.13,,2023.0,Microlensing,6920.0
OGLE-2019-BLG-1180L b,13.5,555.24622703,,5.19,,,0.545,,2023.0,Microlensing,6070.0
HD 47366 b,13.4,661.71874337,360.08,1.207,0.071,4866.0,1.81,7.3,2016.0,Radial Velocity,84.3552
HD 47366 c,13.5,483.73483545,677.53,1.84,0.161,4866.0,1.81,7.3,2016.0,Radial Velocity,84.3552
Kepler-100 e,5.27,24.14271827,60.888588,0.312391586,0.026437,5884.0,1.097,1.5,2023.0,Radial Velocity,304.645
NGTS-27 b,15.64773706,188.47224535,3.3704181,0.0446,0.0,5700.0,1.07,1.77,2024.0,Transit,942.122
HD 134606 d,7.59,44.8,966.5,1.941,0.092,5576.0,1.046,1.158,2024.0,Radial Velocity,26.7909
HATS-2 b,12.57647635,435.42491759,1.35413379,0.02317,0.0,5227.0,0.904,0.876,2013.0,Transit,341.925
gam Cep b,12.7,2097.6674862,913.0,2.13,0.15,4775.0,1.27,4.74,2003.0,Radial Velocity,14.1024
TOI-5398 c,3.52,11.8,4.77271,0.057,0.14,6000.0,1.146,1.051,2023.0,Transit,130.855
HD 134606 f,2.24,5.63,26.915,0.1784,0.081,5576.0,1.046,1.158,2024.0,Radial Velocity,26.7909
HD 134606 e,1.33,2.34,4.3203,0.0527,0.2,5576.0,1.046,1.158,2024.0,Radial Velocity,26.7909
TOI-238 c,2.18,6.7,8.465651,0.0749,0.36,5059.0,0.79,0.733,2024.0,Radial Velocity,80.5407
2MASS J11550485-7919108 b,12.1,6356.56814,,587.0,,3021.0,0.58846,0.600455,2024.0,Imaging,100.862
2MASS J21252752-8138278 b,12.4,3813.940884,,7493.0,,3592.0,0.643977,0.672832,2024.0,Imaging,34.1154
Kepler-1513 c,11.0,84.54235626,841.4,,0.125,5491.0,0.943,0.95,2023.0,Transit Timing Variations,349.247
HIP 66074 b,12.9,1589.142035,310.9,0.799,0.948,4300.0,0.705,0.69,2023.0,Astrometry,35.4438
HAT-P-19 b,11.29865255,88.03846874,4.00878322,0.04599,0.07,4962.0,0.807,0.773,2010.0,Transit,202.078
Kepler-849 b,8.08167508,298.75870258,394.62508,1.137,0.078,5950.0,1.259,1.822,2016.0,Transit,822.134
TOI-1853 b,3.46,73.2,1.2436258,0.0213,0.03,4985.0,0.837,0.808,2023.0,Transit,165.105
TOI-5126 b,4.74,20.2,5.4588385,0.06519,0.0,6150.0,1.24,1.241,2023.0,Transit,160.414
Kepler-1513 b,8.594,48.30991786,160.8842,0.56971,0.306,5491.0,0.943,0.95,2016.0,Transit,349.247
HAT-P-51 b,13.50682174,97.57332095,4.21802091,0.05042,0.07,5453.0,0.961,0.995,2015.0,Transit,440.089
Kepler-553 c,11.57887706,2129.4503269,328.24017,0.898,0.346,5191.0,0.889,0.902,2016.0,Transit,728.525
Kepler-111 c,7.0840758,222.4798849,224.77833,0.751,0.176,5914.0,1.118,1.145,2014.0,Transit,657.223
14 And b,13.1,1131.15130051,186.76,0.775,0.0,4888.0,1.78,11.55,2008.0,Radial Velocity,75.4392
18 Del b,12.5,2926.24614325,982.85,2.476,0.024,4980.0,2.1,8.8,2008.0,Radial Velocity,76.222
GJ 724 b,3.27,10.75,5.101284,0.04685,0.577,3799.0,0.5271,0.52226,2023.0,Radial Velocity,16.9658
KMT-2019-BLG-0335L b,12.1,6674.396547,,1.64,,,0.32,,2023.0,Microlensing,7710.0
Kepler-553 b,4.74139884,116.00736855,4.030467,0.04766,0.0,5191.0,0.889,0.902,2016.0,Transit,728.525
6 Lyn b,13.4,597.83523357,919.86,2.028,0.042,4941.0,1.32,4.94,2008.0,Radial Velocity,54.6599
4 UMa b,12.6,2511.48007211,270.27,0.877,0.453,4415.0,1.234,18.11,2006.0,Radial Velocity,73.4603
TOI-4641 b,8.18255591,1229.99593509,22.09341,0.173,0.074,6560.0,1.41,1.72,2023.0,Transit,86.3501
CI Tau c,13.0,1144.1822652,25.2,0.17,0.58,3807.0,0.9,1.880857,2024.0,Radial Velocity,157.998
TOI-1994 b,13.67495645,7024.0077947,4.0337142,0.0613,0.341,7700.0,1.86,2.3,2024.0,Transit,515.603
TOI-4515 b,12.17,637.0,15.266446,0.118,0.461,5433.0,0.949,0.86,2024.0,Transit,193.499
M62H b,,785.03616529,0.132935028,,,,1.4,,2024.0,Pulsar Timing,
HD 145457 b,13.2,888.01256916,176.13,0.762,0.111,4757.0,1.9,9.9,2010.0,Radial Velocity,135.292
HD 167042 b,13.6,444.00628458,417.67,1.22,0.01,4919.0,1.39,4.63,2007.0,Radial Velocity,49.6633
LHS 1678 c,0.941,1.4,3.694284,0.0327,0.039,3490.0,0.345,0.329,2021.0,Transit,19.8782
HD 173416 b,13.4,585.12209729,322.03,1.158,0.208,4683.0,2.0,13.5,2008.0,Radial Velocity,132.184
HD 32518 b,13.2,905.49313154,157.35,0.594,0.028,4580.0,1.13,10.22,2009.0,Radial Velocity,122.115
HS Psc b,13.6,464.02947422,3.986,0.0435,0.27,4203.0,0.69,0.65,2024.0,Radial Velocity,37.6604
HD 81688 b,13.5,525.68818518,183.93,0.648,0.04,4797.0,1.07,11.13,2007.0,Radial Velocity,85.7183
kap CrB b,13.3,689.6911,1253.68,2.5,0.04,4840.0,1.33,4.68,2007.0,Radial Velocity,30.0651
KMT-2021-BLG-1547L b,13.6,467.20775829,,4.5,,,0.72,,2023.0,Microlensing,5070.0
TOI-4559 b,1.415,2.59,3.965991,0.0359,,3558.0,0.392,0.374,2024.0,Transit,31.6354
11 Com b,12.2,4914.89848585,323.21,1.178,0.238,4874.0,2.09,13.76,2007.0,Radial Velocity,93.1846
nu Oph b,12.0,7057.73298,529.93,1.765,0.126,4887.0,2.61,12.24,2012.0,Radial Velocity,46.2107
TOI-4377 b,15.10970598,304.1617855,4.378081,0.0579,0.045,4974.0,1.36,3.52,2023.0,Transit,455.82
KMT-2023-BLG-0416L b,3.67,13.03096469,,2.96,,,0.63,,2024.0,Microlensing,5900.0
HD 76920 b,13.1,994.80291391,415.891,1.091,0.8782,4664.0,1.0,8.33,2017.0,Radial Velocity,184.031
75 Cet b,13.3,787.89662095,696.62,1.912,0.093,4809.0,1.92,10.38,2012.0,Radial Velocity,82.9613
LHS 3154 b,3.69,13.15,3.71778,0.02262,0.076,2861.0,0.1118,0.1405,2023.0,Radial Velocity,15.7606
TOI-1269 b,2.40144286,6.4,4.2529913,0.0496,0.0,5499.0,0.9027,0.8521,2024.0,Transit,172.138
Kepler-23 d,2.206,4.44,15.27,0.12012,0.01,5828.0,1.078,1.548,2014.0,Transit,835.756
TOI-3919 b,12.31866979,1233.17421916,7.433234,0.0795,0.259,6100.0,1.208,1.319,2024.0,Transit,604.591
TOI-1288 b,4.96846551,44.1,2.6998279,0.0374,0.0,5388.0,0.9552,0.9583,2022.0,Transit,114.865
GJ 238 b,0.566,0.126,1.7446999,0.02123,,3485.0,0.4193,0.4314,2024.0,Transit,15.2142
Kepler-49 c,2.444,8.38,10.91,0.07821,0.008,4095.6,0.607,0.618,2012.0,Transit,311.222
TOI-5301 b,13.09208946,1182.32167404,5.858858,0.073,0.33,6240.0,1.483,2.19,2024.0,Transit,629.161
TOI-5232 b,12.778238,743.71847238,4.0966692,0.05593,0.035,6500.0,1.389,1.785,2024.0,Transit,609.388
TOI-1410.01,3.10083009,12.5,1.21687,0.0207,0.0,4635.0,0.7941,0.7558,2024.0,Transit,72.7512
TOI-1386 b,6.2163865,45.8,25.8401,0.173,0.0,5735.0,1.0363,1.0235,2024.0,Transit,146.858
TOI-6029 b,14.39233122,519.64944544,5.7987,,0.091,6223.0,1.548,2.338,2024.0,Transit,603.119
OGLE-2017-BLG-0448L b,4.08,15.6,,5.75,,,0.5,,2024.0,Microlensing,7530.0
Kepler-128 c,1.521,3.38,22.8,0.16517,0.037,6072.0,1.184,1.659,2013.0,Transit,396.379
TOI-1451 b,2.61143902,15.2,16.537944,0.127,0.0,5801.0,1.0022,1.0162,2024.0,Transit,91.9362
TIC 4672985 b,11.5004142,4049.13390518,69.048,0.33,0.018,5757.0,1.01,1.15,2024.0,Transit,253.385
TOI-5218 b,9.86,657.0,4.291452,0.0469,0.0,4230.0,0.739,0.708,2024.0,Transit,377.483
Kepler-305 d,2.76,6.2,16.74,0.12091,0.0,5090.0,0.827,0.792,2014.0,Transit,868.477
TOI-1601 b,14.19902343,387.0,5.33175,0.069,0.0,5982.0,1.5055,2.195,2021.0,Transit,336.608
TOI-1444 b,1.41792246,3.58,0.4702743,0.0116,0.0,5460.0,0.9513,0.9105,2021.0,Transit,125.463
TOI-1736 b,3.18175535,12.3,7.073076,0.073,0.0,5636.0,1.0373,1.4286,2023.0,Transit,88.9482
TOI-5634 A b,10.42,588.0,2.2035373,0.0272,0.0,3896.0,0.556,0.54,2024.0,Transit,306.144
TOI-1683.01,2.6382,7.45,3.0575356,0.036507593,,4402.0,0.694661,0.7,2024.0,Transit,51.1884
TOI-1298 b,9.65807033,99.0,4.537143,0.057,0.0,5752.0,1.2187,1.4536,2021.0,Transit,319.036
TOI-1751 b,2.9507845,19.5,37.46852,0.215,0.327,5970.0,0.9382,1.3137,2024.0,Transit,113.335
K2-419 A b,10.55,196.0,20.35847252,0.1208,0.042,3711.0,0.562,0.541,2024.0,Transit,268.685
TOI-2095 b,1.25,4.1,17.66484,0.101,0.0,3759.0,0.44,0.44,2023.0,Transit,41.9176
HIP 97166 b,2.4801338,19.1,10.288914,0.091,0.29,5216.0,0.9342,0.8418,2021.0,Transit,65.9501
TOI-1776 b,1.21612741,1.4,2.799868,0.0378,0.0,5785.0,0.9196,0.9356,2024.0,Transit,44.647
Kepler-963 c,0.6,0.156,0.919783,,,5169.47,0.821,0.928,2024.0,Transit,771.494
OGLE-2023-BLG-0836L b,12.9,1385.73185452,,3.7,,,0.71,,2024.0,Microlensing,5120.0
BD-14 3065 b,21.59,3932.0,4.2889731,0.0656,0.066,6935.0,1.41,2.35,2024.0,Transit,589.423
HIP 97166 c,2.75,8.0,16.432,0.124,0.0,5216.0,0.9342,0.8418,2021.0,Radial Velocity,65.9501
TOI-1794 b,3.29701268,8.7,8.765528,0.082,0.0,5631.0,0.9698,1.3162,2024.0,Transit,155.791
2MASS J03590986+2009361 b,12.2,5720.911326,,572.0,,2943.0,0.264996,0.289776,2024.0,Imaging,117.435
TOI-663 c,2.26,3.65,4.6955507,0.0437,,3681.0,0.514,0.512,2024.0,Transit,64.2308
TOI-1246 c,2.45109846,9.1,5.904137,0.061,0.0,5213.0,0.8889,0.8649,2022.0,Transit,169.422
TOI-1842 b,12.3485023,89.4,9.5739181,0.1,0.276,6039.0,1.4643,2.032,2021.0,Transit,223.465
TOI-1824 b,2.7438269,16.0,22.808533,0.151,0.0,5165.0,0.8801,0.8123,2024.0,Transit,59.4314
HIP 77900 b,12.1,6674.396547,,3319.0,,13646.0,,,2024.0,Imaging,150.862
2MASS J11011926-7732383 b,11.9,8899.195396,,266.0,,,,,2024.0,Imaging,
SPECULOOS-3 b,0.977,0.894,0.71912603,0.00733,,2800.0,0.1009,0.123,2024.0,Transit,
KMT-2023-BLG-1431L b,3.76,13.6,,3.2,,,0.57,,2024.0,Microlensing,6800.0
TOI-3071 b,7.16,68.2,1.266938,0.0249,0.09,6177.0,1.29,1.31,2024.0,Transit,485.219
TOI-1246 e,3.5141875,14.5,37.92548,0.212,0.0,5213.0,0.8889,0.8649,2022.0,Transit,169.422
TOI-2019 b,5.33275337,34.4,15.3444,0.128,0.0,5626.0,1.1832,1.7457,2024.0,Transit,198.007
TIC 139270665 c,12.9,1554.18091023,1010.0,2.0,0.566,5844.0,1.035,1.016,2024.0,Radial Velocity,189.875
HD 48948 b,2.06,4.88,7.34013,0.0652,0.055,4593.0,0.686,0.679,2024.0,Radial Velocity,16.9043
HD 93963 A c,3.11976057,18.4,3.6451389,0.04726,0.0,5908.0,1.0844,1.0311,2022.0,Transit,82.3432
HD 93963 A b,1.46954368,2.8,1.0376109,0.02061,0.0,5908.0,1.0844,1.0311,2022.0,Transit,82.3432
TOI-815 c,2.62,23.5,34.976145,0.193,0.22,4869.0,0.776,0.77,2024.0,Transit,59.7117
HD 48948 c,2.6,7.27,38.06,0.1951,0.55,4593.0,0.686,0.679,2024.0,Radial Velocity,16.9043
HD 48948 d,3.24,10.59,151.92,0.4894,0.055,4593.0,0.686,0.679,2024.0,Radial Velocity,16.9043
HIP 8152 c,2.52442508,10.7,19.60562,0.139,0.2,5618.0,0.9373,0.9603,2023.0,Transit,101.694
HIP 8152 b,2.53625843,8.9,10.751014,0.093,0.0,5618.0,0.9373,0.9603,2023.0,Transit,101.694
TOI-1669 b,14.1,191.0,500.0,1.27,0.0,5497.0,0.9867,1.0561,2023.0,Radial Velocity,111.276
OGLE-2014-BLG-0221L b,12.9,1382.55357045,,3.76,,,0.69,,2024.0,Microlensing,3680.0
TOI-329 b,4.94057819,40.4,5.70439,0.0638,0.39,5614.0,1.0678,1.5326,2024.0,Transit,284.388
TOI-480 b,2.85372018,20.8,6.866196,0.077,0.0,6174.0,1.2793,1.4877,2024.0,Transit,54.5306
TOI-1410 c,5.63,27.0,47.56,0.239,0.0,4635.0,0.7941,0.7558,2024.0,Radial Velocity,72.7512
TOI-757 b,2.5,10.5,17.46819,0.122,0.39,5278.0,0.8,0.78,2024.0,Transit,60.3418
GJ 900 b,12.4,3496.112477,,12000.0,,3976.0,1.08,0.716187,2024.0,Imaging,20.8065
TOI-1450 A c,1.13,1.527,5.0688,,,3437.0,0.48,0.483,2024.0,Transit,22.4467
TOI-1855 b,18.49481816,360.09958513,1.36414864,0.02398,0.033,5359.0,0.987,1.041,2024.0,Transit,176.833
TOI-3261 b,3.82,30.3,0.8831331,0.01714,0.0,5068.0,0.861,0.849,2024.0,Transit,300.141
TOI-669 b,2.58606487,10.0,3.945152,0.048,0.0,5597.0,0.9245,0.9882,2023.0,Transit,142.867
HD 25463 b,2.54535814,8.7,7.0491423,0.076,0.0,6353.0,1.251,1.4182,2023.0,Transit,45.6181
HD 73344 b,2.884,10.48,15.611,0.131,0.03,6252.6,1.2,1.22,2024.0,Transit,35.26
TOI-2368 b,10.83908434,206.58846455,5.1750073,0.05649,0.061,5360.0,0.897,0.846,2024.0,Transit,210.915
TOI-2107 b,13.57407563,263.79757781,2.4545467,0.03515,0.033,5627.0,0.961,0.932,2024.0,Transit,236.705
TOI-1248 b,6.8084859,27.4,4.3601561,0.051,0.0,5205.0,0.9042,0.8686,2024.0,Transit,168.735
TOI-837 b,9.16894621,120.45696625,8.3249113,0.0888,0.0,5995.0,1.142,1.052,2020.0,Transit,142.488
SWEEPS-11 b,12.666,3082.82,1.796,0.03,,,1.1,1.45,2006.0,Transit,8500.0
Kepler-24 c,2.514,9.99,12.33,0.10612,0.014,6028.0,1.06,1.099,2011.0,Transit,1156.81
Kepler-57 b,3.135,25.06,5.72,0.05988,0.0162,5187.9,0.859,0.826,2012.0,Transit,644.14
TOI-3894 b,15.27784069,260.61929374,4.33454,0.05354,0.05,6000.0,1.138,1.502,2024.0,Transit,417.365
TOI-3321 b,15.55806521,176.07693748,3.6525145,0.047,0.054,5850.0,1.041,1.549,2024.0,Transit,285.895
TOI-1744.01,2.68,7.65,22.341702927,0.164086,,6179.0,1.18,1.14,2024.0,Transit,114.39
K2-360 c,4.02,15.23,9.79692,0.0883,0.11,5679.0,0.958,0.98,2024.0,Radial Velocity,232.1
WASP-132 b,10.09929161,136.0305582,7.1335164,0.0674,0.0163,4686.0,0.789,0.758,2016.0,Transit,122.91
TOI-469.01,3.41,9.1,13.6308205,0.111,0.0,5289.0,0.901,0.98,2021.0,Transit,68.192
K2-260 b,18.41635529,546.66486004,2.62669762,0.04392,0.053,6860.0,1.637,1.755,2018.0,Transit,663.834
K2-237 b,16.06246934,434.15360396,2.18053332,0.03552,0.03,6180.0,1.256,1.236,2018.0,Transit,314.995
TOI-1772.01,2.905,8.78,8.054246874,0.078375,,5583.0,0.99,0.995,2024.0,Transit,97.7562
WASP-132 c,1.841,6.26,1.01153624,0.01833,0.0,4686.0,0.789,0.758,2022.0,Transit,122.91
BD-17 63 b,12.8,1639.99458012,655.57,1.34,0.5439,4714.0,0.741,0.74,2008.0,Radial Velocity,34.4603
K2-261 b,9.26982704,68.96876432,11.6334681,0.1086,0.274,5490.0,1.107,1.663,2018.0,Transit,213.283
K2-321 b,2.05124347,4.86,2.2979749,0.02839,0.44,3750.0,0.578,0.595,2020.0,Transit,77.6888
TOI-1777.01,2.246,5.67,14.650111974,0.119466,,5859.0,1.06,0.98,2024.0,Transit,79.7665
HD 20794 d,2.04,4.8,89.68,0.3625,0.077,5368.0,0.79,0.93,2011.0,Radial Velocity,6.00278
HD 175167 b,12.3,4703.8604236,1175.0,2.4,0.51,5635.0,1.09,1.75,2009.0,Radial Velocity,71.0863
Kepler-289 d,3.03,5.33,66.0282,0.33,,5990.0,1.08,1.0,2014.0,Transit,704.438
Kepler-289 c,11.23,157.18,125.8723,0.50155,0.0,5990.0,1.08,1.0,2014.0,Transit,704.438
K2-167 b,2.36509493,6.5,9.978541,0.0932,0.48,6310.0,1.084,1.499,2018.0,Transit,80.8994
K2-265 b,1.70824866,7.3418362,2.36902,0.03359,0.16,5420.0,0.901,0.92,2018.0,Transit,138.671
Kepler-289 b,2.49,3.7,34.5383,0.21183,0.0,5990.0,1.08,1.0,2014.0,Transit,704.438
KELT-24 b,12.71098411,1458.83238813,5.55149296,0.0665,0.0319,6426.0,1.268,1.338,2019.0,Transit,96.5173
TOI-3568 b,5.3,26.4,4.417965,0.0485,0.035,4969.0,0.78,0.719,2024.0,Transit,197.906
K2-57 b,2.30905002,5.94,9.0073,0.0752,0.25,4413.0,0.699,0.671,2016.0,Transit,264.213
K2-54 b,2.6116925,7.33,9.7833,0.0761,0.24,3990.0,0.615,0.643,2016.0,Transit,174.955
TOI-4638.01,2.933,8.92,10.283918787,0.093013,,5700.0,1.02,0.895,2024.0,Transit,168.248
TOI-5076 b,3.48935569,16.14568308,23.443162,0.1481,0.0,4780.0,0.789,0.844,2024.0,Transit,82.857
K2-77 b,2.4996027,603.877,8.2000844,0.0753,0.29,5160.0,0.847,0.792,2016.0,Transit,141.731
K2-180 b,2.46597575,11.41003981,8.865663,0.0756,0.075,5365.0,0.735,0.719,2018.0,Transit,203.896
TOI-2458 c,3.18,10.22,16.553,0.129,0.29,6005.0,1.05,1.31,2024.0,Radial Velocity,112.958
K2-97 b,13.45077684,174.48779544,8.407115,0.0854,0.207,4673.0,1.17,4.14,2016.0,Transit,878.43
K2-182 b,2.71257333,20.97667486,4.7369696,0.05174,0.071,5128.0,0.823,0.789,2018.0,Transit,154.83
NGTS-33 b,18.38272835,1153.71711741,2.827972,0.048,0.0,7437.0,1.6,1.47,2024.0,Transit,437.855
Kepler-105 b,2.53,10.8,5.4122034,0.06016,0.02,5933.0,0.991,1.026,2013.0,Transit,459.223
TOI-2537 b,11.25381662,415.40172795,94.1022,0.3715,0.364,4870.0,0.771,0.771,2024.0,Transit,184.986
K2-98 b,5.06645928,34.00763955,10.1367349,0.0986,0.119,6260.0,1.246,1.518,2016.0,Transit,518.625
K2-114 b,10.59248676,638.83509807,11.390931,0.0944,0.079,4899.0,0.863,0.832,2017.0,Transit,475.758
TOI-4994 b,8.54124329,88.99195396,21.491984,0.1515,0.319,5640.0,1.005,1.055,2024.0,Transit,329.304
Kepler-105 c,1.44,5.6,7.12592,0.07229,0.02,5933.0,0.991,1.026,2014.0,Transit,459.223
TOI-2295 c,12.8,1783.01736327,966.5,2.018,0.194,5730.0,1.168,1.459,2024.0,Radial Velocity,126.279
TOI-5110 b,11.98240037,921.7023803,30.158577,0.2157,0.745,6160.0,1.469,2.333,2024.0,Transit,392.259
TOI-2537 c,12.7,2297.89938261,1920.0,2.78,0.287,4870.0,0.771,0.771,2024.0,Radial Velocity,184.986
MOA-2008-BLG-310L b,5.18,23.4,,1.1,,,0.21,,2009.0,Microlensing,7700.0
K2-115 b,11.80305668,321.00669107,20.2729914,0.1415,0.063,5870.0,0.918,0.855,2017.0,Transit,413.591
K2-277 b,2.18575124,7.4,6.326768,0.0664,0.52,5680.0,0.974,0.973,2018.0,Transit,113.123
TOI-406 c,1.32,2.08,3.307441,0.0322,0.032,3392.0,0.408,0.41,2024.0,Transit,31.0597
TOI-5005 b,6.25,32.7,6.3085044,0.06614,,5749.0,0.97,0.93,2024.0,Transit,207.891
HD 86728 b,3.03,9.43,31.1515,0.1916,0.067,5610.0,0.967,1.237,2025.0,Radial Velocity,14.9202
KMT-2021-BLG-2609L b,3.17,10.17050902,,2.3,,,0.2,,2024.0,Microlensing,7480.0
TOI-5688 A b,10.3,124.0,2.94815527,0.03379,0.128,3713.0,0.6,0.57,2024.0,Transit,226.318
HD 222237 b,12.8,1649.52943233,14892.0,10.8,0.56,4751.0,0.76,0.71,2024.0,Radial Velocity,11.4469
HD 21520 b,2.697,17.7,25.1292,0.1726,0.0,5871.0,1.09,1.044,2024.0,Transit,79.208
TOI-2768 b,2.63,7.41,1.50801,0.027,,4008.0,0.63,0.657,2024.0,Transit,78.4525
TOI-1174 b,2.562,32.0,8.953487683,0.07994,0.0,5030.0,0.85,0.76,2024.0,Transit,94.6375
TOI-2981 b,13.4,638.0,3.601501,0.048,0.035,5940.0,1.03,1.08,2024.0,Transit,527.789
TOI-1180 b,3.072,10.0,9.686760378,0.080799,0.0,4738.0,0.75,0.73,2024.0,Transit,72.0238
OGLE-2016-BLG-1800L b,13.2,823.17557413,,1.88,,,0.41,,2024.0,Microlensing,6480.0
TOI-5713 b,1.77,3.78,10.441989,0.06008,0.24,3225.0,0.2653,0.2992,2024.0,Transit,40.8668
TOI-6002 b,1.65,3.36,10.904821,0.05722,0.15,3229.0,0.2101,0.2432,2024.0,Transit,32.0266
HD 135694 b,2.857,6.1,15.923475568,0.124695,0.0,5712.0,1.02,1.08,2023.0,Transit,73.8713
TOI-1295 b,15.69257298,451.31633794,3.1968838,0.047,0.024,6280.0,1.38,1.7,2024.0,Transit,388.227
TOI-6130 b,14.3474953,333.71982735,2.392679,0.036,0.036,6110.0,1.31,1.51,2024.0,Transit,220.882
TOI-1437 b,2.24,9.6,18.840942,0.14,0.17,6008.0,1.1,1.17,2024.0,Transit,103.297
HD 183579 b,3.49,20.4,17.471291,0.1322,0.061,5784.0,0.996,0.96,2021.0,Transit,57.2651
KMT-2023-BLG-1866L b,1.43,2.63,,2.63,,,0.51,,2024.0,Microlensing,6210.0
K2-203 b,1.26549392,2.14,9.6952,0.0824,0.23,5026.0,0.793,0.765,2018.0,Transit,166.147
TOI-6651 b,5.09,61.0,5.056973,0.0633,0.091,5940.0,1.323,1.721,2024.0,Transit,212.128
TOI-1630.01,2.417,6.42,12.055734733,0.101151,,5504.0,0.95,0.83,2024.0,Transit,66.0929
TOI-1467 b,1.92,9.0,5.97114713,0.050748,0.0,3834.0,0.489,0.491,2024.0,Transit,37.4418
TOI-1659.01,2.255,5.71,5.877556328,0.065757,,5977.0,1.1,1.006,2024.0,Transit,122.494
HD 101581 c,0.99,0.937,6.20401,0.0573,,4675.0,0.653,0.63,2025.0,Transit,12.7781
K2-208 b,1.67462172,3.45,4.19097,0.04878,0.37,5500.0,0.881,0.872,2018.0,Transit,256.887
TOI-1716.01,3.143,10.0,8.082376554,0.080496,,5879.0,1.07,1.24,2024.0,Transit,104.158
TOI-6038 A b,6.41,78.5,5.8267311,0.069,,6110.0,1.291,1.648,2025.0,Transit,179.147
HIP 116454 b,2.469,9.7,9.1004157,0.0792,0.215,5048.0,0.8,0.758,2014.0,Transit,62.4491
TOI-2420 b,15.02003414,294.62693329,5.842641,0.0684,0.055,5707.0,1.158,2.369,2024.0,Transit,435.174
K2-225 b,3.60929179,12.7,15.8723,0.1409,0.23,5520.0,1.482,1.7,2018.0,Transit,357.778
TOI-1739 b,1.946,4.45,8.303341406,0.073872,,4814.0,0.78,0.781,2024.0,Transit,70.9819
HD 73344 d,13.2,810.46243785,5823.0,6.7,0.18,6148.0,1.19,1.22,2025.0,Radial Velocity,35.26
TOI-2485 b,12.1393261,766.60211768,11.23479,0.1093,0.0341,6016.4,1.163,1.72,2024.0,Transit,397.953
K2-7 b,4.03523305,15.3,28.6781,0.1867,0.24,5700.0,1.056,1.533,2015.0,Transit,738.553
HD 118203 c,12.4,3747.19691853,5103.0,6.28,0.26,5742.0,1.27,2.04,2024.0,Radial Velocity,92.2589
TOI-4734 b,10.9175472,61.65871096,6.235633,0.074,0.12,6070.0,1.391,1.857,2025.0,Transit,563.068
TOI-1453 c,2.224,2.95,6.5886982,,0.0,4975.0,0.715,0.72,2025.0,Transit,78.7415
TOI-3493 b,3.22,8.97,8.1594667,,,5844.0,1.023,1.228,2025.0,Transit,96.7224
TOI-2969 b,12.32987877,368.68095212,1.8237146,0.0261,0.0,4738.0,0.71,0.7,2025.0,Transit,163.996
TOI-5300 b,9.86390302,190.6970442,2.262196,0.0295,0.0,4610.0,0.67,0.65,2025.0,Transit,162.51
TOI-4794 b,14.35870428,308.29355479,3.5658116,0.0492,0.1,6390.0,1.25,1.451,2025.0,Transit,543.008
TOI-2443 b,2.363,4.8,15.66858,0.105,0.301,4375.0,0.642,0.631,2023.0,Transit,23.9258
OGLE-2016-BLG-0007L b,1.09,1.32,14200.0,10.1,,,0.59,,2025.0,Microlensing,4300.0
TOI-5340 b,15.07607904,270.15414595,4.9394392,0.0628,0.13,5990.0,1.35,1.842,2025.0,Transit,532.629
AT2021ueyL b,13.6,425.89006538,4168.69,4.01,,3680.0,0.49,,2025.0,Microlensing,1040.0
Kepler-10 c,2.355,11.29,45.294301,0.241,0.136,5708.0,0.91,1.065,2011.0,Transit,185.506
TOI-2407 b,4.26,16.8,2.702969,0.033,0.08,3530.0,0.548,0.567,2025.0,Transit,92.4366
TOI-5386 A b,14.70618268,155.10026262,3.62156552,0.04856,0.072,6094.0,1.165,1.245,2025.0,Transit,394.486
TOI-2015 c,2.93,8.91,5.582796,0.041232,0.00033,3297.0,0.3041,0.3273,2025.0,Transit Timing Variations,47.3444
TOI-2015 b,3.309,9.2,3.348237,0.029322,0.0789,3297.0,0.3041,0.3273,2023.0,Transit,47.3444
GJ 3998 b,1.39,2.5,2.65033,0.03,0.0,3726.0,0.52,0.5,2016.0,Radial Velocity,18.1459
TOI-1117 b,2.46,8.9,2.22816,0.033,0.0,5635.0,0.97,1.05,2025.0,Transit,167.598
GJ 3998 c,2.5,6.82,13.727,0.09,0.0,3726.0,0.52,0.5,2016.0,Radial Velocity,18.1459
TOI-640 b,19.2794468,181.16219199,5.003777,0.06608,0.013,6460.0,1.536,2.082,2021.0,Transit,341.997
K2-157 d,5.16,23.3,66.5,0.309,0.5,5334.0,0.89,0.86,2025.0,Radial Velocity,298.373
TOI-1117 c,2.91,8.78,4.579,0.0534,0.0,5635.0,0.97,1.05,2025.0,Radial Velocity,167.598
TOI-1117 d,3.27,10.71,8.665,0.0817,0.0,5635.0,0.97,1.05,2025.0,Radial Velocity,167.598
Proxima Cen d,0.692,0.26,5.12338,0.02881,0.0,2900.0,0.1221,0.141,2025.0,Radial Velocity,1.30119
Proxima Cen b,1.02,1.055,11.18465,0.04848,0.0,2900.0,0.1221,0.141,2016.0,Radial Velocity,1.30119
LP 261-75 b,12.1,6674.396547,,450.0,,3138.0,0.22,0.308,2006.0,Imaging,33.928
TIC 88785435 b,5.03,22.3,10.508843,0.08432,0.131,3998.0,0.724,0.911,2025.0,Transit,122.386
TOI-1238 c,2.11,8.32,3.294736,0.037,0.15,4089.0,0.59,0.58,2022.0,Transit,70.7145
TOI-1238 b,1.21,3.76,0.764597,0.0139,0.25,4089.0,0.59,0.58,2022.0,Transit,70.7145
KOI-1843.03,0.61,8.0,0.1768913,0.005,,3584.0,0.46,0.45,2013.0,Transit,134.311
TOI-5143 c,16.25302201,,5.2097118,0.05602,,5183.0,0.864,0.852,2025.0,Transit,181.38
TOI-1803 b,2.99,10.32,6.293287,0.06,0.0,4687.0,0.756,0.715,2025.0,Transit,119.24
TOI-5882 b,11.46678726,6995.40323807,7.148972,0.0804,0.0339,5920.0,1.334,2.26,2025.0,Transit,416.104
TOI-4465 b,14.01122587,1872.00931723,101.94054,0.416,0.24,5545.0,0.93,1.014,2025.0,Transit,121.139
TOI-1478 b,11.99360935,279.68899816,10.1802117,0.0818,0.055,5597.0,0.947,1.048,2021.0,Transit,152.892
HIP 67851 b,13.7,365.50266805,89.23,0.42,0.13,4840.0,1.28,5.45,2015.0,Radial Velocity,64.1181
HIP 67851 c,12.7,2204.77565936,3128.41,4.55,0.3,4840.0,1.28,5.45,2015.0,Radial Velocity,64.1181
TOI-2346 b,16.11851425,394.10722468,3.3312029,0.0473,0.086,6480.0,1.271,1.38,2025.0,Transit,437.484
HD 94890 b,13.3,676.97450691,824.61,2.07,0.22,4867.0,1.74,10.71,2025.0,Radial Velocity,61.7012
HD 87816 b,12.7,2142.16346318,484.17,1.618,0.78,4989.0,2.41,9.0,2025.0,Radial Velocity,133.233
TOI-2886 b,18.6405349,444.9597698,1.60200105,0.02871,0.11,6240.0,1.229,1.241,2025.0,Transit,413.673
TOI-2876 b,9.6397234,54.03082919,6.2996431,0.0654,0.13,5271.0,0.939,0.873,2025.0,Transit,225.744
TOI-2986 b,9.292245,96.61983573,3.2783662,0.04489,0.14,5906.0,1.122,1.458,2025.0,Transit,563.149
WASP-116 b,13.67495645,203.41018048,6.6132,0.065,0.0,6250.0,1.25,1.426,2025.0,Transit,559.243
HD 102888 b,12.8,1808.44363583,252.06,1.05,0.11,4990.0,2.42,8.6,2025.0,Radial Velocity,126.484
HD 94890 c,12.5,2831.85110637,2492.19,4.33,0.05,4867.0,1.74,10.71,2025.0,Radial Velocity,61.7012
TOI-3135 b,13.65253849,327.36325921,3.7065585,0.04756,0.24,5890.0,1.044,0.985,2025.0,Transit,221.673
Gaia-4 b,12.4,3750.3752026,571.3,,0.338,4034.0,0.644,0.624,2025.0,Astrometry,73.4829
WASP-188 b,14.81827249,458.6263913,5.748916,0.072,0.0,6850.0,1.5,1.83,2025.0,Transit,675.281
WASP-154 b,10.76062147,198.96058278,3.811678,0.044,0.0,4774.0,0.8,0.823,2025.0,Transit,215.501
TIC 434398831 b,3.51,12.1,3.685504,0.04641,0.04,5638.0,0.992,0.909,2025.0,Transit,217.011
TOI-3464 b,13.7646283,397.28550875,3.6515568,0.0515,0.25,6370.0,1.363,1.56,2025.0,Transit,597.774
HR 858 c,1.979,3.8,5.973865,0.0687,0.0,6354.0,1.204,1.258,2019.0,Transit,31.964
WASP-197 b,14.44837612,403.32424848,5.167228,0.065,0.0,6050.0,1.36,2.112,2025.0,Transit,483.675
WASP-102 b,14.90794433,197.68926915,2.709813,0.041,0.0,5990.0,1.08,1.375,2025.0,Transit,535.689
TOI-3486 b,10.5700688,99.16246298,2.21778105,0.03138,0.078,4930.0,0.837,0.788,2025.0,Transit,154.715
TOI-2328 b,9.97599282,50.85254512,17.10197,0.127,0.057,5525.0,0.95,0.9,2025.0,Transit,231.782
TOI-3837 b,10.87271128,187.51876013,11.88865,0.099,0.221,5905.0,0.89,1.2,2025.0,Transit,311.705
Gl 410 b,2.83,8.4,6.02,0.0531,,3842.0,0.55,0.543,2025.0,Radial Velocity,11.9324
HD 219666 b,4.898,17.6,6.034468,0.06356,0.05,5540.0,1.02,1.059,2018.0,Transit,94.1719
TOI-3682 b,12.80065596,69.28659273,3.3462406,0.048,0.22,5703.0,1.32,1.735,2025.0,Transit,404.211
TOI-6628 b,10.98480109,235.19302118,18.18424,0.134,0.67,5463.0,0.97,1.01,2025.0,Transit,320.527
Kepler-289 e,2.94,17.4,330.0716,0.9342,0.0,5990.0,1.061,0.985,2025.0,Transit,704.438
KMT-2022-BLG-2076L b,13.9,279.68899816,,5.67,,,0.67,,2025.0,Microlensing,5570.0
TOI-4214 b,10.68215861,165.27077164,3.4913885,0.05018,0.17,6370.0,1.382,1.434,2025.0,Transit,346.881
GJ 581 c,2.5,6.81,12.9211,0.0718,0.032,3500.0,0.295,0.302,2007.0,Radial Velocity,6.2981
G 192-15 c,3.87,14.3,1219.0,1.137,0.676,2999.0,0.132,0.170718,2025.0,Radial Velocity,9.53114
G 268-110 b,1.13,1.52,1.43263,0.01283,0.0,,0.137,0.177,2025.0,Radial Velocity,
TOI-2449 b,11.24,222.0,106.14468,0.45,0.098,6021.0,1.079,1.065,2025.0,Transit,156.786
KMT-2024-BLG-2242L b,3.82,13.98444991,,0.89,,,0.069,,2025.0,Microlensing,7620.0
GJ 508.2 b,,587.98255295,5300.0,4.85,0.27,3720.0,0.54,0.53,2025.0,Radial Velocity,16.6374
GJ 3512 c,14.3,143.97626837,2354.0,1.731,0.089,3141.0,0.123,0.139,2020.0,Radial Velocity,9.48637
HD 28471 b,1.75,3.72,3.1649,0.042,0.195,5766.0,0.98,1.08,2025.0,Radial Velocity,43.6455
HD 28471 c,2.26,5.72,6.1245,0.065,0.088,5766.0,0.98,1.08,2025.0,Radial Velocity,43.6455
NGTS-32 b,15.91675259,181.16219199,3.31211,0.044,0.0,5680.0,1.07,1.85,2025.0,Transit,837.457
HD 143811 AB b,15.69257298,1938.7532827,117000.0,63.0,0.19,6791.0,1.32,1.68398,2025.0,Imaging,136.608
AF Lep b,13.0,1147.36054927,8905.0,8.996,0.015,6140.0,1.218,1.25,2023.0,Imaging,26.8564
TOI-238 b,1.559,3.37,1.273099,0.0212,0.18,5059.0,0.781,0.756,2024.0,Transit,80.5407
HD 152843 b,3.05,9.82,11.62071,0.1049,0.046,6310.0,1.15,1.43,2021.0,Transit,107.898
MOA-2022-BLG-033L b,3.52,12.15,,2.15,,,0.51,,2025.0,Microlensing,1840.0
HD 28471 d,2.06,4.91,11.681,0.1,0.093,5766.0,0.98,1.08,2025.0,Radial Velocity,43.6455
HD 152843 c,5.94,9.67,19.502104,0.1482,0.074,6310.0,1.15,1.43,2021.0,Transit,107.898
KMT-2023-BLG-1896L b,4.19,16.35,,2.86,,,0.72,,2025.0,Microlensing,5490.0
KMT-2023-BLG-0119L b,11.0,83.7,,3.14,,,0.71,,2025.0,Microlensing,5410.0
TOI-6054.02,2.82,9.3,12.563636,0.1079,0.332,6047.0,1.107,1.662,2024.0,Transit,79.407
WASP-110 b,13.19297028,154.78243421,3.7784022,,0.0,5392.0,0.814,0.853,2021.0,Transit,274.96
K2-233 d,2.363,10.3,24.3681,0.1516,0.18,4796.0,0.79,0.71,2018.0,Transit,67.5062
K2-233 c,1.272,4.6,7.06024,0.0664,0.0,4796.0,0.79,0.71,2018.0,Transit,67.5062
BEBOP-4 AB b,,8358.8871041,1823.5,3.634,0.428,5701.43,1.507,2.75645,2025.0,Radial Velocity,234.294
2MASS J22501512+2325342 b,11.9,9534.85221,,518.0,,3352.0,0.433173,0.437589,2018.0,Imaging,57.2309
WASP-4 b,15.12091496,381.3940884,1.338230994,0.02261,0.0053,5436.0,0.899,0.912,2007.0,Transit,267.206
Kepler-391 b,2.5,1100.0,7.4175,0.083,0.46,5038.0,1.27,2.879,2014.0,Transit,869.236
GJ 251 b,1.79,3.85,14.237,0.0808,0.0,3342.0,0.35,0.36,2020.0,Radial Velocity,5.58057
TOI-1438 b,3.04,9.4,5.13967,0.0553,0.0,5230.0,0.876,0.82,2025.0,Transit,110.513
GJ 536 c,2.3,5.89,32.761,0.1617,0.0,3641.0,0.528,0.529,2025.0,Radial Velocity,10.4092
TOI-1438 c,2.75,10.6,9.428089,0.083,0.0,5230.0,0.876,0.82,2025.0,Transit,110.513
Kepler-391 c,2.88,450.0,20.501,0.164,0.27,5038.0,1.27,2.879,2014.0,Transit,869.236
TOI-756 b,2.81,9.83,1.2392495,0.018,0.0,3657.0,0.505,0.505,2025.0,Transit,86.1759
TOI-756 c,13.0,1287.20504835,149.4,0.439,0.445,3657.0,0.505,0.505,2025.0,Radial Velocity,86.1759
HD 224018 d,2.4,4.2,138.0731,0.53,0.04,5784.0,1.013,1.147,2025.0,Transit,105.48
TOI-2141 c,2.35,6.14,5.4624,0.0585,,5635.0,0.896,0.95,2025.0,Radial Velocity,77.682
TOI-6448 b,8.47398941,54.0,14.844261,0.131,0.2,5910.0,1.03,0.897,2025.0,Transit,386.879
K2-214 b,2.51,6.85,8.59656,0.0834,,5875.0,1.03,1.236,2018.0,Transit,300.64
51 Eri b,,3464.3296363,9100.0,10.4,0.57,7422.0,1.75,1.45,2015.0,Imaging,29.7575
TOI-1203.01,2.918,7.39,25.502672,0.1632,0.032,5737.0,0.886,1.179,2021.0,Transit,64.9943
TOI-2093 c,2.3,15.8,53.81149,0.257,0.0,4426.0,0.745,0.729,2025.0,Transit,82.7982
KMT-2024-BLG-1209L b,13.2,839.06699448,,2.51,,,0.77,,2025.0,Microlensing,3930.0
HD 135344 A b,16.25302201,3178.28407,,16.5,0.5,9540.0,2.32,1.5,2025.0,Imaging,141.595
K2-10 b,3.773,25.2,19.30553,0.137,0.31,5533.0,0.88,0.956,2015.0,Transit,272.36
TOI-1203 b,1.52,3.51,4.1572888,0.04869,0.067,5737.0,0.886,1.179,2025.0,Radial Velocity,64.9943
TOI-1203 c,2.2,5.46,13.0766,,0.092,5737.0,0.886,1.179,2025.0,Radial Velocity,64.9943
HIP 18606 b,14.0,244.72787339,674.94,1.61,,4860.0,1.21,4.83,2025.0,Radial Velocity,47.0288
HIP 111909 c,13.9,257.44100967,893.63,1.97,,4891.0,1.28,4.53,2025.0,Radial Velocity,88.077
TIC 257060897 b,17.26183028,201.50321004,3.66003639,0.04922,0.039,5993.0,1.187,1.863,2021.0,Transit,505.703
OGLE-2016-BLG-1266L b,12.4,3813.940884,,0.43,,,0.015,,2018.0,Microlensing,3080.0
BD+37 3172 b,12.4,3368.9811142,1887.76,4.65,0.59,4500.0,3.75,50.24,2023.0,Radial Velocity,454.251
TOI-654.01,2.378,8.71,1.527561,0.01944,0.0,3521.0,0.419,0.43,2024.0,Transit,57.7553
K2-37 b,1.39,2.51,4.4434,0.05105,,5352.0,0.84,0.809,2016.0,Transit,179.943
K2-37 d,2.31,12.5,14.09229,0.1102,,5352.0,0.84,0.809,2016.0,Transit,179.943
K2-55 b,4.43,44.0,2.849271,0.03486,0.07,4300.0,0.688,0.715,2016.0,Transit,159.522
TOI-5261 b,11.60129502,3651.84839643,4.1509768,0.05134,0.1585,5790.0,1.037,1.021,2025.0,Transit,377.054
TOI-4773 b,15.22179579,1687.66884117,1.7452851,0.03216,0.024,6740.0,1.452,1.55,2025.0,Transit,492.888
BD+42 2315 b,14.2,174.80562385,123.05,0.54,0.73,4500.0,1.38,17.85,2023.0,Radial Velocity,610.715
Ross 176 b,1.84,4.57,5.0066338,0.0464,0.25,4041.0,0.577,0.569,2025.0,Transit,46.4488
K2-62 c,1.99,4.62,16.19697,0.1148,,4455.0,0.67,0.696,2016.0,Transit,112.467
K2-61 b,1.92,4.35,2.57336,0.0392,,5748.0,0.97,0.995,2016.0,Transit,405.732
TOI-6420 b,11.93756445,2606.1929374,6.961508,0.0753,0.078,6020.0,1.165,1.312,2025.0,Transit,634.712
TOI-5350 b,12.41955062,2094.48920213,7.581367,0.0796,0.0165,6220.0,1.167,1.263,2025.0,Transit,277.419
TOI-5817 b,3.08,10.3,15.61031,0.1223,0.2,5770.0,0.97,1.427,2025.0,Transit,80.7542
K2-73 b,2.58,9.2,7.49556,0.07619,,5867.0,1.02,1.058,2016.0,Transit,269.183
TOI-5799 b,1.733,3.65,4.164507,0.0348,,3452.0,0.325,0.321,2024.0,Transit,27.8123
TOI-1346 b,2.39,6.3,1.7622538,,,5099.0,0.82,0.78,2025.0,Transit,115.45
TOI-1346 c,2.23,5.6,5.502558,,,5099.0,0.82,0.78,2025.0,Transit,115.45
K2-105 b,3.4,15.4,8.26726,0.0796,0.0,5373.0,0.94,0.905,2017.0,Transit,197.989
TOI-5799 c,1.76,3.75,14.010449,0.0782,,3452.0,0.325,0.321,2025.0,Transit,27.8123
TOI-6223 b,5.07,22.6,3.855219,0.04018,,3895.0,0.582,0.576,2025.0,Transit,133.122
KOI-351 g,7.718,15.0,210.73514,0.71704,0.0292,6031.13,1.242,1.185,2013.0,Transit,848.254
HD 63433 c,2.692,15.539,20.5438281,0.146,0.21,5553.0,0.956,0.934,2020.0,Transit,22.4035
HD 17156 b,12.26262489,1036.12060682,21.2164294,0.1632,0.6772,6046.0,1.285,1.517,2007.0,Radial Velocity,78.0863
TOI-6000 b,0.94,0.779,0.448959,,,3419.0,0.37,0.38,2025.0,Transit,75.7664
K2-189 c,2.31,5.95,6.67932,0.068,,5442.0,0.85,0.879,2018.0,Transit,242.113
KMT-2024-BLG-0404L b,11.9,8657.64580668,,0.85,,,0.09,,2025.0,Microlensing,7210.0
KMT-2024-BLG-1281L b,4.59,19.06970442,,1.96,,,0.32,,2025.0,Microlensing,7180.0
GJ 317 b,13.3,794.5,695.69,1.138,0.0826,3496.0,0.402,0.403,2007.0,Radial Velocity,15.1968
TOI-6303 b,11.59,2493.0,9.485236,0.0761,0.02,3977.0,0.644,0.609,2025.0,Transit,152.219
LHS 1903 d,2.5,5.96,12.566287,0.08604,0.112,3664.0,0.538,0.539,2026.0,Transit,35.6917
LHS 1903 e,1.732,5.79,29.31773,0.15135,0.014,3664.0,0.538,0.539,2026.0,Transit,35.6917
WASP-120 b,15.58048317,1541.4755,3.61126721,0.0514,0.057,6450.0,1.393,1.68443,2016.0,Transit,381.174
WASP-140 b,14.23540549,775.5052,2.23598448,0.0323,0.047,5300.0,0.9,0.87,2016.0,Transit,117.598
HD 85426 c,3.19,10.3,35.73,,0.06,5746.0,0.991,1.1303,2026.0,Radial Velocity,53.974
TOI-1774.01,2.78,8.5,16.70988,,0.05,5746.0,0.991,1.1303,2021.0,Transit,53.974
HD 176986 b,,1487.75477317,6.49164,0.062956,0.066,4931.0,0.789,0.782,2017.0,Radial Velocity,27.7843
KOINTREAU-3 b,13.1,1080.6165838,,342.0,,3920.0,0.41,0.730795,2026.0,Imaging,140.563
PDS 70 b,21.96960217,1017.0509024,43500.0,20.8,0.17,4109.0,0.982,1.26,2018.0,Imaging,113.064
HD 176986 d,2.49,6.76,61.376,0.28149,,4931.0,0.789,0.782,2026.0,Radial Velocity,27.7843
TOI-6692 b,11.67975789,197.05361234,131.125,0.512,0.537,5890.0,1.047,1.385,2026.0,Transit,312.903
TOI-4342 b,2.329,7.3,5.5382592,0.0519,0.0,3866.0,0.587,0.598,2023.0,Transit,61.5204
PDS 70 c,22.19378179,2383.7130525,,34.3,0.037,4109.0,0.982,1.26,2019.0,Imaging,113.064
V2376 Ori b,87.20586985,6356.56814,,71.0,,,0.45,,2025.0,Imaging,
TOI-5489 b,1.4,2.54,3.15222,,,3547.0,0.41,0.42,2025.0,Transit,45.0907
HD 208487 b,14.3,146.20106722,129.36,0.53,0.37,6134.0,1.15,1.16,2004.0,Radial Velocity,45.147
HD 181433 b,,1708.64551603,9.3745,0.0828,0.396,4918.0,0.86,0.79,2008.0,Radial Velocity,26.8762
TOI-1135 b,9.91994792,58.79825529,8.0277327,0.0815,0.062,6320.0,1.119,1.202,2024.0,Transit,114.048
TOI-5716 b,0.96,0.84,6.7663,,,3436.0,0.19,0.22,2025.0,Transit,39.4122
HD 181433 d,13.2,858.1366989,6896.1,6.74,0.444,4918.0,0.86,0.79,2008.0,Radial Velocity,26.8762
HD 181433 c,,2207.00045821,1018.5,1.885,0.2402,4918.0,0.86,0.79,2008.0,Radial Velocity,26.8762
DMPP-1 b,4.26,16.8,17.812,0.1423,0.2,6196.0,1.21,1.26,2019.0,Radial Velocity,62.5388
HD 202206 b,12.1,6849.20217085,256.26,0.81,0.426,5764.23,1.06,1.04,2026.0,Radial Velocity,45.9665
TOI-4940 b,6.61,89.0,25.867811,0.165,,5504.0,1.012,1.163,2025.0,Transit,345.659
TOI-5734 b,2.1,9.1,6.1841876,0.05921,,4750.0,0.724,0.639,2026.0,Transit,32.5102
GJ 480 b,2.91,8.8,9.5536,0.068,0.0,3509.0,0.45,0.449,2020.0,Radial Velocity,14.2358
DMPP-1 d,2.02,4.72,3.1417,0.04467,0.36,6196.0,1.21,1.26,2019.0,Radial Velocity,62.5388
DMPP-2 b,14.2,171.48,5.203,0.06638,0.06,6500.0,1.41,1.78,2019.0,Radial Velocity,137.94
K2-19 d,1.044,6.2,2.50827,0.03478,0.44,5350.0,0.892,0.824,2016.0,Transit,289.827
NGTS-35 b,10.9,152.0,25.241192,0.16,0.192,4717.0,0.789,0.753,2025.0,Transit,183.078
TOI-2267 c,1.14,1.55,3.4950412,0.0263,,3030.0,0.171,0.2075,2025.0,Transit,22.55
TOI-2267 b,1.0,0.972,2.28909,0.0205,,3030.0,0.171,0.2075,2025.0,Transit,22.55
HD 39194 c,2.65,7.49,14.0309,0.1083,0.078,5205.0,0.86,0.783742,2021.0,Radial Velocity,26.4131
DMPP-3 A b,1.44,2.67,5.59,0.05958,0.42,5138.0,0.9,0.91,2019.0,Radial Velocity,46.8917
TOI-5007 b,11.07447293,211.03806225,2.543371,0.0307,0.074,3793.0,0.632,0.656,2026.0,Transit,203.352
TOI-7166 b,2.01,4.7,12.92063621,0.06191,0.0,3099.0,0.19,0.222,2025.0,Transit,35.4153
TOI-375 b,10.77183045,236.78216321,9.45469,0.099,0.087,5259.9,1.441,2.9,2026.0,Transit,396.213
TOI-5422 b,9.10169233,8899.195396,5.377219,0.0619,0.094,5820.0,1.066,1.474,2026.0,Transit,346.141
HD 28185 b,12.8,1859.29618095,385.92,1.034,0.063,5602.0,0.974,1.048,2001.0,Radial Velocity,39.3809
XO-3 b,14.79585452,4217.58296089,3.19152309,0.04815,0.2791,6970.0,1.449,1.523,2007.0,Transit,213.053
DMPP-6 c,3.74,13.47,36.441,0.2206,0.31,6182.09,1.079,1.27,2026.0,Radial Velocity,54.6303
TOI-7510 b,7.31,18.1,11.530869,0.1019,0.0572,5720.0,1.063,1.035,2025.0,Transit,249.006
TOI-5788 c,2.272,6.4,16.213362,0.1197,0.046,5615.0,0.87,0.87,2026.0,Transit,97.614
TOI-5788 b,1.528,3.72,6.340758,0.064,0.061,5615.0,0.87,0.87,2026.0,Transit,97.614
DMPP-9 b,3.89,14.43,12.733,0.1097,0.25,6092.0,1.1,1.26,2026.0,Radial Velocity,109.539
HD 72659 c,12.1,6165.8710958,35500.0,21.5,0.114,5929.0,1.033,1.36,2022.0,Radial Velocity,51.8949
KMT-2020-BLG-0202L b,12.4,3902.93283796,,4.17,,,0.81,,2026.0,Microlensing,3840.0
KMT-2022-BLG-1551L b,13.2,940.77208472,,2.29,,,0.54,,2026.0,Microlensing,6900.0
HD 95338 b,4.27174254,42.9,55.082694,0.262,0.197,5097.0,0.848,0.868,2020.0,Radial Velocity,36.9941
KMT-2022-BLG-1818L b,13.0,1271.313628,,2.6,,,0.79,,2026.0,Microlensing,5300.0
TOI-1243 b,2.33,7.7,4.6594779,,,3515.0,0.515,0.511,2026.0,Transit,43.1865
TOI-5938 b,3.82,14.0,2.260424,0.0308,,4650.0,0.744,0.712,2026.0,Transit,114.035
TOI-7009 b,3.71,13.3,2.3206612,0.0287,,4080.0,0.583,0.564,2026.0,Transit,184.12
KMT-2025-BLG-0121L b,12.6,2469.52672239,,3.05,,,0.61,,2026.0,Microlensing,6200.0
HD 28109 b,2.69,6.2,22.891054,0.1357,0.0071,6189.0,1.227,1.425,2022.0,Transit,139.611
TOI-5388.01,0.99,2.2,2.5946748,0.024335855,,3440.0,0.292,0.3,2024.0,Transit,18.5226
KMT-2024-BLG-2087L b,12.9,1395.26670673,,3.03,,,0.48,,2026.0,Microlensing,7190.0
HD 100508 b,13.7,381.3940884,5681.0,6.11,0.42,5419.0,0.94,1.0179,2026.0,Radial Velocity,32.7548
HD 114386 c,13.4,117.59651059,444.0,1.05,0.1,4895.0,0.8,0.76,2026.0,Radial Velocity,27.9243
HD 28109 d,3.11,5.8,84.2899,0.411,0.0054,6189.0,1.227,1.425,2022.0,Transit,139.611
KMT-2020-BLG-0414L b,1.2,1.87,,2.07,,,0.49,,2021.0,Microlensing,1220.0
TOI-6716 b,0.982,0.911,4.7185898,0.0319,0.88,3110.0,0.223,0.231,2026.0,Transit,18.8873
HD 154345 b,13.7,376.9444907,3280.0,4.158,0.058,5468.0,0.89,0.85,2006.0,Radial Velocity,18.284
HD 217107 b,13.6,459.57987652,7.1270166,0.07359,0.1284,5622.0,1.045,1.2245,1998.0,Radial Velocity,20.0619
TOI-1472 b,4.058,18.05,6.36338574,0.064,0.041,5100.0,0.87,0.84,2024.0,Transit,121.84
TOI-1648 b,2.54,7.4,7.331602,0.0694,0.178,4850.0,0.83,0.81,2025.0,Transit,69.835
HD 164604 b,12.3,4195.3349724,653.9,1.362,0.479,4663.0,0.77,0.78,2009.0,Radial Velocity,39.3633
HD 164604 c,12.5,3019.3698665,5387.0,5.556,0.196,4663.0,0.77,0.78,2026.0,Radial Velocity,39.3633
HIP 54515 b,12.2,5625.5628039,33000.0,24.8,0.42,8100.0,1.9,1.64915,2026.0,Imaging,82.8101
TOI-1518 b,21.05046575,581.62598481,1.90261131,0.03712,0.01,7299.0,1.88,1.942,2021.0,Transit,225.888
GJ 4274 b,1.53,2.97,1.6339,0.0153,,3228.0,0.18,0.19,2026.0,Radial Velocity,7.23556
LHS 1903 b,1.382,3.28,2.1555098,0.02656,0.015,3664.0,0.538,0.539,2026.0,Transit,35.6917
LHS 1903 c,2.046,4.55,6.226185,0.05387,0.089,3664.0,0.538,0.539,2026.0,Transit,35.6917
TOI-1080 b,1.2,10.7,3.9652482,0.0272,,3065.0,0.1667,0.2019,2026.0,Transit,25.559
TOI-2145 b,12.24020692,1805.26535176,10.261128,0.1117,0.214,6206.0,1.71,2.75,2023.0,Transit,224.731
TIC 231949697 b,1.52831855,2.95,0.90720448719,,,3451.32,0.490679,0.492584,2026.0,Transit,50.2408
CWISEP J193518.59-154620.3 b,12.2,4926.3403085,,2.48,,,0.024,,2025.0,Imaging,14.43
HD 202772 A b,18.2370116,323.54931833,3.3088775,0.05208,0.03,6442.0,1.721,2.554,2019.0,Transit,161.498
TOI-4588 b,2.92922558,8.9,13.11881173651,0.1376,0.0,7746.12,2.018,1.57458,2026.0,Transit,225.181
TOI-4513 b,2.34587608,6.11,9.76042253684,,,5623.93,0.979,0.796628,2026.0,Transit,102.609
TIC 24750448 b,2.43722231,6.51,3.59159193029,,,4545.43,0.69,0.713599,2026.0,Transit,178.146
TOI-4127 b,12.07,743.71847238,56.3987,0.303,0.7484,6096.0,1.23,1.293,2023.0,Transit,319.632
TOI-697 b,2.35859364,6.16,8.60788713593,,,5681.95,0.97,0.968149,2026.0,Transit,93.7714
TOI-4561 b,1.77789214,3.81,8.93547936706,,,5537.93,1.0,0.851957,2026.0,Transit,179.008
TIC 24750448 c,3.09028272,9.75,10.14385270726,,,4545.43,0.69,0.713599,2026.0,Transit,178.146
GJ 1137 c,2.11,5.12,9.6412,0.0835,0.0,5033.8,0.836,0.837,2026.0,Radial Velocity,28.5159
TIC 87422071 b,10.8615023,409.99864503,11.364929,0.106,0.124,6150.0,1.239,1.489,2026.0,Transit,384.758
TOI-883 b,7.17166228,40.7,10.05771848538,,,5713.15,1.003,1.01477,2026.0,Transit,102.637
TOI-4640 b,2.84326517,8.46,2.68566015238,,,5743.01,1.1,1.06715,2026.0,Transit,245.089
TIC 38828280 b,2.62701629,7.4,4.85558984762,,,5046.63,0.84,0.741147,2026.0,Transit,286.415
TIC 147027702 b,10.92875618,346.43296363,44.40523,0.274,0.127,6410.0,1.406,2.136,2026.0,Transit,457.186
TIC 245076932 b,10.87271128,162.09248757,21.61389,0.157,0.428,6130.0,1.117,1.288,2026.0,Transit,303.96
TOI-921 b,3.53409617,12.2,5.12871907628,,,6011.66,1.13,1.14165,2026.0,Transit,294.015
TOI-4930 b,6.93277225,38.4,6.78130241498,,,5624.72,1.04,1.15926,2026.0,Transit,413.757
TIC 62895484 b,3.49391667,12.0,2.83985434327,,,5520.79,0.98,0.874291,2026.0,Transit,294.857
TOI-941 b,6.51165317,34.6,8.51460888787,,,5745.88,1.078,1.1849,2026.0,Transit,263.386
TOI-5159 b,1.54732112,3.01,5.83639428843,,,5156.16,0.9,0.854084,2026.0,Transit,55.1788
TIC 86380416 b,2.4123612,6.4,6.0408643461,,,5723.74,1.07,0.989724,2026.0,Transit,244.68
K2-19 b,7.0,30.8,7.9193,0.07487,0.1,5322.0,0.88,0.82,2015.0,Transit,289.827
TOI-5335 b,4.02422162,15.3,3.61365988443,,,5528.92,0.945,0.916633,2026.0,Transit,331.289
TIC 88692598 b,1.81295951,3.94,2.64909436758,,,3483.17,0.529218,0.532473,2026.0,Transit,73.5258
TOI-1752 b,1.693,3.51,0.9351861,0.01624,,3762.0,0.524,0.53,2026.0,Transit,103.021
TOI-1269 c,2.22999162,5.6,9.23786144195,,,5554.02,0.9027,0.848906,2026.0,Transit,172.138
TOI-5486 b,3.96824928,14.9,2.02470073205,,,3750.17,0.548138,0.553216,2026.0,Transit,89.6811
TIC 139702105 b,2.45316949,6.59,6.83601903383,,,5742.35,0.9,1.25423,2026.0,Transit,91.7884
TOI-5624 c,2.474,4.8,7.885385,0.07374,0.0,5327.0,0.858,0.82,2026.0,Transit,101.913
TOI-1718 b,4.10824994,15.8,5.58703768615,,,5304.91,0.93,0.939285,2026.0,Transit,52.3044
TOI-5532 b,2.52763693,6.93,5.6539659431,,,4208.45,0.636083,0.662052,2026.0,Transit,90.9985
TIC 161045582 b,2.24566738,5.67,8.85577189959,,,5683.87,1.04,1.07976,2026.0,Transit,162.246
TOI-1232 c,8.88,58.48042689,30.356,0.194,0.027,5823.0,1.058,1.072,2026.0,Transit Timing Variations,328.604
TOI-1732 b,2.49549787,6.78,4.11923678339,,,4201.93,0.613891,0.632571,2026.0,Transit,74.7599
TOI-5605 b,2.52611303,6.92,5.91340454843,,,4583.79,0.68,0.736044,2026.0,Transit,95.0735
TOI-1756 b,1.94225664,4.43,2.78301736297,,,3891.86,0.556454,0.562607,2026.0,Transit,86.7159
TOI-5630 b,2.37117553,6.22,3.22118452536,,,5385.64,0.934,0.933361,2026.0,Transit,134.047
TIC 206466666 b,2.14817673,5.26,9.10486865159,,,4620.3,0.76,0.667193,2026.0,Transit,127.837
TOI-198 b,1.36,3.17,10.215213,0.0675,0.15,3801.0,0.417,0.418,2023.0,Transit,23.7262
KMT-2024-BLG-2005L b,8.18,50.85254512,,1.12,,,0.12,,2026.0,Microlensing,7720.0
TOI-1839 b,2.21895097,5.56,1.42378440907,,,5315.91,0.934,0.848099,2026.0,Transit,116.086
TOI-5926 b,7.56807148,44.6,3.81122794237,,,5388.92,0.946,0.890046,2026.0,Transit,275.103
TIC 290487717 b,6.63777941,35.7,3.400818229,,,5328.97,0.92,0.943767,2026.0,Transit,395.574
TOI-672 b,5.31,50.9,3.633581,0.0376,0.0,3810.0,0.54,0.54,2023.0,Transit,66.9071
TOI-2071 b,2.56484195,7.1,5.67395386982,,,5755.41,1.063,1.00286,2026.0,Transit,231.311
TOI-4156 c,2.92303762,8.87,12.82282706375,,,5971.64,1.1,1.03963,2026.0,Transit,213.719
TIC 356227008 b,2.39024009,6.3,2.96147448702,,,5731.86,1.02,0.959792,2026.0,Transit,387.609
TOI-2518 b,2.26838675,5.77,6.89797425216,,,5751.2,1.11,0.993374,2026.0,Transit,160.825
TOI-6393 b,2.75958542,8.04,9.53176110329,,,5008.2,0.835,0.766023,2026.0,Transit,186.229
EPIC 220674823 b,1.606,7.54,0.57130782,0.0132,0.0,5578.0,0.913,0.99,2016.0,Transit,244.59
EPIC 220674823 c,2.712,7.9,13.340603,0.1078,0.18,5578.0,0.913,0.99,2016.0,Transit,244.59
TOI-2654 b,7.94454164,48.4,2.96760425926,,,4594.08,0.69,0.756095,2026.0,Transit,248.964
TOI-6699 b,2.32645266,6.02,5.32005926761,,,4705.1,0.75,0.75309,2026.0,Transit,85.8463
TOI-1839 c,2.40867246,6.39,4.02393854207,,,5315.91,0.934,0.848099,2026.0,Transit,116.086
K2-111 c,3.34,11.1,15.6748,0.11565,0.069,5775.0,0.84,1.25,2020.0,Radial Velocity,200.394
TOI-4156 b,2.53823825,6.98,4.46189034133,,,5971.64,1.1,1.03963,2026.0,Transit,213.719
TOI-7333 b,2.09469416,5.04,6.26449803661,,,4586.87,0.721,0.666066,2026.0,Transit,157.217
rho CrB e,1.75,3.71,12.904,0.1061,0.082,5817.0,1.0,1.3617,2023.0,Radial Velocity,17.4671
MOA-2007-BLG-192L b,3.58,12.49,,2.02,,,0.28,,2008.0,Microlensing,2160.0
K2-79 b,4.15,5.9,10.995039,0.0987,0.032,5897.0,1.06,1.269,2016.0,Transit,256.011
K2-111 b,1.837,5.35,5.3518963,0.0565,0.134,5775.0,0.84,1.25,2017.0,Transit,200.394
TOI-4363 b,1.76689273,3.77,2.11867592279,,,4278.45,0.62,0.69132,2026.0,Transit,77.7751
HD 5388 b,13.1,1017.0509024,772.5,1.757,0.41,6297.0,1.21,1.91,2010.0,Radial Velocity,53.0661
Kepler-79 b,3.51,7.6,13.48451,0.11929,0.022,6389.0,1.244,1.316,2012.0,Transit,1020.72
Kepler-79 c,3.76,4.6,27.4026,0.19144,0.038,6389.0,1.244,1.316,2012.0,Transit,1020.72
HD 16760 b,12.1,6833.3107505,466.08,1.156,0.079,5518.0,0.93,0.835,2009.0,Radial Velocity,50.17561
TOI-3457 b,10.64,797.74930157,32.600268,0.2001,0.59,6300.0,1.04,1.474,2026.0,Transit,370.666
TOI-6884 b,10.39072511,8365.24367224,4.808264,0.0629,0.067,6330.0,1.41,1.84,2026.0,Transit,562.376
TOI-4602.01,2.45,5.53,3.9812999,0.04747,0.0,5966.0,0.9,1.08,2024.0,Transit,63.0637
TOI-791 b,11.13051784,9.5,139.29931,0.602,0.032,6294.0,1.28,1.474,2026.0,Transit,341.221
eps Eri b,13.8,317.828407,2680.0,3.53,0.06,5020.38,0.82,0.759106,2000.0,Radial Velocity,3.2026
TOI-791 c,12.94637271,18.6,232.0157,0.863,0.028,6294.0,1.28,1.474,2026.0,Transit,341.221
HD 190360 b,13.5,537.0,2887.5,3.965,0.3342,5560.0,0.996,1.14,2003.0,Radial Velocity,16.0069
HD 190360 c,5.53,26.2,17.11625,0.1298,0.163,5560.0,0.996,1.14,2005.0,Radial Velocity,16.0069
HD 190360 d,3.48,11.9,88.69,0.3886,0.058,5560.0,0.996,1.14,2026.0,Radial Velocity,16.0069
TOI-3664 b,13.69737442,114.41822652,3.2974839,0.0431,0.159,5593.0,0.98,1.11,2026.0,Transit,464.748
TOI-4034 b,17.71018951,276.51071409,1.8020932,0.03289,0.0,5891.0,1.19,1.83,2026.0,Transit,745.145
HD 126105 b,13.5,530.77343969,524.0,1.36,0.103,4875.0,1.2,4.21,2026.0,Radial Velocity,82.8811
TIC 52059926 b,10.71,5380.0,175.532,0.553,0.51,4505.0,0.73,0.72,2026.0,Transit,216.581
TOI-4427 b,13.09208946,87.72064033,4.6182621,0.05389,0.074,5347.0,0.9,0.89,2026.0,Transit,198.251
TOI-2049 b,16.64533634,486.27746271,5.303468,0.06919,0.054,6164.0,1.57,3.2,2026.0,Transit,571.487
TOI-4458 b,12.40834163,552.06794296,3.9393792,0.0522,0.03,6151.0,1.47,1.96,2026.0,Transit,505.432
TOI-159 b,18.18,1110.0,3.7628396,0.056,0.24,7287.0,1.661,1.62,2026.0,Transit,347.593
COCONUTS-2 b,12.57647635,2383.7130525,402000000.0,7506.0,,3552.0,0.4,0.366,2021.0,Imaging,10.8864
HD 30177 c,12.9,1484.25866069,11320.0,9.9,0.21,5680.0,0.98,1.019,2016.0,Radial Velocity,55.5867
TOI-1710 b,5.06,19.1,24.28336,0.1652,0.05,5775.0,1.02,0.93,2022.0,Transit,81.2271
K2-370 b,2.67,11.1,2.1408093,0.0321,0.0,5662.0,0.962,0.945,2022.0,Transit,144.202
HIP 8923 b,12.5,3171.92750186,5160.0,5.9,0.011,5980.0,1.01,1.32164,2026.0,Radial Velocity,65.9957
TOI-201 c,10.4,4990.0,2890.0,4.37,0.651,6423.0,1.32,1.31,2025.0,Transit Timing Variations,113.825
KMT-2023-BLG-0332L b,12.0,6992.224954,,3.2,,,0.54,,2026.0,Microlensing,6500.0
XO-2 S d,13.0,1179.14338997,4696.0,5.46,0.091,5325.0,0.98,1.02,2024.0,Radial Velocity,151.398
TOI-237 c,1.206,1.9,1.74486147,0.016,,3226.0,0.1698,0.2056,2026.0,Transit,38.0749
bet Pic b,18.49485,2765.1071409,8682.0,10.07,0.105,8038.68,1.789,1.54416,2008.0,Imaging,19.7442
bet Pic c,12.5,2765.1071409,1202.0,2.7,0.307,8038.68,1.789,1.54416,2019.0,Radial Velocity,19.7442
bet Pic d,14.12331568,762.7881768,33200.0,26.0,0.44,8038.68,1.789,1.54416,2026.0,Imaging,19.7442
Kepler-484 b,2.28,5.82,10.045569313,0.09036,0.0,5668.0,0.96,0.87,2016.0,Transit,382.136
Kepler-758 c,1.69,3.5,4.75793986,0.05768,0.0,6228.0,1.16,1.42,2016.0,Transit,1502.32
TOI-4311 b,1.376,4.5,0.9902738,0.01817,,5063.0,0.816,0.8441,2026.0,Transit,134.988
TOI-2147 b,10.5,116.0,26.20518,0.172,0.29,5983.0,0.99,1.39,2026.0,Transit,282.108
TOI-6019 b,12.3,149.0,14.547952,0.1212,0.48,5561.0,1.13,2.02,2026.0,Transit,260.342
Kepler-929 b,1.11,1.41,0.921032135,0.01982,0.0,5869.0,1.01,1.02,2016.0,Transit,1311.23
Kepler-1767 b,3.01299077,9.34,59.65829849,0.2873,0.0,5243.0,0.887,0.831,2021.0,Transit,820.506
Kepler-223 e,4.6,4.8,19.72567,0.14481,0.051,5803.0,1.125,1.72,2014.0,Transit,1859.71
Kepler-1127 b,1.96,4.5,5.12330347,0.0556,0.0,5664.0,0.97,0.95,2016.0,Transit,842.459
Kepler-1793 b,3.79037518,13.8,8.779999733,0.0787,0.0,5191.0,0.85,0.764,2021.0,Transit,1189.88
HD 141937 b,12.4,3591.4609991,662.37,1.54,0.46,5870.0,1.09,1.03,2002.0,Radial Velocity,33.3622
Kepler-1367 b,0.92,0.721,1.574090272,0.0236,0.0,4106.0,0.62,0.6,2016.0,Transit,401.484
Kepler-1900 b,1.62314676,3.27,2.986229897,0.042,0.0,6173.0,1.104,1.041,2021.0,Transit,1540.43
Kepler-1364 b,2.15,5.27,13.32196237,0.1284,0.0,6805.0,1.49,1.79,2016.0,Transit,1056.9
Kepler-482 b,2.36,6.17,56.35418576,0.25787,0.0,4871.0,0.75,0.72,2016.0,Transit,313.068
Kepler-1646 b,1.23,2.04,4.48558383,0.0295,0.0,3299.0,0.24,0.26,2016.0,Transit,127.591
HD 6718 b,13.3,762.7881768,2476.0,3.53,0.06,5746.0,0.96,1.02,2009.0,Radial Velocity,51.3444
Kepler-32 c,2.0,158.9,8.7522,0.09,0.0,3900.0,0.58,0.53,2011.0,Transit,323.847
K2-177 b,2.1162048,5.13,14.155185,,,6063.0,1.210525,1.213565,2018.0,Transit,492.167
Kepler-259 c,2.7,7.75,36.924931,0.217,0.0,5938.0,0.867,0.898,2014.0,Transit,1002.14
K2-183 b,1.1,1.37,0.469285,,,5482.0,0.942219,0.87,2018.0,Transit,329.041
Kepler-222 d,3.69,13.2,28.081912,0.18,0.0,5433.0,0.933,0.869,2014.0,Transit,758.854
Kepler-165 c,2.23,5.6,15.31299,0.11,0.0,5211.0,0.746,0.77,2014.0,Transit,560.885
K2-263 b,2.513,15.4,50.819172,0.2573,0.08,5368.0,0.88,0.85,2018.0,Transit,162.481
Kepler-166 d,1.73,3.64,1.554003928,0.02449,0.0,5350.0,0.88,0.83,2016.0,Transit,603.53
Kepler-52 b,2.1,135.0,7.8773565,0.0637,0.0,4075.0,0.54,0.52,2012.0,Transit,321.542
K2-186 b,3.17207779,10.2,41.474219,,,5784.0,1.018617,0.98083,2018.0,Transit,330.739
K2-195 c,2.57581891,7.16,28.482786,,,5712.0,0.963364,0.906367,2018.0,Transit,315.014
K2-187 e,1.9,4.27,13.606629,0.1106,,5438.0,0.966999,0.83,2018.0,Transit,330.916
K2-187 c,1.4,2.54,2.871512,0.0392,,5438.0,0.966999,0.83,2018.0,Transit,330.916
K2-189 b,1.403,2.55,2.58812,0.0361,,5442.0,0.85,0.879,2018.0,Transit,242.113
K2-280 b,7.5,37.1,19.89526,0.1461,0.35,5500.0,1.03,1.28,2018.0,Transit,391.537
K2-381 c,2.0,4.66,16.034656,,,4473.0,0.754,0.675,2022.0,Transit,145.701
Kepler-229 b,2.2,5.48,6.252972,0.062,0.0,5120.0,0.808,0.728,2014.0,Transit,826.265
K2-222 b,2.275,7.5,15.3889274,0.1186,0.021,5942.0,0.94,1.072,2018.0,Transit,101.321
K2-220 b,2.37,6.21,13.68186,0.1104,,5612.0,0.91,1.026,2018.0,Transit,233.514
Kepler-491 b,8.92,59.0,4.225384512,0.05191,0.0,5582.0,1.04,1.03,2016.0,Transit,630.785
Kepler-197 b,1.02,1.04,5.599308,0.06,0.02,6004.0,0.857,1.12,2014.0,Transit,330.575
Kepler-216 b,2.35,6.12,7.693641,0.079,0.0,6091.0,1.126,1.26,2014.0,Transit,1187.47
K2-176 b,1.49090097,2.83,5.329439,,,5428.0,0.938545,0.86416,2018.0,Transit,247.302
K2-223 b,0.89,0.64,0.50557,0.0127,,5859.0,1.06,1.0,2018.0,Transit,198.604
Kepler-1732 b,4.09903273,15.7,32.31240082,0.2015,0.0,5821.0,1.043,1.494,2021.0,Transit,1289.41
14 Her b,12.5,2828.6728223,1766.41,2.839,0.3683,5338.0,0.97,0.93,2002.0,Radial Velocity,17.9323
16 Cyg B b,13.5,565.7374,798.5,1.66,0.68,5750.0,1.08,1.13,1996.0,Radial Velocity,21.1397
K2-368 d,1.948,4.45,20.201085,,,4663.0,0.746,0.663,2022.0,Transit,206.608
Kepler-261 b,2.18,5.39,10.381227,0.088,0.0,5098.0,0.834,0.794,2014.0,Transit,317.499
1RXS J160929.1-210524 b,18.647,3000.0,,330.0,,4060.0,0.85,1.31316,2008.0,Imaging,139.135
CoRoT-4 b,13.34,228.83,9.20205,0.09,0.0,6190.0,1.16,1.17,2008.0,Transit,726.412
K2-224 c,2.41,6.39,10.09489,0.0886,,5620.0,0.91,0.84,2018.0,Transit,275.255
K2-368 c,1.361,2.42,9.660186,,,4663.0,0.746,0.663,2022.0,Transit,206.608
24 Sex c,13.9,273.32,883.0,2.08,0.29,5098.0,1.54,4.9,2010.0,Radial Velocity,72.0691
CoRoT-7 b,1.68135,4.07660518,0.85359163,0.017016,0.0,5275.0,0.82,0.83,2009.0,Transit,159.906
K2-226 b,1.53899305,2.98,3.27109,0.04095,0.22,5288.0,0.856,0.889,2018.0,Transit,211.265
K2-227 b,1.66551298,3.41,13.621832,,,5673.0,0.950811,0.890666,2018.0,Transit,187.234
2MASS J12073346-3932539 b,15.69257298,1652.7077164,,46.0,,2825.0,0.188001,0.21887,2004.0,Imaging,64.308
CoRoT-7 c,2.83,8.4,3.698,0.046,0.0,5256.0,0.899,0.864273,2009.0,Radial Velocity,159.906
eps Tau b,12.7,2285.18624633,585.82,1.878,0.076,4877.0,2.57,12.35,2006.0,Radial Velocity,47.52852
gam1 Leo b,12.5,2790.43,428.5,1.19,0.144,4330.0,1.23,31.88,2009.0,Radial Velocity,39.8883
K2-229 b,1.0,2.55,0.584216,0.0131,0.0,5315.0,0.87,0.79,2018.0,Transit,102.564
Kepler-752 b,2.81,8.3,18.82747265,0.1353,0.0,5373.0,0.87,0.83,2016.0,Transit,1232.29
CoRoT-9 b,11.948794,266.9772,95.272656,0.4021,0.133,5625.0,0.96,0.96,2009.0,Transit,412.98
K2-343 b,1.65,3.36,2.787174,,,3804.0,0.49,0.46,2021.0,Transit,166.169
51 Peg b,14.1,193.87532827,4.2307966,0.052,0.0063,5761.0,1.07,1.19,1995.0,Radial Velocity,15.4614
K2-331 c,2.72,7.85,22.996591,,,5994.0,1.1,1.06,2021.0,Transit,211.43
EPIC 212624936 c,2.3,5.9,11.811437,,,5765.0,1.0,0.93,2021.0,Transit,561.929
K2-334 b,5.65,27.2,5.113981,,,6502.0,1.36,1.49,2021.0,Transit,371.823
K2-379 b,2.181,5.4,8.777247,,,4603.0,0.856,0.751,2022.0,Transit,182.207
61 Vir d,5.11,22.9,123.01,0.476,0.35,5577.0,0.942,0.963,2009.0,Radial Velocity,8.50332
K2-202 b,2.30165603,5.91,3.405164,,,5491.0,0.971461,0.910685,2018.0,Transit,300.397
K2-343 c,2.02,4.74,7.676972,,,3804.0,0.49,0.46,2021.0,Transit,166.169
K2-342 b,2.03,4.78,11.561052,,,5920.0,1.01,1.09,2021.0,Transit,208.357
Kepler-260 b,2.01,4.7,8.187399,0.075,0.0,5250.0,1.013,0.862,2014.0,Transit,627.365
K2-381 d,1.689,3.5,26.803023,,,4473.0,0.754,0.675,2022.0,Transit,145.701
K2-381 b,1.075,1.26,7.9389334,,,4473.0,0.754,0.675,2022.0,Transit,145.701
K2-348 b,3.26,10.7,4.688418,,,5077.0,0.83,0.85,2021.0,Transit,201.856
K2-384 d,1.392,2.52,6.679582,,,3623.0,0.33,0.348,2022.0,Transit,82.6603
81 Cet b,13.1,1051.05854195,1005.57,2.104,0.037,4734.0,1.23,11.21,2008.0,Radial Velocity,101.26
K2-352 c,1.92,4.35,8.234885,,,5791.0,0.98,0.95,2021.0,Transit,176.051
K2-384 c,1.191,1.82,4.194766,,,3623.0,0.33,0.348,2022.0,Transit,82.6603
BD+14 4559 b,13.8,330.5432,268.94,0.78,0.29,4864.0,0.49,0.86,2009.0,Radial Velocity,49.352
K2-204 b,3.17214154,10.2,7.055908,0.0738,0.28,5783.0,1.076,1.253,2018.0,Transit,577.235
Kepler-1736 b,3.8765856,14.3,37.81029892,0.2188,0.0,6085.0,0.976,0.973,2021.0,Transit,1430.0
K2-205 b,1.99552771,4.64,26.672263,,,5890.0,0.951027,1.077574,2018.0,Transit,405.301
Kepler-8 b,15.871944,187.5197,3.5224991,0.0474,0.0,6213.0,1.213,1.486,2010.0,Transit,1021.87
K2-209 b,0.86850263,0.586,2.080615,,,4720.0,0.74479,0.712365,2018.0,Transit,76.4986
Kepler-745 b,2.16,5.31,9.93143556,0.0915,0.0,5849.0,1.04,1.04,2016.0,Transit,1780.38
K2-211 b,1.33162691,2.33,0.669561,0.01419,0.19,5117.0,0.851,0.818,2018.0,Transit,272.297
Kepler-262 c,1.64,3.33,21.853722,0.152,0.0,5841.0,0.816,0.881,2014.0,Transit,613.129
Kepler-119 b,3.6,12.6,2.422082,0.035,0.0,5595.0,0.918,0.839,2014.0,Transit,701.996
K2-394 b,1.692,3.51,5.095717,,,4938.0,0.478,0.631,2022.0,Transit,98.0152
CoRoT-19 b,14.46,352.78,3.89713,0.0518,0.047,6090.0,1.21,1.65,2011.0,Transit,790.663
Kepler-748 b,2.52,6.9,7.40742793,0.0745,0.0,5934.0,1.07,1.1,2016.0,Transit,1705.99
HD 113538 b,13.2,114.41,663.2,1.24,0.14,4462.0,0.585,0.53,2010.0,Radial Velocity,16.2817
Kepler-112 b,2.36,6.17,8.408878,0.076,0.0,5544.0,0.782,0.841,2014.0,Transit,513.206
HD 114386 b,13.6,464.02947422,937.70001,1.73,0.23,4836.0,0.6,0.76,2003.0,Radial Velocity,27.9243
HD 136418 b,13.3,680.1562,464.29999,1.29,0.25,4989.0,1.48,3.78,2009.0,Radial Velocity,105.168
GJ 676 A b,12.8,1840.86213334,1051.44521,1.735,0.319,3734.0,0.626,0.69,2010.0,Radial Velocity,16.0272
HAT-P-31 b,12.21781,721.4741,5.00542,0.061,0.25,6065.0,1.31,1.39,2011.0,Transit,344.05
HD 11506 b,12.9,1551.00262616,1617.7,2.885,0.379,6123.0,1.22,1.24,2007.0,Radial Velocity,51.261
HD 11506 c,14.0,127.1313628,223.92,0.771,0.228,6123.0,1.22,1.24,2008.0,Radial Velocity,51.261
GJ 581 e,1.38,2.48,3.1481,0.02799,0.012,3500.0,0.295,0.302,2009.0,Radial Velocity,6.2981
HAT-P-35 b,14.930388,335.62848,3.646706,0.04978,0.02,6096.0,1.236,1.435,2011.0,Transit,506.965
HD 116029 b,13.6,444.962,670.0,1.65,0.0,4819.0,0.83,4.89,2011.0,Radial Velocity,123.245
HD 142245 b,13.1,975.7381,1299.0,2.78,0.0,4922.0,3.5,4.63,2011.0,Radial Velocity,97.2305
GJ 876 b,13.3,723.2235,61.1166,0.208317,0.0324,3293.74,0.32,0.3,1998.0,Radial Velocity,4.67517
HD 118203 b,12.778238,680.15279098,6.1349779,0.0713,0.3136,5742.0,1.27,2.04,2005.0,Radial Velocity,92.2589
HD 142 b,12.7,2256.5816897,351.43394,1.039,0.158,6245.0,1.21,1.47,2001.0,Radial Velocity,26.1853
GJ 876 d,2.51,6.83,1.93778,0.02080665,0.207,3293.74,0.32,0.3,2005.0,Radial Velocity,4.67517
HD 125595 b,,3531.07360177,9.6737,0.08,0.0,4691.0,0.29,0.74,2011.0,Radial Velocity,28.1989
GQ Lup b,33.6,6356.0,,100.0,,4360.0,0.7,1.94153,2004.0,Imaging,151.169
GJ 876 e,3.92,14.6,124.26,0.3343,0.055,3293.74,0.32,0.3,2010.0,Radial Velocity,4.67517
HD 100655 b,13.5,511.7063,157.57001,0.68,0.09,4891.0,2.28,10.06,2011.0,Radial Velocity,137.178
Kepler-744 b,1.62,3.26,12.06222443,0.09735,0.0,5594.0,0.94,0.93,2016.0,Transit,449.964
HD 10180 f,5.24,23.9,122.744,0.4929,0.119,5911.0,1.06,1.109,2010.0,Radial Velocity,38.9607
HD 126614 b,12.7,107.74382997,1257.25303,2.249,0.548,5568.0,0.96,1.369794,2009.0,Radial Velocity,73.0961
HD 10180 g,,3375.33768234,604.67,1.427,0.263,5911.0,1.06,1.109,2010.0,Radial Velocity,38.9607
HD 12661 b,13.3,772.3269,262.70862,0.84,0.38,5645.0,1.2,1.2,2000.0,Radial Velocity,37.8478
HAT-P-15 b,11.88154,616.5902,10.8635,0.0965,0.19,5568.0,1.0,1.07,2010.0,Transit,192.516
HAT-P-16 b,14.68376472,1341.56043,2.77596727,0.0413,0.0462,6140.0,1.218,1.158,2010.0,Transit,226.637
Kepler-764 b,1.64,3.33,7.33683936,0.0724,0.0,5557.0,0.92,0.89,2016.0,Transit,1047.84
Kepler-123 b,2.94,55.3,17.232366,0.135,0.0,6089.0,1.079,1.264,2014.0,Transit,1021.66
HD 104985 b,12.8,1766.80811451,199.68,0.715,0.047,4738.0,1.22,11.12,2003.0,Radial Velocity,100.576
HD 104067 b,9.2,62.1,55.851,0.2674,0.123,4952.0,0.82,0.78,2011.0,Radial Velocity,20.3632
HD 13189 b,12.4,3480.2385,471.60001,1.25,0.27,4175.0,2.24,38.41,2005.0,Radial Velocity,497.823
HD 106252 b,12.5,3178.28407,1535.0,2.655,0.48,5874.0,1.05,1.05,2002.0,Radial Velocity,38.185
HD 132406 b,12.8,1887.90073758,908.0,1.98,0.25,5766.0,0.973,1.34,2007.0,Radial Velocity,70.7832
HD 108874 c,13.8,314.64,1624.0,2.659,0.239,5551.0,0.95,1.05,2005.0,Radial Velocity,59.5175
HD 10647 b,13.8,298.75,989.2,2.015,0.15,6218.0,1.11,1.1,2006.0,Radial Velocity,17.3357
HD 134060 b,3.16,10.1,3.2696,0.0444,0.45,5966.0,1.095,1.164285,2019.0,Radial Velocity,24.0125
HAT-P-21 b,12.44199,1547.8321,4.12448,0.05037,0.23,5588.0,1.24,1.21,2010.0,Transit,277.278
HD 215152 b,,565.41673605,5.75999,0.057638,0.0,4935.0,0.77,0.73,2018.0,Radial Velocity,21.5974
HD 37124 c,14.1,207.22516,885.5,1.71,0.125,5698.64,0.85,0.949168,2002.0,Radial Velocity,31.6634
HD 159868 b,13.3,704.94694,1184.1,2.32,0.024,5534.0,1.19,2.13,2006.0,Radial Velocity,55.8503
HD 187085 b,13.9,265.70588,1019.74,2.1,0.251,6117.0,1.189,1.27,2006.0,Radial Velocity,45.8993
HD 216437 b,13.0,1334.8793094,1359.0,2.57,0.31,5909.0,1.22,1.394,2002.0,Radial Velocity,26.6902
HD 187123 c,13.2,912.16752809,3810.0,4.89,0.252,5790.0,1.04,1.15043,2008.0,Radial Velocity,45.9548
HD 216770 b,14.1,181.1631,118.45,0.46,0.37,5399.0,0.74,0.93,2003.0,Radial Velocity,36.6625
HD 18742 b,13.1,1080.622,766.0,1.82,0.04,4940.0,1.36,5.13,2011.0,Radial Velocity,162.685
HD 21693 c,4.34,17.37,53.7357,0.2586,0.07,5430.0,0.8,0.914378,2019.0,Radial Velocity,33.255
HD 162020 b,12.5,3127.4472,8.4282,0.08,0.28,4723.0,0.42,0.75,2002.0,Radial Velocity,30.8248
HD 190647 b,13.4,630.89255,1176.45,2.231,0.224,5656.0,1.069,1.376,2007.0,Radial Velocity,54.4738
HD 190984 b,13.0,1137.82569706,4885.0,5.5,0.57,5988.0,0.91,1.53,2009.0,Radial Velocity,148.187
HD 192263 b,14.2,177.9848,24.3556,0.15,0.05,4976.0,0.66,0.74,1999.0,Radial Velocity,19.6359
HD 217786 b,12.3,4402.55909376,1301.36009,2.446,0.311,5966.0,1.14,1.27,2011.0,Radial Velocity,55.4847
HD 217107 c,12.9,1388.91013859,5138.7,5.922,0.3918,5622.0,1.045,1.2245,2005.0,Radial Velocity,20.0619
HD 41004 B b,12.1,5838.29,1.3283,,0.081,5036.0,0.4,1.04137,2003.0,Radial Velocity,41.5504
HD 163607 c,13.3,699.54383,1272.0,2.39,0.08,5522.0,1.12,1.76,2012.0,Radial Velocity,67.7855
HD 192310 c,5.25,24.0,525.8,1.18,0.32,5166.0,0.8,0.857922,2011.0,Radial Velocity,8.79687
HD 4208 b,13.9,257.4423,832.97,1.662,0.042,5717.0,0.883,0.846,2001.0,Radial Velocity,34.1937
HD 164922 b,13.3,116.0,1207.0,2.16,0.08,5390.0,0.926,0.946,2005.0,Radial Velocity,22.0016
HD 197037 b,13.9,251.0,1035.7,2.07,0.22,6150.0,1.11,1.105,2012.0,Radial Velocity,33.1944
HD 4308 b,4.12,15.8915,15.56,0.12,0.0,5686.0,0.93,1.02,2005.0,Radial Velocity,22.0158
Kepler-272 c,1.79,97.8,6.057342,0.061,0.0,5297.0,0.91,0.929,2014.0,Transit,889.608
HD 4313 b,13.4,612.45841,356.21,1.157,0.147,4943.0,1.63,5.14,2009.0,Radial Velocity,136.308
HD 168746 b,11.1,85.8141,6.404,0.07,0.11,5570.0,1.07,1.09,2002.0,Radial Velocity,41.5681
HD 148156 b,13.9,270.144,1027.0,2.45,0.52,6308.0,1.22,1.21,2009.0,Radial Velocity,57.1289
HD 17092 b,12.5,3219.6179,359.89999,1.31,0.17,4326.0,6.73,13.58,2007.0,Radial Velocity,228.422
HD 27894 b,14.1,196.73578393,18.01939,0.125,0.047,4875.0,0.81,0.891767,2005.0,Radial Velocity,43.8214
HD 28254 b,13.0,1207.7479466,1333.0,2.45,0.95,5664.0,1.1,1.48,2010.0,Radial Velocity,55.2884
HD 148427 b,13.7,381.3940884,331.9,1.11,0.12,5025.0,1.64,3.86,2009.0,Radial Velocity,71.3499
HD 171028 b,13.2,832.7146,550.0,1.32,0.59,5671.0,1.53,2.47,2007.0,Radial Velocity,111.659
HD 204313 c,4.31,17.16273398,34.95875,0.211,0.059,5767.0,1.03,1.1,2015.0,Radial Velocity,47.7945
HD 30177 b,12.6,2622.08435775,2539.0,3.49,0.186,5680.0,0.98,1.019,2002.0,Radial Velocity,55.5867
HD 290327 b,13.3,772.3269,2443.0,3.43,0.08,5505.0,0.84,0.95,2009.0,Radial Velocity,56.433
HD 152581 b,13.4,594.02427,686.5,1.66,0.04,5027.0,1.3,5.14,2011.0,Radial Velocity,165.76
HD 177830 b,13.5,537.1327,410.10001,1.14,0.1,4901.0,1.7,3.26,1999.0,Radial Velocity,62.7674
HD 20794 b,1.45,2.7,18.314,0.1257,0.064,5368.0,0.79,0.93,2011.0,Radial Velocity,6.00278
HD 31253 b,14.1,197.0546,466.0,1.26,0.3,6130.0,1.7,1.75,2010.0,Radial Velocity,58.1438
HD 178911 B b,12.6,2552.1749,71.484,0.34,0.11,5588.0,1.24,1.08,2001.0,Radial Velocity,40.9727
HD 155358 b,13.8,314.6517,194.3,0.63,0.17,5905.0,1.15,1.38,2007.0,Radial Velocity,43.6197
HD 154857 b,13.3,778.6835,408.60001,1.29,0.46,5589.0,1.96,2.3,2004.0,Radial Velocity,63.4482
HD 155358 c,13.9,261.0,391.9,1.02,0.16,5900.0,0.92,1.38,2007.0,Radial Velocity,43.6197
HD 210702 b,13.6,481.5100366,355.5,1.079,0.071,4912.0,1.33,4.54,2007.0,Radial Velocity,54.1963
HD 3651 b,10.1,72.46524,62.25,0.295,0.645,5221.0,0.799,0.871954,2003.0,Radial Velocity,11.1336
HD 156668 b,1.87,4.15,4.6455,0.05,0.0,4850.0,0.772,0.72,2010.0,Radial Velocity,24.3323
HD 156411 b,14.0,235.18,842.2,1.88,0.22,5900.0,1.25,2.16,2009.0,Radial Velocity,56.8655
HD 183263 b,13.1,1103.1824007,624.87404,1.46,0.383,5948.0,1.06,1.23,2004.0,Radial Velocity,54.1955
HD 63454 b,12.31,79.4575,2.81805,0.04,0.0,4812.0,0.42,0.77,2005.0,Radial Velocity,37.6894
HD 89307 b,13.4,642.01338214,2166.0,3.27,0.2,5955.0,1.27,1.1,2009.0,Radial Velocity,32.0104
rho CrB b,13.7,347.995,39.849,0.2245,0.046,5817.0,1.0,1.3617,1997.0,Radial Velocity,17.4671
HD 66428 b,12.4,3478.94974302,2269.81726,3.395,0.471,5716.0,1.01,1.13,2005.0,Radial Velocity,53.2817
HD 93083 b,14.3,143.34061156,144.72,0.508,0.118,5033.8,0.836,0.837,2005.0,Radial Velocity,28.5159
HD 69830 b,3.17,10.2,8.667,0.0785,0.1,5385.0,0.86,0.886947,2006.0,Radial Velocity,12.5591
TrES-3 b,14.975,607.03,1.30618581,0.02282,0.0,5650.0,0.928,0.829,2007.0,Transit,231.337
WASP-50 b,13.069694,466.828704,1.9551,0.0293,0.009,5400.0,0.892,0.843,2011.0,Transit,184.848
HD 69830 d,4.45,18.1,197.0,0.63,0.07,5385.0,0.86,0.886947,2006.0,Radial Velocity,12.5591
HD 96127 b,13.0,1207.7479466,638.9,1.41,0.3,3943.0,0.91,35.0,2011.0,Radial Velocity,587.659
HD 70573 b,12.8,1900.0,851.8,1.76,0.4,5737.0,1.0,0.976919,2007.0,Radial Velocity,59.182
HD 97658 b,2.12,8.3,9.4897116,0.0805,0.05,5212.0,0.85,0.728,2010.0,Radial Velocity,21.5618
V0391 Peg b,13.1,1017.056,1170.0,1.7,0.0,29300.0,0.5,0.23,2007.0,Pulsation Timing Variations,1195.98
WASP-8 b,12.66617,807.2882,8.15872,0.0801,0.31,5600.0,1.34,1.03,2010.0,Transit,89.9606
WASP-10 b,12.106,1001.12,3.0927616,0.03781,0.0473,4675.0,0.75,0.698,2008.0,Transit,140.998
XO-2 N b,11.130537,199.91507,2.61585906,0.03666,0.0,5290.0,0.96,0.998,2007.0,Transit,154.273
HD 74156 b,13.5,532.36258173,51.63564,0.28,0.636,6068.0,1.1,1.510576,2003.0,Radial Velocity,57.603
HD 99706 b,13.7,390.9309,841.0,1.98,0.25,4862.0,1.46,5.52,2011.0,Radial Velocity,146.6
HIP 12961 b,13.2,114.4188,57.435,0.25,0.17,3901.0,0.69,0.65,2010.0,Radial Velocity,23.371
HD 45184 b,3.52,12.19,5.8854,0.0644,0.07,5869.0,1.03,1.075139,2019.0,Radial Velocity,21.9532
WASP-16 b,13.67498,394.1092,3.1186,0.0415,0.0,5700.0,1.78,1.14,2009.0,Transit,194.134
HD 45364 b,9.03,60.16491745,225.79,0.6793,0.067,5466.0,0.82,0.89,2008.0,Radial Velocity,34.354
HD 75898 b,13.2,810.46243785,422.82,1.2025,0.105,6122.0,1.295,1.55,2007.0,Radial Velocity,78.0505
HD 7924 b,,2058.25676373,5.39792,0.06,0.06,5131.0,0.65,0.78,2008.0,Radial Velocity,16.9922
Kepler-746 b,1.11,1.41,3.48159251,0.0435,0.0,5418.0,0.91,0.93,2016.0,Transit,450.0
HD 79498 b,13.6,425.8922,1807.0,2.98,0.575,5748.0,1.08,1.05,2011.0,Radial Velocity,48.9489
HD 48265 b,12.6,2351.9302118,778.51,1.814,0.211,5733.0,1.312,1.901,2008.0,Radial Velocity,90.5446
HD 49674 b,6.2,31.783,4.94737,0.06,0.09,5602.0,1.03,1.02,2002.0,Radial Velocity,43.0399
HIP 57274 c,14.2,130.0,32.03,0.178,0.05,4640.0,0.73,0.68,2011.0,Radial Velocity,25.8618
HD 52265 b,13.7,384.5743,119.27,0.52,0.27,6136.0,1.204,1.32,2000.0,Radial Velocity,29.9803
HR 8799 e,13.11453,3178.3,20815.6,16.4,0.15,7400.0,1.51,1.49338,2010.0,Imaging,41.2441
HD 5891 b,12.6,2425.0429,177.11,0.64,0.07,4673.0,1.93,10.64,2011.0,Radial Velocity,283.502
HD 85390 b,6.16,31.46517,799.52,1.373,0.5,5186.0,0.758,0.8,2011.0,Radial Velocity,33.5225
xi Aql b,13.4,616.90493799,136.97,0.625,0.059,4841.0,1.74,10.86,2007.0,Radial Velocity,56.1858
WASP-35 b,14.5717,225.6593,3.16158,0.04317,0.0,5990.0,1.05,1.08,2011.0,Transit,202.218
TOI-1408 b,25.0,593.0,4.42587,0.05778,0.0023,6117.0,1.312,1.53,2023.0,Transit,139.484
TOI-2524 b,11.2089807,203.41018048,7.18585,0.073,0.0,5831.0,1.007,1.119,2023.0,Transit,438.842
HD 219415 b,13.8,317.83,2093.3,3.2,0.4,4820.0,1.0,2.9,2012.0,Radial Velocity,165.184
WD 0806-661 b,12.10569916,2224.798849,,2500.0,,10393.0,0.605,,2011.0,Imaging,19.2444
WASP-99 b,11.43318,772.3269,5.75251,0.0717,0.0,6150.0,1.21,1.64,2014.0,Transit,158.66
HD 32963 b,13.4,657.90480249,2372.0,3.41,0.07,5727.0,0.94,1.111044,2015.0,Radial Velocity,38.0786
K2-133 b,1.34,2.36,3.07133,0.03194,,3655.0,0.461,0.455,2017.0,Transit,75.1703
HATS-53 b,15.02006,189.10885,3.8537768,0.04753,0.33,5644.0,0.964,1.101,2017.0,Transit,585.77
Kepler-286 b,1.24,2.07,1.796302,0.027,0.0,5580.0,0.83,0.863,2014.0,Transit,1226.85
TOI-283 b,2.34,6.54,17.61745,0.123,0.0,5213.0,0.8,0.85,2025.0,Transit,82.7013
Kepler-69 b,2.24,5.65,13.722341,0.094,0.16,5638.0,0.81,0.93,2013.0,Transit,730.625
TOI-2525 b,8.67575106,26.69758619,23.2856,0.1511,0.17,5096.0,0.849,0.785,2023.0,Transit,395.398
HD 169830 b,13.2,804.42369812,225.67372,0.765,0.294,6300.0,1.17,1.935709,2000.0,Radial Velocity,37.6048
HD 192699 b,13.4,666.17168,340.94,1.063,0.082,5041.0,1.38,4.41,2007.0,Radial Velocity,71.8627
Pr0211 b,13.4,597.5204,2.1461,0.03176,0.011,5300.0,0.935,0.827,2012.0,Radial Velocity,182.714
HATS-3 b,15.48,340.382,3.547851,0.0485,0.0,6351.0,1.209,1.404,2013.0,Transit,411.211
HD 33844 c,13.5,556.2025,916.0,2.24,0.13,4861.0,1.78,5.29,2015.0,Radial Velocity,105.779
HATS-29 b,14.022459,207.54299,4.6058749,0.05475,0.158,5670.0,1.032,1.073,2016.0,Transit,353.891
K2-138 b,1.51,3.1,2.35309,0.03385,0.048,5356.3,0.935,0.863,2017.0,Transit,202.585
gam Lib c,12.8,1662.56039702,966.49,2.318,0.065,4879.0,1.78,12.38,2018.0,Radial Velocity,47.4017
TOI-406.01,2.08,6.57,13.175682,0.0809,0.056,3392.0,0.408,0.41,2024.0,Transit,31.0597
Kepler-282 d,2.46,61.0,24.806,0.15837,0.0,5656.0,0.97,0.89,2013.0,Transit,1337.61
TOI-663 b,2.27,4.45,2.598902,0.0295,,3681.0,0.514,0.512,2024.0,Transit,64.2308
Kepler-283 b,2.13,5.18,11.008151,0.082,0.0,4351.0,0.596,0.566,2014.0,Transit,468.094
HD 195019 b,13.0,1264.9634,18.20132,0.14,0.01,5751.0,1.21,1.48,1998.0,Radial Velocity,37.6681
BD-06 1339 c,8.38,53.0,125.94,0.435,0.31,4324.0,0.7,0.686355,2013.0,Radial Velocity,20.2695
CoRoT-25 b,12.11,85.81,4.86069,0.0578,0.0,6040.0,1.09,1.19,2013.0,Transit,1103.48
HD 564 b,12.5,104.88,492.3,1.2,0.096,5902.0,0.961,1.01,2014.0,Radial Velocity,51.1659
HATS-45 b,14.414774,222.481,4.1876244,0.05511,0.24,6450.0,1.272,1.315,2018.0,Transit,772.11
Kepler-421 b,4.16,16.1,704.1984,1.219,0.041,5308.0,0.794,0.757,2014.0,Transit,348.558
TOI-663 d,1.92,5.2,7.1027268,0.0576,,3681.0,0.514,0.512,2024.0,Transit,64.2308
TOI-1443 b,2.30381001,30.0,23.540678,0.147,0.0,5224.0,0.7663,0.7511,2024.0,Transit,85.8034
HAT-P-41 b,22.97845,378.2177,2.69405,0.04258,0.0,6390.0,2.56,2.05,2012.0,Transit,348.185
HD 5608 b,13.7,371.22357938,768.7,1.79,0.11,4807.0,1.29,5.43,2012.0,Radial Velocity,58.1105
HD 13908 b,13.9,274.91,19.382,0.154,0.02,6255.0,1.29,1.67,2013.0,Radial Velocity,79.5515
HD 108341 b,13.3,715.11391575,1129.0,2.0,0.85,5122.0,0.843,0.79,2014.0,Radial Velocity,48.9102
KELT-12 b,19.95202,301.9385,5.031623,0.06708,0.0,6279.0,1.591,2.37,2017.0,Transit,368.03
HD 34445 f,6.88,37.9,676.8,1.543,0.031,5836.0,1.07,1.38,2017.0,Radial Velocity,46.0907
HD 34445 e,4.26,16.8,49.175,0.2687,0.09,5836.0,1.07,1.38,2017.0,Radial Velocity,46.0907
KELT-19 A b,21.40919,1293.5681,4.6117093,0.0637,,7500.0,1.62,1.83,2017.0,Transit,300.276
KOI-1257 b,10.54,460.83,86.647661,0.382,0.772,5520.0,0.99,1.13,2014.0,Transit,656.0
TOI-1226 b,2.4101112,6.39,3.92880881576,,,5434.91,1.01,0.986943,2026.0,Transit,257.93
K2-219 d,2.57634456,7.16,11.137278,,,5753.0,1.021545,1.189232,2018.0,Transit,325.4
HD 216435 b,13.7,400.4,1311.0,2.56,0.07,5999.0,1.3,1.800029,2002.0,Radial Velocity,32.9834
HD 23079 b,13.2,845.42356262,735.74,1.6,0.07348,5994.0,1.16,1.08,2001.0,Radial Velocity,33.4591
BD+49 828 b,13.5,508.5,2590.0,4.2,0.35,4943.0,1.52,7.6,2015.0,Radial Velocity,442.042
HD 20794 e,2.03,4.77,147.02,0.509,0.29,5401.0,0.813,0.93,2017.0,Radial Velocity,6.00278
K2-239 b,1.1,1.37,5.24,0.0441,,3420.0,0.4,0.36,2018.0,Transit,31.0849
TOI-880.02,2.19,5.43,2.57571,0.0349,,5050.0,0.87,0.83,2024.0,Transit,60.6679
TOI-1232 b,10.92875618,220.57291446,14.256,0.117,0.065,5823.0,1.058,1.072,2026.0,Transit,328.604
WASP-71 b,13.22662,441.7837,2.90367,0.046,0.0,6050.0,0.76,1.82,2012.0,Transit,362.715
HD 159243 c,13.4,603.9,248.4,0.8,0.075,6123.0,1.125,1.12,2013.0,Radial Velocity,73.3055
HIP 91258 b,13.7,346.4347,5.0505,0.06,0.02,5519.0,0.97,0.89,2013.0,Radial Velocity,45.8846
HIP 109384 b,13.5,495.8148,499.48,1.134,0.549,5180.0,0.78,0.831075,2016.0,Radial Velocity,58.9582
HD 27894 c,8.24,51.48846,36.07,0.198,0.015,4875.0,0.8,0.891767,2017.0,Radial Velocity,43.8214
K2-239 d,1.1,1.37,10.115,0.0685,,3420.0,0.4,0.36,2018.0,Transit,31.0849
Kepler-778 b,1.68,3.46,3.75574426,0.0453,0.0,5102.0,0.81,0.77,2016.0,Transit,938.168
TOI-1244 b,2.467,6.6,6.400316483,0.060694,0.0,4599.0,0.73,0.721,2024.0,Transit,102.551
TOI-1466 b,2.46741991,6.65,1.87190602231,,,4435.39,0.66,0.749646,2026.0,Transit,86.5783
K2-157 b,0.935,1.14,0.3652575,0.00962,,5334.0,0.89,0.86,2018.0,Transit,298.373
HD 33564 b,12.5,2892.1,388.0,1.1,0.34,6250.0,1.25,1.4367,2005.0,Radial Velocity,20.9531
WASP-55 b,14.72860064,186.2474465,4.465631,0.0558,0.0,6096.0,1.071,1.09,2012.0,Transit,297.462
ROXs 12 b,12.2,5085.0,,210.0,0.83,3850.0,0.87,1.06627,2013.0,Imaging,136.65
bet UMi b,12.7,1938.7,522.3,1.4,0.19,4126.0,1.4,38.3,2014.0,Radial Velocity,38.77472
HD 216536 b,13.8,333.7215,148.60001,0.61,0.38,4639.0,0.81,9.83,2015.0,Radial Velocity,376.233
HIP 65407 b,14.3,136.03124,28.125,0.177,0.14,5460.0,0.93,0.952252,2016.0,Radial Velocity,61.7804
HD 12484 b,13.2,947.1334,58.83,0.297,0.07,5920.0,1.01,1.001848,2016.0,Radial Velocity,48.3367
NGTS-1 b,14.90797,258.07796,2.647298,0.0326,0.016,3916.0,0.617,0.573,2017.0,Transit,218.121
K2-148 b,1.33,2.33,4.38395,0.0454,,4079.0,0.65,0.632,2018.0,Transit,124.458
K2-158 b,2.64,7.46,10.06049,0.0887,,5503.0,0.92,0.95,2018.0,Transit,197.299
HD 86081 b,13.6,470.3884,2.1378431,0.0346,0.0119,5939.0,1.21,1.46,2006.0,Radial Velocity,103.936
HD 45652 b,14.3,137.62039,44.073,0.237,0.607,5294.0,0.92,0.94,2008.0,Radial Velocity,34.8541
WASP-62 b,14.79588,165.2716,4.41195,0.0571,0.0,6230.0,1.11,1.23,2012.0,Transit,175.631
TOI-1422 b,3.83,9.5,12.99894,0.107,0.2,5840.0,0.9903,1.019,2022.0,Transit,155.141
HIP 65426 b,16.8135,2860.47,,92.0,,8840.0,1.96,1.77,2017.0,Imaging,108.875
K2-148 d,1.64,3.33,9.7579,0.0774,,4079.0,0.65,0.632,2018.0,Transit,124.458
GJ 1265 b,2.63,7.4,3.6511,0.026,0.04,3236.0,0.178,0.192,2018.0,Radial Velocity,10.2525
HD 6061 b,2.42763557,10.0,5.2549,0.06,0.0,5934.0,1.0269,1.0072,2023.0,Transit,67.6203
FU Tau b,12.2,5085.28,,800.0,,2838.0,0.05,,2008.0,Imaging,133.4950466
Kepler-19 c,3.68,13.1,28.731,0.1765736996,0.21,5544.0,0.936,0.859,2011.0,Transit Timing Variations,218.562
Kepler-25 d,10.0,71.9,122.4,0.4164221832,0.13,6354.0,1.165,1.316,2014.0,Radial Velocity,243.249
HIP 8541 b,12.6,2451.7283316,1852.14387,3.729,0.36,4672.0,2.009,6.84,2016.0,Radial Velocity,155.121
K2-113 b,12.14,410.0007,5.817685,0.0642,0.0,5660.0,1.04,1.24,2017.0,Transit,635.722
K2-152 b,2.29,5.86,32.6479,0.1716,,4044.0,0.63,0.61,2018.0,Transit,108.449
K2-243 c,2.01,4.7,24.94598,0.1817,,6570.0,1.29,1.39,2018.0,Transit,266.864
HD 13167 b,13.1,1052.0173,2613.0,4.1,0.563,5671.0,1.35,2.39,2018.0,Radial Velocity,148.934
TOI-929 b,2.68983343,7.7,5.83015366944,,,4457.16,0.7,0.717414,2026.0,Transit,114.421
K2-162 b,1.44,2.67,9.45889,0.0795,,4842.0,0.75,0.69,2018.0,Transit,124.433
K2-161 b,6.11721229,31.1,9.283188,,,4972.0,0.986876,2.568173,2018.0,Transit,916.319
KELT-3 b,17.48604,616.5902,2.70339,0.04123,0.0,6304.0,1.96,1.7,2013.0,Transit,210.252
Kepler-97 c,,344.0,789.0,,,5779.0,0.94,0.98,2014.0,Radial Velocity,400.907
KELT-14 b,19.537287,408.09372,1.7100566,0.03005,0.0,5720.0,1.239,1.52,2016.0,Transit,250.121
tau Cet h,1.19,1.83,49.41,0.243,0.23,5310.0,0.783,0.83,2017.0,Radial Velocity,3.60304
K2-154 c,2.07,4.94,7.95486,0.0677,,4097.0,0.65,0.63,2018.0,Transit,129.356
K2-246 b,3.49,12.0,5.76918,0.0602,,5610.0,0.87,0.94,2018.0,Transit,703.616
TOI-969 b,2.765,9.1,1.8237305,0.02636,,4435.0,0.734,0.671,2022.0,Transit,77.2554
TOI-1291 b,5.63826391,27.1,7.1620097551,,,6139.95,1.2,1.8109,2026.0,Transit,428.123
HD 220689 b,13.7,381.3940884,2266.4,3.396,0.054,5921.0,1.016,1.068,2012.0,Radial Velocity,46.8778
GJ 163 b,3.25,10.6,8.63182,0.0607,0.073,3500.0,0.4,0.409738,2013.0,Radial Velocity,15.1285
WASP-104 b,12.745,404.263,1.7554137,0.02918,0.0,5475.0,1.076,0.963,2014.0,Transit,185.932
HAT-P-53 b,14.773462,471.65972,1.9616241,0.03159,0.134,5956.0,1.093,1.209,2015.0,Transit,666.802
HD 111591 b,12.9,1398.452,1056.4,2.5,0.26,4884.0,1.94,8.03,2017.0,Radial Velocity,114.166
K2-155 b,1.8,3.89,6.342,0.0562,,4258.0,0.65,0.58,2018.0,Transit,72.7998
HD 180053 b,13.3,697.31902,213.72,0.843,0.081,5131.0,1.75,4.06,2018.0,Radial Velocity,137.043
TOI-1669 c,2.2963977,13.0,2.6800535,0.0376,0.0,5497.0,0.9867,1.0561,2024.0,Transit,111.276
K2-165 d,2.64809498,7.5,14.101361,,,5185.0,0.834847,0.803827,2018.0,Transit,134.591
DENIS-P J082303.1-491201 b,11.9,9057.77,246.36,0.36,0.345,,0.075,,2013.0,Astrometry,20.77
NGC 2682 YBP 1514 b,14.0,127.132,5.118,,0.28,5725.0,0.96,0.89,2014.0,Radial Velocity,914.221
HD 14067 b,12.2,4862.7746271,2744.0,5.15,0.65,4815.0,2.4,12.4,2014.0,Radial Velocity,142.024
K2-30 b,11.646151,184.02357,4.098503,0.04839,0.0,5425.0,0.9,0.844,2016.0,Transit,333.042
YZ Cet d,1.03,1.09,4.65626,0.02851,0.07,3151.0,0.142,0.157,2017.0,Radial Velocity,3.71207
Kepler-90 i,1.32,2.3,14.44912,0.1201380843,0.0,6015.0,1.12,1.29,2017.0,Transit,848.254
HD 75784 c,12.8,1792.5612,7900.0,8.4,0.489,4867.0,1.26,3.4,2018.0,Radial Velocity,85.4321
WASP-56 b,10.53646,143.0235,4.6171,0.05614,0.0,5600.0,0.71,0.96,2012.0,Transit,321.084
GJ 667 C g,1.99,4.6,256.2,0.549,0.08,3350.0,0.33,,2013.0,Radial Velocity,7.24396
WASP-135 b,14.5717,603.877,1.4013794,0.0243,0.0,5675.0,0.98,0.96,2015.0,Transit,298.214
CoRoT-32 b,6.38913,47.6745,6.71837,0.071,,5970.0,1.08,0.79,2018.0,Transit,576.683
TOI-1054.01,2.43432,6.5,15.5077855,,,6122.0,1.14,1.17,2021.0,Transit,88.4343
Kepler-504 b,1.59,3.15,9.549275422,0.0646,0.0,3519.0,0.33,0.33,2016.0,Transit,99.0688
KMT-2025-BLG-0975L b,5.97,29.8,,0.81,,,0.1,,2026.0,Microlensing,7923.0
TOI-1691 b,3.66,14.6,16.736888935,0.129365,0.0,5759.0,1.03,1.0,2024.0,Transit,111.445
K2-221 b,1.67890272,3.46,2.399094,,,5716.0,1.010842,0.947599,2018.0,Transit,318.81
GJ 504 b,12.10569916,1271.3,,43.5,,6234.0,1.22,1.26,2013.0,Imaging,17.5299
WASP-68 b,14.79588,343.2564,5.0843,0.06206,0.0,5910.0,1.49,1.79,2014.0,Transit,226.399
psi1 Dra B b,13.5,486.2799,3117.0,4.43,0.4,6212.0,1.19,1.255735,2015.0,Radial Velocity,22.7188
K2-118 b,2.54,6.99,50.92092,0.245,0.2,4726.29,0.756446,0.734626,2017.0,Transit,321.722
GJ 3942 b,2.57,7.14,6.905,0.0608,0.121,3867.0,0.63,0.61,2017.0,Radial Velocity,16.9287
Kepler-1654 b,9.180171,158.915,1047.8356,2.026,0.26,5597.0,1.011,1.179,2018.0,Transit,568.117
TOI-1695 b,1.9,6.36,3.1342791,0.033548,0.097,3690.0,0.513,0.515,2022.0,Transit,45.1309
Kepler-750 b,3.07,9.64,9.42887179,0.08742,0.0,6160.0,1.15,1.23,2016.0,Transit,1296.02
WASP-78 b,21.63337,352.7913,2.17518,0.03488,0.0,6100.0,1.87,2.46,2012.0,Transit,754.258
HD 66141 b,12.8,1906.9,480.5,1.2,0.07,4323.0,1.1,21.4,2012.0,Radial Velocity,68.1509
HD 203030 b,14.4595851,3496.112477,,487.1,,5603.0,0.94,0.856458,2006.0,Imaging,39.2503
WASP-88 b,16.36514,133.4886,4.954,0.06431,0.0,6430.0,0.94,1.8,2014.0,Transit,523.756
KIC 10001893 c,,,0.32528,,,27500.0,0.47,0.18,2014.0,Orbital Brightness Modulation,1672.94
Wolf 1061 d,2.69,7.7,217.21,0.47,0.55,3342.0,0.294,0.307,2015.0,Radial Velocity,4.30592
K2-130 b,1.25,2.1,2.49412,0.032,0.17,4356.47,0.69563,0.744261,2017.0,Transit,118.011
K2-129 b,1.04,1.12,8.239493,0.057,0.13,3459.09,0.360031,0.36001,2017.0,Transit,27.7957
HD 147379 b,4.94,21.6,86.58,0.3193,0.063,4090.0,0.58,0.628304,2017.0,Radial Velocity,10.7643
HATS-42 b,15.6926,597.5204,2.292102,0.03689,0.229,6060.0,1.273,1.48,2018.0,Transit,800.377
WASP-144 b,9.52765,139.8452,2.2783152,0.0316,0.0,5200.0,0.81,0.81,2018.0,Transit,355.513
HD 83443 c,13.6,476.7426105,8241.0,8.0,0.76,5442.0,1.0,0.94,2022.0,Radial Velocity,40.8991
TOI-1347 c,1.6,6.4,4.841962,0.0546,0.0,5464.0,0.913,0.83,2024.0,Transit,147.476
HD 108147 b,10.9,82.95,10.8985,0.102,0.53,6255.73,1.22,1.20664,2002.0,Radial Velocity,38.92
CHXR 73 b,12.3,3994.486,,210.0,,3099.0,0.35,,2006.0,Imaging,190.374
KIC 8540376 b,4.1,15.8,31.8099,,,6474.0,1.04,1.26,2015.0,Transit,1072.3
HATS-51 b,15.80469,244.09344,3.3488702,0.04639,0.33,5758.0,1.187,1.44,2017.0,Transit,389.57
K2-233 b,1.315,2.4,2.467583,0.03293,0.0,4796.0,0.79,0.71,2018.0,Transit,67.5062
Kepler-814 b,2.12,5.14,6.1469851,0.0695,0.0,6162.0,1.15,1.22,2016.0,Transit,2055.77
HD 18599 b,2.6,24.1,4.1374354,0.048,0.34,5145.0,0.863,0.767,2022.0,Transit,38.5653
Kepler-127 c,2.66,7.56,29.393195,0.2,0.03,6106.0,1.248,1.359,2014.0,Transit,352.794
HIP 55507 b,12.6,2585.53409095,5138.43727,5.062,0.362,4171.0,0.65,0.723643,2022.0,Radial Velocity,25.4893
NGC 2682 Sand 1429 b,13.4,572.0911326,77.48,0.384,0.0,6000.0,1.26,2.13,2024.0,Radial Velocity,852.793
Kepler-955 b,3.13,9.96,14.53244172,0.1083,0.0,5350.0,0.89,0.84,2016.0,Transit,550.383
Kepler-962 b,1.97,4.54,12.05707239,0.09874,0.0,5478.0,0.93,0.86,2016.0,Transit,411.486
TOI-5678 b,4.91,20.0,47.73022,0.249,0.14,5485.0,0.905,0.938,2023.0,Transit,165.393
HD 155918 c,12.8,1878.04805696,17202.19446,13.183,0.071,5771.84,1.03,1.01906,2022.0,Radial Velocity,27.561
TOI-6034 b,11.92,254.0,2.576184,0.02949,0.04,3635.0,0.514,0.489,2024.0,Transit,117.992
HD 101581 b,0.956,0.827,4.46569,0.046,,4675.0,0.653,0.63,2025.0,Transit,12.7781
Kepler-922 b,1.42,2.6,0.938466832,0.01795,0.0,5671.0,0.95,0.93,2016.0,Transit,536.323
Barnard c,0.743,0.335,4.1244,0.0274,0.08,3195.0,0.162,0.185,2025.0,Radial Velocity,1.82655
TIC 32032563 b,3.47739942,11.9,13.83460487791,,,5567.93,1.05,1.00188,2026.0,Transit,507.858
Kepler-911 b,2.6,7.27,20.310501,0.15594,0.0,6112.0,1.34,1.99,2016.0,Transit,556.168
HD 16905 b,12.4,3591.4609991,10256.0,8.8,0.68,4866.12,0.85,0.77494,2022.0,Radial Velocity,39.7401
HD 184010 b,12.1,98.52680617,286.6,0.94,0.0,4971.0,1.35,4.86,2022.0,Radial Velocity,60.7993
TOI-6041 b,4.55,28.9,26.04945,0.1651,,5445.0,0.885,0.879,2025.0,Transit,72.4731
TOI-6281 b,1.92416074,4.36,1.05426244177,,,4533.23,0.65,0.874219,2026.0,Transit,57.7451
TOI-4600 c,9.42,2946.26933289,482.8191,1.152,0.21,5170.0,0.89,0.81,2023.0,Transit,216.056
Luhman 16 b,11.9,9344.1551658,9697.0,3.52,0.344,,0.0338,,2017.0,Imaging,
Barnard b,0.72,0.299,3.1542,0.0229,0.03,3195.0,0.162,0.185,2024.0,Radial Velocity,1.82655
Barnard e,0.637,0.193,6.7392,0.0381,0.04,3195.0,0.162,0.185,2025.0,Radial Velocity,1.82655
HD 224018 c,2.42,10.4,36.57669,0.217,0.02,5784.0,1.013,1.147,2025.0,Transit,105.48
TIC 38825265 b,2.18869476,5.43,3.31336980985,,,4375.52,0.64,0.664503,2026.0,Transit,165.638
Kepler-1012 b,1.29,2.21,5.50860439,0.06066,0.0,5556.0,0.95,0.91,2016.0,Transit,411.077
Kepler-1754 b,2.43996509,6.53,8.195949554,0.0718,0.0,4723.0,0.734,0.747,2021.0,Transit,718.945
LHS 1678 d,0.981,0.907,4.9652229,0.04,0.036,3490.0,0.345,0.329,2024.0,Transit,19.8782
HD 18143 c,12.5,3177.64841319,28982.41764,17.53,0.194,5078.0,0.85,0.87,2022.0,Radial Velocity,22.5243
Kepler-935 b,1.35,2.39,4.88083852,0.0527,0.0,4830.0,0.78,0.73,2016.0,Transit,471.782
Kepler-879 c,0.4,0.0364,0.646716,,,5456.75,0.974,1.022,2024.0,Transit,802.672
ZTF J1230-2655 b,13.78704626,7024.0077947,0.23597766,,,10000.0,0.646,0.0123,2025.0,Transit,186.69
TIC 270471727 b,2.75029559,8.0,10.45623256647,,,5271.39,0.9,0.997091,2026.0,Transit,182.104
TIC 65612701 b,5.07802804,22.7,10.22467974953,,,5692.29,1.06,1.73709,2026.0,Transit,151.624
Kepler-1014 b,2.39,6.3,16.57110363,0.121,0.0,5388.0,0.88,0.84,2016.0,Transit,624.8
Kepler-1044 b,2.67,7.61,6.77408868,0.0741,0.0,5985.0,1.08,1.11,2016.0,Transit,1278.96
Kepler-66 b,2.8,8.25,17.815815,0.1352,0.0,5962.0,1.038,0.966,2013.0,Transit,1202.96
Kepler-857 b,6.8,37.2,85.35129427,0.3751,0.0,5773.0,0.99,0.99,2016.0,Transit,983.502
TOI-6080 b,3.32424168,11.0,8.05562348084,,,5775.46,1.01,1.06221,2026.0,Transit,188.183
Wolf 1069 b,1.08,1.26,15.564,0.0672,,3158.0,0.167,0.1813,2023.0,Radial Velocity,9.58341
TOI-6330 b,10.89,3179.0,6.8500246,0.05763,0.34,3539.0,0.531,0.49,2025.0,Transit,139.042
ITG 15 b,12.1,6674.396547,,435.0,,,,,2024.0,Imaging,136.37
WISPIT 2 b,17.93436912,1541.46777395,,57.0,,4400.0,1.08,1.418,2025.0,Imaging,134.907
NGTS-38 b,12.11690814,1516.04150139,180.52797,0.697,0.3086,6310.0,1.46,1.88,2026.0,Transit,268.637
TOI-5210 b,10.72699453,81.99972901,4.5661061,0.0557,0.066,5723.0,1.105,1.209,2025.0,Transit,302.086
TOI-5726.01,2.554,7.05,5.491125215,0.062186,,5874.0,1.06,1.106,2024.0,Transit,108.848
HD 194490 b,12.4,3561.90295725,13092.18348,11.116,0.251,5861.32,1.06,1.14911,2022.0,Radial Velocity,80.2349
HD 190228 b,12.9,1598.67688721,1143.59858,2.406,0.559,5360.0,1.415,2.58658,2022.0,Radial Velocity,62.7146
HD 206893 b,14.01122587,6197.6539365,11100.0,10.75,0.069,6500.0,1.31,1.31116,2021.0,Imaging,40.7583
HD 112570 b,13.1,1086.97315194,2615.0,3.9,0.2,4750.0,1.15,9.85,2023.0,Radial Velocity,101.166
HD 154391 b,12.5,2892.2385037,5163.0,7.46,0.2,4909.0,2.07,8.56,2023.0,Radial Velocity,100.947
G 196-3 b,12.0,8263.538582,,350.0,,3517.0,0.519782,0.522432,2024.0,Imaging,21.7912
Kepler-1026 b,2.21,5.52,36.5156053,0.1977,0.0,4948.0,0.79,0.75,2016.0,Transit,351.239
G 261-6 b,1.1,1.37,5.4536,0.02971,0.0,2907.0,0.118,0.153162,2025.0,Radial Velocity,10.6267
TOI-5789 d,1.91,4.29,29.65,0.1756,0.096,5185.0,0.821,0.833,2026.0,Radial Velocity,20.4581
TOI-5789 b,1.26,2.12,2.76369,0.03608,0.0,5185.0,0.821,0.833,2026.0,Radial Velocity,20.4581
TIC 142589416 b,2.67899519,7.65,2.09518466313,,,4396.27,0.641,0.713832,2026.0,Transit,168.933
NGTS-39 b,12.195371,466.25427307,58.20472,0.3077,0.386,6053.0,1.16,1.16,2026.0,Transit,278.402
Gliese 48 b,2.77,8.11,39.6299,0.1752,0.0,3450.0,0.47,0.463,2026.0,Radial Velocity,8.23366
Kepler-993 b,2.97,9.11,22.08557563,0.13,0.0,3843.0,0.57,0.54,2016.0,Transit,324.423
Kepler-80 d,1.53,6.75,3.07222,0.0372,0.0041,4540.0,0.73,0.678,2014.0,Transit,369.451
K2-411 b,0.9898,0.937,3.2141,0.0511,,5711.0,1.018,1.375,2022.0,Transit,298.219
HD 169142 b,13.1,953.485221,,37.2,,7246.0,1.85,1.53702,2023.0,Imaging,113.6
TOI-6383 A b,11.29,331.0,1.79058695,0.02292,0.05,3444.0,0.458,0.457,2024.0,Transit,171.319
TIC 139270665 b,7.22979255,147.15455244,23.624,0.163,0.105,5844.0,1.035,1.016,2024.0,Transit,189.875
TOI-7149 b,13.2,224.0,2.65206166,0.02603,0.078,3363.0,0.344,0.351,2025.0,Transit,126.126
Kepler-348 b,1.52,2.92,7.05677,0.076,0.0,6177.0,1.189,1.359,2014.0,Transit,570.783
TOI-5789 e,3.43,11.61,62.98,0.2901,0.071,5185.0,0.821,0.833,2026.0,Radial Velocity,20.4581
TIC 154870955 b,3.09467466,9.77,7.9698747128,,,4739.58,0.828,0.724328,2026.0,Transit,226.463
Kepler-332 b,1.17,1.71,7.626324,0.07,0.0,4955.0,0.743,0.72,2014.0,Transit,344.19
TOI-5238 b,5.22,23.7,4.872171,,,5631.0,1.0,1.02283,2022.0,Transit,290.646
Kepler-914 b,1.38,2.48,4.40966548,0.05454,0.0,5877.0,1.1,1.15,2016.0,Transit,753.723
K2-413 c,1.2327,2.05,5.3301,0.0426,,4116.0,0.808,0.7,2022.0,Transit,285.162
TOI-6086 b,1.18,1.76,1.3888725,0.01541,,3200.0,0.254,0.259,2024.0,Transit,31.4566
Kepler-314 c,2.9,8.75,5.960392,0.064,0.0,5378.0,0.99,0.95,2014.0,Transit,268.881
HIP 29442 c,1.551,4.5,3.5379559,0.04518,,5289.0,0.901,0.98,2023.0,Radial Velocity,68.192
HD 63433 d,1.073,1.25,4.209075,0.0503,0.16,5688.0,0.99,0.912,2023.0,Transit,22.4035
Kepler-317 b,2.09,109.8,5.524242,0.061,0.0,5497.0,0.865,0.941,2014.0,Transit,940.584
TOI-7384 b,3.56,12.4,6.2340258,0.0439,0.4,3185.0,0.318,0.319,2026.0,Transit,66.7902
Kepler-1768 b,2.23346338,5.62,15.13589954,0.1286,0.0,6050.0,1.24,1.572,2021.0,Transit,632.766
Kepler-981 b,2.31,5.95,4.469757736,0.0535,0.0,5718.0,0.98,0.96,2016.0,Transit,878.082
Kepler-1043 b,2.55,7.04,38.5053398,0.2159,0.0,5629.0,0.92,0.9,2016.0,Transit,903.332
TOI-5777 b,3.09551273,9.78,6.91716177373,,,4408.03,0.658,0.671912,2026.0,Transit,114.277
HIP 113103 b,1.829,4.0,7.610303,0.06899,0.17,4930.0,0.761,0.742,2023.0,Transit,46.2122
UCAC3 113-933 b,12.1,6674.396547,,6100.0,,3864.0,0.61,0.564484,2024.0,Imaging,52.5829
HD 73344 c,13.5,118.54999581,65.94,0.3388,0.124,6148.0,1.19,1.22,2025.0,Radial Velocity,35.26
Kepler-139 f,6.67,36.0,355.0,,,5630.0,1.078,1.045,2025.0,Transit Timing Variations,391.038
TIC 249022743 b,4.79568155,20.6,2.25719681538,,,5567.58,1.0,1.2084,2026.0,Transit,396.46
TIC 260969020 b,2.22686612,5.59,8.48584501953,,,4572.94,0.75,0.68988,2026.0,Transit,121.222
Kepler-62 e,1.61,36.0,122.3874,0.427,0.0,4925.0,0.69,0.64,2013.0,Transit,300.874
HD 105618 c,11.9,8419.59232984,77114.07158,35.731,0.126,5671.0,1.01,1.27399,2022.0,Radial Velocity,70.0837
HIP 113103 c,2.4,6.35,14.245648,0.10479,0.17,4930.0,0.761,0.742,2023.0,Transit,46.2122
Kepler-1053 b,0.98,0.904,2.414351654,0.0315,0.0,4529.0,0.74,0.69,2016.0,Transit,151.129
Kepler-102 d,1.154,3.0,10.311767,0.08618,0.092,4909.0,0.803,0.724,2014.0,Transit,107.796
HD 196067 c,3.21,10.4,4.601088,,0.235,6072.0,1.16,1.71,2025.0,Radial Velocity,39.9346
GJ 887 d,2.34,6.1,50.77,0.212,,3688.0,0.495,0.468,2026.0,Radial Velocity,3.28679
Kepler-347 b,1.97,4.54,12.79836,0.11,0.0,6088.0,0.922,1.005,2014.0,Transit,1298.88
HD 11112 b,12.6,2598.56505563,17244.90764,13.38,0.285,5905.64,1.07,1.47368,2022.0,Radial Velocity,44.3804
Kepler-485 b,14.41,,3.243259796,0.04401,0.0,5958.0,1.07,1.09,2016.0,Transit,1140.95
TIC 393818343 b,12.18416202,1379.37528638,16.24921,0.1291,0.6058,5756.0,1.082,1.086,2024.0,Transit,93.7345
Kepler-1032 b,1.87,4.16,3.290117953,0.0361,0.0,4647.0,0.77,0.71,2016.0,Transit,673.01
HD 284149 AB b,12.0,8352.53053596,,431.16,,6035.0,1.13,1.36,2017.0,Imaging,117.807
WASP-132 d,12.8,1639.99458012,1816.6,2.71,0.12,4686.0,0.789,0.758,2024.0,Radial Velocity,122.91
K2-157 c,6.08,30.8,25.942,0.165,0.2,5334.0,0.89,0.86,2025.0,Radial Velocity,298.373
KOINTREAU-4 b,12.2,4862.7746271,,182.0,,3252.0,,,2026.0,Imaging,145.434
TIC 390586021 b,2.86009388,8.55,2.74703755819,,,4434.81,0.648,0.726565,2026.0,Transit,114.558
HD 113337 c,12.1,6299.67685515,5429.93477,6.805,0.164,6774.0,1.41,1.5,2020.0,Radial Velocity,36.18
HD 94771 b,14.2,169.0,2164.0,3.48,0.39,5631.0,1.2,1.903,2023.0,Radial Velocity,57.7807
TOI-6695 b,9.52763359,66.74396547,80.389,0.402,0.04,6400.0,1.338,1.517,2025.0,Transit,282.536
Gaia-5 b,12.1,6633.07885409,358.62,,0.6423,3447.0,0.339,0.345,2025.0,Astrometry,41.1813
DMPP-2 d,11.6,91.79,16.491,0.1432,0.1,6500.0,1.41,1.78,2026.0,Radial Velocity,137.94
TIC 423703298 b,2.77230429,8.11,4.03712711976,,,4540.37,0.691,0.729825,2026.0,Transit,136.191
Kepler-335 b,3.39,11.4,6.562331,0.075,0.0,5877.0,1.367,1.854,2014.0,Transit,1278.97
Kepler-1023 b,2.63,7.41,62.1387714,0.30284,0.0,5494.0,0.93,0.89,2016.0,Transit,694.175
TOI-5592 b,17.14974047,285.72773789,2.6085846,0.03935,0.062,6237.0,1.194,1.393,2025.0,Transit,597.026
HD 122562 c,10.1,73.10053361,84.96276,0.406,0.228,4956.0,1.241,2.16627,2022.0,Radial Velocity,53.2528
HD 115404 A c,12.5,3279.67133183,15319.22517,11.364,0.211,5019.17,0.83,0.727007,2022.0,Radial Velocity,10.9816
GJ 1002 c,1.1,1.36,21.202,0.0738,,3024.0,0.12,0.137,2022.0,Radial Velocity,4.84867
Kepler-932 b,1.37,2.45,1.921437396,0.02876,0.0,5331.0,0.87,0.84,2016.0,Transit,465.612
TOI-6707 b,5.72673066,27.8,3.83479363758,,,6289.49,1.14,1.58202,2026.0,Transit,641.467
Kepler-139 e,13.7,378.0,2047.635373,3.23579639,0.013121,5622.0,1.078,1.045,2023.0,Radial Velocity,391.038
Kepler-328 c,5.4,39.4,71.312,0.354,0.0,6064.0,1.15,1.06,2013.0,Transit,2213.19
TOI-7510 d,10.52,190.0,48.864468,0.2672,0.04,5720.0,1.063,1.035,2025.0,Transit,249.006
Kepler-138 d,1.51,2.1,23.0923,0.1288,0.01,3841.0,0.535,0.535,2014.0,Transit,66.8624
Kepler-1779 b,3.03295685,9.44,16.34359932,0.1264,0.0,5730.0,1.008,1.056,2021.0,Transit,908.501
Kepler-973 b,1.96,4.5,49.6077331,0.2489,0.0,5213.0,0.86,0.78,2016.0,Transit,328.52
TOI-5595 b,4.73740402,20.1,5.99002553853,,,4417.3,0.645,0.743344,2026.0,Transit,136.955
HD 203387 b,13.1,1106.04285636,512.5352,1.771,0.732,5174.32,2.817,10.5852,2022.0,Radial Velocity,61.7477
TOI-6016 b,13.67495645,371.85923619,4.023687,0.055,0.0,6110.0,1.31,1.51,2024.0,Transit,364.715
HIP 99770 b,12.2,5403.082919,18600.0,15.8,0.31,8000.0,1.9,1.93986,2023.0,Imaging,40.0765
Kepler-1772 b,2.68609988,7.68,3.215090036,0.04391,0.0,5541.0,0.942,0.934,2021.0,Transit,871.564
GJ 2126 b,13.6,413.1769291,272.7,0.71,0.85,4159.0,0.65,0.728,2025.0,Radial Velocity,38.129
TOI-5616 b,10.78,624.0,2.002849,0.0272,0.0,3996.0,0.666,0.646,2024.0,Transit,390.415
Kepler-408 b,0.82,5.0,2.46502,0.03592,0.0,6104.0,1.08,1.23,2014.0,Transit,88.7832
Gaia23braL b,13.5,518.06030341,,4.847,,5055.0,0.774,1.36181,2026.0,Microlensing,4330.0
Kepler-10 d,3.49,12.0,151.06,0.5379,0.19,5708.0,0.91,1.065,2023.0,Radial Velocity,185.506
GJ 3988 b,1.74,3.69,6.9442,0.0405,0.0,3273.0,0.1842,0.19734,2023.0,Radial Velocity,9.9105
TOI-1408 c,2.22,7.6,2.1664,0.03587,0.1353,6117.0,1.312,1.53,2024.0,Transit Timing Variations,139.484
HD 68475 b,12.8,1639.99458012,7832.0,7.27,0.62,5022.0,0.83,0.79099,2026.0,Radial Velocity,33.4297
HD 48265 c,12.9,1414.33641115,10418.0,10.4,0.41,5805.0,1.38,2.05,2026.0,Radial Velocity,90.5446
Kepler-958 b,2.06,4.9,9.7678805,0.08631,0.0,5421.0,0.91,0.86,2016.0,Transit,449.773
TOI-5624 d,3.584,4.9,13.731468,0.1067,0.0,5327.0,0.858,0.82,2026.0,Transit,101.913
KOI-351 d,2.87,8.6,59.73667,0.32,0.0,6080.0,1.2,1.2,2013.0,Transit,848.254
Kepler-20 e,0.821,0.76,6.0984882,0.0637,0.092,5495.0,0.929,0.9164,2011.0,Transit,282.563
nu Oct A b,13.3,696.04421133,402.4,1.24,0.195,4910.0,1.57,5.04,2016.0,Radial Velocity,21.1999
TOI-1288 c,11.1,85.7,416.0,1.07,0.0,5388.0,0.9552,0.9583,2022.0,Radial Velocity,114.865
Kepler-104 c,3.13,7.14430805,23.668205,0.153,0.0,5711.0,0.818,1.349,2014.0,Transit,400.785
Kepler-507 b,1.3,5.69692195,3.568096926,0.04781,0.0,6113.0,1.16,1.32,2016.0,Transit,391.644
HN Lib b,2.2,5.46,36.116,0.1417,0.079,3347.0,0.291,0.299,2023.0,Radial Velocity,6.24442
Kepler-49 d,1.6,235.982,2.576549,0.031,0.0,4252.0,0.549,0.559,2014.0,Transit,311.222
HIP 10090 b,13.0,1229.99593509,2960.0,3.87,0.115,5661.0,0.94,1.38268,2026.0,Radial Velocity,82.3937
Kepler-346 b,2.66,7.56,6.511127,0.071,0.0,6033.0,0.943,1.021,2014.0,Transit,984.105
Kepler-265 d,2.49,6.76,43.130617,0.236,0.0,5835.0,0.97,1.103,2014.0,Transit,1280.25
Kepler-399 b,0.96,0.84,14.425281,0.103,0.0,5502.0,0.902,0.68,2014.0,Transit,740.537
Kepler-110 c,2.21,5.52,31.719775,0.198,0.0,5960.0,0.989,1.149,2014.0,Transit,586.531
Kepler-1248 b,1.18,1.76,7.46725407,0.0806,0.0,6149.0,1.21,1.21,2016.0,Transit,593.026
Kepler-1269 b,1.63,3.29,37.3331536,0.23611,0.0,5998.0,1.1,1.15,2016.0,Transit,1097.23
Kepler-1314 b,5.11,22.9,5.424749281,0.0504,0.0,4188.0,0.6,0.59,2016.0,Transit,141.98685057
Kepler-1870 b,2.10143764,5.07,3.606940031,0.0452,0.0,5508.0,0.955,0.84,2021.0,Transit,407.216
Kepler-236 b,1.57,3.09,8.295611,0.065,0.0,3750.0,0.596005,0.51,2014.0,Transit,288.763
Kepler-125 c,0.74,0.33,5.774464,0.051,0.0,3810.0,0.542101,0.512,2014.0,Transit,183.365
Kepler-304 d,2.75,8.0,9.653471,0.08,0.0,4731.0,0.737,0.687,2014.0,Transit,434.684
Kepler-326 d,1.21,6.9,6.766888,0.066,0.0,5105.0,0.91,0.801,2014.0,Transit,487.675
Kepler-126 c,1.58,1.27942148,21.869741,0.162,0.19,6239.0,1.108,1.358,2014.0,Transit,237.401
Kepler-400 c,1.49,2.83,17.340824,0.134,0.0,5886.0,1.08,1.145,2014.0,Transit,845.97
Kepler-1089 b,1.83,4.01,5.132485618,0.0497,0.0,3753.0,0.52,0.49,2016.0,Transit,259.328
Kepler-102 f,0.861,4.3,27.453592,0.1656,0.1,4909.0,0.803,0.724,2014.0,Transit,107.796
Kepler-1223 b,1.22,1.98,16.301259,0.1186,0.0,4870.0,0.8,0.75,2016.0,Transit,459.957
Kepler-1853 b,1.51862272,2.92,48.88819885,0.2395,0.0,4821.0,0.765,0.788,2021.0,Transit,562.348
Kepler-512 b,2.69,7.7,34.43587975,0.21395,0.0,5997.0,1.17,1.3,2016.0,Transit,467.375
Kepler-369 b,1.13,1.51,2.732756,0.03,0.0,3591.0,0.5,0.471,2014.0,Transit,214.0
Kepler-305 c,3.3,6.0,8.291,0.07568,0.0,5080.0,0.76,0.8,2013.0,Transit,868.477
Kepler-975 c,10.69,80.2,5.05821338,0.0567,0.0,4883.0,0.951,1.667,2023.0,Transit,426.088
Kepler-22 b,2.1,9.1,289.863876,0.812,0.72,5596.0,0.857,0.869,2011.0,Transit,194.642
Kepler-1995 b,4.28,16.9,73.7578875,0.3259,0.0,5029.0,0.847,0.93,2023.0,Transit,595.331
Kepler-1227 b,2.29,5.86,94.2887577,0.38555,0.0,5747.0,0.97,0.95,2016.0,Transit,623.706
Kepler-1272 b,2.37,6.21,51.1309704,0.2705,0.0,5926.0,1.06,1.09,2016.0,Transit,1206.37
Kepler-201 c,2.85,8.5,151.884058,0.573,0.0,6065.0,1.098,1.229,2014.0,Transit,636.445
Kepler-215 c,1.77,3.78,14.667108,0.113,0.0,5739.0,0.788,1.027,2014.0,Transit,485.997
Kepler-267 c,2.13,5.18,6.87745,0.06,0.0,4258.0,0.541571,0.555,2014.0,Transit,264.993
Kepler-373 c,1.24,2.07,16.725948,0.126,0.0,5787.0,0.981,0.845,2014.0,Transit,1090.45
Kepler-54 d,1.53,12.0946,20.995694,0.126,0.0,4252.0,0.518,0.554,2014.0,Transit,271.701
Kepler-329 b,1.4,2.54,7.416397,0.061,0.0,4257.0,0.602,0.523,2014.0,Transit,439.719
Kepler-279 d,3.1,37.5,54.414,0.2901,0.0,6689.45,1.1,1.07,2013.0,Transit,1037.4
HD 219134 c,1.511,4.36,6.76458,0.0653,0.062,4699.0,0.81,0.778,2015.0,Radial Velocity,6.53127
Kepler-1198 b,1.47,2.76,7.6847716,0.0732,0.0,5517.0,0.93,0.9,2016.0,Transit,743.03
Kepler-161 c,2.05,3.61,7.06424,0.068,0.0,5078.0,0.853,0.806,2014.0,Transit,434.632
Kepler-1294 b,3.19,10.3,115.6862258,0.4684,0.0,5776.0,0.99,0.97,2016.0,Transit,1855.7
Kepler-1319 b,1.34,2.36,2.886762645,0.0296,0.33,3655.0,0.56,0.54,2016.0,Transit,103.917
Kepler-275 d,3.33,11.1,35.676062,0.224,0.0,6165.0,1.189,1.383,2014.0,Transit,2034.25
Kepler-374 b,1.03,1.08,1.897806,0.029,0.0,5977.0,1.033,0.911,2014.0,Transit,1265.61
Kepler-306 d,2.47,6.66,17.326644,0.12,0.0,4954.0,0.75,0.719,2014.0,Transit,775.679
Kepler-305 e,1.7938153,3.87,3.20538,0.04017,0.0,4974.0,0.82,0.827279,2020.0,Transit,868.477
Kepler-11 f,2.49,2.0,46.6888,0.25,0.013,5663.0,0.961,1.065,2010.0,Transit,646.346
Kepler-276 d,2.8,16.3,48.648,0.24666,0.0,5693.0,1.1,1.03,2013.0,Transit,1144.86
Kepler-36 c,3.679,7.13,16.21865,0.12692,0.0,5979.0,1.034,1.634,2012.0,Transit,527.956
Kepler-1251 b,1.84,4.04,45.0904643,0.2478,0.0,5545.0,0.92,0.89,2016.0,Transit,902.204
Kepler-1843 b,2.70909809,7.8,25.54339981,0.17871,0.0,5422.0,1.02,1.782,2021.0,Transit,784.625
Kepler-1857 b,1.96065412,4.5,8.94340992,0.08308,0.0,6074.0,0.873,1.005,2021.0,Transit,853.275
Kepler-190 c,1.46,2.73,3.763024,0.045,0.0,5106.0,0.834,0.795,2014.0,Transit,433.387
Kepler-123 c,1.48,2.79,26.695074,0.181,0.0,6089.0,1.079,1.264,2014.0,Transit,1021.66
Kepler-380 c,1.27,2.15,7.630004,0.078,0.0,6045.0,0.99,1.224,2014.0,Transit,813.713
Kepler-283 c,1.82,3.97,92.743711,0.341,0.0,4351.0,0.596,0.566,2014.0,Transit,468.094
KELT-6 c,13.0,1179.1493,1276.0,2.39,0.21,6272.0,1.126,1.529,2015.0,Radial Velocity,240.726
Kepler-85 b,1.778,1.84,8.3,0.07885,0.02,5505.2,0.928,0.875,2012.0,Transit,765.025
Kepler-799 c,2.78068551,8.15,15.19419956,0.1214,0.0,5588.0,1.031,1.593,2021.0,Transit,1509.084
Kepler-1884 b,1.81406781,3.95,8.988320351,0.0845,0.0,5984.0,0.993,0.906,2021.0,Transit,1443.09
Kepler-381 b,0.99,0.937,5.629021,0.066,0.0,6152.0,1.144,1.568,2014.0,Transit,267.323
Kepler-84 d,1.38,2.48,4.224537,0.052,0.0,6031.0,1.06,1.169,2014.0,Transit,1023.9
Kepler-334 b,1.12,1.46,5.470319,0.061,0.0,5828.0,1.022,1.068,2014.0,Transit,426.59
Kepler-285 c,1.12,1.46,6.186676,0.064,0.0,5411.0,0.915,0.808,2014.0,Transit,824.31
Kepler-1232 b,1.93,4.38,26.7839183,0.16545,0.0,5471.0,0.92,0.89,2016.0,Transit,632.865
Kepler-1858 b,2.42168247,6.44,88.07160187,0.3575,0.0,4939.0,0.785,0.819,2021.0,Transit,833.055
Kepler-204 c,1.79,3.86,25.660593,0.173,0.0,5812.0,1.038,1.238,2014.0,Transit,686.723
Kepler-515 b,1.46,2.73,19.96371318,0.1333,0.0,5293.0,0.9,0.83,2016.0,Transit,255.0
Kepler-221 e,2.63,7.86706,18.369917,0.13,0.0,5243.0,0.854,0.821,2014.0,Transit,385.231
Kepler-1877 b,0.624086,0.179,2.377569914,0.03472,0.0,5615.0,1.022,0.936,2021.0,Transit,285.312
Kepler-350 d,2.8,14.9,26.136,0.1786,0.0,6492.3,1.0,1.25,2013.0,Transit,956.859
Kepler-58 e,1.61,597.796,4.45814897,0.0533,0.0,6100.0,1.017,1.083,2023.0,Transit,969.252
Kepler-1679 b,2.0692036,4.93,9.75376,0.0892,0.0,5501.0,0.96,0.873196,2020.0,Transit,909.28
Kepler-58 c,2.86,53.0,15.5741568,0.12307,0.0,5843.0,0.95,1.03,2012.0,Transit,969.252
Kepler-1844 b,3.03648191,9.46,3.924510002,0.0478,0.0,5776.0,0.939,0.849,2021.0,Transit,1804.36
Kepler-1278 b,1.01,1.01,3.23941344,0.04417,0.0,6074.0,1.11,1.16,2016.0,Transit,889.426
Kepler-1864 b,0.75408365,0.353,3.881510019,0.049,0.0,5854.0,1.03,0.979,2021.0,Transit,298.894
Kepler-1324 b,1.51,2.89,4.115844679,0.0466,0.0,4776.0,0.78,0.73,2016.0,Transit,481.667
Kepler-462 c,4.0,6.0,207.62,0.7584,0.11,7500.0,1.59,1.57,2018.0,Transit,596.625
Kepler-226 d,1.22,1.98,8.109044,0.076,0.0,5571.0,0.904,0.802,2014.0,Transit,980.138
Kepler-221 b,1.71,5.95575,2.795906,0.037,0.0,5243.0,0.854,0.821,2014.0,Transit,385.231
Kepler-245 c,2.18,26.7,17.460812,0.124,0.0,5100.0,0.856,0.795,2014.0,Transit,861.527
Kepler-352 b,0.86,0.566,10.05537,0.085,0.0,5212.0,0.798,0.781,2014.0,Transit,252.733
Kepler-382 c,1.59,3.15,12.162701,0.097,0.0,5600.0,1.002,0.945,2014.0,Transit,935.446
Kepler-336 b,1.02,1.04,2.024823,0.033,0.0,5867.0,1.09,1.304,2014.0,Transit,768.86
HD 11755 b,12.8,1789.3829,433.70001,1.09,0.19,4312.0,0.72,20.58,2015.0,Radial Velocity,235.045
Kepler-385 c,3.04,13.2,15.163161,0.127,0.0,6326.0,0.992,1.126,2014.0,Transit,1432.61
Kepler-267 d,2.27,5.77,28.464515,0.154,0.0,4258.0,0.541571,0.555,2014.0,Transit,264.993
Kepler-384 c,1.13,1.51,45.348269,0.236,0.0,5577.0,0.882,0.882,2014.0,Transit,895.678
Kepler-299 e,1.87,4.16,38.285489,0.22,0.0,5617.0,1.004,1.032,2014.0,Transit,1052.24
8 UMi b,13.5,524.41687155,93.31,0.462,0.062,4847.0,1.51,10.73,2015.0,Radial Velocity,162.552
Kepler-1104 b,1.23,2.04,5.03728015,0.06321,0.0,6417.0,1.3,1.41,2016.0,Transit,530.658
Kepler-1987 e,1.92,4.35,8.74292005,0.0765,0.0,4769.0,0.799,0.714,2023.0,Transit,595.683
Kepler-1830 b,3.32992941,11.1,56.49330139,0.31769,0.0,6160.0,1.443,2.046,2021.0,Transit,1056.88
Kepler-182 b,2.58,7.18,9.825792,0.096,0.0,6250.0,1.114,1.146,2014.0,Transit,1549.09
Kepler-1688 b,1.26174569,2.13,5.62012,0.0577,0.0,4632.11,0.814,0.746,2020.0,Transit,567.44687087
Kepler-385 b,2.73,12.8,10.043686,0.097,0.0,6326.0,0.992,1.126,2014.0,Transit,1432.61
Kepler-55 f,1.59,3.15,10.198545,0.081,0.0,4503.0,0.631,0.619,2014.0,Transit,578.796
Kepler-339 d,1.17,14.7,10.558345,0.091,0.0,5631.0,0.87,0.802,2014.0,Transit,616.637
Kepler-1669 d,1.22,1.98,4.72941177,0.0468,0.0,4224.0,0.609,0.603,2023.0,Transit,543.444
Kepler-69 c,1.71,3.57,242.4613,0.64,0.14,5638.0,0.81,0.93,2013.0,Transit,730.625
HAT-P-57 b,19.50366,448.1403,2.4653,0.0406,0.0,6330.0,2.77,1.85,2015.0,Transit,279.86
Kepler-1067 c,1.74682428,3.7,5.425839901,0.06069,0.0,5594.0,0.981,0.934,2021.0,Transit,667.693
Kepler-299 d,1.86,4.12,15.054786,0.118,0.0,5617.0,1.004,1.032,2014.0,Transit,1052.24
Kepler-208 c,1.39,2.51,7.466623,0.079,0.0,6092.0,1.082,1.314,2014.0,Transit,775.328
Kepler-530 b,3.01,9.32,39.30941904,0.21491,0.0,5697.0,0.97,0.89,2016.0,Transit,457.709
Kepler-354 d,1.24,2.07,24.209842,0.146,0.0,4648.0,0.652,0.674,2014.0,Transit,554.064
Kepler-339 c,1.15,7.3,6.988055,0.069,0.0,5631.0,0.87,0.802,2014.0,Transit,616.637
Kepler-1114 b,1.35,2.39,14.97435694,0.11056,0.0,5374.0,0.87,0.83,2016.0,Transit,418.417
Kepler-114 d,2.53,3.9,11.776,0.08358,0.0,4660.0,0.56,0.54,2013.0,Transit,259.533
Kepler-303 c,1.14,1.55,7.061149,0.057,0.0,3944.0,0.575,0.485,2014.0,Transit,209.738
Kepler-1212 b,2.14,5.22,12.94130146,0.1082,0.0,6051.0,1.1,1.15,2016.0,Transit,1316.57
Kepler-394 c,1.66,3.39,12.130686,0.11,0.0,6402.0,0.87,1.132,2014.0,Transit,1058.72
Kepler-393 c,1.33,2.33,14.613612,0.124,0.0,6189.0,1.256,1.382,2014.0,Transit,881.404
Kepler-318 c,3.68,13.1,11.815007,0.105,0.0,5746.0,1.073,1.189,2014.0,Transit,489.141
Kepler-1241 b,2.63,7.41,18.5525701,0.1336,0.0,5261.0,0.84,0.8,2016.0,Transit,968.722
Kepler-185 b,1.17,1.71,1.6329,0.026,0.0,5208.0,0.763,0.806,2014.0,Transit,466.735
Kepler-1283 b,1.91,4.31,12.9460978,0.1062,0.0,6175.0,1.16,1.25,2016.0,Transit,2921.99
Kepler-1714 b,3.26437302,10.7,10.27530003,0.10549,0.0,6150.0,1.448,2.086,2021.0,Transit,409.46
Kepler-1331 b,1.05,1.16,0.789161653,0.0142,0.0,4508.0,0.72,0.69,2016.0,Transit,319.197
Kepler-319 b,1.63,3.29,4.362705,0.051,0.0,5526.0,0.933,0.903,2014.0,Transit,503.436
Kepler-396 b,3.5,75.5,42.994,0.24067,0.0,5656.0,0.85,1.06,2013.0,Transit,223.757
Kepler-1085 c,3.26817741,10.7,56.7771,0.29798,0.0,5816.0,1.05,1.0783,2020.0,Transit,1364.53
Kepler-1084 b,1.11,1.41,2.05333679,0.0324,0.0,6113.0,1.12,1.28,2016.0,Transit,405.533
Kepler-1108 b,1.46,2.73,4.51005748,0.0511,0.0,5406.0,0.88,0.84,2016.0,Transit,767.701
Kepler-1214 b,2.36,6.17,18.82634264,0.128,0.0,5130.0,0.85,0.8,2016.0,Transit,729.227
Kepler-155 c,2.24,5.65,52.661793,0.242,0.0,4508.0,0.635,0.62,2014.0,Transit,293.499
Kepler-396 c,5.3,17.9,88.505,0.38946,0.0,5656.0,0.85,1.06,2013.0,Transit,223.757
Kepler-1369 b,2.69,7.7,25.873148,0.1741,0.0,5761.0,0.99,0.99,2016.0,Transit,1236.56
Kepler-1370 b,1.84,4.04,20.2641684,0.15763,0.0,6202.0,1.19,1.29,2016.0,Transit,1004.1
Kepler-252 b,1.23,2.04,6.668391,0.058,0.0,4208.0,0.61,0.549,2014.0,Transit,379.424
Kepler-360 c,2.1,5.06,7.186434,0.075,0.0,6053.0,0.994,1.058,2014.0,Transit,876.044
Kepler-245 e,1.75,1806.36,3.219821056,0.04053,0.0,5174.0,0.86,0.8,2016.0,Transit,861.527
Kepler-298 d,2.5,6.8,77.473633,0.305,0.0,4465.0,0.66,0.582,2014.0,Transit,518.204
Kepler-324 b,1.14,2414.4,4.385315,0.05,0.0,5194.0,0.901,0.84,2014.0,Transit,501.574
Kepler-1796 b,2.75047868,8.0,29.4557991,0.1879,0.0,6036.0,1.018,0.949,2021.0,Transit,825.883
Kepler-520 c,1.07,1.24,5.21104261,0.06035,0.0,6112.0,1.1,1.09,2016.0,Transit,623.901
Kepler-1244 b,1.35,2.39,3.70428172,0.0502,0.0,6680.0,1.46,1.77,2016.0,Transit,1075.81
Kepler-169 c,1.21,1.92,6.195469,0.062,0.0,4997.0,0.825,0.763,2014.0,Transit,406.529
Kepler-97 b,1.48,3.51,2.58664,0.03563,0.0,5779.0,0.94,0.98,2014.0,Transit,400.907
Kepler-1336 b,1.98,4.58,23.198681,0.15845,0.0,5512.0,0.94,1.3,2016.0,Transit,1126.64
Kepler-88 d,13.1,965.14699656,1403.0,2.466329866,0.41,5466.0,0.99,0.897,2020.0,Radial Velocity,376.863
Kepler-301 d,1.75,3.71,13.751243,0.112,0.0,5815.0,1.022,0.9,2014.0,Transit,719.166
Kepler-104 d,3.58,5.54022107,51.755394,0.257,0.0,5711.0,0.818,1.349,2014.0,Transit,400.785
Kepler-1192 b,2.36,6.17,25.2034787,0.1693,0.0,5438.0,0.86,0.83,2016.0,Transit,1304.19
Kepler-516 b,5.74,27.9,24.85462415,0.1992,0.0,7099.0,1.62,2.02,2016.0,Transit,687.094
Kepler-1851 b,3.90012032,14.5,12.02289963,0.1016,0.0,5982.0,0.967,0.879,2021.0,Transit,1589.81
Kepler-212 b,1.09,1.32,16.257582,0.133,0.0,5852.0,1.166,1.455,2014.0,Transit,687.194
Kepler-1372 b,1.27,2.15,1.311555568,0.024,0.0,5677.0,0.98,0.97,2016.0,Transit,1303.22
Kepler-364 b,1.55,3.02,25.745718,0.178,0.0,6108.0,1.076,1.284,2014.0,Transit,891.462
KELT-23 A b,14.829507,298.12454,2.255251,0.03302,0.0,5899.0,0.944,0.996,2019.0,Transit,126.261
HD 191939 d,2.995,2.8,38.353037,0.2132,0.031,5348.0,0.81,0.94,2020.0,Transit,53.6089
HATS-77 b,13.05846252,436.69623122,3.0876262,0.03607,0.045,4071.0,0.655,0.6428,2021.0,Transit,436.176
TOI-4479 b,2.82,8.35,1.1589,0.0164,,3400.0,0.452,0.451,2022.0,Transit,80.6532
TOI-1752 c,2.29,5.86,32.71443,0.1614,,3762.0,0.524,0.53,2026.0,Transit,103.021
Kepler-1705 c,2.05,5.42,11.28,,0.028,6312.0,1.139,1.259,2021.0,Transit,1633.49
TOI-1753 b,2.47852533,16.6,5.3846104,0.059,0.0,5621.0,0.9483,0.9715,2024.0,Transit,226.671
TOI-2274 b,2.45,6.57,2.67963,0.05,,3943.0,0.612,0.631,2024.0,Transit,48.876
Kepler-43 b,13.663771,1026.5909,3.0240949,0.046,0.017,6041.0,1.32,1.42,2011.0,Transit,1005.84
Kepler-858 b,4.87,21.1,76.13602028,0.33939,0.0,5653.0,0.96,0.91,2016.0,Transit,298.532
TOI-3023 b,16.43236571,197.05361234,3.9014971,0.0505,0.0,5760.0,1.12,1.668,2023.0,Transit,389.916
Kepler-1752 b,4.54060463,18.7,56.35850143,0.2698,0.0,5446.0,0.824,0.821,2021.0,Transit,962.888
Kepler-1408 b,0.89,0.64,2.99793191,0.04218,0.0,6170.0,1.21,1.35,2016.0,Transit,535.048
HIP 54373 b,2.87,8.62,7.76,0.063,0.2,4021.0,0.57,0.564998,2019.0,Radial Velocity,18.7168
Teegarden's Star b,1.05,1.16,4.90634,0.0259,0.03,3034.0,0.097,0.12,2019.0,Radial Velocity,3.83078
BD+60 1417 b,14.68376472,4767.426105,,1662.0,,4993.0,1.0,0.797,2021.0,Imaging,44.9543
TOI-1227 b,9.57246952,66.5,27.36397,0.0886,,3072.0,0.17,0.56,2022.0,Transit,100.641
CoRoT-7 d,4.31,17.142,8.966,,,5250.0,0.915,0.8389,2022.0,Radial Velocity,159.906
TOI-1758 b,3.62,6.9,20.705074685,0.141409,0.0,5169.0,0.88,0.81,2024.0,Transit,96.6215
TOI-2567 b,10.92875618,63.88350981,5.983944,0.0672,0.0,5611.0,1.13,1.686,2022.0,Transit,504.775
Kepler-1410 b,1.78,3.82,60.866168,0.2543,0.0,4092.0,0.63,0.6,2016.0,Transit,367.0
HD 24085 b,3.46,11.8,2.0455,0.034,0.22,6034.0,1.22,1.412551,2019.0,Radial Velocity,54.9004
WASP-87 b,15.524465,692.8694,1.682795,0.02946,0.0,6450.0,1.204,1.627,2016.0,Transit,298.392
TOI-163 b,16.690201,387.7526,4.231306,0.058,0.0,6495.0,1.4352,1.648,2019.0,Transit,411.719
K2-315 b,0.95,0.809,3.1443189,,,3300.0,0.174,0.196,2020.0,Transit,56.9686
HD 216520 b,3.18,10.26,35.45,0.198,0.09,5103.0,0.82,0.76,2020.0,Radial Velocity,19.552
TOI-1775 b,8.04728896,96.0,10.2405549,0.08,0.0,5284.0,0.9218,0.8288,2024.0,Transit,149.234
Kepler-296 c,2.0,4.66,5.8416366,0.0521,0.33,3740.0,0.498,0.48,2014.0,Transit,167.0
WASP-187 b,18.38276,254.264,5.147878,0.0653,0.0,6150.0,1.54,2.83,2020.0,Transit,371.414
HD 161178 b,14.1,181.16219199,279.3,0.85,0.044,4786.0,1.06,10.95,2021.0,Radial Velocity,107.188
GJ 514 b,2.13,5.2,140.43,0.422,0.45,3728.0,0.51,0.5,2022.0,Radial Velocity,7.61778
HD 77946 b,2.89646124,10.9,6.527363,0.073,0.211,6007.0,1.1973,1.3174,2024.0,Transit,99.451
TOI-2345 c,2.451,7.27,21.064302,0.1257,,4687.0,0.727,0.729,2025.0,Transit,81.6541
Kepler-876 b,1.43,2.63,5.14438011,0.0549,0.0,5060.0,0.81,0.77,2016.0,Transit,820.913
Kepler-1894 c,1.21,1.92,5.05368985,0.0576,0.0,5772.0,0.999,0.901,2023.0,Transit,935.191
HD 233832 b,13.5,565.7374,2058.0,2.827,0.359,4981.0,0.71,0.68,2018.0,Radial Velocity,58.742
GJ 687 c,4.14,16.0,727.562,1.165,0.4,3413.0,0.4,0.4183,2020.0,Radial Velocity,4.54939
HIP 5763 b,14.2,162.09248757,30.014,0.17,0.054,4352.0,0.72,0.750378,2021.0,Radial Velocity,31.9043
TOI-712 b,2.049,4.85,9.531361,0.07928,0.54,4622.0,0.732,0.674,2022.0,Transit,58.6212
TOI-1782.01,2.368,6.2,4.987641028,0.05024,,4336.0,0.68,0.669,2024.0,Transit,95.2649
TOI-2092 b,2.94892961,9.0,4.30325528074,,,5842.06,0.956,1.0519,2026.0,Transit,176.759
Kepler-303 b,0.89,0.64,1.937055,0.024,0.0,3944.0,0.575,0.485,2014.0,Transit,209.738
Kepler-271 c,0.95,0.809,7.41086267,0.06993,0.0,5555.0,0.9,0.87,2014.0,Transit,404.542
KOI-142 b,3.438,9.5,10.91647,0.09586,0.05561,5466.0,0.99,0.897,2013.0,Transit,376.863
Qatar-6 b,11.903958,212.31044,3.506195,0.0423,0.0,5052.0,0.822,0.722,2017.0,Transit,100.848
GJ 9066 c,9.6,66.74396547,771.36,0.88,0.46,3154.0,0.15,0.164,2020.0,Radial Velocity,4.471
K2-400 b,1.163,1.67,3.865053,,,3578.0,0.374,0.382,2022.0,Transit,62.3804
TOI-2094 b,1.9,4.27,18.793193,0.136,,3435.0,0.425,0.384,2026.0,Transit,50.0248
TOI-2714 b,13.72,228.0,2.499387,0.036,0.164,5665.0,1.07,1.25,2024.0,Transit,597.873
HD 164922 d,1.83,4.0,12.458,0.103,0.12,5390.0,0.926,0.946,2020.0,Radial Velocity,22.0016
2MASS J01033563-5515561 AB b,12.3,4131.79,,84.0,,,0.19,,2013.0,Imaging,47.2
TOI-2382 b,12.25141591,235.19302118,4.6612061,0.059,0.18,6033.0,1.26,1.417,2025.0,Transit,434.92
Kepler-402 b,1.22,1.98,4.028751,0.051,0.0,6090.0,1.072,1.264,2014.0,Transit,625.339
EPIC 201841433 b,1.04,1.12,4.1698,0.035,,5053.0,0.802,0.628461,2019.0,Transit,436.488
USco1621 b,12.2,5085.28,,2880.0,,3460.0,0.36,0.710071,2019.0,Imaging,137.901
K2-318 b,1.66,3.39,7.01,0.0911,,3851.0,0.561,0.552,2020.0,Transit,147.866
K2-405 b,4.569,18.9,3.435471,,,4927.0,1.034,0.765,2022.0,Transit,197.234
TOI-784 b,1.93,9.67,2.7970365,0.038,0.0,5558.0,0.91,0.907,2023.0,Transit,64.5997
TOI-1814 b,5.18536642,23.5,6.36861010462,,,4872.84,,2.3895,2026.0,Transit,362.522
Kepler-1419 b,2.86,8.55,42.5215895,0.2391,0.0,5796.0,1.01,1.01,2016.0,Transit,1498.58
EPIC 206215704 b,1.0,0.972,2.255436,,,3297.0,0.407,0.25,2019.0,Transit,109.888
Kepler-848 b,1.7,3.53,6.91134416,0.07586,0.0,5695.0,1.01,1.2,2016.0,Transit,1378.47
Kepler-819 b,2.76,8.05,33.1995648,0.1894,0.0,5279.0,0.86,0.81,2016.0,Transit,664.306
TOI-799 b,2.06631784,4.92,5.54519139676,,,5662.81,1.0,0.915519,2026.0,Transit,158.526
K2-146 c,2.19,7.49,4.00498,0.0327,0.075,3385.0,0.331,0.33,2019.0,Transit,79.3002
K2-324 b,2.43,6.48,3.262,0.0331,,3752.0,0.517,0.505,2020.0,Transit,136.667
Kepler-822 b,1.77,3.78,3.222969273,0.04078,0.0,5928.0,1.06,1.08,2016.0,Transit,860.391
TOI-1181 b,17.02644168,374.71969185,2.103189,0.0364,0.011,6054.0,1.467,1.961,2022.0,Transit,302.819
TOI-808 b,2.20344362,5.49,9.73944854026,,,5078.2,0.87,0.833198,2026.0,Transit,98.1848
TOI-815 b,2.94,7.6,11.197259,0.0903,0.2,4869.0,0.776,0.77,2024.0,Transit,59.7117
TOI-2141 b,3.147,20.1,18.261608,0.1322,0.21,5635.0,0.896,0.95,2023.0,Transit,77.682
TOI-2447 b,9.60609646,124.90656395,69.33684,0.347,0.17,5730.0,1.034,1.006,2024.0,Transit,148.987
TOI-2818 b,15.27784069,225.65816897,4.039709,0.0493,0.0,5721.0,0.977,1.229,2023.0,Transit,312.674
Kepler-1371 c,0.64,0.196,2.00541269,0.02937,0.0,5361.0,0.87,0.83,2016.0,Transit,515.334
EPIC 212587672 b,1.26,2.13,15.28078,,,6004.0,0.99,0.98,2019.0,Transit,320.07
Kepler-843 b,2.59,7.22,2.053879821,0.0313,0.0,5830.0,1.02,1.03,2016.0,Transit,1165.66
K2-408 b,1.677,3.45,20.978959,,,5335.0,0.813,0.784,2022.0,Transit,162.306
TOI-1516 b,15.24421375,1004.33776612,2.056014,,,6520.0,1.14,1.14,2022.0,Transit,247.054
TOI-2458 b,2.83,13.31,3.73659,0.0482,0.087,6005.0,1.05,1.31,2024.0,Transit,112.958
Kepler-1423 b,1.06,1.2,23.955378,0.1586,0.0,4939.0,0.79,0.75,2016.0,Transit,449.0
HATS-57 b,12.767051,1000.21101,2.350621,0.03493,0.028,5587.0,1.026,0.96,2019.0,Transit,279.485
HATS-56 b,18.920792,191.33366,4.324799,0.06043,0.019,6536.0,1.573,2.201,2019.0,Transit,564.409
TOI-763 b,2.28,9.79,5.6057,0.06,0.04,5450.0,0.917,0.897,2020.0,Transit,95.1274
K2-409 b,2.482,6.72,1.908084,,,5742.0,0.886,1.228,2022.0,Transit,431.031
TOI-1722 b,4.38298108,17.6,9.60523206943,,,5999.55,1.162,1.09414,2026.0,Transit,136.419
TOI-1873 b,2.86356397,8.57,7.00572708834,,,5597.99,1.015,0.971675,2026.0,Transit,182.014
TOI-2158 b,10.76062147,260.61929374,8.60077,0.075,0.07,5673.0,1.12,1.41,2022.0,Transit,198.473
Kepler-1888 b,1.32578716,2.32,11.39169979,0.0956,0.0,5557.0,0.897,1.249,2021.0,Transit,402.947
Kepler-1901 b,1.47418907,2.77,3.484129906,0.0453,0.0,5696.0,1.022,0.921,2021.0,Transit,1028.37
GJ 433 c,6.27,32.422,5094.105,4.819,0.12,3461.0,0.48,0.5,2014.0,Radial Velocity,9.06456
K2-374 c,2.213,5.53,16.43445,,,5789.0,0.731,0.907,2022.0,Transit,359.439
TOI-1860 b,1.31,2.27,1.0662107,0.0204,,5752.0,0.99,0.94,2022.0,Transit,45.864
TOI-1723 b,3.435,10.4,13.727012643,0.113496,0.0,5777.0,1.04,1.09,2024.0,Transit,100.727
TOI-1937 A b,13.97759893,638.83509807,0.94667944,0.01932,0.0,5814.0,1.072,1.08,2023.0,Transit,415.135
Kepler-292 f,2.35,6.12,20.834237,0.141,0.0,5299.0,0.865,0.826,2014.0,Transit,1056.48
Kepler-1395 b,0.8,0.437,3.78470649,0.04974,0.0,6138.0,1.17,1.23,2016.0,Transit,492.894
Kepler-1905 b,1.4460734,2.69,3.42392993,0.0451,0.0,5788.0,1.038,1.015,2021.0,Transit,1051.53
Kepler-65 e,13.9,260.0,258.8,0.8539307544,0.283,6220.0,1.248,1.437,2019.0,Radial Velocity,303.728
GJ 682 b,1.93,4.4,17.478,0.08,0.08,3028.0,0.27,0.298255,2014.0,Radial Velocity,5.00671
TOI-132 b,3.42,22.4,2.1097019,0.026,0.059,5397.0,0.97,0.9,2020.0,Transit,163.678
TOI-2000 c,8.14,81.7,9.127055,0.0878,0.063,5611.0,1.082,1.134,2023.0,Transit,175.713
TOI-2000 b,2.7,11.0,3.09833,0.04271,0.0,5611.0,1.082,1.134,2023.0,Transit,175.713
TOI-2194 b,1.9892,4.61,15.337597,,,4756.0,0.74,0.6909,2023.0,Transit,19.5711
TOI-2498 b,6.06,34.62,3.738252,0.0491,0.089,5905.0,1.12,1.26,2023.0,Transit,275.265
Kepler-102 e,2.17,4.7,16.1456994,0.1162,0.089,4909.0,0.803,0.724,2013.0,Transit,107.796
HD 2685 b,16.14096,371.8611,4.12688,0.0568,0.091,6801.0,1.43,1.56,2019.0,Transit,196.852
Kepler-95 b,3.42,13.0,11.5231,0.10232,0.0,5699.0,1.08,1.41,2014.0,Transit,445.656
Wendelstein-2 b,12.9934728,232.33373,1.7522239,0.0234,0.057,4591.0,0.73,0.66,2020.0,Transit,565.541
K2-384 b,1.076,1.26,2.231527,,,3623.0,0.33,0.348,2022.0,Transit,82.6603
HD 174205 b,13.0,1334.8793094,582.0,1.7,0.4,4308.0,1.8,26.6,2022.0,Radial Velocity,234.027
Kepler-430 c,1.75,3.71,110.979,0.4757,0.0,5884.0,1.166,1.485,2015.0,Transit,917.477
Kepler-1656 b,4.574,47.8,31.562,0.1974,0.838,5569.0,1.03,1.1,2018.0,Transit,185.875
Kepler-647 c,4.00135002,15.1,29.6663,0.18291,0.0,5906.74,1.07,1.54571,2020.0,Transit,1087.87
Kepler-210 b,2.94,8.96,2.453234,0.032,0.0,4559.0,0.77,0.65,2014.0,Transit,232.75
OGLE-2006-BLG-109L c,11.1,86.0,4927.5,4.5,0.15,,0.51,,2008.0,Microlensing,1510.0
KMT-2016-BLG-1397L b,12.7,2200.0,,5.1,,,0.45,,2018.0,Microlensing,6600.0
KMT-2019-BLG-0253L b,2.99,9.2,,3.1,,,0.7,,2022.0,Microlensing,4900.0
KMT-2023-BLG-0548L b,13.1,1086.97315194,,6.85,,,0.72,,2025.0,Microlensing,6830.0
Kepler-1963 b,0.74437023,0.337,1.962260008,0.02915,0.0,5726.0,0.915,0.979,2021.0,Transit,492.847
Kepler-1517 b,9.76,68.7,5.546083665,0.078,0.0,7010.0,1.58,1.95,2016.0,Transit,847.299
Kepler-1711 b,1.923,4.36,21.06080055,0.1463,0.0,5706.0,0.94,1.034,2021.0,Transit,590.268
MOA-2010-BLG-328L b,2.99,9.2,,0.92,,,0.11,,2013.0,Microlensing,810.0
MOA-2011-BLG-291L b,4.43,18.0,,0.69,,,0.15,,2018.0,Microlensing,4400.0
KMT-2018-BLG-1743L b,10.5,77.86795971,,1.449,,,0.193,,2021.0,Microlensing,6483.0
OGLE-2018-BLG-0516L b,4.73,20.1,,2.2,,,0.47,,2022.0,Microlensing,7000.0
KMT-2023-BLG-0949L b,12.8,1900.61387386,,2.03,,,0.48,,2025.0,Microlensing,6060.0
KMT-2024-BLG-2059L b,2.54,6.99222495,,2.55,,,0.51,,2025.0,Microlensing,6070.0
Kepler-146 b,3.71,13.3,31.158799,0.2,0.0,5948.0,1.079,1.208,2014.0,Transit,716.797
Kepler-1468 d,3.33187146,11.1,19.59059906,0.1456,0.0,5794.0,1.072,1.496,2021.0,Transit,1899.24
Kepler-348 c,1.33,2.33,17.265427,0.138,0.0,6177.0,1.189,1.359,2014.0,Transit,570.783
Kepler-1641 c,2.95,9.01,32.657212,0.2065,0.0,6152.0,1.12,1.19,2016.0,Transit,860.37
Kepler-1641 b,3.11,9.85,19.672266,0.1473,0.0,6152.0,1.12,1.19,2016.0,Transit,860.37
Kepler-39 b,13.9,6388.1,21.08721,0.164,0.112,6350.0,1.29,1.4,2011.0,Transit,1057.41
Kepler-174 c,1.49,2.83,44.000529,0.214,0.0,4880.0,0.602,0.622,2014.0,Transit,384.757
KMT-2023-BLG-1642L b,13.8,343.25467956,,1.41,,,0.17,,2024.0,Microlensing,6980.0
Kepler-1468 b,1.73,3.64,8.23984869,0.0817,0.0,5893.0,1.04,1.05,2016.0,Transit,1899.24
Kepler-203 b,2.57,7.13,3.162697,0.043,0.0,5821.0,1.06,1.114,2014.0,Transit,703.302
Kepler-152 b,2.79,8.2,18.207973,0.124,0.0,5088.0,0.779,0.724,2014.0,Transit,441.09
OGLE-2015-BLG-0966L b,4.86,21.0,,2.7,,,0.38,,2016.0,Microlensing,3300.0
MOA-2011-BLG-028L b,5.99,30.0,,4.14,,,0.75,,2016.0,Microlensing,7380.0
OGLE-2018-BLG-0383L b,2.41,6.4,,1.8,,,0.1,,2022.0,Microlensing,7700.0
KMT-2021-BLG-1391L b,1.97,4.55,,2.29,,,0.37,,2022.0,Microlensing,5720.0
Kepler-195 c,1.55,3.02,34.096863,0.197,0.0,5329.0,0.867,0.775,2014.0,Transit,652.051
Kepler-880 c,2.87,8.6,11.8061737,0.1216,0.0,6900.0,1.714,2.599,2023.0,Transit,601.324
Kepler-608 b,3.64,12.9,6.412515037,0.0685,0.0,5820.0,1.0,1.01,2016.0,Transit,946.683
Kepler-1704 b,11.94877343,1322.16617312,988.88112,2.027,0.92,5746.0,1.132,1.697,2021.0,Transit,835.455
Kepler-561 c,2.68,7.65,5.350161983,0.05947,0.0,5646.0,0.96,0.94,2016.0,Transit,621.378
OGLE-2015-BLG-0051L b,14.0,230.0,,0.73,,,0.1,,2016.0,Microlensing,8200.0
OGLE-2018-BLG-0740L b,12.9,1500.0,5480.0,5.0,0.0,5912.0,1.0,,2019.0,Microlensing,3200.0
OGLE-2017-BLG-1099L b,13.1,959.84178914,,2.73,,,0.45,,2021.0,Microlensing,7250.0
KMT-2021-BLG-0748L b,14.3,143.02278315,,2.43,,,0.36,,2022.0,Microlensing,6090.0
TOI-2267 d,1.77,3.78,2.0344671,0.0145,,3022.0,0.0989,0.13,2025.0,Transit,22.55
Kepler-1719 b,3.95000623,14.8,6.149559975,0.06868,0.0,5687.0,1.08,1.775,2021.0,Transit,905.406
Kepler-1254 c,1.3,2.24,3.60084276,0.0422,0.0,4985.0,0.78,0.75,2016.0,Transit,622.818
Kepler-639 b,2.38,6.26,10.21420496,0.09358,0.0,5896.0,1.14,1.29,2016.0,Transit,850.242
KMT-2016-BLG-0212L b,12.2,5700.0,,2.2,,,0.48,,2018.0,Microlensing,6300.0
KMT-2019-BLG-1552L b,13.0,1287.20504835,,2.6,,,0.79,,2022.0,Microlensing,4600.0
KMT-2024-BLG-0349L b,12.4,3769.44490702,,6.46,,,0.68,,2026.0,Microlensing,5750.0
Kepler-208 d,1.2,1.87,11.131786,0.103,0.0,6092.0,1.082,1.314,2014.0,Transit,775.328
Kepler-171 b,2.34,6.08,4.166972,0.05,0.0,5642.0,0.978,0.839,2014.0,Transit,863.855
Kepler-1525 b,0.91,0.693,2.416601183,0.03557,0.0,5748.0,1.07,1.04,2016.0,Transit,382.989
Kepler-1645 b,1.78,3.82,16.1779561,0.1285,0.0,5812.0,1.02,1.02,2016.0,Transit,1202.47
KMT-2018-BLG-1990L b,12.9,111.0,,0.763,,,0.094,,2019.0,Microlensing,967.0
KMT-2018-BLG-0247L b,13.4,670.61793877,,2.46,,,0.29,,2022.0,Microlensing,6760.0
Kepler-30 d,8.8,23.1,143.34394,0.5,0.022,5498.0,0.99,0.95,2012.0,Transit,914.221
PSR B1257+12 d,1.8,3.9,98.2114,0.46,0.0264,,1.4,,1992.0,Pulsar Timing,600.0
OGLE-2016-BLG-0263L b,13.0,1300.0,,5.4,,,0.13,,2017.0,Microlensing,6500.0
OGLE-2012-BLG-0026L c,13.9,270.0,,4.8,,,1.06,,2012.0,Microlensing,4019.0
KMT-2018-BLG-2602L b,13.7,365.50266805,,3.81,,,0.66,,2022.0,Microlensing,4310.0
KMT-2016-BLG-1337L b,11.4,88.99195396,,3.97,,,0.54,,2026.0,Microlensing,6920.0
Kepler-220 d,0.98,0.904,28.122397,0.163,0.0,4632.0,0.729,0.666,2014.0,Transit,171.109
Kepler-1949 b,2.21964541,5.56,2.208280087,0.0352,0.0,6028.0,1.194,1.454,2021.0,Transit,2617.35
Kepler-695 b,9.21,62.3,3.040330424,0.0374,0.0,5181.0,0.84,0.8,2016.0,Transit,842.947
Kepler-529 d,2.79502603,8.22,35.86619949,0.2134,0.0,6078.0,1.005,1.189,2021.0,Transit,799.008
OGLE-2005-BLG-390L b,2.21,5.5,3285.0,2.6,,,0.22,,2005.0,Microlensing,6600.0
Kepler-220 b,0.81,0.457,4.159807,0.046,0.0,4632.0,0.729,0.666,2014.0,Transit,171.109
Kepler-1993 b,4.15,16.1,26.6565737,0.1943,0.0,5159.0,1.373,3.062,2023.0,Transit,1031.91
Kepler-154 e,1.5,2.86,3.93276465,0.04766,0.0,5769.0,0.98,0.98,2016.0,Transit,915.212
MOA-2009-BLG-387L b,13.2,830.0,1980.0,1.8,,,0.19,,2010.0,Microlensing,5690.0
OGLE-2018-BLG-1647L b,13.8,308.29355479,,1.36,,,0.092,,2022.0,Microlensing,7880.0
Kepler-154 c,2.95,9.01,62.303276,0.303,0.0,5690.0,0.933,1.001,2014.0,Transit,915.212
Kepler-390 c,0.79,0.418,13.060022,0.101,0.0,5166.0,0.787,0.776,2014.0,Transit,435.277
Kepler-967 c,3.65,12.9,198.7112502,0.6253,0.0,5178.0,0.84,0.8,2016.0,Transit,568.546
Kepler-248 c,4.07,15.6,16.239494,0.123,0.0,5190.0,0.838,0.831,2014.0,Transit,738.792
Kepler-648 b,3.22,10.5,17.4211749,0.13324,0.0,5741.0,1.05,0.98,2016.0,Transit,636.03
OGLE-2017-BLG-0406L b,14.2,130.0,,3.5,,,0.56,,2020.0,Microlensing,5200.0
OGLE-2018-BLG-1367L b,13.8,301.93698665,,1.21,,,0.28,,2022.0,Microlensing,5370.0
OGLE-2018-BLG-0932L b,13.9,282.86728223,,1.75,,,0.72,,2022.0,Microlensing,6620.0
OGLE-2017-BLG-0364L b,10.3,75.8,,3.79,,,0.49,,2024.0,Microlensing,7860.0
Kepler-1814 c,1.76,3.75,0.626281766,0.0133,0.0,4922.0,0.79,0.823,2023.0,Transit,726.346
Kepler-1588 b,0.76,0.363,7.84931739,0.07419,0.0,5817.0,0.96,0.99,2016.0,Transit,924.141
Kepler-436 b,2.73,7.9,64.00205,0.339,0.19,4651.0,0.729,0.697,2015.0,Transit,588.867
KOI-3503 c,1.21,10.36,31.828,0.18688,0.0,6001.0,0.858,1.255,2021.0,Transit,887.064
Kepler-1491 c,2.44,6.53,61.569765,0.3045,0.0,5626.0,0.991,1.389,2023.0,Transit,2065.59
Kepler-158 c,1.9,4.27,28.551383,0.158,0.0,4623.0,0.655,0.624,2014.0,Transit,315.177
MOA-2011-BLG-293L b,12.9,1500.0,3000.0,1.1,,,0.86,,2012.0,Microlensing,7720.0
OGLE-2017-BLG-0173L b,1.62,3.269,,3.913,,,0.396,,2018.0,Microlensing,4705.0
OGLE-2018-BLG-1269L b,14.1,210.0,,4.51,,,1.11,,2020.0,Microlensing,2510.0
KMT-2021-BLG-0119L b,12.8,1754.41280664,,2.92,,,0.56,,2022.0,Microlensing,3130.0
Kepler-968 c,1.69,3.5,5.709404918,0.052,0.0,4598.0,0.76,0.7,2016.0,Transit,290.324
Kepler-28 b,1.959,1.63,5.91,0.05687,0.0,4499.3,0.684,0.664,2011.0,Transit,438.359
MOA-2008-BLG-379L b,13.0,1300.0,,2.7,,,0.56,,2013.0,Microlensing,3300.0
MOA-2022-BLG-091L b,13.0,1141.00398113,,3.44,,,0.75,,2025.0,Microlensing,4250.0
KMT-2023-BLG-2209L b,13.9,254.2627256,,3.51,,,0.73,,2025.0,Microlensing,5570.0
Kepler-1533 b,3.46,11.8,308.5471,0.93416,0.0,6431.0,1.31,1.51,2016.0,Transit,966.801
Kepler-558 b,2.37,6.21,29.00790538,0.1759,0.0,5242.0,0.85,0.81,2016.0,Transit,661.876
Kepler-177 c,8.73,14.7,49.40926,0.25655,0.0,5732.0,0.921,1.324,2013.0,Transit,1435.44
OGLE-2014-BLG-1722L b,8.59,55.3,,1.5,,,0.4,,2018.0,Microlensing,6400.0
OGLE-2015-BLG-1609L b,10.4,76.27881768,,,,,0.17,,2025.0,Microlensing,3300.0
Kepler-690 b,5.95,29.6,7.748094374,0.081,0.0,5913.0,1.11,1.16,2016.0,Transit,1665.31
KMT-2025-BLG-1160L b,5.43,25.36,,2.56,,,0.58,,2026.0,Microlensing,6580.0
Kepler-46 b,9.057,1907.0,33.60134,0.1968,0.01,5155.0,0.902,0.938,2012.0,Transit,777.06
Kepler-188 c,3.19,10.3,5.996553,0.066,0.0,6021.0,1.021,1.141,2014.0,Transit,968.544
Kepler-586 b,2.79,8.2,2.104722184,0.0331,0.0,5575.0,0.94,0.92,2016.0,Transit,693.766
Kepler-245 d,3.03,21.6,36.277108,0.202,0.0,5100.0,0.856,0.795,2014.0,Transit,861.527
OGLE-2013-BLG-0341L B b,1.16,1.66,,0.702,,,0.1127,,2014.0,Microlensing,911.0
KMT-2018-BLG-1976L b,13.3,705.57906354,,3.54,,,0.65,,2021.0,Microlensing,5840.0
KMT-2017-BLG-0428L b,2.23,5.59,,1.81,,,0.34,,2023.0,Microlensing,5400.0
KMT-2019-BLG-1806L b,2.0,4.67,,3.02,,,0.74,,2023.0,Microlensing,6640.0
OGLE-2014-BLG-0124L b,14.1,206.58846455,,3.48,,,0.9,,2015.0,Microlensing,3500.0
Kepler-1616 b,1.02,1.04,6.76284377,0.07318,0.0,6266.0,1.21,1.34,2016.0,Transit,1137.81
Kepler-362 b,0.88,0.615,10.327186,0.087,0.0,5788.0,0.904,0.722,2014.0,Transit,1090.51
Kepler-612 b,2.84,8.45,3.722156413,0.0452,0.0,5693.0,0.98,0.96,2016.0,Transit,1445.53
Kepler-81 c,2.37,4.3,12.04,0.08347,0.0,4385.0,0.64,0.59,2012.0,Transit,348.291
OGLE-2013-BLG-1761L b,13.2,860.0,,1.8,,,0.33,,2017.0,Microlensing,6900.0
KMT-2016-BLG-1105L b,1.33,2.32,,2.44,,,0.41,,2023.0,Microlensing,5080.0
TOI-5573 b,9.75,112.0,8.79758977,0.0712,0.072,3790.0,0.619,0.594,2025.0,Transit,186.562
Kepler-1144 b,1.99,4.62,17.14647302,0.1291,0.0,5753.0,0.98,0.96,2016.0,Transit,1140.57
Kepler-172 e,2.76,8.05,35.118736,0.211,0.0,5526.0,1.081,1.085,2014.0,Transit,828.592
Kepler-694 b,2.8,8.25,6.365841612,0.0659,0.0,5700.0,0.97,0.95,2016.0,Transit,1023.06
K2-108 b,5.33,59.4,4.733999,0.0581,0.18,5599.0,1.17,1.76,2017.0,Transit,477.295
TOI-201 d,1.39,5.8,5.84889,0.0698,0.3,6423.0,1.32,1.31,2026.0,Transit,113.825
Kepler-373 b,1.36,2.42,5.535309,0.06,0.0,5787.0,0.981,0.845,2014.0,Transit,1090.45
Kepler-377 c,2.06,4.9,27.014976,0.182,0.0,5949.0,1.043,1.224,2014.0,Transit,823.804
Kepler-444 d,0.53,0.2,6.189392,0.06,0.18,5046.0,0.758,0.752,2015.0,Transit,36.4396
Kepler-1649 b,1.017,1.03,8.689099,0.0514,0.0,3240.0,0.1977,0.2317,2017.0,Transit,92.1913
Kepler-179 c,2.0,4.66,6.40013,0.064,0.0,5302.0,0.893,0.759,2014.0,Transit,605.68
K2-179 b,2.51267885,6.86,5.172191,,,5015.0,0.824345,0.768067,2018.0,Transit,190.81
Kepler-219 d,2.81,19.1,47.903645,0.272,0.0,5786.0,1.164,1.491,2014.0,Transit,787.07
Kepler-50 b,1.71,8.9,7.81254,0.077,0.0,6225.0,1.24,1.58,2012.0,Transit,250.11
Kepler-1787 b,2.31898181,5.99,39.31370163,0.227,0.0,6060.0,1.008,0.925,2021.0,Transit,778.602
Kepler-1542 b,0.76,0.363,3.95116882,0.04765,0.0,5564.0,0.94,0.99,2016.0,Transit,399.114
Kepler-1444 b,2.18,5.39,33.42035034,0.20906,0.0,5810.0,1.03,1.05,2016.0,Transit,319.675
Kepler-1997 b,2.28,5.82,26.7575866,0.1815,0.0,6215.0,1.111,1.052,2023.0,Transit,1502.34
Kepler-241 b,2.33,6.04,12.718092,0.094,0.0,4699.0,0.671,0.668,2014.0,Transit,512.0
Kepler-1624 b,6.59,35.3,3.290314,0.0327,0.0,3768.0,0.541,0.552,2016.0,Transit,258.979
K2-168 b,1.86,4.12,15.8523,,,5502.7,0.877,0.83,2018.0,Transit,243.935
K2-119 b,2.53,6.94,7.727283,0.0698,0.07,4740.0,0.76,0.71,2017.0,Transit,365.581
Kepler-730 c,1.56926,3.09,2.85188338,0.03997,0.0,5620.0,1.047,1.411,2018.0,Transit,1935.04
TOI-5319 b,2.83,8.4,4.07853,0.0506,,3580.0,0.5,0.485,2024.0,Transit,61.171
HD 80883 b,12.8,1748.0562385,6383.78352,6.462,0.203,5177.91,0.88,0.814842,2022.0,Radial Velocity,34.6011
Kepler-1585 b,1.79,3.86,3.5827463,0.0445,0.0,5538.0,0.94,0.91,2016.0,Transit,944.465
Kepler-1961 b,1.6187808,3.25,5.604710102,0.0588,0.0,5401.0,0.871,0.777,2021.0,Transit,1042.45
Kepler-1446 b,0.82,0.477,0.689967832,0.01405,0.0,4865.0,0.81,0.75,2016.0,Transit,152.075
Kepler-342 c,1.96,4.5,26.234138,0.185,0.0,6175.0,1.213,1.472,2014.0,Transit,781.611
K2-121 b,7.16,51.0,5.185738,0.0525,0.22,4526.0,0.71,0.675,2017.0,Transit,169.398
Kepler-279 e,4.13,56.0,98.3531,0.439,0.0,6689.45,1.164,1.43,2025.0,Transit,1037.4
KOI-3680 b,11.09691,613.4119,141.241671,0.534,0.496,5830.0,1.01,0.96,2018.0,Transit,921.986
Kepler-1638 b,1.87,4.16,259.33683,0.745,0.0,5710.0,0.97,0.95,2016.0,Transit,1525.52
K2-146 b,2.05,5.77,2.6446,0.0248,0.129,3385.0,0.331,0.33,2018.0,Transit,79.3002
Kepler-677 b,5.38,25.0,6.57531678,0.067,0.0,5723.0,1.0,0.99,2016.0,Transit,1954.08
TOI-5344 b,10.60369574,130.94530368,3.792622,0.04041,0.054,3747.0,0.612,0.588,2023.0,Transit,138.367
Kepler-1811 b,3.84829873,14.1,76.42230225,0.3462,0.0,5561.0,0.946,1.19,2021.0,Transit,1390.56
Kepler-481 b,2.5,6.8,10.06082567,0.08926,0.0,5802.0,1.01,1.09,2016.0,Transit,813.724
Kepler-375 c,2.65,7.51,19.986326,0.141,0.0,5826.0,0.891,0.837,2014.0,Transit,1238.81
Kepler-113 c,2.18,8.7,8.92507,0.07796,0.0,4725.0,0.75,0.69,2014.0,Transit,262.351
Kepler-9 b,8.29,43.4,19.23891,0.143,0.0609,5774.0,1.022,0.958,2010.0,Transit,628.257
Kepler-1590 b,1.14,1.55,7.61760804,0.07116,0.0,6053.0,1.11,1.16,2016.0,Transit,771.152
Kepler-1514 b,12.419572,1678.1424,217.83184,0.753,0.401,6145.0,1.196,1.289,2016.0,Transit,397.292
Kepler-175 b,2.56,7.08,11.903515,0.105,0.0,6064.0,0.969,1.01,2014.0,Transit,1312.34
K2-83 b,1.244,2.08,2.74697,0.03014,0.07,3910.0,0.484,0.424,2016.0,Transit,125.529
Kepler-231 c,1.93,24.1,19.271566,0.114,0.0,3767.0,0.58,0.49,2014.0,Transit,316.618
Kepler-1683 b,1.87477762,4.17,15.0337,0.1182,0.0,5429.0,0.95,0.900327,2020.0,Transit,733.143
Kepler-1653 b,2.17,5.35,140.2524,0.4706,0.0,4807.0,0.719,0.693,2017.0,Transit,755.0
Kepler-150 c,3.69,13.2,7.381998,0.073,0.0,5560.0,0.956,0.939,2014.0,Transit,891.092
Kepler-239 b,2.33,6.04,11.763051,0.095,0.0,4914.0,0.757,0.763,2014.0,Transit,648.109
Kepler-343 c,2.02,4.74,23.22182,0.167,0.0,5807.0,1.055,1.433,2014.0,Transit,927.193
TOI-5380 b,3.48093238,11.9,3.77229247873,,,6400.78,1.343,1.5621,2026.0,Transit,286.781
Kepler-1022 b,2.36,6.17,10.99469878,0.0805,0.0,4445.0,0.71,0.68,2016.0,Transit,420.042
Kepler-354 b,1.84,4.04,5.47666,0.054,0.0,4648.0,0.652,0.674,2014.0,Transit,554.064
Kepler-1434 b,1.11,1.41,8.05333618,0.0917,0.0,6291.0,1.47,2.04,2016.0,Transit,775.529
Kepler-1593 b,3.17,10.2,174.509835,0.55494,0.0,4995.0,0.81,0.77,2016.0,Transit,638.249
Kepler-1453 b,2.67,7.61,47.1611696,0.262,0.0,5665.0,0.97,0.94,2016.0,Transit,1196.04
Kepler-1989 b,4.62,19.3,10.161023528,0.0918,0.0,6032.0,0.999,1.06,2023.0,Transit,1252.13
K2-122 b,1.16,1.65,2.2193023,0.0373,0.21,4009.0,0.63,0.59,2017.0,Transit,72.0444
Kepler-1046 b,1.71,3.57,14.37508035,0.11858,0.0,5913.0,1.04,1.04,2016.0,Transit,721.534
Kepler-1907 c,1.15547044,1.63,14.86390018,0.10371,0.0,5159.0,0.752,0.8,2021.0,Transit,292.111
Kepler-1594 b,1.06,1.2,2.71603809,0.0396,0.0,5946.0,1.06,1.08,2016.0,Transit,976.868
Kepler-80 b,2.67,6.93,7.05246,0.0648,0.0049,4540.0,0.73,0.678,2012.0,Transit,369.451
Kepler-438 b,1.12,1.46,35.23319,0.166,0.03,3748.0,0.544,0.52,2015.0,Transit,195.94287175
Kepler-1455 b,2.16,5.31,49.276764,0.2149,0.0,4075.0,0.62,0.6,2016.0,Transit,357.621
Kepler-1490 b,3.04,9.48,92.4362973,0.3729,0.0,5515.0,0.9,0.87,2016.0,Transit,862.92
Kepler-700 b,5.99,30.0,80.8720639,0.3577,0.0,5692.0,0.98,0.96,2016.0,Transit,1491.76
K2-345 b,2.11,5.1,10.367437,,,3779.0,0.56,0.52,2021.0,Transit,162.408
Kepler-1133 b,1.97,4.54,11.55562343,0.0983,0.0,5569.0,0.93,0.9,2016.0,Transit,753.135
Kepler-1953 b,1.28574667,2.2,6.245659828,0.0607,0.0,4858.0,0.786,0.707,2021.0,Transit,605.631
Kepler-53 b,2.89,111.0,18.6489525,0.1361,0.0,5858.0,0.98,0.89,2012.0,Transit,1366.07
Kepler-1518 b,3.05,9.53,5.11177904,0.0593,0.0,6846.0,1.54,1.88,2016.0,Transit,903.51
Kepler-251 b,1.33,2.33,4.790936,0.053,0.0,5526.0,0.891,0.89,2014.0,Transit,924.625
Kepler-370 c,1.91,4.31,19.02293,0.14,0.0,5852.0,0.982,0.9,2014.0,Transit,1167.94
Kepler-1161 b,2.13,5.18,10.71252541,0.0784,0.0,4253.0,0.59,0.57,2016.0,Transit,547.726
Kepler-1184 b,2.68,7.65,53.5991044,0.2863,0.0,5983.0,1.05,1.07,2016.0,Transit,1157.84
Kepler-1181 c,1.83,4.01,8.93484887,0.0928,0.0,6688.0,1.336,1.347,2023.0,Transit,938.417
Kepler-1599 b,1.62,3.26,122.363553,0.4823,0.0,5767.0,0.99,0.99,2016.0,Transit,1328.2
Kepler-442 b,1.34,2.36,112.3053,0.409,0.04,4402.0,0.609,0.598,2015.0,Transit,365.965
Kepler-1185 b,1.33,2.33,104.3518976,0.4297,0.0,5622.0,0.96,0.87,2016.0,Transit,459.273
K2-181 b,2.69,7.7,6.8941,0.0706,0.4,5528.0,0.96,1.06,2018.0,Transit,360.911
Kepler-31 d,3.9,2161.244,87.6451,0.4,0.0,6340.0,1.21,1.22,2014.0,Transit,1664.64
Kepler-1070 b,1.73,3.64,6.2216147,0.06753,0.0,6261.0,1.21,1.32,2016.0,Transit,939.001
Kepler-1162 b,2.21,5.52,32.5637069,0.19,0.0,5390.0,0.89,0.84,2016.0,Transit,940.211
Kepler-1560 b,0.89,0.64,3.03195744,0.04175,0.0,5815.0,1.02,1.02,2016.0,Transit,502.497
Kepler-1702 b,1.60190793,3.2,18.5012,0.1275,0.0,5093.0,0.85,0.725742,2020.0,Transit,857.14
Kepler-1621 b,2.16,5.31,92.263714,0.4204,0.0,6158.0,1.15,1.24,2016.0,Transit,1631.66
Kepler-240 c,2.2,102.3,7.953528,0.074,0.0,4985.0,0.868,0.739,2014.0,Transit,746.927
Kepler-1972 c,0.868,2.11,11.3295,0.10493,0.043,5818.0,1.12,1.384,2022.0,Transit,287.339
K2-278 b,2.98,9.17,3.334966,0.0488,,6747.0,1.4,1.61,2018.0,Transit,786.439
Kepler-42 d,0.57,0.357785,1.865169,0.0154,0.02,3068.0,0.13,0.17,2011.0,Transit,40.0595
Kepler-1050 b,1.6,3.19,15.3787546,0.12353,0.0,6010.0,1.09,1.13,2016.0,Transit,490.488
Kepler-1001 b,3.15,10.1,14.30511983,0.11147,0.0,5491.0,0.9,0.88,2016.0,Transit,928.978
Kepler-478 b,2.71,7.8,13.2217576,0.1032,0.0,5210.0,0.85,0.8,2016.0,Transit,420.0
Kepler-1164 b,1.12,1.46,3.97599768,0.04635,0.0,5183.0,0.85,0.79,2016.0,Transit,431.622
Kepler-692 b,3.11,9.85,21.81293494,0.1495,0.0,5440.0,0.9,0.86,2016.0,Transit,991.336
Kepler-1464 c,1.0,0.972,5.32786292,0.06101,0.0,5828.0,1.02,1.01,2016.0,Transit,1151.73
K2-268 c,2.69,7.7,9.327527,0.0819,,5106.0,0.84,0.78,2018.0,Transit,327.783
Kepler-594 b,2.18,5.39,13.64618192,0.1089,0.0,5485.0,0.91,0.87,2016.0,Transit,769.2
Kepler-23 c,3.005,7.81,10.74,0.09501,0.021,5828.0,1.078,1.548,2011.0,Transit,835.756
Kepler-150 b,1.25,2.1,3.428054,0.044,0.0,5560.0,0.956,0.939,2014.0,Transit,891.092
Kepler-199 b,3.11,9.85,23.637604,0.158,0.0,5644.0,0.96,0.967,2014.0,Transit,521.054
Kepler-1499 b,1.19,1.81,44.2008,0.23225,0.0,5097.0,0.82,0.78,2016.0,Transit,309.869
Kepler-1498 b,1.33,2.33,48.051405,0.2528,0.0,5256.0,0.86,0.81,2016.0,Transit,740.0
Kepler-611 b,1.65,3.36,2.437033302,0.0351,0.0,5761.0,1.01,1.01,2016.0,Transit,1395.56
TOI-5502 b,4.1287378,15.9,11.62592988285,,,6088.71,1.244,1.32375,2026.0,Transit,248.654
Kepler-1141 b,0.82,0.477,2.344511944,0.03496,0.0,5791.0,1.01,1.07,2016.0,Transit,393.642
Kepler-1073 b,2.3,5.9,8.67888593,0.0805,0.0,5792.0,1.0,1.0,2016.0,Transit,809.897
Kepler-1170 b,2.41,6.39,9.98969327,0.088,0.0,5069.0,0.8,0.76,2016.0,Transit,1050.45
Kepler-157 d,1.46,2.73,7.02573474,0.0706,0.0,5866.0,1.02,1.03,2016.0,Transit,773.713
Kepler-549 c,2.93,8.91,117.040498,0.45332,0.0,5360.0,0.88,0.84,2016.0,Transit,635.145
Kepler-688 b,9.76,68.7,3.895936844,0.046,0.0,5715.0,0.98,0.96,2016.0,Transit,1357.75
Kepler-632 b,2.21,5.52,30.99660733,0.1885,0.0,5322.0,0.91,0.84,2016.0,Transit,349.0
Kepler-1502 b,3.18,10.2,41.7083629,0.2482,0.0,6666.0,1.44,1.72,2016.0,Transit,1514.02
Kepler-253 b,1.63,3.29,3.783986,0.046,0.0,5208.0,0.86,0.786,2014.0,Transit,838.595
Kepler-1119 b,1.92,4.35,8.3265153,0.0812,0.0,6083.0,1.11,1.17,2016.0,Transit,1757.23
Kepler-543 b,2.5,6.8,13.89961966,0.1023,0.0,4671.0,0.7,0.67,2016.0,Transit,221.802
Kepler-693 b,10.18,73.8,15.37563332,0.1121,0.0,4881.0,0.76,0.72,2016.0,Transit,1151.51
Kepler-1710 b,3.19744103,3.49494179,14.91110039,0.11583,0.0,5650.0,0.932,0.899,2021.0,Transit,305.193
Kepler-1928 b,1.992,4.63,19.57783,0.194,0.43,5720.0,1.01,0.92,2021.0,Transit,326.362
Kepler-1999 b,3.29,10.8,8.7396758,0.0713,0.0,4406.0,0.632,0.628,2023.0,Transit,701.255
KOI-7368 b,2.22,5.56,6.8430344,0.0678,0.0,5241.0,0.879,0.874,2022.0,Transit,264.995
K2-198 b,4.189,16.3,17.0428683,,,5212.9,0.799,0.757,2018.0,Transit,110.567
Kepler-227 c,3.04,9.48,54.418694,0.29,0.0,5854.0,0.954,1.091,2014.0,Transit,1083.06
Kepler-26 d,1.07,1.24,3.543919,0.039,0.0,4486.0,0.593,0.571,2014.0,Transit,335.307
KELT-17 b,17.093725,416.3573,3.0801716,0.04881,,7454.0,1.635,1.645,2016.0,Transit,226.5
IC 4651 9122 b,12.7,2002.329,734.0,2.038,0.18,4740.1,2.1,10.267424,2018.0,Radial Velocity,859.324
GJ 229 b,3.97,14.93793513,579.47495,1.086,0.404,3564.0,0.509,0.46,2014.0,Radial Velocity,5.75624
GJ 180 c,2.41,6.4,24.329,0.129,0.09,3371.0,0.43,0.413049,2014.0,Radial Velocity,11.9407
HD 68988 c,12.2,4776.96095721,16000.0,13.2,0.45,5883.41,1.171665,1.255733,2021.0,Radial Velocity,60.8447
KIC 5479689 b,14.2,158.9142035,1.701531,,,5459.1,0.966,0.894,2021.0,Orbital Brightness Modulation,454.95
HD 93385 b,1.88,4.2,7.3426,0.0756,0.295,5977.0,1.04,1.18484,2021.0,Radial Velocity,43.3475
Kepler-294 c,2.71,7.8,6.6264,0.071,0.0,5913.0,0.947,0.976,2014.0,Transit,1357.01
TOI-4311 c,2.47,13.58,15.070425,0.1116,0.22,5063.0,0.816,0.8441,2026.0,Transit,134.988
WASP-118 b,16.14096,163.36462,4.0460435,0.05453,0.0,6410.0,1.32,1.696,2016.0,Transit,376.658
TAP 26 b,13.5,527.5978,10.79,0.0968,,4620.0,1.04,1.17,2017.0,Radial Velocity,121.402
HD 92788 c,13.0,1166.4361,11611.2975,10.5,0.46,5744.0,1.15,1.14,2019.0,Radial Velocity,34.6538
GJ 422 b,3.33,11.07,20.129,0.111,0.11,3323.0,0.35,0.370328,2014.0,Radial Velocity,12.6631
GJ 414 A c,8.4,53.83,749.83,1.4,0.105,4120.0,0.65,0.68,2021.0,Radial Velocity,11.8893
TOI-3593 b,11.02963701,565.73456446,3.8212867,0.0481,0.105,5550.0,1.015,0.918,2025.0,Transit,226.63
WASP-195 b,10.31226224,33.05415433,5.051928,0.063,0.0,6300.0,1.3,1.578,2025.0,Transit,484.852
TOI-4529 b,1.77,4.9,5.879577,,,3697.0,0.482,0.48,2026.0,Transit,28.384
HD 27631 b,13.5,495.81231492,2198.14,3.242,0.141,5737.0,0.944,0.923,2012.0,Radial Velocity,50.2862
Wolf 503 b,2.043,6.26,6.00127,0.05706,0.41,4716.0,0.688,0.689,2018.0,Transit,44.526
WASP-183 b,16.47723,159.55066,4.1117771,0.04632,,5313.0,0.784,0.871,2019.0,Transit,325.377
Kepler-1747 b,4.26508,16.8,6.230319977,0.066,0.0,5477.0,0.983,0.865,2021.0,Transit,1321.38
Kepler-906 b,2.11,5.1,41.6979976,0.22363,0.0,6035.0,1.06,1.02,2016.0,Transit,757.791
TOI-4551 b,11.85910158,473.56432643,9.95581,0.0994,0.101,4896.0,1.31,3.55,2023.0,Transit,215.986
HD 98649 b,12.5,3082.9355479,5384.0,5.97,0.852,5759.0,0.97,1.01,2012.0,Radial Velocity,42.1727
Kepler-780 b,0.89,0.64,0.677375164,0.015,0.0,5769.0,1.01,1.02,2016.0,Transit,557.652
NGTS-16 b,14.57167491,211.99154747,4.84532,0.0523,0.0,5550.0,1.002,1.213,2021.0,Transit,898.168
TOI-1634 b,1.759,4.9,0.98934551,0.01544,0.0,3550.0,0.502,0.45,2021.0,Transit,35.2736
Kepler-275 b,2.34,6.08,10.300682,0.098,0.0,6165.0,1.189,1.383,2014.0,Transit,2034.25
Kepler-121 c,2.27,5.77,41.008011,0.216,0.0,5311.0,0.859,0.701,2014.0,Transit,510.523
TOI-4342 c,2.349,4.8,10.688662,0.0804,0.0,3866.0,0.587,0.598,2023.0,Transit,61.5204
Kepler-168 b,1.46,2.73,4.425391,0.056,0.0,6282.0,1.113,1.107,2014.0,Transit,1343.6
Kepler-471 b,14.96,,5.014234575,0.0626,0.0,6733.0,1.49,1.8,2016.0,Transit,1249.41
HD 42012 b,13.5,508.528,857.5,1.67,0.2,5405.0,0.83,0.82,2017.0,Radial Velocity,36.7984
Qatar-10 b,17.295487,233.92288,1.645321,0.0286,0.0,6124.0,1.156,1.254,2019.0,Transit,559.068
GJ 720 A b,3.77,13.64,19.466,0.119,0.12,3837.0,0.57,0.56,2021.0,Radial Velocity,15.5575
HD 137496 b,1.31,4.04,1.62116,0.02732,0.0,5799.0,1.04,1.59,2021.0,Transit,155.317
K2-389 b,2.33,6.04,8.58289,,,5773.0,0.99,1.094,2022.0,Transit,259.208
Kepler-17 b,14.68,778.65,1.4857108,0.02591,0.011,5781.0,1.04,1.01034,2011.0,Transit,720.753
Kepler-176 b,1.43,290.537,5.433074,0.058,0.0,5232.0,0.86,0.891,2014.0,Transit,527.321
NN Ser d,13.3,724.622,2880.0,3.39,0.24,57000.0,0.535,,2010.0,Eclipse Timing Variations,515.818
HD 214823 b,12.1,5914.78665427,1854.84424,3.08,0.161,6215.0,1.115,2.04,2016.0,Radial Velocity,101.368
Kepler-761 b,2.03,4.78,10.12804789,0.0874,0.0,5706.0,0.95,0.93,2016.0,Transit,830.707
TOI-216.01,10.1,177.98390792,34.525528,0.2069,0.0046,5026.0,0.77,0.748,2019.0,Transit,177.945
TOI-1259 A b,11.6,141.0,3.4779792,0.0408,0.0,4775.0,0.746,0.715,2021.0,Transit,118.106
Kepler-107 e,2.903,14.1,14.749143,0.12638,0.1,5854.0,1.238,1.447,2014.0,Transit,525.997
Kepler-450 c,2.62,12.5,15.413135,0.13351,0.02,6197.21,1.19,1.64162,2015.0,Transit,455.982
TOI-4578 b,2.26974262,5.77,8.62392630369,,,5951.32,1.077,0.878735,2026.0,Transit,182.249
HD 1605 b,13.8,296.85322,577.2,1.492,0.095,4915.0,1.33,3.49,2015.0,Radial Velocity,88.8047
HD 210193 b,14.3,153.1,649.918,1.487,0.24,5790.0,1.04,1.05971,2019.0,Radial Velocity,42.2029
HD 108236 c,2.071,4.94,6.203449,0.062,0.034,5660.0,0.869,0.877,2020.0,Transit,64.5978
K2-392 b,1.85,4.08,15.398723,,,5726.0,0.841,1.058,2022.0,Transit,406.985
TOI-4145 A b,13.30506009,136.66621501,4.0664428,0.04823,0.0,5281.0,0.905,0.859,2023.0,Transit,205.387
TOI-4379 b,16.69017226,353.74301699,3.25352,,0.018,6020.0,1.372,1.976,2024.0,Transit,645.158
Kepler-1663 b,3.30395896,10.9,17.6046,0.1072,0.0,3844.0,0.610816,0.62859,2020.0,Transit,337.926
Kepler-273 c,1.98,4.58,8.014927,0.073,0.0,5626.0,0.756,0.815,2014.0,Transit,713.964
GJ 3138 c,1.88,4.18,5.974,0.057,0.11,3717.0,0.681,0.5,2017.0,Radial Velocity,28.4712
K2-291 b,1.589,6.49,2.225177,0.03261,0.0,5520.0,0.934,0.899,2019.0,Transit,90.0562
HD 39855 b,2.85,8.5,3.2498,0.041,0.14,5576.0,0.87,0.744665,2019.0,Radial Velocity,23.2599
HIP 90988 b,13.4,668.07531151,455.73816,1.36,0.081,4883.0,1.613,3.94,2021.0,Radial Velocity,94.0349
TOI-558 b,12.17295304,1147.36054927,14.574071,0.1291,0.298,6466.0,1.349,1.496,2021.0,Transit,402.63
GPX-1 b,16.47720163,6261.2196179,1.744579,0.0338,0.0,7000.0,1.68,1.56,2021.0,Transit,655.013
TOI-3819 b,13.13692538,352.78953177,3.2443141,0.04611,0.0,5859.0,1.242,1.538,2023.0,Transit,558.141
Kepler-181 b,1.27,2.15,3.137873,0.04,0.0,5333.0,0.81,0.749,2014.0,Transit,609.283
K2-38 c,2.29,8.3,10.56103,0.09514,0.161,5731.0,1.03,1.06,2016.0,Transit,192.69
HD 224538 b,12.7,2075.73732612,1202.05199,2.375,0.476,6097.0,1.23,1.54,2016.0,Radial Velocity,79.0608
GJ 273 b,1.51,2.89,18.6498,0.091101,0.1,3382.0,0.29,0.293,2017.0,Radial Velocity,5.921535
K2-292 b,2.63,24.5,16.9841,0.13,0.04,5725.0,1.0,1.09,2019.0,Transit,114.293
GJ 4276 b,4.22,16.57,13.352,0.082,0.37,3387.0,0.406,0.407,2019.0,Radial Velocity,21.3362
HD 102843 b,13.1,113.9,3090.942,4.074,0.11,5436.0,0.95,0.961488,2019.0,Radial Velocity,62.758
Kepler-271 b,1.23,2.04,10.43547805,0.08784,0.0,5555.0,0.9,0.87,2014.0,Transit,404.542
CFHTWIR-Oph 98 b,20.8487041,2479.0615746,8040000.0,200.0,,2320.0,0.0147,0.245,2020.0,Imaging,
TOI-1431 b,16.70138124,991.62462984,2.650237,0.046,0.0022,7690.0,1.9,1.92,2021.0,Transit,148.925
K2-395 c,3.395,11.4,8.491282,,,5007.0,0.952,0.783,2022.0,Transit,286.727
TOI-4406 b,11.2089807,95.3485221,30.08364,0.201,0.15,6219.0,1.19,1.29,2023.0,Transit,261.834
Kepler-149 d,3.96,14.9,160.018032,0.571,0.0,5381.0,1.013,0.953,2014.0,Transit,571.034
TOI-4405 b,2.55505441,7.06,5.92143995316,,,4467.38,0.68,0.687025,2026.0,Transit,155.501
TOI-5027 b,10.76062147,642.01338214,10.24368,0.093,0.385,5909.0,1.02,0.92,2025.0,Transit,204.429
GJ 273 c,1.06,1.18,4.7234,0.036467,0.17,3382.0,0.29,0.293,2017.0,Radial Velocity,5.921535
HD 20781 d,3.25,10.61,29.158,0.1647,0.11,5256.0,0.7,0.833609,2019.0,Radial Velocity,35.9715
HD 110113 b,2.05,4.55,2.541,0.035,0.093,5732.0,0.997,0.968,2021.0,Transit,106.307
HAT-P-63 b,12.5428494,195.1466419,3.377728,0.04294,0.069,5400.0,0.925,0.9661,2021.0,Transit,403.458
K2-398 b,2.274,5.79,6.393025,,,5946.0,0.945,1.239,2022.0,Transit,606.992
TOI-3862 b,5.53,53.7,1.55745774,0.02539,0.0232,5300.0,0.9,0.92,2026.0,Transit,249.02
Kepler-284 c,2.61,7.32,37.514456,0.213,0.0,5615.0,0.766,0.814,2014.0,Transit,1031.95
TOI-4662 b,2.87998299,8.65,4.70343764575,,,4520.41,0.703,0.69375,2026.0,Transit,111.047
HD 7924 c,,1762.67634522,15.299,0.1134,0.098,5075.0,0.832,0.7821,2015.0,Radial Velocity,16.9922
NGC 2682 YBP 401 b,14.3,146.2018,4.087,,0.15,6165.0,1.14,1.215821,2016.0,Radial Velocity,830.822
WASP-142 b,17.14977,266.9772,2.052868,0.0347,0.0,6010.0,1.33,1.64,2016.0,Transit,730.933
WASP-171 b,10.98482,344.52772,3.8186244,0.0504,0.0,5965.0,1.171,1.637,2019.0,Transit,757.84
TOI-1789 b,16.14093221,222.4798849,3.208664,0.04882,,5991.0,1.507,2.168,2021.0,Transit,229.067
HD 35843 c,2.54,11.32,46.9622,0.25,0.153,5666.0,0.94,0.897,2025.0,Transit,69.6026
TOI-4666 b,12.53164042,155.41809102,2.9089165,0.034,0.023,3793.0,0.576,0.585,2025.0,Transit,154.749
BD+20 594 b,2.57807,22.2481,41.6855,0.241,0.0,5766.0,1.67,1.08,2016.0,Transit,179.461
Kepler-19 d,5.06,22.5,62.95,,0.05,5544.0,0.936,0.859,2017.0,Radial Velocity,218.562
GJ 143 b,2.61,22.7,35.61253,0.1915,0.188,4640.0,0.73,0.695,2019.0,Transit,16.32
WASP-182 b,9.52765,47.03884,3.3769848,0.0451,0.0,5638.0,1.076,1.34,2019.0,Transit,327.602
HD 107148 c,4.7,19.89605828,18.3267,0.1407,0.34,5752.92,1.105215,1.169193,2021.0,Radial Velocity,49.4156
Kepler-833 b,2.02,4.74,18.7546998,0.1139,0.0,4339.0,0.64,0.62,2016.0,Transit,467.37
Kepler-94 b,3.51,10.84,2.50806,0.03377,0.0,4781.0,0.81,0.76,2014.0,Transit,191.904
TOI-4463 A b,13.26022417,252.35575516,2.8807198,0.04036,0.0,5640.0,1.056,1.062,2023.0,Transit,173.117
HATS-9 b,13.85,266.02371,1.915291,0.0312,0.075,5599.0,1.1,1.56,2015.0,Transit,638.7
TYC 0434-04538-1 b,12.7,1938.763,193.2,0.66,0.08,4679.0,1.04,9.99,2021.0,Radial Velocity,613.422
Kepler-839 b,2.57,7.13,37.8144514,0.2316,0.0,6058.0,1.22,1.31,2016.0,Transit,944.561
HD 27969 b,12.9,1525.5763536,654.5,1.552,0.182,5966.0,1.16,1.27,2021.0,Radial Velocity,67.9328
TOI-3912 b,14.28024141,129.03833324,3.4936264,0.0463,0.0,5725.0,1.088,1.392,2023.0,Transit,465.992
Kepler-294 b,1.77,3.78,3.701212,0.048,0.0,5913.0,0.947,0.976,2014.0,Transit,1357.01
TOI-4487 A b,14.60530185,397.28550875,3.9540709,0.05448,0.083,6206.0,1.378,1.634,2025.0,Transit,479.145
K2-251 b,2.35,6.12,9.30075,0.0694,,3717.0,0.52,0.49,2018.0,Transit,147.03
GJ 3512 b,14.3,146.51889563,203.109,0.3376,0.4279,3141.0,0.123,0.139,2019.0,Radial Velocity,9.48637
HD 145675 c,12.6,2510.8444153,15732.45889,20.0,0.52,5338.0,0.97,0.93,2021.0,Radial Velocity,17.9323
HD 95544 b,12.8,1913.64483855,2041.54152,3.166,0.049,5722.0,1.01,1.088,2021.0,Radial Velocity,87.8049
Kepler-309 b,1.56,3.05,5.923653,0.059,0.0,4713.0,0.816,0.721,2014.0,Transit,544.568
WASP-74 b,15.24424,228.8376,2.13775,0.03443,0.0,5990.0,0.98,1.42,2015.0,Transit,149.216
Qatar-7 b,19.0553,597.5204,2.032046,0.0352,0.0,6387.0,1.409,1.564,2019.0,Transit,705.981
Kepler-270 b,2.01,4.7,11.476094,0.107,0.0,6067.0,1.17,1.461,2014.0,Transit,948.781
TOI-628 b,11.88154,2011.8639,3.4095675,0.0486,0.072,6250.0,1.311,1.345,2021.0,Transit,178.68
HD 168009 b,3.05,9.53485221,15.1479,0.1192,0.12,5778.33,0.986073,1.209505,2021.0,Radial Velocity,23.3032
HD 164922 e,3.23,10.52012027,41.763,0.2292,0.086,5393.43,0.921146,1.001813,2021.0,Radial Velocity,22.0016
HD 115954 b,12.6,2685.65003915,3700.0,5.0,0.487,5957.0,1.18,1.213,2021.0,Radial Velocity,87.6437
TOI-1278 b,12.21778896,5879.8255295,14.47567,0.095,0.013,3799.0,0.54,0.573,2021.0,Transit,75.5759
LHS 1678 b,0.685,0.35,0.8602325,0.01239,0.033,3490.0,0.345,0.329,2021.0,Transit,19.8782
TOI-3980 b,14.4595851,187.51876013,3.6089254,0.0494,0.16,5840.0,1.24,1.626,2025.0,Transit,486.721
Kepler-903 b,2.01,4.7,10.3507721,0.09081,0.0,5682.0,0.98,0.97,2016.0,Transit,1369.24
Kepler-84 c,2.36,20.2,12.883,0.1072,0.0,6039.0,1.0,1.43,2012.0,Transit,1023.9
TOI-4507 b,8.2,20.0,104.61611,0.456,0.09,6260.0,1.11,1.04,2025.0,Transit,178.26
TOI-5160 b,2.39729851,6.33,4.280773256,,,5622.14,1.003,1.03315,2026.0,Transit,151.465
EPIC 211822797 b,1.92,4.35,21.1701963,0.1195,0.06,4057.0,0.62,0.58,2016.0,Transit,186.197
K2-254 c,2.19,5.43,12.11839,0.0923,,4629.0,0.71,0.67,2018.0,Transit,227.775
GJ 160.2 b,3.17,10.2,5.2354,0.053,0.06,4347.0,0.69,0.655173,2014.0,Radial Velocity,25.8557
HD 39194 d,2.12,5.16,33.874,0.1949,0.159,5205.0,0.86,0.783742,2021.0,Radial Velocity,26.4131
Kepler-304 b,2.86,8.55,3.295709,0.039,0.0,4731.0,0.737,0.687,2014.0,Transit,434.684
Kepler-1756 b,1.47199944,2.77,2.355750084,0.0319,0.0,4915.0,0.781,0.812,2021.0,Transit,
EPIC 206317286 c,2.094,5.03,17.515472,,,4752.0,0.832,0.758,2022.0,Transit,314.35
Kepler-195 b,2.03,4.78,8.307872,0.077,0.0,5329.0,0.867,0.775,2014.0,Transit,652.051
K2-28 b,2.32,5.99,2.260455,0.0214,0.0,3214.0,0.257,0.288,2016.0,Transit,62.9969
Kepler-1724 b,2.83677238,8.43,6.45442009,0.0683,0.0,6092.0,1.016,0.943,2021.0,Transit,1060.77
HAT-P-7 b,16.92559,584.8072,2.20474,0.03809,0.0,6389.0,1.56,2.0,2008.0,Transit,341.079
Kepler-551 b,2.73,7.9,12.3764661,0.0893,0.0,4286.0,0.65,0.63,2016.0,Transit,311.175
K2-44 b,2.433,6.5,5.657,0.06,,5912.0,1.15,1.58,2016.0,Transit,476.703
K2-27 b,4.74,30.2,6.771347,0.06702,0.251,5246.0,0.88,0.876,2016.0,Transit,249.645
K2-378 b,2.88,8.65,2.060438,,,4823.0,0.923,0.732,2022.0,Transit,687.973
K2-42 b,2.15,5.27,6.68796,0.0617,,4613.0,0.702,0.643,2016.0,Transit,396.913
K2-193 b,3.95,14.8,14.786889,0.1184,,5817.0,1.01,0.98,2018.0,Transit,411.923
Kepler-452 b,1.63,3.29,384.843,1.046,0.0,5757.0,1.037,1.11,2015.0,Transit,551.727
Kepler-220 c,1.57,3.09,9.034199,0.076,0.0,4632.0,0.729,0.666,2014.0,Transit,171.109
Kepler-228 d,4.04,15.4,11.094286,0.101,0.0,6043.0,1.006,1.014,2014.0,Transit,1644.61
Kepler-565 b,3.64,12.9,4.243747226,0.0501,0.0,5735.0,0.98,0.95,2016.0,Transit,1041.0
K2-35 b,1.32,2.3,2.399964,0.031,0.13,4402.71,0.701968,0.619575,2016.0,Transit,252.596
Kepler-1720 b,3.21585295,10.4,12.70639992,0.1043,0.0,5573.0,0.939,0.839,2021.0,Transit,629.445
K2-368 b,1.332,2.34,5.025598,,,4663.0,0.746,0.663,2022.0,Transit,206.608
OGLE-2016-BLG-0261L b,9.6,66.74396547,,0.72,,,0.072,,2026.0,Microlensing,7850.0
KMT-2025-BLG-0026L b,13.3,676.97450691,,0.96,,,0.44,,2026.0,Microlensing,7280.0
KMT-2025-BLG-0030L b,13.7,365.50266805,,2.35,,,0.6,,2026.0,Microlensing,6720.0
KMT-2025-BLG-2272L b,13.3,785.03616529,,3.89,,,0.63,,2026.0,Microlensing,6620.0
