z_log10_pl_rade,z_log10_pl_bmasse,z_log10_pl_orbper,z_log10_pl_orbsmax,z_pl_orbeccen,z_log10_st_teff,z_log10_st_mass,z_log10_st_rad
1.2624519336757727,2.2678474429785327,1.3503013229918635,1.5160618052064623,1.0553545975574112,-0.49086165428460327,2.1350172078705882,3.927387270241429
1.271218464148949,2.2476014251996235,1.5749984836108382,1.7003684361897669,0.013115116469977142,-1.3181416726355297,2.874631519085413,5.103149044816839
1.3388877134392854,1.647507285502159,1.0870946934912191,1.220895637938828,-0.5146010764856858,-0.4745801931014005,1.718784942864113,3.6608789992375055
1.2885397109386396,2.034554675005641,2.165340059507062,2.1361519091415397,1.9148723468339472,0.025329023168463697,0.14493201698902475,-0.17394552985339107
1.3711877127347034,1.3549277315929835,1.7843255275440348,1.757856297532224,3.970986563637449,0.4473634099138742,0.42342206982076086,0.1225622527407669
1.322365941109978,1.729334400962853,1.6295605705554461,1.6625101476458548,-0.1188139317689386,-1.3940995635494968,0.7394248922067705,4.891322186970074
1.2885397109386396,2.0488752746112544,1.884008100948314,2.039710649498132,-0.35628621859898685,-0.36873403039552194,2.147392068933333,3.246940110655664
1.4025445103276715,1.0588908987206018,0.2148129034488339,0.24454863817114367,-0.30351459930342056,-0.5588153765921099,0.3503882692524591,3.742972291318139
1.3632033338032492,1.4020061434568694,1.512093908856098,1.603202376064307,0.07907964058943497,-0.2358014764138146,1.3433065871147314,2.355663883283678
1.4025445103276715,1.0477266103500458,1.8325973290813606,1.9168559913059255,1.398370122978592,-0.2358014764138146,1.3433065871147314,2.355663883283678
1.3632033338032492,1.3824773215482893,1.4597396562855718,1.3418005553566241,1.6622282194564237,9.741678233776625,-1.678937603112726,-2.4907091277401463
1.2970966806697488,1.9843309645383667,1.2644590042895323,1.3080573620037759,2.4735918661257554,-1.052299149839159,0.7690058150726619,4.345534635653919
1.3470542472383311,1.503387227779363,1.9283525209347514,1.9236018916196809,-0.30351459930342056,0.5665421419564741,0.37496218281690186,0.23088123323117613
1.4254755029902262,0.8512178892032091,2.310631391265767,2.3035627333930706,0.1318512598850013,0.5665421419564741,0.37496218281690186,0.23088123323117613
1.3711877127347034,1.3203188168652433,3.15882361644331,3.1283941701231632,0.5408313094256401,0.5665421419564741,0.37496218281690186,0.23088123323117613
1.417886114375874,0.902704788415667,-0.7304402754663436,-0.6835871297169038,-0.4730434262904273,0.4582122575896242,0.39930535200219186,0.2013145601651859
-0.8603223456020643,-0.7925072188722541,-0.502761408311271,-0.8013504371669821,-0.5146010764856858,-2.728752366975444,-3.2684284043133998,-2.0341661358789915
-0.5968105610854686,-0.617285858720328,0.26604270517727957,-0.03765603866381967,-0.5146010764856858,-2.728752366975444,-3.2684284043133998,-2.0341661358789915
1.4025445103276715,1.0330416606579231,-0.13434754577892505,-0.10592947153158858,-0.49547136449104295,-0.12553361016441072,0.26249753134732456,-0.09423071522014749
0.8756417414535874,0.36662570072328055,0.397629148156548,0.41481321216446204,0.06588673576554338,-0.12553361016441072,0.26249753134732456,-0.09423071522014749
1.3306586002270746,1.6837399357090215,2.644965689884933,2.615028845419382,0.08765502872496456,-0.12553361016441072,0.26249753134732456,-0.09423071522014749
-0.7487660947463701,-0.4439478184213287,-1.569362788802106,-1.5395846665293071,-0.18477845588839642,-0.15399783424392888,-0.03488868155521891,-0.15281474066496684
0.7527771495764953,0.2841786418041407,1.2469376413030824,1.2450367572618515,-0.09902457453310122,-0.12553361016441072,0.26249753134732456,-0.09423071522014749
1.3632033338032492,1.3782311765816306,1.8522228657204947,1.8990084252818582,-0.2375500751839627,-0.41336283379226924,0.9436665609529048,2.3680396026715638
-0.6219614534881779,-0.6335292950626835,-0.7322353860129852,-0.7084072436487251,0.2769732129478085,0.2739555319690998,0.06899479205461068,-0.1208680256153251
0.181806143235108,-0.09631614298189699,0.3232676748481818,0.3251521027930694,0.40890226118672435,0.2739555319690998,0.06899479205461068,-0.1208680256153251
0.3279101099040132,0.0006874154533417501,0.8867142893801793,0.8772754496705585,1.7941572676953392,0.2739555319690998,0.06899479205461068,-0.1208680256153251
1.3632033338032492,1.3712159267755386,1.7446253507698455,1.798291158808441,-0.1188139317689386,-0.5470410283469425,0.9826526861527277,2.346315613779755
1.4025445103276715,1.0526298033134875,1.890386136849997,1.9411724620433444,0.013115116469977142,-0.5470410283469425,0.9826526861527277,2.346315613779755
1.2970966806697488,1.9617042061404892,0.8613945924055643,0.8846416734702636,2.1160641453982936,0.18987420369404673,0.4473165105808271,0.905522444672756
1.355159146232682,1.4948015380494237,1.7188235946576802,1.8574871973011362,0.09886899782527234,-0.5670719762350774,1.9150699962490207,3.4983005544700565
1.4025445103276715,1.0725367000358415,2.2371695655549675,2.3652106136083404,-0.36288267101093263,-0.5670719762350774,1.9150699962490207,3.4983005544700565
1.3711877127347034,1.3229009186589196,0.7541034926347853,0.8562308659072804,-0.10562102694504702,-0.5223941093750197,1.2923043822113724,3.548780953430007
1.3388877134392854,1.6164960139460214,1.8949750744596778,1.9249433595853855,-0.2705323372436917,-0.6562975048215935,0.7605885074503572,3.6153967287893907
1.3388877134392854,1.6025859156142925,1.073120506035319,1.1491448229420733,-0.33649686136314955,-0.7396424166015098,1.096212232466589,3.5866103625070402
1.3306586002270746,1.6535155166277604,2.9416335201132457,2.949180447600252,-0.415654290306499,0.8198772589917742,0.7351713580774533,0.2761922007445583
0.2584624653089474,-0.3941519998492677,-0.3977038767699166,-0.47404228309588314,-0.052849407649480686,-2.3061111508434013,-0.953447300763593,-0.2895255211250346
-0.3219652412573516,-0.19345485585192293,-0.01320273417548771,-0.09998056531431433,0.6727603576645557,-2.3061111508434013,-0.953447300763593,-0.2895255211250346
1.3055860056640203,1.8953094715064156,1.541984108063921,1.585531067374137,0.8046894059034715,-1.4793986717080152,0.5635928802717013,5.228641542446778
1.3947907292109982,1.1279990259327122,1.262091655368211,1.2254290375062242,1.398370122978592,-0.5025199275420804,-1.6254815140032026,-0.29306142306346894
1.3947907292109982,1.136440832841183,0.9921015492981047,1.011700551286902,-0.5080046240737399,-0.7591448150122527,0.42342206982076086,3.272668133259286
1.3869805564636084,1.1554923472386345,0.940083707157933,0.964898031626327,1.2004765506202186,-0.5824375965075097,0.4709927342227765,4.027977112060144
1.2536132498771215,2.4054139542231976,1.4275124293725705,1.6625101476458548,0.4748667853061821,-1.4214756052958568,2.8932160321474627,5.8606706551137275
1.2799140097908654,2.176962018103331,1.6644448556966407,1.8927236180974205,0.6727603576645557,-1.4214756052958568,2.8932160321474627,5.8606706551137275
1.3306586002270746,1.7174405962403185,1.6294112001638317,1.585531067374137,0.8706539300229292,-1.2073984413182177,-0.3546076301619808,4.275881924197415
-0.40680344745423985,-0.011508078518645168,0.36742420561408995,0.39747771884726196,-0.5146010764856858,0.4631367059367661,1.5534082313120106,0.05367243821493292
1.2799140097908654,2.108369893551124,2.197224474043813,2.4839807141088723,3.3773058465623276,-0.9440524694094254,3.650588025458866,5.898712423817823
1.4254755029902262,0.858981912405141,0.8868703116761509,0.9662046885402851,4.300809184234738,-0.9440524694094254,1.05890902097095,4.323522387445478
1.379113165823496,1.2412786953282409,1.3269826416210282,1.2692282900397878,0.2769732129478085,-0.3414435391097112,-0.3224018933933692,-0.3784914731836632
1.4025445103276715,1.0716117529984603,1.4436337953592577,1.4005796870909393,0.8046894059034715,-1.0535850058314609,-0.556725146007426,3.5866103625070402
1.3711877127347034,1.3355092631690795,1.7432524737317672,1.7746414048725083,4.4987027565931115,-0.9013252403043939,0.4473165105808271,3.4909504431344827
1.3711877127347034,1.3098856113214803,2.348996413104886,2.412229899112117,1.7941572676953392,-0.4110656215983305,1.3094168434858315,3.0237795545573083
1.4102427083062494,0.9727150904162619,1.2560765104127254,1.2254290375062242,1.2664410747396766,-0.332375787574816,-0.023455240884040593,-0.23031094981486228
1.2799140097908654,2.1003262736381823,1.979194772815091,1.9100449122021228,5.290277046026606,-0.345982852629296,-0.30326875511072265,-0.39418611673200527
0.8591101867532389,0.3550435054920445,0.8980107718513963,0.8137801102855056,1.5302991712175078,-1.1705213939611976,-0.7007915672142845,-0.6363756076474315
1.2885397109386396,0.6397001898719153,1.2026339678145976,1.128710313819424,0.7387248817840136,-0.6419268357443029,-0.556725146007426,-0.5848185460996427
1.417886114375874,0.8886296921313775,-0.8231194883642072,-0.8685385100001014,-0.38267202824677,0.08351658308985188,1.222702122144414,-0.20703824838611481
1.417886114375874,0.9295271729738361,2.127948219386597,2.0058856419988045,-0.18477845588839642,-0.8813290549278858,-0.8889331544949594,-0.7451988603767584
0.07559364961771198,-0.16768270741016217,0.6441314112998858,0.55184964973059,2.1239798882926286,-0.8813290549278858,-0.8889331544949594,-0.7451988603767584
1.2885397109386396,2.0743725589923536,1.7308509474533427,1.757856297532224,0.8706539300229292,-0.8875702993760468,2.1719659824977753,4.432121140229758
1.8754245109573329,2.173627713427217,-0.723886460533827,-0.5198067460375004,-0.07923521729726385,1.5110161564160653,1.114664470293514,1.2371173189641183
1.3140087470318138,1.8043651247443364,1.6896777529531206,1.6068945569122493,3.0732093903716273,-0.6803297644851586,-0.5532240941988444,-0.521821758990316
1.4102427083062494,0.9444091880687486,2.1980474051832717,2.0822464431460332,0.1450441647088929,-1.5407206761704013,-0.7797579297998934,-0.5074901995952003
1.322365941109978,1.7738257526676677,2.770970501747054,2.6518167330518887,2.3218734606510023,-1.5407206761704013,-0.7380947787099237,-0.5074901995952003
1.4254755029902262,0.8650798852043546,1.602791454531944,1.659587097694419,1.1147226692649232,0.7200840038424318,0.43061355423864045,0.4638481478714007
-1.7766037274281195,-1.831340854618363,-0.8713612646539558,-1.2617142097559193,-0.3167075041273122,-2.88816831341242,-4.494915502491731,-2.632046105642765
-1.7428353096451188,-1.7833334353268557,-0.7426628372761875,-1.1352434557540618,0.013115116469977142,-2.88816831341242,-4.494915502491731,-2.632046105642765
-1.8161007456522578,-1.8855146128096216,-1.0146063893373802,-1.4007850390410714,-0.2507429800078543,-2.88816831341242,-4.494915502491731,-2.632046105642765
-1.9081359383627674,-2.0161941620222743,-0.5070291024405662,-0.9028445948928951,-0.2507429800078543,-2.88816831341242,-4.494915502491731,-2.632046105642765
1.4025445103276715,1.076224734641168,1.0450961900504554,0.2660205885454189,1.2664410747396766,-6.145295491519219,-8.467312775674394,-2.8625865383665863
1.3306586002270746,1.6523441503358225,0.12589330903335633,0.1514542988345517,3.31134132244287,-1.8933523241847245,-0.049251756909367644,0.8981408078177536
1.5996254111177177,1.123899800127368,-1.225189091818192,-1.1321628629277067,-0.5146010764856858,0.6414476575518007,0.09091905354157294,0.09537929645992647
1.1384931517962973,1.538597386593208,-0.18293999186761553,-0.18486432628590896,2.981518701845581,-0.26146896511716816,-0.07821885681676052,-0.42229578938575985
1.555652938174237,1.4686086279938948,-0.8963222236812924,-0.8077883011187251,-0.5146010764856858,1.0906636345623124,0.8435564989172806,0.4157284626248332
1.5629969731451487,1.0748300636944228,-0.9237409182276287,-0.865724369722959,-0.052849407649480686,0.37283615222002653,0.4186166403258132,0.10358527374547538
1.0402814845866375,1.2248002249857073,-0.7531565747860982,-0.6972757385257976,-0.5146010764856858,0.6366755586967625,0.4473165105808271,-0.048331606735046585
1.2642109742317447,1.9678590492336874,-1.224177471964681,-1.1456104249901078,-0.5146010764856858,0.7219654792503577,0.5407510719798126,0.22668523246079825
1.339707167137431,0.8472899071155698,-0.6176045537248082,-0.5618722311961828,1.6622282194564237,0.34777469317232135,0.46627475572276916,0.2013145601651859
1.1924399780275199,1.4863531368886036,-0.7860203351305752,-0.7684837406270373,-0.5146010764856858,0.43748279601141793,0.3255791950483469,0.6424202334634632
1.461176098676017,1.6367960414555711,-1.1145886464169235,-1.0831854865164612,0.013115116469977142,0.13277219149355907,0.09091905354157294,-0.06347805110681766
1.4449605068304268,1.1554923472386345,-0.7698628330484432,-0.6863036695073206,-0.2045678131242338,0.7734631716677647,0.7180870888709185,0.6988046461272325
1.5822518825423095,1.6367960414555711,-1.1559962073923038,-1.120477083497479,-0.42027180699486094,0.3226020964704768,0.11806619656814742,-0.21374400857014705
0.9842357274162266,1.7273769906242087,-0.3554289041449633,-0.29688038762975905,3.3773058465623276,0.5742704089824202,0.5635928802717013,-0.03333439084239501
1.2624519336757727,2.3078386273814524,2.1398408246704426,2.151138155138291,3.4432703706817858,0.5742704089824202,0.5635928802717013,-0.03333439084239501
1.4532242016103454,1.4557470434603434,-0.9415982227737925,-0.8391976765623254,-0.5146010764856858,0.8750778034362662,0.8840655804378531,0.9530952257839046
0.2784527967656868,-0.2652209910577879,-0.32950061434913125,-0.28138655068133234,-0.0066742407658602326,0.6309437393739208,0.46863481821643743,0.13062337537520594
1.223918435756486,1.5462105059008828,-0.8037665922661761,-0.7400125323755782,0.5408313094256401,0.5935451686015634,0.5635928802717013,0.661448044974498
-0.018814384296292768,-0.586561236683474,-0.6395143173963735,-0.6313453666565311,-0.5146010764856858,-0.40303269217199394,-0.020604742003956535,-0.29306142306346894
0.30454057402855356,0.08559369400618227,-0.23988751458108995,-0.2368491397523128,-0.5146010764856858,-0.40303269217199394,-0.020604742003956535,-0.29306142306346894
1.2545003990554648,0.558515124381046,-0.6638369058311757,-0.6090430819293998,-0.5146010764856858,0.7266664412198577,0.4473165105808271,0.2013145601651859
1.4194082890025357,0.8352690820143959,-0.7334049300635092,-0.6754997614374438,-0.5146010764856858,0.28717186216241347,0.4473165105808271,0.8227735347554613
1.1789198060703276,2.0999037828602733,-0.8112221080822241,-0.7459116563673984,-0.08583166970920963,0.5935451686015634,0.3503882692524591,0.05367243821493292
1.122026476935481,0.8050029008210469,-0.6306703711469561,-0.5791935253008852,-0.2045678131242338,-0.17819493493826075,0.24969489559996105,0.8142457527875524
1.0583267594811814,1.0428089588762677,-0.919933326197927,-0.8936535754762231,0.026308021293868725,-0.05822788804146409,0.14493201698902475,-0.2238583653839335
1.1820549878996776,2.4101192896357975,-0.7274998210292367,-0.608677290412112,-0.5146010764856858,1.3491184996846295,1.0400541853529748,0.6134249739325287
1.1810945997910822,1.5610401612720817,-0.36501492599257696,-0.3421674098465567,-0.4684259096020652,0.34777469317232135,0.17152228567767072,-0.20703824838611481
1.5778734121271618,1.037811536320758,-0.6872317944104255,-0.5993530159071236,-0.38267202824677,0.39778745065265586,0.802404389311249,1.1017210021141315
1.7286004902849432,1.1516822166979528,-0.8603398532064767,-0.8191980031910492,-0.5146010764856858,1.0464201428174777,0.24969489559996105,0.6988046461272325
1.5404498668977358,0.9485783910354286,-0.5944772154699995,-0.5155213759818105,-0.5146010764856858,1.3406902705879995,0.9436665609529048,0.5738849560534832
1.358384055621109,0.9727031823021989,-0.3575519151990528,-0.29688038762975905,-0.5146010764856858,0.8659149099958999,0.608681468399628,0.17551385605654635
1.5235574774592988,0.7898852966591687,-0.752834847418631,-0.7187476889000725,0.07907964058943497,0.7827763997679896,0.223898379574634,0.19618928562610016
1.3362612516731853,1.5696712613553991,-0.37429154712513696,-0.3330391442939134,0.1450441647088929,0.7734631716677647,0.3503882692524591,-0.025890830288459156
-0.8658330185673275,-0.7281092542600609,-1.4985895994537073,-1.4710696451570862,-0.5146010764856858,-0.04206344070506034,-0.2905913290163864,-0.34710988531808445
-0.30667823551203865,-0.42281666395241146,-0.7950319924097882,-0.7700145581737687,-0.5146010764856858,-0.06254619274097388,-0.05213394561117522,-0.2855169150795982
0.5679628636478673,0.47203957104689914,-0.5460973717511522,-0.5483152517786247,-0.5146010764856858,-0.2558791948439557,-0.10751327551383864,-0.46132882804278685
1.2401089253880895,1.037811536320758,0.7640925799219359,0.7583398562530277,0.36272709430310385,0.3226020964704768,0.11806619656814742,-0.12561749935932728
1.2799140097908654,2.1617865259297195,2.5691993827715405,2.6336627374627923,-0.5146010764856858,-2.243916389331164,-1.521766545054981,-1.3668587109916912
0.1325363090110747,-0.13011635965959936,-0.04061335929791879,0.026072799451626313,0.8046894059034715,0.8714144207639447,0.7180870888709185,0.2883213892225138
-0.1384296725770105,-0.31125350242024097,-0.31620770161903444,-0.24190250335084232,0.9366184541423872,0.8714144207639447,0.7180870888709185,0.2883213892225138
-0.668772962088146,-0.6662269594757283,-0.8732668151040904,-0.7906970122137046,1.860121791814797,0.8714144207639447,0.7180870888709185,0.2883213892225138
-0.7573917958941442,-0.72261423240998,-0.603144550498142,-0.5252003546234708,-0.052849407649480686,0.8714144207639447,0.7180870888709185,0.2883213892225138
1.4254755029902262,0.8508708129809004,-0.6311783031860013,-0.511474263230629,-0.1188139317689386,1.1433046107736713,1.114664470293514,0.8142457527875524
0.8436210621911359,0.3452910822400619,-0.8692662877726115,-0.7416298765485223,1.3324055988591346,1.1433046107736713,1.114664470293514,0.8142457527875524
1.2082945415770867,0.5869630195286457,-0.07759219455464143,0.030517277101513265,0.1450441647088929,1.1433046107736713,1.114664470293514,0.8142457527875524
-1.0322371157222612,-0.906811130931592,-0.5967494383217721,-0.5876613893209532,2.255908936531544,-0.19143695786518652,-0.049251756909367644,-0.20703824838611481
-0.06932493440918029,-0.2652209910577879,-0.8216865562900054,-0.7322714655126603,-0.09902457453310122,1.0552964718408027,0.802404389311249,0.4267990939669168
-0.5387480955225354,-0.5792170989206485,-0.44917303061754804,-0.3986624191410068,1.7281927435758817,0.858656569790659,0.4210204684723096,0.30035469378496804
-0.0072670255168647765,-0.22340327821224007,0.30289935196692425,0.3351286113712948,1.5302991712175078,0.858656569790659,0.4210204684723096,0.30035469378496804
1.0250177593299454,0.4661892961518001,-0.6573676305588233,-0.5745327400368717,-0.1583926462406133,0.7790529419409772,0.7605885074503572,0.5435409924661794
1.1315551875304752,0.5346244069943938,0.564960109736603,0.5745095993363952,1.2994233367994055,0.6974575214523772,0.19784259773877455,0.26396558802259107
0.034962295569632845,-0.1943318598586796,-0.20169911150062947,-0.15734453949047617,1.1345120265007607,0.7753270400981525,0.4709927342227765,0.2883213892225138
1.3055860056640203,1.8872988142904163,3.007729920264938,2.883010340580486,2.058015364173171,5.292122689485313,-0.7380947787099237,-6.860745253292049
-1.3745023693190792,-1.2625022620035353,-0.5028108151991629,-0.9646872911152847,-0.5146010764856858,-2.135521681107143,-3.012285075486178,-1.9903586492670653
-0.9428432668679153,-0.4612080408370591,-1.4854754205434624,-1.443287516384374,-0.5146010764856858,0.3768357375563513,0.11265946161526616,-0.09423071522014749
-1.5272429633059847,-1.4794380851148305,-1.078656884502382,-1.0807998964115388,-0.5146010764856858,-0.918879872707581,-0.6026743653192129,-0.7075535390183046
-0.7232970586531958,-0.7006987012524939,0.04227342227319326,-0.09702483266860877,-0.1188139317689386,-1.5323194739653094,-1.0154230441727845,-0.8926645356941446
0.45649610768945503,-0.30894386706831395,0.002644731264471793,0.05992421663168965,-0.5146010764856858,0.7538555139894899,0.6309350683009599,0.43778979225570736
-0.40350527904560446,-0.48791099335000504,-0.1699818865167845,-0.2368491397523128,0.8046894059034715,-0.7165700105031841,-0.7380947787099237,-0.6662864156545348
-0.3611628049033604,-0.45955959133650215,0.5846491435002963,0.5032137318889892,0.8046894059034715,-0.7165700105031841,-0.7380947787099237,-0.6662864156545348
-0.9150715175065556,-0.46842663161591547,-1.6912755295571331,-1.6500804745273314,-0.5146010764856858,0.27497326594829047,-0.012072002089875593,-0.0787767236001256
-0.352415748612004,-0.44873137554939024,-0.17932915278445802,-0.16966106691919325,0.6727603576645557,0.27497326594829047,-0.012072002089875593,-0.0787767236001256
-0.5145308988640367,-0.3326291743404573,-0.08788285158714942,-0.07267411352042978,1.0025829782618452,0.5626740591807323,0.14493201698902475,-0.06500101781718956
1.2835443834296287,2.194556841479021,2.513630416683929,2.460865816953718,-0.5146010764856858,-0.4629791033210215,-0.049251756909367644,1.4484548633925336
-0.7066472054579349,-0.40557846324550567,-0.8085745195996865,-0.7548539479879871,-0.1188139317689386,0.12232800960741723,0.3503882692524591,0.7531748936277433
-0.027557124735699403,-0.1873663035322221,-0.10350917502870148,-0.03765603866381967,-0.052849407649480686,0.12232800960741723,0.3503882692524591,0.7531748936277433
0.04867760357007685,-0.3416577982537358,0.29367203306708384,0.33320866137853844,0.4748667853061821,0.12232800960741723,0.3503882692524591,0.7531748936277433
-1.4025592515673713,-1.3090385439877952,-1.0282168288312783,-1.4622593092847334,-0.5146010764856858,-3.2475316245851165,-5.02585084782633,-2.754344253527323
0.02942674713082628,-0.19815339976358104,1.9873416765789536,1.4910893543987551,3.9446007539896657,-3.2475316245851165,-5.02585084782633,-2.754344253527323
-1.3214721425160356,-1.1885831323856826,-0.6086042177105465,-1.078185038166109,-0.5146010764856858,-3.4243931491395525,-5.316518135212689,-2.9195292133214537
-0.7345421249551002,-0.7361199459380023,-0.5835408950008044,-0.8375091938311363,-0.5146010764856858,-2.5435155064771116,-2.9392512749178765,-1.8830359890507167
-1.3817062852989552,-1.277451691375785,-0.8633497844249828,-1.3227723204562323,-0.18477845588839642,-3.3352735992572184,-5.272945202474473,-2.891581797897521
-1.2370177584280981,-1.070972109649922,-0.5111124075632479,-0.9789702353469973,-0.38267202824677,-3.3352735992572184,-5.272945202474473,-2.891581797897521
-1.2644378187447152,-1.1049667897330737,-0.18931019944550673,-0.6569824174976718,-0.2507429800078543,-3.3352735992572184,-5.272945202474473,-2.891581797897521
-1.2356517590245955,-1.0647083890404379,-1.188475451358411,-1.5278127351169883,-0.43676293802472543,-2.8280812073243093,-4.020908413469293,-2.3606989467020734
-0.974174650159328,-0.8704637794803821,-0.37200697024770035,-0.7459116563673984,0.7387248817840136,-3.0778512543832255,-3.974671011359587,-2.327332345763058
-0.6219614534881779,-0.6318765443130627,-0.3351799872197384,-0.34972492217042206,-0.5146010764856858,-0.3077394301759936,-0.24049260154689975,-0.33432584413050714
1.2357146018937042,0.6089679067119111,0.36389432369084207,0.13466919149426734,1.992050840053713,-2.72702517656086,-2.5422849487277692,-1.6249158896075928
1.0173037619381022,0.4606541047946399,1.5899709844749748,1.3356438244906603,1.7413856483997732,-2.72702517656086,-2.5422849487277692,-1.6249158896075928
-0.3441322275019554,-0.4223142519032946,-1.2029881338720694,-1.5576195674477133,-0.4737030715316219,-3.057679847664474,-4.193118351102318,-2.3948133632424393
-1.2343138694143159,-1.2042829806536564,-1.7380658186263773,-1.9084153076613661,-0.5146010764856858,-2.4391454543107747,-2.2777772737143382,-1.4929012781439936
-0.38538700539360254,-0.47634102912437915,-0.8011570795365718,-1.1722151372093401,-0.2507429800078543,-2.8157888966347513,-4.250732465915123,-2.5755120978631525
-0.49265114672223986,-0.5463139134405343,0.8406016485645422,0.4775766810478489,-0.5146010764856858,-2.7115040666980597,-3.8221253398459023,-2.2043805067139304
-0.39358470947113,-0.003016794943499918,0.29186343681287136,0.2354053037235595,0.725531976960122,-0.7701444311754098,-0.5919981863184592,-0.6173223810705172
-0.9531858253267089,-0.8533997496472469,-0.253056405831427,-0.4541834711904066,0.10546545023721814,-2.1996802859425073,-2.2845907558759153,-1.5363393905989657
0.6140174439152509,0.19171806656955545,2.86558861147661,2.589391794578242,1.2664410747396766,-2.1996802859425073,-2.2845907558759153,-1.5363393905989657
-0.1848397224625893,-0.3408289907698715,-0.6281992369526168,-0.6701592722345451,-0.1188139317689386,-1.1404077357828795,-0.7380947787099237,-0.7071515440392641
-0.15807462318464163,-0.32458555442751597,-0.3882506320815089,-0.5745327400368717,-0.0330600504136434,-2.370616518330853,-2.1516114298428546,-1.4216462925822857
-0.43982603767730466,-0.5120476927308382,0.13402361454439904,-0.06305212515352879,0.13844771229694708,-2.370616518330853,-2.1516114298428546,-1.4216462925822857
0.4859197022053375,0.10619667169896095,1.6503214961562145,1.4216906151395468,1.9458756731700924,-2.370616518330853,-2.1516114298428546,-1.4216462925822857
1.3947907292109982,1.0897749007485749,2.289500294737397,2.020664824885219,0.8706539300229292,-2.585469956545268,-2.4464564918438994,-1.5363393905989657
-0.47032406351774136,-0.5317511848988522,-0.05926457233966957,-0.28138655068133234,-0.052849407649480686,-2.5837858113753005,-1.964118055709764,-1.4093951308797714
-0.47919927121808187,-0.5376480929791264,0.10901336276810938,-0.04309962712880345,0.07907964058943497,-2.5837858113753005,-1.964118055709764,-1.4093951308797714
-0.3732066023832621,-0.46730801565722646,0.8166508194059097,0.5726868673493376,0.40890226118672435,-2.5837858113753005,-1.964118055709764,-1.4093951308797714
-0.6634697709686493,-0.6620051325658879,-1.0062535193685418,-0.9831047997109688,1.061951049969357,0.17953465392502552,0.11806619656814742,1.1648501990432059
1.271218464148949,2.188106618932749,3.447127352651713,3.3878475410269377,-0.2441465275959085,0.17953465392502552,0.11806619656814742,1.1648501990432059
0.10960531634851951,-0.14547358942807154,0.615970152029024,0.510726497878859,4.23484466011528,-1.5142291478398395,-1.0154230441727845,-0.5859016265021108
1.379113165823496,1.2222253607597462,1.2687543787189695,1.159144156600948,5.092383473668232,-1.3913692069534533,-0.8929185948959117,-0.5467085002374908
-0.2916057913277221,-0.4137961803715597,0.8824929453597556,0.7258714901017308,1.8997005062864718,-2.26775687483202,-1.5268549244514658,-1.24551413480955
0.05682348853925495,-0.1797233520463298,1.6304681986903202,1.458738197452923,2.150365697940412,-2.26775687483202,-1.5268549244514658,-1.24551413480955
-0.7985873024779575,-0.7522598956293142,-0.14812124969488197,-0.3728961043033094,-0.5146010764856858,-2.6328300391129487,-2.4977953668951582,-1.618640790561534
-0.7926045905180333,-0.7489821771485368,0.4884859962099049,0.2517788677401234,-0.5146010764856858,-2.6328300391129487,-2.4977953668951582,-1.618640790561534
-0.030487260303378574,-0.238400723006521,-0.09755688762704974,-0.21559302074266148,0.013115116469977142,-2.3029050444301538,-1.4220416168639718,-1.0621498510031586
-0.981263085263961,-0.8733760481092983,-0.0185563620662734,-0.2883089294151872,0.1450441647088929,-2.5652931180489453,-2.9853261309621186,-1.932110652047533
-1.3612505426412496,-1.2516275680613527,-0.6775863587756285,-0.933725629971876,0.6067958335450979,-2.5652931180489453,-2.9853261309621186,-1.932110652047533
1.3388877134392854,1.6244484863800337,0.9267404041813538,0.8977099587932077,2.856186106018611,0.23617051948462758,-0.049251756909367644,-0.2238583653839335
-0.3219652412573516,-0.43299251242690834,-0.23219557844943564,-0.38877780437197385,0.9366184541423872,-1.7418154363132718,-1.733519165854103,-1.2283507785351935
-0.5869128502902351,-0.6845102167323864,-0.9195072635645198,-1.0347088954250578,1.1345120265007607,-2.0444501793078422,-1.4764150363375832,-1.070642792790827
-0.19505115299342735,-0.34919119031125395,-0.09387912240653995,-0.22472542115095878,-0.5146010764856858,-2.0444501793078422,-1.4764150363375832,-1.070642792790827
-1.246080208996646,-1.0780298328925588,-1.3271851104561856,-1.3678207435158198,0.7387248817840136,-2.0291581138801233,-0.7721328405670884,-1.1185902244330423
-0.7459061888768628,-0.717532615401501,-0.5648670729230848,-0.6188682054790846,0.21100868882835072,-2.0291581138801233,-0.7721328405670884,-1.1185902244330423
-0.16470361966178748,-0.32858821261847526,1.2417904725018531,1.1471278224151082,1.5962636953369658,-2.0291581138801233,-0.7721328405670884,-1.1185902244330423
1.355159146232682,1.498325904920245,1.718182510920729,1.491709082968997,0.030265892741036218,-2.3771075553489114,-2.1386810864788908,-1.446886537189378
1.379113165823496,1.2624726840026859,2.7905603879623566,2.540755876736641,0.9168290969065498,-2.3771075553489114,-2.1386810864788908,-1.446886537189378
-0.10962005758821979,-0.2923145781627358,-0.2866730482412156,-0.2890909028126855,5.613503214211949,-0.06096963079396033,-0.07821885681676052,-0.1716737389742092
1.355159146232682,1.5000493889550635,2.5292809491848276,2.3969598175070232,0.9827936210260076,-1.7607198591398254,-0.8929185948959117,-0.7667907841037107
0.3445922942103335,0.012327147099315676,0.2190455914697556,0.031451984162056225,-0.1188139317689386,-2.426028380296545,-2.0251215401650295,-1.4431140319126472
0.27624993646646895,-0.034082015577038785,0.885188842241061,0.6837941227433388,0.21100868882835072,-2.426028380296545,-2.0251215401650295,-1.4431140319126472
-0.3691769765695354,-0.4650796343516287,0.43645374373213175,0.24433058139673441,0.2769732129478085,-2.426028380296545,-2.0251215401650295,-1.4431140319126472
-0.8991420187185633,-0.8199212680536567,-0.182443712739885,-0.36181625023003766,0.8706539300229292,-2.426028380296545,-2.0251215401650295,-1.4431140319126472
-1.2015138961728535,-1.0246184516082135,-0.616589777404511,-1.008005042329036,1.0025829782618452,-2.9524909422315466,-4.463104938114748,-3.303692211664864
-1.1256781130834708,-0.9679699492950958,0.35405257540771684,-0.05745288044018521,0.6067958335450979,-2.9524909422315466,-4.463104938114748,-3.303692211664864
-0.4571472844669954,-0.5246539207340957,-0.14913352451673945,-0.3047569075976617,1.5302991712175078,-2.3286047431281744,-1.733519165854103,-1.316642328827688
-1.1256781130834708,-0.9698019577107232,0.04857445791167197,-0.24604431277982708,-0.5146010764856858,-2.6362280704947243,-3.248562188556546,-2.0286207559754588
-0.15807462318464163,-0.32458555442751597,0.11084427546282534,0.024585058055427707,0.2044122364164049,-1.5928046662270097,-0.9331136398985959,-0.8926645356941446
0.20797096842592494,-0.2101337005072301,-0.8443761991575488,-0.952670956929445,-0.40246138548260735,-2.210707035289322,-1.3783871593550605,-0.9818342466134398
-1.1722318922721555,-1.0594652048252153,-1.3359281588436787,-1.519332808321852,-0.5146010764856858,-2.624343849382087,-2.4247615663268562,-1.6018206735637155
-0.38538700539360254,-0.4757707693787411,-0.10705442231283968,-0.31593401246511604,-0.5146010764856858,-2.624343849382087,-2.4247615663268562,-1.6018206735637155
1.4330116322984299,0.7844414280625666,1.1273659280373012,0.6350886051383158,2.308020910585916,-2.984927666230601,-5.208928901328878,-3.0672169795743423
1.4330116322984299,0.7770490768637253,2.3031472496124445,1.7873804150729302,0.07248318817748918,-2.984927666230601,-5.208928901328878,-3.0672169795743423
-0.30667823551203865,-0.42281666395241146,-0.9557410975705832,-1.1025665341181545,0.013115116469977142,-2.3431121204081373,-1.8462555565902412,-1.3481735963896935
-1.7530007109518242,-1.611694765874814,-1.96654605673179,-2.087230055474965,-0.5146010764856858,-2.3141343482974746,-1.8405007740491175,-1.2554740728516884
-0.3374730056059496,-0.4434196416451902,-0.8917175427642243,-1.1722151372093401,-0.052849407649480686,-2.663485799960337,-3.1705855295409857,-1.9957661331066217
-1.331279461996093,-1.0852075231650662,-0.9610992125066424,-1.1942463428317087,-0.5146010764856858,-2.5619372732844914,-2.787458479399104,-1.797930728135794
-0.5482097780445688,-0.5858210484528172,-0.12179035595674159,-0.37115335631250024,-0.5146010764856858,-2.5619372732844914,-2.787458479399104,-1.797930728135794
-0.4101702749583103,-0.49144471503805953,-0.49536569314337414,-0.5733723427324676,0.2835696653597543,-1.8045872432538825,-0.9739417036982861,-0.8158984331039533
-0.8290112641079226,-0.7701841684245354,-0.4926490647917571,-0.8597813638049366,-0.5146010764856858,-2.7512537979642695,-4.161967989259845,-2.5337538146388447
-1.070187849994131,-0.9345917988968782,-0.9548857024934356,-1.0713374563073665,-0.5146010764856858,-2.0154303895262813,-1.4714246046325268,-1.1185902244330423
-0.43982603767730466,-0.5108075236236818,-0.1656272418530624,-0.29688038762975905,-0.5146010764856858,-2.0154303895262813,-1.4714246046325268,-1.1185902244330423
-0.5108531760253703,-0.5600031924721011,0.3685108631190196,0.22614181689898302,-0.5146010764856858,-2.0154303895262813,-1.4714246046325268,-1.1185902244330423
-1.0248052935404872,-0.9036597933400677,-0.19398261313210585,-0.390654193751354,-0.09902457453310122,-2.0261046381455214,-2.2179134039755106,-1.5831175769747152
-0.38538700539360254,-0.4650796343516287,0.46231822227145014,0.37186233483783787,2.453802508889918,-1.444849500818163,-0.8929185948959117,-0.6505354462926373
0.8616701260329563,0.36160528013867793,1.754146266033441,1.6377728304345098,0.17802642676862174,-1.444849500818163,-0.8929185948959117,-0.6505354462926373
-0.13196041193279356,-0.3062651621707565,0.018071450923224396,-0.14903974417328322,0.21100868882835072,-2.6651937618368438,-2.4977953668951582,-1.575585115831196
0.12240515821768039,-0.13593747514241758,-0.17891935714157106,-0.3625036624768525,1.926086315934255,-2.556907223107102,-2.1130122780701637,-1.4318522905327327
-0.5154523009105331,-0.5618857162687583,-0.4640580737299152,-0.5595945516597762,-0.2507429800078543,-2.4342229988032145,-1.678937603112726,-1.1185902244330423
0.5476040734589055,0.14751334904637742,2.6736035457249927,2.5091465638423758,0.2769732129478085,-2.4342229988032145,-1.678937603112726,-1.1185902244330423
-0.6068003449308129,-0.6234658322462124,0.2978423041000877,0.18387109989477451,-0.052849407649480686,-2.4342229988032145,-1.678937603112726,-1.1185902244330423
0.10960531634851951,-0.014328469799356685,-0.9560544375478799,-1.0928094066816414,0.3974903985140581,-2.2326508826575555,-1.733519165854103,-1.2621504217123394
1.3388877134392854,1.6282074509549895,2.4878377008191004,2.289720525890193,0.44848097565839895,-2.2693498063013613,-1.6467318663441146,-1.171245498079085
-0.2767419689955323,-0.40317231840225026,-0.33956015976805975,-0.4944767922185324,-0.5146010764856858,-2.356038767050548,-1.8462555565902412,-1.2823569808188477
-1.151199218027746,-0.8912844819923538,-1.2386813919525372,-1.4659511832040644,-0.5089281274114124,-2.675452339183905,-2.795754577583272,-1.777612307792197
-0.6118303026947834,-0.6253294786332693,0.9502720099444495,0.7923916886989636,2.453802508889918,-2.0123842873583375,-1.521766545054981,-1.1185902244330423
-0.47919927121808187,-0.539632171542897,-0.38399321013491083,-0.50702800573107,-0.5146010764856858,-2.1464243813380897,-1.4318432484645838,-1.0327677933346817
-0.5293690488375105,-0.5727148395730601,0.25181278261707063,0.11616799426597813,-0.5146010764856858,-2.1464243813380897,-1.4318432484645838,-1.0327677933346817
0.2584624653089474,-0.04606375680016009,-0.6161426317984595,-0.8703030696279506,-0.28900240399713983,-2.370616518330853,-2.9410083257952016,-1.886057237346614
-0.43982603767730466,-0.5114271529020937,-0.19466178851112592,-0.4561443659269606,-0.30351459930342056,-2.370616518330853,-2.9410083257952016,-1.886057237346614
-1.0779416311108039,-0.93798360249337,-0.8722902280187691,-1.1202251838331052,-0.43544364754233633,-2.370616518330853,-2.9410083257952016,-1.886057237346614
-0.995581884320983,-0.8837301252942745,-0.13511957039485392,-0.3945029828449095,0.34293773706726643,-2.372238581852033,-2.897435393056985,-1.8462587586298582
1.1315551875304752,0.5393354562597507,1.647251655794663,1.4754163832753324,0.032904473705814515,-2.003255776272183,-1.521766545054981,-1.1185902244330423
-0.13196041193279356,-0.30550292861096234,-0.680603106795872,-0.886386076024169,0.8046894059034715,-2.210707035289322,-2.4977953668951582,-1.599188365116345
1.3140087470318138,1.8531554955794878,1.9163832801520788,1.7890075160913106,1.58966724292502,-2.003255776272183,-0.9904546797182301,-0.6283130793593078
1.271218464148949,2.210241295362483,3.156054053593739,3.004181848028862,1.431352385038321,-2.003255776272183,-0.9904546797182301,-0.6283130793593078
-0.804603531206328,-0.7562335847855793,-0.8078195986031413,-0.886386076024169,0.7519177866079052,-2.003255776272183,-0.9904546797182301,-0.6283130793593078
-0.4527907104624369,-0.5199205527943367,0.28998739702854887,0.19565312128287915,0.48805969013007366,-2.003255776272183,-0.9904546797182301,-0.6283130793593078
1.2447012151669763,2.472378753167437,3.2598135889969675,3.0334284684559347,1.9986472924656586,-2.2693498063013613,-1.8119169291457868,-1.2477328758439803
-0.717718375877456,-0.6958726226950624,-0.049697324573384445,-0.3799105025076654,0.013115116469977142,-3.1929050452630454,-3.1705855295409857,-1.905051604967046
-0.28414816400076515,-0.40799839695968176,0.5202659640122689,0.17590557781789057,0.1450441647088929,-3.1929050452630454,-3.1705855295409857,-1.905051604967046
-0.26208107208656006,-0.39368254201606884,0.10566823335058935,-0.014191381539571401,-0.5146010764856858,-1.8799487494711347,-1.326011065458097,-1.0014397351112916
0.14755605062038965,-0.12017996527570932,0.3247924625571146,0.12181276458256955,0.6067958335450979,-2.5134991608094253,-2.1516114298428546,-1.3901656489715615
0.10185153523184697,-0.15071933735237805,1.7396790139232043,1.5082390739346347,2.1239798882926286,-2.5134991608094253,-2.1516114298428546,-1.3901656489715615
0.0013127326580340717,-0.21810721933086963,0.0019990238381971635,-0.09998056531431433,0.2769732129478085,-1.8487962771021502,-1.2334109194091722,-0.9460807216779706
-0.15148629565344257,-0.3186518182345852,-0.640652736621961,-0.7571073581217695,3.291551965207032,-1.9052932410334975,-1.436266101633262,-1.0522868522806694
-0.9671326969305787,-0.8632697847511277,-1.0070057908426913,-1.0952360569376225,1.0685475023813027,-1.7374618035391436,-1.1883223312812454,-0.9460807216779706
1.3947907292109982,1.1071908649931381,2.5396041743767532,2.3228773992250225,-0.18477845588839642,-2.416210428145193,-1.8462555565902412,-1.3078018122429491
1.4025445103276715,1.06364632372266,2.206676325589324,1.9938350715776427,-0.323303956539258,-2.4243908752357886,-1.8462555565902412,-1.2789705387101582
1.3947907292109982,1.1071908649931381,2.751348570820538,2.528053889786838,0.09227254541332655,-2.4243908752357886,-1.8462555565902412,-1.2789705387101582
1.322365941109978,1.7390000347666248,-0.09920057493486371,-0.1554193461138979,-0.2507429800078543,-0.14303315775424727,0.03575679229395902,-0.46132882804278685
1.355159146232682,1.4586340861042137,0.5510429031336825,0.2947424249246134,-0.3008760183386423,-2.7153976011733,-2.730117439579469,-1.8961715941604007
1.4102427083062494,0.9692839204112882,0.21097018279715513,-0.039882828090700505,1.1734970602553605,-2.7153976011733,-2.730117439579469,-1.8961715941604007
-0.43553902991098475,-0.5101888022273214,-1.105157633420085,-1.3292928789536427,0.8508645727870918,-2.7153976011733,-2.730117439579469,-1.8961715941604007
0.04321248226214361,-0.1893860825398844,0.8915661685052931,0.6281639893434944,-0.15179619382866752,-2.7153976011733,-2.730117439579469,-1.8961715941604007
-0.7926045905180333,-0.7468110809651147,-0.35444085260277475,-0.491373597757992,0.40890226118672435,-2.0736190910437458,-1.599161201942099,-1.219268569121054
-0.47032406351774136,-0.5311010272993331,0.05598922268019985,-0.08823127328077834,0.6067958335450979,-2.0736190910437458,-1.599161201942099,-1.219268569121054
1.355159146232682,1.4557449269534408,1.288897213658808,1.0855878997964874,1.7941572676953392,-2.627736803011943,-1.9282527611807336,-1.4786339277155633
1.0050686899627483,0.45240881122823123,1.7677311914588532,1.3104646763634111,2.519767033009376,-2.961482566563344,-4.694439192737858,-2.81545568064366
-0.08464465240206437,-0.2757346613722778,-0.17510324921302292,-0.2639797106505198,2.7176606053677492,-1.8873912721758979,-1.0154230441727845,-0.7763866968938649
0.23121633529807767,-0.06373131929034008,0.6424469185634124,0.5303776993563151,2.38783798477046,-1.9262504793831492,-1.1004315933761113,-0.8910591936718872
-0.219262349590359,-0.3642357378903413,-0.02843003257200491,-0.13085883883657465,1.398370122978592,-1.8502758577839915,-1.144004526114328,-0.9191383351487238
1.2885397109386396,2.057770428485519,3.3113458840530017,3.170787704169092,0.5078490473659111,-1.2511704940337924,-0.8143511135281458,-0.6898505667354089
1.4254755029902262,0.8535729803676768,2.4138861355636188,2.1562245078241795,0.9234255493184955,-2.3253859104625443,-2.4392046592266605,-1.6102074997386346
-1.0322371157222612,-0.7075492360631848,-1.3315536924190625,-1.3970452891389737,-0.5146010764856858,-1.2872367652300718,-1.0154230441727845,-0.8926645356941446
-1.2925763897504268,-1.0594652048252153,-0.8015511546546152,-0.8774058118644102,-0.5146010764856858,-1.2872367652300718,-1.0154230441727845,-0.8926645356941446
-0.6902515584466783,-0.8547957088605757,-0.5469060644780417,-0.6701592722345451,-0.5146010764856858,-1.2872367652300718,-1.0154230441727845,-0.8926645356941446
1.5852019261922143,2.370082416133104,-1.155559881765935,-0.9872637569261425,-0.5146010764856858,1.5639719378990444,1.5688860591967175,0.6134249739325287
-0.030487260303378574,-0.2377515648810307,-0.7792045442517037,-0.8785667971958382,0.2044122364164049,-1.786999587808997,-1.2792975769508992,-0.9460807216779706
-0.5577555655139222,-0.5917792041217688,-0.16131868693042314,-0.29297488620955725,1.8799111490506344,-1.8963351993210158,-1.496473383748303,-1.0854647706587597
-0.4571472844669954,-0.5231211521638499,-0.10640507158875728,-0.2890909028126855,-0.18477845588839642,-2.1230870403105038,-1.9883474701081614,-1.3588308518237306
-1.0028135212063787,-0.8897627604267908,-0.2623999507753031,-0.4944767922185324,-0.5146010764856858,-2.4803327722463533,-2.650341038408842,-1.6571796869970363
-1.5017584076000023,-1.343180547230065,-0.20062927779424697,-0.5049205566181436,1.0685475023813027,-2.656659086866024,-3.3187703447358547,-2.085005168639228
-0.32969113083401075,-0.4376528852927054,0.3431566500716205,0.17269399502732016,-0.5146010764856858,-2.4522929095310904,-1.733519165854103,-1.235618942217586
1.4688059842254582,0.8393396833618819,-0.704552344020764,-0.636271953669295,-0.5146010764856858,0.6699963074369393,0.588488587229502,0.18070910034883725
0.15745376141562306,0.037737565315494555,-0.6611481939587381,-0.6757678508885733,1.1411084789127066,-0.7542629301671693,-0.319203215047734,-0.6438346059779003
1.3470542472383311,1.5277229255302205,2.4740453185928697,2.3952425421066246,3.786285896102967,-0.7542629301671693,-0.319203215047734,-0.6438346059779003
1.126472009912672,0.4543972898690778,-0.8624887592647993,-0.897315615936226,-0.5146010764856858,-0.7579239501287962,-0.5813657921802781,-0.6042374429050412
1.429852896999756,1.0432877743027444,-0.9090017391710165,-0.8040793487964506,-0.4268682594068067,0.3507879169467358,0.9436665609529048,0.7935820178247612
1.271218464148949,2.234195345307218,1.5051229101728583,1.562380018461071,3.849611839257646,0.3507879169467358,0.9436665609529048,0.7935820178247612
1.5480411043734965,1.6331485392902723,-0.6874121970657271,-0.5874247921704695,0.21100868882835072,1.2299690613930685,2.7504719922343903,0.8480739249401097
1.2340474190638226,1.3912750830441933,-0.277899422897329,-0.24772248442313885,0.7387248817840136,0.26478770560952897,0.223898379574634,0.03951228866179092
1.461451465976708,1.7195467216908684,-0.9326597582011803,-0.8459923431728904,-0.20984497505379043,0.8198772589917742,0.7351713580774533,0.15982088098363711
1.223868252620455,0.8814111013525212,-0.3016690290936597,-0.30317454733001065,1.7941572676953392,-0.0733563488432682,0.19784259773877455,-0.27546348024390227
1.3388877134392854,1.6282009703810696,2.717667299626603,2.615028845419382,2.058015364173171,0.024222982916776034,0.007729184504206895,-0.33126995424428257
1.1220246280207102,0.3746940354758074,-0.60383851103518,-0.6326053155232134,-0.3167075041273122,-0.49552209071530734,-0.45369721256614204,-0.5698843888909016
1.1800279082017422,0.5693416017787096,-0.7563073257686623,-0.770167822921247,-0.052849407649480686,-0.3892883482809126,-0.3320216761200415,-0.45540968215255206
1.1175190452633321,2.040210258794671,-0.5930281963127728,-0.4930269346712422,2.8970841109726746,1.0375299119419181,0.9632329064335282,0.43778979225570736
1.0181881713101488,1.9477180527413427,-0.9157852170195993,-0.9408560233284105,-0.415654290306499,-0.825464523897757,-0.5012678769681577,-0.6195141814492564
1.2835443834296287,1.7799416076973338,-0.7426535291408262,-0.7060380681312197,1.0025829782618452,0.28514058239347,0.7815807555080889,0.22668523246079825
1.3215623011617044,1.4932677888530224,-0.8626142037337451,-0.8442875268565103,-0.38267202824677,-0.013082928885785623,0.5407510719798126,0.09537929645992647
1.507983446876824,1.4227070353586062,-1.3300041761227919,-1.2525391404982704,0.18462287918056755,0.5983536494090004,0.5407510719798126,0.21785351626452543
1.4532242016103454,0.9899554076300703,-0.8417099006282897,-0.7622419140070446,-0.052849407649480686,1.0312984553800661,1.0400541853529748,0.4267990939669168
1.3074628336045675,0.873325475642426,-0.8009317015193432,-0.760879123156406,-0.36288267101093263,0.21461255228928328,0.25482353915234907,-0.19205743211961998
0.6752956703471612,-0.011508078518645168,-0.7300181279813294,-0.7476910629577534,0.2769732129478085,-0.25699670862918383,0.5177062227299745,-0.27546348024390227
1.1924399780275199,0.9095634957419764,-0.88912496674246,-0.8685385100001014,-0.5146010764856858,0.0018859548220162047,-0.0035672537184198248,-0.2848125760766689
1.3779280702248624,0.9136220500706603,-0.8559388759786499,-0.811029415808642,-0.1781820034764507,0.3778351937177049,0.28791468072022847,0.08574940831018488
1.3400781739738443,1.0574558818709192,-0.5854495463115853,-0.5080840976188534,0.07907964058943497,0.77066622100574,1.187187478136243,0.3358941703336624
1.105025161122352,0.9295271729738361,-0.9117328932091349,-0.8925586626960522,-0.5146010764856858,-0.13974788057925985,0.37496218281690186,-0.27546348024390227
1.5630608459828115,1.032754262971091,-0.9267097858571671,-0.8358247457100785,-0.2507429800078543,0.9695052480908661,1.360086765244704,0.34755863430792
1.2640184997089796,1.4576114053296694,-0.6497566205867348,-0.5710572628085814,1.1345120265007607,0.7501130307461318,0.9239514205418156,0.43778979225570736
1.9050464032583942,0.9485805075423313,-1.0552837649933031,-0.9837270812313674,0.5342348570136942,0.6898952738676433,0.5453355620697135,0.4123915118547061
1.832116965702922,1.0762268511480706,-0.8249529459524172,-0.711940720348461,-0.5146010764856858,1.095949754379756,1.7763990576769169,0.8227735347554613
1.3645787199794517,1.619424879363536,-0.6086874675143424,-0.4971773217160094,2.3350663654748938,1.092426221520658,1.0813552951297565,0.5838666646078473
1.479338412862193,1.1344461324979496,-0.801734956630274,-0.7143440116474545,-0.38267202824677,0.7790529419409772,0.7732042426626988,0.4862889243179884
1.434054455152537,1.3708048623877456,-1.2867275718899995,-1.2257093871906948,-0.09902457453310122,0.3175541537156243,0.3005304159325704,-0.0023131259990140525
1.3473796203719555,1.1773576950184235,-0.9289627048043773,-0.9065548203168092,-0.13200683659283013,0.19503692460812969,0.032967627452304554,-0.2632648623559121
0.9648364061699177,0.5537991051365442,-0.6860957803636156,-0.679531847949119,-0.07263876488531806,0.016815468886044883,-0.08989693273534739,-0.18544632465916253
1.656543314298269,0.8950044516327479,-0.8154620565702737,-0.6986593330882082,-0.5146010764856858,1.0818424808776455,1.1036088950310883,0.6755644221850382
1.4315086313262686,0.9429365457799309,-0.8864549373579304,-0.7952884478486578,-0.5146010764856858,0.5549299771423304,0.7982530217784753,0.6481535927839485
1.6211233115457446,0.8014985049621978,-0.7054193087412776,-0.5733723427324676,-0.5146010764856858,0.7641346383378218,0.3005304159325704,0.9452689612430276
1.9423566478055125,1.1848935389008917,-0.9470340657195468,-0.824476015330375,-0.5146010764856858,1.0464201428174777,2.6608939594631513,1.0292213430377655
1.4366102752168513,1.129602847625656,-0.6859410963054583,-0.6127114746131208,-0.5146010764856858,0.44044878645792945,0.6486014294750279,0.5838666646078473
1.3814794407859847,0.9372349932679158,-0.8449530153689585,-0.7949708352263674,-0.5146010764856858,0.3908121353228532,0.3005304159325704,0.05367243821493292
1.4042428550440114,0.670507649342188,-0.7225182409070496,-0.701434695740971,-0.22435717036007116,-0.020582199350175367,0.06899479205461068,-0.14316013049850276
1.3306586002270746,1.6968309753640913,1.8266916435820633,1.7958811010652769,2.7440464150155326,-0.020582199350175367,0.06899479205461068,-0.14316013049850276
1.5525668409114874,1.0631568898610797,-0.8752118617449951,-0.7823822649292504,-0.1913749083003422,0.9928686960798784,0.8210037167793728,0.3579807715605124
1.4398984710252436,0.8127663679973608,-0.7047856922288572,-0.6102637596426341,0.29676257018364594,0.8013571405933319,0.8719791787323203,0.4443463211290453
1.6694739737006155,1.4443846374976677,-0.9474795923155397,-0.8048839844314061,-0.5146010764856858,1.416097580673692,2.291458490140191,1.0366286817425396
1.3761788512603919,1.1029058657183515,-0.9304998035783103,-0.8557893187466361,-0.5146010764856858,0.6509798365403134,0.3255791950483469,0.10903145164825394
1.4432652985293142,1.2381643602180674,-0.8762837315288743,-0.7808243831830589,0.24399095088807968,0.9478533035157074,0.8496733601196664,0.7424550950994215
1.3717302294376035,0.6127644761581489,-0.7318915729944655,-0.7053386522555607,-0.052849407649480686,0.14632096250843116,0.12076534149728542,-0.07110816783477716
1.1810945997910822,1.026604485191023,-0.9365429023299298,-0.9246408886279736,-0.2045678131242338,-0.19917576104576415,-0.08697247842608101,-0.23574402052803
1.4679915025638814,1.2781272258702776,-1.0992887458127776,-1.0349320133896514,0.36932354671504963,0.6471688855722315,0.4544421086632582,0.2254266915870889
1.1095852275041986,0.995548565921541,-0.7819941397463651,-0.8482147860570266,-0.02646359800169761,-1.0845332583426779,-0.9129382192430205,-0.7985299713235336
1.47286730338428,0.8929002320794261,-0.8098936369313298,-0.765736618367548,0.6067958335450979,0.5004235517872753,0.29549148631855376,0.08850702699921856
1.6140348764411117,1.4649876151904464,-0.9300972698266194,-0.8291269166707287,1.398370122978592,1.2006513625243123,1.132986302523457,0.5229703402300948
1.7662866975971498,1.2565271348984555,-0.9896153364776367,-0.8580429135940522,-0.5146010764856858,0.9928686960798784,2.8652890640374755,0.8729606661872846
1.4793365636243159,0.6938611832195773,-0.7557026185811155,-0.7120818638474307,-0.0330600504136434,0.7622670906145306,0.3030462128017627,0.5838666646078473
1.296046591997982,1.293766796722577,-0.7406220377073646,-0.7022694397144694,-0.3167075041273122,0.37583610538792356,0.24455608624597253,0.086853055340615
1.592484440498694,1.2286745838318858,-0.7753304140824038,-0.678319798585817,-0.5146010764856858,1.2041083731389226,1.7333089498717018,0.6708734936651752
1.696812722495407,0.8770178470758,-0.6703884504455796,-0.5508935559448073,1.1345120265007607,0.8860537873660423,1.160228533612184,1.1346386132146224
1.0571310315245275,1.1348437105583207,-1.1140223348033111,-1.068991559955277,0.23079804606418808,0.2841246698621229,0.23424780836978623,-0.16090729082585117
1.247135860676269,0.9961017121921494,-0.9557930684436575,-0.9099108017036037,0.15164061712083868,0.3266372210432656,0.28285114694210095,0.17551385605654635
1.2922146728858548,0.9054647804509613,-0.8385042692081438,-0.8185410215934048,-0.05944586006142647,0.09087966737551322,0.021780863729189238,-0.11597575474081143
1.7432028801318256,0.8814089848456186,-0.7564930559816923,-0.6586815442389232,0.15164061712083868,1.1056282072849761,0.9000936282146881,0.7752682437283444
1.6835627826621433,0.8620419060715219,-0.9630820094961082,-0.8611752173549446,1.4907204567458332,0.5665421419564741,0.8980955329556605,0.7134943147716333
1.6694739737006155,1.008138451608673,-0.8999004603092806,-0.8073034166310197,0.07907964058943497,0.6908411059540988,0.8127538181064009,0.8982565354115513
1.9884957677985458,0.7742432374573862,-0.6688570342708481,-0.5257419921478111,-0.5146010764856858,1.2642677231695405,1.6449187362940354,1.4026708076341445
1.2461364099822916,0.9750566992088714,-1.023254296773,-1.0722780050836491,-0.2441465275959085,-0.9339700311392448,-0.7816677114481402,-0.6728598675943961
1.726042399842367,1.6499937411065784,-0.671172976927117,-0.5203442536527518,-0.5146010764856858,1.8748049038660317,1.5190282058768287,0.9342441477108994
1.6140348764411117,1.3689271554408828,-1.0432204340876852,-0.903029643116362,-0.5146010764856858,1.0455317460312925,1.3767590315150902,0.9916341222194069
1.8436643244823496,1.9196660497141225,-0.938161302718125,-0.7490285717028813,-0.5146010764856858,2.6325920741766327,1.8742419324493307,0.8795289831749723
1.5328083096895202,1.2156804115868551,-0.8833556779197744,-0.7861352881855176,-0.5146010764856858,0.8750778034362662,0.8435564989172806,0.6231515571866996
1.5274253710036676,0.989391995568545,-0.7667109290209064,-0.6718904973687951,0.03950092611776031,1.0107753710359408,0.8659147818845954,0.3797514828109654
1.4548663937262445,1.372338021505317,-0.8288374383872318,-0.7949708352263674,0.2769732129478085,0.5646084300475505,0.18734651672075828,-0.006706217359993511
1.1376551480641337,0.8401432559687323,-0.8478119644238761,-0.7869196892937669,2.790221581899153,0.5742704089824202,0.473348507642717,0.08850702699921856
1.6819161033049916,1.032754262971091,-0.8053698993710462,-0.701434695740971,1.7281927435758817,1.1980572222154413,0.9632329064335282,0.5937833452834377
0.7765646997793912,1.4793644004101145,-0.8731137869089411,-0.7997501159274903,0.0460973785297061,1.017029385798767,0.608681468399628,0.17551385605654635
1.3779524173436333,0.853575096877026,-0.8884193085554043,-0.8585639986515958,0.6793568100765015,0.21872514892180817,0.12346167920290183,-0.24600611624901275
1.2125585892467803,1.1404021871960766,-0.9342533669363261,-0.9019200817069432,0.42209516601061575,0.033829827832809474,0.13690146290581703,-0.16904309373172519
1.2786960951977997,1.4385866890579204,-1.1547604915508531,-1.1424842947971632,0.3165519274194833,-0.0034555448228540024,-0.13416428831781813,-0.1870964116500554
1.4532242016103454,1.6117468991629966,-0.9483804624008184,-0.9151631819602932,-0.5146010764856858,0.43550460771687094,0.14493201698902475,0.26150843639939786
0.9005132942956086,1.2343940023358293,-0.08452085691829725,-0.033331232441117506,-0.323303956539258,0.5413523596056826,0.5430443303958258,0.06909795584810323
1.4769170048029094,1.3997866366503564,-1.507527824772122,-1.4553380868055352,0.5804100238973148,0.2973173720191421,0.3180899405279004,-0.03333439084239501
1.2950898935365935,1.244372315592957,-1.2771395083646266,-1.2534512922795142,-0.5146010764856858,-0.09395253563690456,-0.037754937756802075,-0.2650015483401163
1.1197751259656084,1.5370747363926718,-0.6776460611729251,-0.7077195029254085,0.00651866405803135,-0.5741586329030148,-0.4910004240617811,-0.6305207738725238
1.8379061658109281,1.2741245676793183,-1.0529442072565813,-0.9837270812313674,0.23739449847613386,0.47690247702621186,0.5200199475334847,0.21278371940475962
1.5289661087418627,1.4557470434603434,-1.2791409903416606,-1.2345396638598345,-0.5146010764856858,0.8059928380773838,0.39930535200219186,0.10903145164825394
1.4196622820530191,0.9047785882804068,-0.7228057081399278,-0.6886209877412632,0.6463745480167725,0.41270575425581707,0.20829635573453875,0.09125965903329145
1.7724408348937477,0.9295271729738361,-0.8493292499604744,-0.7496238355788674,1.1015297644410318,0.7557258307292206,0.9020901847017039,1.0217777824838297
1.6068993417544748,0.8433423415528416,-0.6864417251250455,-0.5699025677047894,3.3179377748548156,1.0889005001316965,1.1238415718063286,0.7796486930823223
1.3618838778643947,0.943583084986822,-0.8672893077183351,-0.8458216758912804,0.8178823107273631,0.19297239967039018,0.032967627452304554,-0.1870964116500554
1.4119640840744407,0.9314716611870175,-0.6896776700951303,-0.6472589363969046,0.5276384046017484,0.36783270433878545,0.3055595707012381,0.043774181599957544
1.5181599705425428,1.1403849060175404,-0.8149232805340418,-0.7327073768137288,-0.5146010764856858,1.0116692236877782,0.7159436175042867,0.45304465965541274
1.34465768632658,0.9644253810637162,-0.8683051167703767,-0.8087590718067937,0.11865835506110972,0.6347655952690033,0.4544421086632582,0.026654543607590734
1.7027241226012846,1.0574558818709192,-0.8384713092926213,-0.7429559237216927,1.0223723354976824,0.7360567018455613,0.8537432643625072,0.889328620668771
1.4102458532769864,1.0762268511480706,-0.9263590747641963,-0.864321501193811,2.592328009540779,0.39778745065265586,0.46863481821643743,0.07744645081499363
1.3937840655322193,1.1856026528835988,-0.9734886045322788,-0.918371325753265,0.013115116469977142,0.3568095701851336,0.3798491370825441,-0.030352597332535255
1.5555772336817002,1.085757425300331,-1.0651717781800303,-1.0333716685873064,0.19781578400445912,0.06981689273111605,0.10452815812691812,-0.09423071522014749
1.5808115644916079,1.1960989002422218,-1.1349861552552247,-1.0260619221148946,1.5039133615697247,0.9659023211189149,0.9377677450513584,0.4841659043085221
1.3240296037499286,1.6047152926641535,-0.7367898279765173,-0.679531847949119,0.17802642676862174,0.6414476575518007,0.4709927342227765,0.08160359067699043
0.6335858056377751,0.13486361728766796,-0.7191475816819956,-0.7236093716402668,-0.5146010764856858,0.0125538986755632,-0.21887520495434548,-0.2632648623559121
0.6476698634987696,0.011957806936417556,-0.7143540201701929,-0.7061780346169865,-0.5146010764856858,0.4295659031608138,-0.07821885681676052,0.08850702699921856
1.655880197005787,0.9163299339889127,-0.6926290600797066,-0.5818874967899782,1.2994233367994055,1.2058360892544535,1.0570296961548682,0.6718128365521511
1.1927218029915596,1.2296150486535058,-0.9797073605009567,-0.9389059772626411,-0.42884719513039055,0.09403235351806206,0.22648961264418532,-0.18215150713893996
1.6626985946371449,1.3072613478066202,-0.8549000574409448,-0.7116585181015982,1.5434920760413995,1.1082649238704745,1.378420376314178,1.1776744260669914
1.4777247476159523,2.070904142963754,-0.7346724145727169,-0.6029711994014253,1.992050840053713,1.0765432012765812,1.2681555724881648,0.7531748936277433
1.5328083096895202,1.3780087372303007,-1.0245722187676636,-0.9255957055195093,0.9959865258498992,0.7454314541890156,0.8496733601196664,0.5332904143359085
1.3492177527084266,0.544219445354894,-0.7128395753882557,-0.7191753147568306,0.6265851907809351,-0.23468812714011927,-0.2373933441900429,-0.3804847810876971
1.2411158584382445,0.8665928343597912,-0.9382354720797769,-0.9332811586199331,1.3258091464471886,-0.2558791948439557,-0.1671142560288904,-0.316247186258979
1.44159646521863,0.9608212856937277,-0.7353623143005248,-0.642638879205215,1.0685475023813027,1.0994711014242813,0.8476360095470301,0.3533575178925162
1.0619004533592284,0.37056686185799736,-0.6756626208474987,-0.6613036086465498,3.172815821792009,0.18987420369404673,-0.0007385262471028081,-0.30550216446607514
1.290295423296794,0.690444031848634,-0.7667117755596076,-0.8226572379087228,0.06588673576554338,-0.9289355197194291,-0.7989193508798096,-0.7043034430145735
0.9318402619134541,0.5140439485936921,-0.8748018403358813,-0.91047168851472,0.5540242142495316,-0.8863215013831638,-0.5994668927494782,-0.5737106291125548
0.8837986530686359,0.6717250767709041,-0.7399193342984909,-0.7831624987701055,-0.04625295523753498,-1.0651708362020447,-0.651995633485357,-0.6114202357137583
1.0725919084299134,0.5034712741834227,-0.6735408799356539,-0.6543763472348051,-0.3892684806587158,-0.01094209866854175,0.05242905856434527,-0.27371482399181846
1.3027215719546457,0.7138171193080548,-0.778238526435806,-0.7047796187581835,2.88916836807834,0.6794807060573607,0.6264996036257992,0.10494864607131377
1.5404517157591442,0.9999703579210734,-0.8426218116646653,-0.7640630763630877,1.6622282194564237,0.4552555366683188,0.6683332424701965,0.491583556090915
1.5189115720236774,1.4519934429454155,-1.2727227857194767,-1.2004276125960562,1.1081262168529775,0.6984020944229837,0.4967892502481032,0.004980635440480921
1.4857689351865195,0.8921932346080794,-0.7752311835408054,-0.7469490976190241,1.6622282194564237,0.34174344282229674,0.12884595625818066,0.08298678486579458
1.1874597299181173,0.9916390309947056,-0.9745020515305927,-0.923496812850891,-0.5146010764856858,0.31856410145492065,0.3503882692524591,0.2516399733104074
1.4119640840744407,1.0766855989145026,-0.7334665526266205,-0.6554176195116455,0.09227254541332655,0.8878810564157028,0.6868319501251418,0.11716435665862641
1.733703983012667,0.8971322064364599,-0.7198946131826969,-0.5776753874421761,-0.3892684806587158,1.1746564556064663,1.3982739140812461,1.1374075182073669
1.3112408287739745,1.5955566334421383,-1.0124741844294283,-0.9640815847598913,-0.32990040895120376,0.2841246698621229,0.29044274378769985,-0.12561749935932728
1.2689333550580966,1.123919020497747,-0.7318837581750782,-0.6068511745392494,0.5936029287212063,1.7041373618913145,1.206780709953679,0.4841659043085221
1.2989134331438343,1.0203638207112806,-0.6119170837098661,-0.5696718554778083,0.33634128465532065,0.36783270433878545,0.32058876334329045,-0.009642004383868544
1.271218464148949,2.184697780174272,2.061260121752582,2.0476377827058077,0.032904473705814515,0.36783270433878545,0.32058876334329045,-0.009642004383868544
1.169322848423001,0.6289581203026487,-0.8460152791029246,-0.9383220137859927,-0.5146010764856858,-2.018478127185396,-1.2152812758053049,-0.9191383351487238
1.3243601160815652,0.9372519727300926,-0.8131710672171958,-0.7536550681016637,0.7453213341959594,0.3858245141832879,0.4639125428301753,0.5125798213872419
1.3627829101641278,1.6282095674618917,-0.43577495740282074,-0.3880643010689073,0.09227254541332655,0.23821939561361813,0.4138022870940886,0.711665839957135
1.228969896511037,0.3849640726013938,-0.8530497999778751,-0.8403820254363085,1.4511417422741584,0.10767379576104116,-0.06079978700664068,-0.16904309373172519
1.3735129979609515,1.09419880925501,-0.8864366154480144,-0.8639712198433744,0.3825164515389412,0.3246200173071326,0.038542959644609937,0.03951228866179092
1.7279629261711844,1.09419880925501,-0.6591009775759441,-0.5195918576946541,0.4814632377181279,1.190267680506104,1.3833980325062103,1.075296886225718
1.6076150325635774,1.0281503463834223,-0.8788807510986986,-0.7859785126476202,-0.10562102694504702,0.9451409941925829,0.816882049026878,0.34755863430792
1.541213072770341,1.8180552150705545,-0.8733066684780084,-0.752757244329379,-0.09242812212115543,1.252286751202897,1.1165024912639856,0.8655372724989635
1.7317937055697676,1.2683398569792694,-1.1943294911998315,-1.0638579038774572,-0.13860328900477592,1.2248063404789855,1.160228533612184,0.492640276091728
1.395528816556647,1.2189666326656148,-0.8097612902660114,-0.7012956677939179,-0.2771287896556375,0.8263450514675729,1.0038477601117726,0.7866312975283515
1.110722224983954,0.879221240209091,-1.0387751863541814,-1.0234225135902968,2.908957725314177,-0.19254185543631522,-0.07239948631439182,-0.2606635428392637
0.5545468214379762,0.21609789637657334,-0.8666505700686753,-0.8664268522955397,0.6067958335450979,-0.36303768144408627,-0.2004884011444165,-0.37487123409877454
1.5204645643685275,2.1912959968779875,-1.1175861777485263,-0.9365730202411979,0.6727603576645557,2.2720638631709513,1.718784942864113,0.8982565354115513
1.1969418232108566,0.6915868668559783,-0.7825408859577029,-0.9149749215230016,-0.5146010764856858,-2.526820167224938,-1.6461984791453894,-1.186130385165169
0.8222679281550004,0.23468522691307486,-0.46683665779542527,-0.5100208522573805,-0.42884719513039055,-0.7504823551304705,-0.5880945769062693,-0.5605716478857914
1.205297168000962,1.2712400012263825,-1.1590724355752415,-1.2333558832235538,-0.22435717036007116,-1.938411166178915,-1.0961143093305128,-0.9037275043064591
1.0390617210583732,0.8110643571056222,-0.9304713054695835,-1.009682399328392,-0.09242812212115543,-1.9181578041548892,-1.0930964825506015,-0.8801188182492886
1.253124133321761,1.519609607144636,-1.1042020980253133,-1.1566623611527111,-0.10562102694504702,-1.589977064049614,-0.8454929711087908,-0.7767295739463984
1.3354772003934972,1.2456034455557614,-0.8815983384320507,-0.9414420905950189,-0.21776071794812538,-1.5127648883002311,-0.873052379139058,-0.7361734331243905
1.0256167987303888,0.2751161888966648,-0.8100728027101347,-0.7598209931361993,1.9656650304059298,0.3768357375563513,0.3651605512162899,0.0621057290378324
1.3986746177819334,1.0363007036626999,-1.110759538598955,-1.0436891595848166,-0.019867145589751816,0.29630363663762155,0.4709927342227765,0.6134249739325287
1.3869805564636084,1.1884251440820437,2.725931844863711,2.676471644371124,2.255908936531544,0.11081717078575377,0.06348463382677073,-0.03647157308053814
1.3711877127347034,1.312539882506631,1.0055359796627654,1.128710313819424,0.07907964058943497,-0.4710973759840148,2.360596679952575,3.4506346607395955
1.3869805564636084,1.1988522733003255,1.4317536076796704,1.4416558412958482,1.992050840053713,0.2289936235992502,0.42342206982076086,-0.003776081517713554
0.38519803953772636,0.03942330518879684,0.45227609224908727,0.4773155433514938,-0.1781820034764507,0.6041184548338014,0.37496218281690186,0.09400732241478275
0.35488857652919936,0.018736200136945203,0.8856754488147127,0.9018697622758244,0.27037676053586274,0.6041184548338014,0.37496218281690186,0.09400732241478275
0.9824595597390814,0.43731229081908574,2.2717682518771887,2.259318986789584,0.11206190264916392,0.6041184548338014,0.37496218281690186,0.09400732241478275
1.1114818176805523,0.5260364013762913,0.6193122202827184,0.55184964973059,0.21100868882835072,-0.22467779804761726,-1.2334109194091722,-0.29306142306346894
0.8705821607431017,0.3631798989567071,0.03411433472006778,0.06322164223815388,0.2769732129478085,0.35279584454239166,0.37496218281690186,0.2516399733104074
1.4254755029902262,0.734935383553449,-0.7439012643705324,-0.7112354264394538,-0.5146010764856858,-0.014153646846844233,-0.48758695619504183,-0.365561082139835
1.322365941109978,1.7859680931458346,0.9042195389495219,0.9259113675121593,-0.18477845588839642,-0.5895434742396444,1.187187478136243,3.486523280246365
1.2970966806697488,1.9979001223817343,1.7719061164052257,1.8188402273208357,0.8706539300229292,-0.6431230029078782,3.2474889881498092,3.4138794319968264
1.3388877134392854,0.6780978505978661,2.4338488313714963,2.390757948737842,0.21100868882835072,0.12859682443972825,0.09091905354157294,-0.123259908115836
1.3140087470318138,1.8456527233478965,1.230984919730199,1.4349738841272448,0.21100868882835072,-0.35734704311912735,2.515090888551792,3.2119453487665806
1.3947907292109982,1.09419880925501,-0.5247631604455636,-0.3737690966170442,-0.2705323372436917,-0.36303768144408627,1.5378374429428556,2.24285635011771
0.46946823804604926,0.094616294044728,0.4335086542614157,0.42332367210606664,-0.5146010764856858,-0.069029815666018,-0.3546076301619808,-0.25806666117438565
1.417886114375874,0.909554923672684,-0.694934070139268,-0.7140608458660817,0.0526938309416518,-0.3267157898441883,-0.3741248751895719,-0.5425323519389827
1.355159146232682,0.6858125695845364,-0.5718174259421855,-0.47404228309588314,0.07907964058943497,1.1336902388099444,0.9729609796499826,0.6338247516097987
1.3470542472383311,1.5595793998693412,2.2051009684081815,2.235786964649923,1.5302991712175078,0.7566607580563364,0.8638901597822777,1.150491469786151
-0.12552988960846723,-0.3013350616205662,0.8783240274291317,0.8202327063968559,0.7387248817840136,-0.5871738598225417,-0.45369721256614204,-0.49508407914406033
0.9593641745742058,0.42195506105061353,0.5078070919949826,0.4707554624794942,0.29676257018364594,-0.40073965588400234,-0.2905913290163864,-0.4416871993936958
-0.021720729830202932,-0.23195361644128362,-0.15964470601034064,-0.18286259885499964,1.398370122978592,-0.40073965588400234,-0.2905913290163864,-0.4416871993936958
1.379113165823496,1.2789800244316856,1.9075647657189845,1.8927236180974205,0.356130641891158,-0.4467773068881281,0.24969489559996105,0.9686280656648044
1.3140087470318138,1.8358170358625412,1.1191950624842295,1.1640911327148202,-0.2045678131242338,-0.6515032382749928,0.7394248922067705,3.6031263122343815
0.39511402891341046,0.04487707790870427,-0.31656906756128966,-0.2890909028126855,2.486784770949647,0.36883374679861747,0.24969489559996105,0.3051295579387454
1.2357146018937042,2.4951552098946057,3.977549480616353,3.921462583638523,0.3165519274194833,0.36883374679861747,0.24969489559996105,0.3051295579387454
1.417886114375874,0.9229779907871404,2.3148277940316846,2.259110455149771,-0.5146010764856858,0.48867519729257736,-0.07821885681676052,-0.15766510621348245
1.2885397109386396,2.0837642576673856,2.097955075777741,2.0889157568767107,2.6516960812482915,0.5684751953563022,0.3503882692524591,0.010790585623647524
1.2799140097908654,2.1390945155879777,2.19728548032471,2.2507181988524074,0.7057426197242846,0.204318006026022,1.0776277194045394,1.4257349625113065
-0.46591381494017114,-0.2515979619914447,-0.33962194770713033,-0.29141872398103913,0.09886899782527234,0.9901778160798598,0.44969388669447335,0.3312032418137993
0.15498787280216336,-0.1723793300588165,0.03970151795004103,0.07994039904864654,0.9366184541423872,0.9901778160798598,0.44969388669447335,0.3312032418137993
1.3947907292109982,1.0852940156832542,1.8870985742303281,1.8944750257144622,0.4748667853061821,0.8915338308363108,0.4944546904593177,0.08160359067699043
1.2536132498771215,2.352576187948162,2.5104645850421297,2.4577257618587347,3.251973250735358,0.050793340655379104,-0.07821885681676052,-0.20703824838611481
1.3140087470318138,1.8495678560383817,1.9271847299571638,1.906958324527488,0.17142997435667595,0.33872541284225355,0.19784259773877455,0.8836819313439956
1.0050686899627483,0.45239004880665334,0.43567048497346816,0.4749609407433049,-0.18477845588839642,0.49357330032644825,0.5177062227299745,0.17446356258827186
0.23809294803322345,-0.05869121997313702,-0.026943038731685742,0.018101647910598075,1.7281927435758817,0.45024530793923934,0.48325463265546936,0.17446356258827186
1.1414528983257088,0.544200966355761,-0.2763558138978737,-0.20864773103336123,2.981518701845581,0.9258734629701451,0.7394248922067705,0.22245240305151753
1.3388877134392854,1.5753538997087921,2.4179154251680037,2.3228773992250225,2.915554177726123,-0.8738112310544214,-0.556725146007426,-0.687812101797916
-0.9090702313676454,-0.8251026493476321,-0.7824849039246291,-0.7812913863159042,-0.21776071794812538,0.35781255830573105,-0.14012412650630107,-0.2632648623559121
-0.6419964123638027,-0.6469894713397079,-0.5467808057480348,-0.5595945516597762,-0.290321694479529,0.35781255830573105,-0.14012412650630107,-0.2632648623559121
-0.21472451665554068,-0.36161830836894804,0.005046851066255046,-0.0022297166946019346,-0.13200683659283013,0.35781255830573105,-0.14012412650630107,-0.2632648623559121
-0.6703690396957644,-0.6662269594757283,0.20216642372343183,0.17510405277048413,-0.1781820034764507,0.35781255830573105,-0.14012412650630107,-0.2632648623559121
1.355159146232682,1.4538722973769467,1.950535141636678,1.8892076945833753,5.092383473668232,-0.20914117885616176,-0.21887520495434548,-0.42229578938575985
1.355159146232682,1.4835836922400119,1.4958177341729095,1.5962937375485824,-0.30351459930342056,-0.48620504101792666,1.4261420192836451,2.5965132709704375
1.379113165823496,1.2595114390328477,1.4459277818512704,1.428227983813489,0.34293773706726643,0.2973173720191421,0.4709927342227765,0.010790585623647524
1.3947907292109982,1.1071772792616448,2.1250023195730985,2.089977015945418,1.061951049969357,0.24743019746939407,0.09091905354157294,0.010790585623647524
1.4025445103276715,1.0477479307046478,0.6041599573862856,0.6190377225637098,0.2769732129478085,0.5394100460696255,0.6965722063047625,0.03951228866179092
0.14506730322768877,-0.1211139355385147,-0.43354905763207296,-0.38877780437197385,1.1345120265007607,0.47984794691176297,0.34297044310386093,0.3295521165894802
0.36101929167246166,0.023200320808942267,0.22421350909861898,0.2517788677401234,0.4748667853061821,0.47984794691176297,0.34297044310386093,0.3295521165894802
1.3470542472383311,1.5739439575726495,1.578591928053772,1.5629401624740542,1.71499983875199,0.39180913387705474,0.17152228567767072,0.06630491818368232
1.1609787820463577,0.5585353002985068,-0.6277877607962752,-0.5653026087841173,-0.5146010764856858,0.519950269542213,0.5407510719798126,0.2392137402222713
1.4330116322984299,0.7742432374573862,1.2879006012946341,1.3644209304267847,2.4010308895943515,-0.5305978640343411,1.114664470293514,3.608592045575525
1.2536132498771215,2.4132620299704715,3.255643955747801,3.1820842618400738,-0.14519974141672173,-0.13868604761046013,-0.10751327551383864,-0.2759989706984486
1.2799140097908654,2.1274372998815143,1.8060489164179612,1.9369030636486937,2.5329599378332674,-1.0138582946656163,2.232400618136659,4.563643621518717
-0.17472447637990215,-0.3367091797754225,-0.30895635133655935,-0.13645117387616618,0.8046894059034715,0.8750778034362662,0.7180870888709185,0.2013145601651859
-0.6529413138995602,-0.6817167515675211,-0.9751015810531776,-0.9626702905883195,0.09886899782527234,0.4295659031608138,0.21610910440036193,-0.1129850193905777
-0.6200046938105861,-0.32858821261847526,-0.5066874252651448,-0.4944767922185324,-0.21776071794812538,0.4295659031608138,0.21610910440036193,-0.1129850193905777
1.2357146018937042,2.50473743051177,3.426712229384027,3.385868018498244,2.1305763407045744,0.4156847158847945,0.2752372546258925,0.17064021019745576
1.2970966806697488,1.998725189836306,3.258791802055548,3.229028725931074,1.365387860918863,0.5989688409999627,0.39930535200219186,0.5267762686505357
1.2970966806697488,1.9876842900938336,1.9672972208022923,1.9395334443246415,0.8970397396707124,0.20740833071195636,0.11806619656814742,-0.2238583653839335
1.2624519336757727,2.3334486002973778,3.4644647774386375,3.4081198061404,3.166219369380063,0.20740833071195636,0.11806619656814742,-0.2238583653839335
1.322365941109978,1.7370849417904797,1.9186393629084704,2.0465107781440235,1.2004765506202186,-0.4792272758445628,1.9419358166698981,3.1075560616748747
1.322365941109978,1.7738257526676677,1.7911875457201782,1.8567494251738803,0.34293773706726643,1.1928653822921493,1.096212232466589,0.5021178894834559
1.2624519336757727,2.277725408788003,1.526531806433964,1.6016140737703553,1.860121791814797,-2.121534623712903,1.096212232466589,6.30941601872684
1.3388877134392854,1.6306841576293842,2.3536063003565766,2.3599881360517445,0.8046894059034715,-0.6371446861322828,0.5862351942408215,3.4185226641686297
1.322365941109978,1.7910660698814762,1.6576147074745804,1.7746414048725083,1.0685475023813027,-1.3968312340804347,1.7477520427715059,5.513214170940179
1.3388877134392854,1.6103218834521755,1.3418781838090506,1.4159202592918876,1.3324055988591346,1.3776812331227895,1.114664470293514,0.5537230043434246
1.2536132498771215,2.3726681659993325,2.7042409437548773,2.7524155685049267,0.5672171190734232,1.3776812331227895,1.114664470293514,0.5537230043434246
1.4025445103276715,1.019312567574932,1.1839716458542184,1.3440955368841458,0.6001993811331522,-0.7311311418407467,2.0325423865041388,2.8633992402801924
1.3470542472383311,0.6799844238510764,1.695230757306332,1.5522205618706166,0.40890226118672435,-0.9921901441122806,-1.1660687313799136,-1.0298929953130038
1.3947907292109982,1.08077505432395,2.1791548889696393,2.0293858582142477,0.8046894059034715,-0.9921901441122806,-1.1660687313799136,-1.0298929953130038
1.3055860056640203,1.8886592982012853,1.6552611688061514,1.7319046110227274,1.3324055988591346,-1.36142164406531,1.2577368238232172,4.842994156476009
1.2197675662429563,1.3099067464138892,1.1776583470899584,1.2353010680129246,-0.5146010764856858,1.2385631754551947,0.8638901597822777,0.535346059617981
1.379113165823496,1.2712400012263825,1.861440793110079,1.7869730523321816,1.0025829782618452,-0.5352910526057311,-1.1004315933761113,-0.48122721727274126
1.3632033338032492,0.6915847503490756,1.5026756916648112,1.4349738841272448,0.1450441647088929,-0.46645694142863653,-0.3546076301619808,-0.48122721727274126
1.4025445103276715,1.0302027308730102,1.9474606772813787,1.9124362827642174,0.00651866405803135,0.5394100460696255,0.05242905856434527,0.5260737156170192
1.3869805564636084,1.1516686309664594,1.5535932222795006,1.5052070640852069,0.4352880708345073,-0.19475229598361637,-0.18830258096390973,-0.32775292670455886
1.3632033338032492,1.3824752050413864,2.5980462920913436,2.53513878563646,-0.18477845588839642,-0.19475229598361637,-0.049251756909367644,-0.32775292670455886
1.2970966806697488,1.9841706162254364,3.565398629398085,3.5210475033459385,0.4352880708345073,0.4544175190003889,0.3005304159325704,0.20856292650542266
1.322365941109978,1.7808057012941036,2.1231370742304465,2.147482444940843,1.9854543876417672,0.8041390133536124,0.7394248922067705,0.26396558802259107
1.4102427083062494,0.7245061378282648,1.1741768770345073,1.217247809859815,0.9893900734379535,0.8041390133536124,0.7394248922067705,0.26396558802259107
1.271218464148949,2.1880076592923254,3.4649640052005206,3.445911316755664,1.398370122978592,0.8041390133536124,0.7394248922067705,0.26396558802259107
0.5163233953740015,0.1262432980458032,-0.29446556570721905,-0.31272242967454567,1.0157758830857366,-0.3242611059134517,-0.25916635673801813,-0.5487862220615309
1.2885397109386396,2.097024508713316,3.201969365309984,3.113904361614006,0.8772503824348751,-0.3242611059134517,-0.25916635673801813,-0.5487862220615309
1.2970966806697488,2.0126448879840395,2.520159572811405,2.53513878563646,2.697871248131912,0.6481218632045775,0.6529992735665455,0.23045462382161205
1.379113165823496,1.2535215899865395,1.7001261221307555,1.7535968211092303,-0.5146010764856858,-0.555280506989298,-0.25916635673801813,2.3525541680039166
1.3632033338032492,1.4259429616416666,2.354843414753491,2.3392611698453503,0.5210419521898026,0.4295659031608138,0.3577849318169582,0.04519216502810312
1.3140087470318138,1.8411783603637735,1.4914120629499843,1.4613298959723158,0.7387248817840136,-1.1862965164449892,-0.6277577666459828,4.540156866666592
0.8856899459374649,0.37300074339392714,0.137185255256769,0.19174761986267733,0.4748667853061821,0.6794807060573607,0.41621058124800153,0.2140527524920487
1.3121814055795085,1.432705907622643,-0.55210703260093,-0.46107059983344356,1.5540463999005125,0.43946029516178875,0.8435564989172806,1.0217777824838297
1.2799140097908654,2.1532992303079013,2.6744407604542753,2.6958174919437976,1.2004765506202186,0.43946029516178875,0.8435564989172806,1.0217777824838297
1.417886114375874,0.9115944497320556,2.2115591532933068,2.2116653166508553,-0.2441465275959085,-0.01201241285173231,-0.020604742003956535,0.9990065458679439
0.3832038068024978,0.037737565315494555,0.3218646290169994,0.36147289628203766,1.4643346470980498,-0.01201241285173231,-0.020604742003956535,0.9990065458679439
1.3055860056640203,1.9047298583771002,1.7286287901088184,1.8640926291072542,2.1239798882926286,-0.38014390610395576,1.9015319578077918,3.45516728473392
1.3055860056640203,1.895307354999513,2.257857551146309,2.413906335581748,2.6714854384841287,-0.48504148433583155,2.2204258695016343,3.4968333687178776
1.379113165823496,1.2854615513321543,0.5681151373414749,0.6190377225637098,-0.3167075041273122,0.7144358329746902,1.4746019062875042,0.03951228866179092
-0.16470361966178748,-0.32905750551327506,-0.7156688901875382,-0.6569824174976718,1.9656650304059298,0.6756888480314256,0.4709927342227765,0.832817493094482
1.2885397109386396,2.078067487973388,3.6164560601084133,3.586279944980819,0.633181643192881,0.6756888480314256,0.4709927342227765,0.832817493094482
1.0595927865277983,0.49082412605554404,0.7091313807169851,0.7651441924439047,0.9893900734379535,-0.3961563603150609,0.7836706616835445,1.1131968339219036
1.4102427083062494,0.9899532911231677,1.2651509807217707,1.2942584177239818,1.7281927435758817,0.5675087509419875,0.5862351942408215,0.341107566878368
1.3470542472383311,1.5725314085103475,0.5327441050737647,0.5447647538809682,-0.052849407649480686,0.6127547004830738,0.24969489559996105,-0.060667612128470605
1.2799140097908654,2.12031007632662,3.188717983806804,3.079128559338175,0.5738135714853689,-0.692468627931548,-0.521925583639496,-0.49862329964305313
1.2357146018937042,2.506370458867452,2.162883705098533,2.282897813677342,3.423481013445948,-0.4815522446478023,1.7763990576769169,2.778746943942952
1.3470542472383311,1.5716782122184885,1.6120879290398216,1.6116134074292299,2.427416699242135,0.5935451686015634,0.3503882692524591,0.03951228866179092
0.08353864777506223,-0.16212591937508058,-0.7391548539806474,-0.6972757385257976,0.4682703328942363,0.5935451686015634,0.3503882692524591,0.03951228866179092
1.3055860056640203,1.9437521876444663,2.3902884340958543,2.374656307646392,0.24399095088807968,0.5935451686015634,0.3503882692524591,0.03951228866179092
1.3711877127347034,1.327988658245566,1.5821769533145387,1.6173383213118604,0.16483352194473017,-0.48969714279139104,0.6965722063047625,2.124634922329456
1.3632033338032492,1.3956061700111637,0.9263454873048039,0.9662046885402851,-0.2507429800078543,-0.5364649562917977,-0.8143511135281458,3.589375495147582
1.0806502066796133,0.5034864667651854,1.8729245496548912,1.8292782641930907,-0.2837252420675832,0.3357057773847145,-0.057907953499595544,-0.09578477875486424
1.355159146232682,1.4863733128060648,1.2508417952354434,1.277670800566597,1.992050840053713,0.34274909633785666,0.6965722063047625,0.2140527524920487
1.3470542472383311,1.5507201110681201,2.149203358642887,2.1300420063917067,-0.31011105171536635,0.4453886625452885,0.2752372546258925,0.09537929645992647
1.3055860056640203,0.6546342646902775,2.0021693516437584,1.971924432615379,3.100254845260605,0.26478770560952897,0.11806619656814742,0.41549955910055425
0.4395840413273899,0.07541644995447441,0.5863588209821815,0.5206205719198019,1.0685475023813027,-0.8250692271938479,-0.5919981863184592,-0.530556252232747
1.3711877127347034,1.3523100562327357,1.5123259528791282,1.457438766295588,1.4841240043338872,-0.38585745591068604,-0.26542095197979504,-0.48122721727274126
1.3306586002270746,1.6739534715901634,1.8530974710081378,1.791036125270378,0.5342348570136942,-0.38585745591068604,-0.26542095197979504,-0.48122721727274126
1.4025445103276715,1.0622274273001713,1.311652363802527,1.302408117777942,3.2453767983234116,-0.48969714279139104,-0.8929185948959117,-0.3108651944412615
1.2536132498771215,2.372220533498323,2.482396288446247,2.5136668352621845,5.092383473668232,0.8842259299186777,0.7223687223300894,0.2737547220811528
1.355159146232682,1.5000493889550635,2.18492722898655,2.151138155138291,4.102915611876364,0.34375457171976664,0.19784259773877455,0.18306190159966923
1.3869805564636084,1.1704385499058272,-0.2847863169766753,-0.2775657217978067,-0.323303956539258,0.0771977572940399,0.007729184504206895,-0.3108651944412615
1.3632033338032492,1.3596459625499129,1.839610958638773,1.8927236180974205,0.6793568100765015,-0.5235653486763505,0.9826526861527277,2.2056036431123758
1.3388877134392854,1.6168810326496532,2.353239134636594,2.3952425421066246,3.199201631439791,0.36883374679861747,1.0019280795573757,1.2628091541626814
1.2799140097908654,2.1220898796138123,1.5316159721036309,1.5578827706515872,1.2664410747396766,-1.369573504614828,2.314710022410848,5.490009975094696
1.3140087470318138,1.863810175539729,1.8459953398013207,1.8821227987337537,1.1345120265007607,0.4631367059367661,0.15293777261562116,0.3820251278939261
1.379113165823496,1.2798135374515445,2.1007605206975692,2.079560949600177,0.9366184541423872,0.9559824641513953,0.7626953978306446,0.3309330734161961
1.379113165823496,1.2595114390328477,1.684844168143757,1.6576316423399864,1.6622282194564237,0.49553135872935267,0.09091905354157294,-0.13354405423453314
1.4330116322984299,0.7451112320279458,2.5027264793169812,2.45929753776797,2.7176606053677492,0.49553135872935267,0.09091905354157294,-0.13354405423453314
1.355159146232682,1.498365765588664,2.733308397161016,2.6810716032917963,3.5092348948012435,0.5014014846441576,0.03575679229395902,-0.079487251782951
-0.18823275536206954,-0.344989391688653,-0.8541176538510924,-0.7949708352263674,2.453802508889918,0.6566914700127207,0.45918165014828405,0.16806025075255673
0.4841041582068694,0.10461375962151298,2.0150903405437433,2.0156156700039576,0.21100868882835072,0.6566914700127207,0.45918165014828405,0.16806025075255673
-0.2548250038098856,-0.389480743393468,-0.22660570077129996,-0.19090384045668266,0.09227254541332655,0.2729376154858291,0.3404931104067475,0.15982088098363711
-0.11913764442944688,-0.29720792965494863,0.5331762397923911,0.553492596511469,-0.15179619382866752,0.2729376154858291,0.3404931104067475,0.15982088098363711
0.7527771495764953,0.28406554696505815,1.8759579169299214,1.868099022343009,0.09227254541332655,0.2729376154858291,0.3404931104067475,0.15982088098363711
-1.1175732140891201,-0.9625211346308965,-0.7203940881768095,-0.6741608413706437,0.8046894059034715,0.2729376154858291,0.3404931104067475,0.15982088098363711
-0.5577555655139222,-0.5917792041217688,0.1574888587593944,0.18545346016242553,0.019711568881922933,0.2729376154858291,0.3404931104067475,0.15982088098363711
1.3711877127347034,1.312539882506631,1.2424972896468396,1.2520337497254566,1.0025829782618452,0.4335257297976742,0.4709927342227765,0.2392137402222713
1.4025445103276715,1.0266289454986637,2.664655562676826,2.639766162630727,0.2769732129478085,0.2820922991802873,0.4709927342227765,0.2761922007445583
1.355159146232682,1.4631534902679166,2.564125665817859,2.589391794578242,0.5408313094256401,0.7272678833960653,0.8638901597822777,0.4016974857847108
-0.29648116979089023,-0.5579212953506,-0.09439793433692219,-0.06702649381103903,-0.5146010764856858,0.4097252284568313,0.2752372546258925,0.05367243821493292
1.3140087470318138,1.8304658763795278,2.3168778384816773,2.4075145557565776,0.5672171190734232,-0.3550723842011945,1.5158800227695601,2.020019041194978
1.271218464148949,2.197855046904806,1.9748174475671791,1.9959588469833156,1.7545785532236644,0.7799840353989391,0.6529992735665455,0.7240019304166644
-0.8769721987973252,-0.6662269594757283,-0.2473328194169341,-0.24845337220582198,-0.5146010764856858,0.36182273950659977,-0.1371424948145019,0.022344379991542894
-0.2745300340851768,-0.2998296151866225,0.16941388782634942,0.16010904961908576,-0.5146010764856858,0.36182273950659977,-0.1371424948145019,0.022344379991542894
-0.4135183494373987,-0.4022136862596328,0.8208981192858406,0.7973853898876357,-0.5146010764856858,0.36182273950659977,-0.1371424948145019,0.022344379991542894
1.355159146232682,1.4327080241295451,1.5241296053449844,1.5800874789091532,1.1345120265007607,-0.3584847144835414,1.2402786536734476,1.9606346179989806
1.4025445103276715,1.0378094198138554,2.618341373984771,2.5532330379140875,0.16483352194473017,0.470210582386719,-0.12197743526181917,0.2052467435879399
0.8331694563913226,0.33757738220151623,0.956380444204813,0.9583281685723822,3.779689443691021,0.5309629677922505,0.23424780836978623,-0.0008807924114556261
0.973280922501183,0.43180795004235495,1.3602783300971193,1.318430198440295,1.860121791814797,-0.14412867281192923,-0.7759425818408509,-0.25806666117438565
-1.1338446468825167,-0.7319181473154015,-1.1907697213160429,-1.1373046888110758,-0.5146010764856858,0.49553135872935267,0.3255791950483469,0.6424202334634632
1.2970966806697488,1.9711964908501716,1.539988324057719,1.5386166657632232,2.631906724012454,0.49553135872935267,0.3255791950483469,0.6424202334634632
-0.12552988960846723,-0.3013350616205662,-0.14999564018982234,-0.1869387667501578,-0.04625295523753498,-0.30638640031409553,-0.45033247689557643,-0.43973690431583456
-0.1984766551620573,-0.3508836866750478,0.4894332566794228,0.43838828376199585,0.5144454997778568,-0.30638640031409553,-0.45033247689557643,-0.43973690431583456
1.4025445103276715,1.0501760303150902,-7.626708653000093e-05,0.08177379722967261,-0.38267202824677,0.9252110267701911,0.8840655804378531,0.7171446884635535
1.3140087470318138,1.8018873902102905,1.8579996287760443,1.8997032909894251,0.2769732129478085,0.9252110267701911,0.8840655804378531,0.7171446884635535
1.3470542472383311,1.5462197777724493,2.58303814554397,2.555976003255207,-0.38267202824677,0.5617066264977393,0.9040852047849619,0.2761922007445583
1.2536132498771215,2.373732051671086,1.9487429140363852,2.162949721928328,0.13844771229694708,-0.6972130906244656,2.7893120965115767,3.6502989038205182
1.199037226840178,0.740053958678279,-0.2491034314913402,-0.15734453949047617,1.1411084789127066,0.21666922305589342,0.9515108285720827,1.2280217428620903
1.2624519336757727,2.263345159169735,2.3767140443051087,2.555976003255207,3.7730929912790754,-0.5599941557996992,2.493576005985636,3.7689723598526412
0.08353864777506223,-0.16212591937508058,-0.36693990240048274,-0.3371737086578845,2.598924461952725,0.3074447810458247,0.19784259773877455,-0.14155696542136542
1.3632033338032492,1.3596438460430103,3.1718070813191406,3.140444740544325,4.56466728071257,0.3074447810458247,0.37496218281690186,-0.14155696542136542
0.0013127326580340717,-0.21826703817757162,-0.10707608247674041,-0.07210446403226096,0.5408313094256401,0.5794617576126746,0.3550851303436484,0.43710190677719457
1.4330116322984299,0.7751827067963888,0.7598800811294298,0.7806002825473515,-0.2507429800078543,0.2973173720191421,0.39930535200219186,0.4347598903779903
1.379113165823496,1.2318615972801013,1.1247147572294518,1.1379792140866094,-0.19797136071228802,0.2973173720191421,0.39930535200219186,0.4347598903779903
1.3869805564636084,1.1813299964241897,1.9246882311361024,1.9202370107523405,-0.02646359800169761,0.2973173720191421,0.39930535200219186,0.4347598903779903
1.417886114375874,0.935974279539074,2.664655562676826,2.53513878563646,1.2004765506202186,0.2973173720191421,0.39930535200219186,0.4347598903779903
1.2799140097908654,2.135373986873002,1.694629800620051,1.7049609032676292,2.519767033009376,0.5646084300475505,0.4473165105808271,-0.01848349158368503
1.1414528983257088,0.5425963008401855,0.8262732554523695,0.8743072717980701,0.34293773706726643,0.9161287668266546,0.7180870888709185,0.5229703402300948
1.3055860056640203,1.939138382445506,1.3904770981080425,1.42754982964551,0.5276384046017484,0.9161287668266546,0.7180870888709185,0.5229703402300948
1.2799140097908654,2.120193879872681,3.0048874132331376,3.010315889115091,1.3126162416232972,0.9161287668266546,0.7180870888709185,0.5229703402300948
1.322365941109978,1.7475099545018593,2.2073463430029325,2.1583931886763534,2.981518701845581,0.11291178750831743,-0.049251756909367644,-0.003776081517713554
1.3388877134392854,1.5850959568730965,2.017845068979915,2.1213474743284166,-0.5146010764856858,-0.4352328423563019,3.471722041884078,2.269387829612463
1.3711877127347034,1.3279907747524686,1.4358706681883167,1.4416558412958482,2.783625129487207,0.6318994446129389,0.39930535200219186,-0.003776081517713554
1.3869805564636084,1.191931656447795,-1.0448207300197274,-0.9065548203168092,-0.052849407649480686,1.0375299119419181,1.2923043822113724,0.6963154210729294
1.322365941109978,1.7322567467261458,1.910738608345849,1.884965307436955,0.7849000486676341,0.20225685449511774,0.1395810791343035,-0.19703467393837845
1.5328064606242673,1.8750341526280396,4.177608094046736,4.321246066335245,0.7387248817840136,1.3919088839644072,0.9436665609529048,0.7298344185991317
0.2539691783381935,-0.04935137338371242,0.35285717412582635,0.40039673421165806,4.901086353721804,0.8069195234526746,0.608681468399628,0.6969769031419334
1.3140087470318138,1.8694615706488327,0.8059228473602381,0.8376787109157614,1.5302991712175078,0.7021788152900079,0.6965722063047625,0.010790585623647524
1.3470542472383311,1.5453139269917002,1.0589724337145228,1.2089705186374977,0.2176051412402965,-0.6287856063054597,1.8879228532224464,3.426230048229924
1.2970966806697488,1.9842240724292493,3.2147426891576463,3.5123948006213324,2.915554177726123,0.025329023168463697,0.14493201698902475,-0.17394552985339107
1.3632033338032492,1.419069938956759,2.378029883062351,2.519456939298134,-7.778835391444127e-05,-0.549688128127223,2.095015975036369,2.8834265611916488
-0.4747524987388225,-0.5350170733932869,-0.581414123687652,-0.5438535836997922,0.6199887383689894,0.4621521579759658,0.2752372546258925,0.15229380795356623
-0.5625604684707503,-0.5947901065566007,-0.17344452974855826,-0.14460812794155103,1.497316909157779,0.4621521579759658,0.2752372546258925,0.15229380795356623
1.3632033338032492,1.4288685242475967,0.3959224938118219,0.39101301890551815,2.57649652375211,0.13381555355030694,0.027380279448568773,-0.16099167980168871
1.3055860056640203,1.9047298583771002,1.896133338148098,1.8611645202109421,0.36272709430310385,0.13381555355030694,0.027380279448568773,-0.16099167980168871
0.2915759012434212,-0.023991987096226193,0.718180006699672,0.5958017645044915,-0.09902457453310122,-1.4863338115489737,-1.1883223312812454,-0.7708941826672152
1.3869805564636084,1.192398832795431,1.5861897028824765,1.5962937375485824,1.2004765506202186,0.5771657986160894,0.4944546904593177,-0.09423071522014749
1.3869805564636084,1.1596700037177512,1.704830221552769,1.7746414048725083,0.5078490473659111,-0.40762154549688123,1.151179559433104,2.3894579172400205
1.3140087470318138,1.8027273274330373,0.8610160883078236,0.9423060879100292,0.8508645727870918,0.6623973621873276,1.05890902097095,1.197747751239222
1.355159146232682,1.4631556067748188,1.5514890557869816,1.6173383213118604,1.0025829782618452,0.6623973621873276,1.05890902097095,1.197747751239222
1.4025445103276715,1.0427909829621989,1.9050946067809478,2.032269057338728,2.915554177726123,0.9731058896665536,0.7394248922067705,0.22668523246079825
1.3869805564636084,1.1988543898072277,1.3581650958560132,1.395627746584916,3.3575164893264904,0.7191430322275576,0.7180870888709185,0.3820251278939261
1.3140087470318138,1.804367241251239,2.6705695523529127,2.6810716032917963,0.3099554750075375,0.7191430322275576,0.7180870888709185,0.3820251278939261
1.3869805564636084,1.1884251440820437,1.3630333840094941,1.4741473618646734,0.2769732129478085,-0.3176715158675277,1.506412470664487,1.99251442403722
0.8481178287928358,0.7028482616287287,-0.915689593810762,-0.8071418625560034,-0.5146010764856858,0.8558186143774382,1.132986302523457,0.45953594923675983
1.379113165823496,1.2318615972801013,-0.7488199998598072,-0.6701592722345451,-0.4044403212061911,0.5510539706730261,0.6965722063047625,0.491583556090915
1.271218464148949,2.181256931807168,3.2382274354091667,3.1756350316271216,1.8403324345789598,0.04025011783822686,0.03575679229395902,-0.24086642053867213
1.355159146232682,1.4811254483748555,1.6157738217086628,1.6377728304345098,0.8046894059034715,-1.399564219811488,0.9040852047849619,4.175880265495225
1.3470542472383311,1.5386130888316036,1.4856235219984015,1.564617928922306,-0.31011105171536635,-0.40647398433786514,1.2050056133624143,2.28248214777757
1.355159146232682,1.4863711962991621,2.7435952862202093,2.7414536554577698,1.992050840053713,0.6519321746440058,0.6309350683009599,-0.12561749935932728
0.6566316146695443,0.2196001757614615,0.05838179510654058,0.108717504984771,2.757239319839424,0.775308404442963,0.5635928802717013,0.17790587084870021
1.3140087470318138,1.8033819408845277,3.2832012072549337,3.2675255022306007,0.3957093563628328,0.775308404442963,0.5635928802717013,0.17790587084870021
1.3470542472383311,1.5247206225961953,2.406369521031946,2.4100445544164124,2.9947116066694726,0.6002759017991103,0.5794632396626442,0.11986569738538387
1.3632033338032492,1.375530709285762,1.7118010244374982,1.757856297532224,-0.2507429800078543,-0.3154126971931758,0.9040852047849619,2.4284524954930373
-0.22628128973594328,-0.3568614223759507,-0.2455645866917191,-0.18888491438959068,-0.2111642655361796,0.9749053543364807,0.5862351942408215,0.48097581211747026
0.48954160789597234,-0.36336145750046145,0.0028882533306510104,0.054711182296549275,-0.02646359800169761,0.9749053543364807,0.5862351942408215,0.48097581211747026
-0.8106536543598536,-0.5298684788750158,-0.6742876356915661,-0.677512921882027,-0.13200683659283013,-0.19917576104576415,-0.2622917681717056,-0.3019372796984812
-0.4287152165183104,-0.5125447819906768,-0.057934680404998946,-0.07381479532797418,0.11865835506110972,-0.19917576104576415,-0.2622917681717056,-0.3019372796984812
0.2539691783381935,-0.04935137338371242,-0.4687341190079901,-0.4944767922185324,-0.08583166970920963,-0.5341173916372666,-0.38721848115444313,-0.5112218289088271
0.15745376141562306,-0.11334745192801675,-0.1145015714871859,-0.14903974417328322,2.856186106018611,-0.5341173916372666,-0.38721848115444313,-0.5112218289088271
1.2357146018937042,2.510233390389468,3.6703398853861655,3.5617024422725314,0.48805969013007366,-0.5341173916372666,-0.38721848115444313,-0.5112218289088271
1.3470542472383311,1.5682587520509381,1.559101978758965,1.5746015274620797,1.7281927435758817,0.8050660013941673,0.802404389311249,0.3122936185166551
-0.4571472844669954,-0.5246539207340957,-0.020872623270734025,-0.016292549125707257,1.7545785532236644,0.06348278987516429,-0.020604742003956535,-0.14155696542136542
1.3869805564636084,1.183469612033476,2.4623384494170666,2.4051450032624957,-0.13200683659283013,0.16191408078497296,-0.07821885681676052,-0.3108651944412615
1.2885397109386396,2.0439390007039306,2.680050240720678,2.81719809878326,0.8046894059034715,-0.4502452295621677,2.1100888574376935,3.2048488086404645
1.3140087470318138,1.8212124430675454,1.0245541519297579,1.0404776572230265,3.5092348948012435,0.44044878645792945,0.6529992735665455,0.3591343942758567
1.355159146232682,1.4898346213450997,1.4628030285155884,1.5800874789091532,2.519767033009376,0.286156313138554,1.968526085358544,1.204380463694275
1.3470542472383311,1.5116507665465355,2.4868655693889146,2.584150571897122,-0.1188139317689386,0.30238333509857657,1.6268732216476696,0.7970455121518389
1.4102427083062494,0.9899532911231677,1.3921347704296083,1.428227983813489,0.8706539300229292,0.9106724274891269,0.7415490451074599,0.8008376485755639
1.3947907292109982,1.1071929815000403,1.1060880779857076,1.074871854259332,0.6067958335450979,0.5983536494090004,0.5862351942408215,0.4267990939669168
1.4025445103276715,1.0282499735064696,1.442777402778058,1.4145393750045954,0.5408313094256401,0.5935451686015634,0.007729184504206895,0.4267990939669168
-0.3691769765695354,-0.46353327993917015,-1.1207908940348268,-1.0713374563073665,0.7651106914317968,0.4688830578627547,0.3005304159325704,-0.0347378541003658
1.3140087470318138,1.8616006008122183,3.2576017194014155,3.218572379642804,-0.04625295523753498,0.4688830578627547,0.3005304159325704,-0.0347378541003658
0.09665106976952748,-0.1535947750501716,0.057627383610819205,0.13890308532201434,0.2044122364164049,1.0722913698535386,0.8840655804378531,1.480344133889018
1.3140087470318138,1.8098936701872648,2.880605476215208,2.902115607568407,2.0646118165851166,1.0722913698535386,0.8840655804378531,1.480344133889018
1.2885397109386396,2.0590707789734015,0.925639291952141,0.9147658198756454,3.7533036340432377,0.14632096250843116,0.06348463382677073,-0.14155696542136542
1.2885397109386396,2.0730731226402734,2.646887138150803,2.600530175020118,1.2070730030321644,0.14632096250843116,0.06348463382677073,-0.14155696542136542
1.4102427083062494,0.9842616751188557,1.8098950536358778,1.8455891730348417,0.9366184541423872,0.5935451686015634,0.802404389311249,1.1087846115411575
-0.7516336372227229,-0.7205742415948905,-0.6855667935405441,-0.7112354264394538,-0.5146010764856858,-0.5188818407755543,-0.44697210251679736,-0.5635286172353096
0.5303385243998296,0.13528782815502427,1.7919571150510671,1.7185614769589248,0.07248318817748918,-0.45638865133530027,-0.40312756179885484,-0.4524036878846271
1.2799140097908654,2.1111514662066937,1.4013802254030652,1.480469746873862,5.092383473668232,0.7734631716677647,1.05890902097095,0.9135552079048591
1.3711877127347034,1.291017911464265,1.5794216218832469,1.6864087482761105,1.398370122978592,-0.5071899494046163,0.9040852047849619,2.2260362331198915
1.271218464148949,2.225850954198912,1.7971928171196585,1.9236018916196809,0.34293773706726643,-1.5155542796358406,1.7477520427715059,5.90052925924342
-0.5577555655139222,-0.5902817653984501,-0.27520315784079935,-0.29688038762975905,0.21100868882835072,-0.6287856063054597,-0.38721848115444313,-0.47722667594239015
-0.26938650175135037,-0.3979265704779439,0.051547411165012394,0.019603120689620463,-0.2507429800078543,-0.6287856063054597,-0.38721848115444313,-0.47722667594239015
1.3869805564636084,1.1630256922627937,-0.2059769033824866,-0.1554193461138979,-0.38267202824677,0.8041390133536124,0.5292542528272473,0.10903145164825394
1.3632033338032492,1.38249340461227,1.2239657273492814,1.2432766035302916,-0.019867145589751816,0.8041390133536124,0.5292542528272473,0.10903145164825394
1.355159146232682,1.4478255759550192,1.9734020285403475,1.9938350715776427,-0.35628621859898685,0.2300194501591518,0.6748772807877191,1.0874946826768241
1.4102427083062494,0.9999703579210734,1.3898841837854006,1.4227843953485053,0.6991461673123388,0.2300194501591518,0.6748772807877191,1.0874946826768241
1.3947907292109982,1.0826044069798113,1.6285805169503422,1.6826390002377396,0.11206190264916392,-0.44331150159856453,0.9632329064335282,1.839128746306646
1.3306586002270746,1.6546857591284319,2.259423247714986,2.3004226782980868,0.13844771229694708,-0.44331150159856453,0.9632329064335282,1.839128746306646
-0.16470361966178748,-0.3289905730848102,-0.33527954647666836,-0.2572836488749621,-0.5146010764856858,0.47002376437345267,0.5407510719798126,0.37062278918508207
1.417886114375874,0.874064847082793,1.2802304501691377,1.286013397380072,-0.22435717036007116,-0.5942856727224245,0.37496218281690186,3.579675475341309
1.1414528983257088,0.5425984173470881,0.6526124748302099,0.6803756273551137,1.1345120265007607,0.45426962068603455,0.4944546904593177,0.5332904143359085
1.3140087470318138,1.8609569398368475,1.8874865173174273,1.9302838487882843,3.4432703706817858,0.6709454607296338,1.4905559779912216,0.7620507502627555
1.2885397109386396,2.0769553026856644,-0.3997065319805886,-0.3799105025076654,1.3324055988591346,-0.6695026548587321,-2.0251215401650295,-0.5013891689827998
1.4025445103276715,1.0084619118140479,0.6506852043236927,0.6842811287753153,4.393819163243173,0.21769727906771397,0.5177062227299745,0.7970455121518389
1.355159146232682,1.4445765381042281,2.00776542151424,2.014790280861784,0.013115116469977142,0.21769727906771397,0.5177062227299745,0.7970455121518389
0.30454057402855356,-0.014328469799356685,-0.05627688304129357,0.014585724396553049,0.8046894059034715,0.5364953290588595,0.6965722063047625,0.6895362403324826
1.4330116322984299,0.7676249698925288,1.28172293693231,1.302408117777942,1.0553545975574112,0.5539612236194148,0.5177062227299745,0.09537929645992647
0.10702693811276087,-0.1470404827934766,0.34761746012647354,0.36454454037175177,0.06588673576554338,0.48671477204299507,0.19784259773877455,-0.027962438237438936
1.271218464148949,2.201001831537356,1.6884537320274966,1.6183742380350141,2.6450996288363458,-0.7420765552553393,-0.45369721256614204,-0.4416871993936958
1.2885397109386396,2.0621042649609476,2.700431383037844,2.6094681473597694,0.7783035962556883,-0.7420765552553393,-0.45369721256614204,-0.4416871993936958
1.355159146232682,0.6858125695845364,1.9825942125744764,1.9434607035251574,0.013115116469977142,0.08035804943491298,0.024582083310479383,-0.1479797812796611
-0.030487260303378574,-0.238400723006521,0.6539893514053657,0.6421526197188637,0.2769732129478085,0.08035804943491298,0.024582083310479383,-0.1479797812796611
-0.7748538720092366,-0.7361199459380023,-0.2121769627303435,-0.20177020132827,0.2769732129478085,0.08035804943491298,0.024582083310479383,-0.1479797812796611
-0.16470361966178748,-0.3277798123502323,0.3683155611823663,0.3620882967604471,0.0526938309416518,0.08396916227321534,0.010956563550306721,-0.06072079196129343
1.2536132498771215,2.3480838341174897,2.3008176042214377,2.2917147031839757,3.910299201447547,0.5646084300475505,0.37496218281690186,0.031224335406035957
1.3470542472383311,1.5595815163762439,1.4922964300623043,1.4867359321617906,0.8046894059034715,0.11814495027755118,0.2752372546258925,-0.14155696542136542
1.3055860056640203,1.896530041947686,1.2639793584998702,1.3569611655424059,3.6411639430401594,0.9811989922309401,1.2750782160413774,0.9374022507109954
1.3306586002270746,1.6751755093341987,2.678280989491909,2.591997864841108,4.327194993882521,-0.2036026758762935,-0.3224018933933692,-0.40794127314514805
1.379113165823496,1.252613622698888,1.4733388875576923,1.5407578507218116,-0.4486365523662279,-0.4386937171228351,1.0776277194045394,2.269387829612463
1.2536132498771215,2.4070039340368665,1.5259658489648127,1.5027720316009932,0.00651866405803135,0.21358393739950002,0.03575679229395902,-0.33796748486267103
1.3470542472383311,1.5536939070023534,2.1796825257161503,2.145524953358157,0.6859532624884472,0.16813935421506865,0.11806619656814742,-0.13722085680729992
1.4025445103276715,1.042806842369365,0.030408689828776137,0.06883873333833512,0.4682703328942363,-0.5177115673452165,0.42342206982076086,3.395163559746853
-0.22628128973594328,-0.3693048287159534,-0.11835985076829217,-0.09879678467803334,0.2769732129478085,0.47526216967044027,0.18753845137877068,0.2260623847832509
1.2970966806697488,1.9694287131672548,0.5268501586484937,0.5327960248952329,2.981518701845581,0.18574064352322506,0.17152228567767072,0.7544908984801385
1.2624519336757727,2.3153699029319146,2.16171303015108,2.1368964343329955,0.8706539300229292,0.18574064352322506,0.17152228567767072,0.7544908984801385
1.1609787820463577,0.5585353002985068,-0.531512110158637,-0.47404228309588314,0.21100868882835072,0.26682628033201006,0.39930535200219186,0.06770207762095169
1.3055860056640203,1.9196639332072198,3.184576267120299,3.088451087825472,0.7189355245481762,-0.45487242464516847,-0.3546076301619808,-0.44593578175883375
1.2885397109386396,2.029305112685949,1.590349279771306,1.6173383213118604,3.707128467159617,-1.1052595661847457,1.8327605919748324,4.618013869019228
1.2799140097908654,2.135373986873002,3.009417349295455,2.933651782401368,3.970986563637449,-0.5000463728380576,-0.1974365721042361,-0.45159418615113367
1.3470542472383311,1.503567688550157,1.1779206535033977,1.2117404286973306,1.4247559326263752,0.9659023211189149,0.6309350683009599,0.9418983342154944
1.2970966806697488,1.9716923478440966,2.179372184640068,2.19244359579936,1.1081262168529775,0.9659023211189149,0.6309350683009599,0.9418983342154944
1.417886114375874,0.935974279539074,1.9572882602567057,1.9690977543662982,0.21100868882835072,0.5374670676992145,0.4709927342227765,0.26396558802259107
1.2885397109386396,2.089220602615034,1.4019005011677514,1.590932942107741,0.6067958335450979,-1.167896463854885,5.166748720191121,3.9073433143533003
1.3470542472383311,1.518163638600058,1.6054161770602617,1.5962937375485824,3.3773058465623276,0.36883374679861747,1.3264170910926358,1.3129274293453392
1.2885397109386396,2.0297831295763893,2.0916614042890185,2.0515681699664907,1.8469288869909055,0.1608758711334758,0.007729184504206895,-0.048331606735046585
1.2679503331363386,1.6104514362316718,0.04332029052935509,0.12267719289842743,3.9525164968840008,0.732302461461527,0.8739974960551685,0.5708776351542671
1.3632033338032492,1.3691544751153677,1.3485461137458334,1.5039905992393412,0.8574610251990377,-0.7177820124836081,2.0209021792555073,3.8983494618963586
1.3306586002270746,1.717438479733416,1.6325547473052853,1.7746414048725083,2.1239798882926286,-1.1915646479170756,1.7477520427715059,4.930741734341357
1.271218464148949,2.2493147231470725,1.9696997858457699,2.017733672207899,2.849589653606665,0.3326845347406517,0.4473165105808271,0.7883719553510057
1.417886114375874,0.8943170141599915,1.3120223542058493,1.382732121066872,0.21100868882835072,-0.3312433364481194,1.0776277194045394,2.1173863129176658
1.4025445103276715,1.0526298033134875,1.665839301787217,1.6477721640933842,0.34293773706726643,0.5973922790529491,0.17152228567767072,0.18846887127388884
0.06490804882432558,-0.1751666489410151,0.3988318505786479,0.41195340620075505,-0.12343144845730064,0.3246200173071326,0.223898379574634,-0.10750834040650882
1.3711877127347034,1.3330179445713815,1.4645614971775667,1.4929469080513083,0.1450441647088929,-0.45950339471947615,1.5995672275766375,1.7353531125536745
0.7916805401475341,0.3103086323223995,0.8369805041726035,0.9310071842745625,1.4643346470980498,-0.4041795577691399,1.222702122144414,1.4026708076341445
1.2970966806697488,1.9911185008957855,0.6262362375201762,0.6400823063269879,0.21100868882835072,0.28514058239347,0.7815807555080889,0.05367243821493292
1.4025445103276715,1.0743690480098966,-0.8808392665938922,-0.7965603312847983,-0.3694791234228785,0.8457043290755699,0.7180870888709185,0.29659247906888153
1.355159146232682,1.4432313988815701,1.1518036047832014,1.2801839625982583,0.019711568881922933,-0.19917576104576415,1.6747182422032043,2.0694098174161275
1.3388877134392854,1.6156012229517318,2.287398295876807,2.354544547586761,0.4616738804822905,0.30035749237409975,1.2577368238232172,1.6734082077355201
1.2447012151669763,2.4300688506243677,1.446230314641766,1.6615371437601878,1.1147226692649232,-0.44100213978732317,2.7010890044658353,3.314604810346724
-0.06932493440918029,-0.2647366884009032,0.8148914789680193,0.6462750946443419,0.15164061712083868,-2.3157403495116795,-1.6574227205465701,-1.1775617108760605
1.3711877127347034,1.3317667517227694,1.5700273025328502,1.6377728304345098,0.19121933159251334,-0.3904324400420652,1.114664470293514,2.106448265134736
1.2885397109386396,2.056691239881752,2.865172011255812,2.8140728085555025,4.274423374586955,0.07614393546724446,0.06348463382677073,0.024390355862643185
1.3470542472383311,1.505068720254712,1.6175636465389358,1.7283710637583034,-0.3694791234228785,-0.4087693386973837,1.5842720299952895,2.2954647859631665
-0.14820722739792988,-0.3164512773916011,-0.30415506642571344,-0.31272242967454567,0.9630042637901703,-0.2581144424624201,-0.1974365721042361,-0.27546348024390227
1.2885397109386396,2.0836797937657514,3.5079351787711808,3.419470456017571,0.7651106914317968,-0.2581144424624201,-0.1974365721042361,-0.27546348024390227
1.3470542472383311,1.530862548003977,2.8189474707477213,2.7456497464378176,2.414223794418243,-0.4398478111094772,-0.1671142560288904,-0.42229578938575985
1.4102427083062494,0.7245082543351674,1.8707159417779082,1.8342493917325862,1.2004765506202186,0.4335257297976742,0.3005304159325704,0.5537230043434246
1.3388877134392854,1.636934784352929,1.6666648437797658,1.6673551234407533,2.0118401972895503,0.6395392994051501,0.37496218281690186,0.2516399733104074
1.2885397109386396,2.0535731207173833,2.6316817500903835,2.613138076641926,-0.1781820034764507,0.6395392994051501,0.37496218281690186,0.2516399733104074
-0.08156317533992767,-0.048128686477059285,-0.04988156592730301,-0.025826084101932975,-0.1122174793569928,0.48082943066172157,0.21350746999211048,-0.12561749935932728
1.2536132498771215,0.6168709326068333,1.2926119981957194,1.3569611655424059,-0.5146010764856858,-0.3790018859303535,1.0019280795573757,2.343186722441642
1.2266521513251563,0.6030245354964194,1.5443681439633163,1.6037310159115397,-0.5146010764856858,-0.3790018859303535,1.0019280795573757,2.343186722441642
1.4330116322984299,0.7742432374573862,1.806578781268684,1.8604305886472512,-0.5146010764856858,-0.3790018859303535,1.0019280795573757,2.343186722441642
1.2536132498771215,2.397067539652977,1.7870223627111292,1.9236018916196809,0.1450441647088929,-1.8148719306218344,1.8047329841850803,6.76014123487121
1.3947907292109982,1.1156388085845166,-0.5000616586394747,-0.40685421026276375,0.9959865258498992,0.6156305316281288,0.9040852047849619,0.9916341222194069
1.379113165823496,1.2222253607597462,2.5647170221127857,2.4763596539021444,-0.052849407649480686,-0.5212231116908809,-0.3546076301619808,-0.5150424943953177
-0.39770714838886934,0.022255197813858704,-0.7411485234993743,-0.7400125323755782,1.7281927435758817,-0.18370869083924052,-0.1580862893773532,-0.4672710806118556
1.4025445103276715,1.0357958891644807,1.901690184266176,1.9236018916196809,1.1411084789127066,0.7985739038355657,0.6726977695452231,0.30035469378496804
1.4254755029902262,0.8377099242913881,-0.8802082993422193,-0.8241449793049215,-0.44665761664264414,0.48671477204299507,0.3255791950483469,0.14983735632584128
1.3470542472383311,1.5566469069907312,2.534218477858659,2.519456939298134,1.1477049313246523,0.48671477204299507,0.3255791950483469,0.14983735632584128
1.3388877134392854,1.6282095674618917,1.764384939323434,1.8227242107177073,-0.2507429800078543,-0.41451178860921195,1.0210612178400227,2.42548812240421
1.379113165823496,1.2826335675716176,1.520914811059106,1.530865818447023,0.389112903950887,0.44341322794949267,0.4473165105808271,0.1162123428626992
1.2357146018937042,2.538649109162304,3.1783606501235515,3.153877106750374,-0.290321694479529,0.5909661451586574,0.39930535200219186,0.9491245119859496
-0.2991155703183075,-0.4178192413969019,-0.1464052679047978,-0.14903974417328322,0.7321284293720678,0.42362097897936674,-0.25916635673801813,-0.003776081517713554
-0.4227797429519236,-0.499806914579442,0.2652029852689768,0.25536636252213696,0.5408313094256401,0.42362097897936674,-0.25916635673801813,-0.003776081517713554
1.3027215719546457,1.1630467391675312,-1.0402183602729405,-1.0423348052714942,-0.5146010764856858,-0.28725304397865314,-0.38721848115444313,-0.5013891689827998
0.08089684073720863,-0.1641260912398733,-0.24131275758864892,-0.28138655068133234,0.3825164515389412,-0.8069645251638491,-0.45369721256614204,-0.42229578938575985
1.322365941109978,1.7935900463161982,1.956700545723368,2.0194938259394593,3.172815821792009,0.04867567181763821,1.1238415718063286,1.3831290765473114
1.3711877127347034,1.3329136070067484,2.4011759071137373,2.3716403220580933,1.6899333195865958,0.2566260776704183,0.21350746999211048,0.13597383817750092
0.4127352924139964,0.057535438326888656,-0.05973395978505976,-0.038741398698469015,0.5606206666614774,0.2566260776704183,0.21350746999211048,0.13597383817750092
-0.08464465240206437,-0.2757346613722778,0.7297348361421847,0.7342659189216444,-0.13200683659283013,0.2566260776704183,0.21350746999211048,0.13597383817750092
1.3632033338032492,1.4009582984064877,1.970291619963847,1.9662596960354333,0.9630042637901703,0.3537995420525208,0.39688129528490695,0.42238049841137953
1.3306586002270746,1.6499916245996762,2.65348928431426,2.602326858469579,3.2453767983234116,0.6775850936658113,-0.020604742003956535,0.5838666646078473
1.2885397109386396,2.054660297316817,2.118872940732961,2.1134424621024315,0.8904432872587666,0.6984020944229837,0.39930535200219186,0.4511244297495511
-0.10646618154949565,-0.34919119031125395,-0.3746301128641064,-0.37639457899362,-0.31011105171536635,0.035953041343160304,-0.3224018933933692,-0.15766510621348245
-0.1764037480579907,-0.4434196416451902,0.18628891697493333,0.17269399502732016,-0.290321694479529,0.035953041343160304,-0.3224018933933692,-0.15766510621348245
-0.2458233247890483,-0.8867356702061904,0.32744031717607086,0.3110757252987815,-0.31011105171536635,0.035953041343160304,-0.3224018933933692,-0.15766510621348245
1.3306586002270746,0.6717476966854409,0.7926770055201198,0.7668783660201853,-0.31011105171536635,0.035953041343160304,-0.3224018933933692,-0.15766510621348245
1.3470542472383311,1.5581156990018863,2.4029177804331194,2.3247800756925026,-0.5146010764856858,0.035953041343160304,-0.3224018933933692,-0.15766510621348245
-0.0072670255168647765,-0.22246384005510209,1.2882386679325015,1.253772199936341,-0.3167075041273122,0.035953041343160304,-0.3224018933933692,-0.15766510621348245
1.4254755029902262,0.8665928343597912,0.10953775682707483,0.06322164223815388,-0.18477845588839642,-0.3732952289163497,-0.8533372387279687,-0.521821758990316
0.1350542328358947,-0.12761025570178808,0.6474827611784174,0.5973455124772072,0.34293773706726643,-0.1605868207687115,-0.3546076301619808,-0.2967439461821947
0.3569360395313261,0.020499364608588592,1.5838225903447951,1.5172576345063682,1.5962636953369658,-0.1605868207687115,-0.3546076301619808,-0.2967439461821947
1.3632033338032492,1.423935187266122,1.3759292482246737,1.4436481399462489,0.026308021293868725,-0.2996260844053929,1.05890902097095,2.1952835690065617
1.2799140097908654,2.131884227214929,3.1265825976580133,3.098349867722768,1.1411084789127066,0.5562084786910658,0.37496218281690186,0.1480897798951233
1.3306586002270746,1.6947209360330893,-0.030237402312689007,0.014585724396553049,-0.4486365523662279,0.44835052603734826,0.7180870888709185,0.5332904143359085
1.322365941109978,1.7649353763501467,2.051027632316475,2.0875869323489322,0.8046894059034715,0.5733049508197494,0.8435564989172806,0.47029362722658197
1.2799140097908654,2.1390945155879777,2.4815114734956585,2.4930185456365326,3.198673915246836,0.7566607580563364,0.608681468399628,0.7531748936277433
1.2970966806697488,2.015136206581738,1.4549882751676126,1.4677677599240588,0.8046894059034715,-1.2511704940337924,0.4709927342227765,5.226287009726689
1.3470542472383311,1.5116507665465355,2.030244018168519,2.0088663703435907,2.6516960812482915,0.9243034544197506,0.8638901597822777,0.34755863430792
1.4025445103276715,1.0117526694011694,1.9091427274375368,1.9134586777269669,0.9366184541423872,0.8291147081479127,0.4944546904593177,0.08850702699921856
0.7298970506766832,0.26894933109632957,0.7855131685052391,0.7990421267330353,1.9458756731700924,0.4926136050888118,0.3255791950483469,-0.19040196148332533
1.379113165823496,1.2443578481912374,1.5260893875348367,1.5882371789631131,-0.09902457453310122,0.8640805550748658,1.0305750944627865,0.8282656636070554
-0.10018608166764849,-0.284338231184576,-0.23626099413031082,-0.24117837262127306,1.860121791814797,0.18884109580990824,-0.12228555747766945,-0.18769583600360723
0.034962295569632845,-0.19403932276525515,0.2685516699218898,0.2532160572353725,0.1450441647088929,0.18884109580990824,-0.12228555747766945,-0.18769583600360723
1.3711877127347034,1.3096448571119608,1.6521842100801418,1.7163128587740188,0.059290283353597595,-0.36645480480628406,1.0776277194045394,2.3618643199628564
1.3869805564636084,1.1933253120938807,1.8157283955378913,1.8749659737780802,1.08833685961714,-0.36645480480628406,1.0776277194045394,2.3618643199628564
1.2536132498771215,2.4079848340771592,1.2389152206143923,1.2520337497254566,2.295487651003219,0.4613939396609748,0.37496218281690186,-0.003776081517713554
1.3388877134392854,1.5878359102446233,2.017926336021371,2.014790280861784,0.6133922859570438,0.4613939396609748,0.37496218281690186,-0.003776081517713554
1.694175780833412,1.1189682855177516,-0.8483871699947216,-0.6825034381841186,-0.3167075041273122,1.092426221520658,1.6313963896521246,1.3638339362343863
-0.8414263621427589,-0.47520127869570394,-1.4594555251427441,-1.4314394861752793,-0.5146010764856858,0.2932613437981674,-0.049251756909367644,0.1225622527407669
1.3388877134392854,1.6380282953922098,1.571560784195527,1.8034848550939622,4.314002089058629,-0.15145214179881256,2.9089087928961304,3.5280991217608766
1.2970966806697488,1.9614372550991686,2.328377149530996,2.5445222679041466,0.8178823107273631,-0.15145214179881256,2.9089087928961304,3.5280991217608766
1.3055860056640203,1.8879884842755148,1.9466943295346961,1.9563957674164951,4.168880135995822,0.6366755586967625,0.7605885074503572,0.2013145601651859
1.322365941109978,1.7572285454559873,2.2347061657139977,2.2172204376219256,0.1450441647088929,0.46412108316176437,0.3005304159325704,0.08160359067699043
0.14506730322768877,-0.12109587607874758,0.28297175834104393,0.30376368120652725,-0.1254103841808844,0.46412108316176437,0.3005304159325704,0.08160359067699043
1.2624519336757727,2.2638140956727266,2.8479447473800343,2.8169145533467437,1.154301383736598,0.46412108316176437,0.3005304159325704,0.08160359067699043
1.0595927865277983,0.49082624256244645,2.1561765352843234,2.0604704660576796,1.926086315934255,-0.31654199417367396,-1.1883223312812454,-0.4416871993936958
1.4025445103276715,0.7159749935711434,0.12851370564726736,0.1798995896535828,0.44188452324645316,0.8139111194547846,0.608681468399628,0.8953485408228148
1.379113165823496,1.2443578481912374,1.2810887683600487,1.3231666633132142,1.2664410747396766,0.853061959728161,0.7394248922067705,0.37062278918508207
0.5813240813455779,0.170058073863117,0.7679671701076838,0.8547033654109192,1.0025829782618452,0.3326845347406517,1.132986302523457,1.151512102046581
1.3632033338032492,1.411670706312246,1.7024126568800282,1.791036125270378,0.1450441647088929,-0.5282527240490135,1.360086765244704,2.6940910112602965
1.411103462873431,2.3657734269330857,3.047367760031713,3.0747486073225865,-0.05944586006142647,1.1433046107736713,0.9239514205418156,0.3489059446829614
1.5778715629306672,2.1278331208152275,2.289919591900469,2.330457485198064,1.3521949560949715,1.1433046107736713,0.9239514205418156,0.3489059446829614
-0.5529720653138054,-0.5579212953506,-0.5287468873715114,-0.549435095069322,1.009179430673791,-0.555280506989298,-0.3546076301619808,-0.4633070025902418
-1.2191191104446806,-1.0438647978099018,-0.6210933305491796,-0.671490606347436,0.1450441647088929,-0.06254619274097388,-0.7007915672142845,-0.340505392526645
-0.5918503027548709,-0.6149023494149876,-0.1599451773805301,-0.2197932786698749,0.07907964058943497,-0.06254619274097388,-0.7007915672142845,-0.340505392526645
-0.15807462318464163,-0.3241873674319863,0.19590157087543422,0.12912683718628512,0.21100868882835072,-0.06254619274097388,-0.7007915672142845,-0.340505392526645
0.018269306304823086,-0.2062026985376964,0.7121972302687952,0.6346708621908324,-0.1188139317689386,-0.06254619274097388,-0.7007915672142845,-0.340505392526645
1.379113165823496,1.2791736806801388,1.6448179184118286,1.619873618474433,5.752028714862811,0.4789939179816872,0.3255791950483469,0.1182589773183042
1.4254755029902262,0.8665928343597912,1.0130900274388586,1.0238340901308332,0.7849000486676341,0.42362097897936674,0.3503882692524591,-0.24086642053867213
1.4102427083062494,0.978541813440473,1.9617519562173633,1.927618661480371,1.2664410747396766,0.4077373414626995,0.06348463382677073,-0.22216796532122288
-0.5094674988281552,-0.183640724831567,-0.08608668334978671,-0.11192900734656105,-0.5146010764856858,-0.22690079053882414,-0.2880632659489152,-0.436427126622443
-1.0248052935404872,-0.9020928999746626,-0.027275704156536556,-0.06136767703247093,-0.09242812212115543,0.05714161112551894,-0.38721848115444313,-0.17394552985339107
-0.6581926398615131,-0.6591296953109719,0.7350618709056762,0.685254132660982,-0.0066742407658602326,0.05714161112551894,-0.38721848115444313,-0.17394552985339107
-0.6634697709686493,-0.6617772104251429,0.972279316586395,0.9245277729497485,1.398370122978592,0.09193075732458411,-0.3128176737154192,-0.17394552985339107
-0.5387480955225354,-0.57776347518757,1.6838078576968365,1.6142734676582629,2.453802508889918,0.05714161112551894,-0.38721848115444313,-0.17394552985339107
1.4330116322984299,0.7835244303483562,0.9108686397881579,0.9530278338034118,1.926086315934255,0.8143275652920235,0.5862351942408215,0.1624476376320799
1.2885397109386396,2.0795066434740175,1.8285038816911523,1.9236018916196809,0.013115116469977142,-1.5631848608339463,1.4423961695188927,5.92454877300134
1.3869805564636084,1.2056654612958517,1.4290521561030587,1.3644209304267847,4.432738232473653,-0.5753406029757353,-2.217248567846657,-0.48122721727274126
1.3869805564636084,1.1863084615698185,1.399722158885241,1.4436481399462489,-0.38267202824677,-0.5071899494046163,0.802404389311249,2.3803155167846075
1.5251101117109418,0.978541813440473,-0.8180583520281727,-0.7538048166318603,-0.5146010764856858,0.7743951823838838,0.7605885074503572,0.2013145601651859
1.4330116322984299,0.802994983467821,1.6855224789054832,1.6802726294246877,1.0685475023813027,0.48671477204299507,0.3255791950483469,0.024802668696601426
1.379113165823496,1.2189666326656148,1.5007154030264136,1.4867359321617906,2.6516960812482915,0.2341209035556099,0.24969489559996105,0.03951228866179092
1.379113165823496,1.2868553940341958,1.3959974584650547,1.4541796703229855,-0.04625295523753498,-0.4467773068881281,0.9632329064335282,2.2395071626279
1.3140087470318138,1.834371270279098,1.1739196346951355,1.214499497594167,0.03950092611776031,0.9415225645856019,0.6965722063047625,0.22164481361681015
1.4102427083062494,0.9423244334514987,2.105092205825246,2.0891812214640124,3.970986563637449,0.3497836867355779,0.3005304159325704,0.1225622527407669
-0.030487260303378574,-0.238400723006521,0.12591235173380547,0.02953203416929972,0.4748667853061821,-1.435213296545448,-1.057578907474103,-0.9080294846694502
1.4254755029902262,0.8270989052104859,-1.0343847130533124,-1.0713374563073665,-0.5146010764856858,0.9106724274891269,1.360086765244704,0.1624476376320799
1.355159146232682,1.4793644004101145,1.428863100532886,1.5232065407236424,-0.013270693177806025,-0.34257802722255803,1.3767590315150902,2.4664730431919724
1.3140087470318138,1.8084372611942845,1.8324342652840042,1.8493289229369396,2.255908936531544,0.6690469954096873,1.393324765005356,0.5638373611572111
1.3388877134392854,1.6404482291063855,3.2519277364228776,3.2087181734120933,2.981518701845581,0.4271292372505374,0.3457719300878856,0.4851237529169086
-0.24761763434484715,-0.38362068379701103,-0.2666081136035376,-0.2296923147966393,2.2097337696479236,0.5355234240391555,0.3503882692524591,0.05771219206165157
-0.8259297870457857,-0.4017351850441606,-1.4187820969293279,-1.352949508686247,-0.5146010764856858,0.6680975245947671,0.39445496991336804,0.08312503518150101
0.2403754016433652,-0.05754790103210173,-0.6713654028413627,-0.6213708553080255,-0.5146010764856858,0.6680975245947671,0.39445496991336804,0.08312503518150101
0.9960820766894763,0.44703514422372487,0.705304995481992,0.6842811287753153,2.1239798882926286,0.30238333509857657,-0.07821885681676052,-0.3551916525630069
1.2536132498771215,2.346046577152218,2.188783183108766,2.1935889107600657,0.5474277618375858,0.888794470409747,0.5061065234222231,1.0217777824838297
-0.3583719148472409,-0.10807950188801317,0.12454316156618599,0.16215413722471822,-0.5146010764856858,0.5655753683436854,0.4473165105808271,0.0020673233549641594
1.3306586002270746,0.6681188648940128,1.6191772797520212,1.590932942107741,2.5857315571288333,-0.21912412256915476,0.007729184504206895,-0.3108651944412615
1.3869805564636084,1.2089608487662276,2.022257840971274,2.0632295349545164,-0.052849407649480686,0.6880031367655435,0.9040852047849619,0.831278332160236
1.3306586002270746,1.717438479733416,2.0395140128705793,2.065977847220164,1.5302991712175078,0.6021975034605658,0.7394248922067705,0.44216394785194574
-0.1814573762985991,-0.33835228409547685,0.2896683013986045,0.2589356926957971,0.07907964058943497,-0.2302369124413382,-0.2905913290163864,-0.48122721727274126
-0.23334640745135352,-0.3735266551829162,0.9958763878284452,0.9503626464954982,0.2769732129478085,-0.2302369124413382,-0.2905913290163864,-0.48122721727274126
1.3947907292109982,1.132039987654694,0.9774090858706197,1.0521298432293755,1.992050840053713,-0.7713679275167633,-0.3224018933933692,3.4154287502985556
1.417886114375874,0.8740669635896956,0.8685867451507484,0.853172547864188,1.926086315934255,0.08982838276212865,-0.556725146007426,-0.17394552985339107
-0.3181230403096945,-0.43145041475156953,0.07530269416623324,0.04174969186387883,0.2769732129478085,0.12232800960741723,-0.3546076301619808,-0.19973249626638648
0.1525163089509872,-0.11602678530234413,0.4892787842469198,0.4471658751841306,-0.052849407649480686,0.12232800960741723,-0.3546076301619808,-0.19973249626638648
1.379113165823496,1.2671712279125065,-0.4801787876224411,-0.4387854208041561,0.33238341320815307,0.3195738695361664,0.33801340818971515,0.24481810159502465
1.322365941109978,1.7341938018542902,2.677786295732478,2.6544404387487552,2.069888978514673,0.3195738695361664,0.33801340818971515,0.24481810159502465
1.271218464148949,2.221361000171321,2.018716158685061,2.0311171923712554,1.5368956236294535,0.6566914700127207,0.5635928802717013,0.30035469378496804
-0.39358470947113,-0.4815052382145954,-0.9786633891963668,-0.9046972666642561,2.117383435880683,0.6566914700127207,0.5635928802717013,0.30035469378496804
1.4254755029902262,0.8385324621786664,2.343442515968923,2.3338421120410433,0.5144454997778568,0.622947741866302,0.42342206982076086,0.3662559288259662
0.973280922501183,0.43180795004235495,1.1779765335526944,1.1390016090493593,1.4643346470980498,-0.6610958240031224,-0.48758695619504183,-0.3108651944412615
1.2885397109386396,2.0674048861589935,2.7085304712944986,2.6559862326788077,4.551474375888678,0.050793340655379104,0.007729184504206895,0.9215458042066687
-0.9177495588428288,-0.6644414292151719,-0.8807753381243878,-0.8907375787505994,-0.5146010764856858,-0.6984209662016905,-0.3224018933933692,-0.44559530192559904
-0.980552132560529,-0.6997290629907,-0.5052252356456648,-0.5230379565989023,-0.10562102694504702,-0.6984209662016905,-0.3224018933933692,-0.44559530192559904
-0.9124001379715303,-0.14625630935091127,0.4235658969472605,0.3856792643056339,0.3957093563628328,-0.6984209662016905,-0.3224018933933692,-0.44559530192559904
-1.1338446468825167,-0.48208638683269656,0.07611456185311637,0.04561504056551828,0.4616738804822905,-0.6984209662016905,-0.3224018933933692,-0.44559530192559904
-0.14820722739792988,-0.3164491609628536,0.75865899758864,0.7097164607928899,-0.5146010764856858,-0.44562180332103185,-0.3741248751895719,-0.46132882804278685
1.3055860056640203,0.6558802032495191,2.280822965271819,2.2004219969255496,-0.1188139317689386,-0.44562180332103185,-0.3741248751895719,-0.46132882804278685
1.4102427083062494,1.0065153070939643,1.2736565724002704,1.3569611655424059,0.21100868882835072,-0.5411630002212555,1.2050056133624143,3.6167540227714627
1.3947907292109982,1.1114370099619157,2.246821044895366,2.220532618515164,2.1239798882926286,-0.5541027061232113,0.223898379574634,1.5572300628096805
0.28240659389861206,-0.11047201410943808,-0.5600341556744877,-0.5420767933369797,-0.18477845588839642,0.23617051948462758,0.2752372546258925,0.023782457661127958
0.212660469412072,-0.07660452442314128,-0.7775963231840065,-0.7254771472447492,0.08567609300138077,0.5848796251862101,0.3255791950483469,0.6134249739325287
1.2624519336757727,2.283658896834423,2.6440521453309116,2.6221678686047483,4.835121829602347,0.5848796251862101,0.3255791950483469,0.6134249739325287
1.2624519336757727,2.2988002431039605,1.7016278745220808,1.7319046110227274,0.40890226118672435,-1.9232518468497384,2.26799653390365,6.0342892326719895
0.973280922501183,0.43180795004235495,2.1547899825352377,2.1082950043772755,0.7189355245481762,0.38083250677885105,-0.020604742003956535,-0.09423071522014749
1.3869805564636084,1.1884251440820437,2.284948386215426,2.262439581541339,-0.1583926462406133,0.6137134727602844,0.26505048918066554,0.036664383060194296
1.379113165823496,1.2682908324068676,2.5233524876418105,2.526628325694855,2.849589653606665,0.6318994446129389,0.608681468399628,0.725957035536977
1.3388877134392854,1.5999616520994324,1.1623524294042673,1.188318300679502,2.150365697940412,0.6509798365403134,0.5407510719798126,0.4665048427323157
1.3388877134392854,1.5878188063811465,1.5155786252128463,1.5578827706515872,0.013115116469977142,0.9695052480908661,0.802404389311249,0.13415679012965373
0.9558566243052654,0.41093251609418624,-0.14678494682691703,-0.07782178006925566,0.24399095088807968,-0.2558791948439557,0.7223687223300894,1.5796349921203026
1.2447012151669763,2.4336428634319813,3.001586544939047,3.0342623895349456,0.40890226118672435,0.5423232672029789,1.0038477601117726,0.9507515685079393
1.3711877127347034,1.312539882506631,1.9688822633778549,1.9895682289593897,0.29676257018364594,0.3175541537156243,0.6748772807877191,0.8734337104788158
1.3711877127347034,1.2992177278936792,1.8260309474162866,1.826586911906983,0.013115116469977142,-0.570614198661253,0.39930535200219186,2.08433351636399
1.3632033338032492,1.3666237946694462,2.557452205388826,2.5546058547126003,0.5408313094256401,0.39878322493005386,0.7180870888709185,0.8729606661872846
1.3140087470318138,1.8068131158172467,3.1883960751106017,3.0780198020706777,3.179412274203955,-0.6359497779595173,-0.48758695619504183,-0.5848185460996427
1.2970966806697488,2.0086300678750724,1.6245563307006305,1.6068945569122493,4.300809184234738,0.48671477204299507,0.5177062227299745,0.1225622527407669
-1.5251048492287473,-0.7256928167197205,-0.287816685013627,-0.2572836488749621,-0.1188139317689386,0.48082943066172157,0.25738406130642366,0.14529213199046878
-0.4747524987388225,-0.3326291743404573,0.3046829128629952,0.32352968273687815,-0.38267202824677,0.48082943066172157,0.25738406130642366,0.14529213199046878
-0.4836645334489678,-0.7155169682452236,0.9421495200458692,0.9530278338034118,-0.2507429800078543,0.48082943066172157,0.25738406130642366,0.14529213199046878
1.3055860056640203,1.9038635712127205,1.9806229126930508,2.010352021479869,2.625310271600508,0.7799840353989391,0.7605885074503572,0.5937833452834377
1.4102427083062494,0.9608212856937277,0.1534675127635614,0.23356231913592365,0.17142997435667595,0.5877696097647543,0.9239514205418156,0.9374022507109954
1.3632033338032492,1.4287408336315635,1.826911673651304,1.853048937919221,-0.3167075041273122,-0.3030052359609297,1.393324765005356,2.5831955560998434
1.271218464148949,2.2151423471319673,1.5858899078213564,1.509448235814712,4.888553094139108,-0.3154126971931758,-0.521925583639496,-0.5146902975261487
1.3470542472383311,1.5245597850660109,1.7450429717019,1.7319046110227274,-0.02989375325590937,0.6832700328027114,0.608681468399628,0.05367243821493292
1.3711877127347034,1.2901891039804,1.9842492863049084,2.0088663703435907,2.1635586027643035,0.538438640017156,0.7137983724747576,0.5435409924661794
1.3869805564636084,1.1630467391675312,0.9543552983337619,1.0005988855765906,0.34293773706726643,0.7837068827229021,0.7180870888709185,0.5838666646078473
1.3055860056640203,1.9066832382463845,1.100373608094622,1.1949553213570465,-0.18477845588839642,-0.5883585433818338,1.2750782160413774,3.572708849451001
1.3711877127347034,1.3549277315929835,2.2386595682378894,2.1331659200532838,1.8535253394028512,-0.36759430320491915,-0.6640174971574165,-0.6505354462926373
-0.6794585628815325,-0.4268576256743935,-0.04453353033864166,-0.1167656726545985,-0.03965650282558919,-0.7165700105031841,-0.8143511135281458,-0.5848185460996427
-0.7516336372227229,-0.8035078279164938,0.20631261355581743,0.12869869189328878,-0.09902457453310122,-0.7165700105031841,-0.8143511135281458,-0.5848185460996427
-1.732765231656456,-1.5739735355734987,-0.7601706528383371,-0.8178846517105579,-0.052849407649480686,-0.7165700105031841,-0.8143511135281458,-0.5848185460996427
-1.6395629039304795,-1.4602403575623777,-0.43030715122358376,-0.4944767922185324,-0.052849407649480686,-0.7165700105031841,-0.8143511135281458,-0.5848185460996427
-1.2859444691274478,-1.4318889555488747,-0.22370934696751762,-0.29219637569062257,-0.052849407649480686,-0.7165700105031841,-0.8143511135281458,-0.5848185460996427
-0.6891673644935966,-0.7205742415948905,-0.45993280999987657,-0.4680256786932837,-0.5146010764856858,-0.26146896511716816,-0.2004884011444165,-0.4573801744666051
1.2799140097908654,2.157717291399199,2.097992314703791,2.0991955079000566,1.3455985036830256,0.7266664412198577,0.4709927342227765,0.5838666646078473
-0.4312690679461953,-0.5064953914155951,-0.16758896383929736,-0.27225111566396965,1.4643346470980498,-1.7085226062491385,-1.197277533519721,-0.9191383351487238
1.3140087470318138,1.8680563205085063,2.5694218203129897,2.627506006596829,3.179412274203955,-0.6144843316726986,1.222702122144414,3.808952985409428
1.3140087470318138,1.8084204296888409,1.5613548638950145,1.5052070640852069,0.4748667853061821,-1.206077270300097,-0.2905913290163864,4.863874781511561
1.2624519336757727,2.279325045273854,1.7514957974491197,1.8604305886472512,2.1239798882926286,-1.7186345516070725,5.850193049190905,6.430118114739496
1.322365941109978,1.7910639533745736,2.5159911594352335,2.523768519731148,-0.2507429800078543,0.498467180493141,0.4944546904593177,0.3358941703336624
0.9767321113932211,0.43391195900583274,1.5742356215738897,1.585531067374137,0.21100868882835072,0.4734543359187838,0.48026210911901146,0.4348257265665921
1.271218464148949,2.190968523207082,1.592684476058921,1.5800874789091532,1.7941572676953392,-1.5393196120503045,1.4585490471327769,5.551753067375681
-0.09083426042645906,-0.2792982038489798,-1.079196174040483,-0.9831047997109688,0.9366184541423872,0.7210248194994728,0.7394248922067705,0.46228746463365034
1.2885397109386396,2.042870355430905,2.7627819708652686,2.6922162519113764,1.7347891959878274,-0.1671834644556152,-0.1671142560288904,-0.34710988531808445
1.4025445103276715,1.073925606883536,2.1749900018099577,2.1681891739098043,-0.2375500751839627,0.8059928380773838,0.4138022870940886,0.2516399733104074
-0.4205167453531169,-0.40799839695968176,-0.4854511789980518,-0.41606925917181975,-0.5146010764856858,1.0134565068428871,0.8044775829205376,0.4683628474736231
-1.0908200376226669,-0.7055805738613335,-0.8884192927906968,-0.7965603312847983,-0.5146010764856858,1.0134565068428871,0.8044775829205376,0.4683628474736231
1.355159146232682,1.4983636490817613,1.5165351277495562,1.6816934049205712,-0.2507429800078543,-0.6180562738485068,2.1719659824977753,3.927387270241429
0.6504241175051404,0.2160957798696709,0.3691027167636578,0.40039673421165806,-0.18477845588839642,0.6133108081281022,0.42342206982076086,-0.06973803512898227
1.2624519336757727,2.2959207173057243,3.461486411097918,3.432143718512742,-0.1781820034764507,0.6133108081281022,0.42342206982076086,-0.06973803512898227
-1.1928183505309369,-1.0002495403559968,-0.9337738708720896,-1.0872596098589444,-0.25733943241980006,-1.8993196427408354,-1.9104158910962585,-1.316642328827688
-0.9650290840751382,-0.8451195377340163,-0.5869031773792874,-0.747542607402135,-0.2639358848317459,-1.8993196427408354,-1.9104158910962585,-1.316642328827688
1.2357146018937042,2.5254301850533705,3.0405005985598295,3.029873256829951,5.567328047328329,0.7432016666634788,0.5177062227299745,0.5083838090189468
1.4330116322984299,0.7451112320279458,-0.829152085084262,-0.8685385100001014,-0.5146010764856858,-0.13865321058189395,-0.45369721256614204,-0.15766510621348245
1.5630608459828115,1.1777361255618337,-0.7423743690007438,-0.6213460329976562,0.08567609300138077,1.4002614623604412,1.151179559433104,0.6134249739325287
1.3711877127347034,1.2992051227899493,1.4851753449192635,1.5696274019014296,-0.1188139317689386,-0.5235653486763505,0.7605885074503572,1.6975324067896878
1.3711877127347034,1.2992156113867765,2.270272947302883,2.2297247793512542,0.41549871359866997,0.4345152549904055,0.07449326382993063,-0.18544632465916253
1.154149691379576,1.0378094198138554,0.19067970874787848,0.2607136033563686,0.0460973785297061,0.7332412543610031,0.8127538181064009,0.6746273922385275
1.417886114375874,0.908889594650813,-0.035058197732619506,-0.06530433538636958,-0.2045678131242338,-0.48969714279139104,-0.3224018933933692,-0.23784724093376428
0.8410176814753855,0.3428252466327252,0.2979886735586853,0.2589356926957971,-0.415654290306499,-0.48969714279139104,-0.3546076301619808,-0.23784724093376428
1.3055860056640203,1.9013994154873401,2.6665275337688743,2.5844135605975227,1.747982100811719,-0.48969714279139104,-0.3224018933933692,-0.23784724093376428
1.322365941109978,1.7738257526676677,1.688893859456031,1.7104326606484526,0.6859532624884472,0.6566914700127207,0.608681468399628,0.30035469378496804
-0.3611628049033604,-0.5510548468666215,0.07977735390966535,-0.0074055197052556995,-0.4677662643608707,0.8649978066327709,0.7542575434488648,0.475644090028877
0.0992544504852779,-0.3844013491250989,0.5090609515996241,0.5704018047221088,-0.48887491207909717,0.8649978066327709,0.7542575434488648,0.475644090028877
-0.20536061475596926,-0.5792170989206485,0.7053158128262347,0.7737727114690661,-0.47898023346117846,0.8649978066327709,0.7542575434488648,0.475644090028877
1.3140087470318138,1.8573630689744915,1.4353983889523105,1.4241492383755254,-0.09902457453310122,0.2993442998227721,0.1556008734869354,0.007888382456544088
1.3140087470318138,1.8680542040016042,2.95150092315309,2.909200503418029,0.4748667853061821,0.2993442998227721,0.1556008734869354,0.007888382456544088
1.2624519336757727,0.6222848180204102,-0.14826182818460817,-0.10592947153158858,0.17142997435667595,0.6126300481916142,0.42342206982076086,0.040848965902611806
1.3306586002270746,1.6751755093341987,2.030244018168519,2.032269057338728,5.752028714862811,0.36182273950659977,0.4709927342227765,0.5332904143359085
-0.8228571268113247,-0.7667649005324032,-0.869736102673811,-0.8341443129637959,0.7717071438437425,0.4631367059367661,0.17152228567767072,0.05367243821493292
-0.5482097780445688,-0.5850821553903295,-0.5529273276096656,-0.5262840461562559,0.06588673576554338,0.4631367059367661,0.17152228567767072,0.05367243821493292
-0.6477155419363306,-0.6495617266687629,-0.2430813040712867,-0.2226074189470175,0.09886899782527234,0.4631367059367661,0.17152228567767072,0.05367243821493292
1.3947907292109982,1.1029058657183515,-0.5557879611469332,-0.5827094488149303,0.07907964058943497,-0.9402694561046318,-0.2905913290163864,-0.6283130793593078
-0.30667823551203865,-0.42281666395241146,-0.37988576044165817,-0.5155213759818105,-0.5146010764856858,-2.049827476892917,-1.5731054201062395,-1.186404107534013
1.3711877127347034,1.2943169694744436,1.4282324189168019,1.5172576345063682,0.4682703328942363,-0.3778600954701494,1.3264170910926358,2.7810978403176243
1.322365941109978,1.7437479939644118,2.041628049648931,1.9858902665122637,2.4735918661257554,0.2566260776704183,-0.1671142560288904,-0.3108651944412615
1.355159146232682,1.4863733128060648,2.3209561791722435,2.269462200682298,0.013115116469977142,0.20019495427130823,-0.22811774048415603,-0.14155696542136542
1.3711877127347034,1.3019138779315083,1.837840260157935,1.8578557940171154,-0.18477845588839642,-0.5247368296945878,0.6309350683009599,2.2260362331198915
1.4025445103276715,1.065062570808799,1.3334848360861609,1.4785789780964056,1.2598446223277306,-0.5153717440417865,1.9015319578077918,3.572708849451001
1.3140087470318138,1.8292331740925662,3.344292667346463,3.229555391030841,1.2070730030321644,-0.7238459071461023,-0.521925583639496,-0.9067283424754892
1.2970966806697488,2.00252997857848,2.339452653753346,2.2816869209606283,0.7123390721362304,0.3778351937177049,0.17152228567767072,-0.0348274808101084
1.322365941109978,1.7622313503924696,3.056785977222999,3.0166818972792737,0.8706539300229292,0.3778351937177049,0.17152228567767072,-0.0348274808101084
1.379113165823496,1.2741224511724156,1.9622914566368688,1.9998861061838318,4.4987027565931115,0.5762008328247747,0.5177062227299745,0.661448044974498
1.4330116322984299,0.7925795763496041,2.1424124117432775,2.098148046781261,0.6727603576645557,0.09087966737551322,0.007729184504206895,-0.20703824838611481
1.3711877127347034,1.2956840062056247,1.8126223292081571,1.8342493917325862,-0.1122174793569928,-0.46645694142863653,0.6309350683009599,2.1918279373294394
1.417886114375874,0.909573353406548,1.5258834722462848,1.5634998617517684,1.4643346470980498,0.8106247528621325,1.5995672275766375,0.7883719553510057
-0.16803352626567233,-0.32979644599631863,-0.07577689191408157,-0.06305212515352879,0.1450441647088929,0.5916206351863684,0.11806619656814742,0.04475840233773463
0.023862516965888488,-0.20230795322194947,0.46613172306244205,0.46784957369699753,-0.2507429800078543,0.5916206351863684,0.11806619656814742,0.04475840233773463
-0.09083426042645906,-0.2785830855113172,1.2669449336753411,1.2518596686767267,1.0685475023813027,0.5916206351863684,0.11806619656814742,0.04475840233773463
-0.9184201139812638,-0.6552764540977358,-1.4423851901070712,-1.4259778225265598,-0.5146010764856858,0.025329023168463697,-0.15508393991585423,-0.27371482399181846
-0.2501347150669949,-0.29349067609559526,0.20710144312986792,0.18939389078703667,-0.2507429800078543,0.025329023168463697,-0.15508393991585423,-0.27371482399181846
-0.39358470947113,-0.48208638683269656,-0.4015034417035923,-0.40685421026276375,1.7941572676953392,0.025329023168463697,-0.15508393991585423,-0.27371482399181846
0.05682348853925495,-0.1807970960556342,0.7467966330708675,0.7179330870452354,0.32974483224337486,0.025329023168463697,-0.15508393991585423,-0.27371482399181846
1.3470542472383311,1.553545713534801,1.0048654624605966,1.0333927613734046,-0.32990040895120376,-0.8440250131983554,0.5407510719798126,3.474654174497514
1.3632033338032492,1.4186621385631017,2.3068027646676956,2.2653397257568204,-0.052849407649480686,0.4246122321476483,0.06348463382677073,0.09681031920552005
1.4330116322984299,0.8014985049621978,-0.8370853500472792,-0.8685385100001014,-0.5146010764856858,-0.345982852629296,-1.733519165854103,-0.3288796662277286
1.379113165823496,1.28265359541598,1.6641593036874036,1.6576316423399864,3.3773058465623276,0.2402675324764442,0.3005304159325704,0.09702403470750479
1.3869805564636084,1.2090281217748222,1.3602783300971193,1.4509054368322052,-0.1913749083003422,-0.31721968021865876,1.3094168434858315,2.1101030210321743
1.4025445103276715,1.0622253107932687,1.7913060213589989,1.873165356698841,0.019711568881922933,-0.31721968021865876,1.3094168434858315,2.1101030210321743
0.973280922501183,0.43180583353545254,0.7362376686425053,0.8408048411087065,0.7453213341959594,-0.31721968021865876,1.3094168434858315,2.1101030210321743
0.9444404077074628,0.4965585948336316,-0.016957916151113042,0.03932304160789784,-0.5146010764856858,0.8087724404770398,0.6180512570816882,0.2955527809699123
1.2885397109386396,0.6419924043764884,-0.03029593713028204,0.06697133833044774,2.117383435880683,0.6271193085378294,1.05890902097095,0.9686280656648044
1.2885397109386396,2.0439187781788037,1.437977891728741,1.4677677599240588,1.7281927435758817,0.9206717132506063,0.802404389311249,0.4880911661763683
1.3632033338032492,1.4062434397052774,1.606636169341017,1.7319046110227274,0.4748667853061821,-0.5060220836966113,1.8047329841850803,2.5007455250674853
1.3711877127347034,1.347750041320476,1.8502048893607825,1.9690977543662982,0.34293773706726643,-0.5060220836966113,1.718784942864113,2.4722389784953682
1.4025445103276715,1.0276356878462611,1.915265972711267,1.9134586777269669,1.2664410747396766,0.5733049508197494,0.5635928802717013,0.4267990939669168
0.8642239774608411,0.3590085794831242,1.1539320019974315,1.1671409145005773,-0.2771287896556375,0.5316341390266083,0.39930535200219186,0.4267990939669168
0.5127908460724738,0.1244677565999269,0.8662311748141766,0.8856668296544103,-0.33649686136314955,0.5316341390266083,0.39930535200219186,0.4267990939669168
0.1325363090110747,-0.13011635965959936,0.4467166670708526,0.47417432224630424,0.07907964058943497,0.5316341390266083,0.39930535200219186,0.4267990939669168
0.6473068612689573,0.2134367048253515,1.704972052667325,1.7063328294935405,-0.31011105171536635,0.5316341390266083,0.39930535200219186,0.4267990939669168
1.379113165823496,0.702234549978699,2.7275341354093907,2.7047409174658923,-0.30351459930342056,0.5316341390266083,0.39930535200219186,0.4267990939669168
1.3306586002270746,1.670709041523113,0.6948236741794627,0.7349911671371043,2.051418911761225,0.7454314541890156,0.5862351942408215,0.7970230248649431
-0.5340483330135453,-0.5763148381666329,-0.32251184228126584,-0.31272242967454567,-0.5146010764856858,0.3638267682136429,0.06348463382677073,-0.22894085791882762
-0.4227797429519236,-0.29683472832489505,0.4246216116698714,0.42332367210606664,0.49465614254201945,0.3638267682136429,0.06348463382677073,-0.22894085791882762
1.4102427083062494,0.9899532911231677,1.2694577655398147,1.3863379662856439,0.40230580877477856,-0.6132941835912382,1.5842720299952895,3.567112500867882
1.3055860056640203,1.908301527244544,1.549983209080337,1.585531067374137,0.8046894059034715,-1.698428642259129,0.5635928802717013,5.489613619123172
1.0595927865277983,0.4871382079629471,0.5598608102749423,0.5400016195214955,3.7401107292193463,-0.1004721511167055,-0.357850317852099,-0.2720484761588216
1.4102427083062494,0.9454640559252553,0.9957147725204776,0.957852767046048,-0.1583926462406133,0.39643291724485985,-0.1974365721042361,-0.14289068073697012
1.417886114375874,0.930824492819014,1.8339540887428414,1.7787759692364795,0.3099554750075375,0.39643291724485985,-0.1974365721042361,-0.14289068073697012
1.4102427083062494,0.9584013519795516,2.190630960419808,2.1281609916585063,0.5408313094256401,0.39643291724485985,-0.1974365721042361,-0.14289068073697012
1.3470542472383311,1.5292977711454747,0.5005515274781321,0.4956200368810483,3.934706075371747,0.015750376237502573,0.06348463382677073,-0.20703824838611481
1.3388877134392854,1.6012874845150213,2.372498331343503,2.330457485198064,-0.3167075041273122,0.015750376237502573,0.06348463382677073,-0.20703824838611481
0.8819328784809033,0.37056474534341494,1.9841819247675458,1.9262822796521857,1.4511417422741584,-0.2897254954141728,-0.191997970851419,-0.3459915671665758
1.4102427083062494,0.7245082543351674,1.4062806504743421,1.4145393750045954,2.1899444124120864,0.6709454607296338,1.0400541853529748,0.5435409924661794
1.417886114375874,0.929525056466934,-0.14567028414064243,-0.1240834671206846,1.1740907409724355,0.3947990792997489,0.17152228567767072,1.5349368483939483
1.2885397109386396,2.0995134201100583,2.254621813322163,2.226237122499486,1.8403324345789598,0.3947990792997489,0.17152228567767072,1.5349368483939483
1.2885397109386396,2.0708170665066,1.7109264377682183,1.7419659966338672,-0.40246138548260735,0.025329023168463697,0.7116513508445873,1.0135476046068599
1.271218464148949,2.228854382603926,2.24578831688305,2.2379394585459766,3.7203213719835087,0.6870568316447808,0.39930535200219186,0.17551385605654635
-0.6848415015673848,-0.6752696450022838,-0.5927383004214448,-0.5951551401053935,0.15164061712083868,-0.11789448976200231,-0.1671142560288904,-0.4344019792525525
-0.37725140573116384,-0.47123620470462435,-0.15511902236929465,-0.16639895465080287,-7.778835391444127e-05,-0.11789448976200231,-0.1671142560288904,-0.4344019792525525
-0.6168839309353916,-0.6285903232343031,0.2678452676764786,0.24781142148585233,0.5342348570136942,-0.11789448976200231,-0.1671142560288904,-0.4344019792525525
-0.2991155703183075,-0.4178192413969019,-0.8570325734915993,-0.8511316699692889,0.40890226118672435,0.2729376154858291,-0.1371424948145019,-0.5122558162876203
-0.6118303026947834,-0.6253294786332693,0.4713023019343356,0.41481321216446204,-0.38267202824677,-0.3961563603150609,-0.45369721256614204,-0.5705554109841967
-0.41435700158413014,-0.4938170655331339,1.1146555052527733,1.0404776572230265,1.398370122978592,-0.3961563603150609,-0.45369721256614204,-0.5705554109841967
1.3470542472383311,1.5308646645108797,1.6297430712507839,1.6377728304345098,1.0685475023813027,-0.49668779792830486,2.0209021792555073,3.2048488086404645
1.322365941109978,1.7622334668993722,1.2534675258596573,1.286013397380072,1.1345120265007607,0.8429427570173385,1.187187478136243,0.22668523246079825
1.3711877127347034,1.3362516851042965,1.5844828228469872,1.5746015274620797,5.4156096418535755,0.3858245141832879,0.24455608624597253,0.05016450866875933
1.3711877127347034,1.3099088629207913,1.8185347519135049,1.762090191359971,0.8046894059034715,0.09613317191870467,-0.25916635673801813,-0.365561082139835
1.355159146232682,1.4501040560016112,1.4893939991822311,1.5112580986913955,2.915554177726123,0.2932613437981674,0.802404389311249,0.47029362722658197
1.355159146232682,1.438567647026734,2.8051034879579695,2.7672785653815004,1.0685475023813027,0.2790423781323937,0.19784259773877455,0.5516412345064037
1.4025445103276715,1.0224543065522858,1.8046067680776712,1.758705113051092,-0.2375500751839627,0.41469190237045883,-0.09869014117725176,-0.31804542049059825
0.034962295569632845,-0.19521068905719283,0.9806596909237086,0.9842480443734845,0.7387248817840136,0.4246122321476483,0.26249753134732456,-0.06500101781718956
0.09665106976952748,-0.15359265854326917,-0.10547894925704471,-0.09408144132249402,-0.5146010764856858,0.38382823800524923,0.03575679229395902,-0.03333439084239501
1.3632033338032492,1.3884358664485827,1.3969549239203067,1.5033815787234925,0.45507742807034474,-0.4110656215983305,1.4905559779912216,2.4284524954930373
1.4254755029902262,0.8612789839462861,1.3286020527886078,1.3120649976029024,4.379966613178087,0.20328752381320242,0.11806619656814742,-0.06347805110681766
1.2970966806697488,1.9825101085245045,2.9622534510316934,2.9125100926109027,0.4682703328942363,0.20328752381320242,0.11806619656814742,-0.06347805110681766
1.3470542472383311,1.5067279651300465,0.3101879800163223,0.388647442178122,0.010476535505198843,0.7762587448608081,0.9436665609529048,0.651963870368031
1.417886114375874,0.8814089848456186,1.5320228170371832,1.5634998617517684,2.1899444124120864,0.4493374705332273,0.6965722063047625,0.3591343942758567
-0.07237144430854714,-0.2655672619074245,-0.5720375288969147,-0.5328214148301984,-0.052849407649480686,0.5636413270119462,0.3005304159325704,0.04680564072350771
-0.2767419689955323,-0.40269273030133074,-0.18676803478080878,-0.1554193461138979,-0.052849407649480686,0.5636413270119462,0.3005304159325704,0.04680564072350771
1.3711877127347034,1.3572743605759996,1.8745158473917505,1.8604305886472512,4.6174389000081355,0.2627483985088292,0.17152228567767072,0.2936518440735668
0.9393348519759575,0.4085872095435192,1.1781678543000271,1.1279842652857743,-0.07263876488531806,0.15983747155978761,-0.2905913290163864,-0.24086642053867213
1.4254755029902262,0.8582134367035917,1.3822078354507876,1.3278715163942238,-0.3892684806587158,0.15983747155978761,-0.2905913290163864,-0.24086642053867213
1.4330116322984299,0.7579835173396811,0.39415095439529446,0.3856792643056339,3.4894455375654063,-0.021654332936087445,0.007729184504206895,-0.15766510621348245
1.2357146018937042,2.496444412767912,3.337643804335724,3.3267275416469104,3.212394536263683,0.7958264387566969,0.5862351942408215,0.3145989640427161
1.0489071857344114,0.4832437462455329,-0.8916583385179894,-0.8720720572645257,-0.09902457453310122,-0.031312658601802955,0.007729184504206895,-0.20003550979400092
0.30882758179487346,-0.011508078518645168,-0.7473279166745469,-0.7112354264394538,-0.2507429800078543,0.3548030621212076,0.11806619656814742,0.05367243821493292
1.3306586002270746,0.6688018276913553,2.0376033843110886,2.0162635127527353,1.127915574088815,0.3548030621212076,0.11806619656814742,0.05367243821493292
1.3632033338032492,1.4011688624756313,1.4174336763076603,1.48611181418986,1.2400552650918935,-0.4629791033210215,1.0776277194045394,2.395522487413371
1.3388877134392854,1.623837950115393,2.4481135170012105,2.495260013990024,0.7189355245481762,-0.4629791033210215,1.0776277194045394,2.395522487413371
1.3632033338032492,1.421103054475294,1.4021404639581754,1.5332058743825172,-0.04625295523753498,-0.5001863565929772,1.7621151181256545,2.962474419891067
1.3711877127347034,1.2888020164762324,1.70548938079552,1.8304285628490606,0.5474277618375858,-0.5001863565929772,1.7621151181256545,2.962474419891067
1.2970966806697488,1.9526584872443709,1.7293908720142077,1.8640926291072542,0.8046894059034715,-1.0974783295259067,2.147392068933333,4.740179608817973
1.271218464148949,2.222823863978312,1.4917438847247981,1.4929469080513083,1.0025829782618452,-1.5057974009227564,0.3503882692524591,5.64045029649572
1.2970966806697488,1.9566144188542605,1.7721589256375434,1.8203963895493538,0.8772503824348751,0.43055611882031936,0.9279064609278724,0.914356157726043
1.322365941109978,1.7418543707128291,3.0169382019582986,3.051415089851446,2.1899444124120864,0.5014014846441576,1.05890902097095,1.0292213430377655
-0.6477155419363306,-0.6521497466845363,-0.4660395178347212,-0.5241183264705146,-0.15179619382866752,-0.827935752170895,-0.7531676611112474,-0.652775630802974
-0.39770714838886934,-0.4838253485659773,0.3237596646740505,0.2485344381679498,3.1134477500844966,-0.827935752170895,-0.7531676611112474,-0.652775630802974
-0.161384006448676,-0.32498411724848647,0.9880125736224648,0.8968462365655935,-0.15179619382866752,-0.827935752170895,-0.7531676611112474,-0.652775630802974
1.3711877127347034,1.3138492704626412,1.4531943083209755,1.509448235814712,-0.07923521729726385,-0.5753406029757353,0.9436665609529048,2.3894579172400205
0.5355473980850073,0.139107645749543,-0.6553545832453438,-0.5827094488149303,0.07907964058943497,0.2993442998227721,0.3005304159325704,-0.03333439084239501
1.3711877127347034,1.319304789483835,2.3217608789979,2.347772374377217,1.2400552650918935,0.7846372131771248,0.8086190030827829,0.39446983199121816
1.3470542472383311,1.5653861064321704,2.926018315646282,2.9510586224321806,-0.5146010764856858,0.7818457642623821,0.9239514205418156,0.47029362722658197
1.3140087470318138,1.8573630689744915,1.9955383760750809,1.9995847848698833,2.664888986072183,0.7360567018455613,0.4709927342227765,-0.03333439084239501
-1.1338446468825167,-0.617285858720328,-0.5652397836217358,-0.5241183264705146,-0.5146010764856858,0.6585940714227733,0.3255791950483469,0.14396443447931034
-1.0548462459459282,-0.3326291743404573,0.17764225947592893,0.20378491442995567,-0.5146010764856858,0.6585940714227733,0.3255791950483469,0.14396443447931034
-0.042288412240895724,-0.2459386626899759,-0.1536949119870484,-0.18219661750811256,0.07907964058943497,0.046557212657486365,-0.3546076301619808,-0.19680868646366537
0.02942674713082628,-0.19785820417136413,0.7674652625472564,0.7201574629215945,0.40890226118672435,0.046557212657486365,-0.3546076301619808,-0.19680868646366537
1.3869805564636084,1.191931656447795,0.8718974277207829,0.9395999763210527,1.2664410747396766,0.8161780661246284,0.7051995968630647,0.3591343942758567
-0.4615216042394866,-0.45411077667230265,-0.14469017944243406,-0.09290751731556951,0.013115116469977142,0.877823789744952,0.5315576989763434,0.20642263576408912
0.1890054597130159,-0.09170104483228679,0.357943082872045,0.3992305781090787,-0.052849407649480686,0.877823789744952,0.5315576989763434,0.20642263576408912
1.3711877127347034,1.298133575109535,1.6759633637079272,1.7185614769589248,0.09227254541332655,-0.4943566228426727,0.8435564989172806,2.0694098174161275
1.3947907292109982,1.1332447738570188,1.8266916435820633,1.8640926291072542,0.6925497149003931,-0.4943566228426727,0.8435564989172806,2.0694098174161275
1.3388877134392854,1.6026070507067014,1.7684398951654086,1.7978900542723,2.1899444124120864,0.9631986243525134,0.7180870888709185,0.9215458042066687
1.322365941109978,1.7244184283598518,2.1815246990824235,2.2161129099734556,4.135897873936093,0.7002907689550436,0.8840655804378531,0.5738849560534832
1.3140087470318138,1.8522818206690561,0.9465671061435351,0.9530278338034118,-0.013270693177806025,-0.54233811900275,0.24969489559996105,3.296294850817887
1.3869805564636084,1.1770115498969964,1.766073467873409,1.811007466700118,0.21100868882835072,-0.5694332122315833,0.8840655804378531,2.5120003275416574
1.2885397109386396,0.6432582730078658,1.5522304631453454,1.5291056647154626,0.11865835506110972,0.5954690497430916,0.12076534149728542,-0.048331606735046585
-0.015915883159325822,-0.22876660299306836,0.19411947344631358,0.36147289628203766,3.970986563637449,2.666081323253358,1.8742419324493307,0.7892415384080956
1.3140087470318138,1.8622432821752222,2.740744479647158,2.712018648210945,1.286230431975514,0.44044878645792945,0.3005304159325704,0.8124745178770258
1.2970966806697488,1.9695415328534023,1.0616351506646806,1.0859735199696436,-0.052849407649480686,-0.7299162865651085,1.928537706900691,3.5359593091637556
1.3055860056640203,1.928296834655994,1.3135155004363954,1.458738197452923,-0.18477845588839642,-0.748166472429678,1.8879228532224464,3.864141166105906
1.3055860056640203,1.9018565371862088,1.555242815397976,1.6864087482761105,1.2664410747396766,-1.1391020632633235,1.5995672275766375,4.953461635222583
1.3947907292109982,1.1360426458456534,1.1245008885907157,1.2163328957751929,1.2004765506202186,0.9161287668266546,1.2750782160413774,1.3733403221668126
1.355159146232682,1.5000515054619663,1.647251655794663,1.7319046110227274,-0.3167075041273122,0.9161287668266546,1.2750782160413774,1.3733403221668126
-0.4713694887663078,-0.34919119031125395,-0.6264151546205557,-0.5827094488149303,-0.5146010764856858,0.626162798087555,0.29271589471830145,-0.05255744157289016
-0.15939715293222637,-0.2014142443646149,0.20934178581953478,0.23797741417298524,-0.31011105171536635,0.7650681818402536,0.3503882692524591,0.12121457217461405
1.2536132498771215,2.3496616000000983,2.6777209206799135,2.6810716032917963,3.4894455375654063,0.9252110267701911,0.6019679683935673,0.44978860472398724
1.2447012151669763,2.4695089784938435,3.963184585488623,3.945759599893499,4.584456637948406,0.9252110267701911,0.6748772807877191,0.44978860472398724
1.355159146232682,1.4631504077705757,1.6388132870285903,1.7493114510535404,-0.38267202824677,-0.46920594091764284,2.0209021792555073,3.2641403512913776
1.2970966806697488,2.0160790671024746,3.169160700387963,3.142949398499078,0.4748667853061821,0.6227754553118096,0.42342206982076086,0.2544466570258686
-0.6068003449308129,-0.0209725772530967,-0.4814644939132591,-0.4541834711904066,1.0685475023813027,0.2494750142255669,0.10724142731257412,-0.167412450726255
-0.3603646673569137,-0.1630649215831151,0.027860636117584082,0.04416801740279652,0.8706539300229292,0.2494750142255669,0.10724142731257412,-0.167412450726255
-1.3481602518653335,-1.2272921031896902,-0.7329104328250206,-0.7070184176331631,0.5408313094256401,0.3858245141832879,0.19784259773877455,-0.20369641367387487
1.2720911939973156,0.5260364013762913,-0.9254394458631493,-0.8685385100001014,-0.5146010764856858,-0.5635319628657516,-2.0251215401650295,-0.46132882804278685
1.4254755029902262,0.8433423415528416,1.3993603704235138,1.3569611655424059,1.0685475023813027,0.1421555532195244,-0.8929185948959117,-0.34710988531808445
-0.2746212084641703,-0.32858821261847526,-0.3650807687516081,-0.35395881599816886,-0.5146010764856858,0.20843806518257865,0.06513891132856196,-0.12593465846038904
-0.22118344782572746,-0.30512232716341253,0.047515080238739044,0.05375920213398161,-0.5146010764856858,0.20843806518257865,0.06513891132856196,-0.12593465846038904
0.16969897982987053,-0.1057004686801861,0.4125018819648695,0.41195340620075505,0.2769732129478085,0.37383631278181056,0.09091905354157294,-0.25313096472295427
1.3470542472383311,1.5083785993727648,1.6652234716448189,1.6910927602152468,0.21100868882835072,-0.2581144424624201,1.506412470664487,2.5148010736860367
1.4254755029902262,0.8102055614255393,0.06068048074909622,0.014585724396553049,0.6067958335450979,0.4660893256411756,0.4709927342227765,0.10903145164825394
1.379113165823496,1.2206002025073508,1.628912962805416,1.5860731213825818,1.2664410747396766,0.3094680964312576,-0.12525014152885416,-0.25806666117438565
1.3632033338032492,1.4104244370038936,2.698914591827272,2.6336627374627923,0.6067958335450979,0.3094680964312576,-0.12525014152885416,-0.25806666117438565
1.3140087470318138,1.8680386051203963,1.5405879312651825,1.5291056647154626,-0.052849407649480686,-1.1718343143449215,0.4709927342227765,4.599631233818065
1.2799140097908654,2.1219334783853783,2.2856714089403387,2.262231971113319,2.592328009540779,0.4136989151810552,0.24969489559996105,0.1225622527407669
1.3711877127347034,1.3511127018009526,3.019732730867315,2.9807479663874763,0.8508645727870918,0.4136989151810552,0.24969489559996105,0.1225622527407669
1.3388877134392854,1.583909303649327,1.3915220200940388,1.4548326960327214,0.6067958335450979,0.9928686960798784,1.0210612178400227,0.6036358398739671
1.322365941109978,1.7777994413810554,2.3072072194515245,2.35272063659969,4.4987027565931115,0.9928686960798784,1.0210612178400227,0.6036358398739671
1.355159146232682,1.4811254483748555,2.3273950738579754,2.289720525890193,-0.1188139317689386,0.44341322794949267,0.11806619656814742,-0.03333439084239501
1.2970966806697488,1.9842240724292493,1.9393545060782804,1.9499579034647518,-0.3167075041273122,0.6414476575518007,0.5177062227299745,-0.03333439084239501
1.3140087470318138,1.8043651247443364,2.88001860649328,2.7990112342053366,3.5751994189207013,-0.3210614301239927,-0.25916635673801813,-0.42038941016007403
1.2357146018937042,2.522452194731878,1.6957153185743354,1.8997032909894251,1.3324055988591346,-1.900812453072579,2.589017279409599,6.724015730023656
1.3632033338032492,1.397755168427634,-0.541116113706076,-0.47404228309588314,0.2769732129478085,0.6242492935173536,0.8638901597822777,0.2013145601651859
1.2624519336757727,2.2558266707531236,3.22283485506843,3.2194808435865387,2.453802508889918,0.5775613871796323,0.634621813100423,0.2831576811577208
1.3388877134392854,1.5878359102446233,1.9771161442182679,2.0414168412223224,0.7387248817840136,-0.5282527240490135,1.5688860591967175,3.0476265973634447
-0.1848397224625893,-0.3408289907698715,-0.38629877666959517,-0.39325363657146806,0.1450441647088929,0.07508991796282077,-0.1671142560288904,-0.24609707372443454
-0.09083426042645906,-0.2792982038489798,0.23388987824977608,0.2148625170178313,0.34293773706726643,0.07508991796282077,-0.1671142560288904,-0.24609707372443454
0.1793956057037581,-0.09864274543754946,1.1127106775752782,1.074871854259332,-0.052849407649480686,0.07508991796282077,-0.1671142560288904,-0.24609707372443454
1.3140087470318138,1.8665078496998648,1.8153341927335562,1.7990926838558472,2.1239798882926286,0.4345152549904055,0.223898379574634,-0.09902388017823992
1.3306586002270746,1.6861443670135248,2.253929849134172,2.246059513687161,0.6397780956048267,0.4295659031608138,0.4186166403258132,-0.0880302785409686
1.2441291560926877,0.9196659951517232,0.5125012021594896,0.6317397095135129,0.8706539300229292,0.7547907493905212,1.4423961695188927,1.3313043740707828
1.3711877127347034,1.3520712791398766,1.8188144870264136,1.8455891730348417,0.3033590225955917,-0.42141040552524167,0.7180870888709185,2.3741899346750404
1.3470542472383311,1.5736614033467768,2.500164206578225,2.477431575130241,1.063929985692941,0.6213778266723388,0.30807049435539335,0.40457672703358727
1.2536132498771215,2.3636023307496634,3.605276770482854,3.5633766148150228,0.23739449847613386,0.6213778266723388,0.30807049435539335,0.40457672703358727
1.3140087470318138,1.8288472154913982,0.3409249540483451,0.358387809505788,2.2493124841195984,0.3858245141832879,0.24969489559996105,0.2392137402222713
1.2624519336757727,2.2822361106262616,2.367176070808675,2.3416769454116575,0.5408313094256401,0.26682628033201006,0.223898379574634,-0.1500359853966322
1.3306586002270746,1.7131944512728192,2.0024511725814693,1.9656274617300513,1.2070730030321644,0.0771977572940399,0.03575679229395902,-0.20871192101216243
1.3140087470318138,1.8019851668280062,3.2539497295713,3.191593253482319,0.07248318817748918,0.0771977572940399,0.03575679229395902,-0.20871192101216243
-0.28638001936449275,-0.3293933172998598,-0.10390863158731249,-0.032254163930215775,-0.3167075041273122,0.9230326092998217,0.6965722063047625,0.2392137402222713
1.3711877127347034,0.6949948141862177,0.5874958378821208,0.6375898775552283,0.3033590225955917,0.827268420522674,0.6748772807877191,0.2392137402222713
1.3470542472383311,1.506725848623144,2.737779413098089,2.7414536554577698,0.6727603576645557,0.827268420522674,0.6748772807877191,0.2392137402222713
1.3388877134392854,1.5864692175222919,1.0910355452749418,1.0969030598817007,0.7387248817840136,0.2983309263926521,0.5635928802717013,0.5838666646078473
1.355159146232682,1.453858174806468,1.426841994844214,1.4214169047096867,1.3324055988591346,0.2983309263926521,0.2599420570445445,0.5838666646078473
1.3869805564636084,1.156266048432003,2.1608610713265426,2.1726830266929062,0.3165519274194833,-0.44100213978732317,0.608681468399628,1.3792518057129979
-0.3219652412573516,-0.3408289907698715,-0.5319587824079569,-0.5780254368757941,0.07907964058943497,-0.9301937290238701,-0.5919981863184592,-0.7192180029925622
-0.4881484398350866,-0.3620534215217884,-0.012675859968913213,-0.06983045817890235,0.013115116469977142,-0.9301937290238701,-0.5919981863184592,-0.7192180029925622
1.3711877127347034,1.3292510725753104,0.4701479283343082,0.5032137318889892,3.6807426575118343,0.7529201244753438,0.4709927342227765,0.5644179061580654
1.2885397109386396,2.023254808032258,2.322032848852349,2.3186733459758484,1.9722614828178755,0.7529201244753438,0.4709927342227765,0.5644179061580654
1.2970966806697488,1.9986218804107603,2.0072188066232086,2.0288078006146173,4.445931137297546,0.7116096386152211,0.6879160097145345,-0.10984321208319692
0.3300096101217278,0.002527406501649506,-0.12252478522940798,-0.08823127328077834,0.1450441647088929,0.47984794691176297,0.3230851799736037,0.3740524679173157
1.4102427083062494,0.7207314022209279,2.4864483380286746,2.460865816953718,0.8046894059034715,0.47984794691176297,0.3230851799736037,0.3740524679173157
1.4254755029902262,0.8102055614255393,-0.820170363510616,-0.7112354264394538,-0.3167075041273122,0.7985739038355657,0.8840655804378531,0.2516399733104074
1.3140087470318138,1.8235628522967893,2.5984871608156057,2.5762149398413685,2.058015364173171,0.3952573983737788,0.37496218281690186,-0.15620190180072008
1.3947907292109982,1.1114370099619157,1.3762950683053603,1.4227843953485053,0.1252548074730555,-0.4990199307687314,0.8230620959825874,1.7993591522111878
1.3140087470318138,1.8419277434840797,2.884167147322631,2.900857906604554,2.7110641529558035,-0.4990199307687314,0.8230620959825874,1.7993591522111878
1.3470542472383311,1.506725848623144,1.4792198418322955,1.5305727645233476,0.17802642676862174,0.803211873906265,0.8940947166211441,0.6036358398739671
1.2970966806697488,2.014639117321899,2.806319565933673,2.8105521392250026,0.013115116469977142,0.803211873906265,0.8940947166211441,0.6036358398739671
1.0050686899627483,0.45241092773513364,-0.7608553748260312,-0.7112354264394538,0.07907964058943497,0.34174344282229674,0.19784259773877455,0.4157284626248332
1.3388877134392854,1.5932672041205929,1.4712905246187753,1.4619763345350374,5.278403431685104,-0.7408593554535795,0.223898379574634,3.1633889132754587
0.09665106976952748,-0.15336685246654913,-0.5843682707066511,-0.5827094488149303,0.07907964058943497,0.02851831696173849,1.0400541853529748,-0.10984321208319692
-0.28174991415882394,-0.31280030736395176,-0.5223557791680966,-0.44445999008963966,0.8772503824348751,0.6955679038404748,0.6907324450488438,0.35613315476558344
1.417886114375874,0.9229779907871404,1.2694577655398147,1.3263067184081978,1.193880098208273,-0.5048544582160489,0.8638901597822777,3.5948907370507377
1.379113165823496,1.2350247377443109,2.176242471037981,2.1703214124130072,3.2783590603831407,0.4453886625452885,0.42342206982076086,0.010790585623647524
1.205297168000962,1.7138134997942962,0.8392975863683041,0.8536321422757179,5.632171174537756,0.2617284701521635,0.3503882692524591,0.010790585623647524
-0.9050879251255987,-0.5932819718197437,-1.580547439704299,-1.4897930572548053,-0.5146010764856858,0.650027338634942,0.5862351942408215,0.21278371940475962
1.3140087470318138,1.7965181818166307,2.161661310813631,2.1523525244364423,5.580520952152221,0.5326067101338839,0.37496218281690186,0.028088556996773106
1.3140087470318138,1.8313112766175137,2.78190266336328,2.715956877466211,0.8244787631393089,-0.14751515098276072,-0.10751327551383864,-0.3751663650458965
1.2447012151669763,2.4466079776197653,3.0359860833182735,3.0202332458644716,1.5500885284533452,0.701461431657758,0.4944546904593177,0.7026744269294886
1.2970966806697488,1.947383946914342,1.8936034734986682,1.8699126101795507,2.948536439785852,0.45229727485182725,0.19784259773877455,-0.20703824838611481
1.3711877127347034,1.3239233823016359,1.0797672632599649,1.0947306661648086,-0.2507429800078543,-0.5812541478940846,0.39930535200219186,3.6044945865737352
1.2447012151669763,2.4557009736146322,1.9023775102312173,2.2277650959798048,0.1252548074730555,-1.4173607727461517,4.005399353069472,6.677505258073939
1.2447012151669763,2.4282424212082145,1.6652065405517855,1.995352706616436,0.11206190264916392,-1.4173607727461517,4.005399353069472,6.677505258073939
1.355159146232682,1.468627959092795,1.7245619388826274,1.7230373091584195,-0.052849407649480686,-0.3995934850060565,2.6303333485698372,2.4635818645449654
1.3711877127347034,1.3307455508780222,1.4999333880234975,1.519083336170873,0.5540242142495316,0.6271193085378294,0.42342206982076086,0.19181919283301024
1.3632033338032492,1.3953730537894258,1.1658715856147688,1.1915972133977668,1.9016794420100558,0.6271193085378294,0.42342206982076086,0.19181919283301024
1.0028290770148056,0.4514969833831785,1.009844262479848,0.9570068163518656,0.8046894059034715,-0.44446653492308236,-0.3546076301619808,-0.4354919589102762
1.417886114375874,0.7266122632655942,-0.8977188780392287,-0.8580429135940522,-0.43544364754233633,0.13485872386542383,0.223898379574634,-0.15766510621348245
1.379113165823496,1.28265359541598,2.9044466011706778,2.8664637095682477,4.4987027565931115,0.13485872386542383,0.223898379574634,-0.15766510621348245
1.4102427083062494,0.9485805075423313,2.0229893739980045,2.032269057338728,0.4748667853061821,0.8161780661246284,0.5407510719798126,0.2013145601651859
0.5285966034675187,0.13486361728766796,1.7849381398399171,1.6240447280149586,2.783625129487207,-0.13865321058189395,-0.4944183922170567,-0.4031483029581935
1.3632033338032492,1.4104244370038936,1.180732676513793,1.207117846866137,1.4643346470980498,0.7491770242713021,0.9826526861527277,0.4267990939669168
1.2885397109386396,2.0417523564698636,3.4516668038462837,3.352752723224083,0.9300220017304414,-0.42882426168404336,-0.3224018933933692,-0.4410101638645203
1.379113165823496,1.2769874754416026,-1.0580067473144124,-0.9707731522512957,-0.43610329278353094,0.6309437393739208,0.7180870888709185,0.5125798213872419
1.4330116322984299,0.7742453539642885,2.1261828504823685,2.108553271902879,-0.1254103841808844,0.5578352461234706,0.2726943133035609,0.015133541779430458
-0.5968105610854686,-0.48498864758671223,-0.7592327096640813,-0.7254771472447492,-0.019867145589751816,0.5578352461234706,0.2726943133035609,0.015133541779430458
1.2885397109386396,2.0755776889452946,2.083286967574567,2.1170234483390438,4.901086353721804,0.8842259299186777,0.8230620959825874,0.897447067112742
-0.23334640745135352,-0.373974219906817,0.227637882072015,0.23577332315413074,-0.07263876488531806,0.3074447810458247,0.13690146290581703,0.260278371605158
1.271218464148949,2.202534600108003,2.131077797922839,2.1679518599189254,4.300809184234738,1.0455761691729615,0.8638901597822777,0.5560046012233026
1.3306586002270746,1.6523462668427251,2.0070102906383513,2.1059663288042967,0.6067958335450979,-0.5717954308481726,1.5378374429428556,3.246940110655664
1.2799140097908654,2.1746030219117327,-0.1743052092047311,-0.11192900734656105,-0.18477845588839642,0.4670731910139003,0.5177062227299745,0.6036358398739671
1.3055860056640203,1.917165243801491,1.5442393116302269,1.7397909217726844,4.630631804832027,-0.3584847144835414,2.5043557656756694,3.2811484064461163
1.2799140097908654,2.167734456920852,2.8653359736331296,3.033567523827379,0.7387248817840136,-0.3584847144835414,2.5043557656756694,3.2811484064461163
1.3055860056640203,1.889326931680094,2.4204765283655294,2.336089535421489,4.23484466011528,-0.36873403039552194,-0.3546076301619808,-0.40589645964697324
1.2970966806697488,1.9843844004487774,3.2935108327465907,3.2556529512834156,0.5144454997778568,0.48213454115658094,0.3255791950483469,-0.015530619464602548
1.3947907292109982,1.119799209503298,-0.8332542104151299,-0.7414826918307419,-0.31011105171536635,0.08246393380473298,0.8230620959825874,1.136715764003215
-0.4441302278853934,-0.12017996527570932,0.9691026645564718,1.0165790565927704,1.0685475023813027,0.5558985653630486,0.802404389311249,0.5967457953265554
1.3632033338032492,1.4083369963704262,2.263204520921647,2.235786964649923,0.8046894059034715,0.6462157479234888,0.8435564989172806,0.08160359067699043
0.7252532369157437,0.17935496899248274,-0.23763600793201078,-0.17755228219365488,0.9366184541423872,0.2729376154858291,0.6019679683935673,0.7857602216247301
1.2970966806697488,2.007619834672029,1.2398880125339615,1.339498077958875,3.9511972064016114,0.9577873644062646,1.8327605919748324,1.0893302267646088
1.3140087470318138,1.8313112766175137,2.4783380353167836,2.4934674098371477,0.7057426197242846,0.9785025732488437,0.7180870888709185,0.31927023601723625
0.1745582370769881,-0.10145169555645558,0.4524882645750852,0.42332367210606664,1.5302991712175078,0.29630363663762155,-0.22811774048415603,-0.18992882778332848
1.3869805564636084,1.155505873109757,1.9713306644676274,1.9563957674164951,0.2769732129478085,0.2739555319690998,0.3005304159325704,0.7171446884635535
1.3306586002270746,1.670709041523113,1.3541359146278868,1.3791077367166642,1.7941572676953392,0.4414371056479867,0.5862351942408215,0.13597383817750092
1.3306586002270746,1.6604784052084525,3.06897865733425,3.0581609901652014,2.519767033009376,0.4414371056479867,0.5862351942408215,0.13597383817750092
1.4330116322984299,0.7751805902983242,0.9647125812413273,0.9231414574523262,0.26378030812391695,-0.3077394301759936,-0.24049260154689975,-0.33432584413050714
-0.8603223456020643,-0.7929765113644379,-0.9907534764307268,-0.9626702905883195,3.106851297672551,0.09928294241683994,0.06348463382677073,-0.20463973867207508
1.271218464148949,2.1968224258129965,3.159107793028766,3.1007555966604983,0.2044122364164049,0.09928294241683994,0.06348463382677073,-0.20463973867207508
-0.7459061888768628,-0.7155169682452236,-0.46587806047964897,-0.41978927415410106,1.431352385038321,0.6671478949390627,0.3255791950483469,0.19469972238526648
-0.41435700158413014,-0.4938170655331339,-0.18514138901208893,-0.14271735916409486,0.8046894059034715,0.6671478949390627,0.3255791950483469,0.19469972238526648
-0.28414816400076515,-0.40799839695968176,0.4131197986767287,0.44141792438369437,0.07907964058943497,0.6671478949390627,0.3255791950483469,0.19469972238526648
-1.0104275983454822,-0.8867356702061904,-1.4049047814372044,-1.3359871784386603,-0.5146010764856858,0.6012367839433836,0.4339627656100061,-0.016858703102758145
-0.201995533158672,-0.09170104483228679,-0.8019412223154946,-0.7509650199659276,-0.5146010764856858,0.6012367839433836,0.4339627656100061,-0.016858703102758145
1.4102427083062494,0.9608042030108476,0.21039406565562047,0.22614181689898302,0.8046894059034715,0.4896551560785666,0.223898379574634,-0.06347805110681766
1.3632033338032492,1.364294098554745,1.1026178159537112,1.101227866104403,-0.1188139317689386,0.4896551560785666,0.223898379574634,-0.06347805110681766
1.4254755029902262,0.8447191085105846,2.262761208582863,2.2796641327628144,2.058015364173171,0.3286537081883598,0.6965722063047625,0.9159567941511726
1.3869805564636084,1.2090302382817248,2.1106046725065695,2.1111307563218515,0.40890226118672435,-0.580070945960936,0.4944546904593177,2.1210149322760965
1.355159146232682,1.4307280244869118,1.79976612400167,1.9134586777269669,0.9366184541423872,-0.4990199307687314,1.6598613048663715,3.5459410177181194
1.2885397109386396,2.0350288775006957,2.3305227219239493,2.4337186336009453,-0.18477845588839642,-0.4990199307687314,1.6598613048663715,3.5459410177181194
1.3869805564636084,1.2090302382817248,1.5242329613411483,1.6173383213118604,0.27037676053586274,-0.4398478111094772,1.3433065871147314,2.410579040437417
1.3388877134392854,1.6343743087357858,2.170364066465688,2.248604430542281,1.3587914085069173,-0.4398478111094772,1.3433065871147314,2.410579040437417
1.2799140097908654,2.109565446398704,1.5420836797154052,1.5746015274620797,0.21100868882835072,-1.3114088865849753,3.6157884630909365,5.589711512461222
0.13549238776777353,0.2657656064901978,0.5011597904090414,0.45637384356222044,0.7849000486676341,-0.23691504409835465,-0.20354382691971332,-0.2789668306971861
1.3140087470318138,1.8695295940443346,2.2348063424588513,2.213002543488607,-0.1913749083003422,0.4196542344058201,0.24969489559996105,0.0649064751822114
-0.0015395771710045546,-0.21934738843802615,2.4108010882682103,2.1607950349632516,0.356130641891158,-2.0261046381455214,-2.2179134039755106,-1.5831175769747152
1.3306586002270746,1.6684568907048314,2.60057577386623,2.555976003255207,-0.1188139317689386,-0.002386842710356005,-0.7007915672142845,-0.3288796662277286
1.3869805564636084,1.2123684159618997,1.4053548552442499,1.4741473618646734,0.6067958335450979,-0.3233224981697176,1.0400541853529748,2.3083376330824597
1.3306586002270746,1.6751755093341987,1.677317273745018,1.642790226727577,1.4643346470980498,-1.6941081463607792,-0.020604742003956535,5.34849090050728
1.4102427083062494,0.970954042451521,1.5577933486842352,1.602673339489197,4.003968825697178,0.43055611882031936,0.8435564989172806,0.9452689612430276
-0.26938650175135037,-0.39840077297299825,-0.4173178709519125,-0.4004746083221491,0.3957093563628328,0.5403812859135124,-0.07821885681676052,0.1624476376320799
-0.8603223456020643,-0.7925072188722541,0.012098142398768292,0.019603120689620463,1.4181594802144293,0.5403812859135124,-0.07821885681676052,0.1624476376320799
-0.045259075322809525,-0.2482597843112699,0.8038409110248969,0.795724750242764,1.2664410747396766,0.5403812859135124,-0.07821885681676052,0.1624476376320799
1.3869805564636084,1.1667672678825074,1.5729303170938609,1.5522205618706166,2.1899444124120864,-0.6670994324461474,0.11806619656814742,2.9893436393122204
1.2536132498771215,2.3991736651032114,2.786786486540563,2.764738233972089,1.8403324345789598,0.5685718307484737,0.37496218281690186,0.29261615831930055
-0.6168839309353916,-0.4278739373020783,-0.34278010775694906,-0.3755183312695505,-0.18477845588839642,-0.11026563601197108,-0.1974365721042361,-0.5467085002374908
1.3632033338032492,1.396467082190031,1.4915226883288066,1.5634998617517684,0.00651866405803135,-0.43177407637923265,1.114664470293514,2.2594926370204997
1.2885397109386396,2.070902026456851,2.7001640621289127,2.660131215996559,5.105576378492124,0.45624128144005066,0.14493201698902475,-0.048331606735046585
1.355159146232682,1.468627959092795,1.8770985538716223,1.8395639978664233,0.9761971686140619,-0.04636946120643953,0.007729184504206895,-0.17394552985339107
1.4330116322984299,0.7647555775781071,1.4975687329823357,1.4741473618646734,0.07907964058943497,-0.03453575583256852,-0.48758695619504183,-0.09423071522014749
1.3947907292109982,1.0985726622444785,1.3308945208328173,1.4548326960327214,0.8046894059034715,-0.47690325892213664,1.6894905241670348,3.6153967287893907
0.39511402891341046,0.04609976485687702,-0.06158656081264257,-0.09408144132249402,-0.290321694479529,-0.42716566431061465,-0.1974365721042361,-0.3608550972867654
1.3869805564636084,1.1988543898072277,1.8092108060304932,1.8821227987337537,1.1345120265007607,-0.5048544582160489,1.2050056133624143,2.537023440619366
1.3306586002270746,1.6828835224124912,2.413076201915482,2.354544547586761,0.24399095088807968,0.3588153692355971,0.06348463382677073,0.42975239362360357
1.4025445103276715,1.042806842369365,1.3482330719695783,1.3263067184081978,0.725531976960122,0.3588153692355971,0.06348463382677073,0.42975239362360357
1.2970966806697488,1.9999478767848038,1.0804711946311476,1.2520337497254566,-0.38267202824677,-0.6014064069872646,2.147392068933333,3.4872796134728223
-0.036371625817031225,-0.24166156760755464,0.5021719908944683,0.4033037123651073,0.6727603576645557,-1.604129181212452,-0.9739417036982861,-1.076785289970403
1.3632033338032492,1.3998932857928525,0.9633178536628146,1.1690036348475499,0.07907964058943497,-0.4087693386973837,2.515090888551792,3.6674544094621293
1.3711877127347034,1.2992177278936792,1.5591788561519067,1.489226893069027,3.106851297672551,-0.14522439933858688,-0.42024476816578316,-0.34513963025916605
1.3470542472383311,1.5277250420371227,1.1913535627119658,1.1551614273446729,0.5606206666614774,0.2259150311417567,-0.1371424948145019,-0.10677365177771973
-0.7754408597359644,-0.7361199459380023,-0.4486933659106789,-0.4842876697843773,0.6067958335450979,-0.4260141456427512,-0.48417797678175567,-0.5177132407065564
-0.4836645334489678,-0.540960088604082,-0.1478298406545829,-0.18962451608228353,0.6067958335450979,-0.4260141456427512,-0.48417797678175567,-0.5177132407065564
1.3632033338032492,1.3912729665372907,2.080963385257449,2.1364001715858207,0.8706539300229292,-0.5505707691097043,1.0776277194045394,2.4664730431919724
-0.4532255734039174,-0.3620534215217884,-0.36288161627696247,-0.3869953983572872,0.9036361920826582,-0.29174921154341565,-0.3546076301619808,-0.48523830022615916
1.3470542472383311,0.6800169026303524,0.5212277845747547,0.42332367210606664,0.6067958335450979,-1.7548964051756302,-0.7380947787099237,-0.7192180029925622
1.3306586002270746,1.6861464835204274,-0.5117022403927128,-0.4780820718206628,0.435222106310388,0.2402675324764442,0.24969489559996105,0.03951228866179092
1.379113165823496,1.2254633343072459,0.9746464575396405,0.9778568745466343,0.5184033712250242,0.2402675324764442,0.24969489559996105,0.03951228866179092
1.417886114375874,0.8886296921313775,1.8834951547245975,1.8677357442091005,0.7057426197242846,0.2402675324764442,0.24969489559996105,0.03951228866179092
0.2915759012434212,-0.023750973098788916,0.4609848781296888,0.37669900014587515,1.4907204567458332,-1.1810332696573898,-0.8143511135281458,-0.45675131030859256
1.2447012151669763,2.453454812587228,3.3756562061750044,3.3978285109104647,1.860121791814797,1.277076479082987,1.096212232466589,0.644199885496282
1.4025445103276715,1.032752146464189,1.012838131589229,0.9005814136931914,1.497316909157779,-1.542122086189549,-1.0154230441727845,-0.7945877092300223
-0.045259075322809525,-0.2482597843112699,0.36546893516618184,0.32352968273687815,0.5408313094256401,-0.48271508624845216,-0.38721848115444313,-0.45461432612087227
1.2970966806697488,1.99732837551607,3.45813504284614,3.3505833310921975,0.3957093563628328,-0.5352910526057311,-0.42024476816578316,-0.6117453507801771
-0.32969113083401075,-0.4381738937208837,0.5479344710104295,0.4400424289165595,0.6067958335450979,-1.4914712754562438,-1.057578907474103,-0.7749163628724738
0.8011901002451132,0.31670406476025015,2.4904344474316886,2.3426038899281867,0.5408313094256401,-1.4914712754562438,-1.057578907474103,-0.7749163628724738
1.2447012151669763,2.4463575484224718,3.5402304444419825,3.582779891193663,3.1134477500844966,1.7246697566482174,1.3094168434858315,0.5737547618918082
1.3711877127347034,1.327988658245566,2.629829934191312,2.542153183840816,-7.778835391444127e-05,0.4453886625452885,0.11806619656814742,-0.021649421324617557
-0.38131150137761277,-0.5058829514569442,-0.10510622665059761,-0.03603112545128323,-0.18477845588839642,0.9568849860157266,0.7394248922067705,0.3358941703336624
-0.34138519215233526,-0.567017926491486,0.23610339981439957,0.29806105650608355,-0.22435717036007116,0.9568849860157266,0.7394248922067705,0.3358941703336624
-0.03342541266782463,-0.5291565390861519,1.2786157472470538,1.5112580986913955,-0.09902457453310122,0.9568849860157266,0.7394248922067705,0.3358941703336624
0.3445922942103335,-0.46396983797705144,1.4441224772473193,1.128710313819424,-0.08583166970920963,0.9568849860157266,0.7394248922067705,0.3358941703336624
0.9904270134935158,0.037737565315494555,1.5984553218361166,1.6347451613426731,-0.17158555106450488,0.9568849860157266,0.7394248922067705,0.3358941703336624
0.034962295569632845,-0.19521068905719283,0.2717394563408929,0.17590557781789057,1.1345120265007607,-1.5984640996506903,-1.0154230441727845,-0.8309475842295951
0.3279101099040132,0.0006874154533417501,-0.04045173631375623,-0.14271735916409486,2.783625129487207,-1.590683832556257,-1.1883223312812454,-0.852631462443051
1.379113165823496,1.2592132349479646,1.3826105463651275,1.318430198440295,2.915554177726123,-0.3892883482809126,-0.42024476816578316,-0.5013891689827998
1.2624519336757727,2.2561096501087374,2.947671944010098,2.83952000181315,0.40890226118672435,-0.5623524488347568,-0.42024476816578316,-0.4931126481277784
-0.2916057913277221,-0.41189936952822853,-0.43934550828192415,-0.5483152517786247,0.8046894059034715,-1.5829142147450646,-1.2334109194091722,-0.9325553089316317
-0.0572245920854473,-0.25699455016649614,-0.11848341870186575,-0.2296923147966393,0.8046894059034715,-1.5829142147450646,-1.2334109194091722,-0.9325553089316317
1.2624519336757727,2.3248759460906268,3.570233061751548,3.6640356754010095,2.255908936531544,2.3924663700403483,1.8879228532224464,0.698020277811962
1.355159146232682,1.4811254483748555,2.4614598060725394,2.377835702075812,-0.3167075041273122,-0.5788879906052444,-0.3546076301619808,-0.6959777790503678
1.2970966806697488,1.9966022783248956,2.6777617596514265,2.5438263045706417,1.8733146966386887,-1.3750145893868064,-0.8929185948959117,-0.5558461016128292
1.3055860056640203,1.9190406455996403,2.3645959669249463,2.4686553017707915,0.26378030812391695,-0.6144843316726986,1.6747182422032043,2.3649550928014613
1.4254755029902262,0.7339286412058519,0.24098377119936654,0.18387109989477451,-0.18477845588839642,-0.7701444311754098,-0.5919981863184592,-0.6505354462926373
1.4254755029902262,0.8407021718947151,1.4891939496110969,1.407594085295295,1.2664410747396766,-0.7701444311754098,-0.5919981863184592,-0.6505354462926373
1.4254755029902262,0.8270967887035833,0.2097868784218484,0.1514542988345517,-0.1583926462406133,-1.1338823743863373,-0.6277577666459828,-0.5006221708796704
1.2885397109386396,2.0476199408323197,0.8928774374613684,0.9981079246693542,1.0025829782618452,-0.54233811900275,1.3433065871147314,3.482921149431709
1.9318281907364234,1.6043211934498556,-1.431841139632515,-1.4385243820249012,-0.5146010764856858,-0.8316446129717363,-0.416923142509274,-0.5546748858352201
1.4330116322984299,0.7530789642099847,0.1785918788879581,0.1798995896535828,0.40890226118672435,0.1536030818570471,0.03575679229395902,-0.13795280836250262
1.4025445103276715,1.0086774143844155,0.5972927013704078,0.5884782106128987,0.2769732129478085,0.1536030818570471,0.03575679229395902,-0.13795280836250262
1.3055860056640203,1.8750341526280396,1.9334888244819415,2.131418234220013,0.07907964058943497,-0.345982852629296,2.5994081889921223,3.2692627513020196
1.322365941109978,1.7910639533745736,1.3316669104613472,1.2423948758315386,5.7388358100389185,-1.202115601240548,-0.6823393293873595,-0.6283130793593078
1.047531914452933,0.48088464917431323,-0.49159476162534277,-0.427288719385413,-0.09242812212115543,0.37283615222002653,0.7394248922067705,0.4267990939669168
0.8006433219652886,0.3158306884872404,-0.14483290307159705,-0.07782178006925566,-0.0066742407658602326,0.37283615222002653,0.7394248922067705,0.4267990939669168
1.271218464148949,2.212301950122559,2.336542064408464,2.50738897007111,3.3509200369145447,-0.36303768144408627,2.401211533630819,3.2277926242280977
1.3869805564636084,1.1704531859751044,0.7326478195606861,0.7890427930741606,0.34293773706726643,-0.5305978640343411,0.8638901597822777,2.5175966761247768
1.3055860056640203,1.9293308323613791,2.439630967569424,2.4686553017707915,1.4643346470980498,-0.5305978640343411,0.8638901597822777,2.5175966761247768
1.322365941109978,1.746572601669759,2.513498923170952,2.376071142447963,3.7730929912790754,-1.4655537593476535,-0.8929185948959117,-0.759290084472572
0.2032608993871965,-0.08261946304286864,0.7215491889718643,0.6296385419273768,0.8706539300229292,-1.4091400453806742,-0.8533372387279687,-0.6476370635666577
1.355159146232682,1.4811275648817581,1.7984199224488395,1.9236018916196809,-0.052849407649480686,-0.5188818407755543,1.6598613048663715,2.6044483285572655
1.3711877127347034,1.357291320306864,1.8556226737344268,1.8962220927877314,2.255908936531544,-0.4710973759840148,0.8638901597822777,2.2361505899336778
1.3632033338032492,1.4247225765593963,0.8404298313150852,0.6803756273551137,1.398370122978592,-2.8952793838741844,-1.6254815140032026,-1.185096413481841
-0.4243628185296857,-0.39840077297299825,-0.2828942977166888,-0.2737654904746051,-0.5146010764856858,0.3155337190070728,0.0560272943539798,-0.1251418845765047
-0.42938498082405735,-0.32062048043643626,0.005428720832639125,0.009532360798023538,0.8046894059034715,0.3155337190070728,0.0560272943539798,-0.1251418845765047
1.2970966806697488,1.9741629363765214,2.1880840339372756,2.3283810736725177,1.860121791814797,-0.7311311418407467,2.0325423865041388,2.8633992402801924
1.2885397109386396,2.0829188574301263,2.679771318554961,2.6518167330518887,-0.4420400999542821,0.6699963074369393,0.24969489559996105,0.36102444491469615
1.3632033338032492,1.4251401528862981,1.515197764195346,1.6173383213118604,0.019711568881922933,-0.4803896412123498,1.4633753503639033,2.0237402389910293
1.3869805564636084,1.1478278929092176,-0.6454540035146822,-0.5827094488149303,-0.38267202824677,0.21461255228928328,0.14493201698902475,-0.24086642053867213
-0.24403200824473992,1.1857660690377239,-0.44225732299972165,-0.3914598920839314,1.5962636953369658,0.680428274919211,0.45681296248212994,0.05367243821493292
1.2536132498771215,2.388946572496029,3.436145823295849,3.3113325682144312,1.0025829782618452,-0.9478380055642195,-0.6640174971574165,-0.631652354034545
0.017815334523977776,-0.4278739373020783,0.033180969418783145,0.03932304160789784,-0.5146010764856858,0.3467699296943883,0.06899479205461068,-0.12672784544099547
-0.10063725575056821,-0.499806914579442,0.4786957960284364,0.4749609407433049,-0.5146010764856858,0.3467699296943883,0.06899479205461068,-0.12672784544099547
-0.4483938020735263,-0.07593419501280868,-0.3039771445486418,-0.2890909028126855,1.398370122978592,-0.10591088991903463,0.04743862685928876,-0.3256212880302186
-0.3374730056059496,-0.4434196416451902,-0.07931216412564052,-0.07096654416734008,-0.5146010764856858,-0.10591088991903463,0.04743862685928876,-0.3256212880302186
1.2536132498771215,2.3589403475082404,1.9212962858165024,2.043968410800399,3.6411639430401594,-0.3233224981697176,1.7621151181256545,2.4865589815640194
1.3055860056640203,1.9240013755125178,2.3610719445609805,2.37075080622619,0.6001993811331522,0.6680975245947671,0.6748772807877191,0.44308092575150293
1.2624519336757727,2.3078365108745498,3.295092597478839,3.3462244151963763,1.5302991712175078,2.321951037720705,1.8879228532224464,0.9451591074266024
-0.5771055308101773,-0.6047265009404906,0.29860028077692535,0.02309417021755667,0.00651866405803135,-2.624343849382087,-2.976401755642594,-1.9012540866952945
1.3388877134392854,1.616878916142751,3.4739340901542985,3.438121831938591,5.026418949548774,0.4906349457165795,0.39930535200219186,0.5838666646078473
1.3055860056640203,1.881900601112018,1.3189984935177534,1.3418005553566241,0.40890226118672435,0.8447839543262898,0.9826526861527277,0.1225622527407669
-0.6773129197715199,-0.786517369825946,-0.8098861815075301,-0.7272056512654373,-0.5146010764856858,1.0143499374347633,0.7051995968630647,0.28590327100146484
-0.6907940661719372,-0.7577799386444408,-0.5648779174634784,-0.48725714107831164,-0.5146010764856858,1.0143499374347633,0.7051995968630647,0.28590327100146484
-0.6789217500639005,-0.4938170655331339,-0.26195487700385556,-0.19090384045668266,-0.5146010764856858,1.0143499374347633,0.7051995968630647,0.28590327100146484
1.3306586002270746,2.0593865443672703,3.924196152929996,3.9648640514496143,2.783625129487207,1.727491101253119,1.2750782160413774,0.5469901376903634
1.3306586002270746,2.0593865443672703,3.625136938638619,3.6409207782458557,3.4432703706817858,1.727491101253119,1.2750782160413774,0.5469901376903634
1.3400781739738443,2.0837663741742882,3.349099459633045,3.3724985570914967,0.4748667853061821,1.8794092663629702,1.2923043822113724,0.5469901376903634
1.379113165823496,1.2712400012263825,-0.7590424513804148,-0.8094069957524513,1.2664410747396766,-1.3316312494538705,-0.7380947787099237,-0.7192180029925622
1.3055860056640203,1.8886592982012853,1.7439067145592186,1.9024759246649885,0.6727603576645557,-0.6489878683531904,2.147392068933333,3.4817013448591916
0.0021669504037065152,0.04110234230136749,-0.001973358864088496,-0.0006843572085414318,1.5302991712175078,0.2289936235992502,-0.10751327551383864,-0.1319732710149193
0.03219808807353324,-0.020100003071139544,-1.1754055216685753,-1.068991559955277,-0.5146010764856858,0.6366755586967625,0.5862351942408215,0.26396558802259107
-0.6794585628815325,-0.6716293010999349,-0.1335395198414483,-0.14020419713243332,0.1450441647088929,-0.4294694026757317,-0.2905913290163864,-0.48122721727274126
-0.7985873024779575,-0.7511644935170898,-1.096223155017899,-1.2227903718262987,0.07907964058943497,-2.0367989970553064,-1.521766545054981,-1.1807296726855518
-0.10962005758821979,-0.16685928704368996,-0.40895876899193717,-0.3834440497720894,-0.5146010764856858,0.06242641855849628,0.06348463382677073,-0.21542507456103405
1.5522980650323943,1.037811536320758,-0.847650766788716,-0.7473941831036082,-0.5146010764856858,0.7463680784389373,0.9040852047849619,0.8396870987651904
0.37317671229896116,0.40318409177346204,-0.6765107333709031,-0.6053936801470349,0.6727603576645557,0.29630363663762155,0.6309350683009599,0.7970455121518389
-0.40101653165290385,-0.15336685246654913,-0.16087022079133426,-0.20816411378278243,0.34293773706726643,-0.3346413678298893,-0.5637414655003881,-0.5784002438287653
-0.7707539171327293,-0.6133207847292484,-0.6176380609094931,-0.6250791813686025,0.36932354671504963,0.4719899615714077,-0.22811774048415603,0.2761922007445583
-0.12874033749822644,-0.30512232716341253,-0.10195140230289233,-0.12011023499297035,-0.05944586006142647,0.4719899615714077,-0.22811774048415603,0.2761922007445583
1.2571574577783318,1.2189666326656148,-0.5775909046421808,-0.5350140797496123,-0.5146010764856858,0.35781255830573105,0.3255791950483469,0.26396558802259107
1.1107203757666273,1.4062413231983752,-0.25514854396134784,-0.2632325550922363,0.00651866405803135,-0.4618202973041872,-0.1580862893773532,-0.3434463333690896
1.2269302975359455,1.115636692077614,0.02149205894827619,0.02209849038642267,-0.09902457453310122,0.5646084300475505,0.0020871181418908643,-0.3019372796984812
-1.8223082428166617,-1.8952599055576893,-0.6845440662592498,-0.7400125323755782,-0.1188139317689386,-1.138645148824534,-0.7211970849823055,-0.6744508249173152
-0.6634697709686493,-0.6608928597826154,-1.2998286041180818,-1.3970452891389737,-0.1188139317689386,-1.9367581853523692,-1.3735817298601125,-1.0884465641686196
-0.6477155419363306,-0.65042263884763,-0.6094482085807839,-0.7226056923447652,0.4748667853061821,-1.9367581853523692,-1.3735817298601125,-1.0884465641686196
-0.4227797429519236,-0.5004105991389681,0.46345914374115016,0.4090819513007713,0.8046894059034715,-0.6655498935868415,-0.49973887331281963,-0.5329165944567816
-0.42701601676615547,-0.5034420355421989,-0.4413730349480782,-0.47605928362284833,-0.052849407649480686,-0.649107622601645,-0.48758695619504183,-0.5848185460996427
-0.46591381494017114,-0.6253294786332693,-0.4080772721745137,-0.3869953983572872,2.783625129487207,0.3698346127544347,0.13153390721981745,0.10494864607131377
0.6901459209337586,0.33880006914968896,-0.6327730671271118,-0.6768412294031484,0.9366184541423872,-0.9113498102452833,-0.6640174971574165,-0.6617694832599158
-1.2644378187447152,-1.11005452931972,-1.0400612134297436,-0.9178041207850897,0.8706539300229292,-1.5998798400879435,-0.9739417036982861,-0.8666433020523358
-0.33357501940494577,-0.44078862205935065,0.22454734242442187,0.12998234846027645,-0.1188139317689386,-1.5631848608339463,-1.0154230441727845,-0.8666433020523358
-0.2804386818346292,-0.40557846324550567,-0.5307894541062219,-0.7254771472447492,0.013115116469977142,-2.258208661893164,-2.217248567846657,-1.5046256372607973
-0.5869128502902351,-0.6101753156046902,0.055245467236527554,-0.08823127328077834,0.013115116469977142,-2.1254630597306012,-1.600591415102557,-1.4504828840539796
-0.6956890081357814,-0.6826458548630605,-0.46307236052618433,-0.5198067460375004,-0.1188139317689386,-1.1508639418317992,-0.7380947787099237,-0.7192180029925622
0.857827925085299,0.35424600331455297,-0.8095013873064789,-0.8494143945688903,0.2769732129478085,-0.8502253537970726,-0.6277577666459828,-0.6959777790503678
-1.047256857331576,-0.9180297829260815,-0.5894381018650063,-0.6313453666565311,1.0025829782618452,-0.9826441975562599,-0.6594644897125974,-0.4464388137401251
-1.3817062852989552,-1.2736644258329386,-0.4105732591661094,-0.6188682054790846,0.34293773706726643,-2.437356468388139,-2.4245383304311026,-1.6185985076737925
-1.1841926493831627,-1.0082172725380356,-0.9840378867407595,-1.0258415935607492,0.6067958335450979,-1.128055045238367,-0.717027082990211,-0.5130818759783076
-0.8603223456020643,-0.44873137554939024,-1.900653704151344,-1.8924191969451651,-0.5146010764856858,-0.21135809403909367,-0.3449038316703168,-0.4822289975655874
1.4532242016103454,0.8102055614255393,-0.35895941586732555,-0.28445819477104645,1.398370122978592,-0.5305978640343411,0.42342206982076086,1.9885657704610382
-1.4088949278753577,-0.7055805738613335,-0.42621552135667173,-0.4670278848915275,0.40890226118672435,-0.9440524694094254,-0.5497277639720168,-0.657265914590131
-0.24403200824473992,-0.09864274543754946,-0.05440913574154466,-0.1029487431868025,-0.2045678131242338,-0.9440524694094254,-0.5497277639720168,-0.657265914590131
-0.9428432668679153,-0.8576015482698478,0.13298185110377028,0.08085769417254642,-0.04625295523753498,-0.9440524694094254,-0.5497277639720168,-0.657265914590131
-1.9030902249958463,0.8187367056691035,-2.2462793346239316,-2.2297951554831426,-0.5146010764856858,-2.0597835523638657,-1.7724217163703941,-1.9477767090203693
-0.981263085263961,-0.8437551511594338,-1.011970396000427,-0.9862217150464521,-0.19797136071228802,0.04475590053959623,0.04965778254390644,-0.2877606454490245
-0.5298360608123901,-0.5436285162985456,-0.8132774109003436,-0.7916445139736183,-0.21776071794812538,0.04475590053959623,0.04965778254390644,-0.2877606454490245
-0.4881484398350866,-0.44766367010706515,-0.6129185539180929,-0.59539434648816,-0.23095362277201698,0.04475590053959623,0.04965778254390644,-0.2877606454490245
-0.11278322340777595,-0.23937633517125972,-0.4092955568902572,-0.3959528403921997,-0.0066742407658602326,0.04475590053959623,0.04965778254390644,-0.2877606454490245
-0.2789584693062578,-1.11520431603978,-0.20077362522054898,-0.19178050729777052,-0.10562102694504702,0.04475590053959623,0.04965778254390644,-0.2877606454490245
-0.23938852113263656,-0.7036210470157866,0.37066504649936294,0.36787745734186944,-0.1254103841808844,0.04475590053959623,0.04965778254390644,-0.2877606454490245
0.9488069664771961,0.7105562747070211,0.182933702202092,0.1901793406769289,0.2769732129478085,0.059256124561678745,0.11806619656814742,-0.25806666117438565
0.26293703019637027,-0.04196394520316528,-0.4031453577807874,-0.5516801326459652,0.40890226118672435,-1.9202547975437154,-1.733519165854103,-1.2789705387101582
1.3761770024326767,1.0807899388606121,-0.5192906542645706,-0.4944767922185324,-0.5146010764856858,0.2820922991802873,0.11806619656814742,0.02521917801322094
-0.981263085263961,-0.644432789801322,-2.0329447713447855,-2.0514188907188666,-0.5146010764856858,-0.8564324744306016,-0.6713306993841995,-0.648298553751907
0.6658760966003915,-0.4434196416451902,-0.4400572063954087,-0.491373597757992,0.09227254541332655,-0.8564324744306016,-0.6713306993841995,-0.648298553751907
-0.6529413138995602,-0.5814069600640785,-0.9559243358292616,-1.2055256427128607,0.33634128465532065,-2.5602600945889598,-2.6424967707896645,-1.7510899523765924
-0.5819979949411181,-0.47123620470462435,-0.7567628197717592,-1.0105872474259903,-0.019867145589751816,-2.5602600945889598,-2.6424967707896645,-1.7510899523765924
-1.0080068277982974,-0.8912844819923538,-1.4412441638676,-1.525571266763497,1.992050840053713,-2.070541611297052,-1.2654461007045301,-0.8979225896270813
0.5145585732523881,0.12584101724912225,0.13981924398504691,0.13040971507127344,0.8046894059034715,0.021073842119316528,-0.07821885681676052,-0.29306142306346894
0.3383668041998919,0.007999758819625585,0.5915540910115852,0.5726868673493376,2.783625129487207,0.021073842119316528,-0.07821885681676052,-0.29306142306346894
-0.4993977001258227,-0.5311010272993331,-0.31867609610391406,-0.27225111566396965,2.6516960812482915,0.9749053543364807,0.43300628949871134,0.552707862525182
-0.5625604684707503,-0.5940353659133782,-0.03644130487393657,-0.09998056531431433,0.6727603576645557,-1.175774898504389,-0.6640174971574165,-0.6959777790503678
-0.49717281243113504,-0.39745289989830673,0.2544221585383483,0.029038895846811873,0.8046894059034715,-2.4407872218576467,-2.4319730548996152,-1.4169650804287497
-0.37725140573116384,-0.4701101312974015,-0.37023666765362034,-0.5827094488149303,2.5857315571288333,-2.4407872218576467,-2.4319730548996152,-1.4169650804287497
-0.45454178023409714,-0.2934892027538696,-0.3754231227050028,-0.41978927415410106,-0.019867145589751816,0.053968363346757704,-0.5743016775364596,-0.5656442605224196
-0.3611628049033604,-0.45955959133650215,-0.49612382285173595,-0.4680256786932837,2.1239798882926286,0.22386170818438825,0.11806619656814742,0.02521917801322094
-0.35218874618326756,-0.03635720122046287,-0.6762096980303924,-0.6871206769813282,-0.04625295523753498,-0.20249562345859717,-0.2811237769113134,-0.4242238518348419
0.6658760966003915,0.12584101724912225,-0.42959400123628877,-0.42662932354355587,0.1450441647088929,0.008289126684012889,-0.10751327551383864,-0.365561082139835
0.09142529780629786,-0.30894386706831395,-0.23392562263064567,-0.23541195025706368,0.1450441647088929,0.008289126684012889,-0.10751327551383864,-0.365561082139835
-1.377583846381216,-0.5510548468666215,-0.981323024859546,-0.9671153343994245,2.38783798477046,0.038075460980430166,-0.07239948631439182,-0.35815374343506107
-0.8352008721323173,-0.5058829514569442,-0.8606493268225498,-0.9009967794095969,-0.38267202824677,-0.955416659899251,-0.6603686176384452,-0.6460649435198254
-0.2991155703183075,-0.2583545425738094,-0.46379837880238955,-0.5133884206382121,-0.3167075041273122,-0.955416659899251,-0.6603686176384452,-0.6460649435198254
-1.1709634077526416,-1.0002495403559968,-0.33249966530997577,-0.35907328488891793,1.0025829782618452,-0.31654199417367396,-0.377392082263775,-0.47124550871837734
-0.18411448255079646,-0.3408289907698715,-0.4849908102650755,-0.4367766311595937,1.3324055988591346,0.47984794691176297,0.4138022870940886,0.2798411160356839
-0.8701390556475065,-0.7985832557497563,-0.7349790745396785,-0.7286493159175462,1.926086315934255,0.19503692460812969,-0.10456889306190907,-0.27196817423042435
-0.7690015740417382,-0.7319181473154015,-0.35118059189457573,-0.41606925917181975,0.1450441647088929,-1.305947733117393,-0.7911495735931239,-0.726770452172323
-0.4441302278853934,-0.5145390113285363,-0.10727354447452253,-0.1749120498816994,0.8706539300229292,-1.305947733117393,-0.7911495735931239,-0.726770452172323
-1.1162603861116283,-0.9643296053927469,-1.6151205108948699,-1.5990986603336408,0.7387248817840136,-0.21468509105945718,-0.19438833134123815,-0.3692783125586306
-0.8228571268113247,-0.4434196416451902,-1.0497818528112672,-1.1199733741489675,-0.5146010764856858,-0.9402694561046318,-0.7007915672142845,-0.5635286172353096
-0.5293690488375105,1.2535215899865395,-1.8855990476780753,-1.9200674936677156,0.7387248817840136,-1.786999587808997,-1.1208545312993514,-0.8926645356941446
-0.5411057123186616,-0.47067279264309925,-0.11078421284041452,-0.10235410696154042,-0.3760755758348242,0.6338103725063394,0.06348463382677073,0.04235487604255026
-0.04546977257898914,-0.2482597843112699,-0.09594269539532148,0.01910298501539685,1.0025829782618452,0.21564098081891064,1.2437797054820292,0.744246978884963
-0.9608390298579176,-0.8604261559751947,-0.853899013458243,-0.8519918789878631,0.9366184541423872,-0.028091390424701698,-0.1792006577344232,-0.24257772493480922
-1.4238251745873907,-0.9262295993554958,-1.6805536267687304,-1.6554412699681729,-0.5146010764856858,0.0008180569252097383,-0.1371424948145019,-0.42229578938575985
-0.6634697709686493,-0.499806914579442,-0.4054879796720865,-0.40777031331988994,-0.5146010764856858,0.0008180569252097383,-0.1371424948145019,-0.42229578938575985
1.1714727871176818,0.7223915718207166,-0.26461395836549256,-0.19794789264319454,1.187283645796327,0.8328054828252301,0.6705164244689029,0.1637593181096575
-1.1297536170994606,-0.951829999603784,-0.9891711423459356,-1.0056463015015351,-0.5146010764856858,-0.5824375965075097,-0.38721848115444313,-0.5848185460996427
-1.1654565132086852,-0.677101653417911,-0.4846962732049947,-0.5112618995588167,-0.5146010764856858,-0.5824375965075097,-0.38721848115444313,-0.5848185460996427
-0.5003493447008183,-0.3367091797754225,0.10978398483476676,0.07070119466806342,0.6727603576645557,-0.5824375965075097,-0.38721848115444313,-0.5848185460996427
1.5578259490176871,1.2431375858298126,-1.0485184183330127,-0.9522739187870153,-0.3167075041273122,0.8567372018466721,0.8148187552687409,0.25904731201518133
1.4532242016103454,1.0477479307046478,-0.8637449515761412,-0.7700145581737687,-0.5146010764856858,0.32764555415787266,0.6748772807877191,0.6424202334634632
0.43350609644767524,-0.04400887548261026,0.03587025298523339,0.14016831067496177,-0.18609774637078563,0.42362097897936674,0.44969388669447335,0.19490526606448244
0.7998367364625778,-0.1402922081340964,0.37498326257473097,0.45637384356222044,-0.32858111846881455,0.42362097897936674,0.44969388669447335,0.19490526606448244
-0.09705975043690093,0.029206421071930406,-0.8235607967827944,-1.1025665341181545,2.3086805558271104,-2.866888396255364,-3.234745864047003,-1.9310719586602227
-0.35218874618326756,-0.4535697422901941,-0.7556928029872716,-0.7690956687932827,0.8706539300229292,-0.34257802722255803,-0.32560452316477184,-0.4088673019209441
1.7046849192534206,1.3404461184905578,-0.9591839229469933,-0.8026333150519706,-0.1649890986525591,1.4492930627258218,1.501665697650424,0.7927149115067886
0.9674841421021869,0.46625520834476797,-0.24503802078069592,-0.1644489085850336,1.2928268843874597,0.1847067829878602,0.48743837096635545,0.7107507782523683
-0.4342562576868144,-0.16685928704368996,0.4624992976753547,0.4436131498345925,0.013115116469977142,0.05714161112551894,-0.10751327551383864,-0.3108651944412615
-0.5620790095883028,-0.5932819718197437,-0.5757535557055272,-0.7080001323890066,2.783625129487207,-2.116879919676975,-1.5939290539093995,-1.2030919546058856
-0.3699816929948349,-0.4650796343516287,0.00676530576472855,-0.13751250343547286,2.453802508889918,-2.116879919676975,-1.5939290539093995,-1.2030919546058856
-0.8487885720773783,-0.47967322983897964,-1.008732603500297,-0.9916572316810008,0.5408313094256401,0.11186457576220282,-0.046372768861968186,-0.19040196148332533
-1.7992128576517863,-1.8440564651896574,-0.4360176638271493,-0.4955142334701584,-0.2375500751839627,-1.2219516537627968,-0.7531676611112474,-0.5999006733048637
-0.26938650175135037,-0.39840077297299825,-0.13286128117974005,-0.198356435803426,-0.2045678131242338,-1.2219516537627968,-0.7531676611112474,-0.5999006733048637
-0.34531168288609687,-0.19815339976358104,0.0023933018290377486,-0.06586851405053598,-0.23095362277201698,-1.2219516537627968,-0.7531676611112474,-0.5999006733048637
0.24719379927472318,0.11753365535179686,-0.5047454183504965,-0.5047101578094638,1.1411084789127066,-0.0733563488432682,-0.10751327551383864,-0.2650015483401163
-0.5840834514203118,-0.47634102912437915,-0.537334693246556,-0.5112618995588167,2.915554177726123,0.3778351937177049,0.1556008734869354,-0.10514262646406972
-0.5200712070388572,-0.5656056265881823,-1.0312441542754507,-1.30947114842722,-0.5146010764856858,-2.854511852253641,-3.2985161130431933,-1.9583110424129102
0.7399671286653462,0.20442778122385655,0.012466363961482272,0.044650688563898304,1.7941572676953392,0.19503692460812969,0.3005304159325704,0.3122936185166551
-0.3258212382882731,-0.4355752561202193,-0.6703596568617465,-0.7442844699905847,-7.778835391444127e-05,-1.4173607727461517,-0.9739417036982861,-0.8234031570973768
-0.40184547343031285,-0.3629249951593104,-0.8253294641720339,-0.9015506156590473,-0.5146010764856858,-0.37443610144631295,-0.25916635673801813,-0.42808731862972965
-0.06932493440918029,-0.159250481595942,-0.47943658127296296,-0.35907328488891793,-0.5146010764856858,-0.37443610144631295,-0.25916635673801813,-0.42808731862972965
-0.44845173882507866,-0.5311010272993331,-0.2962549428816215,-0.10712530083149441,-0.5146010764856858,-0.37443610144631295,-0.25916635673801813,-0.42808731862972965
-0.7066472054579349,-0.32062048043643626,-0.13071465313029737,0.1933514933290631,-0.5146010764856858,-0.37443610144631295,-0.25916635673801813,-0.42808731862972965
0.993147762126372,0.6236296296961005,-0.12649442249044066,-0.09056551780844882,2.6385031764243996,0.39280595735029095,0.3651605512162899,0.03951228866179092
1.3582802032769745,0.978541813440473,-0.8557006877140518,-0.8312967385903564,-0.07923521729726385,0.046557212657486365,0.06348463382677073,-0.29306142306346894
-0.22276608522472058,-0.31280030736395176,-0.35705153755475316,-0.27909156915381106,-0.5146010764856858,0.9677040704607358,0.6835770489188636,0.5648451103499527
1.177896898115292,1.0032565789998333,0.4387646259790932,0.5635018357369391,-0.5146010764856858,0.9677040704607358,0.6835770489188636,0.5648451103499527
-0.9264996055286674,-0.5317511848988522,-1.0387925899420662,-1.0125301274888596,-0.5146010764856858,0.21564098081891064,0.04688354100549109,-0.22555064471335987
-0.38538700539360254,0.029206421071930406,-0.0634534052389083,-0.03765603866381967,-0.2507429800078543,0.422629552681541,0.223898379574634,0.06770207762095169
1.054741133381074,0.6496241291586866,-0.7543858121164803,-0.7839435971361691,-0.5146010764856858,-1.015135471238388,-0.556725146007426,-0.606410469826595
-0.6383727607524342,-0.6327021111008846,-0.3150296016427374,-0.4282317846809104,0.19121933159251334,-1.838449996728069,-1.3307290439581043,-0.984619618113473
-0.9312408671785887,-0.9052325224484192,0.11523994500943661,-0.0074055197052556995,-0.19797136071228802,-1.838449996728069,-1.3307290439581043,-0.984619618113473
-1.018896645791035,-0.9885729269878747,0.399381778273174,0.27093798608617314,0.08567609300138077,-1.838449996728069,-1.3307290439581043,-0.984619618113473
1.2125585892467803,0.8806824087170464,-0.7456855259208163,-0.7343080283912562,-0.5146010764856858,0.11709870361460555,-0.049251756909367644,-0.32164827448033007
1.2340474190638226,1.3535019206352283,-1.3125349402233697,-1.2899784446594185,-0.5146010764856858,-0.03668550448683386,-0.020604742003956535,-0.4416871993936958
1.3140087470318138,1.81487208708082,1.8262072220213654,1.846338711864892,5.049506532990585,0.650027338634942,0.5862351942408215,0.21278371940475962
0.366912565343975,-0.1779724883502871,-0.3686329491979252,-0.38433021104937354,-0.3167075041273122,-0.04636946120643953,-0.25916635673801813,-0.29306142306346894
-0.19710514281815042,-0.4381738937208837,0.0305882659456899,0.006635651348830158,-0.1913749083003422,-0.04636946120643953,-0.25916635673801813,-0.29306142306346894
-0.08341100032003193,-0.5183037668216708,0.2362713747329407,0.20808381780816265,-0.18477845588839642,-0.04636946120643953,-0.25916635673801813,-0.29306142306346894
-1.2173455443614394,-1.0082172725380356,-0.7171792074784599,-0.7256210274785884,-0.23095362277201698,-0.04636946120643953,-0.25916635673801813,-0.29306142306346894
-0.6522901186965055,-0.6538839473866653,-1.0233442125365322,-1.1102223029343734,2.38783798477046,-1.9789846061943583,-1.197277533519721,-0.8537976131610386
0.8963589602199549,0.5425984173470881,-0.2122878176214811,-0.21141764109319408,-0.05482834337306448,-0.03453575583256852,-0.046372768861968186,-0.3618529071025252
0.3130975437596629,1.6639162310683508,-0.6111394180352538,-0.8528531389645713,-0.5146010764856858,-2.3061111508434013,-1.2792975769508992,0.010790585623647524
1.3908927430099942,1.335012173909241,-0.8961131557732336,-0.7981534194277712,-0.5146010764856858,0.8457043290755699,0.608681468399628,0.47029362722658197
-1.1256781130834708,-0.9698019577107232,-1.00250495100146,-1.0482225591522127,0.34293773706726643,-1.068122564191271,-0.6935130852793472,-0.7921903901445935
-0.717718375877456,-0.6977964404984782,-0.5951765518983579,-0.6440473536063341,0.2769732129478085,-1.068122564191271,-0.6935130852793472,-0.7921903901445935
-1.0397207280233725,-0.7055805738613335,-1.2534648124751664,-1.2623301479368683,0.09886899782527234,-0.4421567032518444,-0.38721848115444313,-0.5677628483383669
-0.17472447637990215,-0.44873137554939024,-0.61862615270431,-0.6404676662459021,0.07248318817748918,-0.4421567032518444,-0.38721848115444313,-0.5677628483383669
0.07026413982409735,-0.17154670945885772,-0.32749103581572836,-0.3103233081192713,0.21100868882835072,0.3768357375563513,0.11265946161526616,-0.09423071522014749
-0.3691769765695354,-0.30512232716341253,-1.0573413804276315,-1.0236420872420484,-0.5146010764856858,0.35981800303732664,0.12346167920290183,-0.1495897286534685
-0.9601366199441974,-0.48208638683269656,-0.7554525569002125,-0.7120818638474307,0.7849000486676341,0.4285755147340245,0.3005304159325704,0.02521917801322094
-0.5340483330135453,-0.4278739373020783,-0.2914503044274726,-0.25772807961569844,0.5474277618375858,0.4285755147340245,0.3005304159325704,0.02521917801322094
0.5488091727794343,0.094616294044728,-0.6897240264135316,-0.6178795079772545,-0.5146010764856858,-0.48271508624845216,-0.8533372387279687,1.5935365051763415
-0.6270630973787599,-0.6368543301749711,-0.3174812542699671,-0.3977580685317326,0.013115116469977142,-1.591772428195178,-0.9533411521646887,-0.9208511114941427
1.1064042951277666,0.9073073339503668,0.023511243726832907,-0.08939742938335771,-0.2375500751839627,-2.0383284086915925,-1.2700550414210887,-0.9986234436510693
0.19377832987765287,-0.0894122734976309,-0.825411853965678,-0.9076717065339396,-0.052849407649480686,-1.8434729776306753,-1.2288666089200417,-0.995812353101396
0.6204383540412698,0.1963841613109152,-1.159789994823128,-1.2772764577096154,0.1450441647088929,-1.4683200416897964,-1.5575967289710726,-1.2959785938648967
-0.3928885498671949,-0.48035455688322204,-0.32815865268143046,-0.41514231465529045,1.0685475023813027,-1.6268462150489011,-1.0364152922305165,-0.735699889770116
0.1745582370769881,0.2764567415173102,-0.9201520590957774,-0.9654957100149476,-0.052849407649480686,-1.202115601240548,-0.7456202657655056,-0.5741363612087543
-0.5251517915716507,-0.5691452724389106,-0.3678171118009954,-0.42352902405619863,1.1345120265007607,-1.0548711531698611,-0.7044978272740346,-0.6708167913201452
0.762039502911695,0.751101081074254,-0.8949906699573349,-0.7855083951221951,-0.5146010764856858,0.19503692460812969,0.14493201698902475,0.10903145164825394
-0.4441302278853934,-0.029898059279354905,-0.6436397537099376,-0.5847096171358976,-0.5146010764856858,0.5810240222166203,0.4944546904593177,0.7171446884635535
0.07432577297358411,-0.1696102888089046,0.18793760470810814,0.21751054182338259,1.0685475023813027,0.39778745065265586,0.3651605512162899,0.5868484581177069
-1.3411771727913266,-1.217277152898687,-0.597848509313702,-0.8685385100001014,0.21100868882835072,-2.601544981142623,-3.157511877342501,-1.7465347722831668
-1.2644378187447152,-1.11005452931972,-0.11705849149180313,-0.3977580685317326,0.21100868882835072,-2.601544981142623,-3.157511877342501,-1.7465347722831668
-1.4131395737940042,-1.3173187559010258,-0.43933450072364383,-0.7112354264394538,0.21100868882835072,-2.601544981142623,-3.157511877342501,-1.7465347722831668
-1.1503664192118244,-0.9866578340117296,0.10564574811901097,-0.1815312647421087,0.21100868882835072,-2.601544981142623,-3.157511877342501,-1.7465347722831668
-0.43999671447719135,1.3824773215482893,-0.4128740062402691,-0.4225922249771399,1.398370122978592,-0.1671834644556152,-0.20660285791799995,-0.4184469754515015
0.10444235438789984,-0.571998508141792,-0.27212370016293,-0.23183174345924557,-0.30351459930342056,0.5906581237378974,0.37496218281690186,0.2991556349596439
-0.6956890081357814,-0.6826458548630605,-0.5546680042350584,-0.5945574790240248,-0.1188139317689386,-0.7285438129292491,-0.5383171360896442,-0.7555655414139896
-1.1893597516660552,-1.0122582342600177,-0.9376989243925,-1.0680553829209423,-0.052849407649480686,-1.7418154363132718,-1.6574227205465701,-1.3695632471643797
-1.0006389122567894,-0.8867356702061904,-0.3177570295277488,-0.46097173703218086,-0.1188139317689386,-1.7418154363132718,-1.6574227205465701,-1.3695632471643797
-1.0624896520155527,-0.8303483972719385,-1.6045040987670371,-1.6608431447017766,1.0685475023813027,-1.2925994593027543,-0.7007915672142845,-0.5848185460996427
-1.2015138961728535,-1.0204580506894319,-0.6890191107441626,-0.9728135044810335,1.2004765506202186,-2.3109237083624827,-3.2884480286605084,-2.13760097998717
-1.9458805078787116,-2.069777665528835,-1.3786214237215357,-1.5780540765703628,0.4748667853061821,-2.069003496871232,-2.5201128229639402,-1.807474365040362
-0.39770714838886934,-0.4838253485659773,-0.1654065599221247,-0.2513845248831417,-0.052849407649480686,-0.9642712307813199,-0.9780600976862959,-0.7936037369268267
-1.1420737600947275,-0.9809641215401267,-0.9115664342092362,-0.9626702905883195,0.7387248817840136,-1.0433319780698869,-0.683762852784487,-0.7553472984499503
-1.3214721425160356,-1.1885831323856826,-1.2544998339360873,-1.4970627610223728,0.07907964058943497,-2.1761234202609283,-2.967507995735948,-1.9796009712772433
-0.1384296725770105,-0.30894386706831395,-0.3112268782499139,-0.6768412294031484,0.5408313094256401,-2.264572352306009,-2.08759512869726,-1.4582604762844182
1.3672649674849942,0.8582134367035917,-0.4009085757307525,-0.3338641194650107,0.8508645727870918,-0.7299162865651085,0.6309350683009599,2.099112322743384
0.31872058674236864,0.16767623912987512,-0.31112794853790876,-0.2325463316636171,0.27037676053586274,0.9297467131910896,0.7940949960751945,0.5718807357507248
1.234045569817803,1.0526276868065854,-0.029012710373603572,0.07718133015181014,0.9366184541423872,0.7538555139894899,1.1692460330348908,1.3614480343352053
1.2970966806697488,2.010138784026228,1.5805256535955228,1.6527191402072565,0.8706539300229292,0.7538555139894899,1.1692460330348908,1.3614480343352053
1.2835452465500683,2.506758361014378,-1.3281757736232649,-1.209516424436803,-0.4492961976074224,1.1572601463923502,0.9729609796499826,0.5240055018477093
1.4937514654075608,0.4422329627213286,-0.676286793365796,-0.5561917717465273,-0.5146010764856858,0.06453896463934837,1.1692460330348908,1.4428066005110258
1.7906944304987447,1.089777017255477,-0.6472510080819981,-0.5040793378986901,-0.5146010764856858,0.9469493444002173,1.4277720278065382,1.2500174393907069
1.768136644685659,1.2169979704637637,-1.1651512570102092,-1.0701635323004421,-0.5146010764856858,0.4176698221312006,0.7794891632443709,0.5738849560534832
1.7662866975971498,1.2254633343072459,-0.8454142243209829,-0.768025142842297,-0.5146010764856858,0.6917867804675333,2.097534215613444,0.8142457527875524
1.544253114487176,1.5386130888316036,-1.437736912469265,-1.3418259452915897,-0.5146010764856858,0.9079422897593437,0.7202287895051172,0.40457672703358727
1.655880197005787,1.1813299964241897,-0.9163806121061963,-0.7777189103051219,-0.5146010764856858,1.2898563972476627,1.3162303256474088,0.9199510370623295
1.4937533141179737,1.3355092631690795,-0.743898931306671,-0.6444319718953601,-0.5146010764856858,0.9901778160798598,1.3433065871147314,0.9374022507109954
1.7669037007852302,1.625968043179357,-0.8250028780744056,-0.6543763472348051,-0.5146010764856858,2.8111310824849562,1.6894905241670348,0.6182960344092956
1.6667689495517066,1.6872278599819832,-0.8062223523493617,-0.6803410401595498,-0.5146010764856858,2.0292952151963943,1.2014517698035023,0.6876936106629936
1.4720577475557917,1.0844090134761226,-1.0323502163731129,-1.003722275794869,-0.5146010764856858,0.5925829834558164,0.07449326382993063,-0.06957908171921799
1.306514405030221,1.7549348012111414,-0.6000665963696235,-0.5102010397600378,-0.30417424454461517,1.0783101775566042,0.8394705587960929,0.3797514828109654
1.6490182310429098,1.3912750830441933,-0.9453732280920771,-0.8471881724727967,-0.5146010764856858,0.9695052480908661,1.968526085358544,0.744246978884963
1.7406794041789884,1.067883011089201,-0.8970819668728868,-0.8147752136193466,-0.5146010764856858,0.8805684483142187,0.6987317470129374,0.6548153325194448
1.4532242016103454,0.8352987216399,-0.43407479219732054,-0.3853062768149447,0.9366184541423872,0.7846372131771248,1.132986302523457,0.7708751523673646
1.3306586002270746,1.6650559814970258,2.009272127846505,2.014790280861784,0.8706539300229292,0.940617596667586,0.5315576989763434,0.5828714340395154
1.676206873619312,1.2504944997659393,-0.9398349664711482,-0.7989513156117076,-0.5146010764856858,1.372651182945406,1.6894905241670348,0.8396870987651904
1.6895473435505384,0.935974279539074,-0.8578809268297182,-0.7777189103051219,-0.2507429800078543,0.45131084488083784,-0.3224018933933692,0.5125798213872419
1.880911088934307,1.5581156990018863,-1.234123073896701,-0.9897709600548134,-0.5146010764856858,3.1583239045115072,2.4056852680805014,1.2805388649133136
1.2536132498771215,2.335477606114232,2.5005696865961022,2.5546058547126003,5.092383473668232,-0.5435134811052522,1.132986302523457,2.6280082931087416
0.5696421353259558,0.16258394463321282,1.4991841745942054,1.5271702966355103,-0.5146010764856858,1.001829094552542,0.39930535200219186,0.26396558802259107
0.21499756286834776,-0.07372908672534749,1.6245602711823577,1.711095502374041,-0.5146010764856858,0.7501130307461318,0.17152228567767072,-0.01848349158368503
-0.2767419689955323,-0.40317231840225026,-0.39338832395720524,-0.473438306588925,-0.5146010764856858,-1.4242204850658513,-0.9780600976862959,-0.7936037369268267
-0.060236919500469915,-0.2583545425738094,0.2042711688304062,0.11183876139701787,-0.5146010764856858,-1.4242204850658513,-0.9780600976862959,-0.7936037369268267
1.3937840655322193,1.1516843332048554,-0.03945137072696141,0.08177379722967261,1.7281927435758817,1.2599917069569821,1.2750782160413774,0.4487017034996297
1.10538590337832,1.2683183235222362,0.7185548837740596,0.7221903266283599,4.577860185536461,0.21564098081891064,0.19784259773877455,0.1225622527407669
1.615456311485584,2.0522123185237695,-1.1503593117092354,-0.9348283552975287,-0.5103793469420405,2.068011706473228,1.6298895436519831,0.7796486930823223
1.2481362277279993,1.1478257764023154,0.5960625333404712,0.6862257953968293,0.5408313094256401,0.8383371492565737,1.1091425758305526,0.7144077292005051
1.0337664351645417,0.4720531567783925,0.2689207370909307,0.366075357918483,1.0685475023813027,0.8383371492565737,1.1091425758305526,0.7144077292005051
-0.097684288994376,-0.3708511830176925,-0.2755652058255023,-0.2524133144794236,-0.14777235785738058,0.15983747155978761,0.19784259773877455,-0.22894085791882762
1.4102427083062494,0.9446064678095335,0.06646828732606294,0.08232747584275829,-0.13702014042590896,0.15983747155978761,0.19784259773877455,-0.22894085791882762
-0.7345421249551002,-0.677101653417911,0.02546436978653558,0.05032138939856292,-0.42225074271844476,0.5287154254887874,0.2752372546258925,-0.1067078760621831
-0.7345421249551002,-0.39368254201606884,-0.1697773181778091,-0.14087559067339203,-0.4394015189895038,0.5287154254887874,0.2752372546258925,-0.1067078760621831
0.9189248487828463,0.4785122986792387,0.929434628263547,0.948504388295936,-0.5146010764856858,0.6146720831237454,0.4138022870940886,0.1399743795078521
0.39511402891341046,-0.1779724883502871,1.2886018241428598,1.299932430072791,-0.5146010764856858,0.6146720831237454,0.4138022870940886,0.1399743795078521
-1.2925763897504268,-0.982853508483931,0.27200637553217494,0.26333670936688175,-0.5146010764856858,-0.08744039964112986,-0.046372768861968186,-0.33796748486267103
-0.4059998075059663,-0.3081767873342749,-0.44400613642617065,-0.5438535836997922,-0.5146010764856858,-1.0548711531698611,-0.7721328405670884,-0.6799181942192764
-0.3172622872754182,2.435482854480289,-0.00949064681815913,0.911951679598503,1.860121791814797,0.5935451686015634,-0.020604742003956535,0.2140527524920487
1.1185502570549741,2.0837642576673856,0.41623150873957643,0.4691719173660192,-0.290321694479529,0.5742704089824202,0.9534681925535166,1.039581553861622
-1.2370177584280981,-0.3844013491250989,0.0426088749666553,0.026914461275472753,-0.5146010764856858,0.6898952738676433,-0.1731504135176411,0.28226887588051347
-1.2191191104446806,-0.33425644909975516,0.23794774724014536,0.21818985777393726,-0.5146010764856858,0.6898952738676433,-0.1731504135176411,0.28226887588051347
-1.1338446468825167,-0.9753461591558725,-0.48824989548043884,-0.43486880535845457,-0.5146010764856858,0.7641346383378218,0.6965722063047625,0.2140527524920487
-1.2370177584280981,-1.070972109649922,-0.3834075376513237,-0.3047569075976617,-0.5146010764856858,0.7641346383378218,0.6965722063047625,0.2140527524920487
-0.2916057913277221,-0.41288026956852153,0.5400835425945135,0.5973455124772072,-0.5146010764856858,0.7641346383378218,0.6965722063047625,0.2140527524920487
-0.3732066023832621,-0.46730801565722646,0.747000919533055,0.7890427930741606,-0.5146010764856858,0.7641346383378218,0.6965722063047625,0.2140527524920487
-0.2878705040164031,-0.41043227849561154,0.8940867953491473,0.8831745736623787,-0.5146010764856858,0.7641346383378218,0.6965722063047625,0.2140527524920487
0.7707366006045234,-0.1779724883502871,1.145054176033134,1.1660995696682608,-0.32198466605686876,0.7183242600184673,0.7857588844869485,0.19490526606448244
1.1755845808262946,0.9221256009430967,1.3626037093023606,1.3795581737531626,-0.332538989915982,0.7183242600184673,0.7857588844869485,0.19490526606448244
1.160679791552536,1.38909276667564,0.9530377142792408,0.9583281685723822,2.757239319839424,0.525795210426317,0.24969489559996105,-0.12561749935932728
-2.1469258632732293,0.619746370304627,-1.8481524287887017,-2.0030976085456214,-0.5146010764856858,-2.3463410233699142,-2.08759512869726,-1.4582604762844182
-0.567386966569586,-0.5970624561339786,-0.49969163501137875,-0.4965532037440789,-0.5146010764856858,-0.07876915678058123,-0.11046100575779325,-0.2684808757978731
-0.5108531760253703,-0.559308085685565,0.10801727081617737,0.04223402111910296,-0.5146010764856858,-1.1705213939611976,-0.48758695619504183,-0.4261543595127959
-0.8476881525916009,-0.32858821261847526,-0.7892009676920745,-0.694654366905158,1.1345120265007607,0.85857393095305,0.8578067894424787,0.5738849560534832
0.14755605062038965,-0.16141047237949044,-0.29773380152497864,-0.2135022395661859,2.3218734606510023,0.85857393095305,0.8578067894424787,0.5738849560534832
1.1773011332162515,0.6477438097848569,0.06814799955008355,0.14478813849070715,-0.3694791234228785,0.85857393095305,0.8578067894424787,0.5738849560534832
0.596159384307928,0.1798221453401186,0.4944714365004613,0.5625767159148641,-0.3892684806587158,0.85857393095305,0.8578067894424787,0.5738849560534832
0.14257277476732708,-0.1226422304296952,-0.7239753751513753,-0.7056183353392727,0.2769732129478085,-0.020582199350175367,0.030175458663013462,-0.3692783125586306
1.417886114375874,0.9360390954203748,0.04995953896732673,0.047539795899828166,1.992050840053713,-0.020582199350175367,0.030175458663013462,-0.3692783125586306
1.2032158080628836,1.1478278929092176,-1.1662091457590078,-1.1482261652946517,-0.5146010764856858,-0.161685729155405,-0.07239948631439182,-0.2120647970374311
-0.4227797429519236,-0.499806914579442,0.8809449964889087,0.5772348908875926,1.0025829782618452,-2.2900986966322905,-3.0670588411019617,-1.9425367551367798
-1.01009418651278,-0.8251026493476321,-1.5077279333631488,-1.4779804806229682,-0.5146010764856858,0.4057487580639229,-0.020604742003956535,0.03238250935059967
-0.5039912100624928,-0.2979553232615062,0.4072680836657995,0.39747771884726196,0.3825164515389412,0.4057487580639229,-0.020604742003956535,0.03238250935059967
-0.08156317533992767,-0.2722009396842234,0.9852882835649371,0.9634579060932968,0.7387248817840136,0.4057487580639229,-0.020604742003956535,0.03238250935059967
-1.1095290265185531,-0.7350655701655744,-0.4965946048209639,-0.44359141980668054,0.34293773706726643,0.5326067101338839,0.5407510719798126,0.5638373611572111
-0.5771055308101773,-0.4968013696675262,-0.1985848753819614,-0.15152092600704542,-0.38267202824677,0.5209248444014553,0.42342206982076086,0.5435409924661794
-0.9124001379715303,-0.8576015482698478,0.2880832147199648,0.3250548628172962,1.992050840053713,0.5209248444014553,0.42342206982076086,0.5435409924661794
0.36101929167246166,0.023003039565543008,0.549249212252754,0.5803821516487119,-0.340210664071075,0.5781306003952011,0.4639125428301753,0.5537230043434246
0.2517154649836181,-0.0502037632692759,0.8748981333866467,0.9564775811894337,-0.5146010764856858,1.102110678897441,1.096212232466589,0.5638373611572111
-0.19163654274196745,-0.344989391688653,-0.1458306149496074,-0.14606115956902285,-0.5146010764856858,0.18574064352322506,-0.049251756909367644,-0.25806666117438565
-0.9339644943801837,-0.8423951587521202,-0.35860597754012297,-0.35429862858766,-0.5146010764856858,0.06559494292417856,0.03575679229395902,-0.3352809318416926
-0.8476881525916009,-0.7841450193308717,-0.7186058279913138,-0.6263279703634638,-0.5146010764856858,0.8235740427458392,0.7394248922067705,0.6231515571866996
-0.804603531206328,-0.7555632549323693,-0.8139765884661752,-0.812167335673563,-0.5146010764856858,0.7911452605325835,0.4944546904593177,0.17551385605654635
0.5493154587124308,0.14852803262022748,-0.6234111601128604,-0.4954104206132963,-0.5146010764856858,-0.3778600954701494,0.4944546904593177,1.794875481517234
-0.988398619950598,-0.8777824596831416,-0.5245182631090948,-0.5031341651940802,-0.5146010764856858,0.4788662934283408,0.223898379574634,0.02521917801322094
-0.9601366199441974,-0.8590114904059901,0.00923445072172798,0.0460967223083786,-0.5146010764856858,0.01468508370294433,-0.42024476816578316,-0.521821758990316
-1.0322371157222612,-0.906811130931592,-0.6328411742723875,-0.7400125323755782,-0.5146010764856858,-0.8353558986572184,-0.5919981863184592,-0.606410469826595
-1.1587236132899883,-0.9924293672835122,-0.21289737277961507,-0.24009356932448658,-0.5146010764856858,-0.27154444380693604,-0.3224018933933692,-0.4416871993936958
-0.5918503027548709,-0.6133207847292484,-0.2568709823965269,-0.3834440497720894,-0.5146010764856858,-1.5744503792996192,-1.144004526114328,-0.9191383351487238
0.45835889049704803,0.3396272531114881,-0.8231317065957244,-0.7488798342398866,0.0526938309416518,0.36482851731246596,0.6309350683009599,0.6134249739325287
-1.1841926493831627,-0.7600083199500385,-0.5604087012136674,-0.49034222785456094,-0.5146010764856858,0.36482851731246596,0.6309350683009599,0.6134249739325287
-0.5200712070388572,-0.5656056265881823,0.27340275707444456,0.24090552306929736,-0.5146010764856858,-0.06578707850057154,-0.1671142560288904,-0.365561082139835
-0.2916057913277221,-0.41288026956852153,-0.582937969702232,-0.5449663561538218,-0.5146010764856858,0.10767379576104116,-0.020604742003956535,-0.25806666117438565
-1.1503664192118244,-0.9866578340117296,-0.603788391664037,-0.574997434320837,-0.5146010764856858,0.252540858887585,0.09091905354157294,-0.20703824838611481
-0.6017938369385311,-0.6196828979522697,-0.011386115609250921,-0.0006843572085414318,-0.5146010764856858,-0.398447545514178,-0.3224018933933692,-0.48122721727274126
-0.4881484398350866,-0.5442982662842569,-0.07526683425711138,-0.08823127328077834,-0.5146010764856858,0.07825138351585532,-0.10751327551383864,-0.3288796662277286
-0.0632577204214899,-0.2617738104659415,-0.09194903644600477,-0.013667066749131476,-0.5146010764856858,1.3734898342365427,1.2577368238232172,0.8396870987651904
-0.5869128502902351,-0.6101753156046902,-1.1010287591020675,-1.0610734057083744,-0.5146010764856858,0.5170255406219934,0.19784259773877455,-0.06347805110681766
-0.024634962335880237,-0.23516486596592354,0.8137307537979793,0.8140879484145253,-0.5146010764856858,0.5170255406219934,0.19784259773877455,-0.06347805110681766
-0.6848415015673848,-0.6752696450022838,-0.47302846179669905,-0.45457521401974255,-0.5146010764856858,0.1671022826393813,0.03575679229395902,-0.27546348024390227
-0.4059998075059663,-0.48908561796683986,0.4459974114880913,0.43173261320487116,-0.5146010764856858,0.21358393739950002,-0.020604742003956535,-0.25806666117438565
-1.0174245495779106,-0.8974268052333028,-1.2573204378829643,-1.2867814269202071,-0.5146010764856858,-1.0292034121532383,-0.7007915672142845,-0.6730870454322985
-2.2577347974534545,-1.2812732312806867,-0.6234958270935639,-0.6413608853757687,0.1450441647088929,-0.4502452295621677,-0.3449038316703168,-0.5550953264124101
-2.0331483189944124,-1.0974483013164624,-0.48393886811312,-0.5047101578094638,0.10546545023721814,-0.4502452295621677,-0.3449038316703168,-0.5550953264124101
-1.270006858118896,-0.8576015482698478,-0.3029124390188155,-0.3274547719147351,0.09227254541332655,-0.4502452295621677,-0.3449038316703168,-0.5550953264124101
-0.5918503027548709,-0.6680200716284929,-0.08774707924381914,-0.1167656726545985,0.07248318817748918,-0.4502452295621677,-0.3449038316703168,-0.5550953264124101
-1.5845449853068736,-0.7055805738613335,0.16699695805148296,0.13296848812836248,0.1450441647088929,-0.4502452295621677,-0.3449038316703168,-0.5550953264124101
-0.5387480955225354,-0.57776347518757,0.7722952665612614,0.7109175748955118,-0.5146010764856858,-0.09395253563690456,-0.1371424948145019,-0.4031483029581935
-0.5154523009105331,-0.5620954045677635,-0.17452967663486058,-0.19903786766243134,-0.5146010764856858,0.12337329296433697,-0.07821885681676052,-0.29306142306346894
-0.5017135972907881,-0.5531030834327141,-0.27213854951412825,-0.3755183312695505,-0.5146010764856858,-1.0138582946656163,-0.6640174971574165,-0.6505354462926373
-0.38538700539360254,-0.4757707693787411,0.5590025814488646,0.5584917034375803,-0.5146010764856858,0.18884109580990824,0.03575679229395902,-0.24086642053867213
0.040469456455802404,-0.19228834329390013,0.59094907778056,0.5595616642246833,-0.5146010764856858,-0.18591569368731653,-0.3224018933933692,-0.4416871993936958
-0.6902515584466783,-0.6789416444662187,0.3143752807480748,0.32050201364504183,-0.5146010764856858,0.7725310078995579,0.4473165105808271,0.1225622527407669
-0.5722352548014147,-0.6001114027908805,0.30388081264323336,0.2578667899841766,-0.5146010764856858,-0.40532665512652993,-0.38721848115444313,-0.5013891689827998
-1.548970142912186,-1.5099774571914992,-1.1126388177503332,-1.0925672004592801,-0.5146010764856858,0.12859682443972825,-0.020604742003956535,-0.365561082139835
-1.1175732140891201,-0.9643296053927469,-0.9801088451758061,-0.9546595088919375,-0.5146010764856858,0.21769727906771397,-0.049251756909367644,-0.27546348024390227
-1.1756356796520533,-1.0022274234917277,-0.7096957316411826,-0.7548539479879871,-0.5146010764856858,-0.31202615363817554,-0.2905913290163864,-0.46132882804278685
-0.08288712702016725,-0.2839762274954796,-0.09313826178357518,-0.021573032267601464,0.6133922859570438,0.7332412543610031,0.7223687223300894,0.5455828507200787
0.3978544864114684,0.39652037721298017,1.0683610350208579,1.1160535622868906,0.16483352194473017,0.7332412543610031,0.7223687223300894,0.5455828507200787
-0.44845173882507866,-0.5176739721076601,-0.0013772964051877482,-0.017345486144839484,-0.5146010764856858,-0.3653155351077789,-0.3546076301619808,-0.48122721727274126
-1.5733778758137806,-1.5443278723541647,-1.3247575456645184,-1.2964163086111615,-0.5146010764856858,0.6993465102397771,0.4473165105808271,0.10903145164825394
-0.7516336372227229,-0.7195579299672056,-0.851115603517391,-0.9408560233284105,-0.5146010764856858,-0.7615873328011177,-0.45369721256614204,-0.5848185460996427
-0.43553902991098475,-0.5089540724661221,-0.4518423511177702,-0.41514231465529045,-0.5146010764856858,0.24333835281302924,0.06348463382677073,-0.19040196148332533
-0.5482097780445688,-0.5843445529714025,-0.22521797306082794,-0.24772248442313885,-0.5146010764856858,-0.12553361016441072,-0.25916635673801813,-0.4031483029581935
-1.2552197877312283,-1.094971594642068,-0.9434797935481614,-0.8894656133526003,-0.5146010764856858,0.46018254961001054,0.17152228567767072,-0.10984321208319692
-0.24045831436669302,-0.37892899680712266,0.8862100131983366,0.8791390051189522,-0.5146010764856858,0.2289936235992502,0.09091905354157294,-0.24086642053867213
-1.1587236132899883,-0.9924293672835122,-1.3929480021232135,-1.3642514133421597,-0.5146010764856858,-0.22801261333225828,-0.2905913290163864,-0.4416871993936958
-0.06932493440918029,-0.2652209910577879,0.9769578207518294,0.94473273816601,-0.5146010764856858,0.022137936461877193,-0.1371424948145019,-0.34710988531808445
-1.050108880343738,-0.9196570576853794,-0.4801354809303605,-0.4821451447588592,-0.5146010764856858,-0.1682836507665967,-0.14310919128082936,-0.3637058654567604
-1.0174245495779106,-0.8974268052333028,-1.4549344943973048,-1.4659511832040644,-0.5146010764856858,-0.49552209071530734,-0.38721848115444313,-0.521821758990316
-0.2088192136208508,-0.06502203026200568,-0.2536083900277496,-0.2662259404955511,-0.5146010764856858,0.4087313719798575,-0.2969222930178789,0.3922147129120343
-0.1984766551620573,-0.49119000312986005,0.09579900897317148,0.07718133015181014,-0.5146010764856858,0.4087313719798575,-0.2969222930178789,0.3922147129120343
-0.054220690772099574,-0.5985673273430094,0.47125959615187235,0.44279074118220724,-0.5146010764856858,0.4087313719798575,-0.2969222930178789,0.3922147129120343
-0.6373396735930972,-0.6435839909678599,1.1226466973657705,1.1208815493213777,-0.5146010764856858,0.39180913387705474,0.17152228567767072,-0.12561749935932728
-0.26572757480692205,-0.3955635129545023,0.11739464042355433,0.14646059764587954,-0.5146010764856858,0.6481218632045775,0.37496218281690186,0.05367243821493292
-0.5819979949411181,-0.6070531033961433,-0.31135093732582,-0.41978927415410106,-0.5146010764856858,-0.5599941557996992,-0.521925583639496,-0.5635286172353096
-0.41856011465728543,-0.4974007697361866,0.32934220517050633,0.3199471602490228,-0.5146010764856858,0.3266372210432656,0.007729184504206895,-0.2238583653839335
-0.3691769765695354,-0.46452437157935517,-0.5045511547290443,-0.4339168251958869,-0.5146010764856858,0.6747404876159281,0.42342206982076086,0.09537929645992647
-0.3611628049033604,-0.45955959133650215,0.1484075973485061,0.11573190318912681,-0.5146010764856858,-0.014153646846844233,-0.1671142560288904,-0.365561082139835
-0.8476881525916009,-0.7841450193308717,-0.14348941017558733,-0.10247299408607367,-0.5146010764856858,0.6060387563587989,0.3255791950483469,-0.003776081517713554
-0.6321890928837451,-0.6402057547307637,0.5106998602229611,0.5488118666321502,-0.5146010764856858,0.45131084488083784,0.42342206982076086,0.1225622527407669
-1.4346181701525365,-1.3489989801480946,-0.8660993350934946,-0.7992707271274797,-0.5146010764856858,0.45131084488083784,0.42342206982076086,0.1225622527407669
-0.9124001379715303,-0.827717377686099,-0.49425429916769825,-0.5945574790240248,-0.5146010764856858,-0.7567033477687043,-0.521925583639496,-0.606410469826595
-1.4789087366609583,-1.411024909979175,-0.8535513403792142,-0.9646872911152847,-0.5146010764856858,-1.8089926848826465,-1.521766545054981,-1.149342888546372
-0.42701601676615547,-0.31669229138903837,-0.6122607770055243,-0.5808321076168466,-0.38267202824677,0.6252061264321768,0.20045999167160278,-0.024406476099614823
-1.0322371157222612,-0.5940353659133782,-0.4802526310042968,-0.4513498274977158,-0.38267202824677,0.6252061264321768,0.20045999167160278,-0.024406476099614823
-0.9190910880857603,-0.8316700799705208,-0.11110154452181319,-0.07364357534496452,-0.5146010764856858,0.6984020944229837,0.4473165105808271,0.1225622527407669
-1.0028135212063787,-0.8882465028642486,0.04132634047009714,0.07552069050693838,-0.5146010764856858,0.6984020944229837,0.4473165105808271,0.1225622527407669
-0.10962005758821979,-0.2901728977911627,0.14018911553182217,0.2070498706696205,-0.5146010764856858,1.2941099839987729,1.151179559433104,0.7708751523673646
-0.26938650175135037,-0.3979265704779439,0.2815293023927242,0.30001184690070587,-0.5146010764856858,0.5819881685040765,0.3005304159325704,-0.01848349158368503
-0.5293690488375105,-0.571998508141792,1.071853590652486,1.0561630282585568,-0.5146010764856858,0.5140993039799524,0.05519737540000315,-0.3144510738381551
-1.4455207411495725,-1.3641392766519471,-0.9996366521072564,-1.036943259271061,-0.5146010764856858,-0.9075885215905535,-0.556725146007426,-0.6283130793593078
-0.38538700539360254,-0.4757707693787411,-0.7219230635324869,-0.638684616181382,-0.5146010764856858,0.8833117804274145,0.7394248922067705,0.3820251278939261
-1.2015138961728535,-1.0204580506894319,-1.0239582864186063,-0.99354856411058,-0.5146010764856858,0.42064618045530505,0.17152228567767072,-0.15766510621348245
-0.24045831436669302,-0.37892899680712266,0.16773079647352654,0.12138015260013758,-0.5146010764856858,0.8078460575694358,0.5177062227299745,0.2140527524920487
-0.12232901087712994,-0.3013350616205662,-0.1531606986342462,-0.1314780230689597,-0.5146010764856858,0.6766370500304136,0.39930535200219186,0.08160359067699043
-0.34925258279244764,-0.45141251012757105,0.8372636785837474,0.6956778781620567,-0.5146010764856858,-0.7652530812357446,-0.5919981863184592,-0.6283130793593078
-0.8352008721323173,-0.7759452029014573,-0.786518417274576,-0.8013504371669821,-0.5146010764856858,-0.4537152722094545,-0.521925583639496,-0.5635286172353096
-1.6369404508096461,-0.617285858720328,-0.5497752918090606,-0.5272607949583895,-0.5146010764856858,0.5529923047378712,0.223898379574634,-0.003776081517713554
-0.43982603767730466,-0.33100814633265124,-0.17111918219647285,-0.15625295112687224,-0.5146010764856858,0.5529923047378712,0.223898379574634,-0.003776081517713554
-1.4789087366609583,-0.4381738937208837,0.1020835441649948,0.11148776060393258,-0.5146010764856858,0.5529923047378712,0.223898379574634,-0.003776081517713554
-0.41435700158413014,-0.30246767904736666,0.39165647718100793,0.39472277944501283,-0.5146010764856858,0.5529923047378712,0.223898379574634,-0.003776081517713554
-0.49265114672223986,-0.5469879395652348,0.4237597895485409,0.42191237793449504,-0.5146010764856858,0.49357330032644825,0.19784259773877455,-0.0787767236001256
-0.6902515584466783,-0.6789416444662187,-0.9357788982269877,-0.8900104603743767,-0.5146010764856858,0.7519845807972884,0.4473165105808271,0.03951228866179092
-0.8167380560144054,-0.7633730969359115,-0.35225824402411404,-0.427288719385413,-0.5146010764856858,-0.8229943710068466,-0.521925583639496,-0.606410469826595
-0.995581884320983,-0.8822353369105194,-0.1534523583780878,-0.10832316212778935,-0.5146010764856858,0.6366755586967625,0.4473165105808271,0.13597383817750092
-0.9531858253267089,-0.8547957088605757,-0.07614511249869398,-0.10413952252948788,-0.5146010764856858,-0.17488925033329625,-0.1974365721042361,-0.42229578938575985
-0.010142245492274346,-0.22560346252885863,-0.8066816069677525,-0.7777189103051219,-0.5146010764856858,0.3326845347406517,0.06348463382677073,-0.17394552985339107
-0.9190910880857603,-0.8316700799705208,-1.0084718833423998,-0.9748597793670589,-0.5146010764856858,0.3326845347406517,0.06348463382677073,-0.17394552985339107
-0.5017135972907881,-0.5531030834327141,-1.1067005157817627,-1.076052799662906,-0.5146010764856858,0.4591974890862826,0.17152228567767072,-0.09423071522014749
-1.6634576997916184,-1.671091010336722,-1.5529782558689538,-1.4970627610223728,-0.5146010764856858,0.2892024153064917,0.09091905354157294,-0.17394552985339107
-0.8248076895960302,-0.7690413334171914,-0.611053185678896,-0.5746488848930943,-0.5146010764856858,0.2912322423453757,0.17416637409682525,-0.167412450726255
-0.03932594410202978,-0.24494778868631434,-0.06517038893320298,-0.035598447086772365,-0.5146010764856858,0.502379249051662,0.24969489559996105,-0.048331606735046585
-0.9190910880857603,-0.8316700799705208,0.10045642770861334,0.13411691282424795,-0.5146010764856858,0.4196542344058201,0.19784259773877455,-0.09423071522014749
-0.9629295838574236,-0.7577799386444408,-0.8674486836573937,-0.7786491165583042,0.1450441647088929,0.5491149744957634,0.7773958821695979,0.4989652371310298
-0.9211065294392538,-0.34919119031125395,-0.6598293408123441,-0.5752298963850206,0.013115116469977142,0.5491149744957634,0.7773958821695979,0.4989652371310298
-1.5857929738486172,-0.45955959133650215,-0.4272310926603813,-0.3474491489871523,0.21100868882835072,0.5491149744957634,0.7773958821695979,0.4989652371310298
-0.27932833120738626,-0.20410106537471398,-0.13116172415680122,-0.05756443059521651,0.1450441647088929,0.5491149744957634,0.7773958821695979,0.4989652371310298
-0.8352008721323173,-0.7759452029014573,-0.545377599492036,-0.49936609633878004,-0.5146010764856858,0.9306534157333486,0.7180870888709185,0.3591343942758567
-0.49265114672223986,-0.5469879395652348,-0.5485994187481116,-0.549435095069322,-0.5146010764856858,-0.1069992632813472,-0.1671142560288904,-0.3842386796610493
-0.9325993670679277,-0.8410395322990509,-1.2064433045891358,-1.1347290878339416,-0.5146010764856858,0.8741621793914153,0.6965722063047625,0.3591343942758567
-0.5293690488375105,-0.571998508141792,-0.38564111210985247,-0.3755183312695505,-0.5146010764856858,0.48867519729257736,0.223898379574634,-0.06347805110681766
-0.8925738391037881,-0.8135326851220063,-0.7542718964425685,-0.7356203611374632,-0.5146010764856858,0.48867519729257736,0.223898379574634,-0.06347805110681766
-0.9972340034975375,-0.8837301252942745,-0.9819950278873025,-0.9586535207276299,-0.5146010764856858,0.204318006026022,0.018976614163986452,0.10358527374547538
-1.1841926493831627,-1.0082172725380356,-0.5671485833116535,-0.6622236401787915,-0.5146010764856858,-1.6097999221973018,-1.1004315933761113,-0.9191383351487238
-1.047256857331576,-0.9180297829260815,-1.2205139282847095,-1.329518220769988,-0.5146010764856858,-1.6711208762572012,-1.2792975769508992,-1.0014397351112916
-1.6634576997916184,-1.671091010336722,-0.5511457746282329,-0.5699025677047894,-0.5146010764856858,-0.49785374457998643,-0.38721848115444313,-0.521821758990316
-0.32969113083401075,-0.4381738937208837,0.27455830406947096,0.30075039196904324,-0.5146010764856858,0.512147641160749,0.2752372546258925,-0.03333439084239501
-0.7345421249551002,-0.708537019618788,-0.8942556712054467,-0.8900104603743767,-0.5146010764856858,0.3094680964312576,0.06348463382677073,-0.19040196148332533
-0.8991420187185633,-0.8186357958966809,-0.18277939193924594,-0.16056492518816207,-0.5146010764856858,0.4552555366683188,0.42342206982076086,0.40457672703358727
0.8931648764836269,0.37829399829899446,0.4468037168099396,0.5327960248952329,0.9366184541423872,0.5491149744957634,0.7961748425327191,1.1311703840996818
0.8331694563913226,0.33797126166582464,1.096164940768917,1.1699820405608208,-0.2507429800078543,0.5491149744957634,0.7961748425327191,1.1311703840996818
-0.14820722739792988,-0.31669229138903837,0.6634925925287579,0.7149562921092765,-0.5146010764856858,0.6471688855722315,0.4709927342227765,0.1624476376320799
-1.4131395737940042,-1.3173187559010258,-0.7748401217561893,-0.7605766381900618,-0.5146010764856858,0.03276792318960078,-0.10751327551383864,-0.3288796662277286
-1.3021221772197804,-1.161715446752257,-1.2144182329694113,-1.1801221220188929,-0.5146010764856858,0.6156305316281288,0.3005304159325704,0.13597383817750092
-0.12232901087712994,-0.3013350616205662,0.26133845732248745,0.22949071252378606,-0.5146010764856858,-0.29062483573430475,-0.3224018933933692,-0.46132882804278685
-1.3117535782754441,-1.1764304295870867,-1.077361132914517,-1.0170844473655845,-0.5146010764856858,0.7948607974047214,0.5177062227299745,0.3122936185166551
0.6991075363830485,0.2486914288102017,1.1642197299793187,1.1822046036730176,-0.5146010764856858,0.6889492841556368,0.4944546904593177,0.13597383817750092
-0.15208501558060822,-0.32062048043643626,0.5156991197438228,0.5470869932971949,-0.5146010764856858,0.512147641160749,0.3503882692524591,0.05127448685949901
-0.46591381494017114,-0.5291565390861519,-0.015108999371604079,-0.0952573235021469,-0.5146010764856858,-1.1364916188605698,-0.7007915672142845,-0.6959777790503678
-0.26572757480692205,-0.3955635129545023,1.0174066271516642,0.9161686884047938,-0.5146010764856858,-1.1364916188605698,-0.7007915672142845,-0.6959777790503678
-1.9546470383518872,-2.0823838935320924,-1.5980254380169736,-1.5350337068676694,-0.5146010764856858,0.286156313138554,0.11806619656814742,-0.15766510621348245
-1.047256857331576,-0.9180297829260815,0.08470847576221355,0.11586275884088064,-0.5146010764856858,0.6652481588926377,0.42342206982076086,0.05367243821493292
-0.7748538720092366,-0.7350655701655744,-0.637726492769514,-0.7154778135858744,-0.5146010764856858,-1.9744452926747735,-1.4714246046325268,-1.149342888546372
-0.4441302278853934,-0.65042263884763,-0.5257298082260065,-0.473035942877517,0.21100868882835072,0.6414476575518007,0.45681296248212994,0.43450090707269423
-0.37725140573116384,-0.43299251242690834,0.04346097106515094,0.08451498488300488,0.1318512598850013,0.6414476575518007,0.45681296248212994,0.43450090707269423
-0.5529720653138054,-0.5873027246307432,1.1167861837566129,1.078476843135014,-0.5146010764856858,0.007222432843845838,-0.1671142560288904,-0.365561082139835
-0.1440709383874329,-0.31280030736395176,0.3758876245057341,0.35286272577915384,-0.5146010764856858,0.016815468886044883,-0.14012412650630107,-0.043816907132824254
-1.0174245495779106,-0.8974268052333028,-1.2493912011857193,-1.1942463428317087,-0.5146010764856858,0.5462052377791264,0.24969489559996105,-0.01848349158368503
-0.6425150764740113,-0.6469894713397079,0.530878960680778,0.5509091009543073,-0.5146010764856858,0.5568669883379711,0.19784259773877455,-0.06347805110681766
-0.7066472054579349,-0.6901532041911188,0.12364979897760843,0.17361882461978098,-0.5146010764856858,0.8438634303230176,0.5407510719798126,0.2140527524920487
-0.7011541294437146,-0.6863828463088809,0.7352881257744002,0.7726913156422446,-0.5146010764856858,0.8438634303230176,0.5407510719798126,0.2140527524920487
-0.1814573762985991,-0.3408289907698715,0.6687141267935904,0.685254132660982,-0.5146010764856858,0.7939321411648209,0.5635928802717013,0.22668523246079825
-1.2191191104446806,-1.0460584509377202,-0.7258981910707184,-0.6917683573633132,-0.5146010764856858,0.3558064048111807,0.06348463382677073,-0.19040196148332533
-1.1928183505309369,-1.014293309415538,-0.9129728082844476,-0.9831047997109688,-0.5146010764856858,-1.1942005482447922,-0.8533372387279687,-0.7667907841037107
-0.15477540701270529,-0.32062048043643626,1.0896242165007592,1.0154843327373204,-0.5146010764856858,-0.1113548447371286,-0.2905913290163864,-0.42229578938575985
-1.1420737600947275,-0.9809641215401267,-0.9747102675169264,-0.9467387378833593,-0.5146010764856858,0.4906349457165795,0.19784259773877455,-0.0787767236001256
-0.30667823551203865,-0.42281666395241146,-1.0511845026208844,-0.9893524731305322,-0.5146010764856858,0.5326067101338839,0.24969489559996105,-0.06347805110681766
-0.7926045905180333,-1.050480242937253,-0.3032786905674991,-0.2890909028126855,-0.21776071794812538,0.36082045977348576,0.12076534149728542,0.03238250935059967
-0.2916057913277221,-0.8719174032134606,-0.19085156745703208,-0.1749120498816994,-0.34309331377509533,0.36082045977348576,0.12076534149728542,0.03238250935059967
-0.20191311895630462,-0.48208638683269656,0.07542752359342589,0.08633653939330783,-0.48821526683790256,0.36082045977348576,0.12076534149728542,0.03238250935059967
0.11474357504738092,-0.4434196416451902,0.24052809062340152,0.2481730225213517,-0.43544364754233633,0.36082045977348576,0.12076534149728542,0.03238250935059967
-0.4441302278853934,-1.0288202502308144,0.4218196962973414,0.42332367210606664,-0.42884719513039055,0.36082045977348576,0.12076534149728542,0.03238250935059967
-0.13196041193279356,0.037737565315494555,0.868305902581514,0.8623079828815509,0.4748667853061821,0.36082045977348576,0.12076534149728542,0.03238250935059967
-0.7748538720092366,-0.7350655701655744,-0.2032804029182999,-0.1749120498816994,-0.5146010764856858,0.6509798365403134,0.19522255863729732,0.1479440579226048
-0.5722352548014147,-0.6001114027908805,0.2363132079881758,0.2589356926957971,-0.5146010764856858,0.6509798365403134,0.19522255863729732,0.1479440579226048
-0.8228571268113247,-0.7679015829885161,-0.5301651237370909,-0.500201706101163,-0.5146010764856858,0.9179463817168977,0.7180870888709185,0.3820251278939261
-0.4527907104624369,-0.520832380829194,0.6880734071554895,0.6570844728660628,-0.5146010764856858,0.3114906908776501,0.06348463382677073,-0.20703824838611481
-0.3732066023832621,-0.46730801565722646,0.4672855238963271,0.48562433880435746,-0.5146010764856858,0.42163795319369474,0.11806619656814742,-0.15766510621348245
-0.5434685163946473,-0.5814069600640785,0.009967239911734652,0.07883806699720979,-0.5146010764856858,0.7753270400981525,0.4944546904593177,0.14926829036805042
-1.2015138961728535,-1.0204580506894319,-0.6467117666348838,-0.5459693554265351,-0.5146010764856858,1.070354449199307,0.9040852047849619,0.45953594923675983
-0.6741024718817606,-0.6680200716284929,-0.7092749063118647,-0.7533556664393808,-0.5146010764856858,-1.2034358504042486,-0.6640174971574165,-0.6505354462926373
-0.886045587879243,-0.8097454195791599,-1.3144837766710886,-1.231583931214129,-0.5146010764856858,0.7864974167833991,0.4944546904593177,0.17551385605654635
-1.1095290265185531,-0.9589272637685405,-1.6915017904424168,-1.6690243723481855,-0.5146010764856858,-0.04960112155773926,-0.1671142560288904,-0.365561082139835
-1.0174245495779106,-0.8974268052333028,-0.6997661808500345,-0.6958948542385054,-0.5146010764856858,0.09718328962658047,-0.10751327551383864,-0.3288796662277286
-0.5819979949411181,-0.6070531033961433,0.31852049432856433,0.41367068160115356,-0.5146010764856858,0.5868064450464426,0.3503882692524591,0.02521917801322094
-0.9325993670679277,-0.8410395322990509,-0.8436338724164516,-0.7700145581737687,-0.5146010764856858,0.6433553743413026,0.6331499582009572,0.15850580090180785
0.678697608297984,0.9608191691868251,1.1760128575070028,1.1987200363300374,0.6463745480167725,0.6069986635655732,0.5130725691814376,0.14263557791299747
-0.3732066023832621,-0.46730801565722646,-0.3326026147573745,-0.42165666916198846,-0.5146010764856858,-0.6002189974538606,-0.5919981863184592,-0.606410469826595
-0.6794585628815325,-0.6716293010999349,-0.3791990277793957,-0.31916029362628906,-0.5146010764856858,0.7613330862925928,0.4709927342227765,0.14926829036805042
-0.2368964735581029,-0.3762191867970467,-0.14390357204580245,-0.07153527449528307,-0.5146010764856858,1.1398103593529307,0.9826526861527277,0.5937833452834377
-0.3142945370771927,-0.4278739373020783,0.37445234627951746,0.39893873740805713,-0.5146010764856858,0.6232922992887152,0.5177062227299745,0.17551385605654635
-1.101544647587099,-0.9535931640754275,-0.12388943192391523,-0.1518396587534659,-0.5146010764856858,0.06348278987516429,-0.1371424948145019,-0.34710988531808445
-0.853986669294078,-0.7889031235022653,0.09347931370801256,0.3117367110042634,-0.5146010764856858,2.6527093235388866,1.4423961695188927,0.7708751523673646
-0.4227797429519236,-0.5004105991389681,0.3675655838466186,0.37367997538911446,-0.5146010764856858,0.33872541284225355,0.09091905354157294,-0.17394552985339107
-1.3117535782754441,-1.1764304295870867,-0.6708387147288453,-0.6459725469829124,-0.5146010764856858,0.3094680964312576,0.09091905354157294,-0.17394552985339107
-0.34138519215233526,-0.4460671567593613,0.33140866960572485,0.2933298897321026,-0.5146010764856858,0.3858245141832879,0.11806619656814742,-0.10984321208319692
-0.7232970586531958,-0.7006987012524939,-0.4055314736448224,-0.36941490610161576,-0.5146010764856858,0.7669348083791824,0.4944546904593177,0.17551385605654635
-0.5017135972907881,-0.5531030834327141,-0.4008079526789225,-0.41606925917181975,-0.5146010764856858,0.2402675324764442,-0.413605767174663,-0.3270685951038711
-0.4836645334489678,-0.540960088604082,0.18619689287618704,0.1596993191784614,-0.5146010764856858,0.2402675324764442,-0.413605767174663,-0.3270685951038711
-1.0779416311108039,-0.93798360249337,-0.9036378484610148,-0.92540463865203,-0.5146010764856858,-0.45602981301776396,-0.42024476816578316,-0.521821758990316
-0.7289048730637334,-0.7045996738210407,-0.1861834558655187,-0.10485495682964603,-0.5146010764856858,0.9033891401980345,0.8840655804378531,0.6424202334634632
-0.6581926398615131,-0.6573738621057018,0.3732169134105364,0.36912705620485287,-0.5146010764856858,0.2402675324764442,0.007729184504206895,-0.24086642053867213
-0.8731069492040845,-0.801038363115818,-0.7182700578470437,-0.7154778135858744,-0.5146010764856858,0.19503692460812969,0.03575679229395902,-0.2238583653839335
-1.1587236132899883,-0.9924293672835122,-0.9196339340908459,-1.0596852703010173,-0.5146010764856858,-2.119982631562772,-2.4977953668951582,-1.705647619618862
-0.7690015740417382,-0.7319181473154015,-0.04445266839693847,-0.012096458145659437,-0.5146010764856858,0.38083250677885105,0.09091905354157294,-0.15766510621348245
-0.8352008721323173,-0.7759452029014573,0.8268938296327528,0.7763578954009308,-0.5146010764856858,0.49455241395608707,0.007729184504206895,-0.17394552985339107
-1.0248052935404872,-0.9020928999746626,1.1191680489342812,1.0627962033820508,-0.5146010764856858,0.37583610538792356,-0.3741248751895719,-0.18874828929457235
-0.7011541294437146,-0.6863828463088809,-0.6385857892098554,-0.6363987302550606,-0.5146010764856858,0.36182273950659977,0.14493201698902475,-0.14155696542136542
-0.03342541266782463,-0.24166156760755464,0.5549623905382602,0.5565336616697264,-0.5146010764856858,0.23924355641995887,0.06348463382677073,-0.20703824838611481
-0.2584469095005206,-0.39087670260679674,0.1092259573089637,0.12959749686421848,-0.5146010764856858,0.5267687823785782,0.223898379574634,-0.06347805110681766
-0.34531168288609687,-0.44873137554939024,0.6590124675685265,0.6678701420781649,-0.5146010764856858,0.5267687823785782,0.223898379574634,-0.06347805110681766
-0.7807382375228894,-0.28289207471133576,-0.6744875026443369,-0.6941037391066107,-0.5146010764856858,-0.6670994324461474,-0.521925583639496,-0.6283130793593078
-0.5869128502902351,-0.40799839695968176,-0.37221823303885165,-0.3981196695672316,-0.5146010764856858,-0.6670994324461474,-0.521925583639496,-0.6283130793593078
-1.6634576997916184,-1.671091010336722,-0.6086586232543516,-0.5870700452687878,-0.5146010764856858,0.09403235351806206,-0.049251756909367644,-0.3842386796610493
-1.673714099379021,-1.6858402608583545,-0.8545523032389286,-0.827794953679753,-0.5146010764856858,0.14319719213496102,0.07449326382993063,-0.32525967617436935
-1.8951947714025101,-1.9969478158205862,-0.7257612161354833,-0.7017128339190708,-0.5146010764856858,0.14319719213496102,0.07449326382993063,-0.32525967617436935
-0.9258239880044571,-0.8369985705770691,-0.8170280193492016,-0.7715487072085389,-0.5146010764856858,0.5462052377791264,0.3005304159325704,-0.003776081517713554
-0.5062736636726348,-0.5565390444356532,0.5647817664842785,0.5233172725604194,-0.5146010764856858,-0.017367013054220268,-0.1371424948145019,-0.34710988531808445
-0.6956890081357814,-0.6826458548630605,-0.24825993866524398,-0.2346944527872365,-0.5146010764856858,0.2658070844851669,0.03575679229395902,-0.2238583653839335
-0.38131150137761277,-0.4729309652836749,-0.059274658921686596,-0.06983045817890235,-0.5146010764856858,-0.035610528391631646,-0.22811774048415603,-0.3842386796610493
-0.7631809960021507,-0.7277577463966198,0.6616442642862346,0.6475071506583678,-0.5146010764856858,0.3537995420525208,0.11806619656814742,-0.15766510621348245
-0.8925738391037881,-0.8135326851220063,-1.0102127469143063,-1.0736911853830076,-0.5146010764856858,-0.9289355197194291,-0.6277577666459828,-0.6505354462926373
-0.5771055308101773,-0.6031825238000583,0.10089897114779524,0.21901924481390955,-0.5146010764856858,1.4052671163477328,1.2750782160413774,0.8647102118428993
-0.853986669294078,-0.7889031235022653,-0.8688725962498166,-0.8425868234906052,-0.5146010764856858,0.2790423781323937,0.09091905354157294,-0.19040196148332533
-1.2370177584280981,-1.070972109649922,-1.5218720827527452,-1.486821304330636,-0.5146010764856858,0.24640751279790787,0.06348463382677073,-0.20703824838611481
-1.1756356796520533,-1.2851296715763243,-0.6325130090859933,-0.6701592722345451,-0.5146010764856858,-0.8131244945732882,-0.45369721256614204,-0.6799181942192764
-0.9190910880857603,-0.8867356702061904,-0.422275441294364,-0.528238898997097,-0.5146010764856858,-0.7457297214784412,-1.2792975769508992,-1.0014397351112916
-0.42701601676615547,-0.7468110809651147,-0.23919424445972506,-0.3490498527357839,-0.5146010764856858,-0.7457297214784412,-1.2792975769508992,-1.0014397351112916
-0.32969113083401075,-0.4381738937208837,0.10420152289284981,0.05280593464152539,-0.5146010764856858,-0.5188818407755543,-0.48758695619504183,-0.5425323519389827
-1.6369404508096461,-1.6341065746375156,-1.0137229880420306,-0.9634763983985709,-0.5146010764856858,0.4876950693002018,0.24969489559996105,0.03951228866179092
-1.01009418651278,-0.8928117070836926,-0.027571241565129165,-0.014716086590404688,-0.5146010764856858,0.3828298365861361,0.14493201698902475,-0.12561749935932728
-0.8731069492040845,-0.801038363115818,-0.9135227694780242,-0.9215941363834108,-0.5146010764856858,-0.286129558323577,-0.3224018933933692,-0.46132882804278685
-0.04823797881217521,-0.2515979619914447,1.1448160382157042,1.0944042289266305,-0.5146010764856858,-0.286129558323577,-0.3224018933933692,-0.46132882804278685
-0.6848415015673848,-0.6752696450022838,-0.05888734902316231,-0.04255337277892138,-0.5146010764856858,0.45032424346117506,0.17152228567767072,-0.12561749935932728
-1.0624896520155527,-0.9278888442308304,-0.7608798279245694,-0.7965603312847983,-0.5146010764856858,-0.2737858698000239,-0.38721848115444313,-0.5013891689827998
-1.2015138961728535,-1.0204580506894319,-1.0121385121428432,-1.0149120536486922,-0.5146010764856858,-0.7068832995283331,-0.556725146007426,-0.606410469826595
-0.39358470947113,-0.4809310447235694,-0.2884236181743412,-0.25065059331945116,-0.5146010764856858,0.63285498897236,0.4473165105808271,0.13597383817750092
-0.8603223456020643,-0.7925072188722541,-1.3749412801307033,-1.4007850390410714,-0.5146010764856858,-0.28500629498682567,-0.3224018933933692,-0.46132882804278685
-1.0322371157222612,-0.906811130931592,-0.790781605075798,-0.7503686229732917,-0.5146010764856858,0.5287154254887874,0.2752372546258925,-0.048331606735046585
-1.331279461996093,-1.2042829806536564,-1.0017626913216038,-0.942811478682843,-0.5146010764856858,0.6690469954096873,0.33056003898245606,0.22038209674635997
-0.39770714838886934,-0.4838253485659773,-0.36869224477294055,-0.3207789882600149,-0.5146010764856858,0.6690469954096873,0.33056003898245606,0.22038209674635997
-1.4025592515673713,-1.30495853855283,-0.9306067922511742,-0.9009967794095969,-0.5146010764856858,-0.6323665618991954,-0.48758695619504183,-0.5635286172353096
-0.567386966569586,-0.5970624561339786,0.5853649047353108,0.5966843201167926,-0.5146010764856858,0.16398993059920022,-0.10751327551383864,-0.3108651944412615
-1.5733778758137806,-1.5443278723541647,-1.1832387680250596,-1.2804305623148835,-0.5146010764856858,-1.6639564031948582,-1.326011065458097,-1.0298929953130038
-0.8352008721323173,-0.7759452029014573,-1.1524735228136378,-1.1275670691569084,-0.5146010764856858,0.16398993059920022,-0.020604742003956535,-0.25806666117438565
-0.5108531760253703,-0.559308085685565,-0.6327845236532706,-0.547197184608087,-0.5146010764856858,0.9901778160798598,0.8230620959825874,0.48097581211747026
-0.5017135972907881,-0.5531030834327141,-0.3980080536333119,-0.3167391995352356,-0.5146010764856858,0.9901778160798598,0.8230620959825874,0.48097581211747026
-0.6634697709686493,-0.6608928597826154,0.26208379902205303,0.2681322462499806,-0.5146010764856858,0.5374670676992145,0.3005304159325704,-0.01848349158368503
-1.1256781130834708,-0.9698019577107232,-0.2343609209527381,-0.24378873183902722,-0.5146010764856858,0.4749379809852394,0.223898379574634,-0.06347805110681766
-1.331279461996093,-1.2042829806536564,-0.7053986764006007,-0.788648450217179,-0.5146010764856858,-0.7226326098766005,-0.48758695619504183,-0.5848185460996427
-0.5108531760253703,-0.559308085685565,-0.1722226966885541,-0.05728558829766507,-0.5146010764856858,0.877823789744952,1.114664470293514,0.9530952257839046
-0.49717281243113504,-0.5503743031617591,0.07592795197073716,0.11003803213317181,-0.5146010764856858,0.8906208575727826,0.6748772807877191,0.3122936185166551
-0.1033215408857429,-0.2865167946278364,-0.5652902720982692,-0.4841854969885972,-0.5146010764856858,0.8217259518118056,0.692247720781189,0.5063112946148971
-0.5293690488375105,-0.571998508141792,-0.18910346640845943,-0.11798004195274989,-0.5146010764856858,0.8217259518118056,0.692247720781189,0.5063112946148971
-0.6068003449308129,-0.6237084506254634,-0.4265104793380195,-0.4207223533151462,-0.5146010764856858,0.21461255228928328,0.007729184504206895,-0.24086642053867213
-0.6118303026947834,-0.6269567533925672,-0.2846153688313516,-0.3941522233129607,-0.5146010764856858,-1.2645016679717624,-1.144004526114328,-0.9191383351487238
-0.5722352548014147,-0.6001114027908805,0.24891408150902297,0.22986183188126438,-0.5146010764856858,0.08035804943491298,-0.07821885681676052,-0.3288796662277286
-0.7866550239467538,-0.7435752239245172,0.5364337560548136,0.5112245135853712,-0.5146010764856858,-0.09612490889485129,-0.16410143933856128,-0.29483245886539006
-1.3920821536421888,-1.2890216556014111,-0.553447183063468,-0.4874623940141764,-0.5146010764856858,0.9677040704607358,0.7394248922067705,0.3933426900663088
-1.3021221772197804,-1.161715446752257,-0.7602481717984784,-0.7646711775034476,-0.5146010764856858,-0.14193785408394227,-0.1974365721042361,-0.42229578938575985
-0.9531858253267089,-0.8547957088605757,-0.34334628891428387,-0.2859990504735924,-0.5146010764856858,0.7641346383378218,0.5407510719798126,0.18846887127388884
-0.1220305833196596,-0.3013350616205662,0.20906204864025354,0.25500843349528074,-0.5146010764856858,0.9197634147841869,0.5407510719798126,0.04802417533342554
-0.8603223456020643,-0.7925072188722541,0.2587883466064203,0.2571532866811104,-0.5146010764856858,0.13902948911826482,-0.049251756909367644,-0.29306142306346894
-0.8476881525916009,-0.7841450193308717,-1.4207385276344908,-1.4512982980807558,-0.5146010764856858,-0.3790018859303535,-0.38721848115444313,-0.5013891689827998
-0.43982603767730466,-0.5120476927308382,0.5075634734825267,0.46784957369699753,-0.5146010764856858,-0.1704846633004686,-0.1371424948145019,-0.365561082139835
-1.4902728005827208,-1.4269818693457195,-0.5540576491805609,-0.48102546316677736,-0.5146010764856858,0.8668318652121277,0.7815807555080889,0.2516399733104074
0.8171655668402563,0.1129646514708815,-0.01481107025509379,0.03688800912368431,-0.18939597257675853,0.8291147081479127,0.5384557832329318,0.65766146317105
1.2747921580269954,1.3689075144223266,0.4622274416289988,0.5042200721073556,-0.30153566357983685,0.8291147081479127,0.5384557832329318,0.65766146317105
-0.47919927121808187,-0.5383084172379489,-0.3181400633271646,-0.31272242967454567,-0.5146010764856858,-0.26818396344016915,-0.3546076301619808,-0.48122721727274126
-0.41435700158413014,-0.4950082575147616,-1.2467725022421063,-1.1099740404900926,-0.5146010764856858,1.5995405668324834,1.4097853185264302,0.9530952257839046
-0.17472447637990215,-0.3367091797754225,0.14126811185887306,0.1431117020210765,-0.5146010764856858,0.25458383578699406,0.007729184504206895,-0.24086642053867213
-1.548970142912186,-1.5099774571914992,-1.5481389977406126,-1.5323171670772529,-0.5146010764856858,-0.06686778507285228,-0.1671142560288904,-0.365561082139835
-0.9258239880044571,-0.8369985705770691,-0.49625245994949935,-0.44253128518405777,-0.5146010764856858,0.6280756578373294,0.3255791950483469,-0.003776081517713554
-0.24761763434484715,-0.3834843514195345,0.3223154412825999,0.3270940908070311,-0.5146010764856858,0.14632096250843116,-0.049251756909367644,-0.29306142306346894
-0.4615216042394866,-0.5265777385375114,0.1059434113209723,0.10385429771610441,-0.5146010764856858,0.5394100460696255,0.24969489559996105,-0.03333439084239501
-0.7345421249551002,-0.708537019618788,0.8164139647462706,0.8057943309864403,-0.5146010764856858,0.4097252284568313,0.17152228567767072,-0.10984321208319692
-1.351166956636671,-1.2306839067861821,0.23762105816301834,0.10695294535692199,-0.5146010764856858,-0.35734704311912735,-0.3546076301619808,-0.5013891689827998
-1.1256781130834708,-0.9698019577107232,-0.9486385619588545,-0.9632747850114541,-0.5146010764856858,-0.11026563601197108,-0.22811774048415603,-0.3842386796610493
-0.7011541294437146,-0.6863828463088809,-0.4545176743140179,-0.44445999008963966,-0.5146010764856858,-0.0431396396377991,-0.319203215047734,0.07327792671278496
0.7654361647585204,0.29246470893610843,0.019095975125092448,0.019603120689620463,-0.5146010764856858,-0.0431396396377991,-0.319203215047734,0.07327792671278496
-0.6848415015673848,-0.6752696450022838,-0.06696906240225045,-0.06756376425409116,-0.5146010764856858,0.7613330862925928,0.4473165105808271,0.13597383817750092
-0.9394177646992853,-0.8451195377340163,-0.6606207678370384,-0.5584584656713387,-0.5146010764856858,0.853061959728161,0.6309350683009599,0.3358941703336624
-0.7748538720092366,-0.7350655701655744,-0.37169272795313407,-0.2752831255133976,-0.5146010764856858,1.3051544155752475,0.974902221575396,0.3899562479576191
-0.47919927121808187,-0.5383084172379489,-0.26437802908499125,-0.23613017874838235,-0.5146010764856858,0.6165888183280946,0.3255791950483469,0.010790585623647524
-0.3104796342400702,-0.4253377298135132,0.18504435780545275,0.18900083741568913,-0.5146010764856858,0.4621521579759658,0.223898379574634,-0.0787767236001256
-0.36516241481269496,-0.4623105931017168,0.48805736695408264,0.5188991029245196,-0.5146010764856858,0.6728432913236244,0.3503882692524591,0.03951228866179092
-1.1175732140891201,-0.9643296053927469,0.8077746317313497,0.8051384191426566,-0.5146010764856858,0.3195738695361664,0.11806619656814742,-0.27546348024390227
-0.5625604684707503,-0.5940353659133782,-0.08980001423221862,-0.048035058279839525,-0.5146010764856858,0.3326845347406517,0.09091905354157294,-0.17394552985339107
-0.39358470947113,-0.4809310447235694,-0.012907202402787771,0.015089074081093865,-0.5146010764856858,0.6652481588926377,0.37496218281690186,0.06770207762095169
-0.6373396735930972,-0.6435839909678599,-0.05915382742816089,-0.011051326444587502,-0.5146010764856858,0.6060387563587989,0.3255791950483469,0.02521917801322094
-0.8106536543598536,-0.7600083199500385,-0.7834179276386991,-0.759367994596514,-0.5146010764856858,0.7002907689550436,0.4944546904593177,0.1624476376320799
-0.04823797881217521,-0.2515979619914447,-0.9981025941872471,-0.9626702905883195,-0.5146010764856858,0.2922468837376073,0.0020871181418908643,-0.33069289467326785
-1.5133681857475965,-1.4596542682559832,-0.7425810482136562,-0.7254771472447492,-0.5146010764856858,0.2922468837376073,0.0020871181418908643,-0.33069289467326785
-1.1175732140891201,-0.9643296053927469,-0.2961349656047061,-0.3413326658730582,-0.5146010764856858,-0.6610958240031224,-0.48758695619504183,-0.5635286172353096
-0.981263085263961,-0.8733760481092983,-0.5958790075382449,-0.5981510698303489,-0.5146010764856858,-0.006662858922914382,-0.1974365721042361,-0.3842386796610493
-0.5017135972907881,-0.5531030834327141,0.12595954961782133,0.14854560716126747,-0.5146010764856858,0.13068489187315036,-0.1671142560288904,-0.34710988531808445
-1.1256781130834708,-0.9698019577107232,-0.9229592694647257,-0.8678339210326501,-0.5146010764856858,0.6012367839433836,0.42342206982076086,0.22668523246079825
-0.981263085263961,-0.8733760481092983,-0.08543392590988973,-0.08706704311813802,-0.5146010764856858,0.28717186216241347,0.06348463382677073,-0.19040196148332533
-0.6373396735930972,-0.6435839909678599,-0.39583771567061565,-0.4483333031486911,-0.5146010764856858,-0.38585745591068604,-0.556725146007426,-0.5848185460996427
-0.5625604684707503,-0.5940353659133782,0.5892748454153685,0.5927040894492402,-0.5146010764856858,0.45328353343370836,0.17152228567767072,-0.10984321208319692
-1.1841926493831627,-1.0082172725380356,-1.08229864551125,-1.1028122010323849,-0.5146010764856858,-0.6875593276620405,-0.42024476816578316,-0.5635286172353096
-1.01009418651278,-0.8928117070836926,-0.4440203989497323,-0.44253128518405777,-0.5146010764856858,0.21255513608200302,0.03575679229395902,-0.2238583653839335
-1.2737356605433685,-1.1230487015647508,-0.1216397835758633,-0.13588993975131722,-0.5146010764856858,0.5829521510577627,0.06348463382677073,0.17551385605654635
1.7748926487882468,0.7570071532573827,-0.7074992650408198,-0.6402126685208396,-0.5146010764856858,0.6385848796881085,0.6220565374650439,0.5363728421864508
-0.6017938369385311,-0.4178192413969019,-0.538418067668324,-0.6440473536063341,-0.5146010764856858,-1.478012659918996,-0.8770134623699181,-1.0184477902660303
-0.9671326969305787,-0.8632697847511277,-0.19938367035533888,-0.31272242967454567,-0.5146010764856858,-1.478012659918996,-0.8770134623699181,-1.0184477902660303
-1.3612505426412496,-1.244530303896596,-1.3688595723053534,-1.4007850390410714,-0.5146010764856858,-0.8045024079039307,-0.556725146007426,-0.606410469826595
-0.5340483330135453,-0.5748711537605597,-0.11711456438522616,-0.10413952252948788,-0.5146010764856858,0.8539809933663275,0.5862351942408215,0.26396558802259107
-0.26572757480692205,-0.3955635129545023,0.18805526709136344,0.18782036066216118,-0.5146010764856858,0.5296884967612047,0.3005304159325704,-0.003776081517713554
-1.3612505426412496,-1.244530303896596,-1.6774547793801677,-1.7534273040246047,-0.5146010764856858,-1.4655537593476535,-0.9331136398985959,-0.8158984331039533
-0.22628128973594328,-0.369519776941115,0.7134735932685572,0.732631377205365,-0.5146010764856858,0.5209248444014553,0.3005304159325704,-0.01848349158368503
-1.0548462459459282,-0.9229305413453168,-1.3864058377848807,-1.3714082382978332,-0.5146010764856858,-0.09503861834446262,-0.22811774048415603,-0.3842386796610493
-0.8925738391037881,-0.8135326851220063,-1.3283793320488697,-1.3536505939784929,-0.5146010764856858,-0.48736883625598515,-0.3546076301619808,-0.5013891689827998
-0.905750618154534,-0.8225040117469677,-0.167189973140797,-0.1204150744369634,-0.5146010764856858,0.6021975034605658,0.37496218281690186,0.02521917801322094
-0.5200712070388572,-0.5656056265881823,-0.2682099638781395,-0.29609755445297575,-0.5146010764856858,-0.3448476838916359,-0.3546076301619808,-0.48122721727274126
-0.981263085263961,-0.8733760481092983,0.12910304008939602,0.17249278446415914,-0.5146010764856858,0.8842259299186777,0.7605885074503572,0.4267990939669168
-0.5108531760253703,-0.559308085685565,-0.8678411705186095,-0.886386076024169,-0.5146010764856858,-0.0034555448228540024,-0.170130578033204,-0.6042374429050412
-0.5434685163946473,-0.5814069600640785,0.3595608444584517,0.32027359748720097,-0.5146010764856858,-0.0034555448228540024,-0.170130578033204,-0.6042374429050412
-0.853986669294078,-0.7889031235022653,-0.4204740646496403,-0.4225922249771399,-0.5146010764856858,0.26478770560952897,0.06348463382677073,-0.19040196148332533
-0.41856011465728543,-0.4974007697361866,-0.2711152646296044,-0.23951568942472187,-0.5146010764856858,0.40276457613920114,0.11806619656814742,-0.15766510621348245
-0.6068003449308129,-0.6237084506254634,-0.19391209856557134,-0.16705017058926097,-0.5146010764856858,0.7369948741068045,0.4709927342227765,0.14926829036805042
-1.2370177584280981,-1.070972109649922,-0.6178239019255625,-0.5796613031569672,-0.5146010764856858,0.7360567018455613,0.5635928802717013,0.22668523246079825
-0.5017135972907881,-0.5531030834327141,-0.01403503801208419,-0.04858557857587691,-0.5146010764856858,-0.20028216612747357,-0.1974365721042361,-0.4031483029581935
-1.2102804266460292,-1.0330642786926894,-0.6731730381604751,-0.6728244595424584,-0.5146010764856858,0.3135125648985783,0.09091905354157294,-0.17394552985339107
-1.070187849994131,-0.9329060590235759,-0.7148671541659862,-0.6849440910661241,-0.5146010764856858,0.44044878645792945,0.19784259773877455,-0.09423071522014749
-0.6848415015673848,-0.6752696450022838,-1.0822970818797806,-1.012746333962951,-0.5146010764856858,0.5983536494090004,0.37496218281690186,0.05367243821493292
-1.0322371157222612,-0.906811130931592,0.08042831481369232,0.09528456377348093,-0.5146010764856858,0.6756888480314256,0.37496218281690186,0.08160359067699043
-0.6168839309353916,-0.6302302370525047,-0.08896789185346683,0.02189918554957115,-0.5146010764856858,0.6357206573144549,0.802404389311249,0.9452689612430276
-0.5108531760253703,-0.559308085685565,-0.5818572532102743,-0.5372135860683133,-0.5146010764856858,0.7360567018455613,0.17680776858946237,0.23421470420210735
0.4768111317438914,0.10041196099891206,-0.21186936138779527,-0.1683544100052354,-0.5146010764856858,0.7360567018455613,0.17680776858946237,0.23421470420210735
-0.5771055308101773,-0.6031825238000583,0.05164027408609247,0.08633653939330783,-0.5146010764856858,0.7360567018455613,0.17680776858946237,0.23421470420210735
-0.39770714838886934,0.08104488222001889,0.32291758828320777,0.3552891618649703,-0.5146010764856858,0.7360567018455613,0.17680776858946237,0.23421470420210735
-0.8228571268113247,0.19171806656955545,0.5113767493500548,0.5175435648377965,-0.5146010764856858,0.6098774116217314,0.3005304159325704,-0.14316013049850276
-0.974174650159328,-0.869015142459445,-0.4603974898883781,-0.440607842781346,-0.5146010764856858,0.5374670676992145,0.223898379574634,-0.0787767236001256
-0.7459061888768628,-0.716523589168786,-0.2301133123755249,-0.29219637569062257,-0.5146010764856858,-0.12990344198433124,-0.1371424948145019,-0.365561082139835
-1.6769659787737856,-1.6898619796138736,-1.110345486360985,-1.1197216543808048,-0.5146010764856858,-0.08093572598770243,-0.22811774048415603,-0.4031483029581935
-1.2102804266460292,-1.0330642786926894,-0.08314563840864504,-0.10235410696154042,-0.5146010764856858,-0.49552209071530734,-0.3546076301619808,-0.5013891689827998
-1.1175732140891201,-0.9643296053927469,-0.1799441966266813,-0.11646240691395701,-0.5146010764856858,0.8337278016596159,0.6529992735665455,0.2392137402222713
-0.7807382375228894,-0.7392989617862424,-0.4880716639722502,-0.40593929617814173,-0.5146010764856858,0.8198772589917742,0.5407510719798126,0.2013145601651859
-1.0248052935404872,-0.9020928999746626,-0.054822028279172375,0.011810858320963175,-0.5146010764856858,0.6156305316281288,0.2752372546258925,-0.03333439084239501
-0.5340483330135453,-0.5748711537605597,0.7591109454220887,0.7287112285011231,-0.5146010764856858,0.44440103118068686,0.14493201698902475,-0.14155696542136542
-0.9601366199441974,-0.8590114904059901,-1.686210612819034,-1.725541212999497,-0.5146010764856858,-0.2749069147831749,-0.42024476816578316,-0.521821758990316
-1.0624896520155527,-0.9278888442308304,0.7195580934025619,0.5532581241317092,-0.5146010764856858,-1.9277503898830188,-1.3735817298601125,-1.0884465641686196
-0.26572757480692205,0.37298226439479437,-0.056489426997293944,-0.011051326444587502,-0.5146010764856858,0.7725310078995579,0.4210204684723096,0.29314613208908874
-1.0028135212063787,-0.8882465028642486,0.15355154255683795,0.19565312128287915,-0.5146010764856858,0.7725310078995579,0.4210204684723096,0.29314613208908874
-0.3532079980166644,-0.45411077667230265,-0.3197316983329252,-0.2806207263765207,-0.5146010764856858,0.6519321746440058,0.37496218281690186,0.05367243821493292
-1.047256857331576,-0.9180297829260815,-0.2980283593438846,-0.2859990504735924,-0.5146010764856858,0.4749379809852394,0.24969489559996105,-0.06347805110681766
-0.717718375877456,-0.6977964404984782,0.15514600554754102,0.13232966506402996,-0.5146010764856858,0.1650275709007317,0.007729184504206895,-0.24086642053867213
-0.39770714838886934,-0.4838253485659773,0.4054848765494331,0.45905933710807667,-0.5146010764856858,0.8732464076295279,0.608681468399628,0.2761922007445583
-0.3142945370771927,-0.4278739373020783,-0.23255152656224307,-0.2513845248831417,-0.5146010764856858,-0.38357134582994823,-0.3546076301619808,-0.48122721727274126
-1.6769659787737856,-1.6898619796138736,-0.7384740217697976,-0.7347452012444914,-0.5146010764856858,0.23719504999074642,0.03575679229395902,-0.2238583653839335
-0.6068003449308129,-0.6237084506254634,0.22618240707803033,0.19292154386960167,-0.5146010764856858,0.02426552691172161,-0.1671142560288904,-0.365561082139835
-0.29535411631751435,-0.41534253472250726,0.7069267088202117,0.7143967409197586,-0.5146010764856858,0.16606502155769234,0.06348463382677073,-0.2238583653839335
-0.717718375877456,-0.6977964404984782,-0.7399391303422508,-0.6556781780816971,-0.5146010764856858,1.0428657211272956,0.9040852047849619,0.5332904143359085
-0.2804386818346292,-0.40557846324550567,-0.6322826585879955,-0.553932342878806,-0.5146010764856858,1.1989220673841332,1.096212232466589,0.6231515571866996
-1.761791161283769,-1.8093279347894418,-0.8338716643198805,-0.886386076024169,-0.5146010764856858,-0.3641764940176241,-0.6786645896222044,-0.7523621917141373
-0.8228571268113247,-0.7679015829885161,-0.1623392527728992,-0.2226074189470175,-0.5146010764856858,-0.3641764940176241,-0.6786645896222044,-0.7523621917141373
-1.3117535782754441,-1.1764304295870867,0.2245369078331683,0.1514542988345517,-0.5146010764856858,-0.3641764940176241,-0.6786645896222044,-0.7523621917141373
-1.2737356605433685,-1.1230487015647508,-0.6632753248767871,-0.607702773300636,-0.5146010764856858,0.3798335782670331,0.17152228567767072,-0.12561749935932728
-0.38538700539360254,-0.4757707693787411,-0.02106476851176341,-0.01839999823863356,-0.5146010764856858,-0.05714882497315884,-0.22811774048415603,-0.4031483029581935
-0.5482097780445688,-0.5843445529714025,-0.16910130005448265,-0.19563727639244663,-0.5146010764856858,-0.46645694142863653,-0.45369721256614204,-0.521821758990316
-0.8228571268113247,-0.7679015829885161,-0.06776826982544287,-0.061928712639679556,-0.5146010764856858,0.36482851731246596,0.11806619656814742,-0.15766510621348245
-1.101544647587099,-0.9535931640754275,-0.7942175117842675,-0.708421286162311,-0.5146010764856858,1.298360385735173,1.2050056133624143,0.8056699267241313
-1.0322371157222612,-0.906811130931592,-0.716655065903913,-0.7341623643338623,-0.5146010764856858,-0.00880207555035865,-0.1671142560288904,-0.34710988531808445
-1.0322371157222612,-0.906811130931592,-0.905667163762093,-0.9196965815276891,-0.5146010764856858,-0.00880207555035865,-0.1671142560288904,-0.34710988531808445
-1.0936191944983058,-0.9483256037449347,-0.25803103231856983,-0.3388343483027566,-0.5146010764856858,-0.8057333330423884,-0.5919981863184592,-0.6283130793593078
-0.5154523009105331,-0.5620954045677635,-0.16614484327405957,-0.1612107715029193,-0.5146010764856858,-0.01201241285173231,-0.1671142560288904,-0.365561082139835
-1.246080208996646,-1.0828013783218107,-0.4577995065403566,-0.37464317137657865,-0.5146010764856858,0.828191639399845,0.7180870888709185,0.22668523246079825
-0.49265114672223986,-0.5469879395652348,0.1091260316201603,0.13890308532201434,-0.5146010764856858,0.8769086085654237,0.6748772807877191,0.3122936185166551
-0.49717281243113504,-0.5503743031617591,-0.7380324158595609,-0.8511316699692889,-0.5146010764856858,-1.888880948409018,-1.3635144456406598,-1.0824888066609455
-1.747180132912237,-1.7896835892392804,-0.5811694008201386,-0.6972757385257976,-0.5146010764856858,-1.888880948409018,-1.3635144456406598,-1.0824888066609455
-0.7232970586531958,-0.7006987012524939,-0.9626960523245144,-0.8809842012905648,-0.5146010764856858,0.41469190237045883,0.19784259773877455,-0.09423071522014749
-0.7690015740417382,-0.7319181473154015,0.4051035937319612,0.4170927329971533,-0.5146010764856858,0.24129132384972055,0.007729184504206895,-0.24086642053867213
-0.8731069492040845,-0.801038363115818,-0.12134281296625574,-0.16966106691919325,-0.5146010764856858,0.6404935586750653,0.37496218281690186,0.06770207762095169
-1.1175732140891201,-0.9643296053927469,0.6084718793936208,0.5849895026579225,-0.5146010764856858,0.5452349939935418,0.14493201698902475,0.08160359067699043
-0.9531858253267089,-0.8547957088605757,-0.31807090021769785,-0.35141542946318016,-0.5146010764856858,-0.36303768144408627,-0.42024476816578316,-0.5013891689827998
-1.1420737600947275,-0.9809641215401267,-0.8078085690222789,-0.8307954173389931,-0.5146010764856858,-0.36303768144408627,-0.42024476816578316,-0.5013891689827998
-1.1338446468825167,-0.9753461591558725,-0.585115752645669,-0.6127114746131208,-0.5146010764856858,-0.36303768144408627,-0.42024476816578316,-0.5013891689827998
-0.5200712070388572,-0.5656056265881823,0.3009322949175302,0.3414909397866332,-0.5146010764856858,0.7059530250392525,0.42342206982076086,0.10903145164825394
-0.995581884320983,-0.8822353369105194,-0.21392219637408463,-0.17274127788619145,-0.5146010764856858,0.8096986722248299,0.6309350683009599,0.40457672703358727
-0.974174650159328,-0.869015142459445,-0.9516404462962436,-0.912157031548635,-0.5146010764856858,0.19710069894598733,-0.049251756909367644,-0.27546348024390227
-1.5857929738486172,-1.5618643968300798,-1.429904536855477,-1.4221023800928168,-0.5146010764856858,0.5345513525831029,0.19784259773877455,-0.0787767236001256
-1.0397207280233725,-0.9131852485972493,-1.619784373640664,-1.6035839853483362,-0.5146010764856858,-0.286129558323577,-0.3546076301619808,-0.46132882804278685
-0.974174650159328,-0.7239187560256113,-0.2944275691676223,-0.2296923147966393,-0.052849407649480686,0.9106724274891269,0.4897792546199872,0.40233654252325063
-0.9325993670679277,-1.2174680521754426,0.0578743267216229,0.11747465117993613,0.7387248817840136,0.9106724274891269,0.4897792546199872,0.40233654252325063
-0.43982603767730466,0.3675269643304787,0.7886889620082965,0.8345386558207777,-0.38267202824677,0.9106724274891269,0.4897792546199872,0.40233654252325063
-0.8106536543598536,-0.7600083199500385,-0.006638197494480527,0.03639999165646215,-0.5146010764856858,0.6519321746440058,0.37496218281690186,0.05367243821493292
-0.5482097780445688,-0.5843445529714025,0.4393996870998294,0.39160317482382745,-0.5146010764856858,-0.3391752428742323,-0.2905913290163864,-0.46132882804278685
-0.7807382375228894,-0.7392989617862424,-0.38563467101872123,-0.35395881599816886,-0.5146010764856858,0.46805688588747557,0.19784259773877455,-0.09423071522014749
-1.2831147072283935,-1.136455455452246,-0.6953872696325432,-0.7126467206110253,-0.5146010764856858,-0.10917663624772297,-0.22811774048415603,-0.4031483029581935
-1.246080208996646,-1.0828013783218107,-1.4379692746215713,-1.416328873592501,-0.5146010764856858,0.4876950693002018,0.19784259773877455,-0.09423071522014749
-1.101544647587099,-0.9535931640754275,-0.5247843751271112,-0.5687497609012739,-0.5146010764856858,-0.782391277897348,-0.6640174971574165,-0.6283130793593078
-0.4059998075059663,-0.48908561796683986,0.18452268817539,0.1274555980261687,-0.5146010764856858,-0.29624894325248347,-0.3546076301619808,-0.48122721727274126
-0.8665424629786477,-0.7973610341223599,-0.6632823638817223,-0.7028264853406493,-0.5146010764856858,-0.35052579905324766,-0.3839388748091054,-0.3452770071917118
-0.24045831436669302,-0.37892899680712266,-0.19058286978170413,-0.18352920997157565,-0.5146010764856858,0.7790529419409772,0.5862351942408215,0.2140527524920487
-0.6634697709686493,-0.6608928597826154,0.3593546956604399,0.3895354639666625,-0.5146010764856858,0.5973922790529491,0.37496218281690186,0.06770207762095169
-0.8991420187185633,-0.8186357958966809,0.31450646617535605,0.383027033699767,-0.5146010764856858,0.6870568316447808,0.4709927342227765,0.14926829036805042
-1.0624896520155527,-0.9278888442308304,-0.14146370692339075,-0.06530433538636958,2.5857315571288333,0.7883570109863494,0.7982530217784753,0.40345704688009515
-0.3732066023832621,-0.46730801565722646,0.19975690787792216,0.2660205885454189,-0.3167075041273122,0.7883570109863494,0.7982530217784753,0.40345704688009515
-0.38131150137761277,-0.4729309652836749,0.44137249336867407,0.5032137318889892,-0.3167075041273122,0.7883570109863494,0.7982530217784753,0.40345704688009515
-0.13519017081632817,-0.30894386706831395,-0.5601062130900664,-0.46952502247703953,-0.5146010764856858,-0.2928738101114833,0.8638901597822777,1.7903785651003667
-1.0028135212063787,-0.8882465028642486,-0.8913374452888579,-0.828627135576949,-0.5146010764856858,0.8226500724900753,0.5407510719798126,0.2516399733104074
-0.49717281243113504,-0.5503743031617591,0.4654346152082913,0.4788809204638233,-0.5146010764856858,0.6185049065332012,0.37496218281690186,0.06770207762095169
-0.4441302278853934,-0.5145390113285363,0.18705917827575227,0.2137245971529106,-0.5146010764856858,0.2627483985088292,0.06348463382677073,-0.20703824838611481
-1.047256857331576,-0.9180297829260815,-0.49007645281591805,-0.36586443003373326,-0.5146010764856858,0.8558186143774382,1.187187478136243,1.1158155944804145
-1.0028135212063787,-0.8882465028642486,-0.8003938930619536,-0.728360346369229,-0.5146010764856858,0.9622971058476827,0.7605885074503572,0.40457672703358727
-1.2370177584280981,-1.070972109649922,-0.2078052590307866,-0.1642542003381809,-0.5146010764856858,0.8640805550748658,0.5635928802717013,0.22668523246079825
-0.9190910880857603,-0.8316700799705208,0.3575495868470223,0.32861158682677405,-0.5146010764856858,0.27497326594829047,0.06348463382677073,-0.19040196148332533
-1.4131395737940042,-1.3173187559010258,-0.8585687734010513,-0.7986320487569526,-0.5146010764856858,0.7585301508786819,0.4944546904593177,0.1624476376320799
-0.8228571268113247,-0.7679015829885161,0.09191486324758384,0.18584849587085703,-0.5146010764856858,0.8942718699216696,0.7180870888709185,0.37062278918508207
-1.0465008601026693,-0.7588926593870211,-0.12306834758450931,-0.06277110413994122,-0.5146010764856858,0.7566607580563364,0.6617726439368325,0.7070850206709298
-0.973468373238565,-0.8072393156213485,0.07786470121527468,0.13113564422984314,-0.2705323372436917,0.7566607580563364,0.6617726439368325,0.7070850206709298
-0.7516336372227229,-0.7195579299672056,0.5919717755018047,0.6397090033363432,-0.5146010764856858,0.899743989163323,0.6965722063047625,0.3591343942758567
-0.8925738391037881,-0.8135326851220063,-0.8772042616986572,-0.8425868234906052,-0.5146010764856858,0.04125760322226995,-0.1371424948145019,-0.34710988531808445
-0.9531858253267089,-0.8547957088605757,-1.0593321938044227,-0.99354856411058,-0.5146010764856858,0.19916372322955073,0.007729184504206895,-0.24086642053867213
-0.7289048730637334,-0.7045996738210407,-0.19373427503293017,-0.18020244021432996,-0.5146010764856858,0.8521427772706845,0.608681468399628,0.2761922007445583
-1.2191191104446806,-1.0460584509377202,-1.6190694781565724,-1.5936550718686568,-0.5146010764856858,-0.20803304586021432,-0.22811774048415603,-0.42229578938575985
-1.456535135338183,-1.3798426637293106,-0.12961538944631762,-0.05090247013141684,-0.5146010764856858,0.8475446310056906,0.6965722063047625,0.3122936185166551
-0.6017938369385311,-0.6196828979522697,-0.26095097903363007,-0.2289806123603686,-0.5146010764856858,0.45032424346117506,0.223898379574634,-0.09423071522014749
-0.9601366199441974,-0.8590114904059901,-0.2515420874923352,-0.23973233887679257,-0.5146010764856858,0.41270575425581707,0.11806619656814742,-0.15766510621348245
-1.3021221772197804,-1.161715446752257,-0.9352152047788596,-0.8451394196529316,-0.5146010764856858,0.8124764610024278,0.6965722063047625,0.32413963238677346
-0.974174650159328,-0.869015142459445,-0.42531701826301305,-0.39325363657146806,-0.5146010764856858,0.7641346383378218,0.4709927342227765,0.17551385605654635
-0.4836645334489678,-0.056490886018441745,-0.0984374397172968,-0.03765603866381967,-0.4486365523662279,0.4670731910139003,0.6486014294750279,0.7015697787677746
-0.4312690679461953,0.26674879035103893,0.6932674478539069,0.7368010300137879,0.8046894059034715,0.4670731910139003,0.6486014294750279,0.7015697787677746
1.2970966806697488,2.005081510676561,2.35926173655781,2.377835702075812,0.4748667853061821,0.4670731910139003,0.6486014294750279,0.7015697787677746
-1.047256857331576,-0.9180297829260815,-0.6804802996949302,-0.6351319892075538,-0.5146010764856858,0.35781255830573105,0.09091905354157294,-0.17394552985339107
-0.879556782522186,-0.8059918190642318,-0.38832776181335,-0.3986624191410068,-0.5146010764856858,-0.10591088991903463,-0.22811774048415603,-0.4031483029581935
-0.7807382375228894,-0.7392989617862424,-0.8531112598571619,-0.7965603312847983,-0.5146010764856858,0.252540858887585,0.09091905354157294,-0.17394552985339107
-1.456535135338183,-1.3798426637293106,-0.5979056596929198,-0.4983229751019101,-0.5146010764856858,0.9124917900860261,0.6529992735665455,0.3122936185166551
-0.17808564976327423,-0.3367091797754225,0.857256956554241,0.8659292641493122,-0.5146010764856858,0.472972804834835,0.19784259773877455,-0.10984321208319692
-0.9531858253267089,-0.8547957088605757,-0.7802453312382117,-0.763911133005834,-0.5146010764856858,0.18056945681801054,0.007729184504206895,-0.24086642053867213
-1.5251048492287473,-1.4763803072536898,-0.40223059030918273,-0.3000204427247426,-0.5146010764856858,0.04761654106472906,-0.1371424948145019,-0.34710988531808445
-1.456535135338183,-1.3798426637293106,-1.1731213388447388,-1.1124606081590975,-0.5146010764856858,0.5140993039799524,0.19784259773877455,-0.0787767236001256
-1.1338446468825167,-0.9753461591558725,-0.48010454627830923,-0.36768073252533523,-0.5146010764856858,1.0009336909299351,1.187187478136243,0.9916341222194069
-0.251215272615125,-0.3857805902341115,0.013546411356674795,-0.0074055197052556995,-0.5146010764856858,0.3064328528403195,0.06348463382677073,-0.20703824838611481
-1.4025592515673713,-1.30495853855283,-0.3980435223265278,-0.38877780437197385,0.4748667853061821,0.5781306003952011,0.027380279448568773,0.11851562625472074
-0.2804386818346292,-0.40557846324550567,0.16795892502679666,0.18387109989477451,-0.5146010764856858,0.5733049508197494,0.223898379574634,0.17551385605654635
-0.8925738391037881,-0.8135326851220063,0.723350562109018,0.712902429383532,4.762560853070943,0.5781306003952011,0.027380279448568773,0.11851562625472074
-1.0857518038581935,-0.9431229431404421,0.0659720690100631,0.1089377646969984,-0.5146010764856858,0.8106247528621325,0.8840655804378531,0.8227735347554613
-1.0624896520155527,-0.9278888442308304,-0.36383412741547233,-0.36681524290986667,-0.5146010764856858,-0.13646450369001895,-0.1974365721042361,-0.3842386796610493
-1.0397207280233725,-0.9131852485972493,-0.3768562252515537,-0.38433021104937354,-0.5146010764856858,-0.08418713109067585,-0.1671142560288904,-0.365561082139835
-1.047256857331576,-0.9180297829260815,-0.45179511848162557,-0.42446706970791953,-0.5146010764856858,0.46805688588747557,0.24969489559996105,-0.06347805110681766
-0.5340483330135453,-0.5748711537605597,-0.0882470915483217,-0.09290751731556951,-0.5146010764856858,-0.05930715627434775,-0.1974365721042361,-0.3842386796610493
-0.7459061888768628,-0.716523589168786,-0.17139164307157143,-0.14967511258335148,-0.5146010764856858,0.39878322493005386,0.14493201698902475,-0.12561749935932728
-0.7289048730637334,-0.7045996738210407,-0.08330184068143552,-0.07667460129168113,-0.5146010764856858,0.4246122321476483,0.17152228567767072,-0.10984321208319692
-0.4527907104624369,-0.520832380829194,-0.03514286819150238,-0.0011991007168077807,-0.5146010764856858,0.5781306003952011,0.37496218281690186,0.05367243821493292
-2.1260728970048137,-2.323134880923087,-1.0655872303243166,-1.1998634339318899,-0.5146010764856858,-2.422753842418747,-2.4977953668951582,-1.705647619618862
-0.49717281243113504,-0.5503743031617591,0.1906934633312269,0.1426919692291294,-0.5146010764856858,-0.08527134678564188,-0.1974365721042361,-0.4031483029581935
-0.47919927121808187,-0.14730219787930673,-0.08934580319939171,-0.04919164788013869,-0.5146010764856858,0.3828298365861361,0.2752372546258925,-0.01848349158368503
-1.6110622342888459,-0.4304254694001594,0.13189043098485928,0.16748430014008384,-0.5146010764856858,0.3828298365861361,0.2752372546258925,-0.01848349158368503
-1.0322371157222612,-0.906811130931592,-1.608165060364469,-1.5828924016942114,-0.5146010764856858,0.2453846438423081,-0.020604742003956535,-0.25806666117438565
-1.1928183505309369,-1.014293309415538,-0.26443157689234387,-0.2168504724345633,-0.5146010764856858,0.4453886625452885,0.3503882692524591,0.4487017034996297
-1.2102804266460292,-1.0330642786926894,-0.976097088416598,-0.9134706452450669,-0.5146010764856858,0.4453886625452885,0.3503882692524591,0.4487017034996297
1.0115790917542562,0.4571652198644584,1.1139538491551064,1.1331952004922328,-0.5146010764856858,0.3135125648985783,0.3055595707012381,0.7207863291957175
-0.6270630973787599,-0.6368543301749711,-0.6090685869442991,-0.5765098097903081,-0.5146010764856858,0.4166773557848055,0.19784259773877455,-0.19040196148332533
-1.394872332092112,-1.292949844648809,-1.3699031231371988,-1.3217659802378658,-0.5146010764856858,0.41866211498465333,0.1794464746394034,-0.21542507456103405
-0.8167380560144054,-0.7633730969359115,-0.7778139664242182,-0.7671088413225808,-0.5146010764856858,0.14632096250843116,0.007729184504206895,-0.3108651944412615
0.3279101099040132,0.0006874154533417501,-0.6111496546901506,-0.7056183353392727,-0.5146010764856858,-1.3519259126655383,-1.1004315933761113,-0.8666433020523358
-1.0779416311108039,-0.93798360249337,-1.504365087820347,-1.5070191117719787,-0.5146010764856858,-0.5060220836966113,-0.3546076301619808,-0.5013891689827998
-0.7666760608262208,-0.7298328231888366,-0.519519207302853,-0.5427425650249824,-0.5146010764856858,-0.5564585522884811,-0.32560452316477184,-0.3001579631895851
-0.06628704265399538,-0.2617738104659415,0.7258406769390532,0.750494852865553,-0.5146010764856858,0.5781306003952011,0.3255791950483469,0.10903145164825394
-0.9462797306621628,-0.850621599643412,-1.693323889754361,-1.6717726846138334,-0.5146010764856858,-0.18481208500225108,-0.25916635673801813,-0.42229578938575985
-0.20536061475596926,-0.35557333613834763,1.150764351623511,1.0503942464480662,-0.5146010764856858,-0.821759697537322,-0.5919981863184592,-0.606410469826595
-1.1095290265185531,-0.9589272637685405,-0.9138787500954642,-1.0807998964115388,1.6622282194564237,-2.1246398815877976,-1.2792975769508992,-1.0014397351112916
-1.2191191104446806,-1.0460584509377202,-0.5487383109371334,-0.5049205566181436,-0.5146010764856858,0.6917867804675333,0.032967627452304554,0.18588667370804335
-1.1587236132899883,-0.9924293672835122,-0.5306949625586233,-0.4944767922185324,-0.5146010764856858,0.6917867804675333,0.032967627452304554,0.18588667370804335
-0.9531858253267089,-0.8547957088605757,-0.03530303141048918,-0.005848784726096209,-0.5146010764856858,0.6917867804675333,0.032967627452304554,0.18588667370804335
-1.246080208996646,-1.0828013783218107,0.8343203050335147,0.8206661360503182,-0.5146010764856858,0.7106672610495554,0.3005304159325704,0.08160359067699043
-0.853986669294078,-0.7889031235022653,-1.4903432314323433,-1.5013743414553873,-0.5146010764856858,-0.5576368421222394,-0.3546076301619808,-0.521821758990316
0.28721932723886273,-0.025951513941773016,-0.26634219372010104,-0.3968548766038889,-0.5146010764856858,-1.4807850220027943,-1.3735817298601125,-1.0298929953130038
-0.4836645334489678,-0.540960088604082,-1.038509275499615,-1.1534869449580107,-0.5146010764856858,-1.4807850220027943,-1.3735817298601125,-1.0298929953130038
-0.38602507162766964,-0.4757707693787411,-0.5856399148043309,-0.7098269520383348,-0.5146010764856858,-2.1479836208077883,-1.5065610558931737,-1.1094842844166788
-0.9124001379715303,-0.827717377686099,-1.4407812423328605,-1.4197873001689303,-0.5146010764856858,0.1826384968459254,-0.049251756909367644,-0.27546348024390227
-0.5993365490775038,-0.6180833608978196,-0.5273354604455107,-0.5241183264705146,-0.5146010764856858,0.40176950009953416,-0.057907953499595544,-0.39555624183343197
-0.974174650159328,-0.869015142459445,-1.4574963546012054,-1.3892558043219008,-0.5146010764856858,0.8466245546192492,0.6529992735665455,0.4487017034996297
-0.981263085263961,-0.8733760481092983,-0.7436593068598065,-0.760879123156406,-0.5146010764856858,-0.6061585305412766,-0.42024476816578316,-0.5425323519389827
-0.29535411631751435,-0.41534253472250726,0.2679116174628633,0.2674290629465378,-0.5146010764856858,0.24640751279790787,0.03575679229395902,-0.20703824838611481
0.1121775188221129,-0.14287495182740712,0.3750297979996185,0.48871506148972504,-0.5146010764856858,1.3364714586110125,1.187187478136243,0.7796486930823223
-0.7926045905180333,-0.7478952337492585,-0.12666458331479455,-0.14580824317802446,-0.5146010764856858,0.5790952382178559,0.2752372546258925,-0.01848349158368503
-1.4455207411495725,-1.3641392766519471,-0.6985407662847707,-0.6835871297169038,-0.5146010764856858,0.47690247702621186,0.223898379574634,-0.0787767236001256
-0.5918503027548709,-0.6133207847292484,-0.3505928467445837,-0.4282317846809104,-0.5146010764856858,-0.9440524694094254,-0.6277577666459828,-0.6283130793593078
-0.8167380560144054,-0.7633730969359115,-0.41699453189195007,-0.35395881599816886,-0.5146010764856858,0.4335257297976742,0.2752372546258925,0.475644090028877
-0.3028902456257179,-0.42031055999460015,0.23324451843070787,0.27998027645907514,-0.5146010764856858,0.4335257297976742,0.2752372546258925,0.475644090028877
-0.886045587879243,-0.8097454195791599,-0.3125049114606987,-0.305549421681412,-0.5146010764856858,0.3054207442072121,0.14493201698902475,-0.15766510621348245
-1.3714297090846181,-1.2588461588402091,-1.5362518403495729,-1.598602047982529,-0.5146010764856858,-0.9339700311392448,-0.6277577666459828,-0.6283130793593078
-1.0857518038581935,-0.9431229431404421,-0.2351941893306064,-0.228625030409198,-0.5146010764856858,0.2780253735155487,0.09091905354157294,-0.2238583653839335
-0.3142945370771927,-0.4278739373020783,0.8315284763315227,0.8189469035720691,-0.5146010764856858,0.32562870878091044,0.06348463382677073,-0.19040196148332533
-0.5340483330135453,-0.5748711537605597,-0.1028364699391074,-0.07724795732430402,-0.5146010764856858,0.3114906908776501,0.06348463382677073,-0.20703824838611481
-1.0248052935404872,-0.9020928999746626,-0.5421141776705545,-0.5653026087841173,-0.5146010764856858,-0.45718743742347856,-0.45369721256614204,-0.521821758990316
-0.6902515584466783,-0.6789416444662187,0.08618346370000896,0.10185509334190321,-0.5146010764856858,0.20740833071195636,0.06348463382677073,0.3358941703336624
-0.8476881525916009,-0.7841450193308717,-0.580941074064219,-0.5514553068736087,-0.5146010764856858,0.20740833071195636,0.06348463382677073,0.3358941703336624
-0.47919927121808187,-0.5383084172379489,0.11041679989963037,0.034933908902903786,-0.5146010764856858,-0.9151135928478112,-0.7007915672142845,-0.6730870454322985
-1.5133681857475965,-1.4596542682559832,-1.4548144897900335,-1.3797294268721447,-0.5146010764856858,0.6021975034605658,0.3255791950483469,0.010790585623647524
-1.791623469037434,-1.8515909051886588,-1.2816180390063503,-1.2416843993770148,-0.5146010764856858,0.28310857547943336,0.06348463382677073,-0.17394552985339107
-0.6794585628815325,-0.6716293010999349,-0.6207386163937907,-0.5827094488149303,-0.5146010764856858,0.6728432913236244,0.10724142731257412,0.1833000883787188
-1.1756356796520533,-1.0022274234917277,-0.31259539647724827,-0.28138655068133234,-0.5146010764856858,0.6728432913236244,0.10724142731257412,0.1833000883787188
-0.9531858253267089,-0.8547957088605757,-1.6183812175771615,-1.5492383976155288,-0.5146010764856858,0.9937653726876542,0.8435564989172806,0.47029362722658197
-0.24761763434484715,-0.3834843514195345,0.9241739925830099,0.8723264919757763,-0.5146010764856858,-0.7432940161187164,-0.38721848115444313,-0.5635286172353096
-0.879556782522186,-0.8059918190642318,-1.0408385377141383,-1.041433345809458,-0.5146010764856858,0.22283476810854821,0.03575679229395902,-0.2238583653839335
-0.717718375877456,-0.6977964404984782,-0.8421976400849741,-0.7870766743079437,-0.5146010764856858,0.45624128144005066,0.09091905354157294,-0.17394552985339107
-0.7690015740417382,-0.7319181473154015,-0.6730456835965986,-0.6439191941289794,-0.5146010764856858,0.6709454607296338,0.4473165105808271,0.1225622527407669
-0.5017135972907881,-0.5531030834327141,0.4000375232558238,0.46205499402027667,-0.5146010764856858,1.0985909694349656,0.9436665609529048,0.6036358398739671
-0.9325993670679277,-0.8410395322990509,-0.8351166237116757,-0.8013504371669821,-0.5146010764856858,0.8134020886039509,0.5635928802717013,0.22668523246079825
-1.3920821536421888,-1.2890216556014111,-0.15585235178612533,-0.19495912222446757,-0.5146010764856858,-0.1309964257662291,-0.2905913290163864,-0.42229578938575985
-0.712168523632325,-0.6939575297189173,0.16906703773417164,0.20493897941335457,-0.5146010764856858,0.6041184548338014,0.3255791950483469,-0.003776081517713554
-1.8068562637214107,-1.8728611634166064,-1.0601673912190424,-0.9787641423172447,-0.5146010764856858,0.7697335977794975,0.608681468399628,0.3122936185166551
-0.7866550239467538,-0.7435752239245172,-0.5625807410249186,-0.5049205566181436,-0.5146010764856858,0.7734631716677647,0.34297044310386093,0.3063358610089808
-1.2644378187447152,-1.11005452931972,-0.2527206239866345,-0.20177020132827,-0.5146010764856858,0.7734631716677647,0.34297044310386093,0.3063358610089808
-0.4312690679461953,-0.5058829514569442,-0.7011724538746139,-0.8459923431728904,-0.5146010764856858,-1.8636094672773142,-1.326011065458097,-1.0298929953130038
-0.8352008721323173,-0.7759452029014573,-1.149489068182939,-1.2835988427188036,-0.5146010764856858,-1.8636094672773142,-1.326011065458097,-1.0298929953130038
-1.8864403718005855,-1.9845875984723904,-1.4646534664809194,-1.5323171670772529,-0.5146010764856858,-1.02152566807867,-0.7007915672142845,-0.6730870454322985
-1.548970142912186,-1.5099774571914992,-1.1202251015521787,-1.0993806306798,-0.5146010764856858,0.7995018010593256,0.4944546904593177,0.1624476376320799
-0.7926045905180333,-0.7478952337492585,0.11733172769893134,0.07718133015181014,-0.5146010764856858,-0.6061585305412766,-0.48758695619504183,-0.5635286172353096
-0.2548250038098856,-0.3885526610913835,0.6594913707396036,0.664733824255928,-0.5146010764856858,0.8457043290755699,0.608681468399628,0.26396558802259107
-1.0174245495779106,-0.8974268052333028,-1.3005766907964074,-1.2772764577096154,-0.5146010764856858,0.040197087338052634,-0.10751327551383864,-0.34710988531808445
-0.9671326969305787,-0.8632697847511277,-1.6413072364220387,-1.629035890764053,-0.5146010764856858,-0.22690079053882414,-0.2905913290163864,-0.4416871993936958
-1.1587236132899883,-0.9924293672835122,-0.8939557650873561,-0.8511316699692889,-0.5146010764856858,0.2942756225918507,0.03575679229395902,-0.2238583653839335
-1.3021221772197804,-1.161715446752257,-0.4844969302958951,-0.5198067460375004,-0.5146010764856858,-0.14412867281192923,-0.2905913290163864,-0.42229578938575985
-0.30667823551203865,-0.42281666395241146,0.5381550847519577,0.46856394733846973,-0.5146010764856858,-0.6863537608626219,-0.42024476816578316,-0.5635286172353096
-0.6529413138995602,-0.06073491448031678,-0.2472942741746137,-0.1815312647421087,-0.5146010764856858,0.8429427570173385,0.7051995968630647,0.39897007207620433
-0.6848415015673848,-0.6752696450022838,-0.08026999930951262,-0.021573032267601464,-0.5146010764856858,0.8429427570173385,0.7051995968630647,0.39897007207620433
-0.10962005758821979,-0.2901728977911627,0.35391809982747185,0.51963739016594,-0.5146010764856858,1.3810321253415523,1.2923043822113724,0.8564147956725136
-1.5857929738486172,-1.5618643968300798,-0.8111912971350627,-0.8169012413628634,-0.5146010764856858,-0.19917576104576415,-0.25916635673801813,-0.42229578938575985
-0.39770714838886934,-0.4838253485659773,0.9356146517273913,0.8571457799919022,-0.5146010764856858,-0.5106949888822925,-0.3546076301619808,-0.521821758990316
-1.1841926493831627,-1.0082172725380356,-0.9047926614483216,-0.9369613106411275,-0.5146010764856858,-0.5317707974518258,-0.48758695619504183,-0.5635286172353096
-0.6017938369385311,-0.6196828979522697,-0.1800001587986669,-0.04638607225717595,-0.5146010764856858,1.4035990554324835,1.2577368238232172,0.8227735347554613
-1.5133681857475965,-1.4596542682559832,-0.443074443004626,-0.39424214501768723,-0.5146010764856858,0.4670731910139003,0.223898379574634,0.010790585623647524
-1.6634576997916184,-1.671091010336722,-0.6724045125208091,-0.6187445424310966,-0.5146010764856858,0.4670731910139003,0.223898379574634,0.010790585623647524
-1.0397207280233725,-0.9131852485972493,-1.0520442885453447,-1.1378209401730346,-0.5146010764856858,-1.5141594126295015,-1.0154230441727845,-0.841059420834176
-1.5133681857475965,-1.4596542682559832,-1.2049092819683316,-1.240488570077109,-0.5146010764856858,-1.4641711235464567,-1.0154230441727845,-0.841059420834176
-0.886045587879243,-0.8097454195791599,-1.6107765118374204,-1.5460057758861463,-0.5146010764856858,0.5993148569726792,0.39930535200219186,0.05367243821493292
-0.3611628049033604,-0.45955959133650215,0.1385438987561905,0.1682540414804196,-0.5146010764856858,0.4582122575896242,0.19784259773877455,-0.0787767236001256
-1.01009418651278,-0.8928117070836926,-0.39924060613353857,-0.40685421026276375,-0.5146010764856858,-0.1375587516459397,-0.1974365721042361,-0.3993475391857169
-0.7459061888768628,-0.716523589168786,-0.01634975154489628,-0.03765603866381967,-0.5146010764856858,-0.1375587516459397,-0.1974365721042361,-0.3993475391857169
-0.7690015740417382,-0.7319181473154015,0.021283162691367354,0.09819745550662319,-0.5146010764856858,0.8769086085654237,0.6748772807877191,0.32413963238677346
-1.1671463546577816,-0.9982808781541457,-0.45946254734640213,-0.3725472098625082,-0.5146010764856858,0.8769086085654237,0.6748772807877191,0.32413963238677346
-1.761791161283769,-1.8093279347894418,-0.8288729598718609,-0.8317984166117067,-0.5146010764856858,0.04973460498995333,-0.1371424948145019,-0.34710988531808445
-1.9030902249958463,-2.009680758686751,-1.088694255673883,-1.0862988721248912,-0.5146010764856858,0.04973460498995333,-0.1371424948145019,-0.34710988531808445
-1.1671463546577816,-0.9982808781541457,-1.2924709364548905,-1.2286405398680142,-0.5146010764856858,0.3748362971504245,0.17152228567767072,-0.10984321208319692
-1.2644378187447152,-1.11005452931972,-1.2999650728675411,-1.172757608342881,-0.5146010764856858,0.9650012319426866,0.7394248922067705,0.37062278918508207
-0.5340483330135453,-0.5748711537605597,-0.28729983851672103,-0.28292069971610245,-0.5146010764856858,0.009355620111992206,-0.1974365721042361,-0.3842386796610493
-0.8290112641079226,-0.7713301047518473,-0.8496154454191577,-0.7533556664393808,-0.5146010764856858,1.3187181287284175,1.222702122144414,0.8142457527875524
-1.3714297090846181,-1.2588461588402091,-0.6215174030942048,-0.585063177890571,-0.5146010764856858,0.3568095701851336,0.17152228567767072,-0.10984321208319692
-1.1841926493831627,-1.0082172725380356,-1.566516860115463,-1.5460057758861463,-0.5146010764856858,-0.10373476903605475,-0.1671142560288904,-0.365561082139835
-0.5771055308101773,-0.6031825238000583,-0.23199524184054918,-0.3087284178388536,-0.5146010764856858,-1.062594162869676,-0.7007915672142845,-0.6730870454322985
-1.1420737600947275,-0.9809641215401267,-1.482964986475767,-1.4675982428394336,-0.5146010764856858,-0.13646450369001895,-0.25916635673801813,-0.42229578938575985
-1.9030902249958463,-2.4444656430041873,-0.3028364490264237,-0.4225922249771399,-0.38267202824677,-1.8428818079515543,-1.3976984476786816,-1.0155998846644336
-0.981263085263961,-0.9698019577107232,-0.16372573519682698,-0.28677074316504947,-0.40246138548260735,-1.8428818079515543,-1.3976984476786816,-1.0155998846644336
-0.981263085263961,-1.0082172725380356,0.08397781603961485,-0.044193407337761975,-0.4486365523662279,-1.8428818079515543,-1.3976984476786816,-1.0155998846644336
-1.6674923721116541,-1.6779099380737061,0.3258983639104598,0.19292154386960167,0.2242015936522423,-1.8428818079515543,-1.3976984476786816,-1.0155998846644336
-1.0397207280233725,-0.9131852485972493,-0.30295630277400803,-0.28368902807908164,-0.5146010764856858,0.26682628033201006,0.11806619656814742,-0.15766510621348245
-0.5529720653138054,-0.5873027246307432,0.1293895831209923,0.16297051392655326,-0.5146010764856858,0.44440103118068686,0.11806619656814742,-0.15766510621348245
-0.7459061888768628,-0.716523589168786,-0.08146920330745902,0.015742891817274025,-0.5146010764856858,0.8392585698013684,1.0210612178400227,0.7620507502627555
-1.0548462459459282,-0.9229305413453168,-0.15929410733661928,-0.13042573324321322,-0.5146010764856858,1.028625735600449,0.8230620959825874,0.491583556090915
-0.712168523632325,-0.6939575297189173,-0.11160504491087551,-0.138950967996589,-0.5146010764856858,-0.4386937171228351,-0.42024476816578316,-0.521821758990316
-1.598353280999936,-1.579382467608516,-0.9135404158542259,-0.8238140986589738,-0.5146010764856858,0.4295659031608138,0.5862351942408215,0.32413963238677346
-1.1928183505309369,-1.014293309415538,-0.5069918043794663,-0.4944767922185324,-0.5146010764856858,0.43055611882031936,0.2752372546258925,-0.01848349158368503
-1.5017584076000023,-1.443565568916997,-1.0272123025675581,-1.0482225591522127,-0.5146010764856858,-0.29399863152678135,-0.2905913290163864,-0.46132882804278685
-0.40184547343031285,-0.4867396270580672,-0.21886969315677282,-0.3111221084350544,-0.5146010764856858,-1.4752416511972624,-0.9739417036982861,-0.8158984331039533
-0.5482097780445688,-0.5843445529714025,-0.6014006550117356,-0.6849440910661241,-0.5146010764856858,-1.4752416511972624,-0.9739417036982861,-0.8158984331039533
-0.29535411631751435,-0.41534253472250726,0.037411976182309375,-0.05968724428618834,-0.5146010764856858,-1.4752416511972624,-0.9739417036982861,-0.8158984331039533
-0.4571472844669954,-0.5233762275430767,0.3183416196171304,0.21524141581934703,-0.5146010764856858,-1.4752416511972624,-0.9739417036982861,-0.8158984331039533
-0.8106536543598536,-0.7600083199500385,0.7837344211679307,0.7230939911285982,-0.5146010764856858,-0.2581144424624201,-0.3224018933933692,-0.521821758990316
-0.26572757480692205,-0.499806914579442,-0.09901389162479222,-0.05411455753254618,-0.5146010764856858,0.2912322423453757,0.4186166403258132,0.3358941703336624
-0.11595573389620632,-0.238400723006521,1.0040195514700676,1.0238340901308332,-0.5146010764856858,0.2912322423453757,0.4186166403258132,0.3358941703336624
-0.8571498351136342,-1.0288202502308144,-0.46829579531726273,-0.4202239717689847,-0.5146010764856858,0.3195738695361664,0.4186166403258132,0.0035246763624425183
1.3869805564636084,1.184650408474707,2.2362366324060083,2.228374572777434,-0.42804902438854514,0.3195738695361664,0.4186166403258132,0.0035246763624425183
-1.246080208996646,-1.0828013783218107,-0.5258345068516391,-0.5133884206382121,-0.5146010764856858,0.45032424346117506,0.17152228567767072,-0.09423071522014749
-0.8666956225829879,-0.7973610341223599,0.4952563752936826,0.5529062692687775,-0.5146010764856858,0.5355234240391555,0.3005304159325704,0.08160359067699043
-0.7011541294437146,-0.6863828463088809,-0.11857723434676394,-0.100573201921937,-0.5146010764856858,0.17332187192532283,-0.10751327551383864,-0.3108651944412615
-1.6634576997916184,-1.671091010336722,-0.9938623699564552,-0.9893524731305322,-0.5146010764856858,0.3947990792997489,0.09091905354157294,-0.19040196148332533
-1.070187849994131,-0.9329060590235759,-0.7648973607083592,-0.6473877045410654,-0.5146010764856858,1.1266877259666384,1.506412470664487,1.3614480343352053
-1.6634576997916184,-1.671091010336722,-0.7839100658378971,-0.7149106846709344,-0.5146010764856858,0.8180279638935625,0.6309350683009599,0.2516399733104074
-0.6425150764740113,-0.6469894713397079,-0.02972823710808663,0.017600445469827274,-0.5146010764856858,0.8704982055648356,0.6529992735665455,0.30035469378496804
-0.8414263621427589,-0.7794399313508793,0.4295800552073179,0.4471931345643953,-0.5146010764856858,0.7134939245258796,0.4473165105808271,0.10903145164825394
-1.5369712022238915,-1.4931617450415668,-0.9305571508258086,-0.8847611628116323,-0.5146010764856858,0.8069195234526746,0.5407510719798126,0.18846887127388884
-1.3920821536421888,-1.2890216556014111,-0.7410510411676733,-0.6990749415525893,-0.5146010764856858,0.8069195234526746,0.5407510719798126,0.18846887127388884
-1.1841926493831627,-1.0082172725380356,-1.185619274595825,-1.1301165880416815,-0.5146010764856858,0.4325360320785314,0.14493201698902475,-0.12561749935932728
1.3083728198444236,2.0101231851450208,-0.5034166041041821,-0.40593929617814173,-0.2837252420675832,1.0508600423428087,1.2957359227127159,1.0277355399915038
-0.9124001379715303,-0.827717377686099,-0.8563729591740162,-0.7855083951221951,-0.5146010764856858,0.7613330862925928,0.3355313319156267,0.321777793123122
-0.7926045905180333,-0.7478952337492585,0.7439332425108123,0.7788995791814465,-0.5146010764856858,0.7613330862925928,0.3355313319156267,0.321777793123122
-0.905750618154534,-0.8225040117469677,-0.3646525441423415,-0.40593929617814173,-0.5146010764856858,-0.29624894325248347,-0.25916635673801813,-0.4416871993936958
-0.8666956225829879,-0.7973610341223599,-0.2632319333241281,-0.2404549849710847,-0.5146010764856858,0.654788230680983,0.39930535200219186,0.08160359067699043
-1.718541261865186,-1.7494362659963407,-1.0819302656504526,-1.0214494223226347,-0.5146010764856858,0.10767379576104116,-0.049251756909367644,-0.27546348024390227
-0.6068003449308129,-0.6237084506254634,-0.6319239342515617,-0.5372135860683133,-0.5146010764856858,0.7454314541890156,0.4944546904593177,0.14926829036805042
-0.6741024718817606,-0.6680200716284929,-0.09415694922933415,-0.12838752621528757,-0.5146010764856858,-0.05714882497315884,-0.22811774048415603,-0.4031483029581935
0.05411505325917979,-0.1807970960556342,0.18033622875051958,0.18307858581102418,-0.5146010764856858,0.6175469432782514,0.3503882692524591,0.03951228866179092
-1.3214721425160356,-1.1885831323856826,-0.24521996224196035,-0.23183174345924557,-0.5146010764856858,0.5858431168720912,0.3503882692524591,0.10903145164825394
-0.5529720653138054,-0.5873027246307432,0.016690301484338966,0.06416093778451687,-0.5146010764856858,0.6984020944229837,0.4709927342227765,0.14926829036805042
-1.548970142912186,-1.5099774571914992,-0.8957453113643855,-0.8311295918905217,-0.5146010764856858,0.8475446310056906,0.7180870888709185,0.3933426900663088
-1.3817062852989552,-1.2736644258329386,-1.551258789507271,-1.535487483003872,-0.5146010764856858,-0.1671834644556152,-0.25916635673801813,-0.42229578938575985
-1.8223082428166617,-1.8952599055576893,-0.8784923834046601,-0.886386076024169,-0.5146010764856858,-0.4490890199128416,-0.11341209141538491,-0.42808731862972965
-1.0548462459459282,-0.9229305413453168,-0.4880818179407834,-0.5049205566181436,-0.5146010764856858,-0.4490890199128416,-0.11341209141538491,-0.42808731862972965
-0.804603531206328,-0.7555632549323693,0.5490724793675197,0.43534556636961075,-0.5146010764856858,-1.483558738771267,-0.9739417036982861,-0.841059420834176
-0.3104796342400702,-0.4253377298135132,0.7155962074967155,0.7548248093129256,-0.5146010764856858,0.36182273950659977,0.09091905354157294,-0.19040196148332533
-1.6239233942280444,-1.6159133551802325,-0.8059779532245472,-0.7687896383117024,-0.5146010764856858,0.5742704089824202,0.37496218281690186,0.30035469378496804
-0.7807382375228894,-0.7392989617862424,-0.1850334742260638,-0.17755228219365488,-0.5146010764856858,-0.12771810557476304,-0.22811774048415603,-0.4031483029581935
-1.2015138961728535,-1.0204580506894319,-0.8192832588303759,-0.8241449793049215,-0.5146010764856858,-0.40188605824147255,-0.3546076301619808,-0.5013891689827998
-1.1503664192118244,-0.9866578340117296,-1.639478130167215,-1.6005905999450218,-0.5146010764856858,-0.05067875065518521,-0.07821885681676052,-0.3288796662277286
-1.5611046677202634,-1.5268034789711264,-1.229600011380178,-1.1803963648557494,-0.5146010764856858,0.7068961855056136,0.4473165105808271,0.14926829036805042
-1.4238251745873907,-1.3335130073062258,0.023323782654814548,0.0177007144698183,-0.5146010764856858,0.5345513525831029,0.2752372546258925,-0.03333439084239501
-0.879556782522186,-0.8059918190642318,0.07100580458633639,-0.032254163930215775,-0.5146010764856858,-0.6132941835912382,-0.45369721256614204,-0.5635286172353096
-0.29535411631751435,-0.41534253472250726,0.37695405580932645,0.3918980676134233,-0.5146010764856858,0.49259401778218287,0.24969489559996105,-0.048331606735046585
-0.6848415015673848,-0.6752696450022838,-1.0842308508001428,-1.0258415935607492,-0.5146010764856858,0.48671477204299507,0.16622600504047658,0.2991556349596439
-0.29535411631751435,-0.41534253472250726,-0.6737106646375663,-0.6188682054790846,-0.5146010764856858,0.48671477204299507,0.16622600504047658,0.2991556349596439
-0.5968105610854686,-0.616489859846607,0.36884519631938584,0.40039673421165806,-0.5146010764856858,0.48671477204299507,0.16622600504047658,0.2991556349596439
-1.1587236132899883,-0.9924293672835122,-0.5098572559661199,-0.5038691899754617,-0.5146010764856858,-0.1375587516459397,-0.2905913290163864,-0.42229578938575985
-1.5017584076000023,-1.443565568916997,-0.4948023095886671,-0.41829891164707883,-0.5146010764856858,0.9973506633508189,0.802404389311249,0.47029362722658197
-0.668772962088146,-0.6644414292151719,-0.019705506795079347,0.0627515247127286,-0.5146010764856858,0.8695818424578751,0.5862351942408215,0.2516399733104074
-1.3612505426412496,-1.244530303896596,0.10158655544618127,0.10252212496705278,-0.5146010764856858,-0.41566097603165186,-0.38721848115444313,-0.5013891689827998
-1.2644378187447152,-1.11005452931972,0.2032701858031009,0.23238027534062788,-0.5146010764856858,0.5335791146336963,0.2752372546258925,0.03951228866179092
-1.4902728005827208,-1.4269818693457195,-0.14085770595054922,-0.12807922041406952,-0.5146010764856858,0.4156847158847945,0.14493201698902475,-0.14155696542136542
-0.9462797306621628,-0.850621599643412,-0.147470382369025,-0.10175997190466933,-0.5146010764856858,0.5267687823785782,0.2752372546258925,-0.03333439084239501
-1.3214721425160356,-1.1885831323856826,-1.437748166445286,-1.3678207435158198,-0.5146010764856858,0.4896551560785666,0.24969489559996105,-0.048331606735046585
-0.8925738391037881,-0.8135326851220063,-0.2862511592623631,-0.15215853567718648,-0.5146010764856858,0.8604100659371138,0.8638901597822777,0.40457672703358727
-1.1503664192118244,-0.9866578340117296,-0.7024531991507934,-0.6440473536063341,-0.5146010764856858,0.5954690497430916,0.3503882692524591,0.03951228866179092
-0.47919927121808187,-0.5383084172379489,-0.0918698605227931,-0.05411455753254618,-0.5146010764856858,0.5432940087622035,0.17680776858946237,0.40345704688009515
-0.11913764442944688,-0.2975814611056381,0.16046626895977587,0.19565312128287915,-0.5146010764856858,0.5432940087622035,0.17680776858946237,0.40345704688009515
-1.246080208996646,-1.0828013783218107,-0.9905486596232811,-1.062000350224904,-0.5146010764856858,-0.5824375965075097,-0.45369721256614204,-0.5635286172353096
-1.01009418651278,-0.8928117070836926,-0.5736207365849205,-0.5284564398731482,-0.5146010764856858,0.502379249051662,0.3005304159325704,-0.01848349158368503
-0.567386966569586,-0.5970624561339786,0.10069474479499593,0.14979365918967977,-0.5146010764856858,0.718201904603127,0.4473165105808271,0.1225622527407669
-0.9462797306621628,-0.850621599643412,-0.7413240068050078,-0.6890307181818878,-0.5146010764856858,0.7799840353989391,0.5635928802717013,0.2013145601651859
-1.3117535782754441,-1.1764304295870867,-0.4215397842413218,-0.28368902807908164,-0.5146010764856858,0.9577873644062646,1.222702122144414,1.0217777824838297
-1.5857929738486172,-1.5618643968300798,-0.7058293823021197,-0.6497095623873045,-0.5146010764856858,1.0161363768684646,0.7180870888709185,0.3591343942758567
-1.1338446468825167,-0.9753461591558725,-0.3319794344945074,-0.29141872398103913,-0.5146010764856858,0.6623973621873276,0.37496218281690186,0.06770207762095169
-1.0857518038581935,-0.9431229431404421,-0.27499072739825725,-0.2580245225146206,-0.5146010764856858,0.2535624392473548,0.03575679229395902,-0.2238583653839335
-1.4902728005827208,-1.4269818693457195,-1.0188865859731953,-0.9707731522512957,-0.5146010764856858,0.2259150311417567,0.14493201698902475,-0.12561749935932728
-1.0174245495779106,-0.8974268052333028,-0.4203142871656178,-0.589794344664552,-0.5146010764856858,-2.245502643708888,-1.7892746151766667,-1.3481735963896935
-1.1175732140891201,-0.9643296053927469,-0.5720478843740779,-0.5155213759818105,-0.5146010764856858,0.7594646164752802,0.5952370382511013,0.25781525601911476
-1.101544647587099,-0.9535931640754275,-0.31264858399577145,-0.2662259404955511,-0.5146010764856858,0.7594646164752802,0.5952370382511013,0.25781525601911476
-1.1756356796520533,-1.0022274234917277,0.34592870213976884,0.37763227855088966,-0.5146010764856858,0.39579537789883884,0.17152228567767072,-0.12561749935932728
-1.1338446468825167,-0.9753461591558725,0.34087572819207024,0.37850422828540803,-0.5146010764856858,0.498467180493141,0.223898379574634,-0.06347805110681766
0.045948519460133966,-0.18650363259385122,0.6886702036379933,0.7688501340493448,-0.5146010764856858,1.0499723402135885,0.9826526861527277,0.491583556090915
-1.456535135338183,-1.3798426637293106,-0.9988895729787683,-0.9078580263984438,-0.5146010764856858,0.9559824641513953,0.6748772807877191,0.30035469378496804
-0.5869128502902351,-0.6101753156046902,0.2613750893147952,0.29725225113588005,-0.5146010764856858,0.5062886233478798,0.3005304159325704,0.010790585623647524
-1.4676636703590538,-1.3951460281647843,-0.28965914021413885,-0.25233977969572907,-0.5146010764856858,0.8291147081479127,0.5407510719798126,0.2883213892225138
-1.6369404508096461,-1.6341065746375156,-1.6007130491320882,-1.6060882196097421,-0.5146010764856858,-0.5013530221512424,-0.3224018933933692,-0.5013891689827998
-0.2804386818346292,-0.40557846324550567,0.5148330848834114,0.5122194907487834,-0.5146010764856858,0.4196542344058201,0.14493201698902475,-0.14155696542136542
-0.9124001379715303,-0.827717377686099,-0.21944821284553118,-0.18286259885499964,-0.5146010764856858,0.47100694810393406,0.09091905354157294,-0.17394552985339107
-0.8666956225829879,-0.7973610341223599,-0.18341672902442377,-0.10832316212778935,-0.5146010764856858,0.6690469954096873,0.42342206982076086,0.08160359067699043
-0.37725140573116384,0.20442778122385655,0.08103241272237345,0.16411185531678854,2.3218734606510023,0.7097247270077497,0.9436665609529048,0.8729606661872846
0.14755605062038965,0.5257307067189423,0.3810043967123289,0.45755672130688957,0.21100868882835072,0.7097247270077497,0.9436665609529048,0.8729606661872846
-0.8476881525916009,-0.7841450193308717,0.49613917238836475,0.394840230495476,-0.5146010764856858,-0.9138587213375048,-0.6640174971574165,-0.6505354462926373
-0.12552988960846723,-0.3013350616205662,0.29199416876293915,0.30075039196904324,-0.5146010764856858,0.4788662934283408,0.223898379574634,-0.0787767236001256
-0.3571780358812406,-0.4568263955326854,0.38135958557270566,0.44454405457663915,-0.5146010764856858,0.7837068827229021,1.114664470293514,1.0366286817425396
-0.3691769765695354,-0.46452437157935517,0.4266504974409689,0.45637384356222044,-0.5146010764856858,0.362824842299165,0.14493201698902475,-0.15766510621348245
-0.7459061888768628,-0.716523589168786,0.425333805307897,0.40821822907315714,-0.5146010764856858,0.14111372312506298,-0.049251756909367644,-0.29306142306346894
-0.5968105610854686,-0.616489859846607,0.4477087283771968,0.3166744468349626,-0.5146010764856858,-1.5071902143891334,-1.0154230441727845,-0.841059420834176
-1.2831147072283935,-1.136455455452246,-0.031926098994607945,-0.13520459317422506,-0.5146010764856858,-1.2939409248067542,-0.9331136398985959,-0.7911465853036335
-0.6848415015673848,-0.6752696450022838,0.4652473761825016,0.4614942771652218,-0.5146010764856858,0.5607390289067569,0.24969489559996105,-0.048331606735046585
-0.33357501940494577,-0.44078862205935065,0.4349837222764348,0.4196200682623562,-0.5146010764856858,0.3507879169467358,0.11806619656814742,-0.15766510621348245
-1.0936191944983058,-0.9483256037449347,0.5646103450674176,0.5104773580270879,-0.5146010764856858,-0.5446890866295387,-0.42024476816578316,-0.521821758990316
-0.015915883159325822,-0.22876660299306836,0.22775030922664882,0.2660205885454189,-0.5146010764856858,0.6395392994051501,0.4210204684723096,0.22416710930583514
-0.1984766551620573,-0.3508836866750478,0.6602348880944896,0.688165112172187,-0.5146010764856858,0.6395392994051501,0.4210204684723096,0.22416710930583514
-0.7011541294437146,-0.6863828463088809,0.20897596025349516,0.11485891087539198,-0.5146010764856858,-1.0433063045099984,-0.7007915672142845,-0.6730870454322985
-0.6634697709686493,-0.6608928597826154,0.199042626402435,0.15764708715190545,-0.5146010764856858,-0.4386937171228351,-0.38721848115444313,-0.521821758990316
0.015461738642124512,-0.2071066102866299,0.5853721540052094,0.5735988224613199,-0.5146010764856858,0.45328353343370836,0.223898379574634,-0.06347805110681766
-0.7573917958941442,-0.7236379354021708,0.12510504025779565,0.14896187006279218,-0.5146010764856858,0.3768357375563513,0.11806619656814742,-0.14155696542136542
-0.879556782522186,-0.8059918190642318,0.23720219232560077,0.26834306453493384,-0.5146010764856858,0.5238475654410967,0.2752372546258925,-0.048331606735046585
-1.4238251745873907,-1.3335130073062258,-0.6197979020733624,-0.5709417081483358,-0.5146010764856858,0.5238475654410967,0.2752372546258925,-0.048331606735046585
-0.8106536543598536,-0.7600083199500385,0.23794339134058703,0.24418517273218227,-0.5146010764856858,-0.6658982026768254,-0.521925583639496,-0.5848185460996427
-0.9531858253267089,-0.8547957088605757,0.22800045023309745,0.19100312226079527,-0.5146010764856858,0.5781306003952011,0.24969489559996105,-0.03333439084239501
-0.14167897617338507,-0.31280030736395176,0.42558837779560477,0.39101301890551815,-0.5146010764856858,0.01894505482501416,-0.1671142560288904,-0.365561082139835
-0.8352008721323173,-0.7759452029014573,-0.4105525434721747,-0.36508744497812934,-0.5146010764856858,0.5868064450464426,0.3255791950483469,0.010790585623647524
-1.2737356605433685,-1.1230487015647508,-0.8152372954290031,-0.760879123156406,-0.5146010764856858,0.5868064450464426,0.3255791950483469,0.010790585623647524
-0.13135705302191844,-0.30512232716341253,0.005060913277791409,0.04223402111910296,-0.5146010764856858,0.4906349457165795,0.40414667641611285,0.5496583688173952
-0.3181230403096945,-0.4304254694001594,0.057738022198865875,0.04705909952712843,-0.5146010764856858,0.20225685449511774,0.007729184504206895,-0.24086642053867213
-0.9671326969305787,-0.8632697847511277,-0.20633508793829747,-0.13645117387616618,-0.5146010764856858,0.7002907689550436,0.5749387560181951,0.5208979027417768
-0.47032406351774136,-0.5324023450548199,0.26131869300142746,0.32027359748720097,-0.5146010764856858,0.7002907689550436,0.5749387560181951,0.5208979027417768
-1.351166956636671,-1.2306839067861821,-0.08332727041533605,-0.11798004195274989,-0.5146010764856858,-0.3904324400420652,-0.3546076301619808,-0.48122721727274126
-1.0548462459459282,-0.9229305413453168,-0.8027508888059164,-0.7808243831830589,-0.5146010764856858,0.35781255830573105,0.09091905354157294,-0.17394552985339107
-0.7459061888768628,-0.716523589168786,-0.24623494971748638,-0.23613017874838235,-0.5146010764856858,0.2289936235992502,0.04688354100549109,0.17030081979702874
-0.7345421249551002,-0.708537019618788,0.32465760837179847,0.3712554116808914,-0.5146010764856858,0.8374155791183784,0.608681468399628,0.2761922007445583
-1.2370177584280981,-1.070972109649922,-0.14174747929445297,-0.11761551145945136,-0.5146010764856858,0.732302461461527,0.4473165105808271,0.06770207762095169
-0.5968105610854686,-0.616489859846607,0.30279853656790784,0.30309517361422894,-0.5146010764856858,0.5646084300475505,0.3255791950483469,-0.003776081517713554
-0.2730579378720526,-0.40077980618082526,0.6931353385401959,0.705382985252867,-0.5146010764856858,0.8878810564157028,0.6529992735665455,0.3122936185166551
-0.8731069492040845,-0.801038363115818,-0.30073638128445296,-0.27225111566396965,-0.5146010764856858,0.36082045977348576,0.17152228567767072,-0.12561749935932728
-1.246080208996646,-1.0828013783218107,-0.24827336163502245,-0.288316667475936,-0.5146010764856858,-0.23357499619160682,-0.3224018933933692,-0.4416871993936958
-0.8352008721323173,-0.7759452029014573,0.14243994702225063,0.1435311850463966,-0.5146010764856858,0.5973922790529491,0.3255791950483469,0.02521917801322094
-0.7748538720092366,-0.7350655701655744,-0.13825905925771867,-0.13389805158242069,-0.5146010764856858,0.49259401778218287,0.19784259773877455,-0.09423071522014749
-0.7926045905180333,-0.7478952337492585,-1.1597629108203213,-1.1199733741489675,-0.5146010764856858,-0.045292649811057566,-0.1671142560288904,-0.30907541751544776
-0.04823797881217521,-0.2515979619914447,-0.7362319008416185,-0.7112354264394538,-0.5146010764856858,-0.045292649811057566,-0.1671142560288904,-0.30907541751544776
0.8968829206568452,0.3805501600906039,0.47210717561358145,0.45286733713875343,-0.5146010764856858,-0.15399783424392888,-0.1671142560288904,-0.3842386796610493
-0.8731069492040845,-0.801038363115818,0.06348204306722566,0.07487382824450287,-0.5146010764856858,-0.1715854896888201,-0.1974365721042361,-0.3842386796610493
-1.2015138961728535,-1.0204580506894319,-0.5674275528355127,-0.5945574790240248,-0.5146010764856858,-0.45140167476404075,-0.3546076301619808,-0.5013891689827998
-1.4131395737940042,-1.3173187559010258,-0.22010672080935212,-0.2248668478147389,-0.5146010764856858,0.07087188971468217,-0.10751327551383864,-0.3288796662277286
-0.974174650159328,-0.869015142459445,-0.3418301484624277,-0.25285468433830544,-0.5146010764856858,0.999142459847309,0.802404389311249,0.4487017034996297
-0.6219614534881779,-0.6335292950626835,0.21678524544276576,0.24418517273218227,-0.5146010764856858,0.4275849534796551,0.06348463382677073,-0.19040196148332533
-1.01009418651278,-0.8928117070836926,0.012960882845371467,0.05051281946172141,-0.5146010764856858,0.77066622100574,0.4944546904593177,0.10903145164825394
-0.5200712070388572,-0.5656056265881823,0.49737151177440936,0.5147008069440627,-0.5146010764856858,0.6557399301138005,0.42342206982076086,0.10903145164825394
-0.6118303026947834,-0.6269567533925672,-0.46739255661894263,-0.2984486668155073,-0.5146010764856858,1.178997215360502,1.05890902097095,0.68024093922745
0.8052399882101481,0.3193134074241644,0.29439253787085845,0.44771086261231713,-0.5146010764856858,0.44242525279187966,1.7491919364326562,2.029524432524815
-0.7573917958941442,-0.7236379354021708,0.3454409681092307,0.39902630230516367,-0.5146010764856858,0.5160502960093843,0.3503882692524591,0.34755863430792
-0.8850258793511535,-0.8084905084699606,-0.5502885547352385,-0.4781833637531952,-0.5146010764856858,0.4077373414626995,0.23166432188767544,0.5778854973838343
-0.8106536543598536,-0.7600083199500385,0.6938202879006861,0.6956778781620567,-0.5146010764856858,0.35279584454239166,0.03575679229395902,-0.2238583653839335
0.11985736575498294,-0.13772516510734734,0.19657494261881206,0.20724145681110387,-0.5146010764856858,0.07087188971468217,0.25738406130642366,-0.13675757594880739
-0.9124001379715303,-0.827717377686099,0.5032950193939562,0.5057268939206508,-0.5146010764856858,0.07087188971468217,0.25738406130642366,-0.13675757594880739
0.05411505325917979,-0.1807970960556342,1.0129342034706796,1.0055545559203827,-0.5146010764856858,0.07087188971468217,0.25738406130642366,-0.13675757594880739
-0.22980803845346984,-0.3717411249223598,0.749588943286452,0.705193967634561,-0.5146010764856858,0.21049697389348582,-0.049251756909367644,-0.27546348024390227
-0.981263085263961,-0.8733760481092983,-0.07483054337797973,-0.05411455753254618,-0.5146010764856858,0.42560331224684467,0.223898379574634,-0.0787767236001256
-0.46591381494017114,-0.5291565390861519,0.5545880132119011,0.5623452461366397,-0.5146010764856858,0.3236111465582342,0.20045999167160278,0.43669428655888076
-0.995581884320983,-0.8822353369105194,-0.07004085333273014,-0.05856917711565059,-0.5146010764856858,-0.682738595946617,-0.45369721256614204,-0.5635286172353096
-1.0548462459459282,-0.9229305413453168,-0.12237147450508233,-0.09584600095034285,-0.5146010764856858,0.5578352461234706,0.37496218281690186,0.32413963238677346
-0.219262349590359,-0.36467355781288957,0.7424980599118023,0.7514692016084349,-0.5146010764856858,0.3568095701851336,0.11806619656814742,-0.15766510621348245
-0.26572757480692205,-0.3955635129545023,0.7108819235161028,0.6952945496027207,-0.5146010764856858,0.5267687823785782,0.3005304159325704,-0.003776081517713554
-0.567386966569586,-0.5970624561339786,0.5780800040981039,0.5997645924476598,-0.5146010764856858,0.85857393095305,0.6529992735665455,0.30035469378496804
-0.879556782522186,-0.8059918190642318,-0.382164070349012,-0.36508744497812934,-0.5146010764856858,0.37283615222002653,0.11806619656814742,-0.14155696542136542
-1.1175732140891201,-0.9643296053927469,0.435624597266734,0.431175127052251,-0.5146010764856858,-0.06254619274097388,-0.1671142560288904,-0.3842386796610493
-1.2370177584280981,-1.070972109649922,0.39554048150364735,0.3714071914647158,-0.5146010764856858,-0.23691504409835465,-0.2905913290163864,-0.4416871993936958
1.1275704185083557,0.935958577300678,-0.6557998170830148,-0.6171388937926042,-0.1188139317689386,0.21049697389348582,0.2701488752294079,-0.07570466382878481
-1.1841926493831627,-1.0082172725380356,-0.8314070211538119,-0.8013504371669821,-0.5146010764856858,0.2566260776704183,0.10724142731257412,-0.15928533531806263
-0.021720729830202932,-0.23195361644128362,-0.46331003425469036,-0.44445999008963966,-0.5146010764856858,0.2566260776704183,0.10724142731257412,-0.15928533531806263
-0.3219652412573516,-0.43299251242690834,-0.20822836055825542,-0.19495912222446757,-0.5146010764856858,0.2566260776704183,0.10724142731257412,-0.15928533531806263
-0.20191311895630462,-0.35300889134926433,0.22260587900640338,0.22614181689898302,-0.5146010764856858,0.2566260776704183,0.10724142731257412,-0.15928533531806263
-1.2280311451548258,-1.0572009780735225,-0.12201342376500957,-0.07324422370374654,-0.5146010764856858,0.5403812859135124,0.223898379574634,-0.06347805110681766
-0.9462797306621628,-0.850621599643412,-0.13747248737624096,-0.11846637602050336,-0.5146010764856858,0.9015668572758823,0.6965722063047625,0.3358941703336624
-0.1814573762985991,-0.3408289907698715,0.3676873323179333,0.4182297351843657,-0.5146010764856858,1.2864512314264471,1.1692460330348908,0.7620507502627555
-0.5434685163946473,-0.5814069600640785,0.7685906735846125,0.7130893916451367,-0.5146010764856858,-0.26818396344016915,-0.45369721256614204,-0.521821758990316
-0.6118303026947834,-0.6269567533925672,0.6938742360772611,0.7004519801366413,-0.5146010764856858,0.08351658308985188,-0.1974365721042361,-0.3842386796610493
-1.5017584076000023,-1.443565568916997,0.22314077756613773,0.20332275890427962,-0.5146010764856858,0.38382823800524923,0.03575679229395902,-0.29306142306346894
-1.1256781130834708,-0.9698019577107232,-0.1550500965036626,-0.11313506615785121,-0.5146010764856858,0.37383631278181056,0.09091905354157294,-0.17394552985339107
-1.6110622342888459,-1.597658842845642,-0.09058136217433257,-0.09726083575191403,-0.5146010764856858,0.10138181885181881,-0.07821885681676052,-0.3108651944412615
-1.1175732140891201,-0.9643296053927469,0.031625851499740135,0.12138015260013758,-0.5146010764856858,0.8364938593381994,0.5635928802717013,0.2392137402222713
-0.7631809960021507,-0.7277577463966198,0.13032542570493214,0.15435103811621168,-0.5146010764856858,0.47690247702621186,0.223898379574634,-0.0787767236001256
-0.22276608522472058,-0.36686949244149797,-0.1157987789767621,-0.11798004195274989,-0.5146010764856858,0.1536030818570471,-0.1371424948145019,-0.34710988531808445
-0.6321890928837451,-0.6402057547307637,0.11578253572474138,0.108717504984771,-0.5146010764856858,0.1536030818570471,-0.1371424948145019,-0.34710988531808445
-0.12232901087712994,-0.3013350616205662,0.7076671781126849,0.7701615887369722,-0.5146010764856858,0.8750778034362662,0.6748772807877191,0.3122936185166551
-0.8666956225829879,-0.7973610341223599,0.08700188977291563,0.17309624394165754,-0.5146010764856858,0.7491770242713021,0.6309350683009599,0.32413963238677346
-1.246080208996646,-1.0828013783218107,0.023540789344807113,-0.0010446381949360077,-0.5146010764856858,-1.1078556838854903,-0.5919981863184592,-0.6730870454322985
0.8861898966072541,0.3159173894601138,1.0155247902266533,1.0039601549949055,1.5039133615697247,0.18574064352322506,0.07174548564980136,-0.14155696542136542
1.2816076939609762,1.81407519241751,1.1609486122880974,1.2005948810608167,2.1305763407045744,0.8244978626280578,0.6879160097145345,0.32295917083087866
-1.2498873512464261,-1.0876274568792423,-0.29358382482001855,-0.22472542115095878,1.5962636953369658,0.8244978626280578,0.6879160097145345,0.32295917083087866
0.9994608755522107,0.448953136669296,1.1531297335088064,1.1999861032874233,-0.5146010764856858,1.1529027260096925,0.9040852047849619,0.45953594923675983
-0.8228571268113247,-0.7679015829885161,-0.47135205365028404,-0.4561443659269606,-0.5146010764856858,0.5973922790529491,0.3255791950483469,0.03951228866179092
1.022819408471545,0.4646064217071208,-0.6005344179349563,-0.3977580685317326,-0.5146010764856858,1.5720753100871085,1.4097853185264302,0.9530952257839046
-0.22628128973594328,-0.369519776941115,-0.6396664663849138,-0.5909821144539767,-0.5146010764856858,1.4376967129241398,1.3433065871147314,0.897447067112742
-0.2804386818346292,-0.40557846324550567,-0.3356866699762672,-0.29297488620955725,-0.5146010764856858,1.083607808602571,0.37496218281690186,0.38769442718480135
0.6750416772966776,0.2319653898124954,1.2090518243890653,1.2122010240768324,-0.5146010764856858,0.34174344282229674,0.06348463382677073,-0.20703824838611481
-0.3219652412573516,-0.43299251242690834,-0.030062025177511623,-0.07096654416734008,-0.5146010764856858,-0.24694699590607228,-0.4235706550494471,-0.5550953264124101
-0.4881484398350866,-0.5442982662842569,0.7273756376807243,0.6724991073872107,-0.5146010764856858,-0.24694699590607228,-0.4235706550494471,-0.5550953264124101
0.45835889049704803,0.0870991404401258,-1.6267326701676716,-1.6662867331667603,-0.5146010764856858,-0.7250594638057186,-0.48758695619504183,-0.5848185460996427
-0.43982603767730466,-0.5120476927308382,0.4265206255039063,0.3789848427258749,-0.5146010764856858,-0.2985001474278327,-0.3224018933933692,-0.48122721727274126
-0.8352008721323173,-0.7759452029014573,-1.1279517129135468,-1.100114562243491,-0.5146010764856858,0.40375947777241267,0.11806619656814742,-0.17394552985339107
-0.9325993670679277,-0.8410395322990509,-1.452953859294558,-1.4056765642145743,-0.5146010764856858,0.4057487580639229,0.14493201698902475,-0.12561749935932728
-0.06628704265399538,-0.2617738104659415,0.6227560199695086,0.6384216666821162,-0.5146010764856858,0.8558186143774382,0.6309350683009599,0.2761922007445583
-1.5251048492287473,-1.4763803072536898,-0.9991897354733301,-0.9512823006698559,-0.5146010764856858,0.4453886625452885,0.39930535200219186,-0.003776081517713554
-0.47032406351774136,-0.5324023450548199,-0.7684485828453431,-0.8375091938311363,-0.5146010764856858,-0.8180572876308219,-0.5919981863184592,-0.6283130793593078
0.2539691783381935,-0.048128686477059285,1.013269626386008,1.0721812357133615,-0.5146010764856858,0.8970085889399196,0.7180870888709185,0.3591343942758567
-1.0174245495779106,-0.8974268052333028,-1.1429281475053903,-1.0807998964115388,-0.5146010764856858,0.552023220441234,0.3005304159325704,-0.01848349158368503
-0.6270630973787599,-0.6368543301749711,-0.6187907111711473,-0.6768412294031484,-0.5146010764856858,-0.29174921154341565,-0.3224018933933692,-0.46132882804278685
-0.2730579378720526,-0.40077980618082526,-0.012917722514056259,-0.04309962712880345,-0.5146010764856858,0.0950828599065003,-0.5012678769681577,-0.23744957263927693
-0.42701601676615547,-0.5034420355421989,0.4240093344859929,0.3856792643056339,-0.5146010764856858,0.0950828599065003,-0.5012678769681577,-0.23744957263927693
-0.8925738391037881,-0.8135326851220063,-0.9658535364805315,-0.9520754835420038,-0.5146010764856858,0.17124943259827066,0.007729184504206895,-0.25806666117438565
-0.886045587879243,-0.8097454195791599,-0.6202594961325507,-0.6134474494876085,-0.5146010764856858,0.17124943259827066,0.007729184504206895,-0.25806666117438565
-0.1486325638276031,-0.31669229138903837,-0.357262042791729,-0.35600015295526255,-0.5146010764856858,0.37583610538792356,0.26249753134732456,0.33940290434984
-1.3117535782754441,-1.1764304295870867,-1.3603575574851263,-1.2886978971624248,-0.5146010764856858,0.9297467131910896,0.608681468399628,0.30035469378496804
-1.101544647587099,-0.9535931640754275,-1.3796569146085933,-1.3363292998737903,-0.5146010764856858,0.2556050485726502,-0.020604742003956535,-0.25806666117438565
-0.09083426042645906,-0.2792982038489798,1.328021310396174,1.352567869397218,-0.5146010764856858,1.0827252133658203,0.9239514205418156,0.5638373611572111
-0.7402091250152608,-0.7125114233333077,-0.5859949840540137,-0.5838853309945831,-0.5146010764856858,0.13485872386542383,-0.049251756909367644,-0.29306142306346894
-0.41856011465728543,-0.4974007697361866,0.9451675965354677,0.956874544805695,-0.5146010764856858,0.7087820364378254,0.42342206982076086,0.09537929645992647
-0.19505115299342735,-0.34919119031125395,1.4083348154103317,1.286593698279866,-0.5146010764856858,-1.0279230667652135,-0.6640174971574165,-0.6730870454322985
-1.246080208996646,-1.0828013783218107,-1.2461536448087176,-1.2141051547371855,-0.5146010764856858,-0.25699670862918383,-0.3224018933933692,-0.46132882804278685
-0.3104796342400702,-0.4253377298135132,1.0562642245116702,1.0515517856297447,-0.5146010764856858,0.5326067101338839,0.3005304159325704,-0.01848349158368503
-0.3571780358812406,-0.4568263955326854,0.9252798790726192,0.87801554548998,-0.5146010764856858,-0.1496094217688928,-0.22811774048415603,-0.4031483029581935
-0.5482097780445688,-0.5843445529714025,0.25589001841232606,0.2589356926957971,-0.5146010764856858,0.3878200885591749,0.0441063275955506,-0.06195660660230708
-0.26208107208656006,-0.393213605513164,0.560271339586518,0.558864047934946,-0.5146010764856858,0.3878200885591749,0.0441063275955506,-0.06195660660230708
0.02106955305266243,-0.20410106537471398,0.028000553848499792,0.03218903633589747,-0.5146010764856858,0.4660893256411756,0.17152228567767072,-0.09423071522014749
-0.988398619950598,-0.8777824596831416,-0.7654947864140969,-0.7450236345788578,-0.5146010764856858,0.4660893256411756,0.17152228567767072,-0.09423071522014749
-0.988398619950598,-0.8777824596831416,-0.32153084071022076,-0.310163656617457,-0.5146010764856858,0.4660893256411756,0.17152228567767072,-0.09423071522014749
-0.4441302278853934,-0.5145390113285363,0.8959989123059383,0.8259899714548871,-0.5146010764856858,-0.8938184136598757,-0.556725146007426,-0.6283130793593078
-1.2644378187447152,-1.11005452931972,-0.4009201638613244,-0.42025565935354653,-0.5146010764856858,-0.03453575583256852,-0.1671142560288904,-0.3842386796610493
-1.718541261865186,-1.7494362659963407,-0.7632543028445113,-0.7451715605479768,-0.5146010764856858,0.2607083585034953,0.06348463382677073,-0.0787767236001256
-1.8864403718005855,-1.9845875984723904,-0.91297070040255,-0.8918296644891526,-0.5146010764856858,0.2607083585034953,0.06348463382677073,-0.0787767236001256
-1.5733778758137806,-1.5443278723541647,-0.5633642730548655,-0.549435095069322,-0.5146010764856858,0.2607083585034953,0.06348463382677073,-0.0787767236001256
-1.718541261865186,-1.7494362659963407,-0.6406646311731714,-0.6252039607659102,-0.5146010764856858,0.2607083585034953,0.06348463382677073,-0.0787767236001256
-0.3532079980166644,-0.45411077667230265,-0.49106895677748796,-0.3232140207442283,-0.5146010764856858,1.1963271364800894,1.0776277194045394,0.6988046461272325
-0.804603531206328,-0.7555632549323693,1.0386053307905494,0.972249028516364,-0.5146010764856858,-0.47690325892213664,-0.3224018933933692,-0.521821758990316
-0.3571780358812406,-0.4568263955326854,1.023828679216587,0.9716663521890047,-0.5146010764856858,-0.12225844250720573,-0.22811774048415603,-0.4031483029581935
-0.1984766551620573,-0.3508836866750478,0.005229855902405682,-0.002745590265555595,-0.5146010764856858,0.3205834580232626,0.09091905354157294,-0.17394552985339107
-1.5369712022238915,-1.4931617450415668,-1.5986228139506757,-1.5341270299539367,-0.5146010764856858,0.7622670906145306,0.5177062227299745,0.18846887127388884
-0.38131150137761277,-0.4729309652836749,0.8937573666182325,0.8651763630810015,-0.5146010764856858,0.40375947777241267,0.19784259773877455,-0.10984321208319692
-0.4101702749583103,-0.4920365543465302,1.154415835063567,1.116897424369702,-0.5146010764856858,0.010421913203090499,-0.10751327551383864,-0.3288796662277286
-0.6321890928837451,-0.6402057547307637,-0.5683180154856263,-0.6313453666565311,-0.5146010764856858,-0.9339700311392448,-0.953447300763593,-0.7911465853036335
-0.5577555655139222,-0.5902817653984501,0.4795911503978663,0.40039673421165806,-0.5146010764856858,-0.9339700311392448,-0.953447300763593,-0.7911465853036335
-0.2368964735581029,-0.3762191867970467,1.1777272961774523,1.2145912808379982,-0.5146010764856858,0.680428274919211,0.39930535200219186,0.09537929645992647
-0.3732066023832621,-0.46730801565722646,0.1123229906791769,0.18069568370007427,-0.5146010764856858,0.8161780661246284,0.5635928802717013,0.2392137402222713
-0.4527907104624369,-0.520832380829194,1.0819587022653907,1.041768866182097,-0.5146010764856858,-0.12116713975391763,-0.1974365721042361,-0.4416871993936958
-1.2737356605433685,-1.1230487015647508,-0.7291011904759188,-0.7385454325676933,-0.5146010764856858,-0.028091390424701698,-0.1974365721042361,-0.3842386796610493
-0.2804386818346292,-0.40557846324550567,1.1153555933079191,1.0348983499587414,-0.5146010764856858,-0.018438539485671642,-0.22811774048415603,-0.3842386796610493
-0.9124001379715303,-0.827717377686099,-0.4184700836028434,-0.3755183312695505,-0.5146010764856858,0.5607390289067569,0.3255791950483469,0.02521917801322094
-0.7011541294437146,-0.6863828463088809,-0.37751315587753925,-0.3548086548030217,-0.5146010764856858,0.3054207442072121,0.14493201698902475,-0.14155696542136542
-0.9671326969305787,-0.8632697847511277,-0.7895707206889785,-0.7254771472447492,-0.5146010764856858,0.7818457642623821,0.4944546904593177,0.17551385605654635
-1.8379858062041639,-1.917179415189721,-0.820795218840075,-0.8211726297013563,-0.5146010764856858,-0.23246208348266773,-0.25916635673801813,-0.42229578938575985
-1.7766037274281195,-1.831340854618363,-1.436292822891912,-1.4178638577662184,-0.5146010764856858,0.0018859548220162047,-0.1671142560288904,-0.365561082139835
-0.5293690488375105,-0.571998508141792,-0.6528309377551461,-0.6569824174976718,-0.5146010764856858,-0.2402570584743984,-0.15508393991585423,-0.3898869425425568
-0.41856011465728543,-0.4974007697361866,-0.09490071886834388,-0.11192900734656105,-0.5146010764856858,-0.2402570584743984,-0.15508393991585423,-0.3898869425425568
-1.548970142912186,-1.5099774571914992,-0.8903294460612683,-0.838352929662858,-0.5146010764856858,0.5111715580608038,0.2752372546258925,-0.03333439084239501
-1.331279461996093,-1.2042829806536564,-1.4201302845073942,-1.378638467866813,-0.5146010764856858,0.6481218632045775,0.39930535200219186,0.09537929645992647
-0.0632577204214899,-0.2617738104659415,0.5752138671433054,0.6207446028243774,-0.5146010764856858,0.4572268550606733,0.2752372546258925,0.010790585623647524
-1.732765231656456,-1.7684717040473839,-0.8307478545869782,-0.7981534194277712,-0.5146010764856858,0.4621521579759658,0.223898379574634,-0.0787767236001256
-1.01009418651278,-0.8928117070836926,-0.03413634864330131,-0.023164921246481302,-0.5146010764856858,0.22386170818438825,0.03575679229395902,-0.2238583653839335
-1.2370177584280981,-1.070972109649922,-1.2159812575352986,-1.2257093871906948,-0.5146010764856858,-0.41451178860921195,-0.48758695619504183,-0.5425323519389827
-1.6769659787737856,-1.6898619796138736,-1.71839673928918,-1.718444429540104,-0.5146010764856858,-0.06470657764002986,-0.22811774048415603,-0.3842386796610493
-0.34531168288609687,-0.44873137554939024,0.9944746727814135,0.9816985254887114,-0.5146010764856858,0.35279584454239166,0.09091905354157294,-0.17394552985339107
-1.1420737600947275,-0.9809641215401267,0.03669186939337667,0.07056168062533814,-0.5146010764856858,0.6471688855722315,0.4473165105808271,0.2013145601651859
-0.8666956225829879,-0.7973610341223599,-0.5797307253727225,-0.5081897938786285,-0.5146010764856858,0.9829958935608409,0.802404389311249,0.4487017034996297
-1.1256781130834708,-0.9698019577107232,-1.1589378037830387,-1.1199733741489675,-0.5146010764856858,0.47100694810393406,0.09091905354157294,0.0020673233549641594
-0.5577555655139222,-0.5902817653984501,-0.1721918374290886,-0.1554193461138979,-0.5146010764856858,0.47100694810393406,0.09091905354157294,0.0020673233549641594
-1.0174245495779106,-0.8974268052333028,-0.48704735076681493,-0.4680256786932837,-0.5146010764856858,0.5607390289067569,0.2752372546258925,-0.01848349158368503
-1.351166956636671,-1.2306839067861821,0.15091761055226446,0.13886087201003133,-0.5146010764856858,0.24640751279790787,0.007729184504206895,-0.24086642053867213
-0.974174650159328,-0.869015142459445,-0.8373935634949823,-0.8196911415135373,-0.5146010764856858,0.9631986243525134,0.7605885074503572,0.43778979225570736
-1.4902728005827208,-1.4269818693457195,-0.6049325531457694,-0.602004533218755,-0.5146010764856858,0.3155337190070728,0.14493201698902475,-0.14155696542136542
-1.2280311451548258,-1.0572009780735225,-0.9611871916899631,-0.9350219938657698,-0.5146010764856858,0.5043342727505977,0.24969489559996105,-0.06347805110681766
-1.1503664192118244,-0.9866578340117296,-0.4927711629033326,-0.4320167129855132,-0.5146010764856858,0.5858431168720912,0.37496218281690186,0.05367243821493292
-1.1338446468825167,-0.9753461591558725,-0.972813916557875,-0.9311592926764938,-0.5146010764856858,0.36482851731246596,0.09091905354157294,-0.19040196148332533
-1.3817062852989552,-1.2736644258329386,-0.4898570480294097,-0.45310729955183554,-0.5146010764856858,0.5704075906953864,0.3503882692524591,0.02521917801322094
-1.2925763897504268,-1.1474960131533878,-0.5389427907944105,-0.5187329587723812,-0.5146010764856858,-0.5048544582160489,-0.42024476816578316,-0.521821758990316
-1.3817062852989552,-1.2736644258329386,-1.2440211418732403,-1.1942463428317087,-0.5146010764856858,0.24129132384972055,-0.049251756909367644,-0.29306142306346894
-1.6110622342888459,-1.597658842845642,-1.5006650645711388,-1.6086013816414038,-0.5146010764856858,-0.8390696124002414,-0.521925583639496,-0.606410469826595
-0.6168839309353916,-0.6302302370525047,-0.07128470775708882,-0.14903974417328322,-0.5146010764856858,-0.7909798192042597,-0.873052379139058,-0.7813574512450718
-0.7345421249551002,-0.708537019618788,0.18581248470727618,0.09985020312046251,-0.5146010764856858,-0.7909798192042597,-0.873052379139058,-0.7813574512450718
-0.6219614534881779,-0.6335292950626835,0.514580685983185,0.6311310153995533,-0.5146010764856858,0.9006554963918948,1.222702122144414,1.1017210021141315
-1.6634576997916184,-1.671091010336722,-0.540600741625695,-0.48777038551543433,-0.5146010764856858,0.7097247270077497,0.5177062227299745,0.2516399733104074
-0.995581884320983,-0.8822353369105194,-0.6660647177145974,-1.0347088954250578,-0.5146010764856858,-2.865118665530587,-3.076301376631773,-1.8961715941604007
-1.9723977568606839,-2.1060692008042357,-0.35102440168911,-0.35336453783655225,-0.5146010764856858,0.34274909633785666,0.06348463382677073,-0.20703824838611481
-0.9124001379715303,-0.827717377686099,-0.1772076671568931,-0.11313506615785121,-0.5146010764856858,0.7538555139894899,0.4709927342227765,0.1225622527407669
-0.7985873024779575,-0.7511644935170898,-0.8102263711451484,-0.7933849150900981,-0.5146010764856858,0.2341209035556099,0.06348463382677073,-0.20703824838611481
-0.974174650159328,-0.869015142459445,-0.10409553162700343,-0.08196715028271852,-0.5146010764856858,1.2992100843003007,1.187187478136243,0.7883719553510057
-1.1175732140891201,-0.9643296053927469,-0.34702972189588405,-0.31698093510481545,-0.5146010764856858,0.6252061264321768,0.42342206982076086,0.2392137402222713
-1.718541261865186,-1.7494362659963407,-0.43385358399358354,-0.43306114084653974,-0.5146010764856858,0.5131235564478999,0.11806619656814742,-0.0787767236001256
-1.331279461996093,-1.2042829806536564,-1.4266390452103739,-1.3397596774617249,-0.5146010764856858,0.8438634303230176,0.6529992735665455,0.2761922007445583
-0.49265114672223986,-0.5469879395652348,-0.31099124178431387,-0.3625036624768525,-0.5146010764856858,-0.7885246239870308,-0.9821850444121326,-0.6890743427281396
-0.10646618154949565,-0.2901728977911627,0.38892657543616693,0.3267707974267952,-0.5146010764856858,-0.7885246239870308,-0.9821850444121326,-0.6890743427281396
-1.2831147072283935,-1.136455455452246,-0.44823295035361194,-0.46245613682945313,-0.5146010764856858,0.7388707535864454,0.4944546904593177,0.1624476376320799
-1.1671463546577816,-0.9982808781541457,-0.41375468728539816,-0.3852174876967157,-0.5146010764856858,0.7660015718372134,0.4709927342227765,0.1624476376320799
-0.9601366199441974,-0.8590114904059901,-0.8863662874761967,-0.8685385100001014,-0.5146010764856858,0.8869674954169071,0.6529992735665455,0.3122936185166551
-0.1848397224625893,-0.3408289907698715,1.054537687491502,0.9854431403926776,-0.5146010764856858,-0.3516621039822216,-0.3224018933933692,-0.46132882804278685
-1.3612505426412496,-1.244530303896596,-0.9431332696199507,-0.8756234058497232,-0.5146010764856858,0.637630299469977,0.37496218281690186,0.05367243821493292
-1.2015138961728535,-1.0204580506894319,-0.6940811027549579,-0.6972757385257976,-0.5146010764856858,-0.12007604676569662,-0.22811774048415603,-0.4031483029581935
-0.7345421249551002,-0.708537019618788,0.5906394817807585,0.6054496329626364,-0.5146010764856858,0.40375947777241267,0.09091905354157294,-0.19040196148332533
-1.3612505426412496,-1.244530303896596,-0.9040427630153123,-0.8449689587155153,-0.5146010764856858,1.0348601253031893,0.802404389311249,0.43778979225570736
-1.4789087366609583,-1.411024909979175,-0.7179951426215098,-0.6826388085548177,-0.5146010764856858,0.6318994446129389,0.39930535200219186,0.06770207762095169
-0.905750618154534,-0.8225040117469677,0.8841857258679932,0.8865443499377438,-0.5146010764856858,0.46412108316176437,0.19784259773877455,-0.0787767236001256
0.8679544376941389,0.6470779992648046,1.1844725886224354,1.1539622075432758,-0.4690855548432598,-1.0074767186660623,-0.7392222101128876,-0.721796224580578
-0.8445526933735067,-0.7817859222596519,-0.7216066904691255,-0.642638879205215,-0.5146010764856858,0.1650275709007317,0.23166432188767544,0.10631079837701117
-0.0015395771710045546,-0.21934738843802615,-0.16659207249720273,-0.09879678467803334,-0.5146010764856858,0.1650275709007317,0.23166432188767544,0.10631079837701117
-0.1984766551620573,-0.3508836866750478,1.4359583116654802,1.3873514894835473,-0.5146010764856858,-0.10808784536421927,-0.1671142560288904,-0.365561082139835
-0.7110259769939753,-0.6930032303806408,-0.46879855969008,-0.47798079444052305,-0.5146010764856858,-0.2124668763951439,-0.2969222930178789,-0.33979157747165073
-1.6369404508096461,-1.6341065746375156,-1.0422464093126644,-1.0082198651870902,-0.5146010764856858,0.5636413270119462,0.3255791950483469,0.03951228866179092
-1.1095290265185531,-0.9589272637685405,-0.2641474651554101,-0.24088892847709212,-0.5146010764856858,0.9622971058476827,0.7394248922067705,0.40457672703358727
-1.1503664192118244,-0.9866578340117296,-1.0288756351751214,-0.9606590447069102,-0.5146010764856858,0.9124917900860261,0.7180870888709185,0.34755863430792
-1.0548462459459282,-0.9229305413453168,-1.60510341627895,-1.6055866605681297,-0.5146010764856858,-0.3732952289163497,-0.3224018933933692,-0.48122721727274126
-1.3411771727913266,-1.217277152898687,0.7135940378709422,0.6913919239226552,-0.5146010764856858,-0.03668550448683386,-0.1671142560288904,-0.365561082139835
-0.6425150764740113,-0.6469894713397079,1.1113329257941105,1.0882828216632645,-0.5146010764856858,0.11395880609539927,-0.049251756909367644,-0.29306142306346894
-1.5133681857475965,-1.4596542682559832,-0.1684192367751558,-0.0953750196712574,-0.5146010764856858,0.797645854907844,0.5635928802717013,0.22668523246079825
-0.8352008721323173,-0.7759452029014573,-0.07809971390073228,-0.138950967996589,-0.5146010764856858,-0.3550723842011945,-0.521925583639496,-0.5635286172353096
-0.567386966569586,-0.5970624561339786,0.8516490343571187,0.8651763630810015,-0.5146010764856858,0.8124764610024278,0.6529992735665455,0.30035469378496804
-0.6168839309353916,-0.9131852485972493,-0.6578846470761476,-0.6569824174976718,-0.5146010764856858,-0.2581144424624201,-0.18830258096390973,-0.3917743638631534
-0.6529413138995602,-0.7794399313508793,-0.4844244695928628,-0.4944767922185324,-0.5146010764856858,-0.2581144424624201,-0.18830258096390973,-0.3917743638631534
-0.9124001379715303,-0.827717377686099,-0.38437491565882287,-0.4004746083221491,-0.5146010764856858,0.0729812956303504,-0.020604742003956535,-0.27546348024390227
-0.6321890928837451,-0.6402057547307637,0.40398186196544317,0.3715589385761076,-0.5146010764856858,-0.020582199350175367,-0.274831228991354,-0.4031483029581935
-1.650117229860392,-1.6521940194886369,-0.6336525442888211,-0.5993530159071236,-0.5146010764856858,0.30238333509857657,0.06348463382677073,-0.17394552985339107
-1.3920821536421888,-1.2890216556014111,-0.7673057959726105,-0.7370813796982584,-0.5146010764856858,0.34073761110995215,0.11806619656814742,-0.15766510621348245
-0.6373396735930972,-0.6435839909678599,-1.2221854792393183,-1.1313948136017768,-0.5146010764856858,0.6936776569852627,0.42342206982076086,0.10903145164825394
-0.995581884320983,-0.8822353369105194,-0.7638078112606642,-0.7533556664393808,-0.5146010764856858,-0.21024952822095458,-0.38721848115444313,-0.48122721727274126
-0.6477155419363306,-0.65042263884763,0.4281890943618448,0.5001860627971528,-0.5146010764856858,0.5597712663515634,0.3255791950483469,0.010790585623647524
-1.4025592515673713,-1.30495853855283,-0.5053484212198684,-0.44272391838740116,-0.5146010764856858,0.935184757279756,0.7180870888709185,0.3820251278939261
-1.2280311451548258,-1.0572009780735225,0.16743314852633448,0.1801783248464561,-0.5146010764856858,0.8447839543262898,0.5862351942408215,0.2392137402222713
-1.1756356796520533,-1.0022274234917277,-0.5542014889564424,-0.4631499278763498,-0.5146010764856858,1.247144297654382,1.114664470293514,0.6988046461272325
-1.718541261865186,-1.7494362659963407,0.09487327436754259,0.08236862643721335,-0.5146010764856858,0.5471753157535869,0.223898379574634,-0.06347805110681766
-1.1756356796520533,-1.0022274234917277,-0.4943383581449821,-0.4841854969885972,-0.5146010764856858,0.512147641160749,0.3577849318169582,-0.12879206797612514
-0.23334640745135352,-0.373974219906817,0.001514480927607495,-0.0006843572085414318,-0.5146010764856858,0.512147641160749,0.3577849318169582,-0.12879206797612514
-0.9124001379715303,-0.827717377686099,0.7966084712542587,0.8092278911244343,-0.5146010764856858,0.8355719898674362,0.5862351942408215,0.2516399733104074
-0.5968105610854686,-0.616489859846607,0.7486921348968543,0.7897138461502974,-0.5146010764856858,0.8364938593381994,0.5862351942408215,0.26396558802259107
-1.01009418651278,-0.8928117070836926,-0.2801854054809452,-0.21308482642663462,-0.5146010764856858,1.087136817888595,0.9239514205418156,0.5537230043434246
-1.1338446468825167,-0.9753461591558725,-0.7158632265171272,-0.6863036695073206,-0.5146010764856858,0.469040410320973,0.223898379574634,-0.06347805110681766
0.601059289474753,0.18342624071010732,-0.8510870096112303,-1.0105872474259903,-0.5146010764856858,-1.9518030159292514,-1.368785191081611,-0.9679833312106836
0.5110202042545046,0.12309001548390756,1.293914508042227,1.308555548008956,-0.5146010764856858,0.3748362971504245,0.11806619656814742,-0.15766510621348245
-0.668772962088146,-0.6644414292151719,-0.7408940869971643,-0.6609096766981878,-0.5146010764856858,1.4210892954204726,1.2923043822113724,0.8729606661872846
-0.021720729830202932,-0.23195361644128362,-0.4751005457545676,-0.533916894775985,-0.5146010764856858,0.13798708506543175,-0.1371424948145019,-0.3288796662277286
0.5746642521295011,0.1650900485910241,0.6580149704726599,0.5404793838252787,-0.5146010764856858,-2.018478127185396,-1.326011065458097,-1.0588882548439382
-1.7045032316500557,-1.728999506482236,-0.772477013869532,-0.7327073768137288,-0.5146010764856858,0.472972804834835,0.24969489559996105,-0.048331606735046585
-1.3714297090846181,-1.2588461588402091,-0.436205810445305,-0.3977580685317326,-0.5146010764856858,0.472972804834835,-0.10162785080633092,-0.19537378441185718
-0.5482097780445688,-0.5843445529714025,0.04627045170375784,0.07255874832061648,-0.5146010764856858,0.472972804834835,-0.10162785080633092,-0.19537378441185718
-0.5819979949411181,-0.6070531033961433,1.569178747388966,1.4816017786684281,-0.5146010764856858,-0.6538998653968284,-0.8533372387279687,-0.7667907841037107
-1.101544647587099,-0.9535931640754275,-0.7460795342337261,-0.6958948542385054,-0.5146010764856858,0.3768357375563513,0.14493201698902475,-0.14155696542136542
-0.4527907104624369,-0.520832380829194,1.5073046800619505,1.124759888244064,-0.5146010764856858,0.8171030903674877,0.5177062227299745,0.2013145601651859
-0.9325993670679277,-0.8410395322990509,1.0861797652420042,0.732267630446392,-0.5146010764856858,0.9261184540367293,0.6965722063047625,0.3591343942758567
-0.17808564976327423,-0.3367091797754225,1.4214653183266215,1.4366503205968755,-0.5146010764856858,0.16813935421506865,0.007729184504206895,-0.24086642053867213
-0.036371625817031225,-0.24166156760755464,1.5296082865055305,1.484636701275811,-0.5146010764856858,0.034891533859240084,-0.07821885681676052,-0.3108651944412615
-0.16470361966178748,-0.32858821261847526,1.482226964961937,1.4816708994838805,-0.5146010764856858,0.49357330032644825,0.24969489559996105,-0.03333439084239501
-1.548970142912186,-1.5099774571914992,-0.5540959860058524,-0.5874247921704695,-0.5146010764856858,0.48573430546248914,0.2752372546258925,-0.03333439084239501
-0.7516336372227229,-0.7195579299672056,1.2446427339262678,1.1930653974281349,-0.5146010764856858,0.4077373414626995,0.14493201698902475,-0.14155696542136542
-0.4059998075059663,-0.48908561796683986,-0.32351239779107,-0.27225111566396965,-0.5146010764856858,0.8291147081479127,0.5177062227299745,0.18846887127388884
-1.0548462459459282,-0.9229305413453168,-0.6469261791228005,-0.6066080494451861,-0.5146010764856858,0.5819881685040765,0.31558870688452934,0.1466186724666123
-0.34531168288609687,-0.44873137554939024,-0.27428097043031846,-0.2440793693212927,-0.5146010764856858,0.5819881685040765,0.31558870688452934,0.1466186724666123
-0.4615216042394866,-0.5265777385375114,0.1930751249047809,0.2186423716676711,-0.5146010764856858,0.5819881685040765,0.31558870688452934,0.1466186724666123
0.12748268077046654,-0.132637425520701,0.762145604076478,0.75904076727597,-0.5146010764856858,0.5819881685040765,0.13421907418203172,0.07744645081499363
0.26516734048777624,-0.04196394520316528,-0.45032872938572804,-0.34888118633870036,-0.5146010764856858,0.9874856598739554,0.8435564989172806,0.48097581211747026
-0.20536061475596926,-0.35557333613834763,0.007057244555388509,0.05041711092810767,-0.5146010764856858,0.8309603954520111,0.5177062227299745,0.2013145601651859
-0.26208107208656006,-0.393213605513164,0.25029007497722755,0.28856675537262966,-0.5146010764856858,0.8309603954520111,0.5177062227299745,0.2013145601651859
-0.17472447637990215,-0.3367091797754225,-0.22199337154310836,-0.21141764109319408,-0.5146010764856858,0.04337804077167121,-0.10751327551383864,-0.3288796662277286
-0.3732066023832621,-0.46730801565722646,-0.5133236854407325,-0.4965532037440789,-0.5146010764856858,0.04337804077167121,-0.10751327551383864,-0.3288796662277286
-0.5200712070388572,-0.5656056265881823,-0.6184672321239784,-0.6688304477067664,-0.5146010764856858,-0.4421567032518444,-0.2127317696855841,-0.3019372796984812
-0.7459061888768628,-0.716523589168786,0.04046973461087527,0.024585058055427707,-0.5146010764856858,0.19400475599837233,-0.07821885681676052,-0.29306142306346894
-0.804603531206328,-0.7555632549323693,-0.08678929585892968,-0.045837266310228976,-0.5146010764856858,0.5082423013068471,0.2752372546258925,-0.03333439084239501
-1.2015138961728535,-1.0204580506894319,-0.7023773522198324,-1.0831854865164612,-0.5146010764856858,-2.706339780136781,-3.475941402793599,-2.1140004281701628
1.233356667758824,1.288160052699613,1.941348344277494,2.1060959016753995,-0.13134719135163558,0.8842259299186777,0.7409119819588409,0.8230286315524226
-1.4057224173869276,-1.3090385439877952,-0.3850767282127342,-0.6917683573633132,-0.5146010764856858,-2.8087766520694513,-3.978602063621876,-2.2894166032859213
-1.3612505426412496,-1.244530303896596,0.003703671331386081,-0.5273694061909054,-0.5146010764856858,-2.8087766520694513,-3.978602063621876,-2.2894166032859213
-0.5200712070388572,-0.5656056265881823,-0.41400108189711793,-0.4541834711904066,-0.5146010764856858,-0.1113548447371286,-0.5357894052889275,-0.46132882804278685
-0.5625604684707503,-0.5940353659133782,-0.11315809304585428,-0.1554193461138979,-0.5146010764856858,-0.1113548447371286,-0.5357894052889275,-0.46132882804278685
-1.4676636703590538,-1.3951460281647843,-1.2159838866064194,-1.4842840207159425,-0.4486365523662279,-2.5184908755562057,-2.68195763110714,-1.7327499100402715
-0.7690015740417382,-0.7319181473154015,-0.3235047627095418,-0.4821451447588592,0.34293773706726643,-2.035269997381753,-1.461472467765247,-1.1094842844166788
-0.9190910880857603,-0.8316700799705208,0.32422872965395666,0.13211659533194117,-0.5146010764856858,-2.151103385246716,-2.1258149138175275,-1.5283487942971565
-0.5918503027548709,-0.6133207847292484,0.9496647207872454,0.869232509058513,-0.5146010764856858,-0.5694332122315833,-0.6313610034598667,-0.6217091423199029
0.9570470848398243,0.8187367056691035,1.914732999293436,1.898312873964207,1.2004765506202186,0.2942756225918507,0.25226048558693337,0.18717832003080415
-0.5707784686598895,-0.6093925956818504,-0.23526247660897137,-0.20245494271600728,0.7387248817840136,0.827268420522674,0.3005304159325704,-0.01848349158368503
0.20891050831027375,0.3114365044297572,0.23392028828575506,0.25679626403319084,5.013226044724883,0.2658070844851669,0.3005304159325704,0.08160359067699043
1.4102427083062494,0.7220698416218584,2.2051009684081815,2.187381985779511,2.9617293446097435,0.2658070844851669,0.3005304159325704,0.08160359067699043
-0.5434685163946473,-0.5814069600640785,-0.4461807508980248,-0.4541834711904066,-0.5146010764856858,0.10452867909341204,-0.319203215047734,-0.5177132407065564
-0.49265114672223986,-0.5469879395652348,0.2732866596530972,0.2481730225213517,-0.5146010764856858,0.10452867909341204,-0.319203215047734,-0.5177132407065564
-0.8352008721323173,-0.7759452029014573,-1.2110723183488146,-1.2143929445771686,-0.5146010764856858,0.038075460980430166,-0.10751327551383864,-0.34710988531808445
1.322365941109978,1.7903877686374,1.2064649907023353,1.2432766035302916,-0.14909164833976973,0.9706216912670372,0.5558492245111201,0.5445622639570472
0.02942674713082628,-0.12511893710408983,1.0560482094965766,1.078220749884135,-0.13860328900477592,-0.23357499619160682,-0.22503323271963613,-0.47722667594239015
-0.14039141396963842,-0.31280030736395176,-0.04623385395213189,-0.17359563268635517,-0.5146010764856858,-1.838449996728069,-1.0541131869285405,-0.7702014422036202
-0.23221054849826253,-0.37307956432329015,-0.14309833064992197,-0.13209775163920162,-0.5146010764856858,0.43333770050877835,0.07449326382993063,0.04235487604255026
-0.303227641252376,-0.4208105923531697,-0.23196270029820107,-0.2513845248831417,-0.5146010764856858,-0.2896805321382203,-0.221952390443519,-0.44601602085346115
-0.2868501109889941,-0.409944378640676,0.13806980980426362,0.1763059988472588,-0.5146010764856858,0.959591690948394,0.7605885074503572,0.14377846438142453
-0.16282761040305502,-0.32858821261847526,0.3561279012375614,0.3895354639666625,-0.5146010764856858,0.959591690948394,0.7605885074503572,0.14377846438142453
-0.24982781531736747,-0.3848605958016524,0.701246131912938,0.6785129070081409,-0.5146010764856858,0.6333709160517785,0.4473165105808271,0.0642207688313949
0.15440609671150496,-0.11529809266686958,-0.10938073123099847,-0.07096654416734008,-0.5146010764856858,0.23821939561361813,0.17152228567767072,-0.037249398902286256
-0.3256519858419285,-0.4355752561202193,-0.3416462543632919,-0.430121708609822,-0.5146010764856858,-1.198156695172554,-0.8143511135281458,-0.5759577096594815
-0.7338585998604101,-0.708537019618788,-1.1942873712917559,-1.2647992965321688,-0.5146010764856858,-1.3033400703667304,-1.0618324416034204,-0.8334673597094144
-1.2102804266460292,-1.0330642786926894,-0.6769759664081547,-0.7578600983996453,-0.5146010764856858,-1.3033400703667304,-1.0618324416034204,-0.8334673597094144
-0.8426758026784793,-0.7806112976428172,-0.7123691762080498,-0.7363504919155752,-0.5146010764856858,-0.4792272758445628,-0.43023525632960075,-0.5034201300579864
-0.8705378235306451,-0.7998090251952699,-0.46174538585442665,-0.49034222785456094,-0.5146010764856858,-0.4792272758445628,-0.43023525632960075,-0.5034201300579864
-1.1945518360071188,-1.016338239694983,0.05642498398557686,0.016596970277962406,-0.5146010764856858,-0.4792272758445628,-0.43023525632960075,-0.5034201300579864
1.0659534804597928,1.115636692077614,1.9253301834475898,1.8467131826323957,1.398370122978592,-0.4792272758445628,-0.43023525632960075,-0.5034201300579864
-0.12345460042652207,-0.3013350616205662,0.02683107518149448,0.07625923557527575,-0.5146010764856858,0.5335791146336963,0.3503882692524591,0.5727729396684302
-1.1211530531077716,-0.9661458545473969,-0.737631448540751,-0.718890202031711,-0.5146010764856858,-0.19414433902073674,-0.1490896517650393,-0.17432039855461373
-0.2547427040151868,-0.3885526610913835,0.9847097595978166,0.9839171278836756,-0.5146010764856858,0.8124301756599892,0.608681468399628,0.0654799922110791
-0.26736545229419817,-0.39697976004211927,0.2666367373645451,0.31249607916306005,-0.5146010764856858,0.7030754173545746,0.4944546904593177,0.12479677156306634
-0.1727882134455917,-0.3326291743404573,0.5622531088896991,0.5558330409031774,-0.5146010764856858,0.16804602553171874,0.11806619656814742,-0.2627910911747273
-0.2002507345073867,-0.35215752558210994,0.5658989016275644,0.6014092184442174,-0.5146010764856858,0.5483294925615223,0.37496218281690186,0.12074260194957293
-0.11692216489178972,-0.2975814611056381,0.20831526052600313,0.24961757467284315,-0.5146010764856858,0.5726290323891035,0.39930535200219186,0.02616667115069969
-0.3563185368492778,-0.4562818728557247,0.062118112789385484,0.1082767789915165,-0.5146010764856858,0.7019145266049847,0.4944546904593177,0.2756928355713792
-0.14030576157246985,-0.31280030736395176,0.9753831928163209,0.9532937991728179,-0.5146010764856858,0.45131084488083784,0.3005304159325704,-0.3380112374943296
-0.6429283198368326,-0.6478451500062965,-0.32960982605321193,-0.30317454733001065,-0.5146010764856858,0.196068905567934,0.11806619656814742,-0.2698818096219161
-1.0174245495779106,-0.8974268052333028,-0.7088606182135128,-0.6313453666565311,-0.5146010764856858,0.9496607899992968,0.5014520724947267,0.09125965903329145
-0.3611628049033604,-0.45955959133650215,-0.18465948805456017,-0.11798004195274989,-0.5146010764856858,0.9496607899992968,0.5014520724947267,0.09125965903329145
-1.0939766711876542,-0.9483256037449347,-0.3803974098683645,-0.4121842564853391,-0.5146010764856858,-0.3221918515662888,-0.24670225354620556,-0.5566540717063653
-0.4172058746811213,-0.4968013696675262,0.6154527536554357,0.5973455124772072,-0.5146010764856858,0.4536779888908483,-0.06949469220629002,-0.4832314375754997
-0.28436803379373643,-0.40799839695968176,-0.12842809655570456,-0.1339602129689297,-0.5146010764856858,0.31666525104112714,0.19784259773877455,-0.32471561220956785
-0.7488934689943899,-0.718544058465824,-0.12199141396767123,-0.10473566734577579,-0.5146010764856858,0.12128253373122347,0.09091905354157294,-0.22330539798058216
-0.2912885642434428,-0.41288026956852153,0.432157577504262,0.34998999896968824,-0.5146010764856858,-0.6893199151144083,-0.521925583639496,-0.6804774277422313
-0.4073576638862935,-0.4902635190861514,0.026613319473347677,0.05613674638853206,-0.5146010764856858,0.1784996623543314,0.11806619656814742,-0.3371455337646759
-1.0430827150023636,-0.914793925885484,-0.35196180379782577,-0.31056285318696075,-0.5146010764856858,0.4126660242042393,0.2752372546258925,0.21343105847169694
-0.8819927412445121,-0.8072393156213485,-0.5807477462451066,-0.6675041233206858,-0.5146010764856858,-1.4283402950353072,-0.8929185948959117,-0.5506466502654118
-1.1741488633109243,-1.0022274234917277,-0.5941706633881285,-0.6102637596426341,-0.5146010764856858,-0.7798049929250088,-0.3096307913592838,-0.5095293226061459
-1.4825475729665611,-1.4162771826337013,-0.3965964249005056,-0.3941522233129607,-0.5146010764856858,0.4290014029340392,0.28285114694210095,-0.06926122468625895
-1.2925763897504268,-1.1474960131533878,-0.8569116501215691,-0.8685385100001014,-0.5146010764856858,-0.34938972154445086,-0.274831228991354,-0.4752303410988256
-1.2191191104446806,-1.0460584509377202,-0.5473985189062572,-0.5595945516597762,-0.5146010764856858,-0.34938972154445086,-0.274831228991354,-0.4752303410988256
-1.1841926493831627,-1.0082172725380356,-0.40428764602666384,-0.4254063652542823,-0.5146010764856858,-0.34938972154445086,-0.274831228991354,-0.4752303410988256
-0.5771055308101773,-0.6031825238000583,-0.1642273499868258,-0.18821322191071196,-0.5146010764856858,-0.34938972154445086,-0.274831228991354,-0.4752303410988256
-0.4059998075059663,-0.48908561796683986,0.7209995569863167,0.6784147326185597,-0.5146010764856858,-0.34938972154445086,-0.274831228991354,-0.4752303410988256
-0.3138772020712969,-0.4278739373020783,1.1966098632746867,1.158846231174277,-0.5146010764856858,0.0950828599065003,0.06348463382677073,-0.288914642598704
-0.772093553872956,-0.7340138204874526,-0.7759261288512128,-0.7183203222890757,-0.5146010764856858,0.6889492841556368,0.4944546904593177,0.12460844477131545
-1.310040739226627,-1.1734461254526944,-0.5660203758365889,-0.5306355488826867,-0.5146010764856858,-0.18260551111489837,-0.1371424948145019,-0.2822339560875484
-1.1508792386205735,-0.9866578340117296,-0.22617320875260855,-0.21489540445292446,-0.5146010764856858,0.12477367095464441,0.09091905354157294,-0.2610187943591328
-1.4488320209448589,-1.3688365139337886,-0.6165799422488754,-0.5969511696202255,-0.5146010764856858,0.2494750142255669,0.06624117685122868,0.07883342594515556
-1.2462073455522271,-1.0828013783218107,-0.7700931567457944,-0.7870766743079437,-0.5146010764856858,-0.398447545514178,-0.2905913290163864,-0.48868825422394324
-1.3026122435804552,-1.161715446752257,-0.6766221519561577,-0.671490606347436,-0.5146010764856858,0.16729934081913247,0.11806619656814742,-0.08315743881826099
-0.314363264671926,-0.42838301183928473,0.5875023876860024,0.6069724196750561,-0.5146010764856858,0.4097252284568313,0.2752372546258925,0.21165338946471848
-1.1760213194539677,-1.0042146143470765,0.26247301528333955,0.2688347288225613,-0.5146010764856858,-0.7195641253310294,-0.5323164932220197,-0.45670203726003195
-1.3480032726441882,-1.2272921031896902,-1.3308690690864957,-1.334620350665327,-0.5146010764856858,-0.37440187193391755,-0.2842757875977705,-0.5183329166063158
-0.9416696653167681,-0.8464883469632504,-0.8227000193626918,-0.8375091938311363,-0.5146010764856858,0.2724591316740415,-0.3224018933933692,-0.5529942838427687
1.461176098676017,1.4898164540241021,-1.232639080778844,-1.1746595514595124,-0.4420400999542821,0.4778844701527432,0.3255791950483469,-0.04781926748630704
-0.17472447637990215,0.5424154360952047,-0.42891022764304554,-0.3799105025076654,-0.5146010764856858,0.3768357375563513,0.3895954961939416,-0.011112023909065464
-0.29535411631751435,-0.41534253472250726,-0.0725304968381473,-0.032254163930215775,-0.5146010764856858,0.3768357375563513,0.3895954961939416,-0.011112023909065464
-0.27995760731930114,-0.40509613620566615,1.1957972176106935,1.2079892090703321,-0.5146010764856858,0.718201904603127,0.5177062227299745,0.07286044576670044
-0.5664865937429815,-0.5963036468058597,1.039522163453974,1.0090029124980082,-0.5146010764856858,-0.18260551111489837,-0.1371424948145019,-0.32848648069449665
-0.9178112793569918,-0.8303483972719385,-0.022395363783473683,-0.05134464747271332,-0.5146010764856858,-0.24137150065992222,-0.1974365721042361,-0.5514371823282097
1.2401070766643614,1.713397518011434,1.886943852655797,1.8986607354088427,5.554135142504437,0.44341322794949267,0.5453355620697135,0.7415583615830378
-0.6634697709686493,-0.689207454014228,-0.36634252998009753,-0.3799105025076654,-0.2969181468914748,0.9767042487434688,0.5613177344738577,0.28711281027848545
1.0446029955263227,1.7558537945607289,1.74593773991829,1.7493114510535404,2.1239798882926286,0.8355719898674362,0.4425552081034078,0.10494864607131377
-0.20045170763162087,-0.35215752558210994,0.5857796049264481,0.6126860846781556,-0.5146010764856858,0.6108366699685418,0.23166432188767544,0.0006085737464021654
-0.5108531760253703,-0.559308085685565,-0.7377348547590975,-0.7112354264394538,-0.5146010764856858,0.33973160113767065,0.16622600504047658,-0.33069289467326785
-0.41435700158413014,-0.4950082575147616,-0.2521025914984975,-0.2368491397523128,-0.5146010764856858,0.33973160113767065,0.16622600504047658,-0.33069289467326785
-0.7402091250152608,-0.7125114233333077,0.3427401436746646,0.34275654372307324,-0.5146010764856858,0.33973160113767065,0.16622600504047658,-0.33069289467326785
-0.17558358948849462,-0.7931179366120442,-0.12592091839010294,-0.11901390319618287,-0.5146010764856858,0.34777469317232135,0.04132613594009594,-0.22555064471335987
-0.7216204087898784,-0.6997290629907,0.039787212452479535,0.04561504056551828,-0.5146010764856858,0.40375947777241267,0.06348463382677073,-0.012583464429674349
-0.5369947659505756,-0.5770385354773881,-0.16256066185264123,-0.29453449127766945,-0.5146010764856858,-2.006296982481412,-1.496473383748303,-1.0914342100738128
-0.8434666060414767,-0.7817859222596519,-0.03526568986503535,0.023840008273286976,-0.5146010764856858,1.12318322747363,0.9040852047849619,0.5115368579342857
-0.15333583244724772,-0.32062048043643626,-0.3046125346232446,-0.18493114852428771,-0.5146010764856858,0.8291147081479127,1.1836091083890394,1.0557207470726266
0.10196116798940674,-0.15071933735237805,0.2916581857401003,0.34682270515521424,-0.5146010764856858,0.8860537873660423,0.4282186085992627,0.2254266915870889
-0.4726385214518906,-0.5337076854372766,0.2914383931728703,0.2237506636095332,-0.5146010764856858,-0.4676166944725595,-0.5115761548443438,-0.6416075315498571
-0.24786994647028404,-0.3839426013586668,0.2198932973786365,0.27093798608617314,-0.5146010764856858,0.8750778034362662,0.6042077339499458,0.6895510911863895
-0.4107885896676989,-0.49262922430693457,0.9320158594811049,0.889286861181974,-0.5146010764856858,0.4285755147340245,-0.20966550265723088,-0.21374400857014705
0.051401463602782235,-0.183640724831567,-0.5509677580479835,-0.4874623940141764,-0.5146010764856858,0.3848264638503859,0.42342206982076086,0.8099638790779579
-0.5062736636726348,-0.5565390444356532,-0.9050589352345227,-0.8685385100001014,-0.5146010764856858,0.2218076422116447,0.42582144849295855,0.06070342115418983
-0.29535411631751435,-0.41534253472250726,-0.5326377583543772,-0.4944767922185324,-0.5146010764856858,0.2218076422116447,0.42582144849295855,0.06070342115418983
-0.5529720653138054,-0.5873027246307432,-0.13514847331537125,-0.10592947153158858,-0.5146010764856858,0.2218076422116447,0.42582144849295855,0.06070342115418983
-0.33357501940494577,-0.44078862205935065,0.2851629073387113,0.30376368120652725,-0.5146010764856858,0.2218076422116447,0.42582144849295855,0.06070342115418983
-0.16941748977253326,-0.3326291743404573,-0.20270267285148338,-0.19292856526625146,-0.5146010764856858,0.26988277035672237,0.06072515674851322,-0.33069289467326785
-0.20240627343808634,-0.35343521877312895,-0.6910857610738647,-0.6849440910661241,-0.5146010764856858,0.0391363732821353,-0.07821885681676052,-0.410778419686153
-0.2926567533767429,-0.41386345342936265,-0.35877796941884493,-0.3633638714954271,-0.5146010764856858,0.20122599800382124,-0.11932435958833075,-0.4261543595127959
-0.2876968716283791,-0.41043227849561154,0.3446437625186116,0.3487373265774227,-0.5146010764856858,0.7566607580563364,0.11806619656814742,-0.048331606735046585
-0.30411140510018114,-0.4213112175184679,-0.5277486621454288,-0.491373597757992,-0.5146010764856858,0.7753270400981525,0.26505048918066554,-0.15281474066496684
-0.31333278175781565,-0.4273654757385749,-0.07097704055703447,-0.023536879829169254,-0.5146010764856858,0.7078391892877866,0.3479180180219649,0.06070342115418983
-0.4361298169843906,-0.5095709860564436,-0.025124027795801012,-0.04891609723626418,-0.5146010764856858,0.0018859548220162047,-0.11932435958833075,-0.39555624183343197
-0.1837507127869076,-0.3408289907698715,-0.3666464519984156,-0.3834440497720894,-0.5146010764856858,0.03701435035882625,-0.2779755938040447,-0.365561082139835
-0.260255639472261,-0.39180991243957436,-0.6715690333832628,-0.6635400573741356,-0.5146010764856858,-0.15619331338703982,-0.0753075387452271,-0.3898869425425568
0.03607753357812743,-0.19521068905719283,-0.731556153821111,-0.8375091938311363,-0.5146010764856858,-1.8487962771021502,-1.3544485915774658,-1.067695637755899
-1.1503664192118244,-0.9866578340117296,-0.726717859885884,-0.7400125323755782,-0.5146010764856858,0.718201904603127,0.3920263716371669,-0.14316013049850276
-0.47032406351774136,-0.5324023450548199,-0.4243821617493041,-0.43486880535845457,-0.5146010764856858,0.718201904603127,0.3920263716371669,-0.14316013049850276
0.18786762728803802,-0.09170104483228679,-0.1627274207573149,-0.1358276079768171,-0.5146010764856858,0.6338103725063394,0.2471267641663251,0.13864203360218902
-0.26830341574451994,-0.39745289989830673,0.055488878385722744,0.014082015048041125,-0.5146010764856858,-0.5083580554389365,-0.416923142509274,-0.5635286172353096
0.09117191536300638,-0.15871220583475884,0.24519626397845623,0.2712879196765056,-0.5146010764856858,0.5170255406219934,0.3330468770342987,0.5476219737310243
-0.03760449681337775,-0.24494778868631434,-0.35611837685439846,-0.2714951464727565,-0.5146010764856858,0.9838941309634174,0.8496733601196664,0.27862578255791975
-0.21280662469079412,-0.36031565249539604,-0.5029414006340771,-0.4600825951822269,-0.5146010764856858,0.7463680784389373,0.3503882692524591,-0.10984321208319692
-1.2331520820656872,-1.0640304090446595,-0.4419542437844265,-0.5584584656713387,-0.5146010764856858,-1.6482263203761711,-1.3976984476786816,-1.0914342100738128
0.031252645280670975,-0.19815339976358104,0.3206008955611754,0.32935300252374905,-0.5146010764856858,0.7688008212999158,0.1609188824701556,-0.10514262646406972
0.38619376888056284,0.03942330518879684,0.5777733749393831,0.5447647538809682,-0.5146010764856858,-0.29737443373971373,-0.24670225354620556,-0.2563378647363866
-0.30868034020973584,-0.4243274966104697,-0.44465411230963126,-0.3968548766038889,-0.5146010764856858,0.7482408634291118,0.4210204684723096,-0.06195660660230708
-0.47007293426220775,-0.5324023450548199,-0.4658055239371485,-0.47706995218771986,-0.5146010764856858,0.45426962068603455,-0.15208506338683808,-0.47722667594239015
-0.7011541294437146,-0.6863828463088809,-0.15680163154500576,-0.2226074189470175,-0.5146010764856858,-0.4838781661119126,-1.0918042028178088,-0.7862441491819676
-0.995581884320983,-0.8822353369105194,0.3933612098358034,0.313715957610737,-0.5146010764856858,-0.4838781661119126,-1.0918042028178088,-0.7862441491819676
-0.5819979949411181,-0.6070531033961433,1.2219401626661937,1.1255933984839412,-0.5146010764856858,-0.4838781661119126,-1.0918042028178088,-0.7862441491819676
-0.13415102141671065,-0.30894386706831395,-0.4144968666628797,-0.3986624191410068,-0.5146010764856858,0.40276457613920114,0.07174548564980136,-0.21542507456103405
-1.1646125885921208,-0.9963213513085989,-0.9358472169182261,-1.0807998964115388,-0.5146010764856858,-2.0813200978601683,-1.8233126770338317,-1.3695632471643797
-0.5877795565528184,-0.6109594890472555,0.44966642014745756,0.44743842156419233,-0.5146010764856858,0.472972804834835,0.06072515674851322,-0.31265707822680305
-0.9198497466702941,-0.8329959123861097,-0.44621486500822016,-0.34551630547135986,-0.5146010764856858,0.5500845553767182,0.8353781688851395,0.6642818126561408
0.0006117781260466372,-0.21934738843802615,0.3115143197581714,0.2985660890315045,-0.5146010764856858,0.6756888480314256,-0.08989693273534739,-0.3108651944412615
-0.7184257039929407,-0.6977964404984782,-0.8928315540771709,-0.8545788220864452,-0.5146010764856858,0.30845652888804076,0.2109032221887354,0.4487017034996297
0.9279824923117604,0.40104597440824324,1.3473255966800408,1.357575846185199,-0.5146010764856858,0.7059530250392525,0.4473165105808271,0.31941228355610857
0.13381615207737024,-0.13011635965959936,-0.5447066133960103,-0.5155213759818105,-0.5146010764856858,0.17124943259827066,0.1794464746394034,-0.28423702095885994
-0.35211873840642544,-0.4535697422901941,-0.5771098168500891,-0.5653026087841173,-0.5146010764856858,0.47100694810393406,-0.0035672537184198248,-0.2859978136364431
-0.9103890845387879,-0.8264079897300889,-0.13820999345786814,-0.25432791622925666,-0.5146010764856858,-1.673989199336798,-1.321301657314306,-0.965228208105537
-0.41435700158413014,-0.4950082575147616,-0.2340257939824989,-0.18821322191071196,-0.5146010764856858,0.7491770242713021,0.14225792859283143,-0.048331606735046585
-0.2088192136208508,-0.3577223345548179,0.2701243399753406,0.3104141192405991,-0.5146010764856858,0.7491770242713021,0.14225792859283143,-0.048331606735046585
0.5011122452933029,0.116133066082851,1.1339432996476804,1.127153578840265,-0.5146010764856858,0.34174344282229674,0.17416637409682525,-0.11141330515694277
-0.7782783112897294,-0.7382366284524527,-0.48762312946353054,-0.4620599911583096,-0.5146010764856858,0.7379328913366894,0.1556008734869354,-0.11455835813533756
0.201041105290901,-0.08487161386114987,0.5121479770691705,0.4770543088837096,-0.5146010764856858,0.13902948911826482,-0.2779755938040447,-0.3637058654567604
-0.5641118629069796,-0.5947901065566007,-0.09195927954826115,-0.10652713261295715,-0.5146010764856858,-0.14522439933858688,-0.1671142560288904,-0.4633070025902418
-0.4659291796567311,-0.5291565390861519,-0.41311604684447645,-0.4561443659269606,-0.5146010764856858,-0.6695026548587321,-0.5778313288240264,-0.5074901995952003
0.485354157183815,0.10619667169896095,0.1184490462395808,0.13805833842254717,-0.5146010764856858,0.7697335977794975,0.23166432188767544,-0.18874828929457235
-1.0086345077926815,-0.8912844819923538,-1.0114282089452105,-1.0280479841045032,-0.5146010764856858,-0.44331150159856453,-0.416923142509274,-0.3804847810876971
-0.263318579478056,-0.3941519998492677,0.006670069538867814,-0.01892784641249033,-0.5146010764856858,-0.028091390424701698,-0.26542095197979504,-0.521821758990316
-0.40992029567774857,-0.4920365543465302,-0.31874010833796074,-0.2821532078566781,-0.5146010764856858,0.2535624392473548,0.31308505775681983,0.6671103147398021
-1.5324713620534696,-1.486868375540909,-0.7921558514725693,-0.8191980031910492,-0.5146010764856858,-0.3267157898441883,-0.48758695619504183,-0.4088673019209441
-1.0397207280233725,1.0735225431618267,-0.6104137957203558,-0.6066080494451861,-0.5146010764856858,-0.08852523696000254,-0.1671142560288904,-0.2391570378772415
-0.39770714838886934,-1.201095967205441,-0.20069343520327143,-0.20864773103336123,-0.5146010764856858,-0.08852523696000254,-0.1671142560288904,-0.2391570378772415
-0.43553902991098475,-1.0925093294880819,0.13629112882904396,0.12181276458256955,-0.5146010764856858,-0.08852523696000254,-0.1671142560288904,-0.2391570378772415
-1.0248052935404872,-1.597050227879654,0.465761300516094,0.44152784816424584,-0.5146010764856858,-0.020582199350175367,-0.1371424948145019,-0.34710988531808445
-0.5340692202208727,-0.5748711537605597,0.3271031468129358,0.29502323958129106,-0.5146010764856858,-0.09178099343224967,-0.28743163518193215,-0.2187927863330038
-1.0693414066421394,-0.9329060590235759,-0.7521645756878378,-0.8459923431728904,-0.5146010764856858,-1.7987186345598005,-1.219801814823827,-1.0241596359925185
-0.3334858704471791,-0.44078862205935065,0.20213313159999657,0.27998027645907514,-0.5146010764856858,1.2058360892544535,0.9000936282146881,0.26150843639939786
-1.2769965409777546,-1.1256962166789217,-1.2343964330188228,-1.1803963648557494,-0.5146010764856858,0.5906581237378974,0.29044274378769985,0.28711281027848545
0.20450606187245804,-0.08261946304286864,0.6193687453082213,0.6629296228362079,-0.5146010764856858,1.1091435572990116,0.613147496153937,0.12390874119657772
-0.4419378548869797,-0.5132915147714198,-0.2979524616941496,-0.28368902807908164,-0.5146010764856858,0.3898149616261767,0.07998009861925176,0.030952537333706186
-0.5391979629285043,-0.5784896615702665,0.8108144059798497,0.7824663294162498,-0.5146010764856858,0.5626740591807323,-0.006399071007359449,-0.0008515751425740344
-0.2393918108959888,-0.3780237932933581,0.5394535434776392,0.521357059400947,-0.5146010764856858,-0.07660341419279235,-0.08697247842608101,-0.3452770071917118
-0.5608939133773618,-0.5925299194794347,-0.1187401760912406,-0.045288887283548594,-0.5146010764856858,0.7360567018455613,0.7815807555080889,0.6250894379067864
0.18300938595965577,-0.09631614298189699,0.7324514619330088,0.7651094654209045,-0.5146010764856858,0.7557258307292206,0.37740681144712823,0.3300282474675073
-0.07849051510546652,-0.5763148381666329,0.3083869158659002,0.30379708995055626,-0.5146010764856858,0.4295659031608138,0.010545619838516042,0.363740162086305
0.9030511973471184,-0.18650363259385122,0.4489973192932227,0.4415553264313467,-0.5146010764856858,0.4295659031608138,0.010545619838516042,0.363740162086305
-0.30235436254759307,-0.42031055999460015,-0.06748818281037522,-0.0591279890380949,-0.5146010764856858,0.2993442998227721,0.06624117685122868,-0.04983948709612999
0.07967215742352082,-0.1641260912398733,0.7294858586684526,0.7212670243310135,-0.5146010764856858,0.3588153692355971,0.06624117685122868,-0.167412450726255
-0.3627209293321596,-0.460657842352096,-0.8621856297414873,-0.8027938390657003,-0.5146010764856858,0.23719504999074642,0.06899479205461068,-0.167412450726255
-0.07705093138513115,-0.2686965438253742,0.35723453226564456,0.41854208955235844,-0.5146010764856858,0.8594920726863503,0.7836706616835445,0.3358941703336624
-0.1808512059094505,-0.3408289907698715,0.5403576548964664,0.5399060277926558,-0.5146010764856858,0.8878810564157028,0.473348507642717,0.11174725094141306
-0.03412542836144594,-0.24166156760755464,0.7130198333863431,0.7469403705925465,-0.5146010764856858,0.5140993039799524,0.5839798409274153,0.6960344813953978
-0.3929388268793051,-0.48035455688322204,0.2837008301732856,0.29806105650608355,-0.5146010764856858,0.5665421419564741,0.3280708131836769,0.15323408965866353
-0.6108744180558138,-0.6261423321613931,-0.2228414274670786,-0.20170176375690924,-0.5146010764856858,0.46805688588747557,0.18208249771374216,0.036664383060194296
-0.23808492527874386,-0.3771205260452721,-0.31346920487826163,-0.25432791622925666,-0.5146010764856858,0.9749053543364807,0.5704063624332788,0.0746687035112596
-0.2322989502909928,-0.3735266551829162,-0.08190081633579761,-0.05745288044018521,-0.5146010764856858,0.4275849534796551,0.24455608624597253,0.019464142424480815
-0.2804386818346292,-0.40557846324550567,-0.3384015280400416,-0.3371737086578845,-0.5146010764856858,0.37383631278181056,-0.19134367042728798,0.03381113930064512
-0.2878705040164031,-0.41043227849561154,0.028070212678873194,0.024585058055427707,-0.5146010764856858,0.37383631278181056,-0.19134367042728798,0.03381113930064512
0.05139976984215832,-0.183640724831567,0.7711244604380518,0.7493416108488048,-0.5146010764856858,0.37383631278181056,-0.19134367042728798,0.03381113930064512
-0.04644765893644223,-0.2482597843112699,0.8306427719638884,0.8016848334953125,-0.5146010764856858,0.09403235351806206,-0.14310919128082936,-0.2789668306971861
-0.4922404878611373,-0.5469879395652348,-0.661194353748662,-0.6139385266257186,-0.5146010764856858,0.26478770560952897,0.3577849318169582,-0.13038183846009435
-0.5629099743054795,-0.5940353659133782,-0.5826871411997021,-0.6035760395957581,-0.5146010764856858,-0.42486286052497513,-0.3741248751895719,-0.5342142705844478
-1.1261115737372522,-0.9698019577107232,-0.4083682149418097,-0.4165331889044237,-0.5146010764856858,-0.20138878690371004,-0.08697247842608101,0.815100684065313
-0.3183666539505014,-0.43093763110935873,-0.17042306751171551,-0.17359563268635517,-0.5146010764856858,0.13485872386542383,-0.08697247842608101,-0.10357898472406989
-0.35549911450520116,-0.45573805143160045,0.004936009582028082,0.010393992314520036,-0.5146010764856858,0.3155337190070728,-0.017757373820691234,-0.06957908171921799
-0.18719393246591742,-0.344989391688653,0.6714472287907994,0.6749107871123334,-0.5146010764856858,0.5043342727505977,0.3700659991703946,0.44543633556877593
-0.520542615728895,-0.5656056265881823,0.3393123905200187,0.3552891618649703,-0.5146010764856858,0.7454314541890156,0.24455608624597253,-0.18215150713893996
-0.49332610264306753,-0.5476630432701298,-0.928502479614677,-0.9769120113936148,-0.5146010764856858,-0.5942856727224245,-0.7531676611112474,-0.5977369130257617
-0.3061565749658818,-0.42281666395241146,0.6816378662042175,0.6691247519494099,-0.5146010764856858,0.12859682443972825,0.007729184504206895,-0.24429095539144954
-0.8925738391037881,-0.8135326851220063,-0.9396321594680941,-0.942811478682843,-0.5146010764856858,-0.013082928885785623,-0.06949469220629002,-0.4832314375754997
-0.6794585628815325,-0.6716293010999349,-0.5318021973762052,-0.5372135860683133,-0.5146010764856858,-0.013082928885785623,-0.06949469220629002,-0.4832314375754997
-0.19347413189128676,-0.34919119031125395,0.2343291101903736,0.300045433922331,-0.5146010764856858,0.5607390289067569,0.2752372546258925,0.4123915118547061
-0.20155755025077324,-0.35300889134926433,-0.44177208657391137,-0.41514231465529045,-0.5146010764856858,0.5810240222166203,0.184715843262913,0.18459393044559885
-0.4313075413147516,-0.5064953914155951,-0.7344286458431705,-0.728360346369229,-0.5146010764856858,-0.09178099343224967,-0.11341209141538491,-0.05588598998205632
0.007101026597706257,-0.21318264716413213,-0.3800824987232514,-0.3914598920839314,-0.5146010764856858,-0.13318302488946562,-0.1974365721042361,-0.4732366209709319
-0.7960329391767201,-0.7500719255661484,-0.3291563931098651,-0.3616445018546605,-0.5146010764856858,-0.28725304397865314,-0.44361607813842974,-0.3730046426937711
-0.877607358701893,-0.8047479970236503,-0.17862473309433421,-0.2211989445458984,-0.5146010764856858,-0.9440524694094254,-0.4604398131684673,-0.632731674914845
-0.3372860940222975,-0.4434196416451902,0.20077792161549043,0.22202699851065044,-0.5146010764856858,0.7229059831467631,0.2701488752294079,-0.14316013049850276
-0.22355796334696326,-0.367310053021334,0.08949661314257884,0.1248336375388982,-0.5146010764856858,0.9152197410814601,0.39688129528490695,-0.04983948709612999
-0.5251227290876715,-0.5691452724389106,-0.06708944047860893,-0.16705017058926097,-0.5146010764856858,-1.659662055805267,-1.1308555792281423,-0.8744030729773874
0.09873737215978709,-0.15336685246654913,-0.23297131930597367,-0.20314034987087687,-0.5146010764856858,0.5267687823785782,0.26505048918066554,-0.18874828929457235
-0.6794585628815325,-0.5058829514569442,-0.8207922858908773,-0.7902237384777347,-0.5146010764856858,0.03276792318960078,0.15027193333675898,0.09263411068427067
0.404939294333414,-0.11773197420279932,-0.44672453476685764,-0.42352902405619863,-0.5146010764856858,0.03276792318960078,0.15027193333675898,0.09263411068427067
0.6628034363659305,-0.1402922081340964,-0.12760448264721058,-0.11072500841468723,-0.5146010764856858,0.03276792318960078,0.15027193333675898,0.09263411068427067
-0.988398619950598,-0.8777824596831416,-0.16248687248156987,-0.16185721006564113,-0.5146010764856858,0.4285755147340245,0.09091905354157294,0.029521220726095403
-0.24045831436669302,-0.37892899680712266,0.3697242606758208,0.36147289628203766,-0.5146010764856858,0.4285755147340245,0.09091905354157294,0.029521220726095403
-1.427270011276822,-1.3383191120076137,-0.6942677641717382,-0.6975522402760568,-0.5146010764856858,0.030643517755464787,0.9632329064335282,1.3349532893619085
-0.35350066807016,-0.45411077667230265,-0.29694021463663517,-0.2852282016234099,-0.5146010764856858,0.43550460771687094,0.05242905856434527,-0.09267823665616433
-0.2767419689955323,-0.40317231840225026,0.8609633332264212,0.848868488769585,-0.5146010764856858,0.43550460771687094,0.05242905856434527,-0.09267823665616433
-0.8724640913463289,-0.801038363115818,-0.10887729028967917,-0.5133884206382121,-0.5146010764856858,-1.2751891952593313,-0.8969101714661855,-0.7499706671058921
-0.519145835142467,-0.5649012439770356,0.25727606976845663,0.17108270014694935,-0.5146010764856858,-1.2751891952593313,-0.8969101714661855,-0.7499706671058921
-0.9216733749737245,-0.8329959123861097,-0.21875097996653195,-0.21072414255890756,-0.5146010764856858,-0.22356662817938575,0.032967627452304554,0.7180559157281428
-0.956635337700959,-0.8576015482698478,-0.37638337919018794,-0.4750500619712345,-0.5146010764856858,-1.8045872432538825,-1.1838563035269367,-0.9679833312106836
-0.5037167797073516,-0.5544741147587537,-0.366432809501672,-0.3685472860496335,-0.5146010764856858,-0.0034555448228540024,-0.09575575663052313,-0.4261543595127959
-0.3556152060765399,-0.45573805143160045,-0.27802752418506915,-0.2311178788886221,-0.5146010764856858,1.1038697155566202,0.44017127370990394,0.5496583688173952
-0.2350798514735106,-0.37531976733568073,0.08910614490126247,0.047539795899828166,-0.5146010764856858,0.2259150311417567,-0.44361607813842974,-0.23744957263927693
-0.9791316376188735,-0.8719174032134606,-0.7873977544836647,-0.7943360389626261,-0.5146010764856858,-0.45950339471947615,-0.3320216761200415,-0.5720088904221393
-1.1671463546577816,-0.9982808781541457,-0.8738517345926402,-0.8685385100001014,-0.5146010764856858,0.020009548265305765,-0.3224018933933692,-0.5034201300579864
-0.6848415015673848,-0.6752696450022838,-0.7224144923322444,-0.7254771472447492,-0.5146010764856858,0.020009548265305765,-0.3224018933933692,-0.5034201300579864
0.042706441169655204,-0.1893860825398844,0.7927387108890153,0.7783885670508789,-0.5146010764856858,0.1867743157929955,0.010545619838516042,-0.03931555806640793
0.02338787087275714,-0.20410106537471398,0.6582930349801068,0.6528213165274099,-0.5146010764856858,0.25764692314637005,0.07998009861925176,0.2013145601651859
-0.5177858758777636,-0.5641980343599554,-0.47761331081391745,-0.41144667734062607,-0.5146010764856858,0.8512234459456924,0.613147496153937,0.08574940831018488
-1.0525637923357862,-0.9212906275271152,-0.9254207046289026,-0.9350219938657698,-0.5146010764856858,-0.15948812508082524,-0.31600847838928997,-0.42808731862972965
-0.497347925807225,-0.5503743031617591,-0.9058673456039705,-0.9112202324695763,-0.5146010764856858,-0.4352328423563019,-0.38721848115444313,-0.36000220158575
-0.8167380560144054,-0.7633730969359115,-1.6471873759130171,-1.644760138305558,-0.5146010764856858,-0.4352328423563019,-0.38721848115444313,-0.36000220158575
-0.33789241382153684,-0.4439478184213287,-0.2225579611544172,-0.23397768485232887,-0.5146010764856858,0.21152614826921132,-0.1792006577344232,-0.11455835813533756
-0.6968127145500097,-0.683577006899609,0.7447085865490899,0.6734291743755413,-0.5146010764856858,-0.2883767520400725,-0.40037855240892956,-0.5934185977891143
-0.5418181362102347,-0.5799457915561229,0.3966075972776802,0.37910494515452364,-0.5146010764856858,0.0018859548220162047,-0.11341209141538491,-0.19869737765371087
-0.8454254130197659,-0.7829638233789635,-0.6856277596672021,-0.6440473536063341,-0.5146010764856858,0.7332412543610031,0.27777770408959596,0.12121457217461405
0.03868618047997035,-0.19228834329390013,-0.07771150915477652,-0.017872545012942005,-0.5146010764856858,0.7734631716677647,0.6375740692920804,0.04093424588807001
-0.4059998075059663,-0.48908561796683986,-0.32607886952080645,-0.2513845248831417,-0.5146010764856858,0.9206717132506063,0.5037803424942814,0.14396443447931034
-0.10018608166764849,-0.2865167946278364,0.031131741979742746,0.09537437092096834,-0.5146010764856858,0.9206717132506063,0.5037803424942814,0.14396443447931034
-0.20231567404225823,-0.35343521877312895,0.22580117859179266,0.2532160572353725,-0.5146010764856858,0.5364953290588595,0.34297044310386093,-0.17230962953469506
-0.4008172044323295,-0.48557150106429786,-0.07855055415875402,-0.06869620016549152,-0.5146010764856858,0.16917623635398968,0.07998009861925176,-0.25116322485215736
-0.37824088541393674,-0.47067279264309925,0.06362517279496484,0.022596506092935058,-0.5146010764856858,-0.161685729155405,-0.413605767174663,-0.6020675136708119
-0.6341810858032217,-0.641891494604066,0.0407568750086834,0.07865417728617653,-0.5146010764856858,0.6889492841556368,0.39445496991336804,0.11716435665862641
-0.49207556295299076,-0.5469879395652348,0.7657937900345696,0.8001995301647782,-0.5146010764856858,0.6908411059540988,0.5521971323836566,0.055081235261385815
-1.0457398666566162,-0.9164087549182754,-1.410365811614255,-1.4045447343702855,-0.5146010764856858,-0.20803304586021432,-0.26542095197979504,-0.316247186258979
-1.0063085161453842,-0.8897627604267908,-1.1924896728220997,-1.3127729867973579,-0.5146010764856858,-1.8725159721177356,-1.6254815140032026,-1.1618200493884077
-0.7594474863416448,-0.7256928167197205,-0.794692126448033,-0.7628484455163902,-0.5146010764856858,0.11500563159467453,-0.006399071007359449,0.45304465965541274
-0.6189190332263226,-0.631052588388289,-0.3046826000516835,-0.27832823263824014,-0.5146010764856858,0.502379249051662,0.21350746999211048,-0.22555064471335987
-0.44894116061731704,-0.5176739721076601,-0.6326822117540358,-0.6326053155232134,-0.5146010764856858,-0.09069553377625068,-0.12821811949497688,-0.4475531222598508
-0.6477155419363306,-0.65042263884763,-0.5884139527077253,-0.5372135860683133,-0.5146010764856858,0.5819881685040765,0.19784259773877455,-0.12879206797612514
-0.5434685163946473,0.18818434488150104,-0.24488942261234836,-0.20177020132827,-0.5146010764856858,0.5819881685040765,0.19784259773877455,-0.12879206797612514
-0.13198317679234664,-0.30512232716341253,0.513294411333247,0.59223826192499,-0.5146010764856858,0.8383371492565737,1.1746415156696455,1.0262482852566412
-0.6955809809213093,-0.6826458548630605,-0.5803883349361911,-0.520882171422652,-0.5146010764856858,0.7482408634291118,0.5107526330353446,-0.045320319699517414
-1.2039652050554006,-1.0246184516082135,-0.8737115316685262,-0.923496812850891,-0.5146010764856858,-0.07768618219869178,-0.7607370926790434,-0.559306131587289
-1.1418477539695349,-0.9809641215401267,-0.49626097761265237,-0.4211893564479915,-0.5146010764856858,0.8420219343608026,0.876014243313819,0.4979129003452262
-1.0178781817128015,-0.8974268052333028,-0.6899762380086248,-0.7238963998214507,-0.5146010764856858,-0.552925149588806,-0.4705867085882377,-0.4261543595127959
-1.2102804266460292,-1.0330642786926894,-1.5501141303109887,-1.559965463799803,-0.5146010764856858,-0.552925149588806,-0.4705867085882377,-0.4261543595127959
-0.06814590169288123,-0.2652209910577879,-0.23158953276238192,-0.22472542115095878,-0.5146010764856858,0.5964307458493718,0.013358998812665264,-0.12403269432284879
-0.41728387014460183,-0.4968013696675262,-0.6264818293660437,-0.5803635524628407,-0.5146010764856858,0.8041390133536124,0.3577849318169582,-0.08339646948301725
-0.6442084839973667,-0.64870256609269,-0.5703534773081567,-0.5262840461562559,-0.5146010764856858,0.6566914700127207,0.3479180180219649,-0.12403269432284879
-0.8792370878725331,-0.8047479970236503,-0.2243167350400734,-0.15018381995036603,-0.5146010764856858,0.5713735417321293,0.6683332424701965,0.9632095825976911
-0.706990961628339,-0.6901532041911188,-0.644859578426786,-0.6029711994014253,-0.5146010764856858,0.6185049065332012,0.3005304159325704,-0.15928533531806263
-0.5017135972907881,-0.5531030834327141,-0.28573432309229096,-0.28138655068133234,-0.5146010764856858,0.48475366950017534,-0.13118949915578795,-0.2702235263603127
-0.6956890081357814,-0.40317231840225026,0.022201990805862007,0.019603120689620463,-0.5146010764856858,0.48475366950017534,-0.13118949915578795,-0.2702235263603127
-0.4441302278853934,-0.5145390113285363,0.19366395120400276,0.18782036066216118,-0.5146010764856858,0.48475366950017534,-0.13118949915578795,-0.2702235263603127
-0.3267057146461213,-0.4366127929504549,0.9176098117909769,0.8563224107685542,-0.5146010764856858,-0.4629791033210215,-0.4402643925128919,-0.39745071015517464
-0.9962123009665451,-0.8837301252942745,0.1387822077786122,0.11135609023591608,-0.5146010764856858,-0.13427664039304396,-0.2811237769113134,-0.22555064471335987
-0.5044989513414244,-0.5551613033196336,-0.15527296963297615,-0.11798004195274989,-0.5146010764856858,0.6604960353386199,0.3676144354224541,0.12390874119657772
-0.35356545815036733,-0.45411077667230265,0.1323885431261866,0.18667735099662,-0.5146010764856858,0.11395880609539927,0.2752372546258925,0.815955135448983
-0.23105153964001068,-0.3726329463255815,-0.7665030973399481,-0.7429559237216927,-0.5146010764856858,0.472972804834835,0.06072515674851322,-0.31265707822680305
-0.46663276352028604,-0.5298037074541556,-0.24615177157502474,-0.3087284178388536,-0.5146010764856858,-0.6935910052604286,-0.7531676611112474,-0.6042374429050412
-0.81442906862658,-0.7622485229624291,-0.12885857256432393,-0.1519671922143743,-0.5146010764856858,-0.5482173647419378,-0.4036790346755175,-0.5383676295050869
-0.3393611487609307,-0.44500615801659194,-0.26628204655030135,-0.23040473648764193,-0.5146010764856858,0.803211873906265,0.3280708131836769,-0.11928815510501616
-1.0557195015647125,-0.9229305413453168,-0.5955473578750982,-0.6023668777156808,-0.5146010764856858,-0.5223941093750197,-0.5012678769681577,-0.5280054036484906
-0.4895631864947775,-0.5449690802100271,0.5200390287185961,0.4501581055056801,-0.5146010764856858,-0.570614198661253,-0.6676715195667702,-0.5446189939381654
-1.2552197877312283,-1.094971594642068,-1.1873070432668091,-1.1722151372093401,-0.5146010764856858,-0.114623725480358,-0.47737343620809136,-0.3917743638631534
-0.668772962088146,-0.6644414292151719,0.03216768212053245,0.009532360798023538,-0.5146010764856858,-0.114623725480358,-0.47737343620809136,-0.3917743638631534
-1.7631209207311356,-1.8120176080704198,-1.2660466593958917,-1.3363292998737903,-0.5146010764856858,-1.2832180668294844,-1.0533323406437751,-0.841059420834176
0.037752536744149696,-0.19228834329390013,-0.22923682431255038,-0.21141764109319408,-0.5146010764856858,0.6718944553408467,0.13690146290581703,-0.25979742327106603
-0.7424240155896885,-0.7135108966459818,-0.42647492534302467,-0.4142165874004591,-0.5146010764856858,-0.08310312244539378,0.027380279448568773,-0.3544635474458883
-0.9751481522966411,-0.869015142459445,0.44390965836372664,0.39307640671477845,-0.5146010764856858,-0.552925149588806,-0.4705867085882377,-0.4261543595127959
-0.40289872101895424,-0.4873249040436105,0.34558685869580924,0.2968475001946657,-0.5146010764856858,-0.31654199417367396,-0.3546076301619808,-0.4832314375754997
-1.2136261476340018,-1.0373513944743786,-1.5754054820201178,-1.7472705731586418,-0.5146010764856858,-2.435863343057873,-2.2507010122470157,-1.6356488457162728
-0.8324243329817459,-0.7736313490163816,-1.2959800085820545,-1.3061847032988474,-0.5146010764856858,-0.40532665512652993,-0.413605767174663,-0.3730046426937711
-0.7007957935431584,-0.6863828463088809,-0.3712331390475661,-0.35327968183846603,-0.5146010764856858,0.7585301508786819,-0.12821811949497688,-0.05588598998205632
-0.4740061488678461,-0.5350170733932869,0.726377075765415,0.6754631252223839,-0.5146010764856858,-0.41566097603165186,-0.4036790346755175,-0.36741856266323086
-0.9304701734193833,-0.839688243858047,-0.9407430425079684,-0.8791927360233833,-0.5146010764856858,0.5810240222166203,0.4473165105808271,0.25781525601911476
-0.879556782522186,-0.8059918190642318,-0.8083942429792237,-0.7503686229732917,-0.5146010764856858,0.5810240222166203,0.4473165105808271,0.25781525601911476
-1.351166956636671,-1.2306839067861821,-0.7711376877161964,-0.9769120113936148,-0.5146010764856858,-1.9217531243977963,-1.6897623723682993,-1.2063135539037118
-1.1841926493831627,-1.0082172725380356,-0.47082467049714327,-0.7839435971361691,-0.5146010764856858,-1.9217531243977963,-1.6897623723682993,-1.2063135539037118
-1.0624896520155527,-0.9278888442308304,-0.17924307997409056,-0.3968548766038889,-0.5146010764856858,-1.9217531243977963,-1.6897623723682993,-1.2063135539037118
-1.1671463546577816,-0.9982808781541457,0.06953594750789392,-0.1554193461138979,-0.5146010764856858,-1.9217531243977963,-1.6897623723682993,-1.2063135539037118
-1.2552197877312283,-1.094971594642068,0.9130305927773269,0.8089016049796373,-0.2507429800078543,-1.9714210990743415,-1.3544485915774658,-1.0501315378857436
-1.284398806260816,-1.136455455452246,-0.2015408548818516,-0.17987062509723695,-0.5146010764856858,0.11186457576220282,-0.12525014152885416,-0.2789668306971861
-0.573803925630988,-0.6016441713611261,0.3479844502225266,0.3969510100245155,-0.5146010764856858,0.5500845553767182,0.6109154439538514,0.41905811418948996
-0.575642127423177,-0.6024126470554149,-0.09038170519449074,-0.09466913723252139,-0.5146010764856858,0.34174344282229674,-0.049251756909367644,-0.3917743638631534
-0.5467412773840925,-0.5836082366950964,0.40411425102829246,0.38502458459833744,-0.5146010764856858,0.5655753683436854,0.4639125428301753,-0.08957802153149404
-1.726933882997603,-1.761232487714638,-0.7717901143169259,-0.7254771472447492,-0.5146010764856858,0.5491149744957634,0.3005304159325704,-0.09578477875486424
-0.9347351946683383,-0.8423951587521202,-0.9783210471171061,-0.9748597793670589,-0.5146010764856858,0.11186457576220282,-0.2004884011444165,-0.27371482399181846
-0.6362296551875511,-0.6427368948413253,-0.24394069979421956,-0.21141764109319408,-0.5146010764856858,0.4876950693002018,0.3005304159325704,0.0578949238629533
-1.264567462241867,-1.11005452931972,-0.3230813266891372,-0.31916029362628906,-0.5146010764856858,0.3908121353228532,-0.017757373820691234,-0.3730046426937711
-0.1918066439797132,-0.344989391688653,1.1457342494769944,1.0675382580355488,-0.5146010764856858,-0.748166472429678,-0.546236142608872,-0.6371631339399246
-1.3025503435678043,-1.161715446752257,-0.4147929180550302,-0.3820285047116067,-0.5146010764856858,0.5043342727505977,0.18997452350459582,-0.22047944035602696
-1.747180132912237,-1.7896835892392804,-1.1632546965056545,-1.1199733741489675,-0.5146010764856858,0.5043342727505977,0.18997452350459582,-0.22047944035602696
-1.0548462459459282,-0.9229305413453168,-0.6561803593068508,-0.5945574790240248,-0.5146010764856858,0.7874272900353336,0.42582144849295855,0.32059549784035435
-0.3691769765695354,-0.46452437157935517,-0.2878634523811543,-0.2296923147966393,-0.5146010764856858,0.7874272900353336,0.42582144849295855,0.32059549784035435
-0.6263281712937078,-0.6360206136603817,-0.8069966707817354,-0.7823822649292504,-0.5146010764856858,0.20328752381320242,0.10452815812691812,-0.3288796662277286
-0.4739855996119685,-0.5350170733932869,-1.1014768860946365,-1.0527853013158477,-0.5146010764856858,0.43847163169961645,0.2752372546258925,-0.1479797812796611
-0.4907525705254057,-0.5456409614615072,-0.7787138490422563,-0.7623934979670411,-0.5146010764856858,-0.09829811384242977,-0.012072002089875593,-0.24944224660209335
-0.9019535598447754,-0.8199212680536567,-1.701862459243564,-1.6717726846138334,-0.5146010764856858,-0.17709282615822816,-0.04062436635106531,-0.4184469754515015
-0.5716973540565314,-0.6001114027908805,0.5139726370927221,0.459862994276534,-0.5146010764856858,-0.6960054720147129,-0.4944183922170567,-0.4514763334522575
-0.1657457957449486,-0.32858821261847526,0.27605650265012627,0.2796346323220947,-0.5146010764856858,0.8392585698013684,0.09091905354157294,-0.2895255211250346
-1.5945697397310286,-0.951829999603784,-0.4893536854918863,-0.4179268128243728,0.1318512598850013,0.7864974167833991,0.6683332424701965,0.5302017319774933
-1.930130873145892,-2.047993491884148,-1.0070037898098476,-0.9683324993692899,-0.5146010764856858,0.31250171790921977,0.280315666573496,-0.1641563957948294
-0.2729851913716936,-0.40030292608782864,-0.706643943209913,-0.6822327754035815,-0.5146010764856858,0.6108366699685418,0.10724142731257412,-0.28423702095885994
-0.6450496639673999,-0.64870256609269,-0.2890765093468903,-0.25359091542689516,-0.5146010764856858,0.5597712663515634,0.28285114694210095,0.4355979918769682
-0.8666956225829879,-0.7973610341223599,-1.0753646839096624,-1.0258415935607492,-0.5146010764856858,0.7087820364378254,0.27777770408959596,0.13730852050767298
-0.17808564976327423,-0.3367091797754225,-0.5630588236091797,-0.5155213759818105,-0.5146010764856858,0.7087820364378254,0.27777770408959596,0.13730852050767298
-0.6184745829814555,-0.631052588388289,-0.5386675713359896,-0.6569824174976718,-0.5146010764856858,-1.0974783295259067,-1.451558388875673,-1.0298929953130038
-0.25083914764973814,-0.3857805902341115,1.0110590976452112,0.9573373866759766,-0.5146010764856858,-0.19475229598361637,-0.31600847838928997,-0.2684808757978731
-0.9979311339162157,-0.8852302237722467,-0.1635238120707935,-0.11579568116581467,-0.5146010764856858,0.38881761272547505,0.39445496991336804,0.5104931793880592
-0.15771981765515505,-0.32458555442751597,0.8035023308672206,0.8278986581892986,-0.5146010764856858,0.8823974836945445,0.4377851451749097,-0.027376633334720853
-0.7842442530151545,-0.7414316798422024,-0.36882936510793546,-0.3413326658730582,-0.5146010764856858,0.6737919687309848,0.20568686535795244,-0.21374400857014705
-0.9804771189569939,-0.8733760481092983,-0.978596824081105,-0.942811478682843,-0.5146010764856858,0.2881872295300697,0.16357380177054048,-0.29306142306346894
-0.40534057236495163,-0.48908561796683986,0.10796286625871751,0.108717504984771,-0.5146010764856858,0.44242525279187966,0.030175458663013462,-0.33432584413050714
-0.2713882390927274,-0.39935077849734874,0.013724778132983116,0.025081320802602516,-0.5146010764856858,0.4463761221031007,0.12076534149728542,-0.2859978136364431
-1.1209802246682592,-0.9661458545473969,-0.25511615690009,-0.25432791622925666,-0.5146010764856858,0.2535624392473548,-0.057907953499595544,0.2749739492989493
-0.26441090428155106,-0.3946219801732068,0.3141277094997584,0.2943463876778771,-0.5146010764856858,0.34375457171976664,-0.15508393991585423,-0.3711403373780167
-1.2191191104446806,-1.0460584509377202,-0.298826932638211,-0.31272242967454567,-0.5146010764856858,-0.08527134678564188,-0.3449038316703168,-0.5013891689827998
-0.49265114672223986,-0.003016794943499918,0.018211278966007226,-0.0006843572085414318,-0.5146010764856858,-0.08527134678564188,-0.3449038316703168,-0.5013891689827998
-1.5750161960786924,-1.546480522440501,-0.6678123124624022,-0.6173856787428748,-0.5146010764856858,0.732302461461527,0.28538415004566275,0.4443463211290453
-0.9731919499470653,-0.8675714580533719,-0.7546931392268738,-0.7503686229732917,-0.5146010764856858,0.21152614826921132,-0.12821811949497688,-0.35262179876381106
-0.7707075132865141,-0.7329646838547007,-0.5369963572494796,-0.5449663561538218,-0.5146010764856858,0.0729812956303504,-0.19438833134123815,-0.4832314375754997
-0.8504710369387737,-0.786517369825946,-0.7363091786374288,-0.7056183353392727,-0.5146010764856858,0.3306694792513537,0.15293777261562116,0.16506986928836295
-1.2269778228475943,-1.0572009780735225,-0.9349657325418761,-0.8954822177552002,-0.5146010764856858,0.469040410320973,0.22130455397531584,-0.22216796532122288
-1.2191191104446806,-1.0460584509377202,-0.645151007813422,-0.6114865547510545,-0.5146010764856858,0.469040410320973,0.22130455397531584,-0.22216796532122288
-0.6172146196303853,-0.6302302370525047,-0.5571938587022324,-0.5653026087841173,-0.5146010764856858,-0.2603505706196621,-0.1671142560288904,-0.4752303410988256
-0.2090409540569435,-0.3577223345548179,0.4027536480574319,0.43145392523790943,-0.5146010764856858,0.803211873906265,0.39930535200219186,-0.06957908171921799
-0.3127365952505335,-0.4268576256743935,0.10686448207725754,0.08451498488300488,-0.5146010764856858,-0.161685729155405,-0.170130578033204,-0.47922563236890553
-1.4976839293212507,-1.4374089985640013,-0.6733159465694359,-0.7024086598597328,-0.5146010764856858,0.39977882455616537,-0.2373933441900429,0.1158118864674424
-0.9525050399292762,-0.8547957088605757,-0.7460044747262207,-0.7746270579660288,-0.5146010764856858,-0.5883585433818338,-0.4910004240617811,-0.5177132407065564
-0.5727212896679649,-0.5579212953506,-0.35314262544633956,-0.3404989091782923,2.1899444124120864,0.23719504999074642,0.05242905856434527,-0.29483245886539006
-0.024634962335880237,-0.23516486596592354,0.18882199251338022,0.17819970720824907,0.8706539300229292,0.2402675324764442,0.05242905856434527,-0.29483245886539006
-0.9462797306621628,-0.850621599643412,-1.085216454692579,-1.0713374563073665,-0.5146010764856858,-0.22690079053882414,-0.24670225354620556,-0.41269193986276137
-1.0174245495779106,-0.8974268052333028,-0.7866672238381339,-0.7855083951221951,-0.5146010764856858,-0.22690079053882414,-0.24670225354620556,-0.41269193986276137
-0.9036666620127051,-0.8212106653225455,-0.8976221437590582,-0.8341443129637959,-0.5146010764856858,0.8503039657049614,0.48040301123433543,-0.0023131259990140525
-1.007038254880509,-0.8912844819923538,-0.8236205938808703,-0.7808243831830589,-0.5146010764856858,0.3938026058040366,0.280315666573496,-0.18874828929457235
-1.2500590401881861,-1.0876274568792423,-0.7791769111969655,-0.8954822177552002,-0.5146010764856858,-2.0108618490352175,-1.4714246046325268,-1.0765542763370124
-0.5357266300993664,-0.575592379004148,-0.061091467698961,-0.026359524311458268,-0.5146010764856858,1.008092968251326,0.3577849318169582,-0.06957908171921799
-1.0698020900266871,-0.9329060590235759,-0.6926934979052143,-0.8077883011187251,-0.5146010764856858,-1.8963351993210158,-1.4416820779972044,-1.1277509648194197
-1.0277173432420612,-0.9036597933400677,-0.8319846879880074,-0.7839435971361691,-0.5146010764856858,0.48475366950017534,0.32058876334329045,-0.04081452923632141
-0.3273065797104968,-0.4366127929504549,-0.4645668461162127,-0.4367766311595937,-0.5146010764856858,0.5626740591807323,0.18997452350459582,-0.2340403772611787
-1.5737108469184786,-1.5450442037854328,-0.591418002056197,-0.6512617271316342,-0.5146010764856858,-0.1682836507665967,-0.515021375909844,-0.4031483029581935
-1.2686393611310254,-1.11520431603978,-0.12744237722085355,-0.19692756940348435,-0.5146010764856858,-0.1682836507665967,-0.515021375909844,-0.4031483029581935
-1.3291396102875248,-1.201095967205441,-1.0041783104624231,-1.0573777683937104,-0.5146010764856858,-0.4202600536611933,-0.8415797198446532,-0.6393837107013914
-1.1095290265185531,-0.9589272637685405,-0.32055095596127453,-0.3207789882600149,-0.5146010764856858,-0.03453575583256852,-0.17617377067691029,-0.4242238518348419
-0.7573917958941442,-0.7236379354021708,-0.04259750886343344,-0.04858557857587691,-0.5146010764856858,-0.03453575583256852,-0.17617377067691029,-0.4242238518348419
-0.5387480955225354,-0.57776347518757,-0.5671989762137446,-0.5705951577751547,-0.5146010764856858,-0.1069992632813472,-0.22811774048415603,-0.4031483029581935
-1.2424460464106066,-1.0780298328925588,-0.5883443688629334,-0.6622236401787915,-0.5146010764856858,-1.2899174789770569,-0.9493677901338434,-0.7451988603767584
-1.4120768384085984,-1.3173187559010258,-0.5635194470683038,-0.5416332946100214,-0.5146010764856858,0.41866211498465333,0.1018120463328999,-0.1067078760621831
-1.0962241122298044,-0.9500741663985139,-0.5580698142399858,-0.5274780341598773,-0.5146010764856858,0.43154616177281435,0.16357380177054048,-0.12244953754983605
-0.9752203759522535,-0.869015142459445,-0.14950522423546223,-0.08881411019140728,-0.5146010764856858,0.8878810564157028,0.6287182845230923,0.04802417533342554
-0.2646395117992833,-0.39509248415221115,0.22262678431525565,0.24961757467284315,-0.5146010764856858,0.6718944553408467,0.34297044310386093,-0.12561749935932728
-0.16870604448371884,-0.3326291743404573,-0.16185255696219303,-0.13024019798664835,-0.5146010764856858,0.7078391892877866,0.3005304159325704,0.020904942437433818
-0.39047354944489726,-0.4792039368866633,0.2292188850891951,0.28445829574007137,-0.5146010764856858,0.9170376470229306,0.6529992735665455,0.07049255521275163
-0.7403722783875972,-0.7125114233333077,-0.1953568029105434,-0.20177020132827,-0.5146010764856858,0.2259150311417567,-0.10162785080633092,-0.4261543595127959
-0.5304760896077336,-0.5727148395730601,0.42558323798397824,0.4300588303767856,-0.5146010764856858,0.5829521510577627,0.13690146290581703,-0.18379802444392043
-0.3878779862016953,-0.4774838641317233,0.3215683337335908,0.3027606819338138,-0.5146010764856858,0.20843806518257865,-0.14310919128082936,-0.3692783125586306
-0.34138519215233526,-0.4460671567593613,-0.3211734958480963,-0.29688038762975905,-0.5146010764856858,0.17332187192532283,0.29549148631855376,-0.052859736301326975
-0.3219652412573516,-0.43299251242690834,0.04347792973053881,0.06322164223815388,-0.5146010764856858,0.17332187192532283,0.29549148631855376,-0.052859736301326975
-1.4025592515673713,-1.30495853855283,-0.5265712378468121,-0.4882840039011788,-0.5146010764856858,0.18160407110206322,0.06348463382677073,-0.15766510621348245
-0.2605683188110459,-0.39227729187574284,0.21361051042404566,0.28101619318222887,-0.5146010764856858,0.9451409941925829,0.7794891632443709,0.1637593181096575
-0.28244222144848613,-0.4070287586978879,0.015820393709758195,0.10274432865786001,-0.5146010764856858,0.8013571405933319,0.8044775829205376,0.9916341222194069
-1.0548462459459282,-0.9229305413453168,-0.8709018856096098,-0.77926993668055,-0.5146010764856858,0.8013571405933319,0.8044775829205376,0.9916341222194069
-0.5337440092494359,-0.5748711537605597,-0.18359281928405075,-0.17031530474178924,-0.5146010764856858,0.6232922992887152,0.09909308596804614,-0.2877606454490245
-0.7013832932900546,-0.6863828463088809,0.4791162062215419,0.5147008069440627,-0.5146010764856858,0.5752357029654882,0.4921180265154126,0.3288523454391274
-0.3754432269678091,-0.46898705276979696,-0.11257209798800065,-0.08474433524003125,-0.5146010764856858,0.42362097897936674,0.2701488752294079,0.318228148840588
-0.24339529912800206,-0.3807452459617726,0.4221032975133549,0.44771086261231713,-0.5146010764856858,0.5510539706730261,0.3676144354224541,0.07049255521275163
-0.5224068678709628,-0.567017926491486,0.3809562827558402,0.3322467219025756,-0.5146010764856858,-0.06254619274097388,-0.4604398131684673,-0.3434463333690896
-0.10764125801520207,-0.2901728977911627,0.641214774486441,0.7319582980599969,-0.5146010764856858,0.741683410966852,1.1109845144304198,1.3196914300126559
-0.6837627530896214,-0.6743566126952993,0.004748024145707804,0.24454863817114367,2.3218734606510023,0.4176698221312006,0.24969489559996105,-0.19040196148332533
-0.21838553910762373,-0.3642357378903413,0.5370682446487574,0.5722989288951457,-0.5146010764856858,0.48279188919596167,0.2394070707098012,0.5240055018477093
-0.4881484398350866,-0.5442982662842569,-0.2552518126141675,-0.1815312647421087,-0.5146010764856858,0.9973506633508189,0.35285616898214,0.14529213199046878
-0.3374730056059496,-0.4434196416451902,0.46134891425621666,0.5181600416617361,-0.5146010764856858,0.9973506633508189,0.35285616898214,0.14529213199046878
-0.9674447962269965,-0.8646988124346042,-0.19075208775963873,-0.20637072032194298,-0.5146010764856858,-0.25252797291030443,-0.21580166758160396,-0.32164827448033007
-0.37594118740711047,-0.46898705276979696,0.33022326087092374,0.3745568244542894,-0.5146010764856858,0.8447839543262898,0.6397832969249231,0.24046093824373438
-0.9778390726503793,-0.8704637794803821,-1.7325930590531835,-1.6998617073296383,-0.5146010764856858,-0.03883606759410309,-0.017757373820691234,-0.37487123409877454
-1.246225021537522,-1.0828013783218107,-0.6557504761195766,-0.6307162356881791,-0.5146010764856858,0.3588153692355971,0.12884595625818066,-0.05134886262886209
-1.5214793967176206,-1.47093149258949,-1.2544285133593853,-1.209516424436803,-0.5146010764856858,0.6175469432782514,0.1395810791343035,-0.011112023909065464
-0.43865958056813675,-0.5108075236236818,-0.7632262208109755,-0.7654320423406676,-0.5146010764856858,0.26682628033201006,-0.2127317696855841,-0.22555064471335987
-0.18614275653859416,-0.3408289907698715,0.9003560639115721,0.9485177745687018,-0.5146010764856858,1.1441778376431317,1.1311599350859953,0.8762483674654237
-0.23586102077778803,-0.37576923760426806,-0.3328264787977236,-0.2852282016234099,-0.5146010764856858,1.1056282072849761,0.6748772807877191,0.20897025995715457
-0.775858244662125,-0.7361199459380023,-0.1894350851082173,-0.2677274132745733,-0.5146010764856858,-0.9163687418310884,-0.9089219078739117,-0.7075535390183046
-1.2599961612372994,-1.102445723871972,-0.9301265188686448,-0.9956560132235059,-0.5146010764856858,-1.132578201777793,-0.9009079031299844,-0.8334673597094144
-0.981263085263961,-0.8733760481092983,-1.0683447135323425,-1.0258415935607492,-0.5146010764856858,0.7725310078995579,0.06348463382677073,-0.025890830288459156
-0.40184547343031285,-0.4867396270580672,-0.05438689883175045,-0.032254163930215775,-0.5146010764856858,0.7725310078995579,0.06348463382677073,-0.025890830288459156
-0.4836645334489678,-0.540960088604082,0.48098499145837753,0.4905117449391862,-0.5146010764856858,0.7725310078995579,0.06348463382677073,-0.025890830288459156
-0.9550409747933167,-0.8561962981295217,-0.6550403966038122,-0.6768412294031484,-0.5146010764856858,0.12337329296433697,-0.34813439716031946,-0.5698843888909016
-0.3773448223641002,-0.4701101312974015,0.23045792112108304,0.28480158340366013,-0.5146010764856858,1.0588431206620532,0.641990643563386,0.13864203360218902
-0.6183901099342011,-0.631052588388289,-0.687580219663215,-0.6890307181818878,-0.5146010764856858,0.5296884967612047,-0.19134367042728798,-0.4088673019209441
-0.9540925121732347,-0.8547957088605757,-0.6648756444317259,-0.5856528401610451,-0.5146010764856858,0.7191430322275576,0.3627043421550109,-0.10514262646406972
-0.33368722773733295,-0.44078862205935065,-0.32525966138378837,-0.28292069971610245,-0.5146010764856858,0.2820922991802873,0.3847268966969134,-0.1067078760621831
-1.151199218027746,-0.9866578340117296,-0.5564237015058333,-0.5862429960793543,-0.5146010764856858,-0.35620959972212646,-0.463817700904,-0.39555624183343197
-0.4449383330538823,-0.5151641443479141,-0.8898180659011962,-0.8791927360233833,-0.5146010764856858,0.20019495427130823,-0.08697247842608101,-0.2702235263603127
-1.4129624490518935,-1.3173187559010258,-0.4913081973658617,-0.43725439546337685,-0.5146010764856858,0.7266664412198577,0.18208249771374216,0.7316592689960697
-1.3891332478631397,-1.2851296715763243,-0.10513058659063164,-0.20726684674606916,-0.5146010764856858,-1.7972524299142374,-1.1660687313799136,-0.9542573130483241
-0.5675585082338188,-0.5970624561339786,-1.0424505137120748,-0.9586535207276299,-0.5146010764856858,0.7153775851549914,0.6835770489188636,0.5063112946148971
-0.6634697709686493,-0.6608928597826154,-0.40660715551761517,-0.40685421026276375,-0.5146010764856858,0.015750376237502573,-0.14609769705297754,-0.4514763334522575
-0.9531858253267089,-0.8547957088605757,0.27099217848214674,0.25536636252213696,-0.5146010764856858,0.015750376237502573,-0.14609769705297754,-0.4514763334522575
-0.9692661152796781,-0.8646988124346042,-0.28174021814175615,-0.319969176334946,-0.5146010764856858,0.1484025214806892,-0.4910004240617811,-0.3072877425007763
-0.5195751640679019,-0.5649012439770356,0.030515576378636642,0.031992564427365755,-0.5146010764856858,0.16191408078497296,0.01616932805291151,0.3429035692120603
-1.1934824128397714,-1.014293309415538,0.16273410766971735,0.1613368139989592,-0.5146010764856858,0.663347786844843,0.013358998812665264,0.34173757520633996
-1.1539130644266025,-0.9885729269878747,-0.5435265254180673,-0.5745327400368717,-0.5146010764856858,-0.5095264018984971,-0.40037855240892956,-0.5912640254548238
-0.7911979115953267,-0.7468110809651147,-0.5721981859319814,-0.553932342878806,-0.5146010764856858,0.5355234240391555,0.06899479205461068,-0.31265707822680305
-1.2583921993190907,-1.0999396199141607,-0.147171665833744,-0.09649411443456256,-0.5146010764856858,0.5209248444014553,0.3479180180219649,0.32531917921064607
-1.3318684129542055,-1.2042829806536564,-0.5673056319489995,-0.6275789754890253,-0.5146010764856858,-1.083240373414245,-0.8104845528259604,-0.6460649435198254
-1.485998685174918,-1.421060739761763,-1.047180745869191,-1.0736911853830076,-0.5146010764856858,-0.45602981301776396,-0.5392669758576564,-0.4573801744666051
-0.6522903071684674,-0.6538839473866653,-0.3509962924385562,-0.33221513344234715,-0.5146010764856858,0.4463761221031007,0.12076534149728542,-0.2859978136364431
-1.2801446310307105,-1.1310415700471315,-0.5328109856779575,-0.5630138366331249,-0.5146010764856858,-0.2659447479264176,-0.4604398131684673,-0.38236057319202904
-0.7345421249551002,-0.708537019618788,0.03241865939527464,0.004442510503839034,-0.5146010764856858,-0.20249562345859717,-0.23120592246963312,-0.43778910481776906
-0.5577555655139222,-0.5902817653984501,0.4293553006286109,0.3945465661699424,-0.5146010764856858,-0.20249562345859717,-0.23120592246963312,-0.43778910481776906
-0.3729415003634654,-0.46730801565722646,0.8830724038896891,0.8446931091201174,-0.5146010764856858,-0.19806957157451618,-0.33845475254809654,-0.46132882804278685
-1.135898452142102,-0.9772105210251988,-1.0233514974095645,-0.9546595088919375,-0.5146010764856858,1.029516782027792,0.5107526330353446,0.04235487604255026
-0.9065591271158008,-0.8238013315921453,-0.5954882766266545,-0.5969511696202255,-0.5146010764856858,0.09193075732458411,-0.13416428831781813,-0.4475531222598508
-1.215009540922015,-1.0395113852579267,-0.4252411347764515,-0.39505195694275613,-0.5146010764856858,0.39778745065265586,0.23166432188767544,-0.05437211109045413
-1.7408566735413717,-1.7808198726823334,-1.0991332044823114,-1.0915992068938618,-0.5146010764856858,0.42362097897936674,-0.006399071007359449,-0.09578477875486424
-0.8039649954631563,-0.7544592614212804,-0.9944023686984904,-1.0214494223226347,-0.5146010764856858,-0.5741586329030148,-0.515021375909844,-0.6107658521971793
-1.0982473871680374,-0.951829999603784,0.3695285708661804,0.3636551406368746,-0.5146010764856858,0.5471753157535869,0.030175458663013462,-0.33432584413050714
-1.3168027958107276,-1.182463064719603,-0.3890513258192918,-0.4132920742145068,-0.5146010764856858,-0.33577449713872576,-0.36434788634160153,-0.3288796662277286
-1.761459085162866,-1.8093279347894418,-0.4698755114243592,-0.506395109202026,-0.5146010764856858,-0.38014390610395576,0.21350746999211048,0.8363193869932207
-0.9883697397491127,-0.8777824596831416,-0.4699144172181554,-0.4780820718206628,-0.5146010764856858,-0.3369078526888069,-0.21580166758160396,-0.4261543595127959
-0.8656669605805021,-0.796142339835011,-0.5136022683475783,-0.4571268625365215,-0.5146010764856858,0.732302461461527,0.4967892502481032,-0.052859736301326975
-1.4025592515673713,-1.30495853855283,-0.5959510375734576,-0.5827094488149303,-0.38267202824677,0.6927322974604305,-0.17617377067691029,0.10903145164825394
-1.2015138961728535,-0.617285858720328,-0.3011505965662088,-0.29688038762975905,0.013115116469977142,0.6927322974604305,-0.17617377067691029,0.10903145164825394
-1.2102804266460292,-1.0330642786926894,-0.10186682023547082,-0.09998056531431433,-0.3167075041273122,0.6927322974604305,-0.17617377067691029,0.10903145164825394
-1.5251048492287473,-1.4763803072536898,0.12607827688709608,0.1261243450155837,1.992050840053713,0.6927322974604305,-0.17617377067691029,0.10903145164825394
-1.6607763150794186,-1.0246184516082135,-0.45287667405016907,-0.3793819947708653,-0.07263876488531806,0.5140993039799524,0.5177062227299745,0.4312049005159886
-1.575849439664957,-1.006211200938794,-0.2577435583294968,-0.18868333943613724,-0.23095362277201698,0.5140993039799524,0.5177062227299745,0.4312049005159886
-0.879556782522186,-0.8059918190642318,-0.6969056899077831,-0.731255386180413,-0.5146010764856858,-0.5717954308481726,-0.45706632086389026,-0.632731674914845
-0.3691769765695354,-0.46452437157935517,-0.27850964462346206,-0.2859990504735924,-0.5146010764856858,-0.06794869743520286,-0.14012412650630107,-0.44559530192559904
-0.3104796342400702,-0.4253377298135132,-0.04120544497931926,-0.032254163930215775,-0.5146010764856858,0.270901234745158,0.2109032221887354,-0.15766510621348245
-0.4527907104624369,-0.520832380829194,0.45053095025123946,0.44825542903819987,-0.5146010764856858,0.270901234745158,0.2109032221887354,-0.15766510621348245
-0.9671326969305787,-0.8632697847511277,-1.2923652562635812,-1.2458858493810807,-0.5146010764856858,0.3336917943038942,0.14493201698902475,-0.17394552985339107
-0.5722352548014147,-0.6001114027908805,0.255674807983671,0.2830834709196158,-0.5146010764856858,0.5150748838145679,0.3479180180219649,-0.0787767236001256
0.9628603057770313,0.4246663209422428,1.5128797771344742,1.601189921409034,-0.5146010764856858,0.5684751953563022,1.3077106713477407,1.6118765475126622
-1.7045032316500557,-1.728999506482236,-0.7790592985183967,-0.6958948542385054,-0.5146010764856858,0.8769086085654237,0.7245068902618104,0.11174725094141306
-0.5154523009105331,-0.5620954045677635,-0.46679919608762144,-0.4852078919513471,-0.5146010764856858,-0.19475229598361637,-0.31600847838928997,-0.2684808757978731
0.6363246499480032,0.20669809463588557,-1.0917189712060837,-1.2345396638598345,-0.5146010764856858,-2.151103385246716,-1.8462555565902412,-1.3839918395539532
-0.5434685163946473,-0.5814069600640785,-0.8324450476837335,-0.8241449793049215,-0.5146010764856858,0.059256124561678745,-0.11636654013428253,-0.11613332475286031
-0.7402091250152608,-0.7125114233333077,0.004040011583856293,-0.033870384439290725,-0.5146010764856858,0.2453846438423081,-0.43357399274759,-0.5383676295050869
-1.2015138961728535,-1.0204580506894319,-1.013446526877475,-1.0302613021024576,-0.5146010764856858,-0.6144843316726986,-0.357850317852099,-0.5762668095621724
-1.1175732140891201,-0.9643296053927469,-0.8015250005004397,-0.8224921269574471,-0.5146010764856858,-0.6144843316726986,-0.357850317852099,-0.5762668095621724
-0.3732066023832621,-0.46730801565722646,-0.5920582195481596,-0.6176325501175741,-0.5146010764856858,-0.6144843316726986,-0.357850317852099,-0.5762668095621724
-0.7232970586531958,-0.7006987012524939,-0.3821134423887991,-0.41144667734062607,-0.5146010764856858,-0.6144843316726986,-0.357850317852099,-0.5762668095621724
-0.9671326969305787,-0.8632697847511277,-0.25078405908642953,-0.1963160835736877,-0.5146010764856858,0.7200840038424318,0.5338591003438585,0.8210717960650458
0.21965654639845306,-0.07153543359752913,-0.3099794702209339,-0.28292069971610245,-0.5146010764856858,0.7191430322275576,0.22130455397531584,0.02521917801322094
-0.20536061475596926,-0.35557333613834763,0.09517815581513153,0.09985020312046251,-0.5146010764856858,0.34174344282229674,0.11806619656814742,-0.11455835813533756
-0.15807462318464163,-0.32458555442751597,0.5958173224841594,0.5884782106128987,-0.5146010764856858,0.34174344282229674,0.11806619656814742,-0.11455835813533756
-0.15148629565344257,-0.32062048043643626,-1.1581643934341408,-1.1050270643762203,-0.5146010764856858,0.44835052603734826,0.29549148631855376,0.04093424588807001
-1.4455207411495725,-1.3641392766519471,-0.7492173873932293,-0.7056183353392727,-0.5146010764856858,0.44835052603734826,0.29549148631855376,0.04093424588807001
-1.01009418651278,-0.8928117070836926,-0.1822085065089456,-0.17821388825183732,-0.5146010764856858,0.17228574684190381,-0.009233984871316022,0.015133541779430458
-0.4101702749583103,-0.4920365543465302,0.07765846417645514,0.07625923557527575,-0.5146010764856858,0.17228574684190381,-0.009233984871316022,0.015133541779430458
-1.5251048492287473,-1.4763803072536898,-0.10390175197541539,-0.1125317788268515,-0.5146010764856858,0.0729812956303504,-0.12525014152885416,-0.32525967617436935
0.10444235438789984,-0.14808831776653844,0.15285894007820308,0.24563791142920807,-0.5146010764856858,-0.1682836507665967,1.0457250482854334,1.6399734182373666
-2.1469258632732293,-2.3526571253844275,-0.6890138636826469,-0.6701592722345451,-0.5146010764856858,0.18987420369404673,0.04132613594009594,-0.12403269432284879
0.13756626677504505,-0.12761025570178808,0.6412635136128236,0.6102244992697358,-0.5146010764856858,-0.31315477701473937,-0.20660285791799995,-0.17394552985339107
-0.5482097780445688,-0.5843445529714025,0.24614258730423436,0.1874264287137993,-0.5146010764856858,-0.8440250131983554,-0.5288482271927086,-0.6617694832599158
-0.3142945370771927,-0.4278739373020783,0.7511098674833147,0.6819404253411396,-0.5146010764856858,-0.8440250131983554,-0.5288482271927086,-0.6617694832599158
-0.5387480955225354,-0.57776347518757,0.1546739902773475,0.197597787904393,-0.5146010764856858,0.888794470409747,0.4967892502481032,0.013687266041140385
-1.9723977568606839,-2.1060692008042357,-0.8902164646661705,-0.8597813638049366,-0.5146010764856858,0.33771904616046733,0.12346167920290183,-0.18874828929457235
-0.14493814110079664,-0.31669229138903837,-0.38229154737963206,-0.46107059983344356,-0.5146010764856858,-1.0638823533333366,-0.9657244908910582,-0.7716308679909011
-0.8088350357722822,-0.3620534215217884,-0.7952779805803266,-0.7753987506574855,0.032904473705814515,0.18987420369404673,0.032967627452304554,-0.1963701006468623
-0.2826628331701824,-0.30512232716341253,-0.27831583859571835,-0.26923209090720895,-0.013270693177806025,0.18987420369404673,0.032967627452304554,-0.1963701006468623
-0.39523178651074253,-0.22560346252885863,0.6657026910961283,0.6552605618789923,0.026308021293868725,0.18987420369404673,0.032967627452304554,-0.1963701006468623
-1.6356316218611495,-1.4374089985640013,-0.5549698242851633,-0.5405257669615512,0.09227254541332655,0.18987420369404673,0.032967627452304554,-0.1963701006468623
-1.4766502836323259,-1.1794359744990026,0.004760230808842226,0.008009260738642186,0.10546545023721814,0.18987420369404673,0.032967627452304554,-0.1963701006468623
0.2403754016433652,-0.05733628625570121,0.28271430438937245,0.28514470397662994,0.4748667853061821,0.18987420369404673,0.08545534557568499,-0.11944606838904584
-0.6118303026947834,-0.6269567533925672,-0.3903129039202488,-0.3799105025076654,-0.5146010764856858,0.37583610538792356,0.15027193333675898,-0.1512013805774871
-0.9258239880044571,-0.8369985705770691,-0.3071009048134111,-0.29688038762975905,-0.5146010764856858,0.37583610538792356,0.15027193333675898,-0.1512013805774871
-0.34531168288609687,-0.44873137554939024,-0.5330763730545814,-0.6288322046248697,-0.5146010764856858,-1.9683985158007185,-1.1838563035269367,-0.9031988690866856
-0.9394177646992853,-0.8451195377340163,0.02959091559433062,-0.07782178006925566,-0.5146010764856858,-1.9683985158007185,-1.1838563035269367,-0.9031988690866856
-1.3817062852989552,-1.2736644258329386,-1.3812622917034383,-1.3678207435158198,-0.5146010764856858,-0.25476190102010454,-0.15508393991585423,-0.46132882804278685
-0.7807382375228894,-0.7392989617862424,-0.15301395453397354,-0.1657483397423687,-0.5146010764856858,-0.25476190102010454,-0.15508393991585423,-0.46132882804278685
-0.4571472844669954,-0.5233762275430767,0.13480005358674482,0.17188880795720077,-0.5146010764856858,0.7501130307461318,0.46627475572276916,0.2504019048403356
-0.2991155703183075,-0.4178192413969019,0.9878990264404777,1.0080193878135313,-0.5146010764856858,0.7501130307461318,0.46627475572276916,0.2504019048403356
-0.8991420187185633,-0.8186357958966809,-0.7491021105016584,-0.7855083951221951,-0.5146010764856858,-0.7359931646251427,-0.7645301123318728,-0.6799181942192764
-0.7631809960021507,-0.7277577463966198,-0.08369840063512182,-0.13645117387616618,-0.5146010764856858,-0.7359931646251427,-0.7645301123318728,-0.6799181942192764
-0.4101702749583103,-0.4920365543465302,-0.8700702541563303,-0.8175566958064113,-0.5146010764856858,0.5170255406219934,0.37496218281690186,0.10085486027790057
-0.4527907104624369,1.4739296283907406,-0.61595969052166,-0.5710572628085814,-0.5146010764856858,0.5170255406219934,0.37496218281690186,0.10085486027790057
-1.0322371157222612,0.16633754514814075,-0.2577342398422783,-0.2226074189470175,-0.5146010764856858,0.5170255406219934,0.37496218281690186,0.10085486027790057
-0.42701601676615547,-0.5034420355421989,-0.14262577597058013,-0.11192900734656105,-0.5146010764856858,0.5082423013068471,0.32058876334329045,0.26150843639939786
-0.7985873024779575,-0.7511644935170898,0.1345852241349804,0.16378594629422485,-0.5146010764856858,0.5082423013068471,0.32058876334329045,0.26150843639939786
-0.981263085263961,-0.8733760481092983,-0.9361866924307585,-1.0258415935607492,-0.5146010764856858,-1.174461066475899,-1.1352311557440409,-0.984619618113473
-0.8925738391037881,-0.8135326851220063,0.02228567923752719,-0.08242925531614503,-0.5146010764856858,-1.174461066475899,-1.1352311557440409,-0.984619618113473
-1.2280311451548258,-1.0572009780735225,-0.43798773451416123,-0.3977580685317326,-0.5146010764856858,0.4611674392201408,0.10995185983364028,0.19490526606448244
-0.8106536543598536,-0.7600083199500385,-0.18669237932443128,-0.14903974417328322,-0.5146010764856858,0.4611674392201408,0.10995185983364028,0.19490526606448244
-1.2370177584280981,-1.070972109649922,0.09120710476839951,0.12181276458256955,-0.5146010764856858,0.4611674392201408,0.10995185983364028,0.19490526606448244
-0.9394177646992853,-0.8451195377340163,-1.1935290867322015,-1.0952360569376225,-0.5146010764856858,0.6127547004830738,0.9298817208102886,0.6405043048278473
-0.988398619950598,-0.8777824596831416,-0.884100182762084,-0.8013504371669821,-0.5146010764856858,0.6127547004830738,0.9298817208102886,0.6405043048278473
-0.1384296725770105,-0.30894386706831395,-0.5734522634442558,-0.4944767922185324,-0.5146010764856858,0.6127547004830738,0.9298817208102886,0.6405043048278473
-0.8991420187185633,-0.8186357958966809,-0.7306849539945339,-0.6569824174976718,-0.5146010764856858,0.7753270400981525,0.4282186085992627,0.35219950711012604
-1.070187849994131,-0.9329060590235759,-0.4578400641781442,-0.38877780437197385,-0.5146010764856858,0.7753270400981525,0.4282186085992627,0.35219950711012604
-1.2280311451548258,-1.0572009780735225,-0.2661920992316679,-0.20177020132827,-0.5146010764856858,0.7753270400981525,0.4282186085992627,0.35219950711012604
-1.0028135212063787,-0.8882465028642486,-0.0843777800620811,-0.026893368489374278,-0.5146010764856858,0.7753270400981525,0.4282186085992627,0.35219950711012604
-0.5482097780445688,-0.5843445529714025,-0.08946972701352186,-0.08242925531614503,-0.5146010764856858,0.20843806518257865,0.14760335001286398,-0.16578355265745337
-0.2088192136208508,-0.3577223345548179,0.36816480266841073,0.36760285841484397,-0.5146010764856858,0.20843806518257865,0.14760335001286398,-0.16578355265745337
-0.8932288522496281,-0.47067279264309925,-0.9309593110109156,-0.811029415808642,-0.5146010764856858,0.970405622627413,1.1109845144304198,0.9151566863272116
-0.26572757480692205,-0.3955635129545023,-0.9919698229707821,-1.0258415935607492,-0.5146010764856858,-0.8701120787707238,-0.45369721256614204,-0.7192180029925622
-0.042288412240895724,-0.24494778868631434,-0.42638023998524927,-0.47404228309588314,-0.5146010764856858,-0.8701120787707238,-0.45369721256614204,-0.7192180029925622
-1.1756356796520533,-1.0022274234917277,-0.7410163637809672,-0.7400125323755782,-0.5146010764856858,-0.20803304586021432,-0.14609769705297754,-0.3730046426937711
-1.1503664192118244,-0.09400228909682103,-0.5595586782045485,-0.5595945516597762,-0.5146010764856858,-0.20803304586021432,-0.14609769705297754,-0.3730046426937711
-1.331279461996093,-1.2042829806536564,-0.08443315197386712,-0.021573032267601464,-0.5146010764856858,0.5471753157535869,0.6220565374650439,0.5073578433670455
-0.34138519215233526,-0.4460671567593613,0.23760346554361542,0.29027157168901024,-0.5146010764856858,0.5471753157535869,0.6220565374650439,0.5073578433670455
-0.905750618154534,-0.8225040117469677,-0.9901879667933938,-0.942811478682843,-0.5146010764856858,0.3938026058040366,0.39930535200219186,0.20769698083645682
-0.5108531760253703,-0.559308085685565,-0.6675762418773918,-0.6188682054790846,-0.5146010764856858,0.3938026058040366,0.39930535200219186,0.20769698083645682
-0.39358470947113,-0.4809310447235694,-0.10238804976366908,-0.03765603866381967,-0.5146010764856858,0.8466245546192492,0.4944546904593177,0.39559613992276643
-0.6118303026947834,-0.6269567533925672,0.18963639334118074,0.24454863817114367,-0.5146010764856858,0.8466245546192492,0.4944546904593177,0.39559613992276643
-0.905750618154534,-0.8225040117469677,-0.3493502880716099,-0.34551630547135986,-0.5146010764856858,0.43649378803718697,-0.39379016647370174,-0.02292356794528007
-0.8106536543598536,-0.7600083199500385,-0.13383830690729906,-0.13645117387616618,-0.5146010764856858,0.43649378803718697,-0.39379016647370174,-0.02292356794528007
-0.4881484398350866,0.013402100443832157,0.2231949877991104,0.2110622856946295,-0.5146010764856858,0.43649378803718697,-0.39379016647370174,-0.02292356794528007
-0.8228571268113247,-0.7679015829885161,0.6033932293574497,0.5840023784134045,-0.5146010764856858,0.43649378803718697,-0.39379016647370174,-0.02292356794528007
-0.5062736636726348,-0.5565390444356532,-0.44346685708812206,-0.38877780437197385,-0.5146010764856858,0.7743951823838838,0.5315576989763434,0.2883213892225138
-0.22980803845346984,-0.3717411249223598,-0.05165983512417905,-0.005848784726096209,-0.5146010764856858,0.7743951823838838,0.5315576989763434,0.2883213892225138
-0.5625604684707503,-0.5940353659133782,-0.6155759817574589,-0.5262840461562559,-0.5146010764856858,0.8484645582832504,0.9865192468549129,0.8304079034470354
-0.7631809960021507,-0.7277577463966198,-0.39080455402752085,-0.3047569075976617,-0.5146010764856858,0.8484645582832504,0.9865192468549129,0.8304079034470354
-1.1256781130834708,-0.9698019577107232,-0.7711247795444638,-0.6648589374655745,-0.5146010764856858,1.002724356955426,1.0400541853529748,0.7970455121518389
-1.0028135212063787,-0.8882465028642486,-0.8053501431499022,-0.7700145581737687,-0.5146010764856858,0.19710069894598733,0.2726943133035609,0.029521220726095403
-0.19505115299342735,-0.34919119031125395,0.400925338770567,0.4176614633250963,-0.5146010764856858,0.19710069894598733,0.2726943133035609,0.029521220726095403
-0.3732066023832621,-0.46730801565722646,0.8925864319043911,0.9103143159298448,-0.5146010764856858,0.23821939561361813,0.24969489559996105,-0.03333439084239501
-0.26208107208656006,-0.393213605513164,-0.6918039820478371,-0.6188682054790846,-0.5146010764856858,0.48279188919596167,0.6176058437191531,0.5445622639570472
-0.054220690772099574,-0.25496273897731764,0.07606413499009203,0.13040971507127344,-0.5146010764856858,0.48279188919596167,0.6176058437191531,0.5445622639570472
-0.3142945370771927,-0.07593419501280868,0.4341466563296946,0.48277922276634017,-0.5146010764856858,0.48279188919596167,0.6176058437191531,0.5445622639570472
-0.6270630973787599,-0.3890164472747091,1.2980461764869848,1.253772199936341,4.23484466011528,0.2932613437981674,-0.17617377067691029,-0.277214147601952
-1.650117229860392,-1.6521940194886369,-0.7385607157496062,-0.7700145581737687,-0.5146010764856858,-0.7799397938369014,-0.5955520298773712,-0.6822020732674319
-0.9394177646992853,-0.8451195377340163,-0.3663861385118644,-0.41606925917181975,-0.5146010764856858,-0.7799397938369014,-0.5955520298773712,-0.6822020732674319
-1.4455207411495725,-1.3641392766519471,0.17854746288960044,0.12181276458256955,-0.5146010764856858,-0.7799397938369014,-0.5955520298773712,-0.6822020732674319
-1.1175732140891201,-0.9643296053927469,0.4136714075031722,0.3521768336162702,-0.5146010764856858,-0.7799397938369014,-0.5955520298773712,-0.6822020732674319
-0.8476881525916009,-0.5680270796378785,-0.9292252401345612,-0.923496812850891,-0.5146010764856858,-0.07660341419279235,-0.18526505458214784,-0.3637058654567604
-0.26938650175135037,-0.3798361449056548,-0.5881911861977052,-0.5945574790240248,-0.5146010764856858,-0.07660341419279235,-0.18526505458214784,-0.3637058654567604
-0.34531168288609687,-0.7794399313508793,-0.3156549316467241,-0.3207789882600149,-0.5146010764856858,-0.07660341419279235,-0.18526505458214784,-0.3637058654567604
-0.38538700539360254,-0.45049579247390215,-0.025812731576704183,-0.03765603866381967,-0.5146010764856858,-0.07660341419279235,-0.18526505458214784,-0.3637058654567604
-0.18823275536206954,-0.344989391688653,-0.7649805726598925,-0.7400125323755782,-0.5146010764856858,0.12546328240390667,0.0441063275955506,-0.277214147601952
0.22429540466700099,-0.06935311722897629,-0.31340215289039347,-0.2890909028126855,-0.5146010764856858,0.12546328240390667,0.0441063275955506,-0.277214147601952
-0.021720729830202932,-0.23195361644128362,0.17785612191903014,0.19174761986267733,-0.5146010764856858,0.12546328240390667,0.0441063275955506,-0.277214147601952
-0.24761763434484715,-0.47634102912437915,-0.46314806278817927,-0.42306046890219273,-7.778835391444127e-05,0.49944545042295885,0.5292542528272473,0.7620507502627555
-0.09705975043690093,-0.6335292950626835,-0.325110483276503,-0.2877752082489271,0.4748667853061821,0.49944545042295885,0.5292542528272473,0.7620507502627555
0.35488857652919936,-0.4434196416451902,-0.1298767249437887,-0.09667097612144035,-0.2705323372436917,0.49944545042295885,0.5292542528272473,0.7620507502627555
0.21499756286834776,-0.6591296953109719,0.008358217520854468,0.03839871982599339,-0.1781820034764507,0.49944545042295885,0.5292542528272473,0.7620507502627555
-1.070187849994131,-0.9329060590235759,-0.8746091994545765,-0.9046972666642561,-0.5146010764856858,-0.32558446721887274,-0.43023525632960075,-0.6595160334034582
-0.20191311895630462,-0.35300889134926433,-0.5688191832462558,-0.6066080494451861,-0.5146010764856858,-0.32558446721887274,-0.43023525632960075,-0.6595160334034582
-0.5293690488375105,-0.571998508141792,-0.25690168600846097,-0.3047569075976617,-0.5146010764856858,-0.32558446721887274,-0.43023525632960075,-0.6595160334034582
-0.6956890081357814,-0.6826458548630605,-0.018716515325982282,-0.07096654416734008,-0.5146010764856858,-0.32558446721887274,-0.43023525632960075,-0.6595160334034582
-1.2280311451548258,-1.0572009780735225,-0.5070451245286972,-0.6313453666565311,-0.5146010764856858,-2.082861553743027,-1.1308555792281423,-1.1807296726855518
-0.7690015740417382,-0.7319181473154015,-0.01485418956209084,-0.14903974417328322,-0.5146010764856858,-2.082861553743027,-1.1308555792281423,-1.1807296726855518
-0.9531858253267089,0.020499364608588592,-0.7644913048232644,-0.7548539479879871,-0.5146010764856858,0.26784529321577044,-0.037754937756802075,-0.3993475391857169
-0.5434685163946473,0.28781914747998627,-0.6178480429161525,-0.6066080494451861,-0.5146010764856858,0.26784529321577044,-0.037754937756802075,-0.3993475391857169
-1.2102804266460292,-1.0330642786926894,-0.4182316718633355,-0.41606925917181975,-0.5146010764856858,0.26784529321577044,-0.037754937756802075,-0.3993475391857169
-0.20536061475596926,-0.35557333613834763,-0.3428659108546344,-0.29688038762975905,-0.5146010764856858,0.5491149744957634,0.1018120463328999,0.06909795584810323
-0.22980803845346984,-0.3717411249223598,0.49533981074193245,0.5279510491003342,-0.5146010764856858,0.5491149744957634,0.1018120463328999,0.06909795584810323
-0.9671326969305787,-0.8632697847511277,-0.9703011312617656,-0.9046972666642561,-0.5146010764856858,0.7294851508302449,0.2394070707098012,-0.042314977953215864
-0.3571780358812406,-0.4568263955326854,-0.7414956102241821,-0.6835871297169038,-0.5146010764856858,0.7294851508302449,0.2394070707098012,-0.042314977953215864
0.07559364961771198,-0.16685928704368996,-0.26781143404249097,-0.21559302074266148,-0.5146010764856858,0.7294851508302449,0.2394070707098012,-0.042314977953215864
-0.5771055308101773,-0.6031825238000583,-0.5429650229599023,-0.5595945516597762,-0.5146010764856858,-0.21135809403909367,-0.32881111413665376,-0.5467085002374908
0.28721932723886273,-0.025951513941773016,-0.09004299637815845,-0.11192900734656105,-0.5146010764856858,-0.21135809403909367,-0.32881111413665376,-0.5467085002374908
0.023862516965888488,-0.20111676124032177,0.36174303566737065,0.33320866137853844,-0.5146010764856858,-0.21135809403909367,-0.32881111413665376,-0.5467085002374908
-0.8938842651593902,-0.9245768486058749,-0.48200136118224,-0.45300954718348246,-0.40246138548260735,0.5238475654410967,0.4186166403258132,0.6016704359856397
-0.2422436747435172,-0.4535697422901941,-0.28338617401060706,-0.25869197517920534,-0.3760755758348242,0.5238475654410967,0.4186166403258132,0.6016704359856397
-0.5741807155133898,-0.6920510827901608,-0.11450722825823782,-0.09337685235504249,-0.4486365523662279,0.5238475654410967,0.4186166403258132,0.6016704359856397
0.1325363090110747,-0.13011635965959936,0.24982466153166144,0.23356231913592365,-0.5146010764856858,0.28514058239347,-0.40698372405894406,-0.3711403373780167
-0.6581926398615131,-0.6573738621057018,0.7461342682712121,0.7184898393737007,-0.5146010764856858,0.28514058239347,-0.40698372405894406,-0.3711403373780167
-0.8352008721323173,0.184620802404799,-0.3145229293568054,-0.43486880535845457,-0.5146010764856858,-1.953309694439424,-1.1883223312812454,-1.149342888546372
-0.717718375877456,0.022255197813858704,-0.0028183596282360525,-0.13024019798664835,-0.5146010764856858,-1.953309694439424,-1.1883223312812454,-1.149342888546372
-0.2157700082383394,-0.3624889834763099,-0.7082287258234589,-0.6569824174976718,-0.5146010764856858,0.5423232672029789,0.14493201698902475,-0.1129850193905777
0.018269306304823086,-0.2071066102866299,-0.255636727258282,-0.21559302074266148,-0.5146010764856858,0.5423232672029789,0.14493201698902475,-0.1129850193905777
-0.47032406351774136,-0.5324023450548199,-0.39719746422548496,-0.40685421026276375,-0.5146010764856858,0.04867567181763821,-0.1822310829424287,-0.48523830022615916
-0.3532079980166644,-0.45411077667230265,0.5455335121157266,0.5206205719198019,-0.5146010764856858,0.04867567181763821,-0.1822310829424287,-0.48523830022615916
-0.018814384296292768,-0.23195361644128362,-0.9439346947485808,-0.8685385100001014,-0.5146010764856858,0.8970085889399196,0.5384557832329318,0.09948781474368597
-0.07542662138857756,-0.2686965438253742,-0.4744870949418211,-0.40685421026276375,-0.5146010764856858,0.8970085889399196,0.5384557832329318,0.09948781474368597
-0.5625604684707503,-0.5940353659133782,-0.8438626822035405,-0.923496812850891,-0.5146010764856858,-1.261832927323757,-1.1838563035269367,-0.962478062641954
-1.1587236132899883,-0.9924293672835122,-0.435348477146083,-0.5262840461562559,-0.5146010764856858,-1.261832927323757,-1.1838563035269367,-0.962478062641954
-0.6529413138995602,-0.6538839473866653,0.016436739381750297,-0.08242925531614503,-0.5146010764856858,-1.261832927323757,-1.1838563035269367,-0.962478062641954
-0.567386966569586,-0.5970624561339786,0.41659947393993935,0.3104141192405991,-0.5146010764856858,-1.261832927323757,-1.1838563035269367,-0.962478062641954
-0.9394177646992853,-0.8451195377340163,-0.40731590778065163,-0.5262840461562559,-0.5146010764856858,-1.9789846061943583,-1.117751236285583,-1.0884465641686196
-0.6794585628815325,-0.6716293010999349,0.10184188156681835,-0.026893368489374278,-0.5146010764856858,-1.9789846061943583,-1.117751236285583,-1.0884465641686196
-1.0548462459459282,-0.9229305413453168,-0.678429749024822,-0.7112354264394538,-0.5146010764856858,-0.5060220836966113,-0.7156485045511171,-0.5529942838427687
-0.6373396735930972,-0.6435839909678599,-0.41855181896707305,-0.4640429494370087,-0.5146010764856858,-0.5060220836966113,-0.7156485045511171,-0.5529942838427687
-0.8352008721323173,2.100275752825113,-1.0686670725807195,-0.9831047997109688,-0.5146010764856858,0.44835052603734826,0.7584799034542812,0.48097581211747026
-0.4881484398350866,0.8013977387840174,-0.5505000036967228,-0.4841854969885972,-0.5146010764856858,0.44835052603734826,0.7584799034542812,0.48097581211747026
-0.219262349590359,0.004359414917276902,-0.18319561279446428,-0.1240834671206846,-0.5146010764856858,0.44835052603734826,0.7584799034542812,0.48097581211747026
0.4262435713961634,0.8464645736129909,0.0955109085026367,0.1632152426925066,-0.5146010764856858,0.4965101347044925,0.37496218281690186,-0.12561749935932728
-0.6794585628815325,-0.22246384005510209,0.4589719444847793,0.5190222045057716,-0.5146010764856858,0.4965101347044925,0.37496218281690186,-0.12561749935932728
-0.5154523009105331,-0.5620954045677635,-0.239722221471756,-0.2587661756111718,-0.5146010764856858,-0.44446653492308236,-0.49784087254282416,-0.4752303410988256
-0.43553902991098475,-0.5089540724661221,0.511036321632799,0.47233545836672897,-0.5146010764856858,-0.44446653492308236,-0.49784087254282416,-0.4752303410988256
-0.5071880051661946,-0.3036033425130475,-0.4164032128158237,-0.37595631898370163,-0.36288267101093263,0.7153775851549914,0.37496218281690186,0.08021913846692226
-0.4338290072259126,-0.3496136788682273,-0.21713306239676297,-0.18073366948080244,-0.42225074271844476,0.7153775851549914,0.37496218281690186,0.08021913846692226
-0.8731069492040845,1.0784671427966632,-0.7289015701281732,-0.6972757385257976,-0.5146010764856858,0.5906581237378974,0.3404931104067475,0.32295917083087866
-0.3258212382882731,0.05772558146100487,-0.009670333251774162,0.004442510503839034,-0.5146010764856858,0.5906581237378974,0.3404931104067475,0.32295917083087866
-1.0857518038581935,-0.9431229431404421,-0.7403304048132034,-0.7400125323755782,-0.5146010764856858,-0.36303768144408627,-0.14310919128082936,-0.5238801840504929
-0.5771055308101773,0.6327405425496577,-0.4275243575862849,-0.43486880535845457,-0.5146010764856858,-0.36303768144408627,-0.14310919128082936,-0.5238801840504929
-0.5154523009105331,-0.5620954045677635,-0.20226129837533205,-0.2662259404955511,-0.5146010764856858,-0.6984209662016905,-0.8104845528259604,-0.6776377367140468
-0.4101702749583103,-0.4920365543465302,0.2979351607394644,0.22614181689898302,-0.5146010764856858,-0.6984209662016905,-0.8104845528259604,-0.6776377367140468
-0.39358470947113,-0.4809310447235694,-0.41264783679212325,-0.4254063652542823,-0.5146010764856858,-0.3233224981697176,-0.5288482271927086,-0.3108651944412615
-0.6794585628815325,-0.6716293010999349,-0.1394536905212909,-0.16185721006564113,-0.5146010764856858,-0.3233224981697176,-0.5288482271927086,-0.3108651944412615
-0.4615216042394866,-0.5265777385375114,-0.5860996509718622,-0.5595945516597762,-0.5146010764856858,-0.09286666069265641,-0.037754937756802075,-0.32525967617436935
-0.6848415015673848,-0.6752696450022838,0.01561479850804168,0.024585058055427707,-0.5146010764856858,-0.09286666069265641,-0.037754937756802075,-0.32525967617436935
-0.33357501940494577,-0.44078862205935065,-0.7213400622868738,-0.7112354264394538,-0.5146010764856858,0.2504971464429196,0.0441063275955506,-0.39745071015517464
-0.6529413138995602,-0.6538839473866653,-0.32894451225673565,-0.3207789882600149,-0.5146010764856858,0.2504971464429196,0.0441063275955506,-0.39745071015517464
-0.5247100653074049,-0.1723793300588165,0.016193942882015824,0.014585724396553049,-0.5146010764856858,0.2504971464429196,0.0441063275955506,-0.39745071015517464
-0.4101702749583103,0.7851932786373154,-0.4563277804250337,-0.4640429494370087,-0.5146010764856858,-0.23357499619160682,-0.1792006577344232,-0.41269193986276137
-0.5869128502902351,0.06551823328078055,-0.05016947994531611,-0.07096654416734008,-0.5146010764856858,-0.23357499619160682,-0.1792006577344232,-0.41269193986276137
-0.23334640745135352,-0.023991987096226193,0.30073621704500075,0.2730349867497747,-0.5146010764856858,-0.23357499619160682,-0.1792006577344232,-0.41269193986276137
-0.8228571268113247,1.8451659073259925,-0.8614799949259248,-0.8592593784399176,-0.5146010764856858,-0.1518032039232479,-0.1671142560288904,-0.4031483029581935
-0.5108531760253703,-0.559308085685565,-0.6901003357362682,-0.6835871297169038,-0.5146010764856858,-0.11680402558542118,-0.18830258096390973,-0.3452770071917118
-0.988398619950598,-0.8777824596831416,-0.26381082935275,-0.2587661756111718,-0.5146010764856858,-0.11680402558542118,-0.18830258096390973,-0.3452770071917118
-0.8925738391037881,-0.8135326851220063,-0.8444466198621258,-0.8341443129637959,-0.5146010764856858,-0.23357499619160682,-0.08697247842608101,-0.4652877512107031
0.08880284468546436,-0.15871220583475884,-0.3453284415462692,-0.34551630547135986,-0.5146010764856858,-0.23357499619160682,-0.08697247842608101,-0.4652877512107031
0.19139454639205278,0.3304378696083065,0.026219703678493193,0.01865255932620653,0.15823706953278438,-0.2402570584743984,-0.09575575663052313,-0.42037016597901006
-0.2368964735581029,-0.3762191867970467,-0.538744767062089,-0.5155213759818105,-0.5146010764856858,-0.13427664039304396,-0.2342977874398652,-0.3452770071917118
0.08353864777506223,-0.16141047237949044,-0.08496736441400816,-0.07667460129168113,-0.5146010764856858,-0.13427664039304396,-0.2342977874398652,-0.3452770071917118
-1.331279461996093,-1.2042829806536564,-0.8487264418934097,-0.9626702905883195,-0.5146010764856858,-2.2613896153267765,-1.5205569806452768,-1.1744003284312408
-0.981263085263961,-0.8733760481092983,-0.4810761421010063,-0.6066080494451861,-0.5146010764856858,-2.2613896153267765,-1.5205569806452768,-1.1744003284312408
-0.9394177646992853,-0.8451195377340163,-0.11142292064065518,-0.2440793693212927,-0.5146010764856858,-2.2613896153267765,-1.5205569806452768,-1.1744003284312408
-0.33825430358098035,-0.40799839695968176,-0.5440925823804786,-0.4790956466944127,-0.49547136449104295,1.0143499374347633,0.6198321456767107,0.3545146483929651
0.3501645443451697,-0.1723793300588165,-0.2021629020695843,-0.14460812794155103,-0.4743627167728165,1.0143499374347633,0.6198321456767107,0.3545146483929651
1.0489071857344114,0.4838314669771059,0.8843286424859271,0.7830119490492063,0.34293773706726643,1.0143499374347633,0.6198321456767107,0.3545146483929651
-1.2925763897504268,-1.1474960131533878,-0.7399084248998286,-0.7400125323755782,-0.5146010764856858,-0.1671834644556152,-0.3352362189624566,-0.3936641283517266
-0.5387480955225354,-0.57776347518757,-0.47817728331522186,-0.4841854969885972,-0.5146010764856858,-0.1671834644556152,-0.3352362189624566,-0.3936641283517266
-0.5869128502902351,-0.6101753156046902,-0.04504378097885281,-0.05411455753254618,-0.5146010764856858,-0.1671834644556152,-0.3352362189624566,-0.3936641283517266
-1.1175732140891201,-0.9643296053927469,-0.6707734616103314,-0.6701592722345451,-0.5146010764856858,0.2218076422116447,-0.0753075387452271,-0.24086642053867213
-0.32969113083401075,-0.4381738937208837,-0.07692211483099026,-0.08242925531614503,-0.5146010764856858,0.2218076422116447,-0.0753075387452271,-0.24086642053867213
-0.32969113083401075,-0.4381738937208837,0.21168579063994447,0.1995371046797507,-0.5146010764856858,0.2218076422116447,-0.0753075387452271,-0.24086642053867213
-0.32969113083401075,-0.4381738937208837,0.7856022328694882,0.761662994242211,-0.5146010764856858,0.2218076422116447,-0.0753075387452271,-0.24086642053867213
-1.2015138961728535,-1.0204580506894319,-0.5120979523836057,-0.6066080494451861,-0.5146010764856858,-1.3248824539213664,-1.057578907474103,-0.976278747381069
-0.6017938369385311,-0.6196828979522697,-0.2785641293090902,-0.3799105025076654,-0.5146010764856858,-1.3248824539213664,-1.057578907474103,-0.976278747381069
-0.8991420187185633,-0.8186357958966809,-0.7840014297710226,-0.7700145581737687,-0.5146010764856858,-0.114623725480358,-0.1671142560288904,-0.4300227354194382
-0.37725140573116384,-0.4701101312974015,-0.3043020159985954,-0.3047569075976617,-0.5146010764856858,-0.114623725480358,-0.1671142560288904,-0.4300227354194382
-0.1848397224625893,-0.3408289907698715,-0.03238971210058477,-0.03765603866381967,-0.5146010764856858,-0.114623725480358,-0.1671142560288904,-0.4300227354194382
0.02942674713082628,-0.19815339976358104,-0.5768509861841093,-0.5372135860683133,-0.5146010764856858,0.6481218632045775,-0.2004884011444165,-0.20703824838611481
-0.6017938369385311,-0.8303483972719385,-0.21394509947093476,-0.18821322191071196,-0.5146010764856858,0.6481218632045775,-0.2004884011444165,-0.20703824838611481
-0.43982603767730466,-0.5120476927308382,-0.01607515246042029,0.009532360798023538,-0.5146010764856858,0.6481218632045775,-0.2004884011444165,-0.20703824838611481
-0.9531858253267089,-0.8547957088605757,-0.5861698491616537,-0.5483152517786247,-0.5146010764856858,0.26988277035672237,-0.14609769705297754,-0.16904309373172519
-0.24761763434484715,-0.3834843514195345,-0.32024133957301226,-0.28138655068133234,-0.5146010764856858,0.26988277035672237,-0.14609769705297754,-0.16904309373172519
-1.1256781130834708,-0.9698019577107232,-1.401213648471504,-1.3859436234286622,-0.5146010764856858,0.12337329296433697,-0.049251756909367644,-0.29306142306346894
-0.9258239880044571,-0.8369985705770691,-1.1909672030831817,-1.1456104249901078,-0.5146010764856858,0.24743019746939407,0.3180899405279004,0.33706464720797297
-0.6017938369385311,-0.6196828979522697,-0.8370442721396997,-0.7855083951221951,-0.5146010764856858,0.24743019746939407,0.3180899405279004,0.33706464720797297
-0.44845173882507866,-0.5176739721076601,-0.5758217634445222,-0.5372135860683133,-0.5146010764856858,0.24743019746939407,0.3180899405279004,0.33706464720797297
-0.5062736636726348,-0.5565390444356532,-0.2860039859776572,-0.2513845248831417,-0.5146010764856858,0.24743019746939407,0.3180899405279004,0.33706464720797297
-0.39358470947113,-0.4809310447235694,-1.0059761018973588,-0.9831047997109688,-0.5146010764856858,-0.14522439933858688,-0.0035672537184198248,-0.008173403112172541
0.389175429341067,0.04110234230136749,-0.518393259101751,-0.5155213759818105,-0.5146010764856858,-0.14522439933858688,-0.0035672537184198248,-0.008173403112172541
0.29374757846340777,-0.022041511215249065,0.11558682389992107,0.108717504984771,-0.5146010764856858,-0.14522439933858688,-0.0035672537184198248,-0.008173403112172541
0.08089684073720863,-0.1641260912398733,-0.18451481572390616,-0.20177020132827,-0.5146010764856858,-0.41221411148667014,-0.2905913290163864,-0.19869737765371087
-0.045259075322809525,-0.2482597843112699,0.2647052776042939,0.24090552306929736,-0.5146010764856858,-0.41221411148667014,-0.2905913290163864,-0.19869737765371087
-0.3181230403096945,-0.4304254694001594,-0.41786058515650415,-0.38877780437197385,-0.5146010764856858,0.629987873201121,-0.14609769705297754,-0.2272448074926232
-0.3571780358812406,-0.4568263955326854,0.3092302161706435,0.32352968273687815,-0.5146010764856858,0.629987873201121,-0.14609769705297754,-0.2272448074926232
-0.3258212382882731,-0.6318765443130627,-0.2190830267726107,-0.3329566998515937,-0.3760755758348242,-1.736011334321144,-1.3544485915774658,-1.0824888066609455
-0.34925258279244764,-0.5510548468666215,-0.05583450112664319,-0.17326691213796513,-0.42884719513039055,-1.736011334321144,-1.3544485915774658,-1.0824888066609455
-1.351166956636671,-1.2306839067861821,-0.8154554213859988,-0.886386076024169,-0.5146010764856858,-0.9617399436696984,-1.1308555792281423,-0.9164701397240355
-0.47919927121808187,-0.5383084172379489,0.42324744813139553,0.33320866137853844,-0.5146010764856858,-0.9617399436696984,-1.1308555792281423,-0.9164701397240355
-0.6741024718817606,-0.6680200716284929,-0.4136169563943684,-0.4254063652542823,-0.5146010764856858,-0.069029815666018,0.25738406130642366,-0.2895255211250346
-0.8290112641079226,-0.7713301047518473,0.6559506134091212,0.6232971989867037,-0.5146010764856858,-0.069029815666018,0.25738406130642366,-0.2895255211250346
-0.5869128502902351,-0.6101753156046902,-0.29969077113785053,-0.31272242967454567,-0.5146010764856858,-0.2358014764138146,-0.24670225354620556,-0.4146078684983772
-0.6794585628815325,-0.6716293010999349,0.11376041586796072,0.09086993896070379,-0.5146010764856858,-0.2358014764138146,-0.24670225354620556,-0.4146078684983772
-1.0936191944983058,-0.9483256037449347,-0.18949920124484124,-0.1683544100052354,-0.5146010764856858,0.5364953290588595,-0.30326875511072265,-0.2563378647363866
-0.8925738391037881,-0.8135326851220063,0.057522694586193135,0.07255874832061648,-0.5146010764856858,0.5364953290588595,-0.30326875511072265,-0.2563378647363866
-0.3691769765695354,-0.46452437157935517,-0.07535420134069876,-0.09408144132249402,-0.5146010764856858,-0.05283462278658762,-0.377392082263775,-0.431960616139525
-0.4527907104624369,-0.520832380829194,0.428393468135878,0.40039673421165806,-0.5146010764856858,-0.05283462278658762,-0.377392082263775,-0.431960616139525
-0.13196041193279356,-0.30512232716341253,0.35719373807679855,0.4204982526794387,-0.5146010764856858,0.8364938593381994,1.1439175701742765,0.6036358398739671
-0.30667823551203865,-0.42281666395241146,0.9491473069441307,0.9993545053712952,-0.5146010764856858,0.8364938593381994,1.1439175701742765,0.6036358398739671
-0.7573917958941442,-0.7236379354021708,-0.4994653445348505,-0.4841854969885972,-0.5146010764856858,0.5306614012547596,0.14493201698902475,0.08574940831018488
-0.38538700539360254,-0.4757707693787411,-0.062188205551956394,-0.05411455753254618,-0.5146010764856858,0.5306614012547596,0.14493201698902475,0.08574940831018488
-0.4441302278853934,-0.5145390113285363,0.3837785953783554,0.38269853596084763,-0.5146010764856858,0.5306614012547596,0.14493201698902475,0.08574940831018488
-0.40184547343031285,-0.4867396270580672,0.6010643307197581,0.5951391219334538,-0.5146010764856858,0.5306614012547596,0.14493201698902475,0.08574940831018488
-0.44845173882507866,-0.5176739721076601,-0.5157141441181962,-0.4640429494370087,-0.5146010764856858,0.5790952382178559,0.0827191675166801,-0.021442103010787854
0.034962295569632845,-0.19521068905719283,0.8230349345541766,0.8485600480719281,-0.5146010764856858,0.5790952382178559,0.0827191675166801,-0.021442103010787854
-0.6902515584466783,0.2134367048253515,-0.8419262042380448,-0.923496812850891,-0.5146010764856858,-1.2578321674350772,-1.3660503424780654,-0.9597328768662982
-0.6118303026947834,-0.6269567533925672,-0.4972842003948576,-0.5827094488149303,-0.5146010764856858,-1.2578321674350772,-1.3660503424780654,-0.9597328768662982
-0.5434685163946473,-0.5814069600640785,0.1843502001993038,0.08177379722967261,-0.5146010764856858,-1.2578321674350772,-1.3660503424780654,-0.9597328768662982
-0.41856011465728543,-0.4974007697361866,0.13967378749787654,0.19174761986267733,-0.5146010764856858,0.7650681818402536,0.4921180265154126,0.3051415062203325
-0.11595573389620632,-0.29386093239066186,0.7004893051616464,0.7386062581533208,-0.5146010764856858,0.7650681818402536,0.4921180265154126,0.3051415062203325
-0.4527907104624369,-0.520832380829194,-0.6199010371654002,-0.5710572628085814,-0.5146010764856858,0.5423232672029789,0.007729184504206895,-0.12720395609494412
-0.8603223456020643,-0.7925072188722541,-0.4171171459900073,-0.37115335631250024,-0.5146010764856858,0.5423232672029789,0.007729184504206895,-0.12720395609494412
0.06490804882432558,2.04438721231417,-0.11247508744542803,-0.10592947153158858,-0.5146010764856858,0.09087966737551322,-0.8929185948959117,-0.8666433020523358
0.2828450074663716,2.2197572019333,0.23039359274579033,0.23356231913592365,-0.5146010764856858,0.09087966737551322,-0.8929185948959117,-0.8666433020523358
-0.3547170268737614,-0.4551949294564463,-0.5209663032928978,-0.5178751050574514,-0.5146010764856858,-0.06794869743520286,0.024582083310479383,-0.3711403373780167
-0.6741024718817606,-0.6680200716284929,-0.2515740795110911,-0.1749120498816994,-0.5146010764856858,0.7519845807972884,0.6309350683009599,0.5136220707261725
-0.8106536543598536,-0.7600083199500385,0.12708937931079353,0.19174761986267733,-0.5146010764856858,0.7519845807972884,0.6309350683009599,0.5136220707261725
-1.2015138961728535,-1.0204580506894319,-0.29718947661766637,-0.31400530755953415,-0.5146010764856858,0.2515190946415084,-0.049251756909367644,-0.27546348024390227
-1.4789087366609583,-1.411024909979175,-0.46143727190265865,-0.4747475770048903,-0.5146010764856858,0.2515190946415084,-0.049251756909367644,-0.27546348024390227
-1.870044724789329,-1.962826109003663,-0.6268879389777489,-0.6371598689324766,-0.5146010764856858,0.2515190946415084,-0.049251756909367644,-0.27546348024390227
-1.0397207280233725,0.51821858754007,-0.9000188281856917,-0.9046972666642561,-0.5146010764856858,-0.018438539485671642,-0.020604742003956535,-0.1755831901512523
-0.7985873024779575,0.6137443587191839,-0.5582185605433257,-0.5710572628085814,-0.5146010764856858,-0.018438539485671642,-0.020604742003956535,-0.1755831901512523
-0.5529720653138054,-0.5873027246307432,-0.2746502207022403,-0.2890909028126855,-0.5146010764856858,-0.018438539485671642,-0.020604742003956535,-0.1755831901512523
-0.988398619950598,-0.8777824596831416,-0.9056757727692775,-0.923496812850891,-0.5146010764856858,0.3236111465582342,-0.5012678769681577,-0.37487123409877454
-0.6902515584466783,-0.6789416444662187,-0.42383400188482,-0.44445999008963966,-0.5146010764856858,0.3236111465582342,-0.5012678769681577,-0.37487123409877454
-0.9601366199441974,-0.8590114904059901,-0.2449835774253157,-0.21559302074266148,-0.5146010764856858,0.7106672610495554,-0.09869014117725176,-0.052859736301326975
-0.7690015740417382,-0.7319181473154015,0.25816966487753645,0.27998027645907514,-0.5146010764856858,0.7106672610495554,-0.09869014117725176,-0.052859736301326975
-0.5108531760253703,-0.559308085685565,-0.30342858652609755,-0.2368491397523128,-0.5146010764856858,0.8429427570173385,0.6726977695452231,0.4301046438001868
-0.11595573389620632,-0.29386093239066186,-0.08946110648760193,-0.026893368489374278,-0.5146010764856858,0.8429427570173385,0.6726977695452231,0.4301046438001868
-0.13196041193279356,-0.30512232716341253,0.2927187797903383,0.3459106483283415,-0.5146010764856858,0.8429427570173385,0.6726977695452231,0.4301046438001868
-0.2916057913277221,1.4632711236895617,-0.1517955155632017,-0.09998056531431433,-0.5146010764856858,0.7874272900353336,-0.2127317696855841,0.004980635440480921
-0.2804386818346292,-0.1351736330092661,0.23879134339115263,0.215582250703595,-0.5146010764856858,0.3908121353228532,0.4709927342227765,-0.01848349158368503
-0.3181230403096945,-0.14287495182740712,0.4415460600883377,0.41384217927947137,-0.5146010764856858,0.3908121353228532,0.4709927342227765,-0.01848349158368503
-0.2730579378720526,0.5657845909857694,-0.05394437132620878,0.02299466549535759,-0.5146010764856858,0.637630299469977,0.5177062227299745,0.7352663917741422
-0.12232901087712994,0.4359988301101548,0.2553882082611655,0.32615613123233816,-0.5146010764856858,0.637630299469977,0.5177062227299745,0.7352663917741422
0.05275826973149731,0.37829399829899446,0.2120455579718581,0.2730349867497747,4.076529802228581,-0.38585745591068604,0.7542575434488648,1.5366201319619757
-0.15214331251046834,0.1786139119622752,0.4652471480277671,0.5206205719198019,3.5488136092729183,-0.38585745591068604,0.7542575434488648,1.5366201319619757
-0.042288412240895724,2.1995494184286817,-0.21792453345193671,-0.14271735916409486,-0.5146010764856858,1.0223844911522937,0.6965722063047625,0.7848886469659118
0.14257277476732708,0.32533989287266474,0.29352434085102286,0.34465069946165905,-0.5146010764856858,1.3063849634524813,0.4709927342227765,0.03951228866179092
-0.2088192136208508,0.2089562672764612,0.4952984154075634,0.5281940903726086,-0.5146010764856858,1.3063849634524813,0.4709927342227765,0.03951228866179092
0.0992544504852779,0.37829399829899446,0.7793631245085181,0.8202327063968559,-0.5146010764856858,1.3063849634524813,0.6176058437191531,0.48097581211747026
-0.7017021743748798,-1.11520431603978,-0.5700358668588423,-0.620477802321748,-0.5146010764856858,-0.9449355354002528,-0.7607370926790434,-0.6867801371694603
-0.7591252813703263,-1.016338239694983,-0.36873969718470884,-0.4236227724708922,-0.40246138548260735,-0.9449355354002528,-0.7607370926790434,-0.6867801371694603
-1.0248052935404872,-0.9020928999746626,-1.0576255435541182,-1.0258415935607492,-0.5146010764856858,0.4414371056479867,0.12346167920290183,-0.24772321186260646
-0.6741024718817606,-0.6680200716284929,-0.6691580131965013,-0.6313453666565311,-0.5146010764856858,0.4414371056479867,0.12346167920290183,-0.24772321186260646
-0.3104796342400702,1.119556079077113,-0.1345291640192349,-0.11192900734656105,-0.5146010764856858,0.42064618045530505,0.09091905354157294,-0.22555064471335987
0.36913951198279693,0.8245661534542699,0.30153276093748155,0.3170024027391091,-0.5146010764856858,0.42064618045530505,0.09091905354157294,-0.22555064471335987
0.4890855689439185,1.416148367395012,0.9763486572138974,0.9734775436506521,-0.5146010764856858,0.41469190237045883,0.18208249771374216,-0.25116322485215736
-1.4131395737940042,-1.3173187559010258,-0.3565894645621337,-0.3625036624768525,-0.5146010764856858,0.2993442998227721,-0.1671142560288904,-0.21710799911060885
-1.2280311451548258,-1.0572009780735225,-0.16872330517546755,-0.1815312647421087,-0.5146010764856858,0.2993442998227721,-0.1671142560288904,-0.21710799911060885
-0.4571472844669954,0.4144080688617728,0.11833106337037415,0.10149908489888514,-0.5146010764856858,0.3537995420525208,0.14493201698902475,-0.24086642053867213
-0.2088192136208508,0.379799444732938,0.39712514728797077,0.37464747075902605,-0.5146010764856858,0.3537995420525208,0.14493201698902475,-0.24086642053867213
-0.6118303026947834,-0.6269567533925672,-0.27155175942407894,-0.3625036624768525,-0.5146010764856858,-1.1351868467013422,-1.1177729855942713,-0.9298581336770455
-0.7807382375228894,-0.7392989617862424,0.7511822420050823,0.6421526197188637,-0.5146010764856858,-1.1351868467013422,-1.1177729855942713,-0.9298581336770455
-0.5577555655139222,-0.5902817653984501,-0.2029765982054729,-0.19495912222446757,-0.5146010764856858,0.31250171790921977,-0.4671999955393281,-0.37674011720650813
-0.39358470947113,-0.4809310447235694,0.3168313119966171,0.3104141192405991,-0.5146010764856858,0.31250171790921977,-0.4671999955393281,-0.37674011720650813
-1.1095290265185531,-0.9589272637685405,-0.95787589447281,-0.942811478682843,-0.5146010764856858,0.10243096611545893,-0.006399071007359449,-0.38800185858642244
-1.3021221772197804,-1.161715446752257,-0.5480800865262844,-0.5372135860683133,-0.5146010764856858,0.10243096611545893,-0.006399071007359449,-0.38800185858642244
-1.1928183505309369,-1.014293309415538,-1.1415391411055182,-1.1456104249901078,-0.5146010764856858,0.27700818665613675,-0.25916635673801813,-0.2877606454490245
-1.0857518038581935,-0.9431229431404421,-0.825834254628737,-0.8341443129637959,-0.5146010764856858,0.27700818665613675,-0.25916635673801813,-0.2877606454490245
-1.1175732140891201,-0.9643296053927469,-0.5696849722794554,-0.5710572628085814,-0.5146010764856858,0.27700818665613675,-0.25916635673801813,-0.2877606454490245
-0.8106536543598536,-0.7600083199500385,0.1969420593919346,0.17590557781789057,-0.5146010764856858,0.27700818665613675,-0.25916635673801813,-0.2877606454490245
-0.5154523009105331,0.5444554269102944,0.023127494388650926,0.03932304160789784,-0.5146010764856858,0.502379249051662,0.12615521551818998,-0.015530619464602548
-0.15477540701270529,0.44767544347827704,0.40255783546279117,0.41195340620075505,-0.5146010764856858,0.502379249051662,0.12615521551818998,-0.015530619464602548
-0.8731069492040845,-0.801038363115818,-0.5550612856677369,-0.5262840461562559,-0.5146010764856858,0.6108366699685418,-0.221952390443519,0.06909795584810323
-0.2991155703183075,-0.4178192413969019,-0.0019673434073410336,0.014585724396553049,-0.5146010764856858,0.6108366699685418,-0.221952390443519,0.06909795584810323
-0.3691769765695354,-0.46452437157935517,0.5144859117057539,0.5206205719198019,-0.5146010764856858,0.6108366699685418,-0.221952390443519,0.06909795584810323
-0.4441302278853934,-0.7690413334171914,0.27716517084677755,0.3065312329422484,-0.5146010764856858,0.6794807060573607,0.42342206982076086,-0.06347805110681766
1.1734828393472434,0.8141010206111171,0.8977527363698237,0.9141336170701584,-0.5146010764856858,0.6794807060573607,0.42342206982076086,-0.06347805110681766
-0.26572757480692205,-0.11529809266686958,1.360382439430511,1.3525980537815276,-0.5146010764856858,0.6794807060573607,0.37740681144712823,-0.08648410766142012
-0.41856011465728543,-0.641891494604066,-0.301612403400854,-0.3386681081880257,-0.5146010764856858,0.06770631034809431,-0.48417797678175567,-0.5383676295050869
-0.5108531760253703,-0.6863828463088809,-0.18129265640059888,-0.22070664259315806,-0.5146010764856858,0.06770631034809431,-0.48417797678175567,-0.5383676295050869
-0.5529720653138054,-0.5873027246307432,-0.13638929744155703,-0.1554193461138979,-0.5146010764856858,-0.18150254574589042,-0.5012678769681577,-0.515663132517829
-0.3571780358812406,-0.4568263955326854,0.30721650415900825,0.2834274285762316,-0.5146010764856858,-0.18150254574589042,-0.5012678769681577,-0.515663132517829
-1.5857929738486172,-1.5618643968300798,-1.5517907363698193,-1.541413308808284,-0.5146010764856858,-0.1870195169778582,-0.22811774048415603,-0.4912748121690134
-0.5968105610854686,-0.616489859846607,-0.8151045643971829,-0.7548539479879871,-0.5146010764856858,0.6908411059540988,0.28285114694210095,-0.03931555806640793
-0.7459061888768628,-0.716523589168786,-0.5873317929395864,-0.5262840461562559,-0.5146010764856858,0.6908411059540988,0.28285114694210095,-0.03931555806640793
-1.1256781130834708,-0.9698019577107232,-0.9676383114324613,-0.9626702905883195,-0.5146010764856858,-0.016295688854808726,-0.15208506338683808,-0.3544635474458883
-1.01009418651278,-0.8928117070836926,-0.7927877038235215,-0.7855083951221951,-0.5146010764856858,-0.016295688854808726,-0.15208506338683808,-0.3544635474458883
-0.5625604684707503,-0.5940353659133782,-0.48500638523848383,-0.4944767922185324,-0.5146010764856858,-0.016295688854808726,-0.15208506338683808,-0.3544635474458883
-0.3691769765695354,-0.46452437157935517,-0.2309918533101633,-0.2440793693212927,-0.5146010764856858,-0.016295688854808726,-0.15208506338683808,-0.3544635474458883
-0.5062736636726348,-0.5565390444356532,0.034596829763175775,0.019603120689620463,-0.5146010764856858,-0.016295688854808726,-0.15208506338683808,-0.3544635474458883
-0.219262349590359,-0.36467355781288957,-0.003251088925634507,0.034444536302029614,-0.5146010764856858,0.5004235517872753,0.04688354100549109,-0.13038183846009435
0.018269306304823086,-0.2071066102866299,0.49301538445155607,0.5181600416617361,-0.5146010764856858,0.5004235517872753,0.04688354100549109,-0.13038183846009435
-0.8106536543598536,-0.7600083199500385,-0.7946153554608713,-0.7400125323755782,-0.5146010764856858,0.6060387563587989,0.0827191675166801,-0.10045651162910464
-0.3532079980166644,-0.45411077667230265,-0.5151293565007553,-0.4640429494370087,-0.5146010764856858,0.6060387563587989,0.0827191675166801,-0.10045651162910464
-1.2102804266460292,-1.0330642786926894,-0.20502097493158195,-0.2296923147966393,-0.5146010764856858,0.30035749237409975,-0.07821885681676052,-0.2272448074926232
-1.2552197877312283,-1.094971594642068,0.05027749833940628,0.024585058055427707,-0.5146010764856858,0.30035749237409975,-0.07821885681676052,-0.2272448074926232
-1.0936191944983058,-0.9483256037449347,0.2679876793691873,0.23724348260929445,-0.5146010764856858,0.30035749237409975,-0.07821885681676052,-0.2272448074926232
-0.9124001379715303,-0.827717377686099,-0.2778603745623491,-0.38877780437197385,1.6622282194564237,-1.9941419216190104,-1.583496329688763,-1.1807296726855518
-0.6794585628815325,-0.6716293010999349,-0.5756192558887014,-0.6822327754035815,1.6622282194564237,-1.9941419216190104,-1.583496329688763,-1.1807296726855518
-0.6321890928837451,-0.6402057547307637,0.01138045708738434,-0.10592947153158858,1.6622282194564237,-1.9941419216190104,-1.583496329688763,-1.1807296726855518
-0.9671326969305787,-0.8632697847511277,0.27162857099309184,0.14729534161937796,1.6622282194564237,-1.9941419216190104,-1.583496329688763,-1.1807296726855518
-0.7926045905180333,-0.7478952337492585,0.5681626461619794,0.4372833600197229,1.6622282194564237,-1.9941419216190104,-1.583496329688763,-1.1807296726855518
-0.2916057913277221,0.3175756383977722,0.33388806190365683,0.32352968273687815,-0.5146010764856858,0.31654402625433575,0.027380279448568773,-0.19869737765371087
0.5928803160524154,0.2578166230218089,0.648766412985173,0.6317397095135129,-0.5146010764856858,0.31654402625433575,0.027380279448568773,-0.19869737765371087
-0.7011541294437146,-0.6863828463088809,-0.2953541978574788,-0.3799105025076654,-0.5146010764856858,-0.9883749241274523,-0.8533372387279687,-0.8874245818105552
-0.717718375877456,-0.6977964404984782,0.08056821456259633,-0.005848784726096209,-0.5146010764856858,-0.9883749241274523,-0.8533372387279687,-0.8874245818105552
-0.43982603767730466,-0.5120476927308382,0.6648497553606287,0.5635018357369391,-0.5146010764856858,-0.9883749241274523,-0.8533372387279687,-0.8874245818105552
-1.1256781130834708,-0.9698019577107232,-0.9072150324787286,-0.8685385100001014,-0.5146010764856858,0.31452323190983567,0.23424780836978623,-0.015530619464602548
-0.37725140573116384,-0.4701101312974015,-0.4966966917144771,-0.47404228309588314,-0.5146010764856858,0.31452323190983567,0.23424780836978623,-0.015530619464602548
-0.7573917958941442,-0.7236379354021708,-0.12131880658951891,-0.10592947153158858,-0.5146010764856858,0.31452323190983567,0.23424780836978623,-0.015530619464602548
-0.7516336372227229,-0.7195579299672056,0.3265943896577817,0.33320866137853844,-0.5146010764856858,0.31452323190983567,0.23424780836978623,-0.015530619464602548
0.03771940624792323,-0.2975814611056381,0.19879505327832955,0.19174761986267733,-0.2375500751839627,0.19297239967039018,0.19784259773877455,-0.14155696542136542
1.271218464148949,1.4070106354456187,0.544771606251332,0.55184964973059,-0.4413804547130875,0.19297239967039018,0.19784259773877455,-0.14155696542136542
0.9116276926015388,0.004359414917276902,0.9601277910453289,0.911951679598503,-0.3694791234228785,0.19297239967039018,0.19784259773877455,-0.14155696542136542
-0.8731069492040845,-0.801038363115818,-0.2966899175271255,-0.2662259404955511,-0.5146010764856858,0.6756888480314256,0.39930535200219186,-0.2238583653839335
-0.5529720653138054,-0.5873027246307432,0.35611912039816873,0.3706479655396865,-0.5146010764856858,0.6756888480314256,0.39930535200219186,-0.2238583653839335
-1.101544647587099,-0.9535931640754275,-0.9812688839750892,-0.942811478682843,-0.5146010764856858,0.5111715580608038,0.280315666573496,-0.2238583653839335
-1.101544647587099,-0.9535931640754275,-0.6116562163190543,-0.5827094488149303,-0.5146010764856858,0.5111715580608038,0.280315666573496,-0.2238583653839335
-0.8228571268113247,-0.7679015829885161,-0.16478047235944876,-0.14271735916409486,-0.5146010764856858,0.5111715580608038,0.280315666573496,-0.2238583653839335
0.08089684073720863,-0.1641260912398733,0.21249894632056684,0.24090552306929736,-0.5146010764856858,0.43748279601141793,0.27777770408959596,0.2392137402222713
-1.548970142912186,-1.5099774571914992,-1.10533721115395,-1.2286405398680142,-0.5146010764856858,-1.6926687115226535,-1.2107686054400522,-1.1649553854094217
-1.2831147072283935,-1.136455455452246,-0.48463449231557904,-0.6188682054790846,-0.5146010764856858,-1.6926687115226535,-1.2107686054400522,-1.1649553854094217
-0.29535411631751435,-0.41534253472250726,-0.8503008042659707,-0.886386076024169,-0.5146010764856858,-0.6598958638985087,-0.5672567588800036,-0.6349457918143607
-0.5918503027548709,-0.6133207847292484,-0.6208724723536886,-0.6569824174976718,-0.5146010764856858,-0.6598958638985087,-0.5672567588800036,-0.6349457918143607
-0.3374730056059496,-0.4434196416451902,-0.33456959312124496,-0.3799105025076654,-0.5146010764856858,-0.6598958638985087,-0.5672567588800036,-0.6349457918143607
-1.2280311451548258,-1.0572009780735225,-1.2283187010082037,-1.2534512922795142,-0.5146010764856858,-0.5576368421222394,-0.3546076301619808,-0.5425323519389827
-0.04823797881217521,-0.32858821261847526,-0.6056741722068358,-0.6132020391445735,-0.4816188144259568,-0.2558791948439557,-0.48758695619504183,-0.4031483029581935
-0.14167897617338507,-0.5649012439770356,-0.4075827196607025,-0.4190436990415031,-0.5146010764856858,-0.2558791948439557,-0.48758695619504183,-0.4031483029581935
-0.33357501940494577,-0.5510548468666215,-0.07040049138940192,-0.0887558048108481,-0.5146010764856858,-0.2447161405998042,-0.26855391727981115,-0.4184469754515015
-0.7963007843084797,-0.7500719255661484,-0.8636371464411561,-0.8655488584054215,-0.5146010764856858,-0.3755772033204428,-0.2905913290163864,-0.35210834821896614
-0.974174650159328,-0.869015142459445,-0.6854959341715541,-0.7112354264394538,-0.5146010764856858,-0.398447545514178,-0.521925583639496,-0.5656442605224196
-0.5062736636726348,-0.5565390444356532,-0.4726181204524167,-0.5049205566181436,-0.5146010764856858,-0.398447545514178,-0.521925583639496,-0.5656442605224196
-0.4527907104624369,-0.520832380829194,-0.05387113647051972,-0.09408144132249402,-0.5146010764856858,-0.398447545514178,-0.521925583639496,-0.5656442605224196
-0.5434685163946473,-0.5814069600640785,0.40244097377008564,0.3552891618649703,-0.5146010764856858,-0.398447545514178,-0.521925583639496,-0.5656442605224196
-0.47032406351774136,-0.474064596239591,-0.2978649361195996,-0.26930740916180784,-0.5146010764856858,0.05608405895594687,-0.02916565832550805,-0.37674011720650813
-0.5771055308101773,-0.7759452029014573,-0.18905684444373558,-0.16211595156359038,-0.5146010764856858,0.05608405895594687,-0.02916565832550805,-0.37674011720650813
-0.6168839309353916,-0.6302302370525047,-0.33251312874619005,-0.29688038762975905,-0.5146010764856858,0.5887326110824821,0.007729184504206895,-0.15604659984086397
-0.5968105610854686,-0.616489859846607,-0.1109906130443347,-0.07667460129168113,-0.5146010764856858,0.5887326110824821,0.007729184504206895,-0.15604659984086397
-0.9462797306621628,-0.850621599643412,-0.5689285366658879,-0.5945574790240248,-0.5146010764856858,-0.681534052439979,-0.30326875511072265,-0.5614159103034624
-0.43553902991098475,-0.5089540724661221,0.8123718916635,0.7564087497694153,-0.5146010764856858,-0.681534052439979,-0.30326875511072265,-0.5614159103034624
0.4068936060999086,0.20033089010651303,0.03521978109128573,0.108717504984771,-0.5146010764856858,1.001829094552542,0.7180870888709185,0.2392137402222713
0.36711520597469427,1.7649089405619767,0.37819624848636696,0.4509719688286165,-0.5146010764856858,1.001829094552542,0.7180870888709185,0.2392137402222713
0.03771940624792323,1.920909871754704,0.7240475021522228,0.7546485960378551,-0.5146010764856858,1.001829094552542,0.7180870888709185,0.2392137402222713
-1.2370177584280981,-1.070972109649922,-0.15855843237612413,-0.14903974417328322,-0.5146010764856858,0.49357330032644825,-0.18526505458214784,-0.2650015483401163
-0.11595573389620632,-0.29386093239066186,0.5131424928013697,0.5057268939206508,-0.5146010764856858,0.49357330032644825,-0.18526505458214784,-0.2650015483401163
-0.4527907104624369,-0.499806914579442,0.7518669056742165,0.7404068752325598,-0.5146010764856858,0.49357330032644825,-0.18526505458214784,-0.2650015483401163
-0.853986669294078,-0.7889031235022653,-0.3589075340616653,-0.3207789882600149,-0.5146010764856858,0.5983536494090004,0.20829635573453875,0.1987540799987407
-1.0397207280233725,-0.9131852485972493,0.008665041124157008,0.03932304160789784,-0.5146010764856858,0.5983536494090004,0.20829635573453875,0.1987540799987407
-0.6529413138995602,-0.6538839473866653,1.1912715194176415,1.1812334048298803,-0.5146010764856858,0.5964307458493718,0.1556008734869354,0.15718958369914338
-1.1503664192118244,-0.9866578340117296,-1.1479623264642316,-1.0482225591522127,-0.5146010764856858,0.7967176542265615,0.9318554768784126,0.5198606249503344
-0.19163654274196745,-0.344989391688653,0.008886865026755363,0.07718133015181014,-0.5146010764856858,0.7967176542265615,0.9318554768784126,0.5198606249503344
-0.42701601676615547,-0.5034420355421989,-0.1240156803590466,-0.06530433538636958,-0.5146010764856858,0.4246122321476483,0.5037803424942814,0.5898244221155214
-0.4101702749583103,-0.4920365543465302,0.24461480751939393,0.29366888526796864,-0.5146010764856858,0.4246122321476483,0.5037803424942814,0.5898244221155214
-1.6239233942280444,-1.6159133551802325,-0.9904396337874479,-0.9626702905883195,-0.5146010764856858,0.06770631034809431,0.19784259773877455,-0.14155696542136542
-0.2804386818346292,-0.40557846324550567,-0.5659614371273299,-0.5372135860683133,-0.5146010764856858,0.06770631034809431,0.19784259773877455,-0.14155696542136542
0.0013127326580340717,-0.21625376817331002,0.7682475947527811,0.7581645195519003,-0.5146010764856858,0.49259401778218287,-0.25604470859414324,-0.008173403112172541
0.10444235438789984,-0.14808831776653844,1.2558584353698867,1.2353010680129246,-0.5146010764856858,0.49259401778218287,-0.25604470859414324,-0.008173403112172541
-1.3612505426412496,-1.244530303896596,-1.0354976174496382,-1.1456104249901078,-0.5146010764856858,-1.3302808482928103,-1.1572205027559506,-1.0588882548439382
-1.2644378187447152,-1.11005452931972,-0.5007635675550427,-0.6066080494451861,-0.5146010764856858,-1.3302808482928103,-1.1572205027559506,-1.0588882548439382
-0.6321890928837451,0.66261702144977,-0.6024280412723108,-0.5710572628085814,-0.5146010764856858,0.19193985555590568,-0.15208506338683808,-0.15604659984086397
-0.8414263621427589,-0.7794399313508793,-0.38035529845150706,-0.35395881599816886,-0.5146010764856858,0.19193985555590568,-0.15208506338683808,-0.15604659984086397
0.2403754016433652,-0.05860756853289229,-0.6837917508387064,-0.6313453666565311,-0.5146010764856858,0.44341322794949267,0.4065639525541832,0.20003485845043872
-0.024634962335880237,-0.23516486596592354,-0.23760729112707574,-0.18821322191071196,-0.5146010764856858,0.44341322794949267,0.4065639525541832,0.20003485845043872
-0.8991420187185633,-0.8186357958966809,-0.7157068377399588,-0.6972757385257976,-0.5146010764856858,0.2218076422116447,0.0441063275955506,-0.2187927863330038
-0.38538700539360254,-0.4757707693787411,-0.49284557325043626,-0.4841854969885972,-0.5146010764856858,0.2218076422116447,0.0441063275955506,-0.2187927863330038
-0.5340483330135453,-0.5748711537605597,0.2372525497021901,0.23356231913592365,-0.5146010764856858,0.2218076422116447,0.0441063275955506,-0.2187927863330038
-0.5771055308101773,1.7072313687630716,-0.570747697011617,-0.7112354264394538,-0.5146010764856858,-1.7563517086712934,-1.1883223312812454,-1.0298929953130038
-0.6794585628815325,0.8186968450006845,-0.38160435019343925,-0.29688038762975905,-0.5146010764856858,-1.7563517086712934,-1.1883223312812454,-1.0298929953130038
-0.3571780358812406,0.23524658493180398,0.0774477774222559,-0.03765603866381967,-0.5146010764856858,-1.7563517086712934,-1.1883223312812454,-1.0298929953130038
-0.988398619950598,-0.72757045414533,-0.9123456153513654,-1.0041493834742468,-0.5146010764856858,-1.7563517086712934,-1.1883223312812454,-1.0298929953130038
-1.6369404508096461,1.8580016512825712,-1.5652028454408984,-1.6608431447017766,-0.5146010764856858,-1.7563517086712934,-1.1883223312812454,-1.0298929953130038
-1.2831147072283935,-1.136455455452246,-0.4029427342685298,-0.3371737086578845,-0.5146010764856858,1.0862547712309676,0.40414667641611285,0.09263411068427067
-1.0857518038581935,-0.9431229431404421,-0.0373126051533703,0.024585058055427707,-0.5146010764856858,1.0862547712309676,0.40414667641611285,0.09263411068427067
-0.8106536543598536,-0.7600083199500385,-0.6584677260807669,-0.6188682054790846,-0.5146010764856858,0.43748279601141793,0.28538415004566275,0.20642263576408912
-0.5200712070388572,-0.5656056265881823,-0.1882858163702954,-0.1554193461138979,-0.5146010764856858,0.43748279601141793,0.28538415004566275,0.20642263576408912
-1.4131395737940042,-1.3173187559010258,-1.181178278469208,-1.1456104249901078,-0.5146010764856858,0.07825138351585532,-0.0263088773529583,-0.24086642053867213
-0.8731069492040845,-0.801038363115818,-0.7185167885554501,-0.6972757385257976,-0.5146010764856858,0.07825138351585532,-0.0263088773529583,-0.24086642053867213
-1.0771637288534555,-0.7468110809651147,-1.1741387505944787,-1.1255340722085805,0.11206190264916392,0.6927322974604305,0.26249753134732456,0.10903145164825394
-0.9394177646992853,-0.5120476927308382,-0.8141161949463577,-0.7730862022634828,0.11206190264916392,0.6927322974604305,0.26249753134732456,0.10903145164825394
-1.2831147072283935,1.9676841859749585,-0.7132262222505501,-0.7112354264394538,-0.5146010764856858,-0.12990344198433124,-0.046372768861968186,-0.3288796662277286
-0.19163654274196745,-0.5510548468666215,0.4717250009698603,0.4509719688286165,-0.5146010764856858,-0.12990344198433124,-0.046372768861968186,-0.3288796662277286
-0.6589170045265825,0.9839635086983038,-0.15688367956212051,-0.15721602956335903,-0.5146010764856858,-0.13318302488946562,-0.21580166758160396,-0.3544635474458883
-0.2767419689955323,-0.40317231840225026,-0.6961217430289873,-0.6701592722345451,-0.5146010764856858,0.4493374705332273,-0.009233984871316022,-0.058918272060555006
-0.4227797429519236,-0.5004105991389681,-0.20060092490800732,-0.18821322191071196,-0.5146010764856858,0.4493374705332273,-0.009233984871316022,-0.058918272060555006
-0.3219652412573516,-0.43299251242690834,0.3319503700879669,0.33320866137853844,-0.5146010764856858,0.4493374705332273,-0.009233984871316022,-0.058918272060555006
-0.974174650159328,0.28217616002125384,-1.0338253852606794,-1.0258415935607492,-0.5146010764856858,-0.22801261333225828,-0.020604742003956535,-0.40124673481578793
-1.0624896520155527,-0.11529809266686958,-0.6923436646970328,-0.6972757385257976,-0.5146010764856858,-0.22801261333225828,-0.020604742003956535,-0.40124673481578793
-1.2191191104446806,-0.5058829514569442,-0.50506153191266,-0.5155213759818105,-0.5146010764856858,-0.22801261333225828,-0.020604742003956535,-0.40124673481578793
-1.3117535782754441,-1.1764304295870867,-0.9734848589040217,-1.0952360569376225,-0.5146010764856858,-1.9052932410334975,-1.1356121803249322,-1.143142451867193
-1.3920821536421888,-0.0502037632692759,-0.6303182686104569,-0.7548539479879871,-0.5146010764856858,-1.9052932410334975,-1.1356121803249322,-1.143142451867193
-0.8352008721323173,-0.7759452029014573,-0.15722511384266752,-0.29688038762975905,-0.5146010764856858,-1.9052932410334975,-1.1356121803249322,-1.143142451867193
-0.5293690488375105,0.09306782323608644,0.282453276745785,0.3328881607122998,-0.5146010764856858,0.7491770242713021,0.5862351942408215,0.02521917801322094
0.38718857582461735,0.2298272724472766,0.6250801777088865,0.6685275971460191,-0.5146010764856858,0.7491770242713021,0.5862351942408215,0.02521917801322094
-1.0624896520155527,-0.9278888442308304,-0.461079033724669,-0.5710572628085814,-0.5146010764856858,-1.2591654407832518,-1.0918042028178088,-1.0501315378857436
-0.717718375877456,-0.6977964404984782,-0.017658224926175824,-0.13645117387616618,-0.5146010764856858,-1.2591654407832518,-1.0918042028178088,-1.0501315378857436
-0.8290112641079226,-0.7713301047518473,-0.5901055739489939,-0.49759370755401566,-0.5146010764856858,0.5973922790529491,0.8860745138744929,0.8480739249401097
-0.17472447637990215,-1.7191404451774874,-0.18530089190576918,-0.100573201921937,-0.5146010764856858,0.5973922790529491,0.8860745138744929,0.8480739249401097
0.37719879197927303,-0.7457297045035589,0.05581207467328832,0.13551800701313538,-0.5146010764856858,0.5973922790529491,0.8860745138744929,0.8480739249401097
0.07026413982409735,-0.5963036468058597,0.2372899190732463,0.3130568260028762,-0.5146010764856858,0.5973922790529491,0.8860745138744929,0.8480739249401097
0.181806143235108,-0.3664293910181597,0.35980663385605416,0.43312440280454934,-0.5146010764856858,0.5973922790529491,0.8860745138744929,0.8480739249401097
-1.101544647587099,-0.9535931640754275,-0.4093931534102228,-0.4254063652542823,-0.5146010764856858,-0.21468509105945718,-0.20354382691971332,-0.559306131587289
-0.7066472054579349,-0.6901532041911188,-0.09343718230880932,-0.11798004195274989,-0.5146010764856858,-0.21468509105945718,-0.20354382691971332,-0.559306131587289
-0.7807382375228894,-0.7392989617862424,-0.3980413661691113,-0.5262840461562559,-0.5146010764856858,-1.1404077357828795,-0.8809806069393786,-1.143142451867193
-0.7690015740417382,-0.7319181473154015,-0.055133924126256305,-0.18821322191071196,-0.5146010764856858,-1.1404077357828795,-0.8809806069393786,-1.143142451867193
-0.8925738391037881,-0.8135326851220063,0.24254431263100473,0.10429779644306283,-0.5146010764856858,-1.1404077357828795,-0.8809806069393786,-1.143142451867193
-1.2552197877312283,-1.094971594642068,-0.44768418591406506,-0.47404228309588314,-0.5146010764856858,-0.3973018373149617,-0.546236142608872,-0.5635286172353096
-1.331279461996093,-1.2042829806536564,-0.09222856907096554,-0.13024019798664835,-0.5146010764856858,-0.3973018373149617,-0.546236142608872,-0.5635286172353096
-1.246080208996646,-1.0828013783218107,0.27260345578021794,0.22614181689898302,-0.5146010764856858,-0.3973018373149617,-0.546236142608872,-0.5635286172353096
-1.1256781130834708,0.0885992389180982,-0.20860184141354857,-0.3207789882600149,-0.5146010764856858,-1.2564992071721153,-1.0961143093305128,-1.0184477902660303
-1.3117535782754441,-1.1764304295870867,0.10424015920310947,-0.011051326444587502,-0.5146010764856858,-1.2564992071721153,-1.0961143093305128,-1.0184477902660303
-1.3021221772197804,-1.161715446752257,-0.6071352919243009,-0.5710572628085814,-0.5146010764856858,0.5238475654410967,0.280315666573496,0.036664383060194296
-1.0397207280233725,-0.9131852485972493,-0.2007576388053147,-0.1749120498816994,-0.5146010764856858,0.5238475654410967,0.280315666573496,0.036664383060194296
-1.0548462459459282,-0.9229305413453168,0.12395634231285525,0.1431117020210765,-0.5146010764856858,0.5238475654410967,0.280315666573496,0.036664383060194296
-0.11278322340777595,-0.29386093239066186,-0.5197918263940774,-0.4254063652542823,-0.5146010764856858,0.5713735417321293,1.0343708908513463,0.8762483674654237
-0.219262349590359,-0.36467355781288957,0.6011594409183969,0.6724991073872107,-0.5146010764856858,0.5713735417321293,1.0343708908513463,0.8762483674654237
-1.4025592515673713,-1.30495853855283,-1.0840717966088145,-1.0041493834742468,-0.5146010764856858,0.5617066264977393,0.4473165105808271,0.3405706873760742
-0.6270630973787599,-0.6368543301749711,-0.337235039388278,-0.28138655068133234,-0.5146010764856858,0.5617066264977393,0.4473165105808271,0.3405706873760742
-0.49717281243113504,-0.5503743031617591,0.03100249819719882,0.08177379722967261,-0.5146010764856858,0.5617066264977393,0.4473165105808271,0.3405706873760742
-0.9601366199441974,-0.8590114904059901,-0.8507273375229373,-0.7855083951221951,-0.5146010764856858,0.38183125953127,0.42582144849295855,0.7979101557990795
-0.6529413138995602,-0.6538839473866653,-0.3325986204804451,-0.2737654904746051,-0.5146010764856858,0.38183125953127,0.42582144849295855,0.7979101557990795
-0.46591381494017114,0.12309001548390756,-0.16562808087570466,-0.11192900734656105,-0.2507429800078543,0.6156305316281288,0.48275025310609176,0.7752682437283444
-0.5108531760253703,-0.559308085685565,0.10865534179727267,0.1596993191784614,-0.3167075041273122,0.6156305316281288,0.48275025310609176,0.7752682437283444
-0.24403200824473992,-0.38120053148023736,0.39803341537633763,0.44279074118220724,-0.3167075041273122,0.6156305316281288,0.48275025310609176,0.7752682437283444
-0.9462797306621628,-0.4178192413969019,-0.3503598568915636,-0.29852717243430354,-0.18477845588839642,0.6880031367655435,0.5635928802717013,0.7752682437283444
-1.047256857331576,-0.9180297829260815,-0.6524258534741877,-0.6440473536063341,-0.5146010764856858,0.3286537081883598,-0.1371424948145019,-0.3993475391857169
-1.2737356605433685,-0.48208638683269656,-0.48962795280457805,-0.4841854969885972,-0.5146010764856858,0.3286537081883598,-0.1371424948145019,-0.3993475391857169
-1.2552197877312283,-0.18650363259385122,-0.29157232439912345,-0.2890909028126855,-0.5146010764856858,0.3286537081883598,-0.1371424948145019,-0.3993475391857169
0.8824345809050299,0.47203957104689914,1.2963181861495245,1.4610711544743664,0.6859532624884472,0.6060387563587989,0.3451980203312062,0.1648078493032011
-0.42701601676615547,-0.5034420355421989,-0.12807278010120574,-0.016292549125707257,-0.5146010764856858,1.247144297654382,1.5221725706895195,0.8729606661872846
-0.11913764442944688,-0.2975814611056381,0.0783836440856014,0.18387109989477451,-0.5146010764856858,1.247144297654382,1.5221725706895195,0.8729606661872846
-1.246080208996646,-1.0828013783218107,-0.6318679595711467,-0.5827094488149303,-0.5146010764856858,0.7002907689550436,0.1609188824701556,-0.027376633334720853
-0.853986669294078,-0.7889031235022653,-0.42410452888701283,-0.3799105025076654,-0.5146010764856858,0.7002907689550436,0.1609188824701556,-0.027376633334720853
-0.7631809960021507,-0.7277577463966198,0.17070096464177079,0.1995371046797507,-0.5146010764856858,0.7002907689550436,0.1609188824701556,-0.027376633334720853
-0.6848415015673848,-0.6752696450022838,0.37640841543251885,0.40039673421165806,-0.5146010764856858,0.7002907689550436,0.1609188824701556,-0.027376633334720853
-0.5529720653138054,-0.5873027246307432,-0.11765017339033097,-0.04858557857587691,-0.5146010764856858,0.8521427772706845,0.7245068902618104,0.5250399599915232
-0.7011541294437146,-0.6863828463088809,0.1451931287457297,0.2110622856946295,-0.5146010764856858,0.8521427772706845,0.7245068902618104,0.5250399599915232
-0.4441302278853934,-0.5145390113285363,0.3410870579383352,0.40039673421165806,-0.5146010764856858,0.8521427772706845,0.7245068902618104,0.5250399599915232
-1.5611046677202634,-1.5268034789711264,-1.1839903918310661,-1.0930516961506873,-0.5146010764856858,1.0250601505248325,0.8230620959825874,0.3820251278939261
-0.47919927121808187,-0.5383084172379489,-0.36988606483994313,-0.31272242967454567,-0.5146010764856858,0.5033568450678093,0.3627043421550109,0.4841659043085221
-0.668772962088146,-0.6644414292151719,0.08666187616626865,0.13890308532201434,-0.5146010764856858,0.5033568450678093,0.3627043421550109,0.4841659043085221
-0.39358470947113,-0.4809310447235694,0.0599369965177205,0.07718133015181014,-0.5146010764856858,0.47100694810393406,0.038542959644609937,-0.10045651162910464
-0.26208107208656006,-0.393213605513164,0.8967012815036711,0.8948267596687276,-0.5146010764856858,0.47100694810393406,0.038542959644609937,-0.10045651162910464
-1.747180132912237,-1.6314590595233445,-0.4611330015843417,-0.5155213759818105,-0.5146010764856858,-0.9390090117220238,-1.057578907474103,-0.7837988392584494
-1.2280311451548258,-0.9885729269878747,-0.34798061883622805,-0.40685421026276375,-0.5146010764856858,-0.9390090117220238,-1.057578907474103,-0.7837988392584494
-0.3732066023832621,-0.46730801565722646,-0.5235509215786069,-0.4640429494370087,-0.5146010764856858,0.7200840038424318,0.07174548564980136,-0.031842763971405896
-0.219262349590359,-0.36467355781288957,0.09950208273118281,0.1431117020210765,-0.5146010764856858,0.7200840038424318,0.07174548564980136,-0.031842763971405896
-0.6956890081357814,-0.6826458548630605,-0.1992421025873676,-0.1554193461138979,-0.5146010764856858,0.7715986910289853,0.013358998812665264,-0.05588598998205632
-0.8228571268113247,-0.7679015829885161,0.1646713846276557,0.20339980586902634,-0.5146010764856858,0.7715986910289853,0.013358998812665264,-0.05588598998205632
-0.22980803845346984,-0.3717411249223598,0.7122535960718054,0.7188607634565805,-0.5146010764856858,0.2892024153064917,0.223898379574634,0.5031673242716882
-0.974174650159328,-0.869015142459445,-0.4849321876047835,-0.41606925917181975,-0.5146010764856858,0.8539809933663275,0.6726977695452231,0.40345704688009515
-1.1175732140891201,-0.9643296053927469,-0.055569628923654635,0.004442510503839034,-0.5146010764856858,0.8539809933663275,0.6726977695452231,0.40345704688009515
-0.7345421249551002,0.5992497998890827,-0.5684325959726284,-0.5262840461562559,-0.5146010764856858,0.6471688855722315,0.43061355423864045,-0.1788638058608009
-0.7011541294437146,-0.6863828463088809,-0.2203497113665582,-0.18821322191071196,-0.5146010764856858,0.6471688855722315,0.43061355423864045,-0.1788638058608009
0.830540583550203,0.24002430060214613,0.9185891318329465,1.044542823374332,-0.2375500751839627,0.3033959854007466,-0.08492732147189924,-0.020849920509625752
-0.7631809960021507,-0.12761025570178808,-0.26370784686829507,-0.19495912222446757,-0.5146010764856858,0.8622456071830995,0.6748772807877191,0.587841092714369
-0.2088192136208508,-0.5579212953506,-0.03961755028763576,0.006992029388611914,-0.5146010764856858,1.1365762606322372,0.223898379574634,0.2761922007445583
-0.3181230403096945,-0.1807970960556342,0.14339458219803403,0.18624331033273098,-0.5146010764856858,1.1365762606322372,0.223898379574634,0.2761922007445583
-0.22276608522472058,-0.6591296953109719,0.31091660591073755,0.313715957610737,-0.5146010764856858,0.34073761110995215,-0.3224018933933692,-0.30371867849750583
-0.17808564976327423,-0.30512232716341253,0.5196635523624314,0.5206205719198019,-0.5146010764856858,0.34073761110995215,-0.3224018933933692,-0.30371867849750583
-0.34925258279244764,-0.45141251012757105,0.957443090161716,0.936475051154776,-0.5146010764856858,-0.09612490889485129,-0.3224018933933692,-0.4416871993936958
-1.5857929738486172,-1.5618643968300798,-0.31499540595789227,-0.3371737086578845,-0.5146010764856858,-0.11026563601197108,-0.3610970665172168,-0.43973690431583456
-1.1928183505309369,-1.014293309415538,-0.08221228455700307,-0.10592947153158858,-0.5146010764856858,-0.11026563601197108,-0.3610970665172168,-0.43973690431583456
-1.6550601213978662,-1.6596516486783917,-0.49659878633346954,-0.5183039014230135,-0.5146010764856858,-0.114623725480358,-0.3676027875478794,-0.4573801744666051
-1.548970142912186,-1.5099774571914992,-0.5794427678349405,-0.6972757385257976,-0.5146010764856858,-1.7519869170269815,-1.3119084279433615,-1.1064610359550868
-1.0779416311108039,-0.93798360249337,-0.4006929155287152,-0.5262840461562559,-0.5146010764856858,-1.7519869170269815,-1.3119084279433615,-1.1064610359550868
-0.7690015740417382,-0.7319181473154015,-0.6065793477215707,-0.6569824174976718,-0.5146010764856858,-0.7603659425320166,-0.8849538314262667,-0.664026274036583
-1.1338446468825167,-0.9753461591558725,-0.0648596802126403,-0.1240834671206846,-0.5146010764856858,-0.7603659425320166,-0.8849538314262667,-0.664026274036583
-1.1928183505309369,-1.014293309415538,0.10665721591436896,0.04416801740279652,-0.5146010764856858,-0.7603659425320166,-0.8849538314262667,-0.664026274036583
-1.0174245495779106,-0.8974268052333028,-0.2705180038141463,-0.20864773103336123,-0.5146010764856858,0.8604100659371138,0.0441063275955506,0.03381113930064512
-0.3532079980166644,-0.45411077667230265,0.13648340251817245,0.18782036066216118,-0.5146010764856858,0.8604100659371138,0.0441063275955506,0.03381113930064512
-0.9394177646992853,-0.8451195377340163,-0.6889675062069964,-0.6188682054790846,-0.5146010764856858,0.8134020886039509,0.6153776283088829,0.37633463491157004
-0.7866550239467538,-0.7435752239245172,-0.18727129540593834,-0.1240834671206846,-0.5146010764856858,0.8134020886039509,0.6153776283088829,0.37633463491157004
-0.7690015740417382,-0.7319181473154015,-0.5261888176117494,-0.5483152517786247,-0.5146010764856858,-0.3052591217375071,-0.3741248751895719,-0.33979157747165073
-0.3691769765695354,-0.46452437157935517,-0.06701911959956282,-0.09408144132249402,-0.5146010764856858,-0.3052591217375071,-0.3741248751895719,-0.33979157747165073
-0.10018608166764849,-0.2865167946278364,0.4498766080126651,0.41195340620075505,-0.5146010764856858,-0.3052591217375071,-0.3741248751895719,-0.33979157747165073
-0.34925258279244764,-0.45141251012757105,0.27047966084212877,0.3004147855817244,-0.5146010764856858,0.6012367839433836,0.06348463382677073,-0.1351611362638951
-0.2991155703183075,-0.4178192413969019,0.7007306410820856,0.7203425111450614,-0.5146010764856858,0.6012367839433836,0.06348463382677073,-0.1351611362638951
-0.06932493440918029,-0.2652209910577879,0.13276079952422573,0.18387109989477451,-0.5146010764856858,0.9188549709551307,-0.26855391727981115,0.0621057290378324
0.14257277476732708,-0.8719174032134606,0.5233371948922737,0.5681093109838284,-0.5146010764856858,0.9188549709551307,-0.26855391727981115,0.0621057290378324
0.06758943353652526,-0.9020928999746626,0.6625029860297231,0.7034905245102677,-0.5146010764856858,0.9188549709551307,-0.26855391727981115,0.0621057290378324
-0.989831434064833,-0.7544592614212804,-0.16071448120560772,-0.12906627397972403,-0.5146010764856858,0.6690469954096873,0.3105789884749132,0.6839718359482078
-0.024926821019375774,-0.4920365543465302,-0.08558371119282868,-0.054558754902787894,-0.5146010764856858,0.6690469954096873,0.3105789884749132,0.6839718359482078
-0.886045587879243,-0.8097454195791599,-0.8511806531352715,-0.8013504371669821,-0.5146010764856858,0.7388707535864454,0.20829635573453875,0.022344379991542894
-0.6270630973787599,-0.6368543301749711,-0.4761946027318396,-0.4254063652542823,-0.5146010764856858,0.7388707535864454,0.20829635573453875,0.022344379991542894
-1.0248052935404872,-0.9020928999746626,-0.39639191040155536,-0.328928688313975,-0.5146010764856858,0.8466245546192492,0.6770549612771715,0.38542924060602085
-0.4312690679461953,-0.5058829514569442,0.5020765502565253,0.55184964973059,-0.5146010764856858,0.8466245546192492,0.6770549612771715,0.38542924060602085
-1.5611046677202634,-1.5268034789711264,-0.3021954106869394,-0.3207789882600149,-0.5146010764856858,0.48475366950017534,-0.037754937756802075,-0.559306131587289
-1.0248052935404872,-0.9020928999746626,0.3213108905806496,0.29027157168901024,-0.5146010764856858,0.48475366950017534,-0.037754937756802075,-0.559306131587289
-1.2644378187447152,-1.11005452931972,-0.8059828787546176,-0.7400125323755782,-0.5146010764856858,0.29021741955662533,0.752143781839508,0.5384243318501168
-0.8603223456020643,0.45022697557635805,-0.4529926480851564,-0.38877780437197385,-0.5146010764856858,0.29021741955662533,0.752143781839508,0.5384243318501168
-0.6529413138995602,-0.6538839473866653,-0.23287377684968513,-0.1749120498816994,-0.5146010764856858,0.29021741955662533,0.752143781839508,0.5384243318501168
-0.9531858253267089,-0.8547957088605757,0.13617453470451524,0.18387109989477451,-0.5146010764856858,0.7902159961851287,0.4138022870940886,0.3170430922606573
-0.6017938369385311,-0.6196828979522697,0.5420393436294196,0.57949794645314,-0.5146010764856858,0.7902159961851287,0.4138022870940886,0.3170430922606573
-0.6581926398615131,-0.6573738621057018,-0.28675345063031565,-0.2368491397523128,-0.5146010764856858,0.7002907689550436,0.2752372546258925,0.007888382456544088
-0.8925738391037881,-0.8135326851220063,-0.041364839523608816,-0.0006843572085414318,-0.5146010764856858,0.7002907689550436,0.2752372546258925,0.007888382456544088
-1.0174245495779106,-0.8974268052333028,-0.8523071190372954,-0.7855083951221951,-0.5146010764856858,0.8833117804274145,0.4425552081034078,0.007888382456544088
-0.7985873024779575,-0.7511644935170898,-0.20994183687558862,-0.1554193461138979,-0.5146010764856858,0.8833117804274145,0.4425552081034078,0.007888382456544088
-1.1420737600947275,-0.9809641215401267,0.3206697453439931,0.2695365120594641,-0.5146010764856858,-0.685148450049355,-0.4604398131684673,-0.6173223810705172
-1.2280311451548258,-1.0572009780735225,0.4878740824407151,0.43173261320487116,-0.5146010764856858,-0.685148450049355,-0.4604398131684673,-0.6173223810705172
-0.15477540701270529,-0.32062048043643626,0.15628706176443982,0.2148625170178313,-0.5146010764856858,0.19710069894598733,0.6198321456767107,1.0060268131219319
0.03219808807353324,-0.19815339976358104,0.632209453969652,0.6803756273551137,-0.5146010764856858,0.19710069894598733,0.6198321456767107,1.0060268131219319
-1.2925763897504268,-1.1474960131533878,-0.9401885046479921,-1.0713374563073665,-0.5146010764856858,-2.2249158318290307,-1.5731054201062395,-1.2095419858668832
-1.0548462459459282,-0.9229305413453168,-0.1271947540593286,-0.2662259404955511,-0.5146010764856858,-2.2249158318290307,-1.5731054201062395,-1.2095419858668832
-2.682244632385108,-1.421060739761763,-0.17837982522312465,-0.2093391888654044,0.1318512598850013,0.04549768652211838,-0.38721848115444313,-0.4242238518348419
-1.725629696969819,-1.2107300872188937,0.045248459374665685,0.009532360798023538,0.13844771229694708,0.04549768652211838,-0.38721848115444313,-0.4242238518348419
-0.6634697709686493,-1.0288202502308144,0.3451187065983683,0.3034295066549986,0.1450441647088929,0.04549768652211838,-0.38721848115444313,-0.4242238518348419
-2.4915467446180948,-0.4381738937208837,0.4660445574534602,0.42332367210606664,-0.5146010764856858,-0.028091390424701698,-0.3546076301619808,-0.4573801744666051
-0.9258239880044571,-0.8369985705770691,-0.6924304223637642,-0.6569824174976718,-0.5146010764856858,0.5471753157535869,0.17680776858946237,-0.2238583653839335
-0.7289048730637334,-0.7045996738210407,-0.009049986538659455,0.014585724396553049,-0.5146010764856858,0.5471753157535869,0.17680776858946237,-0.2238583653839335
-0.7402091250152608,-0.7125114233333077,0.28028094623728694,0.2660205885454189,-0.5146010764856858,0.3638267682136429,-0.11932435958833075,-0.07570466382878481
-0.804603531206328,-0.7555632549323693,0.6020325264781491,0.5817537602284986,-0.5146010764856858,0.3638267682136429,-0.11932435958833075,-0.07570466382878481
-1.0936191944983058,-0.9483256037449347,-0.49922498047573444,-0.4254063652542823,-0.5146010764856858,1.1511588208489012,0.7008894903503607,0.1319627552240831
-0.6321890928837451,-0.6402057547307637,0.016274402123050324,0.08177379722967261,-0.5146010764856858,1.1511588208489012,0.7008894903503607,0.1319627552240831
-0.8603223456020643,-0.7925072188722541,0.2110414391927255,0.2695365120594641,-0.5146010764856858,1.1511588208489012,0.7008894903503607,0.1319627552240831
-1.0936191944983058,-0.9483256037449347,-0.6014676233666068,-0.5827094488149303,-0.5146010764856858,0.48377286409752174,0.17416637409682525,-0.3198457815520824
-1.1928183505309369,-1.014293309415538,-0.0708034892344098,-0.05968724428618834,-0.5146010764856858,0.48377286409752174,0.17416637409682525,-0.3198457815520824
-1.3920821536421888,-1.2890216556014111,-1.1151606110335905,-1.0952360569376225,-0.5146010764856858,0.6671478949390627,0.30807049435539335,-0.20536641395113
-1.3214721425160356,-1.1885831323856826,-0.852183141132269,-0.8341443129637959,-0.5146010764856858,0.6671478949390627,0.30807049435539335,-0.20536641395113
-1.1338446468825167,-0.9753461591558725,-0.6475757707475546,-0.6313453666565311,-0.5146010764856858,0.6671478949390627,0.30807049435539335,-0.20536641395113
-1.0248052935404872,-0.9020928999746626,-0.2251418018828557,-0.21559302074266148,-0.5146010764856858,0.5218992519660766,-0.0753075387452271,-0.33432584413050714
-0.37725140573116384,-0.4701101312974015,0.014657918505348522,0.019603120689620463,-0.5146010764856858,0.5218992519660766,-0.0753075387452271,-0.33432584413050714
-1.351166956636671,-1.2306839067861821,-0.6579973828746778,-0.6188682054790846,-0.5146010764856858,0.5935451686015634,0.1395810791343035,0.18200514563789363
-0.7985873024779575,-0.7511644935170898,-0.15030614434230238,-0.1240834671206846,-0.5146010764856858,0.5935451686015634,0.1395810791343035,0.18200514563789363
-1.070187849994131,-0.9329060590235759,-0.21019614526297586,-0.16185721006564113,-0.5146010764856858,0.6404935586750653,0.3330468770342987,0.24419641275647128
-0.6477155419363306,-0.65042263884763,0.1592680954112559,0.1995371046797507,-0.5146010764856858,0.6404935586750653,0.3330468770342987,0.24419641275647128
-1.732765231656456,-1.7684717040473839,-0.08933503780363197,-0.14271735916409486,-0.5146010764856858,-0.7445117381557244,-0.42024476816578316,-0.6708167913201452
-1.8068562637214107,-1.8728611634166064,0.1917362503396929,0.13466919149426734,-0.5146010764856858,-0.7445117381557244,-0.42024476816578316,-0.6708167913201452
-0.879556782522186,-0.8059918190642318,0.01734089879325404,0.07255874832061648,-0.5146010764856858,0.7398084609072795,0.5292542528272473,0.3429035692120603
-0.5340483330135453,-0.5748711537605597,0.5639651900405676,0.6104407720750059,-0.5146010764856858,0.7398084609072795,0.5292542528272473,0.3429035692120603
0.14257277476732708,0.707108373154585,0.8134757122690391,0.8580595081862572,-0.30351459930342056,0.3205834580232626,0.06624117685122868,0.7901106249861083
-1.2370177584280981,-1.070972109649922,-0.7657320139725433,-0.7112354264394538,-0.5146010764856858,0.7313635132741654,0.19784259773877455,0.24419641275647128
-1.1671463546577816,-0.9982808781541457,-0.44745267818278883,-0.3977580685317326,-0.5146010764856858,0.7313635132741654,0.19784259773877455,0.24419641275647128
-1.4346181701525365,-1.3489989801480946,-0.5934112343129276,-0.5155213759818105,-0.5146010764856858,0.8309603954520111,0.5726735496964889,0.6212112062547012
-1.3021221772197804,-1.161715446752257,-0.17749694178211586,-0.11192900734656105,-0.5146010764856858,0.8309603954520111,0.5726735496964889,0.6212112062547012
-1.354397004217685,-1.2341031746783144,-0.40959538236249554,-0.34854397456319625,-0.5146010764856858,0.872330488102938,0.692247720781189,1.1283901000390095
-1.1256781130834708,-0.9698019577107232,-0.6257530737658834,-0.6440473536063341,-0.5146010764856858,0.2973173720191421,0.2290782583612656,-0.1495897286534685
-0.9258239880044571,-0.8369985705770691,-0.22368894408950604,-0.2440793693212927,-0.5146010764856858,0.2973173720191421,0.2290782583612656,-0.1495897286534685
-1.1256781130834708,-0.9698019577107232,-0.19527751363705512,-0.2587661756111718,-0.5146010764856858,-0.685148450049355,-0.818223449528522,-0.6685499180791044
-1.1928183505309369,-1.014293309415538,0.22839598940167136,0.1596993191784614,-0.5146010764856858,-0.685148450049355,-0.818223449528522,-0.6685499180791044
-1.3021221772197804,-1.161715446752257,0.07357402683564537,0.05375920213398161,-0.5146010764856858,0.2739555319690998,-0.10162785080633092,-0.25461102949726333
-1.2925763897504268,-1.1474960131533878,0.40783952526642314,0.38269853596084763,-0.5146010764856858,0.2739555319690998,-0.10162785080633092,-0.25461102949726333
-0.34531168288609687,-0.24494778868631434,-0.31555334098349097,-0.2440793693212927,-0.5146010764856858,0.9892805725383178,0.20307474577147408,0.11716435665862641
-0.22980803845346984,-0.23195361644128362,-0.11787662556265714,-0.05411455753254618,-0.5146010764856858,0.9892805725383178,0.20307474577147408,0.11716435665862641
-0.3900336526170452,-0.4786298004590351,0.5126364699835281,0.521111649057912,-0.5146010764856858,0.5248214714662608,0.3503882692524591,0.15850580090180785
-1.070187849994131,-0.9329060590235759,-0.21789533502192204,-0.2513845248831417,-0.5146010764856858,-0.14741648712553163,-0.274831228991354,-0.4672710806118556
-0.9325993670679277,-0.8410395322990509,0.12576871304180395,0.08633653939330783,-0.5146010764856858,-0.14741648712553163,-0.274831228991354,-0.4672710806118556
-1.3920821536421888,-1.2890216556014111,-0.503309686160143,-0.4944767922185324,-0.5146010764856858,0.47100694810393406,-0.1974365721042361,0.004980635440480921
-1.548970142912186,-1.5099774571914992,-0.23669258373960345,-0.2368491397523128,-0.5146010764856858,0.47100694810393406,-0.1974365721042361,0.004980635440480921
-1.650117229860392,-1.6521940194886369,-0.8684618513376857,-0.942811478682843,-0.5146010764856858,-0.9465758796549117,-0.953447300763593,-0.8769984787213084
-1.5857929738486172,-1.5618643968300798,-0.18090005588874206,-0.2737654904746051,-0.5146010764856858,-0.9465758796549117,-0.953447300763593,-0.8769984787213084
-0.981263085263961,-0.8733760481092983,-0.8578739742892202,-0.8511316699692889,-0.5146010764856858,0.06559494292417856,-0.4705867085882377,-0.4184469754515015
-1.0174245495779106,-0.8974268052333028,-0.13895907992627313,-0.1554193461138979,-0.5146010764856858,0.06559494292417856,-0.4705867085882377,-0.4184469754515015
1.4025445103276715,2.3785540969746606,0.04038859389510031,0.1261243450155837,0.2242015936522423,1.0107753710359408,0.8840655804378531,0.4487017034996297
-1.6369404508096461,-1.6341065746375156,-0.5071082923722423,-0.5262840461562559,-0.5146010764856858,-0.1605868207687115,-0.39708226656084933,-0.4495134639345727
-1.6769659787737856,-1.6898619796138736,-0.18952980853893156,-0.21559302074266148,-0.5146010764856858,-0.1605868207687115,-0.39708226656084933,-0.4495134639345727
-0.43982603767730466,1.6357148613564312,-0.46100766828542383,-0.35395881599816886,2.519767033009376,-0.3030052359609297,0.8435564989172806,1.546167094197366
-0.2878705040164031,1.2582758821158642,0.02685916549618557,0.1261243450155837,1.2664410747396766,-0.3030052359609297,0.8435564989172806,1.546167094197366
-1.4238251745873907,-1.3335130073062258,-0.6185394540604272,-0.5945574790240248,-0.5146010764856858,0.629987873201121,-0.12525014152885416,0.12121457217461405
-1.3214721425160356,-1.1885831323856826,-0.2977582023700339,-0.2737654904746051,-0.5146010764856858,0.629987873201121,-0.12525014152885416,0.12121457217461405
-1.1503664192118244,-0.9866578340117296,-0.3585768670813748,-0.2890909028126855,-0.5146010764856858,0.8649978066327709,0.8148187552687409,0.4290035912385898
-1.1175732140891201,-0.9643296053927469,-0.1355918148235037,-0.07096654416734008,-0.5146010764856858,0.8649978066327709,0.8148187552687409,0.4290035912385898
-0.9190910880857603,-0.8316700799705208,-0.4244279599363704,-0.35395881599816886,-0.5146010764856858,1.0570700732468101,-0.1371424948145019,0.12525403964917908
-0.879556782522186,-0.8059918190642318,-0.2249537776428586,-0.1554193461138979,-0.5146010764856858,1.0570700732468101,-0.1371424948145019,0.12525403964917908
-0.9879203854185244,-0.8777824596831416,-0.5947294005810286,-0.5940797147202416,-0.5146010764856858,1.0535223160977332,0.5658660312023034,0.08298678486579458
-1.3920821536421888,-1.2890216556014111,-0.4850970565831749,-0.5710572628085814,-0.5146010764856858,-1.2525022034249407,-1.0036288191908886,-0.9569926329218928
-1.1256781130834708,-0.9698019577107232,0.2833904198326693,0.1798995896535828,-0.5146010764856858,-1.2525022034249407,-1.0036288191908886,-0.9569926329218928
-0.07849051510546652,0.5044624109785454,0.3822561367702217,0.39651178518533653,-0.5146010764856858,0.3537995420525208,-0.1974365721042361,0.02521917801322094
0.36711520597469427,-0.10333476345940312,0.7287327890958276,0.7358242812116544,-0.5146010764856858,0.3537995420525208,-0.1974365721042361,0.02521917801322094
-0.4571472844669954,-0.5233762275430767,0.06616706972858032,0.034444536302029614,-0.5146010764856858,-0.007732366463289977,-0.21580166758160396,-0.4672710806118556
0.53207762440632,0.13666923303623404,0.9331168807450619,0.8831745736623787,-0.5146010764856858,-0.007732366463289977,-0.21580166758160396,-0.4672710806118556
-1.5017584076000023,-1.443565568916997,-0.747689567886981,-0.8013504371669821,-0.5146010764856858,-0.9528893173580602,-0.8969101714661855,-0.8084305272013185
-1.4131395737940042,-1.3173187559010258,-0.2539501728455748,-0.3207789882600149,-0.5146010764856858,-0.9528893173580602,-0.8969101714661855,-0.8084305272013185
-1.5611046677202634,-1.5268034789711264,-0.5002996328723748,-0.5618722311961828,-0.5146010764856858,-0.8726028253020187,-0.6277577666459828,-0.6730870454322985
-1.4676636703590538,-1.3951460281647843,-0.14181647338320172,-0.20177020132827,-0.5146010764856858,0.19710069894598733,-0.043496974368243894,-0.6505354462926373
-1.0397207280233725,-0.9131852485972493,0.1532029583638732,0.08633653939330783,-0.5146010764856858,0.19710069894598733,-0.043496974368243894,-0.6505354462926373
-0.7402091250152608,-0.7125114233333077,0.5262117736784415,0.45367808041759283,-0.5146010764856858,0.19710069894598733,-0.043496974368243894,-0.6505354462926373
0.06544486164195754,0.02872354248589899,-0.8624289912371942,-0.7761712890397324,-0.5146010764856858,0.552023220441234,0.7457921368406301,0.5404730604232264
1.339707167137431,1.4443689352592715,-0.4975605955969391,-0.3799105025076654,-0.5146010764856858,1.1520308403995443,1.2402786536734476,1.0874946826768241
-0.886045587879243,-0.8097454195791599,-0.3669075168090326,-0.3207789882600149,-0.5146010764856858,0.5800597121397645,0.42342206982076086,0.14263557791299747
-0.995581884320983,-0.8822353369105194,-0.05347856221046394,-0.016292549125707257,-0.5146010764856858,0.5800597121397645,0.42342206982076086,0.14263557791299747
-0.8476881525916009,-0.7841450193308717,-0.14322393228727429,-0.08242925531614503,-0.5146010764856858,0.7985739038355657,0.6375740692920804,0.3740524679173157
-0.6017938369385311,-0.6196828979522697,0.4282458788821249,0.4749609407433049,-0.5146010764856858,0.7985739038355657,0.6375740692920804,0.3740524679173157
-0.5434685163946473,-0.5814069600640785,1.0806181208105659,1.1170660756347788,-0.5146010764856858,0.8604100659371138,0.6309350683009599,0.32413963238677346
-1.2102804266460292,-1.0330642786926894,-0.7539229454375528,-0.6972757385257976,-0.5146010764856858,0.7734631716677647,0.40414667641611285,0.29314613208908874
-0.9462797306621628,-0.850621599643412,-0.5529021762941205,-0.4944767922185324,-0.5146010764856858,0.7734631716677647,0.40414667641611285,0.29314613208908874
-1.0779416311108039,-0.93798360249337,-0.372431794351677,-0.3207789882600149,-0.5146010764856858,0.7734631716677647,0.40414667641611285,0.29314613208908874
-1.0174245495779106,-0.8974268052333028,-0.2614274450351871,-0.20864773103336123,-0.5146010764856858,0.7734631716677647,0.40414667641611285,0.29314613208908874
-1.1841926493831627,-1.0082172725380356,-0.4866563155344741,-0.41606925917181975,-0.5146010764856858,0.7734631716677647,0.9020901847017039,0.36947784358763575
-0.8228571268113247,-0.7679015829885161,0.49412181276469946,0.5447647538809682,-0.5146010764856858,0.7734631716677647,0.9020901847017039,0.36947784358763575
-1.047256857331576,-0.9180297829260815,-0.16967889932773547,-0.08370160831324751,-0.5146010764856858,0.8833117804274145,0.802404389311249,0.5021178894834559
-1.1671463546577816,-0.9982808781541457,-0.23700475654001216,-0.20864773103336123,-0.5146010764856858,0.35179196952806274,-0.1671142560288904,-0.25116322485215736
-0.8414263621427589,-0.7794399313508793,-0.13109590731977033,-0.10592947153158858,-0.5146010764856858,0.35179196952806274,-0.1671142560288904,-0.25116322485215736
-0.6373396735930972,-0.6435839909678599,-0.28905668114271516,-0.2587661756111718,-0.5146010764856858,0.5140993039799524,-0.12821811949497688,-0.23574402052803
0.22891431079532484,-0.06502203026200568,0.2051709007856487,0.2224020669968853,-0.5146010764856858,0.5140993039799524,-0.12821811949497688,-0.23574402052803
-1.0397207280233725,-0.540960088604082,-0.9972695892129669,-0.9430073228855888,-0.5146010764856858,0.2341209035556099,0.39930535200219186,0.03951228866179092
-1.598353280999936,-0.9005317992042339,-0.6878635006331709,-0.6400852042400026,-0.5146010764856858,0.2341209035556099,0.39930535200219186,0.03951228866179092
-1.2370177584280981,-1.0438647978099018,-1.6152987197602053,-1.5455451805066447,-0.5146010764856858,0.18160407110206322,0.19784259773877455,-0.003776081517713554
1.271218464148949,2.1808681466991158,2.4195177157136833,2.2359817537341873,0.946374607259655,0.170212929125339,0.223898379574634,-0.048331606735046585
-1.6369404508096461,-0.641891494604066,-0.9896698432684633,-0.9443797578685916,-0.5146010764856858,0.7864974167833991,0.42342206982076086,0.2516399733104074
-1.228926429924738,-0.5649012439770356,0.6089741002905069,0.5955809528493584,4.036951087756906,0.11291178750831743,-0.012072002089875593,-0.22894085791882762
1.4449605068304268,0.8665814459813224,-1.1259642340783875,-1.047995195433664,-0.5146010764856858,0.4473634099138742,0.5862351942408215,0.32413963238677346
-0.30364677543461127,-0.4208105923531697,-0.04003047949430376,-0.0789708287397157,0.6067958335450979,0.9415225645856019,0.7266432962090448,0.39559613992276643
-0.4832171708016687,0.04775251560649784,-0.8945903263661137,-0.9140343727467187,0.44848097565839895,-0.3755772033204428,-0.1371424948145019,-0.365561082139835
0.17237429187195635,0.06074668785152856,-0.4347643158405129,-0.4358220728509108,0.19781578400445912,-0.3755772033204428,-0.1371424948145019,-0.365561082139835
-0.13551368159428653,-0.1723793300588165,0.5260937942786925,0.5006915782030028,0.32974483224337486,-0.3755772033204428,-0.1371424948145019,-0.365561082139835
-0.14820722739792988,-0.31669229138903837,0.23312485790228732,0.2148625170178313,-0.40905783789455313,-0.3755772033204428,-0.1371424948145019,-0.365561082139835
1.4865700497475889,1.085757425300331,-1.1621289717808847,-1.0959656839165912,-0.4895345573202918,0.4473634099138742,0.6242790223591973,0.32059549784035435
0.15424700073461944,0.4540255973907018,0.5898335250570282,0.671111622495953,0.26443995336511156,-0.6972130906244656,-0.2905913290163864,-0.4493173161216554
-0.8476881525916009,-0.7925072188722541,-0.6799696483483455,-0.65307691607747,-0.5146010764856858,0.23207054729212195,-0.07821885681676052,-0.1479797812796611
-0.24045831436669302,0.11331787380638243,-0.47722634096314076,-0.45467318375143384,-0.5146010764856858,0.23207054729212195,-0.07821885681676052,-0.1479797812796611
-1.2191191104446806,0.6997763800913609,-0.7366962779448597,-0.8241449793049215,-0.5146010764856858,-1.1208541124043134,-0.8143511135281458,-0.735699889770116
-0.6741024718817606,-0.6680200716284929,-0.38403398875639144,-0.4790956466944127,-0.5146010764856858,-1.1208541124043134,-0.8143511135281458,-0.735699889770116
-0.44845173882507866,0.3945658890248028,-0.537924258324277,-0.5007244656380958,-0.5146010764856858,0.4156847158847945,0.223898379574634,0.04660882878790692
-0.50536010001115,-0.5558496119927628,-0.2218656615165124,-0.19130832045434307,-0.5146010764856858,0.4156847158847945,0.223898379574634,0.04660882878790692
-0.9124001379715303,-0.827717377686099,-0.8833389729874491,-0.8563087400177712,-0.5146010764856858,0.36783270433878545,0.08818863889186841,-0.030352597332535255
-0.5247100653074049,-0.30894386706831395,-0.2170941438149642,-0.21839041014072666,-0.5146010764856858,-0.14851284854926575,-0.049251756909367644,-0.3917743638631534
-0.3611628049033604,-0.45955959133650215,-0.09380988722875871,-0.09761498858691806,-0.5146010764856858,-0.14851284854926575,-0.049251756909367644,-0.3917743638631534
1.3672029437125839,1.1516822166979528,0.7187259829231614,0.741287501459822,0.8046894059034715,0.5160502960093843,0.17152228567767072,0.06770207762095169
0.35100540939703034,0.015187630704388494,-0.22150026102775647,-0.17940634616783846,-0.5146010764856858,0.5180006177099807,0.10995185983364028,0.055081235261385815
1.1315551875304752,1.498325904920245,0.6144837054373837,0.6996902931870658,4.980243782665154,1.0818424808776455,1.0776277194045394,0.7796486930823223
1.2970966806697488,1.9508604393042437,1.7040280873092728,1.7662988080590334,0.6991461673123388,1.0818424808776455,1.0776277194045394,0.7796486930823223
-1.6906463423680207,-1.468565679831812,-1.3296548593718382,-1.741167147990707,-0.2507429800078543,-3.1184103901052693,-5.065432203994273,-2.760759792945086
-1.761791161283769,0.4097932750012097,-1.8023243567189713,-2.2058965548528864,-0.5146010764856858,-3.1184103901052693,-5.065432203994273,-2.760759792945086
-2.0274813189342518,-1.7555468660489357,-1.1234850980005262,-1.541413308808284,-0.38267202824677,-3.1184103901052693,-5.065432203994273,-2.760759792945086
0.10702693811276087,-0.14808831776653844,1.7240159883386983,1.540179793122181,-0.2441465275959085,-0.006662858922914382,-0.3741248751895719,-0.487247812201219
1.3215331422940564,0.7550263060572336,-0.4312847046203465,-0.3625036624768525,-0.5146010764856858,0.6623973621873276,0.5862351942408215,0.26396558802259107
1.360073264194229,0.8921757053098416,-0.9487688683834686,-0.9457548700289579,-0.3892684806587158,0.2566260776704183,-0.1974365721042361,-0.14155696542136542
1.0467572470397304,1.123899800127368,-0.847954176129166,-0.8013504371669821,-0.5146010764856858,0.1536030818570471,0.24969489559996105,-0.15766510621348245
1.1475439794433586,0.5259965407078726,-0.7823515291530126,-0.763911133005834,1.6622282194564237,-0.15619331338703982,0.03575679229395902,-0.29306142306346894
1.2642109742317447,0.6558716061686969,-0.8618232438793584,-0.8442875268565103,0.6727603576645557,0.422629552681541,-0.020604742003956535,-0.19040196148332533
1.3940122630520009,0.5887075900186786,-0.3038801410057279,-0.2890909028126855,3.2453767983234116,0.4965101347044925,0.11806619656814742,0.3933426900663088
1.2545003990554648,1.2123536648145188,-0.8179380195677548,-0.8126555784749682,0.9366184541423872,-0.17819493493826075,-0.1371424948145019,-0.4031483029581935
1.384136933107845,1.6065495747554535,-0.8915755124484676,-0.7700145581737687,-0.40246138548260735,0.72760616661787,0.9436665609529048,0.47029362722658197
-0.15807462318464163,-0.32458555442751597,0.29662971408960215,0.3471683492921947,-0.5146010764856858,0.5781306003952011,0.6220565374650439,0.5384243318501168
-0.8228571268113247,-0.7679015829885161,0.8373222306256518,0.8768310189298221,-0.5146010764856858,0.5781306003952011,0.6220565374650439,0.5384243318501168
-1.7129040099738193,-1.741370697629564,-0.5025073960631794,-0.455163236745273,-0.5146010764856858,0.6927322974604305,0.40172714430371737,0.07049255521275163
-1.8571060861141704,-1.9439713129714036,-0.38430961082623155,-0.339666137429644,-0.5146010764856858,0.6927322974604305,0.40172714430371737,0.07049255521275163
-1.3117535782754441,-1.1764304295870867,-0.23328115642989916,-0.19157810277805243,-0.5146010764856858,0.6927322974604305,0.40172714430371737,0.07049255521275163
1.3168830169856693,1.8243462405852366,0.47812484660644144,0.5541955460826796,2.8720175918072806,-0.3516621039822216,0.9436665609529048,2.0694098174161275
1.5702911254313026,1.5492083103093255,-0.6192379048866737,-0.4955142334701584,0.27037676053586274,1.0197075699738243,1.2050056133624143,1.1776744260669914
1.303046247241028,1.5551594025640048,-0.19638780244805448,-0.12838752621528757,0.3495341894792122,0.6671478949390627,0.692247720781189,0.4267990939669168
1.910653350733499,1.0378001479422891,-0.3900143610605496,-0.26025182674745023,0.23739449847613386,0.8392585698013684,1.339937478816983,1.7118255174382577
-0.34531168288609687,-0.44873137554939024,0.5731807919628853,0.6380058948014415,0.7387248817840136,-0.7567033477687043,-0.5955520298773712,-0.6129482254742789
-0.5154523009105331,-0.5620954045677635,-0.06876528430112172,-0.12703198812856475,-0.5146010764856858,-0.7153582672487723,-0.521925583639496,-0.5848185460996427
-0.6068003449308129,-0.6237084506254634,0.5926397847286161,0.5230725437944658,-0.38267202824677,-0.8800816290897185,-0.6749950511889575,-0.6505354462926373
-1.3021221772197804,-1.161715446752257,0.286724339268359,0.13466919149426734,-0.3167075041273122,-1.9820128331286688,-1.3544485915774658,-1.0588882548439382
-0.5577555655139222,-0.5902817653984501,1.0644168093575284,0.9956081305489312,-0.3167075041273122,0.12337329296433697,-0.09575575663052313,-0.2824782627042341
1.2642109742317447,1.1114237234905084,-0.8574862264097948,-0.7918025548224471,-0.07923521729726385,0.4965101347044925,0.5177062227299745,0.3933426900663088
-0.7573917958941442,-0.7236379354021708,0.7926362381925206,0.40039673421165806,1.7281927435758817,-1.425593422853106,-1.2107686054400522,-0.9488013749492133
-0.8925738391037881,-0.8135326851220063,1.1370472970122827,1.0859735199696436,0.1450441647088929,-1.1495558622652908,-1.2243302499843847,-0.9735085826492341
-1.1095290265185531,-0.9589272637685405,0.8430233007025479,0.7703339670733852,-0.2507429800078543,-1.0690380405667281,-1.0618324416034204,-0.8461419133690701
-0.5154523009105331,-0.5620954045677635,1.0631482052488002,0.9048667837488812,0.21100868882835072,-0.6695026548587321,-0.5637414655003881,-0.5934185977891143
-2.3998001594499896,-2.7091594022054557,-0.8079068606396222,-0.8378465669906024,0.5408313094256401,-0.29399863152678135,-0.4944183922170567,-0.49733535806485824
-2.1746545581714543,-2.391789556470612,-0.6959691670117903,-0.7282159060033415,1.5302991712175078,-0.29399863152678135,-0.4944183922170567,-0.49733535806485824
-2.105617154347108,-2.001149614443187,-0.5478694591709526,-0.5827094488149303,0.6727603576645557,-0.29399863152678135,-0.4944183922170567,-0.49733535806485824
-2.0736774315020408,-2.293849918735999,-0.4403674036883853,-0.4780820718206628,0.1450441647088929,-0.29399863152678135,-0.4944183922170567,-0.49733535806485824
-1.7457299044415884,-1.7871320571411995,-0.3302633524399484,-0.3702835953098166,1.398370122978592,-0.29399863152678135,-0.4944183922170567,-0.49733535806485824
-0.9325993670679277,-0.8410395322990509,-0.8979563377526294,-1.2996574233010783,-0.5146010764856858,-2.956085882981054,-4.2217653660077294,-2.4391040128801778
-0.43553902991098475,-0.5089540724661221,-0.6627975391807229,-1.068991559955277,-0.5146010764856858,-2.956085882981054,-4.2217653660077294,-2.4391040128801778
-1.1841926493831627,-1.0082172725380356,-0.41565213736205153,-0.802954399641101,-0.5146010764856858,-2.956085882981054,-4.2217653660077294,-2.4391040128801778
-0.988398619950598,-0.8777824596831416,-1.2075632260797082,-1.4236500013582059,-0.5146010764856858,-2.6040286069869603,-3.7015208748755852,-2.2358418460117764
-1.3117535782754441,-1.1764304295870867,-0.8896617398932356,-1.1124606081590975,-0.5146010764856858,-2.6040286069869603,-3.7015208748755852,-2.2358418460117764
-1.101544647587099,-0.9535931640754275,-0.6361922456157345,-0.8632711788690147,-0.5146010764856858,-2.6040286069869603,-3.7015208748755852,-2.2358418460117764
1.7089707241220446,1.2443578481912374,-0.4372289573762148,-0.40777031331988994,0.29676257018364594,0.18780779986571614,0.223898379574634,0.010790585623647524
1.2447012151669763,2.4167140017100404,2.332024231033062,2.412229899112117,3.7730929912790754,1.2599917069569821,1.2750782160413774,0.4487017034996297
-0.6498028001625381,-0.6521497466845363,-0.20740804477165525,-0.20382642408877605,-0.3167075041273122,0.3469508002462403,0.2752372546258925,0.5198606249503344
-0.33201977797553744,-0.4397407870862888,0.2649849872556799,0.2585795718479866,-0.18477845588839642,0.3469508002462403,0.2752372546258925,0.5198606249503344
1.1275704185083557,0.8229196926299119,-0.9915777781834967,-1.0713374563073665,0.21100868882835072,-1.8740017491851744,-1.144004526114328,-0.9735085826492341
0.5251042621154991,-0.06935311722897629,0.1841872463737734,0.26925588259586575,-0.38267202824677,0.8725228434629646,0.6748772807877191,0.6910539906460358
-0.38947803517665863,-0.25496273897731764,-0.11002992046685148,-0.01887504380557842,-0.38267202824677,0.8725228434629646,0.6748772807877191,0.6910539906460358
-1.614904435236503,-0.11047201410943808,-0.4547638556574917,-0.3565114121604952,0.40890226118672435,0.8725228434629646,0.6748772807877191,0.6910539906460358
-0.8991420187185633,-0.8186357958966809,1.4340572838445889,1.432283265581274,-0.5146010764856858,0.45426962068603455,0.3180899405279004,0.09537929645992647
0.536240009537143,-0.15071933735237805,1.2084616866872415,1.2346769500409942,-0.277788434896832,0.22283476810854821,0.07449326382993063,-0.3416178585545913
-0.49717281243113504,-0.6093925956818504,-0.290872510303297,-0.25669151007219204,1.5962636953369658,0.3848264638503859,0.3005304159325704,0.03381113930064512
1.322365941109978,1.7475099545018593,1.5823509260862574,1.578446171524515,-0.47963987870237307,0.3848264638503859,0.3005304159325704,0.03381113930064512
1.355159146232682,1.4649854986835438,2.5662511467302602,2.549098473550116,0.07248318817748918,0.3848264638503859,0.3005304159325704,0.03381113930064512
-0.24953275075147952,-0.3848605958016524,-0.28559854294824893,-0.22543283837364558,-0.5146010764856858,1.1205534330074396,0.5817225238755687,0.26641877968980104
0.11730351432709805,-0.1402922081340964,0.032427871355709244,0.15195172884689945,-0.5146010764856858,0.7987687748347404,0.5862351942408215,1.147485233677013
0.9425410398522323,1.8680607492394121,0.2639669230126286,0.25465032264010734,-0.4486365523662279,-0.17268652960183345,-0.043496974368243894,-0.16090729082585117
1.3711877127347034,0.6983617263406537,0.517672004316575,0.5029619222048513,-0.41829287127127723,-0.17268652960183345,-0.043496974368243894,-0.16090729082585117
-0.8925738391037881,-0.8135326851220063,-0.5050827364835523,-0.5049205566181436,-0.5146010764856858,-0.005593552853304085,-0.09869014117725176,-0.42229578938575985
0.41079159230091233,0.05592060929409728,1.1659856913480946,1.2007633727645826,-0.5146010764856858,0.8254215321856624,0.6309350683009599,0.2883213892225138
-0.4059998075059663,-0.48908561796683986,-0.40626583787596754,-0.3892241109416448,-0.5146010764856858,0.33167709641096005,0.17152228567767072,-0.20703824838611481
-0.24403200824473992,0.3621540486076826,0.7075690368709789,0.7843274497186212,-0.2375500751839627,1.955603850035539,1.4261420192836451,0.6231515571866996
0.06490804882432558,-0.5649012439770356,1.137907432851384,1.2056321957298586,0.21100868882835072,1.955603850035539,1.4261420192836451,0.6231515571866996
-0.22628128973594328,-0.369519776941115,-0.3692194577501495,-0.38655050013914427,-0.5146010764856858,0.3588153692355971,-0.1371424948145019,-0.2238583653839335
-0.14167897617338507,-0.31280030736395176,-0.47150773015594233,-0.3860169926440163,-0.5146010764856858,0.6252061264321768,0.7180870888709185,0.6424202334634632
-0.26208107208656006,-0.393213605513164,-0.3205007248771885,-0.28176977504698036,-0.5146010764856858,0.9749053543364807,0.7605885074503572,0.32413963238677346
-0.2991155703183075,-0.4178192413969019,0.46494907471123104,0.47151956933612726,-0.5146010764856858,0.6194627081475116,0.3255791950483469,0.010790585623647524
-1.1841926493831627,-1.0082172725380356,-0.7935789853461503,-0.7611817379724929,-0.5146010764856858,0.6194627081475116,0.3255791950483469,0.010790585623647524
-0.5529720653138054,-0.5873027246307432,0.12193975783012716,0.14512294790248587,-0.5146010764856858,0.5053115321579726,0.3503882692524591,0.4157284626248332
-0.22628128973594328,-1.014293309415538,0.4495315956891483,0.5223378473202005,-0.3760755758348242,0.3336917943038942,0.10995185983364028,-0.1641563957948294
0.22660734101594193,-0.8343259206587198,1.3196747537360327,1.3745874652968555,-0.22435717036007116,0.3336917943038942,0.10995185983364028,-0.1641563957948294
0.6719951673973108,-0.0777066101121288,1.0886493083072473,1.1483387151318218,-0.35628621859898685,0.3336917943038942,0.10995185983364028,-0.1641563957948294
-0.16803352626567233,-0.32858821261847526,-0.7366669164192139,-0.7366427561002131,-0.5146010764856858,-0.35052579905324766,-0.1974365721042361,-0.4416871993936958
0.0861739718443448,-0.16141047237949044,-0.13744401279816465,-0.09126730104535143,-0.5146010764856858,0.512147641160749,0.37496218281690186,0.3820251278939261
-0.22276608522472058,-0.36686949244149797,-0.5907204002059162,-0.571982382630656,-0.5146010764856858,0.4818107447369051,0.19784259773877455,0.05367243821493292
-0.4441302278853934,-0.5145390113285363,-0.8788270979456579,-0.8704797687649198,-0.5146010764856858,-0.33577449713872576,-0.1671142560288904,-0.42229578938575985
-0.2157700082383394,-0.3624889834763099,-0.15595749712035856,-0.138950967996589,-0.5146010764856858,0.5326067101338839,0.3005304159325704,0.06770207762095169
-0.6425150764740113,-0.6469894713397079,-0.2667044905292855,-0.288316667475936,-0.5146010764856858,-0.0798523380172907,-0.1371424948145019,-0.42229578938575985
-0.3532079980166644,-0.45411077667230265,-0.18362339261203325,-0.20040271068945134,-0.5146010764856858,-0.1124442625034012,-0.1974365721042361,-0.4031483029581935
-0.6168839309353916,-0.6302302370525047,-0.21081477673006618,-0.24874593963199665,-0.5146010764856858,-0.07227440635381246,-0.1671142560288904,-0.3842386796610493
-0.7459061888768628,-0.7425020917650961,-0.672070952480573,-0.6577661209727738,-0.5146010764856858,-0.12990344198433124,-0.10751327551383864,-0.24086642053867213
-0.3532079980166644,-0.1890969505344292,-0.3335526358852771,-0.32622885797193696,-0.5146010764856858,-0.12990344198433124,-0.10751327551383864,-0.24086642053867213
-0.6581926398615131,-0.447130828045867,0.3811621616111713,0.3737404827667963,-0.5146010764856858,-0.12990344198433124,-0.10751327551383864,-0.24086642053867213
1.3632033338032492,1.4180809898872337,1.8835929010479024,1.8524085412206577,-0.49387502300735203,-0.12990344198433124,-0.10751327551383864,-0.24086642053867213
1.3947907292109982,1.085055065374409,2.685289941710846,2.6298750608546775,-0.41378749427391825,-0.13427664039304396,-0.0035672537184198248,-0.3361455754889334
-0.3258212382882731,-0.4355752561202193,-0.6580573898911397,-0.5798953085377878,-0.5146010764856858,0.9856901794687495,0.802404389311249,0.3820251278939261
-0.43982603767730466,-0.5120476927308382,-0.3147351084912099,-0.30270053103741157,-0.5146010764856858,0.498467180493141,0.24969489559996105,0.06770207762095169
-0.5017135972907881,-0.5531030834327141,0.5121112282732404,0.44517308791258003,-0.5146010764856858,-0.4943566228426727,-0.521925583639496,-0.5635286172353096
-0.17137379029402033,-0.3326291743404573,0.21321385140427426,0.24712386809022593,-0.5146010764856858,1.0071985522321862,0.8638901597822777,0.5229703402300948
-0.5387480955225354,-0.57776347518757,-0.3154633650509869,-0.2940662473526163,-0.5146010764856858,0.3658300896580261,0.11806619656814742,-0.27546348024390227
-0.36516241481269496,-0.4623105931017168,0.3311665046981829,0.32883731764102386,-0.5146010764856858,0.13694448955258137,-0.020604742003956535,-0.25806666117438565
-0.32770193600369857,-0.4371325188960244,-0.9988346387434703,-0.9738358994437835,-0.5146010764856858,0.11395880609539927,-0.12525014152885416,-0.24600611624901275
0.7710148475342602,0.29614470850002605,-0.05526762120103853,-0.0877071317531213,-0.5146010764856858,-0.33011111120177106,-0.2905913290163864,-0.48122721727274126
-0.40641612618507494,-0.359017002745668,-0.4752895654435753,-0.5911010015785101,-0.5146010764856858,-1.4785670240244921,-1.0703605034718289,-0.7960648613110433
-0.4641547743841995,-0.4238232848759739,-0.2758497098928764,-0.3958627002215957,-0.4618294571901194,-1.4785670240244921,-1.0703605034718289,-0.7960648613110433
-0.9190910880857603,0.9856992558389275,-0.968434433704896,-1.0482225591522127,-0.5146010764856858,-1.2658365089546868,-1.3307290439581043,-0.9488013749492133
-0.9462797306621628,-1.3057103737617275,-0.019939925276082345,-0.11798004195274989,-0.5146010764856858,-1.2658365089546868,-1.3307290439581043,-0.9488013749492133
0.926172754940966,0.40033085607058067,-0.7310545440750923,-0.684808277328444,-0.5146010764856858,0.2790423781323937,0.3255791950483469,-0.01848349158368503
0.35283720242058564,0.016965642920534398,-0.8335139447050489,-0.8224921269574471,-0.5146010764856858,0.033829827832809474,-0.1671142560288904,-0.34710988531808445
-1.2108402825981506,-1.0330642786926894,-0.5711243714889647,-0.5664497875616918,-0.5146010764856858,0.08246393380473298,-0.08405131927729734,0.06350674625595999
-0.5200712070388572,-0.5656056265881823,-0.40656225458564005,-0.4282317846809104,-0.5146010764856858,-0.02272666905975301,-0.1671142560288904,-0.365561082139835
0.5074701381477553,0.12032097423399547,-0.8115062494883106,-0.7746270579660288,-0.5146010764856858,0.5296884967612047,0.4473165105808271,0.09537929645992647
-0.23334640745135352,-0.373974219906817,-0.3365480673301258,-0.2992341167053995,-0.5146010764856858,0.4414371056479867,0.17152228567767072,-0.12561749935932728
-0.5918503027548709,-0.6133207847292484,-0.5931123098793503,-0.585063177890571,-0.5146010764856858,-0.002386842710356005,-0.1371424948145019,-0.34710988531808445
1.5525691252181577,1.4269464475483453,-0.8148401428515822,-0.6595981578022158,-0.5146010764856858,0.9631986243525134,1.0476125827483236,0.825322581011258
-0.8476881525916009,-0.39840077297299825,-0.4361073360051291,-0.40685421026276375,-0.5146010764856858,0.8979205354843746,0.7815807555080889,0.6328163839404647
-0.5918503027548709,-0.43299251242690834,-0.3485410681732395,-0.3207789882600149,-0.5146010764856858,0.8979205354843746,0.7815807555080889,0.6328163839404647
-0.4059998075059663,-0.48908561796683986,-0.39516595109526365,-0.3487968682711099,-0.5146010764856858,0.5092188881916186,0.2752372546258925,-0.01848349158368503
0.14257277476732708,-0.1226422304296952,-0.5924185151753325,-0.5516801326459652,-0.5146010764856858,0.5973922790529491,0.3005304159325704,-0.003776081517713554
-0.865930496430026,-0.796142339835011,-0.8048964967052574,-0.759367994596514,-0.5146010764856858,0.4906349457165795,0.3055595707012381,0.23421470420210735
0.2539691783381935,-0.048128686477059285,-0.72412246732096,-0.6635400573741356,-0.5146010764856858,0.8059928380773838,0.5862351942408215,0.2392137402222713
-0.9258239880044571,-0.8369985705770691,-0.3397774362334525,-0.5306355488826867,-0.5146010764856858,-2.3398850530934014,-2.650341038408842,-1.7510899523765924
-0.39770714838886934,-0.4838253485659773,0.16819088479081765,0.03688800912368431,-0.5146010764856858,-1.7114098958605939,-1.326011065458097,-1.0298929953130038
-0.34531168288609687,-0.44873137554939024,-0.4968688252452392,-0.43135288184440956,-0.5146010764856858,0.9079422897593437,0.6748772807877191,0.2013145601651859
-1.1420737600947275,-0.5867893317096963,-0.8121925820779904,-0.7428084619068577,-0.5146010764856858,0.7948607974047214,0.608681468399628,0.3591343942758567
-0.8925738391037881,-0.8135326851220063,0.1279625844729169,0.16272570017057691,-0.5146010764856858,0.7125518597566851,0.608681468399628,0.2761922007445583
-0.4441302278853934,-0.5145390113285363,0.36812022479197415,0.38573875050483797,-0.5146010764856858,0.7454314541890156,0.4709927342227765,0.2140527524920487
0.681108891284368,-1.0082172725380356,0.40577931098619135,0.4272603304599655,-0.2507429800078543,0.7059530250392525,0.3255791950483469,-0.15766510621348245
0.9357611580979107,-0.7361199459380023,0.7110999105494579,0.7258714901017308,-0.42225074271844476,0.7059530250392525,0.3255791950483469,-0.15766510621348245
1.016197224983619,-0.4650796343516287,0.9139525910658077,0.9245277729497485,-0.4618294571901194,0.7059530250392525,0.3255791950483469,-0.15766510621348245
-0.4527907104624369,-0.520832380829194,0.0042272159389052455,-0.010007741941269941,-0.5146010764856858,0.44341322794949267,-0.020604742003956535,0.45953594923675983
0.5612193939581623,0.156252832376484,1.3091318525289992,1.2915646645665542,-0.5146010764856858,0.4670731910139003,0.223898379574634,0.2140527524920487
0.11976636659944791,-0.13772516510734734,0.15237128740967515,0.15875603441865313,-0.5146010764856858,0.5607390289067569,0.11265946161526616,0.4670742990614316
-0.3611628049033604,-0.45955959133650215,0.27573999880064687,0.3135512324777877,-0.5146010764856858,0.686110368740755,0.6309350683009599,0.3358941703336624
-0.5771055308101773,-0.6031825238000583,0.19101099090996657,0.18347495422363094,-0.5146010764856858,0.5442645843401411,0.2752372546258925,0.02521917801322094
-0.8414263621427589,-0.7794399313508793,-0.5914735319795695,-0.5199142147781992,-0.5146010764856858,0.7883570109863494,0.8638901597822777,0.491583556090915
-1.0174245495779106,-0.8974268052333028,0.01411466160470015,-0.019984729973649678,-0.5146010764856858,-0.02272666905975301,-0.049251756909367644,-0.34710988531808445
0.452760820378136,0.08408286134812411,0.11927080329194711,0.2631951691187908,-0.5146010764856858,1.6436902087471033,1.4746019062875042,1.006780566591178
-0.3691769765695354,-0.46452437157935517,0.5495622741195479,0.5201783098141008,-0.5146010764856858,0.3878200885591749,0.09091905354157294,-0.09423071522014749
-0.6219614534881779,-0.6335292950626835,-0.3949566623111736,-0.38026306125632353,-0.5146010764856858,0.5374670676992145,0.11806619656814742,-0.25806666117438565
-0.6270630973787599,-0.6368543301749711,0.10859688150699649,0.10571512027461066,-0.5146010764856858,-0.05822788804146409,-0.07821885681676052,-0.4031483029581935
-0.6270630973787599,0.7498655241572706,-0.4321424047945856,-0.5405257669615512,-0.5146010764856858,-1.5071902143891334,-1.3735817298601125,-1.0588882548439382
-0.7690015740417382,0.28968350934931225,-0.08068667295512036,-0.19638400025597447,-0.43544364754233633,-1.5071902143891334,-1.3735817298601125,-1.0588882548439382
-0.7066472054579349,0.5733469665294703,0.3029542760409446,0.1995371046797507,-0.5146010764856858,-1.2511704940337924,-1.2017667614297722,-0.9569926329218928
-0.879556782522186,-0.8059918190642318,0.007103474843479599,0.045518664708747804,-0.5146010764856858,0.7939321411648209,0.4709927342227765,0.06770207762095169
-1.351166956636671,-1.2306839067861821,-0.6304370860781122,-0.5786092391478757,-0.5146010764856858,0.7939321411648209,0.4709927342227765,0.06770207762095169
-0.1814573762985991,-0.3408289907698715,0.06524275014284454,0.1562481489171398,-0.5146010764856858,1.0606156144324999,0.9826526861527277,0.5125798213872419
0.6519793589345486,0.21676610928000328,0.3303243758643546,0.424140929983855,-0.5146010764856858,1.048196519378286,1.3433065871147314,0.9763354497260989
-0.7011541294437146,-0.6863828463088809,-0.5760839101735805,-0.5642717416202776,-0.5146010764856858,0.21049697389348582,0.03575679229395902,-0.29306142306346894
-0.7289048730637334,-0.7045996738210407,-0.42627882210901225,-0.3838869911647642,-0.5146010764856858,0.7021788152900079,0.4473165105808271,0.08160359067699043
-1.4676636703590538,-1.3951460281647843,-1.117397827438072,-1.0606103901230923,-0.5146010764856858,0.7021788152900079,0.4473165105808271,0.08160359067699043
-0.38538700539360254,-0.4757707693787411,-0.017675886881200892,0.033758843421906146,-0.5146010764856858,0.26988277035672237,0.09091905354157294,0.14926829036805042
-0.6848415015673848,-0.6752696450022838,-0.608173387403069,-0.5243345992757849,-0.5146010764856858,0.5877696097647543,0.5862351942408215,0.13597383817750092
-0.3028902456257179,-0.42031055999460015,-0.1813206016247727,-0.11519011356286046,-0.5146010764856858,1.0446432101832344,0.8638901597822777,0.5021178894834559
-0.6373396735930972,-0.6435839909678599,0.009750290304461656,0.025527658770254667,-0.5146010764856858,0.5033568450678093,0.24969489559996105,0.02521917801322094
-0.7573917958941442,-0.7236379354021708,-1.0947275708369562,-1.050500238688619,-0.5146010764856858,0.77066622100574,0.39930535200219186,0.13597383817750092
-0.6794585628815325,-0.6716293010999349,-0.19788882945689829,-0.17162560475332708,-0.5146010764856858,0.77066622100574,0.39930535200219186,0.13597383817750092
-0.3200324212540407,-0.43196382183909154,0.29526956449277747,0.3117367110042634,-0.5146010764856858,0.7622670906145306,0.23682872293859722,0.20003485845043872
-0.28414816400076515,0.6672070370489603,-0.018578169928230893,-0.005330636078550104,-0.5146010764856858,0.5529923047378712,0.17152228567767072,-0.24086642053867213
-0.1848397224625893,0.19171806656955545,0.3300018330386435,0.3361185405186246,-0.5146010764856858,0.5529923047378712,0.17152228567767072,-0.24086642053867213
-0.6168839309353916,0.838433347540976,-0.3296982959147212,-0.2890909028126855,-0.5146010764856858,0.7688008212999158,0.13421907418203172,-0.12879206797612514
-0.24045831436669302,-0.37892899680712266,0.339260111924641,0.31670724929201927,-0.5146010764856858,0.3947990792997489,0.14493201698902475,-0.24086642053867213
-0.3258212382882731,-0.4355752561202193,0.20771759815655347,0.16971019780017235,-0.5146010764856858,-0.46877668451516313,-0.42024476816578316,-0.5013891689827998
-0.4101702749583103,-0.4920365543465302,-0.19452007586065337,-0.21204237362674497,-0.5146010764856858,-0.1320896200409074,-0.1371424948145019,-0.42229578938575985
-0.11595573389620632,-0.29386093239066186,0.1851367100415174,0.1390719132962972,-0.5146010764856858,-0.6275924562740076,-0.42024476816578316,-0.5635286172353096
-0.5577555655139222,-0.5902817653984501,-0.09330010832624644,-0.05300528711758507,-0.5146010764856858,0.5781306003952011,0.3503882692524591,-0.09423071522014749
-1.204136349293687,-1.0246184516082135,-0.4635251426316382,-0.41514231465529045,-0.5146010764856858,0.6280756578373294,0.4113917537077245,-0.11770992261522922
-0.5017135972907881,-0.5531030834327141,-0.6596463339211888,-0.5814182398558598,-0.5146010764856858,0.8041390133536124,0.6529992735665455,0.30035469378496804
-0.2088192136208508,-0.3577223345548179,-1.1333857819716104,-1.1112162279538023,-0.5146010764856858,0.21975283268558868,0.007729184504206895,-0.24086642053867213
-1.0548462459459282,-0.9229305413453168,-0.857364166277314,-0.8147752136193466,-0.5146010764856858,0.46018254961001054,0.39930535200219186,-0.0787767236001256
-0.56980837462887,-0.24166156760755464,0.6905613809895247,0.6713100018987674,0.8706539300229292,0.2300194501591518,-0.07239948631439182,-0.27249195875129095
0.8582285398405276,1.098574778751381,0.8968373644227168,0.9102577872258131,2.058015364173171,0.5160502960093843,0.34544541080520064,-0.13835569168619002
1.355159146232682,1.4811275648817581,1.8923095284933749,2.0235838402496147,2.783625129487207,0.5160502960093843,0.34544541080520064,-0.13835569168619002
-0.6270630973787599,-1.3300516987671904,-0.42407257516149016,-0.5607324715246973,-0.3694791234228785,-2.0475135421742743,-1.521766545054981,-1.1185902244330423
-1.2015138961728535,-1.4721362787918146,-0.22729194447486253,-0.37202419175770884,-0.5146010764856858,-2.0475135421742743,-1.521766545054981,-1.1185902244330423
-0.9671326969305787,-0.26888504021185733,0.0383014148689968,-0.05968724428618834,-0.5146010764856858,-1.2658365089546868,-1.481415092796344,-0.962478062641954
-0.3532079980166644,-0.45411077667230265,1.0495486581608162,1.0264996405998115,-0.5146010764856858,0.637630299469977,0.2752372546258925,0.05367243821493292
-0.12232901087712994,-0.3013350616205662,-0.6426536192355369,-0.5320555905253863,-0.5146010764856858,0.8438634303230176,1.114664470293514,1.0366286817425396
-0.9394177646992853,-0.8451195377340163,-0.1864183273531072,-0.17471443051772276,-0.5146010764856858,0.2218076422116447,0.03575679229395902,-0.2238583653839335
-0.43982603767730466,-0.5120476927308382,-0.15963021699376534,-0.20657741764148535,-0.5146010764856858,-0.7323462571731676,-0.7007915672142845,-0.6730870454322985
-0.6168839309353916,-0.6302302370525047,0.04781698936770901,0.0855174222874944,-0.5146010764856858,0.8805684483142187,0.608681468399628,0.2392137402222713
-0.3611628049033604,-0.45955959133650215,-0.18262330688487327,-0.13970263809082065,-0.5146010764856858,0.5762008328247747,0.3255791950483469,0.03951228866179092
0.6658760966003915,0.2265996597088136,-0.740038097585617,-0.708421286162311,-0.5146010764856858,0.657642850431231,0.4944546904593177,0.14926829036805042
0.06490804882432558,-0.1751666489410151,-0.5619532229355376,-0.6066080494451861,-0.5146010764856858,-0.5446890866295387,-0.42024476816578316,-0.5425323519389827
-0.4101702749583103,-0.30894386706831395,0.38175990961622325,0.3717409920019674,-0.5146010764856858,0.04867567181763821,-0.10751327551383864,-0.3288796662277286
-0.26938650175135037,-0.3979265704779439,0.8628420738575228,0.84286051876454,-0.5146010764856858,0.04867567181763821,-0.10751327551383864,-0.3288796662277286
0.11730351432709805,-0.1402922081340964,0.11461798603665303,0.0976158392744594,-0.5146010764856858,-0.002386842710356005,-0.170130578033204,-0.08493950570236378
-0.47032406351774136,0.26674879035103893,0.17556474379475723,0.1056266209708414,-0.5146010764856858,-1.1208541124043134,-1.0154230441727845,-0.8926645356941446
-0.5722352548014147,0.4713142162550874,0.3727606716478965,0.2987343528354418,-0.5146010764856858,-1.1208541124043134,-1.0154230441727845,-0.8926645356941446
-0.9258239880044571,-0.8369985705770691,-1.041838320987277,-1.0952360569376225,-0.5146010764856858,-0.9402694561046318,-0.9698298416622447,-0.7936037369268267
-0.9531858253267089,-0.8547957088605757,-0.6884644447203631,-0.7400125323755782,-0.5146010764856858,-0.9402694561046318,-0.9698298416622447,-0.7936037369268267
-0.9258239880044571,-0.8369985705770691,-0.3082106671702769,-0.37115335631250024,-0.5146010764856858,-0.9402694561046318,-0.9698298416622447,-0.7936037369268267
0.17213135690444323,-0.10333476345940312,-0.3900171226490416,-0.4282317846809104,-0.5146010764856858,0.008289126684012889,-0.1371424948145019,-0.34710988531808445
-0.34531168288609687,-0.44873137554939024,-0.21532799345603246,-0.3023846971597054,-0.5146010764856858,-1.220627091569469,-0.8929185948959117,-0.7667907841037107
0.05139976984215832,-0.183640724831567,-0.6256381112711458,-0.5687497609012739,-0.5146010764856858,0.5578352461234706,0.3005304159325704,-0.003776081517713554
0.24751067359806345,0.6858393926225578,-0.7537185872343033,-0.7450236345788578,-0.5146010764856858,-0.13318302488946562,-0.08113344787163793,-0.22047944035602696
1.2063372590774248,1.9146516811569687,1.3577123395122643,1.3247384392224493,1.767771458047556,-0.13318302488946562,-0.08113344787163793,-0.22047944035602696
0.14007243831927824,-0.12511893710408983,-1.1140486552654538,-1.0661867504066307,-0.5146010764856858,0.14007170178138378,0.03575679229395902,-0.19040196148332533
-0.30667823551203865,-0.42281666395241146,-0.08561022115245588,-0.09349423495513857,-0.5146010764856858,0.5877696097647543,0.3005304159325704,-0.003776081517713554
-0.5577555655139222,-0.5902817653984501,-0.24136213328235345,-0.23447934587311797,-0.5146010764856858,0.43748279601141793,0.223898379574634,-0.09423071522014749
-0.3691769765695354,-0.46452437157935517,-0.793996315166252,-0.7563554207670097,-0.5146010764856858,0.7529201244753438,0.4944546904593177,0.1624476376320799
-0.49717281243113504,-0.5503743031617591,0.19342491717024862,0.1755049292119092,-0.5146010764856858,-0.07768618219869178,-0.1974365721042361,-0.3842386796610493
-0.045259075322809525,-0.2482597843112699,-0.046699574541225426,-0.05023972373044034,-0.5146010764856858,0.32764555415787266,0.11806619656814742,-0.14155696542136542
0.5879428635877798,-0.014328469799356685,-0.29415838744133554,-0.20314034987087687,-0.2507429800078543,-0.5305978640343411,0.9436665609529048,2.131849178013227
1.0272116191722296,0.8736866187748232,0.04750812945192772,0.13126367181198195,-0.5146010764856858,-0.5305978640343411,0.9436665609529048,2.131849178013227
1.3140087470318138,1.839906132819251,1.8932683411452214,1.9434607035251574,0.8046894059034715,-0.5547622445000601,0.8840655804378531,2.1275211199621133
-0.8414263621427589,-0.7794399313508793,-0.02300673772385611,-0.297664091104861,0.6067958335450979,-2.280512860545513,-2.5729463815217244,-1.7510899523765924
0.6597219593037936,0.2222574386462242,0.5289116968497143,0.5341466722011841,-0.5146010764856858,0.34375457171976664,0.11806619656814742,-0.15766510621348245
-0.36516241481269496,-0.4623105931017168,-0.6177935961704502,-0.5889640949811763,-0.5146010764856858,0.34375457171976664,0.11806619656814742,-0.15766510621348245
0.34872266091474935,0.015187630704388494,-0.03532660138471936,-0.019984729973649678,-0.5146010764856858,0.2719195164330162,0.03575679229395902,-0.2238583653839335
-0.21228898729953818,-0.35988232533836634,0.06472808138401759,0.023591483256346985,-0.5146010764856858,-0.27154444380693604,-0.3546076301619808,-0.46132882804278685
0.22197848031775674,-0.06935311722897629,-0.7882245156058422,-0.7341623643338623,-0.5146010764856858,0.3236111465582342,0.09091905354157294,-0.19040196148332533
-0.036371625817031225,-0.24166156760755464,-0.728973571525901,-0.7098269520383348,-0.5146010764856858,0.4325360320785314,0.17152228567767072,-0.14155696542136542
-0.6017938369385311,-0.6196828979522697,-0.024299197056083324,-0.06699822775905949,-0.5146010764856858,-0.19806957157451618,-0.25916635673801813,-0.42229578938575985
-0.5529720653138054,-0.5873027246307432,-0.07608214471636687,-0.07724795732430402,-0.5146010764856858,-0.18039979464892889,-0.22811774048415603,-0.42229578938575985
-0.5482097780445688,-0.5843445529714025,-0.2708842056255082,-0.3852174876967157,-0.5146010764856858,-1.9518030159292514,-1.326011065458097,-1.0298929953130038
-0.18823275536206954,-0.344989391688653,0.27228585230488617,0.25836581295316147,-0.5146010764856858,0.3135125648985783,0.09091905354157294,-0.17394552985339107
-0.19676253824695247,0.03874981656522111,-0.5857171002045592,-0.5841207429865016,-0.40773854741216403,-0.13657391899382867,-0.170130578033204,-0.3544635474458883
-0.5790598425766718,-0.508338058823006,-0.24642058401857447,-0.25226625258189445,-0.0363582766196163,-0.13657391899382867,-0.170130578033204,-0.3544635474458883
-0.4615216042394866,-0.5265777385375114,-0.7224688177548672,-0.7154778135858744,-0.5146010764856858,0.19090712358657747,0.03575679229395902,-0.2238583653839335
-0.38131150137761277,-0.4729309652836749,-0.6700064692644979,-0.6491929326805983,-0.5146010764856858,0.22283476810854821,0.03575679229395902,-0.2238583653839335
-0.4059998075059663,-0.48908561796683986,-0.05724556908796736,-0.09879678467803334,-0.5146010764856858,-0.11026563601197108,-0.25916635673801813,-0.42229578938575985
-0.3219652412573516,-0.43299251242690834,0.06470578935925432,0.04063447013837249,-0.5146010764856858,0.44341322794949267,0.19784259773877455,-0.03333439084239501
-0.4881484398350866,-0.5442982662842569,-0.4456447167123991,-0.4512523185130868,-0.5146010764856858,0.3094680964312576,0.09091905354157294,-0.20703824838611481
-0.4881484398350866,-0.5442982662842569,-0.34841572277026506,-0.3905647285309473,-0.5146010764856858,0.4077373414626995,0.14493201698902475,-0.14155696542136542
-0.15148629565344257,-0.32062048043643626,0.2081431106911066,0.18782036066216118,-0.5146010764856858,0.3698346127544347,0.19784259773877455,-0.10984321208319692
-0.41856011465728543,-0.4974007697361866,0.13524286169725877,-0.012096458145659437,-0.5146010764856858,-0.3641764940176241,-0.42024476816578316,-0.5425323519389827
-0.6794585628815325,-0.6716293010999349,-1.1920372383599056,-1.1561321308131218,-0.5146010764856858,0.021073842119316528,-0.1371424948145019,-0.34710988531808445
-0.6794585628815325,-0.6716293010999349,-0.3338192313351463,-0.3338641194650107,-0.5146010764856858,0.3336917943038942,0.19784259773877455,-0.12561749935932728
-0.3258212382882731,0.1858119943864265,-0.3072728317164342,-0.2744480219494977,-0.2507429800078543,0.538438640017156,0.09091905354157294,-0.01848349158368503
-0.29535411631751435,0.3550435054920445,-0.1050425382383604,-0.07627352935639037,-0.5146010764856858,0.538438640017156,0.09091905354157294,-0.01848349158368503
-0.26572757480692205,1.0021265600268672,0.3488320836901851,0.38269853596084763,-0.5146010764856858,0.7818457642623821,0.28538415004566275,0.11851562625472074
-0.9124001379715303,1.378203463278957,-0.7053214551104574,-0.6661802896860912,-0.5146010764856858,0.7827763997679896,0.2676009354958109,0.0578949238629533
-0.4101702749583103,-0.4920365543465302,-0.4115686786620932,-0.491373597757992,-0.5146010764856858,-1.204756406709783,-0.8143511135281458,-0.7428185548095695
-0.38538700539360254,-0.4757707693787411,0.354844810679602,0.35186484370046767,-0.5146010764856858,0.469040410320973,0.223898379574634,-0.06347805110681766
-0.024634962335880237,-0.23516486596592354,-0.022624797346701347,-0.06305212515352879,-0.5146010764856858,0.2607083585034953,0.03575679229395902,-0.20703824838611481
-0.5387480955225354,-0.57776347518757,-0.5236321263636247,-0.4852078919513471,-0.5146010764856858,0.21872514892180817,0.06348463382677073,-0.20703824838611481
0.11985736575498294,-0.13772516510734734,0.2860133850335754,0.35869692646020335,-0.5146010764856858,0.8704982055648356,0.6309350683009599,0.26396558802259107
-0.30667823551203865,-0.42281666395241146,-0.9367582768412808,-0.8971320613971733,-0.5146010764856858,0.29021741955662533,0.11806619656814742,-0.17394552985339107
-0.3219652412573516,-0.43299251242690834,-1.065499653886971,-1.0020164281306485,-0.5146010764856858,0.2719195164330162,0.06348463382677073,-0.19040196148332533
-0.5625604684707503,-0.5940353659133782,-0.2745197331165407,-0.2572836488749621,-0.5146010764856858,0.2453846438423081,0.007729184504206895,-0.24086642053867213
-0.38538700539360254,-0.4757707693787411,-0.7314816690333344,-0.6835871297169038,-0.5146010764856858,0.5306614012547596,0.24969489559996105,-0.06347805110681766
-0.5434685163946473,-0.5814069600640785,-0.07588853544191446,-0.09643517039813469,-0.5146010764856858,-0.01951026822552016,-0.10751327551383864,-0.34710988531808445
-1.3047407017073933,-1.1646177075062727,-0.8180703985067566,-0.8241449793049215,-0.5146010764856858,0.061369850616167856,-0.2529268146882682,-0.19703467393837845
-1.3214721425160356,-0.7256928167197205,-0.2354528052896783,-0.2266370792789942,-0.5146010764856858,0.7585301508786819,0.3255791950483469,-0.15766510621348245
-0.6902515584466783,-0.7566701422698636,-0.03610506934157506,-0.031501193930688856,-0.5146010764856858,0.7585301508786819,0.3255791950483469,-0.15766510621348245
0.07026413982409735,-0.1723793300588165,-0.5746897377035843,-0.5295451523725555,-0.5146010764856858,0.6889492841556368,0.4709927342227765,0.14926829036805042
-0.11278322340777595,-0.29386093239066186,0.6872129212137145,0.6713100018987674,-0.5146010764856858,0.3748362971504245,0.14493201698902475,-0.15766510621348245
-0.4881484398350866,-0.5442982662842569,-0.9250747539379285,-0.8738454951891521,-0.5146010764856858,0.6060387563587989,0.3255791950483469,-0.003776081517713554
-0.2916057913277221,-0.41288026956852153,0.04333522602594775,0.06697133833044774,-0.5146010764856858,0.657642850431231,0.42342206982076086,0.08160359067699043
-0.5869128502902351,-0.6101753156046902,-0.16846093092898293,-0.16250424196351973,-0.5146010764856858,0.17953465392502552,-0.020604742003956535,-0.27546348024390227
-0.016494957866973324,-0.11529809266686958,0.12784902641685658,0.10074196946740435,-0.5146010764856858,-0.19088458971862016,0.03575679229395902,-0.3637058654567604
-1.4142033619139907,-0.8173542250269079,-0.21495769307657092,-0.2346944527872365,-0.5146010764856858,-0.19088458971862016,0.03575679229395902,-0.3637058654567604
-0.09083426042645906,-0.2792982038489798,0.045211930145969796,0.07074769321385695,-0.5146010764856858,0.936090591679462,0.7180870888709185,0.3591343942758567
-0.49717281243113504,-0.5503743031617591,-0.19086783117446626,-0.16082319271376533,-0.5146010764856858,0.38083250677885105,0.14493201698902475,-0.14155696542136542
-0.988398619950598,-0.8777824596831416,-0.7945450505752523,-0.7875478392157027,-0.5146010764856858,-0.007732366463289977,-0.1371424948145019,-0.29306142306346894
-0.23540067463783554,-0.37531976733568073,0.7177058730774969,0.6934132206922357,-0.5146010764856858,-0.07443849759380027,-0.049251756909367644,-0.22332399606593348
-0.3028902456257179,-0.42031055999460015,-0.10253875961648895,-0.13769996287102745,-0.5146010764856858,-0.2036026758762935,-0.25916635673801813,-0.42229578938575985
1.4565234177822814,0.9410620191257199,-0.8592675885725946,-0.7324167393314636,-0.5146010764856858,0.34475986903112676,0.7159436175042867,0.4388845101022708
-0.8476881525916009,-0.716523589168786,-0.47974916458200634,-0.44881896710400043,-0.5146010764856858,0.5983536494090004,0.3280708131836769,0.2846927698640825
-0.7345421249551002,-0.7522598956293142,-0.37256085920219717,-0.34367244441876676,-0.25733943241980006,0.5983536494090004,0.3280708131836769,0.2846927698640825
-0.6848415015673848,-0.7195579299672056,-0.2342441472682317,-0.20844042586990608,-0.5014081716617942,0.5983536494090004,0.3280708131836769,0.2846927698640825
-0.2804386818346292,-0.40557846324550567,0.09594033035188163,0.07994039904864654,-0.5146010764856858,-0.03776068419526963,-0.22811774048415603,-0.3842386796610493
-0.7345421249551002,-0.708537019618788,-0.6152256385147823,-0.6448168001479787,-0.5146010764856858,-0.1671834644556152,-0.1974365721042361,-0.42229578938575985
-0.6321890928837451,-0.6402057547307637,-0.11404563604509192,-0.08012175340883759,-0.5146010764856858,0.7473045481686387,0.42342206982076086,0.1225622527407669
-0.37725140573116384,-0.4701101312974015,0.03962279463832877,0.11100484897142554,-0.5146010764856858,0.5043342727505977,0.24969489559996105,-0.048331606735046585
0.5862919885212166,0.17374610846261637,0.9054501252341045,0.9588428253577854,-0.5146010764856858,0.5043342727505977,0.24969489559996105,-0.048331606735046585
-1.1256781130834708,-0.9698019577107232,-0.5457236998453411,-0.4623570795394357,-0.5146010764856858,0.5043342727505977,0.24969489559996105,-0.048331606735046585
-0.40184547343031285,-0.4867396270580672,0.138207509757008,0.16582041005335363,-0.5146010764856858,0.5839159699332794,0.2752372546258925,-0.01848349158368503
-1.0322371157222612,-0.906811130931592,-0.8376795220355403,-0.8267976304246296,-0.5146010764856858,0.15568197265257422,-0.020604742003956535,-0.25806666117438565
-1.5857929738486172,-1.5618643968300798,-1.0107764939840576,-0.9965007601229733,-0.5146010764856858,0.15568197265257422,-0.020604742003956535,-0.25806666117438565
-0.1384296725770105,-0.30894386706831395,0.10875213325276151,0.1514542988345517,-0.5146010764856858,0.8392585698013684,0.5407510719798126,0.2392137402222713
-1.5733778758137806,-1.5443278723541647,-1.638168559539956,-1.6238714632464981,-0.5146010764856858,-0.12771810557476304,-0.22811774048415603,-0.4031483029581935
-0.3335703464197607,-0.44078862205935065,0.34372423202044744,0.3172318811247822,-0.5146010764856858,-0.07552085268407614,-0.32881111413665376,-0.24429095539144954
-0.036371625817031225,-0.24166156760755464,-0.5308744572559657,-0.4893123647009776,-0.5146010764856858,0.5160502960093843,0.223898379574634,-0.048331606735046585
-0.12552988960846723,-0.3013350616205662,-0.5228083062593805,-0.4924064788266569,-0.5146010764856858,0.6614467783696911,0.4473165105808271,0.13597383817750092
-0.6017938369385311,-0.6196828979522697,0.5412140286510965,0.4193932623232999,1.1345120265007607,-1.5885637909802581,-0.953447300763593,-0.7911465853036335
0.11474357504738092,-0.14287495182740712,-0.4890191094784948,-0.455163236745273,-0.5146010764856858,0.6347655952690033,0.4709927342227765,0.1225622527407669
-0.14167897617338507,-0.31280030736395176,0.9878353951647142,0.9910860403239754,-0.5146010764856858,0.6347655952690033,0.4709927342227765,0.1225622527407669
-0.886045587879243,-0.8097454195791599,-0.9951494077247123,-0.9606590447069102,-0.5146010764856858,0.4582122575896242,0.24969489559996105,-0.048331606735046585
-0.3028902456257179,-0.42031055999460015,-0.7919074342757403,-0.7823822649292504,-0.5146010764856858,0.3908121353228532,0.17152228567767072,-0.12561749935932728
-0.5340483330135453,-0.5748711537605597,-0.09874765302039827,-0.07552928633097529,-0.5146010764856858,0.42064618045530505,0.17152228567767072,-0.12561749935932728
-0.4881484398350866,-0.5442982662842569,-0.15498171598702648,-0.20382642408877605,-0.5146010764856858,-0.04960112155773926,-0.1974365721042361,-0.3842386796610493
-0.8290112641079226,-0.7713301047518473,-0.3008654507013922,-0.3371737086578845,-0.5146010764856858,-0.7518235613054995,-0.5919981863184592,-0.6283130793593078
-0.47032406351774136,-0.5324023450548199,-0.3177595010407875,-0.2760431700110116,-0.5146010764856858,0.45032424346117506,0.17152228567767072,-0.10984321208319692
-0.10646618154949565,-0.2901728977911627,0.7389595474944183,0.7588656048441459,-0.5146010764856858,0.45032424346117506,0.17152228567767072,-0.10984321208319692
-0.3760363642823162,-0.46954821866961705,0.4648376269378963,0.49025535606447457,-0.5146010764856858,0.6927322974604305,0.37740681144712823,-0.09889767370481516
-1.1256781130834708,-0.9698019577107232,-1.172891385331908,-1.2931900274499888,-0.5146010764856858,-2.0367989970553064,-1.521766545054981,-1.1807296726855518
-0.39770714838886934,-0.4838253485659773,-0.8084851415436065,-0.7870766743079437,-0.5146010764856858,0.5549299771423304,0.3503882692524591,0.05367243821493292
-0.18823275536206954,-0.344989391688653,-0.6129645312998147,-0.5810665020340515,-0.5146010764856858,0.6699963074369393,0.4473165105808271,0.09537929645992647
-0.8603223456020643,-0.7925072188722541,-1.331755765174912,-1.2848701527175563,-0.5146010764856858,0.6699963074369393,0.4473165105808271,0.09537929645992647
0.10960531634851951,-0.14547358942807154,-0.2431658446696283,-0.2079569507691207,-0.5146010764856858,0.803211873906265,0.3280708131836769,-0.11928815510501616
-1.1338446468825167,-0.39368254201606884,-0.5861424740049829,-0.6402126685208396,-0.5146010764856858,-0.43177407637923265,-0.7380947787099237,-0.7428185548095695
-2.085543784497185,-0.7361199459380023,-0.21280525431223776,-0.2745238995883683,-0.5146010764856858,-0.43177407637923265,-0.7380947787099237,-0.7428185548095695
-0.7066472054579349,-0.2071066102866299,-0.031220785007569,-0.09408144132249402,-0.5146010764856858,-0.43177407637923265,-0.7380947787099237,-0.7428185548095695
-0.9124001379715303,0.19171806656955545,0.8842792399576908,0.8006949790805096,-0.5146010764856858,-0.43177407637923265,-0.7380947787099237,-0.7428185548095695
-1.0548462459459282,0.1798221453401186,1.2591401892885126,1.167042740110996,-0.5146010764856858,-0.43177407637923265,-0.7380947787099237,-0.7428185548095695
-0.13519017081632817,-0.30894386706831395,-0.19493468269543515,-0.18620197602930244,-0.5146010764856858,0.8337278016596159,0.5862351942408215,0.2392137402222713
-0.5293690488375105,-0.571998508141792,-0.9589252729572936,-1.0482225591522127,-0.5146010764856858,-0.917624168410071,-0.6277577666459828,-0.6505354462926373
-0.6118303026947834,-0.6269567533925672,-0.1465978666803243,-0.23828926528534303,-0.5146010764856858,-1.334333015927409,-0.9331136398985959,-0.8158984331039533
-0.24045831436669302,-0.37892899680712266,-0.36443648403784945,-0.3338641194650107,-0.5146010764856858,0.1359017025093755,-0.049251756909367644,-0.29306142306346894
-0.5247100653074049,-0.56843496566509,-0.13648308189032737,-0.11567452602188007,-0.5146010764856858,0.7985739038355657,0.4709927342227765,0.18846887127388884
-0.6848415015673848,-0.6752696450022838,-0.43984513869654734,-0.3679405867532264,-0.5146010764856858,0.48573430546248914,0.3255791950483469,-0.12561749935932728
-1.3714297090846181,-1.2588461588402091,-0.7379199476392648,-0.6597291999446601,-0.5146010764856858,0.48573430546248914,0.3255791950483469,-0.12561749935932728
-0.5340483330135453,-0.5748711537605597,-0.1398056779738214,-0.16101695547184483,-0.5146010764856858,0.5092188881916186,0.24969489559996105,0.010790585623647524
-0.010142245492274346,-0.22560346252885863,0.35593626917516424,0.3540769878079195,-0.5146010764856858,1.0765432012765812,0.9040852047849619,0.5435409924661794
-1.0779416311108039,-0.93798360249337,-0.4727246852506861,-0.46334827936985007,-0.5146010764856858,0.13694448955258137,0.03575679229395902,-0.3288796662277286
0.5198443625258865,0.700128424528149,-0.345598036439993,-0.3799105025076654,2.453802508889918,0.2729376154858291,0.18208249771374216,-0.22216796532122288
-0.1814573762985991,-0.3408289907698715,1.0172819995188596,0.9943674447392723,-0.5146010764856858,0.5248214714662608,0.2752372546258925,-0.003776081517713554
-0.2804386818346292,-0.40557846324550567,-0.03611395471908636,0.015441205135102122,-0.5146010764856858,0.8613279107533666,0.7815807555080889,0.37062278918508207
-0.5722352548014147,-0.6001114027908805,0.22524582494478515,0.22427442189109564,-0.5146010764856858,0.008289126684012889,-0.020604742003956535,-0.3288796662277286
-0.8991420187185633,-0.8186357958966809,-0.39544337165418314,-0.363794369953538,-0.5146010764856858,0.5925829834558164,0.2752372546258925,0.14926829036805042
-0.5312383165319501,-0.5727148395730601,0.09812493458630908,0.11947349954803216,-0.5146010764856858,0.5713735417321293,0.21610910440036193,0.2943499321518584
-0.7402091250152608,-0.7125114233333077,-0.6342779166696539,-0.6108748920634396,-0.5146010764856858,0.7594646164752802,0.3005304159325704,0.26396558802259107
-0.38131150137761277,-0.4729309652836749,0.09134833111611905,0.20463141343847174,-0.5146010764856858,0.8512234459456924,0.9632329064335282,0.5638373611572111
0.1793956057037581,-0.09864274543754946,-0.08968406257837441,-0.1029487431868025,-0.5146010764856858,-0.12007604676569662,-0.1974365721042361,-0.4031483029581935
0.2494570119549859,-0.05228908739584103,0.08633166003920185,0.13547559050220176,-0.5146010764856858,0.7790529419409772,1.506412470664487,1.3674057918428797
-0.7748538720092366,-0.7350655701655744,-0.5564482564860542,-0.5054468285375088,-0.5146010764856858,0.07192669065680982,-0.10751327551383864,-0.17394552985339107
-0.49265114672223986,-0.5469879395652348,-0.3074743635991632,-0.2693827354645188,-0.5146010764856858,0.589695449055064,0.5635928802717013,0.32413963238677346
-0.41435700158413014,-0.4950082575147616,0.06610647716465261,0.08259727332165723,-0.5146010764856858,0.3507879169467358,0.24969489559996105,-0.15766510621348245
-0.7631809960021507,-0.7277577463966198,-0.34278495684636145,-0.30080764683027506,-0.5146010764856858,0.41071891095455587,0.2752372546258925,0.1225622527407669
-0.2804386818346292,-0.40557846324550567,-0.7097215780907485,-0.6274537750263487,-0.5146010764856858,1.2041083731389226,1.096212232466589,0.7080022880081401
1.0659534804597928,1.1156388085845166,-0.08203892884016004,-0.011835029919689597,1.926086315934255,-0.45140167476404075,0.223898379574634,1.3434335625487384
-0.19163654274196745,-0.344989391688653,-0.868370806756646,-0.7637592223914657,-0.5146010764856858,1.3550108230099234,1.2577368238232172,0.8396870987651904
-0.6270630973787599,-0.6368543301749711,-0.8532052156131874,-0.7791146803858474,-0.5146010764856858,0.8475446310056906,0.5407510719798126,0.22668523246079825
-0.6848415015673848,-0.6752696450022838,-0.09590201252965525,-0.1395146454136101,-0.5146010764856858,0.33167709641096005,0.03575679229395902,-0.20703824838611481
-1.2552197877312283,-1.094971594642068,-0.08538211085656222,-0.08029455429296037,-0.5146010764856858,0.7078391892877866,0.3005304159325704,0.03951228866179092
0.06527043227563925,-0.1751666489410151,0.20419514709716355,0.2030530281937959,-0.5146010764856858,0.600026045796483,0.39930535200219186,0.5994169278573807
-0.16803352626567233,-0.32858821261847526,-0.051260087580220014,-0.020302104273262178,-0.5146010764856858,0.43847163169961645,0.3503882692524591,-0.09423071522014749
-0.5482097780445688,-0.5843445529714025,0.20807666639741887,0.1727744631745736,-0.5146010764856858,0.5655753683436854,0.14493201698902475,-0.15766510621348245
-1.047256857331576,-0.951829999603784,-1.054190920015941,-0.9626702905883195,-0.32990040895120376,0.8851399322157616,0.802404389311249,0.45953594923675983
-0.4059998075059663,-0.6093925956818504,-0.5741176699747257,-0.4944767922185324,-0.38267202824677,0.8851399322157616,0.802404389311249,0.45953594923675983
-0.974174650159328,-0.7215930051227258,-0.4169205181307022,-0.34551630547135986,-0.42225074271844476,0.8851399322157616,0.802404389311249,0.45953594923675983
1.4025445103276715,1.0266289454986637,1.2436483361177861,1.2892658249152094,1.3521949560949715,0.8933593369635526,0.7982530217784753,0.4884089874741173
-0.2584469095005206,-0.39087670260679674,-0.8902996677048233,-0.8324678764941654,-0.5146010764856858,0.5442645843401411,0.42342206982076086,0.3933426900663088
-0.49717281243113504,-0.5503743031617591,0.04712287739832562,0.01850235345115789,-0.5146010764856858,0.21769727906771397,0.007729184504206895,-0.27546348024390227
-0.4441302278853934,-0.5145390113285363,-0.736006991596697,-0.7171819430295807,-0.5146010764856858,0.1847067829878602,0.14493201698902475,-0.25806666117438565
-0.7066472054579349,-0.6901532041911188,-0.13251889233104816,-0.09731984887013104,-0.5146010764856858,0.362824842299165,0.2752372546258925,0.2013145601651859
-1.6906463423680207,-1.7095063251640346,-1.472982863014204,-1.410222143875847,-0.5146010764856858,0.362824842299165,0.2752372546258925,0.2013145601651859
-0.6425150764740113,-0.6469894713397079,-0.1657093580095064,-0.11410140106345315,-0.5146010764856858,0.5597712663515634,0.3255791950483469,0.09537929645992647
-0.3532079980166644,-0.45411077667230265,0.41890760192943594,0.44270844752257144,-0.5146010764856858,0.8475446310056906,0.5862351942408215,0.26396558802259107
-0.20191311895630462,-0.35300889134926433,-1.3116167196354473,-1.2801145160404799,-0.5146010764856858,-0.035610528391631646,-0.1671142560288904,-0.365561082139835
-1.0548462459459282,-0.9229305413453168,-0.626452238992093,-0.5803635524628407,-0.5146010764856858,0.24640751279790787,0.3503882692524591,-0.1351611362638951
-0.07237144430854714,-0.2652209910577879,0.11322587955930187,0.16529201405074148,-0.5146010764856858,0.5043342727505977,0.24969489559996105,-0.048331606735046585
-0.8991420187185633,-0.8186357958966809,-1.3015121333730024,-1.4007850390410714,-0.5146010764856858,-1.4683200416897964,-0.9739417036982861,-0.841059420834176
-0.43982603767730466,-0.5120476927308382,-0.04440563828417094,-0.09173554497040445,-0.5146010764856858,-0.49552209071530734,-0.38721848115444313,-0.521821758990316
-0.3181230403096945,-0.4304254694001594,-0.04051058771529485,-0.010007741941269941,-0.5146010764856858,0.6528843529996285,0.32058876334329045,-0.11613332475286031
-0.4101702749583103,-0.4920365543465302,-0.35383595921759486,-0.4169974241554778,-0.5146010764856858,-0.6025940649586956,-0.521925583639496,-0.5848185460996427
-0.219262349590359,-0.36467355781288957,-0.5604452071122284,-0.6005570148389975,-0.5146010764856858,-0.9655372977551754,-0.7007915672142845,-0.6730870454322985
-0.5869128502902351,-0.6101753156046902,0.053625726482676266,0.018602494257242835,-0.5146010764856858,-0.46413814594960123,-0.38721848115444313,-0.521821758990316
-0.39770714838886934,-0.4838253485659773,-0.6505854079186533,-0.6326053155232134,-0.5146010764856858,-0.05391286597602741,-0.1671142560288904,-0.365561082139835
-0.3732066023832621,-0.46730801565722646,-0.9780200977692266,-0.9159167268778491,-0.5146010764856858,0.45131084488083784,0.24969489559996105,-0.03333439084239501
-0.39770714838886934,-0.4838253485659773,-0.09170443542388668,-0.12531051913328214,-0.5146010764856858,-0.44562180332103185,-0.38721848115444313,-0.521821758990316
-0.4836645334489678,-0.540960088604082,-0.7009696814124179,-0.6543763472348051,-0.5146010764856858,0.5810240222166203,0.3005304159325704,0.010790585623647524
0.24492580683868206,-0.054384760567892,0.36458533525227715,0.36085695810108837,-0.5146010764856858,0.01361959120732465,-0.020604742003956535,-0.27546348024390227
-0.3571780358812406,-0.4568263955326854,-0.4039554222753562,-0.40868760844378965,-0.5146010764856858,0.040197087338052634,-0.1371424948145019,-0.365561082139835
0.2673930283711202,-0.039928870047645115,-0.7425294143829121,-0.671490606347436,-0.5146010764856858,0.724786523582623,0.5862351942408215,0.2140527524920487
-0.26572757480692205,-0.3955635129545023,-0.10038951518525634,-0.11132675083556062,-0.5146010764856858,0.01788036172355873,-0.15208506338683808,-0.44559530192559904
-0.3611628049033604,-0.45955959133650215,-0.7247840289022879,-0.7070184176331631,-0.5146010764856858,0.321592866980087,0.14493201698902475,-0.14155696542136542
-0.43982603767730466,-0.5120476927308382,0.3277458371343518,0.3212520032004717,-0.5146010764856858,0.3246200173071326,0.09091905354157294,-0.19040196148332533
0.5928803160524154,0.1774022116259426,-0.7910605298250012,-0.7777189103051219,-0.5146010764856858,0.04337804077167121,-0.10751327551383864,-0.3288796662277286
-0.8603223456020643,-0.7925072188722541,-1.0348824739251186,-1.1199733741489675,-0.5146010764856858,-1.346506903897187,-1.1004315933761113,-0.9191383351487238
-0.46591381494017114,-0.5291565390861519,-1.0151731024108968,-1.0149120536486922,-0.5146010764856858,-0.4087693386973837,-0.38721848115444313,-0.5013891689827998
-0.22980803845346984,-0.3717411249223598,-0.24649415611630024,-0.3816750621355142,-0.5146010764856858,-2.05364523194549,-1.521766545054981,-1.149342888546372
0.3832038068024978,0.037737565315494555,-0.5188431496438884,-0.5049205566181436,-0.5146010764856858,0.42064618045530505,0.223898379574634,-0.0787767236001256
0.3341963367475479,0.004359414917276902,-0.47031415697308504,-0.44253128518405777,-0.5146010764856858,0.21564098081891064,0.06348463382677073,-0.20703824838611481
-0.24045831436669302,-0.37892899680712266,-0.21466464293326054,-0.2346944527872365,-0.5146010764856858,0.09403235351806206,-0.1371424948145019,-0.3288796662277286
-0.5030795852035784,-0.4418390635897567,-0.6134549087725083,-0.5670240777794001,0.07907964058943497,0.5423232672029789,0.3676144354224541,0.28396600685192946
-1.446617110840831,-1.2107300872188937,-0.3369838650663261,-0.2962540515572369,0.13844771229694708,0.5423232672029789,0.3676144354224541,0.28396600685192946
1.4025445103276715,1.0378475974931534,1.6725769536540938,1.6716873124449882,0.15823706953278438,0.5423232672029789,0.3676144354224541,0.28396600685192946
1.1706101831020215,0.5616496353891418,2.4872824383069267,2.4763596539021444,1.6622282194564237,0.5423232672029789,0.3676144354224541,0.28396600685192946
-0.4747524987388225,-0.5350170733932869,-0.7960808545278695,-0.7563554207670097,-0.5146010764856858,0.5839159699332794,0.42342206982076086,0.09537929645992647
-0.2157700082383394,-0.3624889834763099,0.14811499705057363,0.1239718511195304,-0.5146010764856858,-0.3221918515662888,-0.3546076301619808,-0.48122721727274126
0.721189754168746,0.26280224501345706,-0.20628475736476867,-0.18286259885499964,-0.5146010764856858,0.2556050485726502,0.007729184504206895,-0.24086642053867213
-0.6956890081357814,-0.6826458548630605,-0.9754448230947965,-0.952670956929445,-0.5146010764856858,0.4007742495922562,0.11806619656814742,-0.14155696542136542
-0.12232901087712994,-0.3013350616205662,-0.5048194826812126,-0.5372135860683133,-0.5146010764856858,0.18780779986571614,-0.07821885681676052,-0.29306142306346894
1.1094536886182278,0.5225275767400888,-1.189480184505518,-1.1587872797269811,-0.5146010764856858,0.6538363716607685,0.4944546904593177,0.1624476376320799
-0.07237144430854714,-0.2652209910577879,0.02697314333391327,-0.023696350750163415,-0.5146010764856858,-0.529425172933436,-0.45369721256614204,-0.5425323519389827
1.022819408471545,0.4646064217071208,-0.7700097786261483,-0.7700145581737687,-0.5146010764856858,0.41270575425581707,0.17152228567767072,-0.12561749935932728
-0.28414816400076515,-0.40799839695968176,0.0686540105943785,0.038836707540144545,-0.5146010764856858,0.21358393739950002,-0.020604742003956535,-0.25806666117438565
-0.5577555655139222,-0.5902817653984501,-0.16579014462761313,-0.2662259404955511,0.5408313094256401,0.3357057773847145,-0.3224018933933692,-0.17394552985339107
-0.8476881525916009,-0.7841450193308717,1.212353341068677,1.0859735199696436,0.40890226118672435,0.3357057773847145,-0.3224018933933692,-0.17394552985339107
0.4913479901878461,0.10905957946124499,-0.44008232856878704,-0.37115335631250024,-0.5146010764856858,0.6060387563587989,0.4944546904593177,0.1624476376320799
-0.6321890928837451,-0.6402057547307637,-0.41791605540900995,-0.5273694061909054,-0.5146010764856858,-2.0322132330355402,-1.4220416168639718,-1.1185902244330423
-0.20536061475596926,-0.35557333613834763,0.05662621527191019,0.06086791316251303,-0.5146010764856858,0.13277219149355907,-0.049251756909367644,-0.29306142306346894
1.0680653671174307,0.4948455000806493,-0.11119895223151015,-0.1420882281957429,-0.5146010764856858,-0.48271508624845216,-0.48758695619504183,-0.5635286172353096
-0.3181230403096945,-0.4304254694001594,-0.5343800728059726,-0.516590278693431,-0.5146010764856858,0.39778745065265586,0.14493201698902475,-0.14155696542136542
0.9605308167522919,0.4233128669711862,-0.8890060316060204,-0.9159167268778491,-0.5146010764856858,-0.14412867281192923,-0.22811774048415603,-0.4031483029581935
0.5251042621154991,0.13264112035432576,-0.7350414177857157,-0.6635400573741356,-0.5146010764856858,0.5964307458493718,0.37496218281690186,0.05367243821493292
0.0992544504852779,-0.15071933735237805,-0.7934940184299739,-0.7533556664393808,-0.5146010764856858,0.20843806518257865,0.007729184504206895,-0.25806666117438565
-0.024634962335880237,-0.23516486596592354,-0.08230727860011758,-0.062490195109227153,-0.5146010764856858,0.3094680964312576,0.06348463382677073,-0.20703824838611481
1.6908723209170304,0.7657142097207248,-0.6613947582506815,-0.5748812320287668,-0.5146010764856858,0.6252061264321768,1.0191542457273708,0.9655341517947306
0.49854328691680977,0.11472781594252489,0.6854516215610323,0.6758573876505855,-0.5146010764856858,0.3898149616261767,0.17152228567767072,-0.12561749935932728
-0.3028902456257179,-0.42031055999460015,-0.3008893069097423,-0.30080764683027506,-0.5146010764856858,0.030643517755464787,-0.10751327551383864,-0.3288796662277286
0.9558566243052654,0.41991013077116857,-0.2930312817050398,-0.31272242967454567,-0.5146010764856858,0.11081717078575377,-0.049251756909367644,-0.29306142306346894
0.8357919095121561,0.3396272531114881,-0.6920123113924513,-0.6635400573741356,-0.5146010764856858,0.8613279107533666,0.6529992735665455,0.30035469378496804
-0.39358470947113,-0.4809310447235694,-0.786820643703771,-0.7548539479879871,-0.5146010764856858,0.3135125648985783,0.14493201698902475,-0.12561749935932728
-0.6219614534881779,-0.6335292950626835,0.5095657384255126,0.3706479655396865,-0.5146010764856858,-2.0215275020928694,-1.4220416168639718,-1.0884465641686196
-1.1175732140891201,-0.9643296053927469,-1.036143876703292,-1.0149120536486922,-0.5146010764856858,-0.23468812714011927,-0.3546076301619808,-0.48122721727274126
-0.26938650175135037,-0.3979265704779439,-0.869282657178927,-0.8241449793049215,-0.5146010764856858,0.3898149616261767,0.14493201698902475,-0.12561749935932728
-0.2730579378720526,-0.40077980618082526,-0.08954715343636308,-0.11012377920702834,-0.5146010764856858,-0.2659447479264176,-0.3546076301619808,-0.46132882804278685
-0.7459061888768628,-0.716523589168786,-0.7174059418519911,-0.6781852549832998,-0.5146010764856858,0.30845652888804076,0.06348463382677073,-0.20703824838611481
-0.10646618154949565,-0.2901728977911627,0.09419332100846699,0.029038895846811873,-0.5146010764856858,-0.09938502839888741,-0.22811774048415603,-0.4031483029581935
-0.10646618154949565,-0.2901728977911627,0.03891318696331349,-0.005071704504197708,-0.5146010764856858,-0.18039979464892889,-0.22811774048415603,-0.4416871993936958
0.271830613277761,-0.03588790832566306,1.1805010705592207,1.1127634181095423,-0.5146010764856858,-0.18039979464892889,-0.22811774048415603,-0.4416871993936958
-0.44845173882507866,-0.5176739721076601,-0.4614192491637074,-0.427288719385413,-0.5146010764856858,0.4818107447369051,0.17152228567767072,-0.0787767236001256
1.0128707565954613,0.4577903528838363,-0.41883307187363555,-0.3522622057851153,-0.5146010764856858,0.6842169693723867,0.4473165105808271,0.10903145164825394
-0.004399483040512064,-0.22246384005510209,-0.3173319425492483,-0.2714951464727565,-0.5146010764856858,0.5655753683436854,0.3255791950483469,-0.003776081517713554
-0.2804386818346292,-0.40557846324550567,-0.3001320869499616,-0.3266372591207497,-0.5146010764856858,-0.23468812714011927,-0.25916635673801813,-0.4416871993936958
-1.0680149431306887,-0.9312270219110053,-0.7609738209241206,-0.7780288426922856,-0.5146010764856858,-0.332375787574816,-0.25916635673801813,-0.5173378644426874
-0.4747524987388225,-0.5350170733932869,-0.7107066286597031,-0.6835871297169038,-0.5146010764856858,0.17953465392502552,-0.10751327551383864,-0.3108651944412615
0.8769029207169329,0.36682875255560893,-0.6495747089471606,-0.6363987302550606,-0.5146010764856858,0.4739554779531425,0.19784259773877455,-0.09423071522014749
0.8629478109181321,0.35821853757359273,-0.6791202330137671,-0.6582890744116294,-0.5146010764856858,0.3155337190070728,0.09091905354157294,-0.19040196148332533
-0.38131150137761277,-0.4729309652836749,-0.6140532507286902,-0.6029711994014253,-0.5146010764856858,-0.26146896511716816,-0.2905913290163864,-0.4416871993936958
-0.38538700539360254,-0.4757707693787411,-0.7462630877389873,-0.6917683573633132,-0.5146010764856858,0.5578352461234706,0.3005304159325704,0.010790585623647524
-0.3104796342400702,-0.4253377298135132,0.8114069549287009,0.8331210548896457,-0.5146010764856858,0.5578352461234706,0.3005304159325704,0.010790585623647524
-0.14493814110079664,-0.31669229138903837,-0.8475078142978202,-0.8126555784749682,-0.5146010764856858,0.12964095416837218,-0.049251756909367644,-0.29306142306346894
1.1315551875304752,1.3207580574473636,0.3433239697595725,0.3452809553849543,1.009179430673791,0.08562129622250672,0.09091905354157294,-0.25806666117438565
-0.2157700082383394,-0.3620534215217884,1.137724800278992,1.1228808790376106,2.3614521751226767,0.08562129622250672,0.09091905354157294,-0.25806666117438565
-0.15477540701270529,-0.32062048043643626,0.05644084976822058,0.017600445469827274,-0.5146010764856858,0.14527989670932298,-0.10751327551383864,-0.3108651944412615
-0.42701601676615547,-0.5034420355421989,-0.6356740084496504,-0.6491929326805983,-0.5146010764856858,0.13381555355030694,-0.07821885681676052,-0.29306142306346894
-0.12874033749822644,-0.30512232716341253,-0.5837514808293878,-0.553932342878806,-0.5146010764856858,0.35781255830573105,0.09091905354157294,-0.17394552985339107
-0.054220690772099574,-0.25496273897731764,-0.8695157304003027,-0.8142855010583193,-0.5146010764856858,0.3306694792513537,0.06348463382677073,-0.20703824838611481
-0.939924050632282,-0.8451195377340163,-0.919712273229145,-0.8690674142664399,-0.5146010764856858,0.3175541537156243,0.34297044310386093,0.4606151446736965
-0.5869128502902351,-0.6101753156046902,-0.3438887254266598,-0.48316458268525453,-0.5146010764856858,-2.1620360832956904,-1.6254815140032026,-1.24551413480955
-1.1671463546577816,-0.9982808781541457,-1.4769084353481632,-1.5936550718686568,-0.5146010764856858,-2.1620360832956904,-1.6254815140032026,-1.24551413480955
-0.3104796342400702,-0.4253377298135132,0.03459706608691373,0.05518669071474679,-0.5146010764856858,0.10976957250766287,-0.049251756909367644,-0.29306142306346894
-0.060236919500469915,-0.2583545425738094,-0.554469255325904,-0.6029711994014253,-0.5146010764856858,0.0125538986755632,-0.1974365721042361,-0.4416871993936958
-0.26208107208656006,-0.393213605513164,-0.2499428539114347,-0.24772248442313885,-0.5146010764856858,-0.22578918547236232,-0.1974365721042361,-0.4031483029581935
-0.26938650175135037,-0.3979265704779439,-0.8077247159814234,-0.8208431409347835,-0.5146010764856858,-0.10482272519726164,-0.1671142560288904,-0.3842386796610493
-0.7011541294437146,-0.6863828463088809,0.1866147383845518,0.02557723443772113,-0.5146010764856858,-1.8844130920164226,-1.521766545054981,-1.1807296726855518
-0.43982603767730466,-0.5120476927308382,0.11407978716637411,0.08724555461049593,-0.5146010764856858,0.01361959120732465,-0.1671142560288904,-0.365561082139835
-0.13519017081632817,-0.30894386706831395,-0.20931633675520753,-0.1855328338782073,-0.5146010764856858,0.2983309263926521,0.03575679229395902,-0.2238583653839335
1.1275704185083557,0.9163027279085908,-0.46600153451784854,-0.3968548766038889,-0.5146010764856858,0.6889492841556368,0.6529992735665455,0.10903145164825394
0.20797096842592494,-0.08037926003047806,-0.8100449232639737,-0.7669562401306765,-0.5146010764856858,0.13068489187315036,-0.020604742003956535,-0.27546348024390227
-0.2548250038098856,-0.3885526610913835,-0.4861405166706381,-0.431068574035253,-0.5146010764856858,0.8096986722248299,0.608681468399628,0.26396558802259107
-0.161384006448676,-0.32458555442751597,-0.40355566928060427,-0.431068574035253,-0.5146010764856858,-0.7676982293475311,-0.48758695619504183,-0.5848185460996427
-1.2191191104446806,-1.0460584509377202,-0.8675632170054541,-0.8398742036807069,-0.5146010764856858,0.18056945681801054,0.06348463382677073,-0.3108651944412615
-0.905750618154534,-0.8225040117469677,-0.2276697640069371,-0.24154034500573385,-0.5146010764856858,0.2912322423453757,0.06348463382677073,-0.17394552985339107
-0.5968105610854686,-0.616489859846607,-0.3209468434508555,-0.2852282016234099,-0.5146010764856858,0.5442645843401411,0.3255791950483469,-0.003776081517713554
-1.3117535782754441,-1.1764304295870867,-0.8239702086698406,-0.8094069957524513,-0.5146010764856858,0.10976957250766287,-0.020604742003956535,-0.17394552985339107
0.36101929167246166,0.022255197813858704,0.29193183024651564,0.23577332315413074,-0.5146010764856858,-0.23802883027944766,-0.2905913290163864,-0.4416871993936958
-0.4312690679461953,-0.5058829514569442,-0.46165973780586816,-0.430121708609822,-0.5146010764856858,0.626162798087555,0.39930535200219186,0.08160359067699043
-0.2088192136208508,-0.3577223345548179,-0.05413371888124095,-0.1855328338782073,-0.5146010764856858,-0.33577449713872576,-0.38721848115444313,-0.5013891689827998
1.223918435756486,2.0879440989818034,-0.37438235312298007,-0.36422513147213526,3.2453767983234116,-0.12334995510623095,-0.020604742003956535,-0.24086642053867213
-0.219262349590359,-0.36467355781288957,-0.3458666229685096,-0.3173840120231383,-0.5146010764856858,0.8383371492565737,0.5862351942408215,0.2516399733104074
-0.905750618154534,-0.8225040117469677,-0.7468006530565321,-0.7099676729097968,-0.5146010764856858,0.8383371492565737,0.5862351942408215,0.2516399733104074
-0.4571472844669954,-0.5233762275430767,-0.050606823053895036,-0.05801080781655768,-0.5146010764856858,0.0771977572940399,-0.1371424948145019,-0.3288796662277286
-0.3142945370771927,-0.4278739373020783,-0.014006234795629714,-0.009486528458561572,-0.5146010764856858,0.06242641855849628,-0.1371424948145019,-0.34710988531808445
-0.7289048730637334,-0.7045996738210407,-0.5833966993983256,-0.6569824174976718,-0.5146010764856858,-1.1417137086987352,-0.7759425818408509,-0.7192180029925622
-0.6741024718817606,-0.6680200716284929,-0.13736797953162952,-0.11798004195274989,-0.5146010764856858,0.6271193085378294,0.37496218281690186,0.05367243821493292
-0.8167380560144054,-0.7633730969359115,-1.3082656436889686,-1.3042201654647136,-0.5146010764856858,-0.29737443373971373,-0.2905913290163864,-0.46132882804278685
-1.1756356796520533,-1.0022274234917277,-0.9195019377778638,-0.923496812850891,-0.5146010764856858,-0.29737443373971373,-0.2905913290163864,-0.46132882804278685
-1.3021221772197804,-1.161715446752257,-1.325286556183267,-1.2931900274499888,-0.5146010764856858,-0.03453575583256852,-0.2905913290163864,-0.42229578938575985
-1.0936191944983058,-0.9483256037449347,-1.4118609048178032,-1.3933252741566924,-0.5146010764856858,0.7021788152900079,0.42342206982076086,0.1225622527407669
-0.44845173882507866,-0.5176739721076601,-0.22578428306554393,-0.17136334983837956,-0.5146010764856858,0.9006554963918948,0.608681468399628,0.47029362722658197
-0.8603223456020643,-0.7925072188722541,-0.6740899639491723,-0.6105081490377836,-0.5146010764856858,0.9006554963918948,0.608681468399628,0.47029362722658197
-0.6168839309353916,-0.6302302370525047,0.02675662087056717,0.07579773558939959,-0.5146010764856858,0.9006554963918948,0.608681468399628,0.47029362722658197
-0.9671326969305787,-0.8632697847511277,-0.41326113926532915,-0.3548086548030217,-0.5146010764856858,0.9006554963918948,0.608681468399628,0.47029362722658197
-0.5434685163946473,-0.5814069600640785,0.3688092343592676,0.37337736057302756,-0.5146010764856858,0.5549299771423304,0.3255791950483469,-0.003776081517713554
1.501678767206767,1.4062434397052774,-1.2138826756773626,-1.1352434557540618,-0.5146010764856858,1.0632733177602103,0.6965722063047625,0.3591343942758567
-0.22276608522472058,-0.36686949244149797,-0.3842437690655186,-0.372285652304657,-0.5146010764856858,0.008289126684012889,-0.07821885681676052,-0.3108651944412615
-1.0028135212063787,-0.8882465028642486,-0.9892895169585877,-0.9648893089425016,-0.5146010764856858,0.008289126684012889,-0.07821885681676052,-0.3108651944412615
-0.6634697709686493,-0.6608928597826154,-0.31153937865947917,-0.317545307345487,-0.5146010764856858,0.40375947777241267,0.09091905354157294,-0.17394552985339107
-1.2102804266460292,-1.0330642786926894,-1.3365101167659006,-1.3397596774617249,-0.5146010764856858,-0.1605868207687115,-0.22811774048415603,-0.4031483029581935
-1.047256857331576,-0.9180297829260815,-0.7458994653008986,-0.760879123156406,-0.5146010764856858,-0.3471182484234102,-0.3546076301619808,-0.32345290433015483
-0.8731069492040845,-0.801038363115818,-0.5241303250408866,-0.5438535836997922,-0.5146010764856858,-0.3471182484234102,-0.3546076301619808,-0.32345290433015483
-0.8925738391037881,-0.8135326851220063,-0.4662547026795443,-0.4502779697702051,-0.5146010764856858,0.2535624392473548,0.007729184504206895,-0.24086642053867213
-0.47032406351774136,-0.5324023450548199,0.17068725457585654,0.17349826345825534,-0.5146010764856858,0.5945071906789023,0.3503882692524591,0.02521917801322094
-0.11278322340777595,-0.29386093239066186,-0.5548290037492928,-0.5155213759818105,-0.5146010764856858,0.6813756856288683,0.4709927342227765,0.14926829036805042
0.60917644088953,0.18818434488150104,1.0174413155904969,1.025516241405502,-0.5146010764856858,0.39180913387705474,0.11806619656814742,-0.15766510621348245
-0.7985873024779575,-0.7511644935170898,-0.25514553176587784,-0.28138655068133234,-0.5146010764856858,-0.22467779804761726,-0.2905913290163864,-0.4416871993936958
-0.2730579378720526,-0.40077980618082526,-0.4604522490186964,-0.39956793140841596,-0.5146010764856858,0.8622456071830995,0.6748772807877191,0.3122936185166551
-0.7985873024779575,-0.7511644935170898,-0.09248678562689369,-0.03928470601110342,-0.5146010764856858,0.8622456071830995,0.6748772807877191,0.3122936185166551
1.1276702181477858,0.7550293960303968,-0.8107578088665982,-0.7853517589248507,-0.5146010764856858,0.21564098081891064,0.09091905354157294,-0.0787767236001256
-0.5293690488375105,-0.571998508141792,-0.011516604946994186,0.14896187006279218,-0.5146010764856858,0.29528972018342314,0.06348463382677073,-0.19040196148332533
-1.2280311451548258,-1.0572009780735225,-1.2360063548451858,-1.050500238688619,-0.5146010764856858,0.29528972018342314,0.06348463382677073,-0.19040196148332533
-1.0624896520155527,-0.9278888442308304,-0.7394105100578702,-0.5641572938234116,-0.5146010764856858,0.29528972018342314,0.06348463382677073,-0.19040196148332533
-0.7807382375228894,-0.7392989617862424,-0.38255614041430736,-0.3430031434396982,-0.5146010764856858,0.5993148569726792,0.3005304159325704,0.010790585623647524
-0.7807382375228894,-0.7392989617862424,-0.19203307291682783,-0.14568181900206706,-0.5146010764856858,0.4117124195339255,0.17152228567767072,0.09537929645992647
-1.0397207280233725,-0.9131852485972493,-0.7884461894243661,-0.757558905827984,-0.5146010764856858,0.5452349939935418,0.3255791950483469,-0.048331606735046585
-0.1848397224625893,-0.3408289907698715,-0.268015369410906,-0.16705017058926097,-0.5146010764856858,1.0579566661816426,1.393324765005356,1.2817974057870227
-1.2370177584280981,-1.070972109649922,-1.4348367374621973,-1.4182481266246023,-0.5146010764856858,0.16191408078497296,0.007729184504206895,-0.3288796662277286
-1.1587236132899883,-0.9924293672835122,-0.6602470128619098,-0.679531847949119,-0.5146010764856858,-0.2659447479264176,-0.25916635673801813,-0.4416871993936958
-1.01009418651278,-0.8928117070836926,-0.5850358452948113,-0.6849440910661241,-0.5146010764856858,-1.5519416558633776,-1.1883223312812454,-0.9460807216779706
-0.8666956225829879,-0.7973610341223599,-0.7875964833043505,-0.7808243831830589,-0.5146010764856858,-0.23134938892775042,-0.3224018933933692,-0.46132882804278685
-1.5133681857475965,-1.4596542682559832,-0.4821945553602137,-0.6661802896860912,-0.5146010764856858,-1.8978272248924224,-1.7892746151766667,-1.3131788345006103
-1.227136606144908,-1.102445723871972,-1.9195999879208163,-1.9192846604909326,-0.5146010764856858,-0.28051546306450514,-0.4235706550494471,-0.506471661517694
-1.548970142912186,-1.5099774571914992,-1.6095523975181365,-1.559965463799803,-0.5146010764856858,0.4660893256411756,0.24969489559996105,-0.03333439084239501
-0.28414816400076515,-0.40799839695968176,-0.18390238008368875,-0.2093391888654044,-0.5146010764856858,-0.1649837313322737,-0.3224018933933692,-0.4416871993936958
-0.17137379029402033,-0.3326291743404573,1.0089207672734537,0.9726242760016923,-0.5146010764856858,0.5617066264977393,0.17152228567767072,-0.048331606735046585
-1.6906463423680207,-1.7095063251640346,-0.7234756396653628,-0.7171819430295807,-0.5146010764856858,0.21666922305589342,0.03575679229395902,-0.24086642053867213
-0.5147440179761731,-0.5620954045677635,-0.48512399600758194,-0.48387906742356873,-0.5146010764856858,0.10294497749661559,0.06348463382677073,-0.27181456495277656
-0.9325993670679277,-0.8410395322990509,0.23438022701212546,0.3367564675367286,-0.5146010764856858,0.3718358154029592,0.223898379574634,0.3591343942758567
-0.9531858253267089,-0.8547957088605757,-0.05858621546429659,-0.03279249248119477,-0.5146010764856858,0.37383631278181056,0.26505048918066554,0.5404730604232264
-0.47032406351774136,-0.5324023450548199,0.48743242077406523,0.43681324249429776,-0.5146010764856858,-0.5329439732860631,-0.3224018933933692,-0.521821758990316
-1.1587236132899883,-0.9924293672835122,-1.458320783469447,-1.5188893095948939,-0.5146010764856858,-1.2711790140584627,-0.8929185948959117,-0.7911465853036335
-0.41856011465728543,-0.4974007697361866,-0.4014027115685293,-0.34972492217042206,-0.5146010764856858,0.8374155791183784,0.608681468399628,0.2516399733104074
-0.6168839309353916,-0.6302302370525047,-0.3878806652719949,-0.2580245225146206,-0.5146010764856858,0.5646084300475505,0.24969489559996105,-0.03333439084239501
-0.07542662138857756,-0.4650796343516287,-0.17418027936885105,-0.09826473124766619,-0.3694791234228785,1.0455317460312925,0.7899302908096806,0.3545146483929651
-0.0015395771710045546,-0.677101653417911,0.16610479506042242,0.23518439980889375,-0.2639358848317459,1.0455317460312925,0.7899302908096806,0.3545146483929651
0.6886450205925716,-0.617285858720328,0.4743493748650134,0.5368882339130656,-0.1781820034764507,1.0455317460312925,0.7899302908096806,0.3545146483929651
-0.06932493440918029,-0.7577799386444408,0.6866039983856115,0.7447990464706746,-0.34968976618704106,1.0455317460312925,0.7899302908096806,0.3545146483929651
-0.5869128502902351,-0.6101753156046902,-0.16535819856103715,-0.21559302074266148,-0.5146010764856858,-0.114623725480358,-0.22811774048415603,-0.4031483029581935
-0.22628128973594328,-0.369519776941115,-0.13755416727950015,-0.061928712639679556,-0.5146010764856858,1.04019844349012,0.9040852047849619,0.5229703402300948
-0.7011541294437146,-0.6863828463088809,-0.2589440983917958,-0.2311178788886221,-0.5146010764856858,0.6614467783696911,0.4473165105808271,0.10903145164825394
-1.0857518038581935,-0.9431229431404421,-0.7292236393779189,-0.7240399577495,-0.5146010764856858,0.44242525279187966,0.17152228567767072,-0.10984321208319692
-0.6219614534881779,-0.6335292950626835,-0.266215149565216,-0.22007418770058895,-0.5146010764856858,0.5345513525831029,0.6748772807877191,0.4267990939669168
-0.8666956225829879,-0.7973610341223599,0.20343494875422183,0.19292154386960167,-0.5146010764856858,0.3286537081883598,0.06348463382677073,-0.12561749935932728
-1.1420737600947275,-0.9809641215401267,-0.5317462516150769,-0.4428202547323751,-0.5146010764856858,0.16917623635398968,0.03575679229395902,0.06770207762095169
-0.5918503027548709,-0.6133207847292484,0.16028666900742197,0.19565312128287915,-0.5146010764856858,0.3778351937177049,0.11806619656814742,-0.14155696542136542
-0.4881484398350866,-0.5442982662842569,-0.16589532513889302,-0.10952306233791255,-0.5146010764856858,0.8970085889399196,0.6748772807877191,0.32413963238677346
0.6473068612689573,0.2134367048253515,0.9258441959748348,0.9351120553642498,-0.5146010764856858,0.3788344739339525,0.09091905354157294,-0.17394552985339107
-0.32555646334583693,-0.4355752561202193,-0.11689531743480733,-0.08590473254443536,-0.5146010764856858,0.28514058239347,0.3030462128017627,0.6452896124470152
1.5450117821409914,0.8886296921313775,-0.8183647121508396,-0.7488798342398866,-0.5146010764856858,0.8869674954169071,0.7245068902618104,0.5394490408083956
-0.3691769765695354,-0.504050943041317,-0.4852253725457435,-0.5284564398731482,-0.4822784596671514,-0.8938184136598757,-0.5919981863184592,-0.6550191169865911
-0.34138519215233526,-0.5157902041771486,-0.3410719760911081,-0.3869953983572872,-0.46248910243131397,-0.8938184136598757,-0.5919981863184592,-0.6550191169865911
-0.9671326969305787,-0.5151641443479141,-0.8839987972371597,-0.9196965815276891,-0.48755562159670796,-0.8938184136598757,-0.5919981863184592,-0.6550191169865911
-0.9190910880857603,-0.72261423240998,-0.6856298113901091,-0.7240399577495,-0.4915134930438755,-0.8938184136598757,-0.5919981863184592,-0.6550191169865911
-1.2191191104446806,2.226809323801116,-1.4290054138767385,-1.4512982980807558,0.7123390721362304,-0.8938184136598757,-0.5919981863184592,-0.6550191169865911
-0.2991155703183075,-0.4178192413969019,-0.15168173412231017,-0.15158466102840334,-0.5146010764856858,0.0008180569252097383,-0.1974365721042361,-0.365561082139835
-0.6794585628815325,-0.6716293010999349,-0.2539556136806457,-0.38433021104937354,-0.5146010764856858,-1.0266430101009258,-0.8143511135281458,-0.7667907841037107
-0.06628704265399538,-0.2617738104659415,0.34832174261178667,0.3537347153624616,-0.5146010764856858,0.20225685449511774,0.03575679229395902,-0.2238583653839335
0.006994724851703893,-0.21318264716413213,0.45744160045892057,0.47025439129019164,-0.5146010764856858,0.611795766237401,0.3503882692524591,0.10903145164825394
-0.712168523632325,-0.6939575297189173,-0.1435063303934676,-0.13726263504003486,-0.5146010764856858,0.5131235564478999,0.24969489559996105,0.010790585623647524
-1.2831147072283935,-1.136455455452246,-0.33465017328125646,-0.32451615217564783,-0.5146010764856858,0.5131235564478999,0.24969489559996105,0.010790585623647524
-0.28414816400076515,-0.40799839695968176,0.22318674874834726,0.2607846265999175,-0.5146010764856858,0.7939321411648209,0.6748772807877191,0.6988046461272325
-1.2831147072283935,-1.136455455452246,-0.41922973291051896,-0.4083205471476811,-0.5146010764856858,0.4670731910139003,0.19784259773877455,0.1624476376320799
-1.0174245495779106,-0.8974268052333028,-1.6433329076336185,-1.6532920573179013,-0.5146010764856858,-0.7542629301671693,-0.48758695619504183,-0.5848185460996427
-0.24045831436669302,-0.37892899680712266,0.5059850022547256,0.5281940903726086,-0.5146010764856858,0.43154616177281435,0.19784259773877455,-0.09423071522014749
-0.4747524987388225,-0.12017996527570932,-0.5663957565662741,-0.6808810181279277,-0.5146010764856858,-1.0910021037763709,-0.9331136398985959,-0.8666433020523358
-0.49717281243113504,-0.7055805738613335,-0.22855476002629455,-0.3499782399679311,-0.5146010764856858,-1.0910021037763709,-0.9331136398985959,-0.8666433020523358
-1.2191191104446806,-1.0460584509377202,0.034679950495867,-0.04858557857587691,-0.5146010764856858,-0.9440524694094254,-0.9009079031299844,-0.8537976131610386
-0.717718375877456,-0.6977964404984782,-0.6905767379748087,-0.6440473536063341,-0.5146010764856858,0.49944545042295885,0.3005304159325704,-0.003776081517713554
-0.3571780358812406,-0.4568263955326854,0.09409836833244109,0.1047853229933005,-0.5146010764856858,0.44440103118068686,0.24969489559996105,0.26396558802259107
-0.0632577204214899,-0.2617738104659415,-0.3120552925781075,-0.20588866213652463,-0.5146010764856858,1.3667771520012122,1.187187478136243,0.7531748936277433
-0.6068003449308129,-0.6237084506254634,-0.006369748623740719,0.03395482374100255,-0.5146010764856858,0.44044878645792945,0.09091905354157294,-0.17394552985339107
-0.6168839309353916,-0.6302302370525047,-0.5511687324475875,-0.4790956466944127,-0.5146010764856858,0.8401798408013166,0.5862351942408215,0.2392137402222713
0.09404136248445744,-0.15603107125657814,-0.3914179919274854,-0.26077254522443155,-0.5146010764856858,-0.31428362483664485,0.802404389311249,1.8082870669539677
1.0743762218275859,0.49883196386392625,-0.29391965349554383,-0.30080764683027506,-0.5146010764856858,-0.030238699417111842,-0.049251756909367644,-0.3108651944412615
0.9393348519759575,0.4088333703756632,-0.7585483455667684,-0.7211743391560534,-0.5146010764856858,0.5558985653630486,0.3005304159325704,-0.01848349158368503
0.3279101099040132,0.0006874154533417501,-0.3159500863883709,-0.3079323237923619,-0.5146010764856858,0.3357057773847145,0.06348463382677073,-0.19040196148332533
-0.33357501940494577,-0.44078862205935065,0.2581942932130159,0.22763217940600528,-0.5146010764856858,-0.03776068419526963,-0.1671142560288904,-0.3842386796610493
0.08353864777506223,-0.2669551917599169,0.14894414244933882,0.14436940298492987,-0.49283278352626464,0.09193075732458411,-0.020604742003956535,-0.2272448074926232
0.37518963513632264,-0.2101337005072301,0.46925825574667546,0.45798636703297235,-0.4684259096020652,0.09193075732458411,-0.020604742003956535,-0.2272448074926232
-0.8106536543598536,1.543925680302778,-1.0059168919218737,-0.9831047997109688,-0.5146010764856858,0.1202368652648313,0.07998009861925176,-0.1495897286534685
-0.4527907104624369,1.01680313306425,-0.5706691488547189,-0.5483152517786247,-0.5146010764856858,0.1202368652648313,0.07998009861925176,-0.1495897286534685
0.2696141129670356,-0.037903555481940444,0.6539386610522387,0.6390448650753621,-0.5053660431089616,0.09193075732458411,-0.020604742003956535,-0.2272448074926232
0.5163233953740015,0.12584101724912225,0.9051732830042633,0.991892090526281,-0.5146010764856858,0.9297467131910896,0.7605885074503572,0.40457672703358727
-1.1338446468825167,-0.9753461591558725,-1.1088821171946777,-1.0952360569376225,-0.5146010764856858,-0.13318302488946562,-0.22811774048415603,-0.4031483029581935
-0.8106536543598536,-0.7600083199500385,-0.8610110105384681,-0.8549244662234257,-0.5146010764856858,0.620420348175721,0.37496218281690186,0.05367243821493292
-0.9394177646992853,-0.8451195377340163,-0.7376060241572981,-0.701434695740971,-0.5146010764856858,0.34073761110995215,0.17152228567767072,-0.12561749935932728
-0.7516336372227229,-0.7195579299672056,-0.6993079233146635,-0.6440473536063341,-0.5146010764856858,0.7219654792503577,0.5862351942408215,0.2392137402222713
-0.9671326969305787,-0.8632697847511277,-0.7853203194727302,-0.7808243831830589,-0.5146010764856858,0.666198106389411,0.3005304159325704,0.05367243821493292
-0.7690015740417382,-0.7319181473154015,-0.4139437983148791,-0.4169974241554778,-0.5146010764856858,0.666198106389411,0.3005304159325704,0.05367243821493292
-1.1841926493831627,-1.0082172725380356,-0.702162871618075,-0.683316050612141,-0.5146010764856858,0.7632009412794194,0.3503882692524591,0.14926829036805042
0.43198122005470585,0.07023646423771011,0.47286915903604354,0.48845801820401513,-0.5146010764856858,0.2993442998227721,0.03575679229395902,-0.20703824838611481
-0.981263085263961,-0.8733760481092983,-1.6941828144473325,-1.7010088861072128,-0.5146010764856858,-0.3018786285832613,-0.3224018933933692,-0.46132882804278685
-0.6219614534881779,-0.6335292950626835,-0.49687090837284675,-0.4965532037440789,-0.5146010764856858,0.39579537789883884,0.17152228567767072,-0.10984321208319692
-0.30667823551203865,-0.8661326925134117,-0.3288114815236186,-0.44494299196070974,-0.5146010764856858,-1.4974476893112227,-0.8533372387279687,-0.8158984331039533
-0.5017135972907881,-1.0225331274816485,0.01714076924552259,-0.10616847516271304,-0.5146010764856858,-1.4974476893112227,-0.8533372387279687,-0.8158984331039533
-0.712168523632325,-0.7256928167197205,-0.6342506040348489,-0.6972757385257976,-0.5146010764856858,-0.7603659425320166,-1.1883223312812454,-0.8563580933274839
-0.853986669294078,-0.7889031235022653,-0.2591242104223791,-0.1997199588653798,-0.5146010764856858,0.723846331240314,0.39930535200219186,0.09537929645992647
-1.1671463546577816,-0.9982808781541457,-0.5940494794313138,-0.584591802946061,-0.5146010764856858,0.4295659031608138,0.19784259773877455,-0.10984321208319692
-0.6477155419363306,-0.65042263884763,-0.4793259279723171,-0.4254063652542823,-0.5146010764856858,0.2932613437981674,0.007729184504206895,-0.2238583653839335
-0.668772962088146,-0.6644414292151719,-0.01586470556320883,-0.13085883883657465,-0.5146010764856858,-1.1508639418317992,-0.9331136398985959,-0.7911465853036335
-0.668772962088146,-0.6644414292151719,-0.17993097822551393,-0.3272911934934772,-0.5146010764856858,-0.876340995508726,-0.7007915672142845,-0.6959777790503678
-0.3219652412573516,-0.43299251242690834,-0.2539635470641127,-0.1749120498816994,-0.5146010764856858,0.6452624502046119,0.42342206982076086,0.09537929645992647
-0.34531168288609687,-0.44873137554939024,-0.2564059519820343,-0.2135022395661859,-0.5146010764856858,0.5887326110824821,0.3005304159325704,-0.003776081517713554
-0.41435700158413014,-0.4950082575147616,-0.07557125093968353,-0.127771049391348,-0.5146010764856858,0.09403235351806206,-0.1974365721042361,-0.3842386796610493
-0.34531168288609687,-0.44873137554939024,-0.09966745066190028,-0.05633834866138549,-0.5146010764856858,0.4670731910139003,0.17152228567767072,-0.12561749935932728
-0.4101702749583103,-0.4920365543465302,0.32065359564246126,0.3694315006938208,-0.5146010764856858,0.7435577419245262,0.7394248922067705,0.34755863430792
-0.5625604684707503,0.23620941827437023,-0.3830430580031245,-0.3565114121604952,-0.5146010764856858,0.7257265602252859,0.223898379574634,0.48097581211747026
-0.5017135972907881,-0.05228908739584103,-0.196078900799711,-0.17359563268635517,-0.5146010764856858,0.7257265602252859,0.223898379574634,0.48097581211747026
-1.0779416311108039,-0.93798360249337,-0.7311508074030291,-0.6835871297169038,-0.5146010764856858,0.718201904603127,0.37496218281690186,0.17421226974377643
-0.39770714838886934,-0.4838253485659773,0.16666117441146344,0.19565312128287915,-0.5146010764856858,0.718201904603127,0.37496218281690186,0.17421226974377643
-0.5771055308101773,-0.6031825238000583,0.3993401920169645,0.42332367210606664,-0.5146010764856858,0.718201904603127,0.37496218281690186,0.17421226974377643
0.35283720242058564,0.016965642920534398,0.8921830647086453,0.8817044142072149,-0.5146010764856858,0.010421913203090499,-0.1974365721042361,-0.3842386796610493
-0.9190910880857603,-0.8316700799705208,-1.3273667613212565,-1.3432068295788815,-0.5146010764856858,-0.5212231116908809,-0.42024476816578316,-0.5425323519389827
-0.40184547343031285,-0.4867396270580672,-1.0772342378570714,-1.041433345809458,-0.5146010764856858,0.525795210426317,0.2752372546258925,-0.01848349158368503
-0.8666956225829879,-0.7973610341223599,-0.9616891325911028,-1.076052799662906,-0.5146010764856858,-1.4338380303355116,-1.144004526114328,-0.9191383351487238
-0.6581926398615131,-0.6573738621057018,-1.458553815311667,-1.4851287676154097,-0.5146010764856858,-0.44562180332103185,-0.38721848115444313,-0.5013891689827998
-0.44845173882507866,-0.5176739721076601,0.01035507797505716,0.014082015048041125,-0.5146010764856858,0.2759908174888405,0.06348463382677073,-0.20703824838611481
-1.246080208996646,-1.0828013783218107,-1.0139850659557113,-1.036943259271061,-0.5146010764856858,-0.41451178860921195,-0.25916635673801813,-0.46132882804278685
-0.853986669294078,-0.7889031235022653,-0.4949249874063106,-0.4173690326001657,-0.5146010764856858,0.39280595735029095,0.24969489559996105,0.2140527524920487
0.8201828692390746,1.0853063164305863,1.4461027431701934,1.4910893543987551,-7.778835391444127e-05,0.6414476575518007,0.8210037167793728,0.8497457593750944
-0.8058108320859437,-1.0640304090446595,-0.40706207948505263,-0.39011757266232316,-0.38267202824677,0.20040117800036977,0.030175458663013462,-0.26674021797521896
-0.6913368480987369,-0.9982808781541457,-0.2101780772885769,-0.19747155801213176,-0.33649686136314955,0.20040117800036977,0.030175458663013462,-0.26674021797521896
-1.2280311451548258,-0.4081542314643302,-0.037893771682623145,-0.03765603866381967,-0.5146010764856858,0.12859682443972825,0.0827191675166801,-0.23574402052803
-1.1671463546577816,-1.5372306081894083,0.1262121936644794,0.12181276458256955,-0.5146010764856858,0.12859682443972825,0.0827191675166801,-0.23574402052803
-0.804603531206328,-0.7555632549323693,-0.4757537605808606,-0.431068574035253,-0.5146010764856858,0.6242492935173536,0.37496218281690186,0.06770207762095169
-0.8666956225829879,-0.7973610341223599,-0.39524084838381485,-0.3781503487761053,-0.5146010764856858,0.1484025214806892,-0.07821885681676052,-0.3108651944412615
-0.4227797429519236,-0.5004105991389681,0.4034032410437941,0.5023824183505416,-0.5146010764856858,0.7827763997679896,0.6748772807877191,0.1624476376320799
-0.8603223456020643,-0.7925072188722541,-0.47736524547672393,-0.38877780437197385,-0.5146010764856858,1.0107753710359408,0.9040852047849619,0.6036358398739671
0.8552587994118596,0.352646466260103,-0.43157773178461095,-0.4142165874004591,-0.5146010764856858,0.5306614012547596,0.3005304159325704,-0.01848349158368503
0.9709739527217999,0.4300371695273575,-0.4230710002976456,-0.3914598920839314,-0.5146010764856858,0.23104509136778326,0.11806619656814742,-0.17394552985339107
0.6347465541176381,0.20556446367996944,0.7113208924972514,0.7093406925519833,-0.5146010764856858,0.47002376437345267,0.19784259773877455,-0.0787767236001256
0.27624993646646895,-0.03388183672642132,0.6564919828174659,0.6388164229623954,-0.5146010764856858,0.3507879169467358,0.11806619656814742,-0.20703824838611481
-0.21228898729953818,-0.35988232533836634,0.024060227887430053,-0.029193516353934038,-0.5146010764856858,-0.3233224981697176,-0.3224018933933692,-0.46132882804278685
-0.161384006448676,-0.32458555442751597,-0.6406437572024877,-0.6066080494451861,-0.5146010764856858,0.5316341390266083,0.3255791950483469,0.02521917801322094
-0.5387480955225354,-0.57776347518757,-0.763441068150627,-0.7654320423406676,-0.5146010764856858,-0.2928738101114833,-0.2905913290163864,-0.4416871993936958
-0.5722352548014147,-0.6001114027908805,-0.8722041801060326,-0.886386076024169,-0.5146010764856858,0.020009548265305765,-0.10751327551383864,-0.3288796662277286
-0.2804386818346292,-0.40557846324550567,-0.10441245951155335,-0.08242925531614503,-0.5146010764856858,0.37583610538792356,0.11806619656814742,-0.14155696542136542
-0.4836645334489678,-0.540960088604082,-0.5762666729506446,-0.48725714107831164,-0.5146010764856858,0.45131084488083784,0.223898379574634,-0.06347805110681766
-0.905750618154534,-0.8225040117469677,-0.9982172435518282,-0.9009967794095969,-0.5146010764856858,0.8869674954169071,0.8435564989172806,0.20769698083645682
-0.4441302278853934,-0.5145390113285363,-0.15058842484160676,-0.18352920997157565,-0.5146010764856858,0.26682628033201006,0.03575679229395902,-0.19040196148332533
-1.548970142912186,-1.5099774571914992,-0.5463359667731343,-0.5710572628085814,-0.5146010764856858,0.13277219149355907,-0.413605767174663,-0.24944224660209335
-0.8991420187185633,-0.8186357958966809,-0.9609529459455066,-1.0020164281306485,-0.5146010764856858,-0.6359497779595173,-0.521925583639496,-0.5848185460996427
0.22429540466700099,-0.06935311722897629,0.9826830154188378,0.9629334937921934,-0.5146010764856858,0.23719504999074642,0.007729184504206895,-0.20703824838611481
-0.6529413138995602,-0.6538839473866653,-0.6471656646030556,-0.6127114746131208,-0.5146010764856858,0.3114906908776501,0.03575679229395902,-0.24086642053867213
-0.045259075322809525,-0.2482597843112699,0.3527341643013797,0.3471683492921947,-0.5146010764856858,0.36182273950659977,0.14493201698902475,-0.14155696542136542
1.370391940916659,1.119816663644142,0.8533004494915526,0.8846416734702636,-0.2771287896556375,0.2973173720191421,0.4709927342227765,0.8480739249401097
0.5251042621154991,-0.5376480929791264,1.0984497145626235,1.1245513566042507,-0.25733943241980006,0.2973173720191421,0.4709927342227765,0.8480739249401097
-0.3258212382882731,-0.4355752561202193,0.046528903869382444,0.08131589451578163,-0.5146010764856858,0.552023220441234,0.24969489559996105,-0.03333439084239501
-0.0072670255168647765,-0.22246384005510209,0.06172432068361787,0.09627181369430768,-0.5146010764856858,0.6823229382391182,0.4944546904593177,0.13597383817750092
-0.6848415015673848,-0.6752696450022838,-0.9680051176622106,-0.9389059772626411,-0.5146010764856858,0.5954690497430916,0.3503882692524591,0.05367243821493292
-0.004399483040512064,-0.22246384005510209,0.02808381089276667,0.08268871131429448,-0.5146010764856858,0.8411009623049607,0.6529992735665455,0.30035469378496804
0.04867760357007685,-0.18650363259385122,0.34844062966160577,0.34401987955088514,-0.5146010764856858,0.7078391892877866,0.4473165105808271,0.1225622527407669
-0.2804386818346292,-0.40557846324550567,0.16793624440465846,0.18029774905600549,-0.5146010764856858,0.6490746808742527,0.37496218281690186,0.09537929645992647
-1.0397207280233725,-0.9131852485972493,-0.6366156487039893,-0.6453302314913226,-0.5146010764856858,-0.27827137872859653,-0.3224018933933692,-0.46132882804278685
-0.6168839309353916,-0.6302302370525047,-0.02350495451443922,-0.03711398465537496,-0.5146010764856858,-0.05714882497315884,-0.1974365721042361,-0.3842386796610493
-0.717718375877456,-0.6977964404984782,0.13982300469565637,0.13040971507127344,-0.5146010764856858,-0.29624894325248347,-0.3224018933933692,-0.46132882804278685
-0.4101702749583103,-0.4920365543465302,0.26087575759156917,0.27023759735170955,-0.5146010764856858,0.48867519729257736,0.2752372546258925,-0.03333439084239501
1.3388877134392854,1.580487310306302,2.054804926450977,2.0369520782245396,2.1899444124120864,0.15983747155978761,0.19784259773877455,-0.22894085791882762
-0.3732066023832621,-0.46730801565722646,-0.44215574845558436,-0.2852282016234099,-0.5146010764856858,1.3667771520012122,1.2050056133624143,0.7796486930823223
-0.2916057913277221,-0.41288026956852153,-0.23796620404340635,-0.08474433524003125,-0.5146010764856858,1.482295546698807,1.6208300290039632,1.3904207675418598
-0.804603531206328,-0.7555632549323693,-0.7067950568894416,-0.6414885805492451,-0.5146010764856858,0.6519321746440058,0.37496218281690186,0.06770207762095169
-1.2015138961728535,-1.0204580506894319,-0.7586164902974261,-0.7487311281527939,-0.5146010764856858,0.170212929125339,-0.049251756909367644,-0.27546348024390227
-0.804603531206328,-0.7555632549323693,-0.19229604777968334,-0.20259197084419633,-0.5146010764856858,0.797645854907844,0.37496218281690186,0.06770207762095169
-1.2015138961728535,-1.0204580506894319,-0.5874657283834468,-0.5692106574219409,-0.5146010764856858,0.41270575425581707,0.223898379574634,-0.15766510621348245
-0.43982603767730466,-0.5120476927308382,-0.03252584589638155,0.03459138375662767,-0.5146010764856858,0.8631631552742804,0.7180870888709185,0.3933426900663088
-0.974174650159328,-0.869015142459445,-0.5438490457744484,-0.534136195198736,-0.5146010764856858,0.780914976156051,0.4709927342227765,0.1624476376320799
-0.7690015740417382,-0.7319181473154015,0.025013135461296843,0.08319140837852848,-0.5146010764856858,0.8695818424578751,0.6748772807877191,0.32413963238677346
-1.2925763897504268,-1.1474960131533878,-0.44692112201192224,-0.3790298762804029,-0.5146010764856858,0.8695818424578751,0.6748772807877191,0.32413963238677346
-0.8167380560144054,-0.7633730969359115,0.6209298103459164,0.5858185158490616,-0.5146010764856858,0.5694414752554309,0.14493201698902475,-0.2238583653839335
-1.331279461996093,-1.2042829806536564,-0.7890431773621613,-0.7147689737038779,-0.5146010764856858,0.6519321746440058,0.5635928802717013,0.2761922007445583
0.9225549165300004,0.39745821045181273,0.4804739203714117,0.5385663807428923,-0.5146010764856858,0.6452624502046119,0.4473165105808271,0.1225622527407669
0.5713187851892733,0.16258394463321282,0.4867156545896085,0.5233172725604194,-0.5146010764856858,0.5810240222166203,0.37496218281690186,0.03951228866179092
-0.3142945370771927,-0.4278739373020783,-0.16475031478890054,-0.21211182254096783,-0.5146010764856858,-0.6407309205910868,-0.521925583639496,-0.5635286172353096
-0.23334640745135352,-0.373974219906817,-0.5364412830723546,-0.4750500619712345,-0.5146010764856858,0.5160502960093843,0.223898379574634,-0.0787767236001256
-0.3258212382882731,-0.4355752561202193,-0.3271823443332547,-0.28445819477104645,-0.5146010764856858,0.30035749237409975,-0.1371424948145019,-0.3108651944412615
-0.9601366199441974,-0.8590114904059901,-0.927454397943602,-1.0084347535299365,-0.5146010764856858,-1.1823486239104646,-0.8929185948959117,-0.8158984331039533
-0.42701601676615547,-0.5034420355421989,0.9641398918864265,0.9965841049651668,-0.5146010764856858,-0.05606996699143785,-0.22811774048415603,-0.3842386796610493
-0.19163654274196745,-0.344989391688653,0.20218439971382485,0.1886075647676936,-0.5146010764856858,0.2053483012015057,-0.11636654013428253,-0.39745071015517464
-0.4881484398350866,-0.5442982662842569,-0.4219017404005366,-0.40685421026276375,-0.5146010764856858,0.5345513525831029,0.3005304159325704,-0.003776081517713554
-0.995581884320983,-0.8822353369105194,-0.5732442544623395,-0.6504852175580775,-0.5146010764856858,-1.3046840768258872,-0.8929185948959117,-0.7911465853036335
-0.36516241481269496,-0.4623105931017168,-0.005131098446922283,0.010545935671773567,-0.5146010764856858,0.2922468837376073,0.03575679229395902,-0.20703824838611481
0.847514337824472,0.2706587930775629,-0.003632223731875521,0.02953203416929972,-0.11287712459818736,0.47100694810393406,0.280315666573496,-0.12879206797612514
0.8199602613235702,0.11331787380638243,0.33528689530070577,0.3552891618649703,-0.07323244560239323,0.47100694810393406,0.280315666573496,-0.12879206797612514
-0.8925738391037881,-0.42208030531438184,-1.1992236015331028,-1.1378209401730346,-0.5146010764856858,0.4739554779531425,0.39930535200219186,-0.03333439084239501
-1.1256781130834708,-0.9698019577107232,-0.14102407635549108,-0.09327073007188907,-0.5146010764856858,0.7031226030141449,0.5177062227299745,0.32413963238677346
-0.6373396735930972,-0.6435839909678599,-0.48940457271777266,-0.4955142334701584,-0.5146010764856858,-0.5352910526057311,-0.42024476816578316,-0.5425323519389827
-1.0857518038581935,-0.9431229431404421,-0.8190470101135205,-0.9084172816465375,-0.5146010764856858,-1.3573500996561472,-1.144004526114328,-0.9191383351487238
-0.4227797429519236,-0.5004105991389681,0.3489347922234092,0.34275654372307324,-0.5146010764856858,0.34475986903112676,0.09091905354157294,-0.17394552985339107
-0.6741024718817606,-0.6680200716284929,-0.30110065713747747,-0.2905642967665556,-0.5146010764856858,0.3798335782670331,0.17152228567767072,-0.10984321208319692
-0.42701601676615547,-0.5034420355421989,0.5650200255238939,0.5576765135456802,-0.5146010764856858,0.3798335782670331,0.17152228567767072,-0.10984321208319692
-0.8106536543598536,-0.7600083199500385,-0.8919606849960943,-0.8391976765623254,-0.5146010764856858,0.8383371492565737,0.608681468399628,0.2761922007445583
-1.0548462459459282,-0.9229305413453168,-0.6423997621153037,-0.6202299326977989,-0.5146010764856858,0.15464262242468868,0.09091905354157294,-0.29306142306346894
-0.6219614534881779,-0.6335292950626835,0.36756805705111867,0.34474527377970204,-0.5146010764856858,0.7219654792503577,0.37496218281690186,-0.03333439084239501
-1.2280311451548258,-1.0572009780735225,-0.09612660841186715,-0.07954605619166508,-0.5146010764856858,0.7883570109863494,0.42342206982076086,0.4267990939669168
-1.2102804266460292,-1.0330642786926894,-1.2819607240258102,-1.1925699063620783,-0.5146010764856858,0.663347786844843,0.4944546904593177,0.10903145164825394
-1.01009418651278,-0.8928117070836926,-0.15848247420672787,-0.10158182898919949,-0.5146010764856858,0.8328054828252301,0.6309350683009599,0.2516399733104074
1.5071919866023584,1.0224543065522858,-0.5434558291659948,-0.443494978024842,-0.17224519630569943,-0.8813290549278858,0.9239514205418156,2.738215987726339
-1.6369404508096461,-1.6341065746375156,-1.0096756662027875,-0.9136585043276573,-0.5146010764856858,0.9024780718622781,0.8230620959825874,0.5537230043434246
-0.39770714838886934,-0.4838253485659773,0.02237913494570085,0.09059875557469016,-0.5146010764856858,0.7939321411648209,0.9826526861527277,0.9840040054914474
-0.3181230403096945,-0.4304254694001594,-0.9762822035483202,-0.9851812112365154,-0.5146010764856858,0.6870568316447808,0.39930535200219186,0.09537929645992647
-0.6477155419363306,-0.65042263884763,-0.3036129598735616,-0.21629132808381404,-0.5146010764856858,-0.7129355564762968,-0.9739417036982861,-0.8158984331039533
0.026111405052257123,-0.20111676124032177,-0.5676771755931481,-0.4750500619712345,-0.5146010764856858,0.7529201244753438,0.8920919907816823,0.8287146829164532
-1.0779416311108039,-0.93798360249337,-0.710568917001642,-0.6499680192933158,-0.5146010764856858,0.5713735417321293,0.4709927342227765,0.14926829036805042
-0.988398619950598,-0.8777824596831416,-0.6908229217381943,-0.6244556154692533,-0.5146010764856858,0.8503039657049614,0.7180870888709185,0.4267990939669168
-0.8167380560144054,-0.7633730969359115,0.24496569915427174,0.22427442189109564,-0.5146010764856858,-0.07119267004682364,-0.1974365721042361,-0.3842386796610493
-0.7289048730637334,-0.7045996738210407,-0.9001704438821357,-0.9084172816465375,-0.5146010764856858,0.10976957250766287,-0.3546076301619808,-0.48122721727274126
-0.8290112641079226,-0.7713301047518473,-0.6645107689587068,-0.620106030561396,-0.5146010764856858,0.7153775851549914,0.4944546904593177,0.13597383817750092
-0.5529720653138054,-0.5873027246307432,-0.2699031429481526,-0.23613017874838235,-0.5146010764856858,0.7948607974047214,0.5862351942408215,0.22668523246079825
-0.07542662138857756,0.4366560711416179,-0.16485875409257691,-0.08058264992950462,0.6067958335450979,0.5771657986160894,0.7180870888709185,0.744246978884963
-0.39770714838886934,-0.5579212953506,0.1540532935455193,0.23186250726502025,-0.2507429800078543,0.5771657986160894,0.7180870888709185,0.744246978884963
-0.6440725735117939,-0.27691867482149457,0.4484875328441847,0.5201783098141008,-0.052849407649480686,0.5977191632427352,0.39930535200219186,0.845721890989654
-0.4747524987388225,-0.5350170733932869,-0.522020352505351,-0.5262840461562559,-0.5146010764856858,0.09403235351806206,-0.07821885681676052,-0.3108651944412615
0.00982448675075789,-0.21318264716413213,0.7912864534632303,0.7597409820872029,-0.5146010764856858,0.09403235351806206,-0.07821885681676052,-0.3108651944412615
-0.2916057913277221,-0.41288026956852153,0.46702434308128715,0.4817417815147142,-0.5146010764856858,0.36082045977348576,0.03575679229395902,-0.20703824838611481
-1.047256857331576,-0.9180297829260815,-1.4530990291998567,-1.4334003809118334,-0.5146010764856858,0.36883374679861747,0.09091905354157294,-0.17394552985339107
-1.0779416311108039,-0.93798360249337,-0.4933776654430205,-0.4168116933670896,-0.5146010764856858,0.6775850936658113,0.4944546904593177,0.2883213892225138
-0.219262349590359,-0.36467355781288957,0.550417571114576,0.5821590412022755,-0.5146010764856858,0.8447839543262898,0.5635928802717013,0.2516399733104074
-0.5108531760253703,-0.559308085685565,0.26775817798231283,0.19370307521710986,-0.5146010764856858,-0.7299162865651085,-0.45369721256614204,-0.5635286172353096
-0.5247100653074049,-0.56843496566509,0.4741573451851022,0.4876863255125583,-0.5146010764856858,0.502379249051662,0.24969489559996105,-0.048331606735046585
-0.8414263621427589,-0.7794399313508793,-0.36211367931645067,-0.32402757098253177,-0.5146010764856858,0.44044878645792945,0.19784259773877455,-0.0787767236001256
-0.9258239880044571,-0.8369985705770691,-0.7655318031074861,-0.7949708352263674,-0.5146010764856858,-0.6972130906244656,-0.5919981863184592,-0.606410469826595
-1.3117535782754441,-1.1764304295870867,-1.4620981250689449,-1.3635397109058889,-0.5146010764856858,0.5636413270119462,0.24969489559996105,-0.03333439084239501
-1.004265710770891,-0.6716293010999349,-0.6772471654215155,-0.6644630142856928,-0.5146010764856858,0.36683148531269183,-0.017757373820691234,-0.19205743211961998
-0.6118303026947834,-0.6269567533925672,0.6260198730326322,0.6522713211955155,-0.5146010764856858,0.9973506633508189,0.802404389311249,0.4487017034996297
-1.1175732140891201,-0.9643296053927469,-0.42248085729935053,-0.455163236745273,-0.5146010764856858,-0.07876915678058123,-0.1671142560288904,-0.3842386796610493
-1.0857518038581935,-0.9431229431404421,-1.1092219946382036,-1.1010943277983574,-0.5146010764856858,0.01788036172355873,-0.1371424948145019,-0.3288796662277286
-0.4571472844669954,-0.5233762275430767,-0.14922033906506407,-0.1942816198145591,-0.5146010764856858,0.033829827832809474,-0.1371424948145019,-0.3288796662277286
-0.6321890928837451,-0.6402057547307637,0.5062823917854002,0.46652474488524565,-0.5146010764856858,-0.3448476838916359,-0.3224018933933692,-0.46132882804278685
-1.101544647587099,-0.9535931640754275,-0.6618517968566943,-0.6741608413706437,-0.5146010764856858,-0.54233811900275,-0.42024476816578316,-0.5425323519389827
-1.0248052935404872,-0.9020928999746626,-0.2914361180403428,-0.2558042334248499,-0.5146010764856858,0.17642911290451166,0.007729184504206895,-0.24086642053867213
-0.013025184188286073,-0.22560346252885863,0.5999154580557353,0.6004229033467844,-0.5146010764856858,0.7781216957320557,0.5862351942408215,0.2392137402222713
-0.3691769765695354,-0.46452437157935517,0.9924877703142244,0.9848839859621689,-0.5146010764856858,0.7781216957320557,0.5862351942408215,0.2392137402222713
-0.567386966569586,-0.5970624561339786,0.4792999027900129,0.47469883209434766,-0.5146010764856858,0.2289936235992502,0.007729184504206895,-0.24086642053867213
-0.8228571268113247,-0.7679015829885161,-0.1269778286837166,-0.12224688457100341,-0.5146010764856858,0.1650275709007317,-0.10751327551383864,-0.3108651944412615
-0.07542662138857756,-0.31513119061860956,-0.9813632040225223,-0.9878897222210089,-0.5146010764856858,-0.6002189974538606,-0.3224018933933692,-0.48122721727274126
1.2885397109386396,2.076759852186981,1.7972513219137092,1.7304962398258743,1.7673163028311318,-0.6002189974538606,-0.3224018933933692,-0.48122721727274126
-0.12874033749822644,-0.30512232716341253,0.53916570431415,0.5655789270511676,-0.5146010764856858,0.4660893256411756,0.14493201698902475,-0.12561749935932728
-0.2157700082383394,-0.3624889834763099,-0.05118359592998821,-0.03171624616031548,-0.5146010764856858,0.23514580402851068,-0.07821885681676052,-0.29306142306346894
-0.6118303026947834,-0.6269567533925672,0.40375764396387503,0.35643724955938005,-0.5146010764856858,-0.5060220836966113,-0.3224018933933692,-0.5013891689827998
0.4877321819930694,0.10763055177776847,0.4524896511020221,0.4397670074622848,-0.5146010764856858,0.3094680964312576,0.03575679229395902,-0.20703824838611481
-0.38538700539360254,-0.4757707693787411,0.38584537962567106,0.36085695810108837,-0.5146010764856858,0.10033247764285426,-0.1671142560288904,-0.34710988531808445
-0.38538700539360254,-0.4757707693787411,0.22535068878558104,0.27894283520744917,-0.5146010764856858,0.4156847158847945,0.14493201698902475,-0.10984321208319692
-0.717718375877456,-0.6977964404984782,-0.238557900453125,-0.2211989445458984,-0.5146010764856858,0.362824842299165,0.06348463382677073,-0.17394552985339107
-0.5387480955225354,-0.57776347518757,0.15836940131771646,0.18109339383939577,-0.5146010764856858,0.20328752381320242,-0.049251756909367644,-0.27546348024390227
-0.7631809960021507,-0.7277577463966198,-0.4388222348075819,-0.42634691403056524,-0.5146010764856858,0.3768357375563513,0.11806619656814742,-0.15766510621348245
-0.2767419689955323,-0.40317231840225026,-0.38506522448292896,-0.40329274055563236,-0.5146010764856858,0.09403235351806206,-0.07821885681676052,-0.29306142306346894
-0.2548250038098856,-0.3885526610913835,0.038344512753389376,0.0115580553047165,-0.5146010764856858,-0.1113548447371286,-0.30009358206195147,-0.2323386385707633
-0.1033215408857429,-0.238400723006521,-0.24961248619309817,-0.20643961269465833,-0.5146010764856858,0.3967915016626883,0.42342206982076086,0.45953594923675983
0.9333720714188739,0.40460351252999016,0.781140451502751,0.7514692016084349,-0.5146010764856858,0.552023220441234,0.2752372546258925,-0.03333439084239501
0.4243241892599901,0.06551823328078055,0.6265134688409613,0.5729149667537704,-0.5146010764856858,-0.5376391027958775,-0.45369721256614204,-0.5425323519389827
0.7612330516853654,0.28968350934931225,0.914544524448085,0.937291585458326,-0.5146010764856858,0.4275849534796551,0.223898379574634,-0.0787767236001256
0.11985736575498294,-0.13772516510734734,0.7281986973340857,0.7404068752325598,-0.5146010764856858,0.10767379576104116,0.09091905354157294,-0.0787767236001256
-1.2370177584280981,-1.070972109649922,-0.3623938049938231,-0.3272911934934772,-0.5146010764856858,0.10767379576104116,0.09091905354157294,-0.0787767236001256
-0.5200712070388572,-0.5656056265881823,-0.06920467606257677,-0.09290751731556951,-0.5146010764856858,-0.35734704311912735,-0.2905913290163864,-0.48122721727274126
-0.1984766551620573,-0.3508836866750478,-0.1382647356501401,-0.16639895465080287,-0.5146010764856858,0.038075460980430166,-0.07821885681676052,-0.3288796662277286
-0.24403200824473992,-0.38120053148023736,-0.6269841847960087,-0.5807149396280039,-0.5146010764856858,0.7266664412198577,0.4709927342227765,0.14926829036805042
0.4068936060999086,0.05267230652699335,-0.5702459308112825,-0.6326053155232134,-0.5146010764856858,-0.3881444870672202,-0.3224018933933692,-0.5013891689827998
-0.6477155419363306,-0.65042263884763,-0.32891559900710193,-0.32639219004014886,-0.5146010764856858,0.11291178750831743,-0.020604742003956535,-0.29306142306346894
0.16236861676473996,-0.11047201410943808,-0.1294855966470476,0.12310900988176059,-0.5146010764856858,1.5680250699910943,1.4423961695188927,0.9992261833441682
-0.3691769765695354,-0.4198111190404956,-0.08499673853479424,-0.0591279890380949,-0.5146010764856858,0.3878200885591749,0.223898379574634,-0.03333439084239501
-0.5340483330135453,-0.5748711537605597,-0.8755386103864694,-0.9033998853534698,-0.5146010764856858,-0.6311726590125261,-0.45369721256614204,-0.5635286172353096
-0.41856011465728543,-0.4974007697361866,-0.06648130120425236,-0.0605269599343166,-0.5146010764856858,0.2790423781323937,0.11806619656814742,-0.2238583653839335
-0.6956890081357814,-0.6826458548630605,-0.22787477742184273,-0.23154611087703575,-0.5146010764856858,0.17228574684190381,0.03575679229395902,-0.29306142306346894
-0.3732066023832621,-0.46730801565722646,-0.318758049051273,-0.3380035394814901,-0.5146010764856858,0.15464262242468868,-0.020604742003956535,-0.27546348024390227
-0.6168839309353916,-0.6302302370525047,-0.17282981927958865,-0.17293834480353928,-0.5146010764856858,0.11919100413727575,0.03575679229395902,-0.3288796662277286
-0.11595573389620632,-0.29386093239066186,0.9286843204653633,0.9258837222170225,-0.5146010764856858,0.5800597121397645,0.3503882692524591,0.14926829036805042
0.0992544504852779,-0.15071933735237805,0.7861195061721461,0.7380651749465728,-0.5146010764856858,0.5355234240391555,0.2752372546258925,-0.03333439084239501
-0.5062736636726348,-0.5565390444356532,-0.18342830269207525,-0.20382642408877605,-0.5146010764856858,-0.14741648712553163,-0.22811774048415603,-0.4031483029581935
-0.03342541266782463,-0.24166156760755464,1.1168612262438853,1.0695930537534613,-0.5146010764856858,-0.14741648712553163,-0.22811774048415603,-0.4031483029581935
-0.6794585628815325,-0.6716293010999349,-0.7956833906591365,-0.8881959389008524,-0.5146010764856858,-0.821759697537322,-0.48758695619504183,-0.606410469826595
-0.8603223456020643,-0.7925072188722541,-0.5866068102962514,-0.6835871297169038,-0.5146010764856858,-0.821759697537322,-0.48758695619504183,-0.606410469826595
-0.6425150764740113,-0.6469894713397079,0.272064957067969,0.25629612835896737,-0.5146010764856858,-0.10808784536421927,0.007729184504206895,-0.365561082139835
-1.4346181701525365,-1.3489989801480946,-1.1728233852435295,-1.1587872797269811,-0.5146010764856858,-0.10808784536421927,0.007729184504206895,-0.365561082139835
-1.0028135212063787,-0.7913024326699296,-0.966558642801678,-0.9500941972370738,-0.5146010764856858,0.4759203139899827,0.06348463382677073,-0.09423071522014749
-0.39399624196105276,-0.4815083206541695,-0.07050011955396206,0.009532360798023538,1.7281927435758817,-1.2153319314338618,-0.8143511135281458,-0.5848185460996427
-0.6118303026947834,-0.6269567533925672,-0.33769984558944643,-0.3224826274191529,-0.5146010764856858,0.12337329296433697,-0.10751327551383864,-0.3108651944412615
0.22660734101594193,-0.06718202104555415,-0.486119942572894,-0.440607842781346,-0.5146010764856858,0.8254215321856624,0.5862351942408215,0.2392137402222713
-0.7011541294437146,-0.6863828463088809,0.4509211204876491,0.4202150868980659,-0.5146010764856858,-0.10917663624772297,-0.1671142560288904,-0.4416871993936958
-0.9394177646992853,-0.8451195377340163,-0.7345754420674385,-0.8358247457100785,-0.5146010764856858,-2.075158456816907,-1.4714246046325268,-1.1185902244330423
-1.0028135212063787,-0.8882465028642486,-1.0971606399212461,-1.095722391005376,-0.5146010764856858,-0.46413814594960123,-0.3546076301619808,-0.5013891689827998
1.1205612951320227,0.5299640983396103,-0.6447216570018719,-0.622588220461366,-0.5146010764856858,-0.4803896412123498,0.09364659558196269,0.7144077292005051
0.05411505325917979,-0.1807970960556342,0.8150972105351613,0.7918903674476004,-0.5146010764856858,-0.08852523696000254,-0.1371424948145019,-0.34710988531808445
-0.38947803517665863,-0.47805644357873095,0.15638720538521192,0.11747465117993613,-0.5146010764856858,0.0008180569252097383,-0.1371424948145019,-0.34710988531808445
-0.24761763434484715,-0.3834843514195345,0.45106057231362157,0.4843325275518008,-0.5146010764856858,0.6908411059540988,0.39930535200219186,0.06770207762095169
-0.34925258279244764,-0.45141251012757105,-0.4194778536721174,-0.4225922249771399,-0.5146010764856858,-0.004524448178566132,-0.1371424948145019,-0.34710988531808445
-0.6848415015673848,-0.786517369825946,-1.214893190650861,-1.168429482984811,-0.5146010764856858,0.23514580402851068,0.19784259773877455,0.09537929645992647
-0.3691769765695354,-0.46452437157935517,-0.24845094006038046,-0.223101050580527,-0.5146010764856858,0.6271193085378294,0.3503882692524591,0.02521917801322094
-0.5247100653074049,-0.56843496566509,-0.7040734845296193,-0.6635400573741356,-0.5146010764856858,0.4156847158847945,0.17152228567767072,-0.12561749935932728
-0.5529720653138054,-0.5873027246307432,-0.09892936629452254,-0.05023972373044034,-0.5146010764856858,0.8189526867519639,0.608681468399628,0.32413963238677346
-0.5017135972907881,-0.5531030834327141,0.5428777313635724,0.5857961229009412,-0.5146010764856858,0.7379328913366894,0.5407510719798126,0.05367243821493292
-0.6168839309353916,-0.6302302370525047,0.38270493026374525,0.38532224165771445,-0.5146010764856858,0.3074447810458247,0.11806619656814742,-0.17394552985339107
-0.251215272615125,-0.3857805902341115,0.8599278772896931,0.8323954009363068,-0.5146010764856858,0.1265079886282138,-0.020604742003956535,-0.3108651944412615
-0.5017135972907881,-0.5531030834327141,0.5127988584046584,0.5311282679319941,-0.5146010764856858,0.33973160113767065,0.11806619656814742,-0.09423071522014749
-0.15477540701270529,-0.32062048043643626,0.8121301115380283,0.7953921523582036,-0.5146010764856858,0.33469887516411256,0.14493201698902475,-0.20703824838611481
-0.6425150764740113,-0.6469894713397079,-0.04199474640143364,-0.16509832475555802,-0.5146010764856858,-1.6055463354461916,-1.326011065458097,-1.0298929953130038
-0.5722352548014147,-0.6001114027908805,-0.42687393085831127,-0.440607842781346,-0.5146010764856858,-0.26258758000968874,-0.2905913290163864,-0.4416871993936958
-1.0028135212063787,-0.5544741147587537,-0.6899168350479593,-0.7012956677939179,-0.5146010764856858,-0.5990318362545611,-0.38721848115444313,-0.5425323519389827
-0.39770714838886934,-0.4838253485659773,-0.3216335383883367,-0.3293386570392541,-0.5146010764856858,0.6395392994051501,0.3503882692524591,0.05367243821493292
-0.9671326969305787,-0.8632697847511277,-1.7197861290069585,-1.6987163923689321,-0.5146010764856858,0.6395392994051501,0.3503882692524591,0.05367243821493292
-0.4227797429519236,-0.5004105991389681,0.6952148617365982,0.5758735621029322,-0.5146010764856858,-1.0819477828920363,-0.9331136398985959,-0.8158984331039533
-0.905750618154534,-0.8225040117469677,0.01881814134936451,-0.017767101709589686,-0.5146010764856858,-0.4099173640332243,-0.3546076301619808,-0.521821758990316
-0.2548250038098856,-0.3885526610913835,0.06258714716778649,-0.03765603866381967,-0.5146010764856858,-1.839926882713697,-1.2334109194091722,-1.0014397351112916
-0.9190910880857603,-0.8316700799705208,-1.3550663025650518,-1.443287516384374,-0.5146010764856858,-1.7070795119859328,-1.2792975769508992,-1.0014397351112916
-0.3571780358812406,-0.4568263955326854,0.18101404877328045,0.15186884821624164,-0.5146010764856858,-0.11680402558542118,-0.25916635673801813,-0.4031483029581935
-0.6902515584466783,-0.6789416444662187,-0.7857032521148628,-0.7488798342398866,-0.5146010764856858,0.7021788152900079,0.4473165105808271,0.13597383817750092
-1.0936191944983058,-0.9483256037449347,-0.9446784651336788,-0.8646719566836283,-0.5146010764856858,0.8291147081479127,0.7394248922067705,0.6134249739325287
-0.5200712070388572,-0.5656056265881823,-0.5913053339297989,-0.5528053383170216,-0.5146010764856858,0.7435577419245262,0.5177062227299745,0.18846887127388884
-0.5108531760253703,-0.559308085685565,-0.5634347758168484,-0.482348914438916,-0.5146010764856858,0.908852481576217,0.8840655804378531,0.6988046461272325
-0.8991420187185633,-0.7287940101742515,-1.2606315929498328,-1.329518220769988,-0.5146010764856858,-1.8414041530548246,-1.0406342166282276,-0.8309450640203895
-1.614904435236503,-1.6494310176302835,-1.0328051553789237,-1.2804305623148835,-0.31011105171536635,-2.510173787982195,-2.9648458064173764,-1.8194886744495453
-1.1183809569021632,-1.0288202502308144,-0.7959833106000109,-1.050500238688619,-0.5014081716617942,-2.510173787982195,-2.9648458064173764,-1.8194886744495453
-0.9011203318711819,-1.1126215723464687,-0.45886267250397245,-0.7197458863810585,-0.475022362014011,-2.510173787982195,-2.9648458064173764,-1.8194886744495453
-0.995581884320983,-0.8837301252942745,-0.19813949201497946,-0.4620599911583096,-0.43544364754233633,-2.510173787982195,-2.9648458064173764,-1.8194886744495453
-1.0028135212063787,-0.8867356702061904,0.08338934757890233,-0.18687175394500743,-0.22435717036007116,-2.510173787982195,-2.9648458064173764,-1.8194886744495453
-0.8352008721323173,-0.5940353659133782,0.11699882273835423,-0.26174061548085525,-0.23095362277201698,-3.066839783900574,-4.159154610285696,-2.3969270480533007
-1.1654565132086852,-1.0482635592251812,-0.7847687974469875,-1.1456104249901078,-0.18477845588839642,-3.066839783900574,-4.159154610285696,-2.3969270480533007
-1.8301184155640515,-1.7648365830846267,-1.4948705788181023,-1.6947223805332399,-0.2969181468914748,-2.386858049450477,-2.535098578390797,-1.755709698259484
-1.4891309673870974,-1.1794359744990026,-0.7955144562702168,-1.0105872474259903,-0.25733943241980006,-2.386858049450477,-2.535098578390797,-1.755709698259484
-1.444425489632594,-1.3627402341437218,-0.6536260025421936,-0.8685385100001014,-0.2771287896556375,-2.386858049450477,-2.535098578390797,-1.755709698259484
-1.3332517197025338,-1.1283604354689507,-0.7801680442859918,-0.8615241117957457,-0.5146010764856858,-2.1433071867217293,-1.5627559913110873,-1.1155488545900292
-1.0763863896813954,-0.8199212680536567,-1.0540573667280189,-1.157192990611901,-0.415654290306499,-2.1106795790782518,-1.383201512586785,-1.004261246762564
-0.6550387638227892,-0.6817167515675211,-0.5450252125346788,-0.6586815442389232,0.07248318817748918,-2.1106795790782518,-1.383201512586785,-1.004261246762564
-0.43982603767730466,-0.5677258516823825,-0.20802374203234386,-0.3286008849119979,0.2242015936522423,-2.1106795790782518,-1.383201512586785,-1.004261246762564
-0.8339600932313607,-0.5799457915561229,0.19852325043917718,0.06953773310135732,-0.42225074271844476,-2.1106795790782518,-1.383201512586785,-1.004261246762564
-0.021720729830202932,-0.23355618867768863,-0.7924720029989439,-1.2703867065223375,-0.013270693177806025,-3.5149342218240776,-5.456444839597798,-3.050878306432846
-1.153701496486443,-0.957141733507984,-1.7922208646537054,-2.1782482581303366,-0.5146010764856858,-3.0962513069733237,-4.677213026567863,-2.5994843271572936
-1.4335339761994548,-1.347200139185211,-1.0830620493685301,-1.3442442708305076,-0.5146010764856858,-2.704619394836829,-3.248562188556546,-2.0071847639327283
0.13001246761600796,0.09128605992819729,-0.7511578057407906,-0.8587377793016189,-0.3694791234228785,-1.4407176957682777,-1.3639975101821622,-1.0127572972836743
-1.2173455443614394,-1.041682481441349,-1.4482497931025475,-1.8614763713232996,-0.5146010764856858,-3.3218337557468236,-4.891889689374696,-2.6569328468899402
-0.4449931399601971,-0.4902635190861514,-0.6512459223316565,-1.0805617808195944,-0.5139414312444911,-3.3218337557468236,-4.891889689374696,-2.6569328468899402
-1.3899989444160523,-1.3613458114870816,-0.9363242880365782,-1.359991936919166,-0.5073449788325454,-3.3218337557468236,-4.891889689374696,-2.6569328468899402
-0.015915883159325822,-0.22876660299306836,-0.14133038962812278,-0.31593401246511604,0.6925497149003931,-2.411307812679577,-1.964118055709764,-1.3446376944512592
-1.1095290265185531,-0.8974268052333028,-0.617022698136833,-0.9028445948928951,0.6727603576645557,-2.2709431849093646,-3.2985161130431933,-2.050924526427621
-1.276540783651555,-1.1391886512560625,-0.875992907350268,-1.155867165125639,0.9564078113782245,-2.6362280704947243,-3.2985161130431933,-2.085005168639228
-1.1216180174370218,-0.9414028703855022,-1.549058872374513,-1.7202119387065657,-0.5146010764856858,-2.6057187696475776,-2.2777772737143382,-1.5363393905989657
-0.4881484398350866,-0.4413135161946404,-0.22016735419921926,-0.4188574284093588,-0.35628621859898685,-2.6057187696475776,-2.2777772737143382,-1.5363393905989657
0.24265301441507,0.1050460517024021,-1.5344974444558297,-1.4804951368088273,-0.5146010764856858,0.1359017025093755,0.2752372546258925,-0.14316013049850276
1.0463267423158606,1.0224357709893184,-0.7677838445760301,-0.763911133005834,-0.5146010764856858,-0.345982852629296,-0.1371424948145019,-0.365561082139835
1.6741895833265488,1.6639162310683508,-1.0555593621121488,-0.8623621636518269,-0.5123582826656241,1.9480302515087706,1.8879228532224464,1.0527990473272104
1.6175830934509892,1.3292510725753104,-0.9244114515359682,-0.7488798342398866,-0.5146010764856858,2.1782367475586044,1.6747182422032043,0.8227735347554613
1.3632033338032492,1.3596438460430103,0.6648891920796439,0.7258714901017308,-0.5146010764856858,0.6889492841556368,0.8230620959825874,1.0874946826768241
1.4777247476159523,1.023495681377145,-0.955435009924993,-1.012746333962951,-0.40905783789455313,-1.733111507308533,-1.0279979846082117,-0.9111477388469141
1.40247776226341,1.4370270297503922,-1.5499871591069423,-1.5936550718686568,-0.5146010764856858,-0.8601600074005407,-0.7156485045511171,-0.606410469826595
0.9544214257828879,0.6608191750778996,0.2897404480230349,0.2695365120594641,0.34293773706726643,-0.2895006825959174,-0.16109211982451457,-0.3434463333690896
1.2218207896183282,0.4483699660131518,-0.4536051732409371,-0.4188574284093588,-0.5146010764856858,0.3878200885591749,0.27777770408959596,0.6414625705818985
1.3140656283491967,1.7773322650334196,-0.743288408545697,-0.6453302314913226,0.0526938309416518,0.5150748838145679,0.9040852047849619,0.8210717960650458
0.2995452465195424,0.10389748693569795,-0.816567308803615,-0.8632711788690147,-0.5146010764856858,-0.1375587516459397,-0.05501934209183254,-0.32525967617436935
1.2738239701237846,0.9905159524741729,-0.8531455410909443,-0.7997501159274903,-0.5146010764856858,0.2973173720191421,0.2109032221887354,-0.1351611362638951
1.4532223525450925,0.9404272773677019,-0.6653567574316395,-0.679531847949119,-0.5146010764856858,0.24640751279790787,0.2290782583612656,0.23045462382161205
1.40247776226341,0.9977631331301882,-0.8581073092401078,-0.8845808478846358,-0.5146010764856858,0.34777469317232135,0.28791468072022847,0.3786133854868914
1.3761770024326767,0.7339020643815631,-0.8872855741124368,-0.788648450217179,-0.5146010764856858,0.3074447810458247,0.23166432188767544,0.43997844123094626
1.6728457002359403,0.9842871711487904,-0.6996484577705955,-0.5483152517786247,-0.5146010764856858,1.1240595549556873,1.506412470664487,0.7460367558107768
1.2441291560926877,1.5725292920034448,0.4933113197261818,0.5817537602284986,2.3350663654748938,0.6699963074369393,1.222702122144414,0.8142457527875524
1.4777228984786646,1.4740281842100993,-1.2143612996226103,-1.240488570077109,-0.5146010764856858,-0.7457297214784412,-0.6277577666459828,-0.29306142306346894
1.4256099997934586,0.9047764717713369,-0.7482766881739008,-0.7056183353392727,-0.5146010764856858,0.7426206538078701,0.24969489559996105,0.26396558802259107
1.3797212101121332,0.8352966051329974,-0.8258640607795188,-0.7414826918307419,-0.5146010764856858,0.5160502960093843,0.8230620959825874,0.6895510911863895
1.195890737476418,0.9223176665220805,-0.9245814411689434,-0.8900104603743767,-0.5146010764856858,0.007222432843845838,-0.020604742003956535,-0.29306142306346894
1.4761068049422634,0.5916109412886217,-0.6987170819111751,-0.7254771472447492,-0.5146010764856858,0.24640751279790787,0.11806619656814742,0.1624476376320799
1.5297338005819687,0.8907693077406639,-0.8395439375458777,-0.7918025548224471,-0.5146010764856858,0.39778745065265586,0.39930535200219186,0.8056699267241313
1.0912257687321727,1.0941966927481073,0.7790960597581201,0.7686082839515114,1.4247559326263752,0.1484025214806892,0.06348463382677073,-0.2020282435342763
1.682895974846811,1.1592910221457007,-0.7382231685680586,-0.5372135860683133,-0.5146010764856858,0.4077373414626995,0.11806619656814742,0.744246978884963
1.5480392550383668,0.874064847082793,-0.8479185902740377,-0.8013504371669821,-0.5146010764856858,0.3778351937177049,0.39930535200219186,0.8729606661872846
1.7027222736528693,1.6558485461946715,-0.9237527965539851,-0.7400125323755782,-0.5146010764856858,1.9077206031247387,1.4423961695188927,0.5229703402300948
1.1414528983257088,0.7999500341535561,0.12667709110183187,0.108717504984771,0.7519177866079052,-0.6767184328478749,-0.3905022415304608,-0.4953124938468445
1.2551128263935931,1.7711782375534966,1.070808026976782,1.146117153850237,1.5210641378407836,0.9749053543364807,1.2050056133624143,0.897447067112742
1.262044392796394,1.2732597802349506,0.5276162984550448,0.5697148390644482,2.0316295545253875,0.7388707535864454,0.608681468399628,0.1624476376320799
-0.1814573762985991,-0.04400887548261026,-1.2831243237220522,-1.3933252741566924,-0.5146010764856858,-0.18591569368731653,-0.521925583639496,-0.3288796662277286
1.3084085791692686,0.48898625151413866,-0.8414601569262422,-0.9009967794095969,-0.5146010764856858,-0.36076074148024795,-0.8494121380989352,-0.5238801840504929
1.4744901246303646,1.23470948780248,-1.482846448028675,-1.4813353528835624,-0.5146010764856858,-0.6610958240031224,-0.463817700904,-0.4932923142536646
1.2640184997089796,1.0807920553675148,-0.9829654561727464,-0.9626702905883195,-0.4486365523662279,-0.07876915678058123,-0.07821885681676052,-0.09423071522014749
1.2441310050684016,1.5610401612720817,-0.7077905419435476,-0.6066080494451861,-0.1188139317689386,0.9928686960798784,0.9826526861527277,0.4267990939669168
1.271218464148949,2.2303512874945834,2.4542233578071206,2.2026850524910966,0.2769732129478085,11.457782516060396,-2.0313015871207387,-2.607559704717308
1.355159146232682,1.4631376988240594,2.4444524447829443,2.242224828601666,0.4748667853061821,10.327831092117437,-1.7949166815389828,-2.9411694106728388
1.4110861508695045,0.909554923672684,-0.8794812229382056,-0.811029415808642,-0.5146010764856858,0.6414476575518007,0.5635928802717013,0.17551385605654635
1.1916853564295975,0.8589659108928387,-0.7556298851362948,-0.7503686229732917,-0.5146010764856858,-0.30075224476098156,-0.2905913290163864,-0.34710988531808445
1.2669318056163994,1.2090125228936148,-1.2501498432430895,-1.262022111574856,-0.5146010764856858,-0.5895434742396444,-0.4235706550494471,-0.4534417373405848
1.3672029437125839,1.1813081523430817,-1.1708504020678203,-1.0631607475293077,3.4432703706817858,0.8842259299186777,0.9140373416522414,0.3591343942758567
1.302707158504611,1.1156213124508012,-0.7598738813133159,-0.6972757385257976,-0.5146010764856858,0.6165888183280946,0.5635928802717013,0.13597383817750092
1.501661860060625,1.1239010901124982,-0.7977335860661235,-0.6972757385257976,-0.5146010764856858,0.9883831871512999,0.9632329064335282,0.6895510911863895
1.504054390809539,1.2504814044697468,-1.3303861763180065,-1.2336516420712942,-0.5146010764856858,0.7360567018455613,0.756369583052646,0.40793083437679123
1.894141983098344,1.6026070507067014,3.7028030715792997,3.540043097343882,0.6067958335450979,-1.4600252356540067,0.17680776858946237,0.2883213892225138
0.53207762440632,0.8447191085105846,0.942996468771892,1.099068779567442,-0.05153011716709158,1.061501653808958,1.3230259480711768,0.7743906391493858
0.9752472647211591,0.5647432556830945,1.285740523133694,1.2717716765747766,0.9036361920826582,0.43154616177281435,0.13421907418203172,-0.14316013049850276
1.2357146018937042,2.5031919122163497,3.708287537818768,3.7239508931237624,2.915554177726123,-0.1572913714722411,1.0210612178400227,0.28403869876952104
1.4254755029902262,0.8512356045913188,-0.7087512155977355,-0.5827094488149303,-0.5146010764856858,0.8512234459456924,0.7815807555080889,0.14926829036805042
1.3632033338032492,1.3780087372303007,-1.0561568758298625,-1.0311485787498,-0.4420400999542821,-0.015224566811108729,0.04965778254390644,-0.35262179876381106
1.2970966806697488,1.9783050593521951,2.650038628451878,2.602326858469579,4.168880135995822,-0.015224566811108729,0.04965778254390644,-0.35262179876381106
-1.4025592515673713,-1.2989115052316063,-0.2639185535488713,-0.7329981341712222,-0.5146010764856858,-3.438078321525405,-5.227968363671775,-3.04547082259329
-1.8192000090424032,-1.8903591471384542,-0.6385786209113558,-1.0998698334775376,-0.5146010764856858,-3.438078321525405,-5.227968363671775,-3.04547082259329
1.31500557941079,1.2202739937020437,-1.2543392171037888,-1.2489022904545093,-0.5146010764856858,-0.3312433364481194,-0.2342977874398652,-0.39745071015517464
1.6372513080760125,0.9819983998141345,-1.1836705055095655,-1.1050270643762203,-0.5146010764856858,0.8050660013941673,0.5997262661611524,0.281055479961309
1.4145297160725692,1.4973334909353444,-1.283208416421767,-1.3052017500325692,-0.5146010764856858,-0.764030902039775,-0.546236142608872,-0.4495134639345727
1.2699136326426514,1.7283578906645016,-0.9813899154610093,-0.9078580263984438,-0.5146010764856858,0.6955679038404748,0.5749387560181951,0.30274998161208727
1.3074628336045675,1.875036269134942,-1.1391263164566212,-1.1192184843357098,-0.5146010764856858,-0.1069992632813472,-0.06079978700664068,-0.31265707822680305
1.2806380378957183,1.7293365174697555,-0.9151322712020612,-0.8465045930706268,-0.5146010764856858,0.44440103118068686,0.536158460556899,0.04802417533342554
1.2360717250719255,0.9410620191257199,-0.8205910478787277,-0.8291269166707287,-0.5146010764856858,-0.28725304397865314,-0.2842757875977705,-0.559306131587289
1.7413112924109944,1.3780087372303007,-1.0823629826670644,-0.9586535207276299,-0.5146010764856858,1.0437545352297521,1.112825145299542,0.6173230685084554
1.4407610750409041,0.6927266172846532,-0.7928374343373897,-0.7488798342398866,-0.5146010764856858,0.43550460771687094,0.2980121753554955,0.3533575178925162
1.1810945997910822,1.1848935389008917,-1.2151886810463945,-1.2464881058920814,-0.5146010764856858,-1.1902471566140205,-0.6313610034598667,-0.6151337320952783
1.3306586002270746,1.7174405962403185,2.5971080990796986,2.5762149398413685,-0.5146010764856858,-1.7505327319918091,-1.9045170751947123,-2.566666248655695
-1.3117535782754441,-1.1794359744990026,-0.324128870921746,-0.7168976352204242,0.25058740330002544,-2.8935007809288034,-4.400631349582517,-2.538698551826399
-0.7690015740417382,-0.6798646552762642,-0.649640263818679,-0.763911133005834,1.1345120265007607,-1.5547503700492071,-1.2017667614297722,-0.9218112157302064
-0.7748538720092366,-0.7361199459380023,-0.282047580192579,-0.6614349682301307,1.6622282194564237,-3.112862504418092,-4.259486087524443,-2.429709885604332
0.7005630814993316,0.7862694710680981,0.09490189081532122,0.12181276458256955,0.17802642676862174,0.5394100460696255,0.31308505775681983,-0.03931555806640793
1.322365941109978,1.7816701381926388,1.8970845487124741,1.8892076945833753,3.2189909886756287,0.5394100460696255,0.31308505775681983,-0.03931555806640793
1.144282295230369,1.1478257764023154,0.39775484957043666,0.48794365028389497,0.3231483798314291,1.0641589424212992,1.1072993276403866,1.0917765563864188
1.1753936833021386,1.5702364689242048,1.1210468120155839,1.3285042726544052,-0.33583721612195494,0.7360567018455613,0.7782333974313664,0.4314248564588669
1.290295423296794,1.3917101961970335,-0.11769613861869792,-0.08998123165543949,3.2783590603831407,0.48475366950017534,0.29044274378769985,0.0649064751822114
1.3546625460007895,1.7893714570107797,1.0298867554939024,1.08707413097112,5.693979933637688,0.8438634303230176,0.8455970566536836,0.44543633556877593
1.1387609774004066,0.8270967887035833,0.05222711568149596,0.09537437092096834,2.3086805558271104,0.8106247528621325,0.5107526330353446,0.321777793123122
1.635159492820047,0.9190004674045505,-0.7999839522581041,-0.7223191891084505,-0.25733943241980006,0.6823229382391182,0.6683332424701965,0.8836198351400434
1.1714709380524293,1.877794144659006,0.6606589055549351,0.6977824673859265,2.4406096040660263,0.6424015960892503,0.5407510719798126,0.02521917801322094
1.2970966806697488,1.9905901821058773,0.9985722942384573,1.0298234311997447,1.1608978361485438,0.6424015960892503,0.5407510719798126,0.02521917801322094
0.5372780898686396,-0.07372908672534749,-0.7324798119044756,-0.5573242076579277,2.1635586027643035,-0.46066172780251274,0.6309350683009599,1.6734082077355201
1.2610569040349908,1.73128487684383,-0.08468033736839578,-0.04255337277892138,3.4815297946710713,0.45328353343370836,0.4282186085992627,0.0621057290378324
-0.07542662138857756,-0.2686965438253742,-0.7966563311629563,-0.7637592223914657,-0.2507429800078543,0.3357057773847145,0.20307474577147408,-0.20871192101216243
0.43198122005470585,0.07023646423771011,-0.5462518149007556,-0.5185183974548675,-0.42884719513039055,0.3357057773847145,0.20307474577147408,-0.20871192101216243
1.3564719717908162,1.6026070507067014,-1.2474872346135732,-1.334620350665327,-0.4552330047781737,-2.255029490007349,-1.2654461007045301,-1.0301802309209962
1.1990353779430074,2.1860235807285546,0.6095977728280091,0.6190377225637098,-0.39586493307066156,0.45426962068603455,0.24969489559996105,0.14926829036805042
1.1225685742572031,2.3060286035898625,1.05734034466862,0.9829744375171171,2.849589653606665,-0.9377488471583583,-0.5919981863184592,-0.5635286172353096
1.1376532991669628,1.2189645161587122,-0.2562452276366346,-0.1815312647421087,0.3033590225955917,0.8291147081479127,0.7794891632443709,0.5425190353280694
0.31096468502616365,-0.010524144271558348,-0.2938275223243951,-0.34283591743885516,0.3495341894792122,-1.61547633392408,-0.613394691291834,-0.20536641395113
0.9546848903981711,2.3638850092044037,-0.39101963959504005,-0.36681524290986667,-0.323303956539258,0.4965101347044925,0.17152228567767072,0.02521917801322094
-0.2916057913277221,-0.12761025570178808,-0.3608143668338912,-0.2888585429127905,0.6727603576645557,0.8254215321856624,0.7051995968630647,0.29314613208908874
0.5829826052571823,0.17129100109655465,0.2944634256068956,0.3531119757431218,1.0487581451454655,0.8254215321856624,0.7051995968630647,0.29314613208908874
-0.5458365306271683,-0.3429040675620881,-0.743995762990292,-0.6835871297169038,0.6529710004287183,0.01468508370294433,0.06348463382677073,-0.3288796662277286
-0.2088192136208508,-0.35858500549318884,-0.42641111973665113,-0.3799105025076654,0.40890226118672435,0.01468508370294433,0.06348463382677073,-0.3288796662277286
-0.4030900870747216,-0.22246384005510209,-0.5285338511327156,-0.5650733968805379,-0.2045678131242338,-0.6562975048215935,-0.5288482271927086,-0.5508961372665601
-0.376846239146727,-0.9345917988968782,-0.2211753965358696,-0.2640544697792018,0.06588673576554338,-0.6562975048215935,-0.5288482271927086,-0.5508961372665601
-0.7979875292038856,-0.35130787282570436,-1.6639899298783423,-1.741775118018256,-0.5146010764856858,-1.7928560869137349,-1.0832054272061158,-0.8900423040378617
1.4532223525450925,1.6219513768641567,-0.7480641176569611,-0.6300876656926778,-0.34968976618704106,0.9758048728002521,1.0019280795573757,0.8396870987651904
-0.4571472844669954,-0.39840077297299825,-1.0381497017540935,-1.0041493834742468,-0.5146010764856858,0.3326845347406517,0.14493201698902475,0.010790585623647524
-0.2767419689955323,-0.40413313173478554,-0.6924859638870797,-0.6648589374655745,-0.5146010764856858,0.3326845347406517,0.14493201698902475,0.010790585623647524
-0.15148629565344257,-0.3202260130770928,-0.38640952801386863,-0.36508744497812934,-0.5146010764856858,0.3326845347406517,0.14493201698902475,0.010790585623647524
-0.030487260303378574,-0.06073491448031678,-0.7484978915930456,-0.7808243831830589,-0.17051692577376965,-1.1234573737449411,-0.5392669758576564,-0.6129482254742789
1.3306586002270746,1.1349133088455854,-0.40416896725611273,-0.443494978024842,-0.25206227049024343,-1.1234573737449411,-0.5392669758576564,-0.6129482254742789
1.0402758466282362,0.3988844460203546,-0.42306788553039537,-0.36681524290986667,-0.10562102694504702,0.9838941309634174,0.515390431177816,0.21658764916451365
-0.7345421249551002,-0.7925072188722541,-0.7370756477801819,-0.6964468834000347,-0.33649686136314955,0.4670731910139003,0.280315666573496,-0.1129850193905777
-0.2882434486352969,-0.5429598268833266,-0.5426253154908937,-0.5059734936372758,0.21100868882835072,0.4670731910139003,0.280315666573496,-0.1129850193905777
0.22128242713190355,-0.4253377298135132,-0.20979846191523932,-0.18020244021432996,-0.2375500751839627,0.4670731910139003,0.280315666573496,-0.1129850193905777
-0.3817183564759862,-0.5600031924721011,-0.014681459911342438,0.014585724396553049,-0.2342518489779898,0.4670731910139003,0.280315666573496,-0.1129850193905777
-0.008440674738960001,-0.3620534215217884,0.14677941926459015,0.1678490192324215,-0.5080046240737399,0.4670731910139003,0.280315666573496,-0.1129850193905777
-0.42701601676615547,-0.5940353659133782,0.34212747792918335,0.36147289628203766,-0.2507429800078543,0.4670731910139003,0.280315666573496,-0.1129850193905777
0.9087722094220194,0.0898959465361107,-0.4844137976472354,-0.4640429494370087,-0.2705323372436917,0.038075460980430166,-0.017757373820691234,-0.167412450726255
-0.4135183494373987,0.14198096694043413,-0.3706926907881767,-0.38043940677400345,-0.5146010764856858,-0.31202615363817554,-0.1974365721042361,-0.48122721727274126
-0.21856297215156542,-0.34919119031125395,-0.33291758517081943,-0.3729048288771405,-0.5146010764856858,-0.6515032382749928,-0.521925583639496,-0.5425323519389827
1.6204147205427912,1.1809698660921482,-1.065849353717665,-0.9350219938657698,-0.4420400999542821,0.7398084609072795,1.2174058415072202,0.9616578953073232
-0.4881484398350866,-0.5120476927308382,-0.5833375250983185,-0.6310055662002795,-0.5146010764856858,-0.9013252403043939,-0.6640174971574165,-0.6283130793593078
0.9014071350675845,0.700128424528149,-1.0207056690176648,-0.9831047997109688,-0.5146010764856858,0.08456903720499237,0.1807648212074814,-0.12434952335928015
1.10273599733452,0.5070329196741621,-0.798488086424632,-0.7129293188121436,-0.3167075041273122,0.4077373414626995,0.7605885074503572,0.5021178894834559
-0.4769735833347378,-0.5456409614615072,-0.9844486007717753,-1.1025665341181545,-0.5146010764856858,-2.4096745480290545,-1.5116196496352108,-1.0944277313926325
-0.974174650159328,-0.7913024326699296,-0.7388513094652311,-0.7299511467644387,-0.07263876488531806,0.4345152549904055,-0.08989693273534739,0.18717832003080415
-0.2737937337345556,-0.47691206001257214,0.1316227763638426,0.12267719289842743,-0.30351459930342056,0.4345152549904055,-0.08989693273534739,0.18717832003080415
-0.34925258279244764,-0.45141251012757105,-0.6428452770068147,-0.8827802308053971,-0.5146010764856858,-2.530155309068087,-2.795754577583272,-1.7327499100402715
-0.2767419689955323,1.6404482291063855,0.7456610059414794,0.7313574415488041,0.8706539300229292,0.2892024153064917,0.03575679229395902,-0.0170063395026643
-0.03342541266782463,-0.16685928704368996,0.10736520813429308,-0.044193407337761975,0.059290283353597595,-2.2853037551219972,-1.652071782691849,-1.1934678650124146
1.144282295230369,0.957184048227897,-0.14748124497575923,-0.11192900734656105,-0.08583166970920963,0.51897552733088,0.3700659991703946,0.04235487604255026
0.92134625684213,0.3965956747360493,0.21522410292321642,0.24454863817114367,-0.33649686136314955,0.51897552733088,0.3700659991703946,0.04235487604255026
-0.42320261912171603,-0.5010151479572853,-0.15019245342384563,-0.17228166920575158,-0.15179619382866752,0.35781255830573105,-0.14012412650630107,-0.2632648623559121
-0.8603223456020643,-0.518934502230152,-0.8290804740335862,-0.8963983208123264,-0.1913749083003422,-1.6168963242388577,-0.9739417036982861,-0.7936037369268267
-1.2191191104446806,-0.7622485229624291,-1.5514269189926222,-1.6136547452399332,1.1345120265007607,-1.4877218568557393,-1.144004526114328,-0.8926645356941446
-0.6219614534881779,-0.4268576256743935,-0.8504425029420203,-0.923496812850891,0.4748667853061821,-1.4877218568557393,-1.144004526114328,-0.8926645356941446
-0.45409582792424197,-0.5246539207340957,-0.5317882149731128,-0.5746024246542818,-0.5146010764856858,-0.8205252925626345,-0.5919981863184592,-0.5614159103034624
-0.46104023066422306,-0.3890164472747091,-0.5705121723804681,-0.5710572628085814,-0.5146010764856858,-0.10917663624772297,-0.08142508727464053,-0.28441300859996466
-0.09974866383594556,-0.6093925956818504,-0.018425818670535957,-0.026893368489374278,-0.5146010764856858,-0.10917663624772297,-0.08142508727464053,-0.28441300859996466
-0.07414620803440601,-0.19228834329390013,0.3220605433506894,0.30709674275032767,-0.5146010764856858,-0.10917663624772297,-0.08142508727464053,-0.28441300859996466
0.6360858593873965,0.07644653611950215,-0.7159872916774476,-0.6972757385257976,-0.5146010764856858,-0.11789448976200231,-0.037181432949628,-0.27791497869169784
-0.15114805588951377,-0.2757346613722778,-0.18882743492082718,-0.16185721006564113,-0.5146010764856858,0.19193985555590568,0.23992243269743563,-0.09656240589823269
-0.3468863078299594,-0.3708511830176925,-0.6847080965542228,-0.685487607826471,0.7651106914317968,0.0061555385161611315,-0.170130578033204,-0.3144510738381551
-0.3339641819456464,-0.5227388277579507,-0.3602430785722991,-0.36768073252533523,-0.07923521729726385,0.0061555385161611315,-0.170130578033204,-0.3144510738381551
-0.26938650175135037,-0.21934738843802615,0.014506002807235126,-0.0006843572085414318,0.5936029287212063,0.0061555385161611315,-0.170130578033204,-0.3144510738381551
1.2082945415770867,0.7682282988376584,-0.8244685081533172,-0.8545788220864452,-0.5146010764856858,-0.6073471833052778,-0.5357894052889275,-0.5741363612087543
-0.47919927121808187,-0.4148489317703726,-0.8754464179130242,-0.9292358502737824,-0.5146010764856858,-1.299309959261168,-0.7797579297998934,-0.6685499180791044
-0.33357501940494577,-0.23195361644128362,-0.45613919968768385,-0.5187329587723812,-0.5146010764856858,-1.299309959261168,-0.7797579297998934,-0.6685499180791044
-0.20191311895630462,-0.2778691761655033,-0.07419479466461293,-0.14523951285008127,-0.5146010764856858,-1.299309959261168,-0.7797579297998934,-0.6685499180791044
-0.4312690679461953,-0.6901532041911188,-0.276531975262714,-0.44445999008963966,-0.25733943241980006,-2.2693498063013613,-1.922253941209728,-1.3724380451860576
-0.6902515584466783,-0.8343259206587198,-0.014638070272876747,-0.18821322191071196,-0.04625295523753498,-2.2693498063013613,-1.922253941209728,-1.3724380451860576
-0.8290112641079226,-0.7713301047518473,0.24810719765655123,0.0693048101839073,0.059290283353597595,-2.2693498063013613,-1.922253941209728,-1.3724380451860576
0.9476275110930544,0.6076558063994831,-0.41536030688398035,-0.4630507730547151,0.17802642676862174,-0.015224566811108729,0.11806619656814742,-0.19040196148332533
-0.483019111305448,-0.5376480929791264,-0.7279293827512566,-0.7168976352204242,-0.5146010764856858,0.19400475599837233,-0.04148581459632616,-0.30710909041442136
0.1325363090110747,0.022255197813858704,-0.8473587068817626,-0.8511316699692889,1.7611750056356101,-0.36303768144408627,-0.26542095197979504,-0.4031483029581935
1.1606779421969604,0.47587469665935467,-0.6870363310834504,-0.6453302314913226,-0.15179619382866752,0.3878200885591749,0.37496218281690186,0.02521917801322094
1.2640166503800392,2.3435431744810087,-0.14014310432209326,-0.2587661756111718,-0.42884719513039055,-1.9052932410334975,-1.3735817298601125,-0.9111477388469141
-0.3726152030653716,-0.32458555442751597,-0.33652628223816405,-0.3371737086578845,-0.5146010764856858,0.15048331741811938,-0.11223125401384615,-0.32417535574382955
0.29774618563567984,0.2774153736599278,-0.946005962391328,-0.9159167268778491,-0.5146010764856858,0.07825138351585532,0.10507103918224904,-0.1283154604159909
1.1609787820463577,0.5579734590916662,1.4714162803432955,1.4482750561562574,-0.5146010764856858,0.07825138351585532,0.10507103918224904,-0.1283154604159909
1.0621096378923456,0.4340209469744239,-0.7676315922191457,-0.6972757385257976,-0.5146010764856858,0.4156847158847945,0.603759935612144,0.6101037268085392
1.4330116322984299,0.7858257316185214,1.0125801011643993,1.0521298432293755,-0.5146010764856858,0.4156847158847945,0.603759935612144,0.6101037268085392
1.5328064606242673,1.2595093225259455,-0.864910822853999,-0.7548539479879871,-0.35628621859898685,0.9478533035157074,1.05890902097095,0.744246978884963
1.41913895729223,0.6028095872712578,-0.7640803205320494,-0.6972757385257976,-0.5146010764856858,0.2637681436393436,0.6033120599143456,0.7470202368646606
1.0115450988682821,0.6188941454392437,-0.6968928082224755,-0.6188682054790846,-0.5146010764856858,0.4493374705332273,0.7366608889832706,0.505892473563957
-0.1033215408857429,-0.00863475732775403,-1.0643655985908855,-1.1722151372093401,-0.1254103841808844,0.08772522925390923,0.14493201698902475,-0.2238583653839335
1.5297356494550591,1.4758158309775582,-0.6779096492565756,-0.5528053383170216,-0.0330600504136434,0.9424273882511425,1.212098718936899,0.9334535971348137
0.7627761039020505,-0.2975814611056381,0.7647340826442518,0.8542444690922845,-0.2962585016502802,0.4208445488659331,0.45586488111473117,0.3510406147054333
1.0806502066796133,0.5039027325964571,1.1564292052412566,1.2379696183412412,-0.2705323372436917,0.4208445488659331,0.45586488111473117,0.3510406147054333
-0.7926045905180333,-0.30512232716341253,-1.5020699081044027,-1.4675982428394336,-0.5146010764856858,0.15776010236780005,-0.012072002089875593,-0.34710988531808445
-0.9190910880857603,-0.5376480929791264,-0.665689452570969,-0.6491929326805983,-0.5146010764856858,0.15776010236780005,-0.012072002089875593,-0.34710988531808445
0.5383819384827473,0.29338771974615396,0.13793054487973358,0.16378594629422485,-0.5146010764856858,0.4325360320785314,0.31633933039127127,-0.028120079063803847
1.0806502066796133,0.5027811455427558,1.1911881134524038,1.1977807407836745,1.992050840053713,0.4325360320785314,0.31633933039127127,-0.028120079063803847
2.032906322644498,1.3748019524013828,-0.708808678678682,-0.6092870484323535,-0.4994292359382104,0.7985739038355657,0.9279064609278724,0.5838666646078473
-0.567386966569586,-0.4650796343516287,-1.0516389632142344,-0.9453617070498604,0.3778989348505791,0.7985739038355657,0.9279064609278724,0.5838666646078473
0.43198122005470585,0.07023646423771011,0.43069170780104016,0.39160317482382745,-0.5146010764856858,-0.7762645517183903,-0.37379838082855127,-0.4896627335433202
-0.20853169447297004,-0.25496273897731764,-1.3284296746643234,-1.3329155343489463,-0.5146010764856858,-0.7762645517183903,-0.37379838082855127,-0.4896627335433202
-1.2291002733121321,-1.0288202502308144,-1.243635706867929,-1.3154256379170657,-0.5146010764856858,-1.4517425329387161,-1.0810601821765868,-0.8059493447448148
-0.905750618154534,-0.7949271525864301,-1.3902632451783339,-1.3933252741566924,-0.5146010764856858,-0.4792272758445628,-0.3610970665172168,-0.4165262116634732
1.2348117905590592,0.03942330518879684,-0.49182697312454604,-0.4640429494370087,0.6067958335450979,0.2053483012015057,0.18997452350459582,-0.18544632465916253
0.018269306304823086,-0.3708511830176925,-0.1917795086021791,-0.1749120498816994,0.8046894059034715,0.5355234240391555,0.19862809341824453,-0.0348274808101084
-0.39358470947113,-0.2071066102866299,0.2775124027441171,0.2834274285762316,0.8046894059034715,0.5355234240391555,0.19862809341824453,-0.0348274808101084
1.5997142281259378,1.5919159156795888,-0.9549025419591972,-0.7700145581737687,-0.5000888811794051,2.0976149613319075,1.8879228532224464,0.9294946739668972
-0.5577555655139222,-0.3664293910181597,-0.013663042916017278,0.014585724396553049,0.6067958335450979,0.6965127912756538,0.4709927342227765,0.17551385605654635
-0.22980803845346984,-0.37531976733568073,-0.6370552253237567,-0.6402126685208396,-0.5146010764856858,-0.09069553377625068,-0.11932435958833075,-0.365561082139835
-0.3374730056059496,-0.32458555442751597,-0.3459064649803566,-0.35395881599816886,-0.5146010764856858,-0.09069553377625068,-0.11932435958833075,-0.365561082139835
0.12818810377642637,0.22006946858305831,0.17031377871633782,0.23724348260929445,0.5210419521898026,0.5364953290588595,0.7633271312058838,0.6693693383055909
-0.5275915871795754,0.11472781594252489,0.09320633944199093,0.04897992143285856,-0.5146010764856858,-0.09721140736763774,-0.46618484374005253,-0.49915823711981966
-1.048829175258426,-0.7829638233789635,-1.7846670264819684,-1.741167147990707,-0.5146010764856858,0.1536030818570471,0.09446429893845264,-0.20620210164713446
-0.33786358354053736,-0.06718202104555415,-0.41804227708245806,-0.622588220461366,1.860121791814797,-2.5151625780385456,-2.3397530171235297,-1.5363393905989657
-0.3929927826077209,-0.1723793300588165,-0.07622807201473623,-0.05411455753254618,-0.5146010764856858,0.497488741939696,0.2295956774768955,-0.0390159408820848
-0.8718216180879731,-0.6573738621057018,-0.26920957366814874,-0.5710572628085814,-0.5146010764856858,-2.9059627206294487,-3.3805001293696364,-2.0286207559754588
-0.7232970586531958,-0.39368254201606884,-0.5650962959145898,-0.7007676115149444,-0.5146010764856858,-1.853236176627487,-1.6307777946403972,-1.1462395131594476
-1.0617228586810739,-0.852008389978377,-1.1195516094154345,-1.320426424104143,-0.4492961976074224,-2.575372572464853,-2.4778726080587226,-1.5711851066541849
-0.6138489010697982,-0.7256928167197205,-0.1063285370248286,-0.3282732338704273,0.2176051412402965,-2.575372572464853,-2.4778726080587226,-1.5711851066541849
-0.5869128502902351,-0.4809310447235694,-0.9777352286238963,-1.107496212971521,1.4643346470980498,-2.0413884687407613,-1.7280090076262629,-1.2160194641520756
-0.4527907104624369,-0.48557150106429786,-0.03323022708756904,-0.1815312647421087,2.783625129487207,-2.0413884687407613,-1.7280090076262629,-1.2160194641520756
0.08036769856374815,-0.09981087143131886,-0.5345652431266843,-0.5372135860683133,-0.2441465275959085,-0.23357499619160682,-0.1371424948145019,-0.3288796662277286
-0.13067122327939398,-0.033281868909458445,-0.10615253530564428,-0.11798004195274989,0.6199887383689894,-0.23357499619160682,-0.1371424948145019,-0.3288796662277286
1.2441291560926877,1.0574537653640166,-0.3090741043927978,-0.36422513147213526,-0.15179619382866752,0.2942756225918507,0.0827191675166801,0.007888382456544088
1.4153923200882297,1.5000515054619663,-0.5743189220869294,-0.47032597834022494,1.2136694554441103,0.9252110267701911,1.0038477601117726,0.579881832227399
1.8482468749697993,1.3666237946694462,-1.1139470600039494,-0.921214216566482,-0.4486365523662279,1.8014003460718522,1.8604884335076441,0.946837436497761
-0.28414816400076515,0.0870991404401258,-0.8018545380715462,-0.7933849150900981,-0.5146010764856858,-0.18260551111489837,-0.10751327551383864,-0.31265707822680305
0.7399671286653462,0.19869801519599115,-0.4209171068560829,-0.41606925917181975,-0.5146010764856858,-0.18260551111489837,-0.10751327551383864,-0.31265707822680305
1.44159646521863,1.1813299964241897,-1.0701226761283198,-1.0396338778170318,-0.5146010764856858,0.0950828599065003,0.08545534557568499,0.1716057535246433
1.6908133705971553,1.639536401261333,-0.7866907403152612,-0.6313453666565311,1.0685475023813027,1.792060300766338,1.539398736859515,0.6708734936651752
1.4254016460362762,1.1945868028585969,-0.6194479168143764,-0.4841854969885972,-0.5146010764856858,0.6718944553408467,1.2845667686970377,1.1332522696761371
1.598995101177545,1.1954072092153816,-0.7303824993502797,-0.6066080494451861,-0.5146010764856858,1.1389364603051393,1.160589836444663,0.6969584298911635
-0.8173483964794341,-0.65042263884763,-1.4277629379153263,-1.5395846665293071,-0.5146010764856858,-2.2900986966322905,-1.5627559913110873,-1.2789705387101582
-0.4227797429519236,-0.47634102912437915,-0.4665973885243,-0.4801106809997303,0.6595674528406641,-0.5188818407755543,-0.25916635673801813,-0.3842386796610493
1.417886114375874,0.896395169199564,1.5596781968496112,1.5690725485054104,-0.5146010764856858,0.19193985555590568,0.18918640114854673,0.019608283809943297
-0.5310523188547245,-0.238400723006521,-0.9495337323537039,-0.912157031548635,-0.5146010764856858,0.19193985555590568,0.18918640114854673,0.019608283809943297
-0.6477155419363306,0.2498959965473733,-0.27257865973764345,-0.20177020132827,3.3773058465623276,0.8475446310056906,0.7180870888709185,0.3545146483929651
1.1574187774725104,0.9163278174820101,0.35652917322584576,0.4204982526794387,0.07907964058943497,0.8475446310056906,0.7180870888709185,0.3545146483929651
-1.0465008601026693,-0.8478616076124458,-1.6154228957606067,-1.738740497734726,-0.5146010764856858,-2.4194811924268373,-1.7556776637407776,-1.238910197770145
1.2600703554850254,1.0124310148993434,-1.0323083632153343,-0.9578529059871171,-0.5146010764856858,0.5742704089824202,0.5794632396626442,0.321777793123122
-0.030487260303378574,-0.1893860825398844,-0.0704896845767461,-0.04110784255765793,-0.5146010764856858,0.45624128144005066,0.3005304159325704,-0.06347805110681766
0.36101929167246166,0.08919778937617104,-0.785760741681541,-0.7933849150900981,0.2901661177717001,-0.3403092776904601,-0.26542095197979504,-0.3804847810876971
1.3947907292109982,1.1097423970885512,1.4358085635216449,1.3820087334166837,0.2176051412402965,-0.3403092776904601,-0.26542095197979504,-0.3804847810876971
-0.7345421249551002,-0.5402956080932975,-0.8744016769156713,-0.9925392220411167,0.1252548074730555,-2.070541611297052,-1.5065610558931737,-1.0735956649099097
-0.21228898729953818,0.32017961752783647,-0.9828481723962418,-1.2617142097559193,-0.5146010764856858,-2.9059627206294487,-3.3187703447358547,-2.014845050192523
0.31735059493970275,-0.07593419501280868,0.10811227572074333,0.13126367181198195,-0.18477845588839642,0.4719899615714077,0.2752372546258925,-0.17394552985339107
1.1332129741217585,1.8251260695741203,-0.34341069298595894,-0.2859990504735924,1.9960087115008802,0.34274909633785666,0.536158460556899,0.8116780741915908
-0.0986217783767525,-0.3326291743404573,-0.1656267998635163,-0.1333636898080973,-0.5146010764856858,0.4739554779531425,0.3255791950483469,0.06770207762095169
0.31522617482194,0.06678159182212266,-0.822605173932534,-0.8845808478846358,-0.13860328900477592,-1.6410906673262153,-0.9089219078739117,-0.7806257977342114
-0.1808647537248194,-0.2617738104659415,-0.4838246004986592,-0.44445999008963966,-0.5146010764856858,0.3336917943038942,0.31883984029794404,0.47948481141052346
1.2885397109386396,2.030252422430928,1.623607997981972,1.6225027488294153,1.9161916373163363,0.3336917943038942,0.31883984029794404,0.47948481141052346
-0.4994063045894048,-0.3620534215217884,0.04450978755017689,0.08177379722967261,1.4643346470980498,0.5111715580608038,0.4380238568799038,0.12390874119657772
-1.070187849994131,0.3857681275288986,-1.004824832294313,-1.0928094066816414,0.40890226118672435,-1.6339639730395,-1.1883223312812454,-0.9735085826492341
-0.6168839309353916,-0.2071066102866299,-0.7015952769222014,-0.7965603312847983,-0.3892684806587158,-1.6339639730395,-1.1883223312812454,-0.9735085826492341
-0.4312690679461953,-0.1779724883502871,-0.3655634499884631,-0.4670278848915275,-0.10562102694504702,-1.6339639730395,-1.1883223312812454,-0.9735085826492341
-0.26179552704992526,-0.06718202104555415,0.31624333782976105,0.3170024027391091,1.6424388622205863,0.6604960353386199,0.05851545836606455,0.3518519320201266
-0.44909049298473425,-0.1351736330092661,-0.6147136323902392,-0.5945574790240248,-0.5146010764856858,0.31856410145492065,0.08627563619169121,-0.10749110484202484
-0.042288412240895724,-0.5058829514569442,0.03161250822589572,0.02164499013222079,-0.5146010764856858,-0.1572913714722411,-0.10751327551383864,-0.3842386796610493
-0.19505115299342735,-0.31669229138903837,-0.013427550818590933,-0.10772397704857983,-0.5146010764856858,-1.5211371778028595,-1.0746350773507842,-0.8486895375621355
0.8156038889064398,0.605899973194213,-0.3062379801728834,-0.3799105025076654,-0.5146010764856858,-0.03238682101464417,0.012796567208277071,-0.3493122562352446
-1.2136946608328096,-1.1794359744990026,-0.9285456891175312,-0.9084172816465375,-0.5146010764856858,0.4818107447369051,0.006601753101242562,-0.16480704983339148
-0.8204053129168257,-0.6734455502545847,-0.8587061837090134,-0.923496812850891,-0.5124902117138631,-1.1810332696573898,-0.9049118088991912,-0.6913720112399196
-0.35916857216813175,-0.6253294786332693,-0.5201401850244184,-0.5921718889191026,-0.46974520008445436,-1.1810332696573898,-0.9049118088991912,-0.6913720112399196
-0.5289022398671903,-0.7949271525864301,-0.31941540278048286,-0.39505195694275613,-0.5120944245691463,-1.1810332696573898,-0.9049118088991912,-0.6913720112399196
-0.4760845981686471,-0.5917792041217688,-0.11566040092284122,-0.19563727639244663,-0.5116326729003101,-1.1810332696573898,-0.9049118088991912,-0.6913720112399196
-0.2660929070163685,-0.6958726226950624,0.031880253319510075,-0.05134464747271332,-0.511764601948549,-1.1810332696573898,-0.9049118088991912,-0.6913720112399196
-0.14265155738753674,-0.40799839695968176,-0.3808741280840632,-0.3625036624768525,-0.5146010764856858,0.3286537081883598,0.14439741992140037,0.3547459689769585
-0.4623986104289486,-0.5311010272993331,-0.4234392755577403,-0.4255567687545859,-0.5146010764856858,-0.161685729155405,-0.1371424948145019,-0.4416871993936958
-1.0144863972134646,-0.5940353659133782,-1.8189917795504256,-1.7922598776075784,-0.5146010764856858,-0.161685729155405,-0.1371424948145019,-0.4416871993936958
-0.8912650101552916,-0.7361199459380023,-0.4823684541658969,-0.44928551949888057,-0.5146010764856858,0.3878200885591749,0.24969489559996105,-0.13038183846009435
-0.6378560929439057,-0.583755397274202,-0.2877008009565493,-0.4254063652542823,-0.5146010764856858,-1.8104619255414898,-1.2978820900129486,-0.9818342466134398
-0.24761763434484715,-0.33589001894149095,-0.5398809716188896,-0.5827094488149303,-0.5146010764856858,-0.7129355564762968,-0.5012678769681577,-0.5741363612087543
0.14007243831927824,-0.4434196416451902,-0.1959753955454305,-0.2440793693212927,-0.5146010764856858,-0.7129355564762968,-0.5012678769681577,-0.5741363612087543
-0.9906806837144329,-0.9448500509773483,-1.7100650752797781,-1.705616361354102,-0.5146010764856858,-0.44446653492308236,-0.33909893902681393,-0.5095293226061459
0.6590891629188561,0.2967735339700519,-0.6974370827508366,-0.6582890744116294,0.503231530677549,-0.3527986364224442,-0.2842757875977705,-0.5115711808600452
1.1650081665790406,1.0994424406669463,-0.7930795082285756,-0.8031149967948309,-0.17158555106450488,-0.6180562738485068,-0.30009358206195147,-0.4633070025902418
1.3121814055795085,1.4631534902679166,-0.6638384854797028,-0.5710572628085814,-0.23095362277201698,0.43154616177281435,0.3255791950483469,0.5638373611572111
0.7457682289158031,0.45653916003522405,0.33300052590152657,0.30709674275032767,-0.5146010764856858,-0.4294694026757317,-0.22380045643855742,-0.3938532338989032
-0.3398863535622119,-0.15071933735237805,0.07804426689605788,0.06790565417729003,-0.5146010764856858,-0.161685729155405,-0.10721868674353613,-0.3799224939052747
0.8097057719652653,0.2196001757614615,0.024037230388448464,0.10739449952309622,-0.5146010764856858,1.0375299119419181,0.9180075238527278,0.6299233736935925
-0.39775845283595657,-0.4434196416451902,-1.147873501031301,-1.0507284119235771,-0.5146010764856858,0.908852481576217,0.8061349449525355,0.6945549963074428
1.2754447977806167,0.5758222144909568,-0.3385406478095166,-0.2226074189470175,1.3060197892113512,0.7257265602252859,1.2126299203464528,1.0157966152598166
-0.09083426042645906,0.49139831948880314,-1.3179925680240638,-1.3127729867973579,-0.3167075041273122,-0.36303768144408627,-0.2373933441900429,-0.38800185858642244
1.7092505250509,1.1641642272326116,-1.273603449183272,-1.2292282357780417,-0.2969181468914748,0.04761654106472906,0.18997452350459582,-0.0023131259990140525
1.021918236936162,0.4639913053893666,0.5692766555111572,0.6338346329074247,3.2453767983234116,1.002724356955426,0.8780294229491022,0.40457672703358727
0.4357893588655174,-0.21625376817331002,-0.6999851537246803,-0.8291269166707287,-0.5146010764856858,-2.283706340941271,-1.599161201942099,-1.100432493025742
0.9819490314302933,0.7306677966048177,0.4096780573199597,0.4749609407433049,2.68467834330802,0.9124917900860261,0.7990838272559451,0.6643761807848738
1.1606779421969604,0.9423223169445961,0.19478625926743853,0.07487382824450287,-0.22435717036007116,-1.7186345516070725,-0.9657244908910582,-0.8234031570973768
1.4085230196153002,1.4062413231983752,-1.4489177759101641,-1.3815514521905472,-0.5146010764856858,0.5101953070903451,0.40414667641611285,0.05367243821493292
-1.0936191944983058,-0.8343259206587198,-0.30742700602353873,-0.4996793339370239,0.4748667853061821,-1.9023056560941456,-2.043706053227079,-1.3912577488151578
0.945178883134267,0.3631777824498045,0.8100781247316854,0.7980485519339546,0.07907964058943497,-0.06362628241291383,0.05242905856434527,-0.365561082139835
1.189617653093409,0.5738904135600765,1.2704933828617166,1.2494180094209124,0.11865835506110972,-0.06362628241291383,0.05242905856434527,-0.365561082139835
1.3850156856796707,2.4186269781792826,-0.7533321166238486,-0.5675988362321519,1.7347891959878274,2.10499171513647,1.8327605919748324,1.204380463694275
-0.3571780358812406,-0.30894386706831395,-0.8799376075272548,-0.8223270546693147,-0.5146010764856858,0.30845652888804076,0.4282186085992627,0.1279410749453978
0.8279052594809204,0.5377891019374127,-0.3614789175650392,-0.31432639214866465,-0.09902457453310122,0.30845652888804076,0.4282186085992627,0.1279410749453978
1.2441291560926877,1.895307354999513,-0.054445903765473695,0.108717504984771,3.423481013445948,1.6684240659794365,1.4261420192836451,1.006780566591178
1.189617653093409,0.8320371560782764,0.48246943511549384,0.558864047934946,1.2994233367994055,1.0756595068319283,0.9436665609529048,0.34755863430792
1.0910260750228467,2.274251197795792,2.4015912126979506,2.44020089723799,3.779689443691021,1.0756595068319283,0.9436665609529048,0.34755863430792
-1.070187849994131,-0.5792170989206485,-0.5750237647567619,-0.47605928362284833,1.4643346470980498,1.0756595068319283,0.9436665609529048,0.34755863430792
1.2279496558963137,1.2176530949862583,0.9550460997210505,0.9811875133581437,0.8838468348468208,0.6213778266723388,0.4991217096679249,0.05226233612239557
-0.1387541608765972,-0.3844013491250989,-0.8427125563806763,-1.0874519146281239,0.005859018816836753,-2.709782115750912,-2.8622441004279793,-1.7635955872054796
-0.26938650175135037,-0.3979265704779439,-0.5973682800412745,-0.8471539777550653,-0.5124242471897437,-2.709782115750912,-2.8622441004279793,-1.7635955872054796
0.37373132095191736,0.17252033901710287,-0.11217476008047787,-0.04858557857587691,-0.5146010764856858,0.3236111465582342,0.6600203434508868,0.784627077225593
1.2350581997395673,1.6523441503358225,-0.3750749209519734,-0.30317454733001065,2.084401173820954,0.6671478949390627,0.6944108652289693,0.5115368579342857
1.4256099997934586,1.017206442121077,-0.5860959112750687,-0.5155213759818105,-0.013270693177806025,1.134564945838989,0.6397832969249231,0.2651926780527982
1.0830945685813946,1.0070563414811764,-0.774350266950202,-0.7503686229732917,0.2044122364164049,-0.19806957157451618,0.007729184504206895,-0.27546348024390227
1.5961044971563345,1.2910157949573624,-0.6220002210092747,-0.48224702223620225,-0.1583926462406133,0.8420219343608026,1.393324765005356,1.7070760436942558
-0.40184547343031285,-0.5183037668216708,-0.30090282827141407,-0.31424610728971464,-0.4394015189895038,-0.1375587516459397,-0.2004884011444165,-0.48523830022615916
-0.06628704265399538,-0.48791099335000504,0.03873037449463503,0.018101647910598075,-0.2771287896556375,-0.1375587516459397,-0.2004884011444165,-0.48523830022615916
-0.15148629565344257,-0.48208638683269656,0.28528988988301324,0.2596473951320678,-0.33649686136314955,-0.1375587516459397,-0.2004884011444165,-0.48523830022615916
-1.141248005329465,-0.6680200716284929,-0.8918484688099833,-0.8931059065092108,-0.5146010764856858,-0.1375587516459397,-0.2004884011444165,-0.48523830022615916
-0.023725485017056562,0.2032880307951813,0.893377744211664,0.871326543453284,-0.5146010764856858,-0.25476190102010454,-0.04148581459632616,-0.3142715791029623
-0.15807462318464163,-0.32458555442751597,-0.19783282956987883,-0.2440793693212927,-0.5146010764856858,-1.038173925088254,-0.5392669758576564,-0.5446189939381654
-0.5293690488375105,-0.15603107125657814,0.48995514842842325,0.44279074118220724,-0.5146010764856858,-1.038173925088254,-0.5392669758576564,-0.5446189939381654
-1.1841926493831627,-0.7256928167197205,-0.044594568780337705,-0.21559302074266148,-0.5146010764856858,-1.9653775411398784,-1.9045170751947123,-1.3131788345006103
-1.1175732140891201,-0.47634102912437915,0.17939860257013537,-0.0006843572085414318,-0.5146010764856858,-1.9653775411398784,-1.9045170751947123,-1.3131788345006103
-1.1902233576790717,-1.0122582342600177,-0.8767370223482619,-1.1998634339318899,0.4748667853061821,-2.704619394836829,-3.57503098519776,-2.2678894528659317
-0.7266582320365675,-0.7036210470157866,-0.5327245948330558,-0.8685385100001014,0.1450441647088929,-2.704619394836829,-3.57503098519776,-2.2678894528659317
1.3770641515554438,1.032752146464189,-0.9917131098677767,-0.9596555695150453,-0.2969181468914748,0.3246200173071326,0.12076534149728542,-0.1706754854163567
1.451568935817864,1.1197970929963954,-0.5462774701025661,-0.41606925917181975,2.598924461952725,1.0552964718408027,0.9219716354358612,0.9686280656648044
-0.6158713009505892,-0.5120476927308382,-0.5790671067633174,-0.9102846766544248,1.5962636953369658,-3.0030284827602527,-3.809809266943351,-2.2044550618725967
-0.6328324093195438,-0.6863828463088809,-0.08196657241348514,-0.05411455753254618,-0.5146010764856858,0.6585940714227733,0.28816759798985575,0.1054936532737127
-0.34334664296120837,-0.376669615935722,-0.35613823524133653,-0.3974869894269698,-0.07263876488531806,-0.8440250131983554,-0.5427492174426561,-0.5869640081884822
0.7182715621031639,0.39529082873498445,0.767006087456056,0.7025423855600073,1.5467903022473724,-0.8440250131983554,-0.5427492174426561,-0.5869640081884822
-0.5819979949411181,-0.539632171542897,-0.43369400504871275,-0.6188682054790846,-0.5146010764856858,-2.6328300391129487,-2.5729463815217244,-1.705647619618862
-0.19265978628704591,-0.054384760567892,-0.028650510126464253,-0.025826084101932975,0.8706539300229292,0.3326845347406517,-0.06079978700664068,-0.14155696542136542
1.2659852924576032,1.8449099311115693,-0.30527486536559356,-0.14460812794155103,0.8970397396707124,0.8805684483142187,1.614772716738445,1.4763860158545907
1.101302651237184,0.6858125695845364,0.14466312460554945,0.1596993191784614,1.398370122978592,0.6728432913236244,0.19784259773877455,0.43778979225570736
1.4374111517433719,1.5507201110681201,-0.8385578054816921,-0.7022694397144694,-0.13860328900477592,1.2557124672113604,1.3025854074638166,0.6633378094630712
1.572710373685861,1.076224734641168,-0.778943440525049,-0.6931411741618261,0.2571838557119713,0.9478533035157074,0.7669040488689733,0.4443463211290453
1.1276324420811692,1.0276335713393585,-0.3899799673879818,-0.4254063652542823,-0.052849407649480686,0.3708353022684837,0.5177062227299745,0.45953594923675983
1.0595927865277983,0.866590717852889,0.27698768000154955,0.28993093809782156,-0.48425739539073515,-0.31654199417367396,-0.45369721256614204,-0.5054538045088294
0.8092746605301835,-0.08370178865545534,-0.05848849870588043,-0.04146213230830582,0.5408313094256401,-0.31654199417367396,-0.45369721256614204,-0.5054538045088294
1.2893317343693649,1.1267770416241125,-0.4120119439216323,-0.3000204427247426,-0.21776071794812538,0.9388072278900816,1.132986302523457,0.8480739249401097
1.18215653913039,1.539378052061152,1.2473242227162715,1.2675275866738829,1.9148723468339472,0.39280595735029095,0.4967892502481032,0.6858338607675939
1.7846424583340945,1.0853063164305863,-1.0614466419554913,-1.000102270723065,-0.5146010764856858,0.6566914700127207,0.4282186085992627,0.2737547220811528
-0.07542662138857756,0.054299581286291185,-1.3372425084289443,-1.2791672264870713,-0.5146010764856858,0.33167709641096005,0.3055595707012381,0.0006085737464021654
-0.23334640745135352,-0.21318264716413213,-0.28538924634465834,-0.30388616993872763,-0.30351459930342056,-0.017367013054220268,-0.274831228991354,-0.29660555760988794
1.1464828983622277,1.0688161713296322,-0.23365937331255804,-0.25403302343966083,-0.3694791234228785,-0.1572913714722411,-0.22503323271963613,-0.38800185858642244
1.3632033338032492,0.6904419153309299,0.11577841261316242,0.08833482786856016,-0.10430173646265786,-0.18481208500225108,-0.2811237769113134,-0.4146078684983772
1.1660879997035851,0.9229779907871404,-0.4246105367241124,-0.3338641194650107,0.633181643192881,0.7837068827229021,0.8960958965508893,0.6173230685084554
1.4382491494074527,1.3045950125096888,-0.8171277870258633,-0.7099676729097968,-0.5146010764856858,0.9188549709551307,0.9884503668475602,0.6260574539012782
-0.5800383337781374,-0.6055006116567638,0.28612680027135845,0.03932304160789784,2.757239319839424,-2.485295393504076,-2.6661011384338744,-1.8315985640945296
-0.8106536543598536,-0.06718202104555415,-0.16885048249837184,-0.0042954799406354,1.4643346470980498,-2.3852318035566027,-1.8233126770338317,-1.2323347875455206
1.5852019261922143,1.0550476205131691,0.21009539358682583,0.2631951691187908,1.6886140291042069,0.4275849534796551,0.6264996036257992,0.5115368579342857
1.3140087470318138,1.8396734761588962,1.8759579169299214,1.895523785446579,0.7651106914317968,0.4275849534796551,0.6264996036257992,0.5115368579342857
-1.430287946465596,-0.9679699492950958,-0.25869032729437835,-0.27832823263824014,-0.5146010764856858,-0.7408593554535795,-0.689704472040487,-0.6913720112399196
-0.7493389910092563,-0.09864274543754946,0.02036722714441524,-0.004812868002942658,-0.5146010764856858,-0.7408593554535795,-0.689704472040487,-0.6913720112399196
1.0463259694046905,0.33757738220151623,-0.06013449297320615,-0.05411455753254618,-0.13860328900477592,0.2207803304264218,0.09091905354157294,-0.2238583653839335
1.1714709380524293,1.8666442618654615,0.07478144503551137,0.09985020312046251,3.9446007539896657,0.2780253735155487,0.19784259773877455,0.010790585623647524
1.5615664409353538,1.2022715411924576,-0.8451601977027106,-0.7503686229732917,0.0526938309416518,1.1258118041604461,0.8455970566536836,0.4267990939669168
0.887999917375934,0.48154293319409913,-0.7549960980957018,-0.72966164318614,-0.5146010764856858,-0.00880207555035865,0.1018120463328999,-0.24772321186260646
1.1354345092206148,0.929525056466934,-0.6337671095065239,-0.6252039607659102,-0.1122174793569928,0.04867567181763821,-0.057907953499595544,-0.31804542049059825
-1.0322371157222612,-0.906811130931592,-0.6101467700427777,-0.981034486319093,-0.5146010764856858,-2.8580452549533164,-4.236208458907534,-2.4318726211327792
1.0935377049368,2.053119303072985,-0.17947029092921646,-0.14271735916409486,0.2242015936522423,0.3487792788317387,0.3280708131836769,0.08436872331753244
0.7381900268698649,0.4189436023386154,-0.7211367340305289,-0.7373739471244327,0.34293773706726643,-0.34371274211963676,-0.34813439716031946,-0.5826761036628759
1.2197675662429563,1.8508160032946985,-0.607217436186558,-0.6750978183286267,1.7413856483997732,-2.0444501793078422,-0.9129382192430205,-0.7862441491819676
-0.9469683449975961,-0.8084905084699606,-1.3067522368614395,-1.316090363287629,0.6727603576645557,-0.27939331000090095,-0.416923142509274,-0.48925998050484437
-0.5869128502902351,-0.5183037668216708,-0.3975788674213871,-0.42634691403056524,1.860121791814797,-0.27939331000090095,-0.38721848115444313,-0.5362895334826224
1.2669682626958363,0.9842850546418878,-0.68394707161825,-0.5945574790240248,0.6727603576645557,0.7200840038424318,0.8230620959825874,0.4670742990614316
1.1979881872680767,1.396894764474575,-1.0584873711198959,-1.1217379337768163,-0.5146010764856858,-1.6941081463607792,-0.953447300763593,-0.8126578413125436
-0.29535411631751435,-0.16141047237949044,-0.8833012240724566,-1.26883020069402,0.6067958335450979,-3.059510652793631,-4.43167996583638,-2.48322898934622
0.1325363090110747,-0.13011635965959936,-0.9454479666828648,-1.0041493834742468,0.013115116469977142,-2.3221689020150107,-1.3354556240645135,-0.9271710983808268
1.0341914453550412,1.5753538997087921,-0.4084819217363783,-0.35311000047930086,1.5962636953369658,0.5043342727505977,0.5130725691814376,0.25904731201518133
1.4857670862642618,1.079425552287463,-0.5755367523592896,-0.49034222785456094,-0.15179619382866752,0.40475420506028936,0.6042077339499458,1.249375023217408
1.0877485051907476,0.6470933986402707,-0.7173929524105606,-0.65307691607747,-0.5146010764856858,0.3044084550821487,0.5430443303958258,0.7883719553510057
-0.9643287945039829,-0.5510548468666215,-2.140164556757848,-2.171502357816581,-0.5146010764856858,-1.4600252356540067,-0.8494121380989352,-0.7168779485731682
-0.5003493447008183,-0.6591296953109719,-0.10214186601808804,-0.18821322191071196,1.4709310995099958,-1.1039619524509567,-0.9250246209485533,-0.764376501123321
1.0057504476709314,0.717050859838369,0.6116010320011562,0.6544484175457899,0.6067958335450979,0.4275849534796551,0.3105789884749132,-0.05437211109045413
1.1744386863345235,0.9599073413417726,0.8159491229415167,0.8376787109157614,0.1318512598850013,0.7087820364378254,0.4210204684723096,0.03238250935059967
-0.30667823551203865,-0.22844922058243425,-0.7900501573488672,-0.7370813796982584,0.059290283353597595,0.6936776569852627,0.3503882692524591,0.34755863430792
-0.1814573762985991,-0.34000180680807257,-0.07579138712114487,-0.04309962712880345,1.398370122978592,0.6936776569852627,0.3503882692524591,0.34755863430792
1.2570978435059406,1.483231573823202,-0.26177206793399116,-0.15991967003716226,-0.28966204923833444,0.7044436422599701,0.6153776283088829,0.7620507502627555
1.1650081665790406,1.7755815858729378,-0.2871691302522808,-0.11434319190898914,0.7717071438437425,1.848642734383973,1.8313663846434318,1.2435810446001134
0.5110202042545046,0.17521235048251246,-0.7898367562268592,-0.7240399577495,0.07248318817748918,0.5983536494090004,0.5177062227299745,0.2883213892225138
-0.34138519215233526,1.1114370099619157,-0.656286669780354,-0.6138157252660752,-0.5146010764856858,0.5694414752554309,0.31558870688452934,-0.2563378647363866
1.1714709380524293,0.9229779907871404,-0.47623360184632363,-0.44445999008963966,-0.5146010764856858,0.5267687823785782,0.2419828567838405,0.10767173284409651
0.8963571109318962,0.06548005563311692,0.08797810144854387,0.06837234813888969,0.6067958335450979,-0.23802883027944766,-0.2004884011444165,-0.431960616139525
1.063087197388419,0.934048345230778,0.44746652728268954,0.4204982526794387,0.5210419521898026,-0.23802883027944766,-0.2004884011444165,-0.431960616139525
1.203213958904615,1.4704343133477433,0.5776055030820378,0.6125998586119666,-0.3760755758348242,0.498467180493141,0.4944546904593177,0.744246978884963
1.17575794555156,1.2244930616016405,0.7581605136280591,0.7025423855600073,1.8865076014625801,-0.49552209071530734,-0.45033247689557643,-0.4593532208867701
1.3055860056640203,1.9468002878339048,2.205350973921836,2.1213474743284166,1.3785807657427547,-0.49552209071530734,-0.45033247689557643,-0.4593532208867701
1.144282295230369,0.43391195900583274,-0.564068945212504,-0.5028193890320077,-0.5146010764856858,0.30845652888804076,0.5407510719798126,0.7316592689960697
0.6905266163707017,0.2751140724282734,-0.02533587604559949,0.07625923557527575,-0.5146010764856858,0.7781216957320557,1.1091425758305526,0.8868846194479418
1.3823717107228948,1.0276335713393585,-0.897215488837822,-0.8434366622954581,-0.5146010764856858,0.46805688588747557,0.38228916405819835,0.0746687035112596
1.7748907998431624,0.8401411394567779,-0.8272377733151617,-0.7183203222890757,0.1318512598850013,0.9955583010834053,0.8435564989172806,0.6895510911863895
1.6421102876221645,0.9163278174820101,-0.8356680717021614,-0.7400125323755782,0.013115116469977142,0.8013571405933319,0.9632329064335282,0.8396870987651904
1.4449296932051896,0.5260342848693889,-0.6986323011857265,-0.6176325501175741,-0.5146010764856858,0.6280756578373294,0.7287779430733742,0.5302017319774933
1.2511317497609427,0.46819671650713335,-0.6083367896469147,-0.5427425650249824,-0.5146010764856858,0.4572268550606733,0.5862351942408215,0.7673515278772001
1.2541189402033326,1.6404482291063855,0.5550393564712516,0.55184964973059,2.9287470825500144,0.2759908174888405,0.03575679229395902,0.03951228866179092
-0.8476881525916009,-0.7125114233333077,-0.1744884628710417,-0.2639797106505198,-0.5146010764856858,-1.5758601424395435,-1.032203222302757,-0.8234031570973768
1.6862258812425128,0.7094615902422932,-0.661838476605512,-0.5745327400368717,0.6727603576645557,0.7827763997679896,0.608681468399628,0.3774744366121778
-0.32969113083401075,-0.40317231840225026,-0.7950695749689694,-0.9728135044810335,2.288891198591273,-2.3479561638712747,-2.205972361251792,-1.4658905930123778
-1.1587236132899883,-1.1559700890439397,-0.8410410067096297,-1.026502785921164,-0.4044403212061911,-2.360893858939183,-2.243975902197671,-1.5363393905989657
-0.5154523009105331,-0.5510548468666215,-0.5907342132776113,-0.7814471228023985,-0.48557668587312425,-2.360893858939183,-2.243975902197671,-1.5363393905989657
-0.6794585628815325,-0.7155169682452236,-0.25552747303072093,-0.453205065477136,-0.4710644905668436,-2.360893858939183,-2.243975902197671,-1.5363393905989657
1.3885471417440673,0.971168736114523,-0.9830255488194326,-0.942811478682843,0.5672171190734232,0.362824842299165,0.39930535200219186,0.2761922007445583
1.635159492820047,0.7647534610712045,-0.6690175448486794,-0.620106030561396,-0.5146010764856858,0.4611674392201408,0.38228916405819835,0.03808900188204412
1.6868906252763027,1.100743758421087,-1.099125074967864,-1.0291537744539876,-0.5146010764856858,0.9478533035157074,0.5130725691814376,0.2700911701321581
1.5040431928158098,0.9668090182331333,-0.7526194527418457,-0.7211743391560534,-0.5146010764856858,0.41866211498465333,0.16357380177054048,0.2504019048403356
-0.5108531760253703,-0.5285103610297334,-0.04588370227830342,-0.07667460129168113,-0.5146010764856858,-0.10917663624772297,-0.3546076301619808,-0.3108651944412615
1.3178186571188715,0.6915847503490756,-0.8144426957561888,-0.7473941831036082,-0.5146010764856858,0.6031580604057061,0.5521971323836566,0.2943499321518584
-1.047256857331576,-0.683577006899609,-0.699588847618433,-0.7070184176331631,-0.5146010764856858,-0.17599093131758412,-0.2529268146882682,-0.4416871993936958
-0.7459061888768628,-0.7667649005324032,0.3398994649109948,0.3104141192405991,-0.5146010764856858,-0.17599093131758412,-0.2529268146882682,-0.4416871993936958
1.009503138568397,0.3631777824498045,-0.5393965409228013,-0.5219592399335539,0.34293773706726643,-0.04636946120643953,0.06072515674851322,-0.2702235263603127
1.7176783506055988,1.2535194734796373,-1.1964748113415005,-1.1023209527872444,0.21100868882835072,0.9115821816787077,0.7584799034542812,0.2651926780527982
1.2738239701237846,1.1741092891384308,-1.134271128741693,-1.1695090256203637,-0.5146010764856858,-0.6515032382749928,-0.6640174971574165,-0.606410469826595
1.3437414956208749,1.3305097241066677,-1.0124863520833056,-0.9860134913842529,-0.5146010764856858,0.38881761272547505,0.05242905856434527,0.043774181599957544
1.3632033338032492,1.4056889527470366,-0.8077208531645753,-0.7400125323755782,-0.2837252420675832,0.6318994446129389,0.3005304159325704,0.05367243821493292
0.9700780901078194,0.6086176937966309,-0.852832743302883,-0.7872336942892698,0.40890226118672435,0.5993148569726792,0.522331609274035,0.5104931793880592
1.2931739350778735,1.5753538997087921,-0.8761575365061178,-0.897315615936226,-0.5146010764856858,-0.7311311418407467,-0.45369721256614204,-0.48122721727274126
1.391159763432023,1.6194227628566338,-0.8941663839257956,-0.811029415808642,0.07248318817748918,0.6889492841556368,0.7180870888709185,0.5987175638665572
1.5822757828229532,0.9095712368996454,-0.7693253772946761,-0.7042210282350979,-0.5146010764856858,0.4572268550606733,0.5177062227299745,0.7153205958545737
1.3761770024326767,1.042806842369365,-0.8966959944339662,-0.886386076024169,-0.5146010764856858,0.06770631034809431,0.11806619656814742,-0.10984321208319692
0.6901459209337586,0.46152184058869106,-1.3090802193365039,-1.202688853358518,0.07907964058943497,0.8539809933663275,0.8840655804378531,0.34755863430792
1.3832537591933642,1.1239169039908448,-0.7939226480776054,-0.7465042929750211,1.0685475023813027,0.5839159699332794,0.3355313319156267,-0.08648410766142012
1.3920346261705827,1.1848914223939895,-0.7608177924295149,-0.7042210282350979,0.6727603576645557,0.8659149099958999,0.4425552081034078,0.38882575767168964
1.1895736950739029,0.9391591764703967,-0.96545077810502,-1.1432645286380183,-0.323303956539258,-2.5538913311099742,-2.1914520518213303,-1.5781686532981551
0.015461738642124512,0.11892961456512582,-1.4822624377590243,-1.4659511832040644,-0.5146010764856858,-0.2693039025290833,-0.16410143933856128,-0.31265707822680305
1.40247776226341,0.6030245354964194,-0.8575266234479237,-0.8175566958064113,-0.5146010764856858,0.4176698221312006,0.3255791950483469,0.43778979225570736
1.2659852924576032,1.3322655573127253,-1.24968458016988,-1.263255065458465,-0.3760755758348242,-1.5113707064797006,-0.9209895563670545,-0.6685499180791044
0.29170158514000977,0.24041121689697115,-0.5870285082447705,-0.5394199766120668,2.058015364173171,0.3114906908776501,0.39396943222672404,0.5864512229640855
-0.17472447637990215,0.3872472088220431,-1.5436813942502572,-1.5188893095948939,-0.5146010764856858,-0.06794869743520286,-0.10751327551383864,-0.27546348024390227
1.5235619785829806,0.8620419060715219,-0.8009711994765167,-0.7548539479879871,-0.1583926462406133,0.5452349939935418,0.3280708131836769,0.602653455135101
0.1325363090110747,-0.054384760567892,-0.783841117868727,-0.7254771472447492,-0.5146010764856858,0.9124917900860261,0.6965722063047625,0.08160359067699043
1.3290051544394301,1.4576092888227672,-1.0856860935182766,-1.0382872848512126,-0.5146010764856858,0.3064328528403195,0.26505048918066554,-0.13835569168619002
1.31406377933428,1.7935060862241716,-0.033036329262310496,0.07718133015181014,4.86150763925013,1.171181456260875,1.1782322758977677,0.8564147956725136
1.2650014225284067,1.327988658245566,-0.5727317750881138,-0.4996793339370239,-0.5146010764856858,0.40375947777241267,0.6661482204527313,0.46922127417058135
1.115526621028454,1.5000493889550635,0.24945257371354504,0.26637297105875435,3.3773058465623276,0.9659023211189149,0.3255791950483469,0.5271067696777341
1.3920346261705827,1.2056633447889495,-0.8010970433782649,-0.6903982088207063,1.1345120265007607,1.028625735600449,1.02677373238838,0.6134249739325287
1.4606313865538827,0.902704788415667,-0.7720373860099035,-0.708421286162311,0.34293773706726643,0.7078391892877866,0.5200199475334847,0.28348130533532356
1.1084451758640361,0.6195865514501824,-1.0403902701088035,-1.0396338778170318,-7.778835391444127e-05,-0.4260141456427512,-0.2373933441900429,-0.4261543595127959
1.5518139307837364,1.244372315592957,-1.0219648671968395,-0.9508860436592821,-0.2045678131242338,1.0994711014242813,0.5430443303958258,0.5000168469138145
1.96823301526106,1.181327879917287,-0.8765930811878556,-0.8193623443045687,-0.5146010764856858,0.5062886233478798,0.42582144849295855,0.2491628285814098
0.36711520597469427,0.06074668785152856,-0.7096665636260457,-0.7327073768137288,-0.2837252420675832,-0.3812861560834091,-0.42024476816578316,-0.5656442605224196
1.154149691379576,1.354925615086081,-0.7792941136721296,-0.7385454325676933,0.17802642676862174,0.24640751279790787,0.26249753134732456,-0.19371470511951086
0.8481159799865199,0.5425963008401855,-0.7650329889824338,-0.8175566958064113,-0.18477845588839642,-1.8001852180206777,-0.9739417036982861,-0.841059420834176
1.386774726910409,0.6800147861234498,-0.8500424320519876,-0.8159192009859135,0.5342348570136942,0.29021741955662533,0.17152228567767072,0.09537929645992647
1.31406377933428,0.46819671650713335,-0.8429987754534096,-0.7400125323755782,0.9366184541423872,0.4007742495922562,0.9436665609529048,0.7752682437283444
1.3373192144848005,1.1029037492114493,-0.8575829455212024,-0.7761712890397324,-0.5146010764856858,0.6414476575518007,0.6944108652289693,0.3382342247530563
1.2970024389253,1.1197970929963954,-0.3635095250796626,-0.3685472860496335,-0.5146010764856858,0.007222432843845838,-0.14609769705297754,-0.42037016597901006
1.18215653913039,0.9608191691868251,-1.0542045045434891,-1.1456104249901078,-0.3167075041273122,-2.116879919676975,-1.4220416168639718,-1.0884465641686196
1.1287504993945314,0.9871286834089038,-0.3445543923260603,-0.2296923147966393,0.059290283353597595,-0.05833580563106013,1.171045775189958,1.5572300628096805
1.2447012151669763,0.555997889277988,-0.8299116245608995,-0.8963983208123264,0.40890226118672435,-1.7374618035391436,-0.9331136398985959,-0.7911465853036335
0.3341963367475479,-0.17938243048642954,-0.682556010869768,-0.8175566958064113,0.21100868882835072,-2.248676482904651,-1.4714246046325268,-1.1185902244330423
1.7092505250509,1.1279969094258095,-0.9118532727500553,-0.8324678764941654,-0.5146010764856858,0.469040410320973,0.655195401161028,0.5208979027417768
1.3419104739456849,1.1555037566028545,-0.8578433399328524,-0.7683308415475422,-0.5146010764856858,0.5539612236194148,0.7857588844869485,0.5918051707359827
1.1387609774004066,0.8886275756244749,-0.23462544516724831,-0.2296923147966393,0.9432149065543329,0.5983536494090004,-0.07821885681676052,0.2140527524920487
1.378836254188792,0.8512334880844166,-1.0796413050827955,-1.0149120536486922,0.032904473705814515,0.3195738695361664,0.46154817561635997,0.018021977371045828
0.4127352924139964,0.3605842427943759,-1.2100069443176404,-1.1889512466322536,-0.36156338052854353,-0.015224566811108729,-0.049251756909367644,-0.19040196148332533
1.2156530249937925,0.6222848180204102,-0.742756394062975,-0.671490606347436,0.9366184541423872,0.4285755147340245,0.608681468399628,0.4968598355505195
0.5746642521295011,0.14969579968713162,-0.6961065582166137,-0.9408560233284105,-0.1188139317689386,-2.9148808862560736,-2.914776785275145,-1.886057237346614
1.5040431928158098,1.0276335713393585,-0.7188149540229066,-0.6630131954637748,-0.18477845588839642,0.6889492841556368,0.5590405903043929,0.5557512592738055
1.431526785847548,0.7307932605708853,-0.8223143765024526,-0.7654320423406676,-0.5146010764856858,0.422629552681541,0.4425552081034078,0.43997844123094626
1.2728472588675375,1.6839732708301027,-0.4599908131691011,-0.38433021104937354,1.193880098208273,0.7827763997679896,0.7137983724747576,0.3579807715605124
1.268931506299075,0.3754185606391616,-0.5164882895129294,-0.4320167129855132,-0.5146010764856858,0.6652481588926377,0.8106872349198437,0.5547374696259169
1.4449296932051896,0.8886275756244749,-0.8067325999027667,-0.7197458863810585,0.5408313094256401,0.5355234240391555,0.7815807555080889,0.6765008756750706
0.7957663815480166,0.2764567415173102,-0.7167396125253339,-0.8511316699692889,1.0025829782618452,-2.4096745480290545,-1.6254815140032026,-1.2127772795397072
-0.2368964735581029,-0.30894386706831395,-1.2791989289512142,-1.2617142097559193,-0.3167075041273122,-0.39157676244363027,-0.10751327551383864,-0.34710988531808445
0.4877321819930694,-0.04999579612522042,-0.612043538048574,-0.6066080494451861,-0.3167075041273122,-0.39157676244363027,-0.10751327551383864,-0.34710988531808445
0.53207762440632,0.21621302828742078,-0.13247418532879612,-0.13645117387616618,-0.052849407649480686,-0.39157676244363027,-0.10751327551383864,-0.34710988531808445
1.355159146232682,1.4399979985951976,1.761872443675209,1.7185614769589248,1.2004765506202186,-0.39157676244363027,-0.10751327551383864,-0.34710988531808445
1.6626967458144404,1.0526276868065854,-1.1399944993566111,-1.0065031125498878,-0.5146010764856858,0.5848796251862101,0.6748772807877191,0.8564147956725136
-1.1256781130834708,-1.0122582342600177,-0.8485955504213537,-1.0214494223226347,-0.30351459930342056,-2.5485336985709073,-2.100272554791596,-1.4206732554660597
-0.6373396735930972,-0.5265777385375114,-0.185298633732302,-0.37202419175770884,-0.14519974141672173,-2.5485336985709073,-2.100272554791596,-1.4206732554660597
1.3345550063391234,0.9785396969335703,-0.8678318822726343,-0.7903814610879125,-0.5146010764856858,0.7454314541890156,0.6486014294750279,0.09811954040433171
-1.0920410986679407,-0.2159456490224852,-0.7525498456114431,-0.6155368940397489,0.3165519274194833,0.8466245546192492,0.46627475572276916,0.10494864607131377
-0.5163744941997602,-0.36118364309385315,-0.33858250840584125,-0.21072414255890756,0.5408313094256401,0.8466245546192492,0.46627475572276916,0.10494864607131377
1.2509473965776807,1.4704343133477433,0.512490140839733,0.558864047934946,4.4221839086145405,0.7790529419409772,0.7605885074503572,0.32767553432520763
1.3770641515554438,1.265415394709074,-0.7817712630576389,-0.6806109774415193,-0.5146010764856858,0.8769086085654237,0.9298817208102886,0.48946791280380497
1.3555676399880292,0.7550455099049335,-0.7494541502036696,-0.7366427561002131,-0.5146010764856858,-0.035610528391631646,-0.03488868155521891,-0.29483245886539006
1.5615664409353538,1.1704531859751044,-0.6884769057065073,-0.5470854753608443,-0.25733943241980006,1.4492930627258218,1.396625247271944,0.6567133441120331
1.3850156856796707,1.4949718454852698,-0.8103371418072746,-0.8685385100001014,-0.2441465275959085,-1.9127690899393601,-1.057578907474103,-0.7667907841037107
-0.38131150137761277,-0.5183037668216708,-0.6316788330762287,-0.6389390616644723,0.34293773706726643,-0.02487194922653421,-0.24981266600119936,-0.2824782627042341
0.32369875541157245,-0.20410106537471398,-0.09007575910787535,-0.11192900734656105,0.7387248817840136,-0.02487194922653421,-0.24981266600119936,-0.2824782627042341
1.1197732771918973,0.8352966051329974,-0.8226218736159326,-0.7087021951930251,0.6067958335450979,1.028625735600449,1.062663588564549,0.485227784435323
-1.1587236132899883,-0.8478616076124458,-1.7649028607680806,-1.759638279914123,-0.5146010764856858,-0.5188818407755543,-0.42024476816578316,-0.5404485663979128
-0.995581884320983,-0.8822353369105194,-0.6649528399896035,-0.6835871297169038,-0.5146010764856858,-0.5188818407755543,-0.42024476816578316,-0.5404485663979128
-0.14493814110079664,-0.35343521877312895,-0.21206026049176008,-0.2368491397523128,-0.5146010764856858,-0.5188818407755543,-0.42024476816578316,-0.5404485663979128
-0.4527907104624369,-0.21996884149716425,-0.12082055738926023,-0.14523951285008127,0.9366184541423872,-0.2749069147831749,-0.30326875511072265,-0.3214679291095795
-0.6083068600518271,-0.8135326851220063,-0.08211369084855646,-0.3380035394814901,-0.5146010764856858,-2.6925912750718197,-2.846096518005726,-1.769653659276375
-1.183333877630632,-1.136455455452246,-0.4501482212764908,-0.6983823968429459,-0.5146010764856858,-2.6925912750718197,-2.846096518005726,-1.769653659276375
-0.5159132985648807,-0.48208638683269656,-0.6012119228689478,-0.6849440910661241,-0.5146010764856858,-1.8060553439354767,-1.1572205027559506,-0.8461419133690701
-0.5067307371076307,-0.6591296953109719,-0.28568556280694063,-0.37639457899362,-0.5146010764856858,-1.8060553439354767,-1.1572205027559506,-0.8461419133690701
-0.6741024718817606,-0.6680200716284929,-0.6112142613454502,-0.7469490976190241,1.398370122978592,-2.3253859104625443,-1.6414029261939382,-1.2179680948001432
1.4921593310444239,1.0928750100509135,-0.7140184934250463,-0.6078245142910516,-0.21776071794812538,-0.3755772033204428,1.0210612178400227,1.8521576854780637
1.1714709380524293,0.6030245354964194,0.21089904343313656,0.2695365120594641,0.4748667853061821,0.8924466572841611,0.6748772807877191,0.32413963238677346
1.3382390380545441,0.5678143766729467,-0.6883887815761455,-0.6584198734106596,-0.02646359800169761,0.034891533859240084,-0.049251756909367644,-0.24086642053867213
-0.4836645334489678,-0.7246641261319037,-0.4591483420030312,-0.679531847949119,-0.052849407649480686,-2.368994918190205,-2.535098578390797,-1.5976445252652074
1.2806361884063895,1.344599298464688,-0.7646883408201677,-0.6808810181279277,-0.3167075041273122,0.830037626815704,1.222702122144414,0.960881458106077
1.3519426780576094,1.0140274262761833,-0.9148843449010947,-0.8622224191368983,-0.5146010764856858,0.33771904616046733,0.3651605512162899,0.028088556996773106
1.411103462873431,1.8602406084055798,0.7965553311758804,0.7822968927604049,1.0685475023813027,0.24129132384972055,0.03575679229395902,-0.042314977953215864
1.4556977142688114,1.2056633447889495,-0.7629019627676912,-0.6507439590560268,0.032904473705814515,0.8805684483142187,1.0551490080272292,0.6839718359482078
-0.4471534585710703,-0.45955959133650215,-0.9702181205670833,-0.8761576546083358,-7.778835391444127e-05,0.8842259299186777,0.7961748425327191,0.34639620194899384
0.07293220087181237,0.006183509664975756,-0.6327923157279802,-0.5457463433388641,-0.36288267101093263,0.8842259299186777,0.7961748425327191,0.34639620194899384
-0.37725140573116384,0.7652227539257429,-0.9972969635406732,-0.9872637569261425,5.026418949548774,0.0008180569252097383,-0.12228555747766945,-0.17394552985339107
1.1677298219135237,1.512180874534998,0.6968681850445133,0.6790035739752943,-0.1856359947019494,0.0008180569252097383,-0.12228555747766945,-0.17394552985339107
1.176347831760564,1.4089854353539906,0.3628168806201508,0.3392706506968623,1.4181594802144293,0.0008180569252097383,-0.12228555747766945,-0.17394552985339107
0.8357919095121561,-0.056490886018441745,0.8089881360173333,0.8470158169982243,0.07907964058943497,0.9297467131910896,0.4944546904593177,-0.003776081517713554
-0.7690015740417382,-0.6680200716284929,-1.1251515349859138,-1.1352434557540618,-0.5146010764856858,0.1847067829878602,0.03575679229395902,-0.3108651944412615
-0.26938650175135037,-0.7690413334171914,-0.35805213647712103,-0.38433021104937354,-0.5146010764856858,0.1847067829878602,0.03575679229395902,-0.3108651944412615
0.045948519460133966,-0.3408289907698715,-0.08127396862570765,-0.11313506615785121,-0.5146010764856858,0.1847067829878602,0.03575679229395902,-0.3108651944412615
1.2598079585544515,1.405026556881848,-0.11461893171794924,-0.10592947153158858,2.5263634854213217,0.12546328240390667,0.08818863889186841,-0.29306142306346894
1.2320174408819133,1.2798289877106328,-0.31977051685318475,-0.22684980609343797,0.15164061712083868,-0.46529742528657037,0.9239514205418156,1.8650760524041825
-1.3117535782754441,-1.0663316533091938,-1.998634875188194,-2.2513297589440024,-0.5146010764856858,-2.7773283098375474,-3.2495518921265947,-1.964136151661162
1.2911139687098245,1.4637276837011757,1.1767127527344408,1.214499497594167,4.4987027565931115,0.7790529419409772,0.6792308140866022,0.15191330423953905
1.3140087470318138,1.851548487914561,2.5563709757028716,2.565358134803354,0.2901661177717001,0.7790529419409772,0.6792308140866022,0.15191330423953905
-0.26967037715431036,-0.39840077297299825,-0.18737444943630463,0.002396235617813486,-0.5146010764856858,2.1388897898672727,2.0441305638471987,0.6275856655814076
0.6347465541176381,1.5781597391180637,0.6961015961634728,0.6584998149226718,1.1345120265007607,-0.15619331338703982,-0.07821885681676052,-0.3842386796610493
0.9847420133492232,2.0517549164984024,1.542898494361918,1.5003285587793385,0.8706539300229292,-0.15619331338703982,-0.07821885681676052,-0.3842386796610493
-0.4615216042394866,-0.5993470998175783,-0.7596086433073577,-0.7478395497836314,-0.5146010764856858,0.6566914700127207,-0.049251756909367644,0.05367243821493292
1.2156530249937925,2.1909664067001793,-0.47223404456259827,-0.30634282773393096,1.6292459573966946,0.9333726547093018,1.6968452197952841,1.4697291316300107
-0.17472447637990215,0.7105555537464311,1.2674230376969173,1.2835209686083124,0.2571838557119713,0.4965101347044925,0.4709927342227765,0.010790585623647524
0.8335049512248093,1.6828835224124912,0.06275734578684738,0.16378594629422485,-0.02646359800169761,1.1954618958330787,1.114664470293514,0.7620507502627555
1.2912545530610602,0.8093407739721149,-0.9102100283095141,-0.9831047997109688,-0.36288267101093263,-1.9142654419326652,-1.2062637763825979,-0.8795983172696782
-0.10646618154949565,-0.3890164472747091,-0.16900143933958958,-0.14903974417328322,-0.5146010764856858,-0.027018040463345147,-0.046372768861968186,-0.09423071522014749
1.1431803003132899,0.4189436023386154,-0.5442975563036706,-0.43486880535845457,0.2769732129478085,0.7547907493905212,1.0794921772125194,0.8787094918496402
1.500096499831145,1.8164655881320326,-1.1553656924234665,-1.0223256700467043,-0.35628621859898685,1.3491184996846295,1.1907609156010468,0.6036358398739671
1.2835425346233125,1.4649854986835438,-0.7247928385164831,-0.6376677516657194,-0.5146010764856858,0.7435577419245262,0.7857588844869485,0.45845598814141447
1.4374111517433719,1.0985726622444785,-0.8125000418693855,-0.7226056923447652,0.1450441647088929,1.0464201428174777,0.802404389311249,0.5031673242716882
-0.29771470229070296,-0.039928870047645115,-0.49807011025330244,-0.40685421026276375,-0.5146010764856858,0.8512234459456924,0.8624719829570252,0.5411894644906587
1.160679791552536,1.291017911464265,-0.3020131041685743,-0.2440793693212927,0.49465614254201945,0.4325360320785314,0.5635928802717013,0.7080022880081401
0.8993544845080214,0.5628723223568534,-1.2208192228019594,-1.4283133559823344,-0.4618294571901194,-2.7738447802690356,-2.5729463815217244,-1.627121063748364
1.3198656046619288,0.9693125692688725,-0.28965699034701914,-0.2368491397523128,2.176751507588195,0.5014014846441576,0.3005304159325704,-0.06347805110681766
1.2747997938640565,1.3596438460430103,-0.4570335657225691,-0.4483333031486911,0.6859532624884472,0.06981689273111605,-0.014913129464913358,-0.20369641367387487
0.8795771752812617,0.5738904135600765,0.04951281801631279,0.0702360404425097,1.58966724292502,0.33771904616046733,0.23682872293859722,0.018021977371045828
-1.258897510569895,-1.1734461254526944,-1.711109164866399,-1.7237603079598938,-0.09902457453310122,-1.0202470530819945,-0.556725146007426,-0.6550191169865911
1.158506265112145,0.9385236951342543,-0.9746540099474781,-1.0550777950541284,-0.02646359800169761,-1.9142654419326652,-0.9657244908910582,-0.7052313339912109
1.1276324420811692,1.4083369963704262,-0.30609155630868645,-0.2737654904746051,2.025033102113442,0.6021975034605658,0.2752372546258925,-0.19040196148332533
-0.08176145171049286,-0.1468918202690455,0.0912143103232533,0.05423535291415738,-0.5146010764856858,-0.6014064069872646,-0.3905022415304608,-0.32164827448033007
1.243125047602399,1.561038044765179,0.21209293056058817,0.31929383193233457,4.399755970413925,0.8383371492565737,1.2209378971901408,1.2260655998213692
0.24719379927472318,-0.05228908739584103,-0.608143480953092,-0.5242264545792086,-0.5146010764856858,0.8291147081479127,0.7815807555080889,0.2651926780527982
0.026648235828401978,-0.20111676124032177,-0.038251007979939605,0.03395482374100255,-0.5146010764856858,0.8291147081479127,0.7815807555080889,0.2651926780527982
1.234045569817803,1.6104514362316718,0.022840333942769835,0.09985020312046251,0.08567609300138077,0.9659023211189149,0.7815807555080889,0.4487017034996297
1.3591804069022875,1.1279969094258095,-0.7704666515161427,-0.6808810181279277,0.4748667853061821,0.7454314541890156,0.802404389311249,0.5838666646078473
1.203213958904615,0.7862694710680981,-1.3097265430379739,-1.5188893095948939,1.6622282194564237,-2.666902237772608,-2.6113549132090195,-1.6615226431528196
1.2082945415770867,1.143620365308927,-1.187937253445082,-1.3607000647569623,-0.38267202824677,-2.485295393504076,-2.2039875237398174,-1.4812665328390204
-0.6902515584466783,-0.617285858720328,-1.2145289914973163,-1.375014083516605,-0.5146010764856858,-2.299700747842813,-2.0251215401650295,-1.3803718495005939
1.1242712689074053,0.5393354562597507,-0.69383916867597,-0.6351319892075538,-0.07923521729726385,0.42064618045530505,0.48275025310609176,0.2254266915870889
1.0337664351645417,1.4180809898872337,-0.7236091809433249,-0.7563554207670097,-0.5146010764856858,-1.295282707404595,-0.5602309321674273,-0.5891124984534694
1.3121814055795085,1.4704343133477433,-0.7459002899687844,-0.6322270943552838,-0.2837252420675832,1.1433046107736713,1.0757619197772226,0.8185156156154282
1.2084144240434005,2.1424151928111383,-0.7395804720757918,-0.6925917265866611,0.5309366308077214,0.48671477204299507,0.3180899405279004,-0.031842763971405896
1.3008173415236377,1.2219004070834891,-1.084762678322263,-1.1224955278349538,-0.290321694479529,-1.728764542511229,-1.1177729855942713,-0.813405058099227
1.2357146018937042,0.8482028535990814,-0.9066970845701992,-0.9831047997109688,1.992050840053713,-2.23282500303161,-1.3735817298601125,-1.0588882548439382
0.9713727182963463,0.7245061378282648,-0.5327428505207723,-0.6835871297169038,-0.5146010764856858,-2.118431063628078,-1.4220416168639718,-1.0014397351112916
1.0341914453550412,0.8957248397892316,-1.0308746891881921,-1.0831854865164612,-0.5146010764856858,-0.8069645251638491,-0.8143511135281458,-0.7192180029925622
1.3382390380545441,1.6661905474462366,-0.5742066134918774,-0.44445999008963966,1.6622282194564237,0.9115821816787077,1.245528459997077,1.1297808768374842
0.46762464271032583,0.41785524945361896,-1.0173928867626831,-1.0807998964115388,-0.5146010764856858,-1.7171888846557382,-0.9371676336414181,-0.8109157605697533
1.5939328200721714,0.88068029220326,-0.6112760468348112,-0.5780254368757941,-0.15179619382866752,0.3898149616261767,0.21870813065338104,0.5146636069283118
1.489766695923754,1.042806842369365,-0.6561244731539181,-0.550556720132116,0.34293773706726643,0.6794807060573607,1.0019280795573757,0.8663638840316523
1.1118561706397518,0.7369881483511969,-0.7829074590654546,-0.8613496429906853,-0.1583926462406133,-1.98352755261831,-1.0490927183248526,-0.8718120849475058
1.0701731087544308,0.7253974969622877,-0.8470773828116643,-0.92540463865203,-0.3167075041273122,-1.977471098318774,-1.057578907474103,-0.8926645356941446
1.2816058452761827,1.907661227989992,-0.4505214711448894,-0.3834440497720894,-0.40575961168858027,0.8933593369635526,0.6242790223591973,0.29194137927587294
1.4630897484486411,0.808476337092621,-0.8050547560411604,-0.7318358235975193,-0.03965650282558919,0.7771902967220533,0.6198321456767107,0.2700911701321581
1.0806502066796133,0.39817820598424436,-0.2901109440912142,-0.2368491397523128,0.34293773706726643,0.6889492841556368,0.5772019848570464,0.012239614862092785
-0.07237144430854714,-0.2792982038489798,-0.6726025558773245,-0.6188682054790846,0.40890226118672435,0.6889492841556368,0.5772019848570464,0.012239614862092785
-1.5333975083458444,-1.4881195683895212,-1.3197231365674054,-1.703885027197094,-0.5146010764856858,-2.8509806476273263,-4.54337538949559,-2.5954626468786084
0.9478272049498664,2.5185491419848223,-0.6153728189740919,-0.5607324715246973,0.10546545023721814,0.5160502960093843,0.3895954961939416,0.5271067696777341
-0.6698367502081323,-0.8733760481092983,-1.2128208486711038,-1.2741364026146313,-0.5146010764856858,-1.3777370888412674,-0.9698298416622447,-0.7837988392584494
1.181092751077152,1.2286724673249836,0.6500688452671871,0.6232971989867037,-0.39586493307066156,0.39778745065265586,-0.07821885681676052,0.022344379991542894
1.0217185431580091,0.6709943025918065,-0.3791220475994837,-0.4620599911583096,-0.03965650282558919,-1.918756866078699,-1.0196079175112756,-0.8563580933274839
1.2600685064021289,1.6535155166277604,-0.13689203224977411,-0.04255337277892138,1.4511417422741584,1.1135346855861712,1.000006976490396,0.5496583688173952
1.2650014225284067,1.8687574136186842,-0.4899127181573123,-0.4512523185130868,0.4814632377181279,0.6175469432782514,0.29044274378769985,0.2553481483477174
1.6281634156466225,1.0664740839125655,-0.9625045506769584,-0.8800878995763678,-0.10562102694504702,0.908852481576217,0.6835770489188636,0.44107158677167024
-1.0647933225864266,-1.0246184516082135,-1.8094870203811448,-1.8020632218662063,-0.5146010764856858,0.029581016815775706,-0.3352362189624566,-0.32345290433015483
-0.2934783184269407,-0.5698567760233625,-0.2816539414331703,-0.305549421681412,-0.36288267101093263,0.029581016815775706,-0.3352362189624566,-0.32345290433015483
-0.39152940928527247,-0.22781517049714065,0.13555832967900244,0.10296646233017173,0.2176051412402965,0.029581016815775706,-0.3352362189624566,-0.32345290433015483
-0.4325482747910939,-0.2583545425738094,0.6628035933861671,0.6190377225637098,-0.02646359800169761,0.029581016815775706,-0.3352362189624566,-0.32345290433015483
1.1295646512435842,1.3963195004185065,-1.0893081267763962,-1.1404078832716167,-0.5146010764856858,-1.618316669862118,-0.8298752824914275,-0.728614360607185
-0.5228521167136648,-0.37531976733568073,-0.8367147421252924,-0.833976489798321,-0.5146010764856858,0.01361959120732465,-0.1731504135176411,-0.365561082139835
-0.45105301749540105,-0.6591296953109719,-0.43165356068674604,-0.4373499871922168,-0.5146010764856858,0.01361959120732465,-0.1731504135176411,-0.365561082139835
-0.05302147901229202,-0.65042263884763,-0.1654710693559419,-0.17689129648817298,-0.5146010764856858,0.01361959120732465,-0.1731504135176411,-0.365561082139835
-0.15906636777042085,-0.39840077297299825,0.04946708689711476,0.03395482374100255,-0.5146010764856858,0.01361959120732465,-0.1731504135176411,-0.365561082139835
-0.030487260303378574,-0.238400723006521,0.4080694325098645,0.3844884849629485,-0.5146010764856858,0.01361959120732465,-0.1731504135176411,-0.365561082139835
0.8481159799865199,0.09461417753782558,-0.7180271986843054,-0.9273176417344167,-0.5146010764856858,-2.6874441585755156,-2.4247615663268562,-1.6615226431528196
1.0930892726206076,1.3712263402041458,-1.0434822862141357,-1.1404078832716167,-0.5146010764856858,-1.7621766565952095,-1.2978820900129486,-1.0014397351112916
1.1927387101377016,1.272108920523041,-1.1819751278272759,-1.1367888152401222,-0.03965650282558919,0.33771904616046733,0.21870813065338104,0.0649064751822114
0.28503439460455005,-0.056490886018441745,0.4324061798435149,0.4204982526794387,0.40890226118672435,0.17953465392502552,-0.03488868155521891,-0.16090729082585117
1.0806502066796133,0.7139748216385633,-0.9037800571340276,-0.9874723502708364,0.32974483224337486,-2.035269997381753,-1.1004315933761113,-0.9191383351487238
-0.8106536543598536,-0.7600083199500385,-0.29689015763775595,-0.5817701532685671,1.0685475023813027,-2.8351173548056106,-3.216112138686849,-1.9002362296864297
-0.9685373982679613,-0.7667649005324032,-0.5362747227534561,-0.5372135860683133,-0.1122174793569928,0.31250171790921977,-0.1371424948145019,-0.27546348024390227
-0.5425227708299457,-0.5376480929791264,-0.08574020070883108,-0.09584600095034285,-0.2111642655361796,0.31250171790921977,-0.1371424948145019,-0.27546348024390227
-1.1756356796520533,-1.0042146143470765,-0.9347868552770692,-0.941246680696817,-0.5146010764856858,-0.13974788057925985,-0.28743163518193215,-0.3416178585545913
-0.29535411631751435,-0.641891494604066,-0.19441494738636644,-0.21629132808381404,-0.07263876488531806,-0.13974788057925985,-0.28743163518193215,-0.3416178585545913
-0.7289048730637334,-0.7065637577221748,0.20393140390919032,0.17430161534377173,0.11865835506110972,-0.13974788057925985,-0.28743163518193215,-0.3416178585545913
-0.10018608166764849,-0.28615291931236964,0.5654556427600129,0.5281940903726086,-0.04625295523753498,-0.13974788057925985,-0.28743163518193215,-0.3416178585545913
0.43007207462866526,0.014474324322836166,-0.5516649264958373,-0.5372135860683133,1.1345120265007607,0.41270575425581707,-0.046372768861968186,0.056488729675155405
-0.4571472844669954,-0.3708511830176925,-0.9589672622341086,-0.9748597793670589,1.4643346470980498,-0.5188818407755543,-0.426900814107546,-0.45540968215255206
-0.2157700082383394,-0.3367091797754225,-0.10392984280779956,-0.08069792115913749,0.8046894059034715,0.4670731910139003,0.14493201698902475,0.4777790203929215
1.195890737476418,2.4169037858096987,-0.47870273040458744,-0.37639457899362,-0.2909813397207236,0.6127547004830738,0.9710182830658161,1.1776744260669914
1.2266521513251563,0.9541619836334552,-1.009116944153867,-1.1227482402245572,-0.21776071794812538,-2.3045078712807703,-1.481415092796344,-1.1586911580502945
-0.886045587879243,-0.8097454195791599,-0.2760775666721938,-0.6161526170269661,0.4748667853061821,-2.8280812073243093,-3.8208910963233014,-2.2156798943017177
1.3850156856796707,1.177734009054931,-0.7545265243437285,-0.6440473536063341,-0.5146010764856858,0.792074372778496,0.9239514205418156,0.5638373611572111
1.271218464148949,0.7915322681567384,-0.1377528333439647,-0.08706704311813802,2.6516960812482915,0.25764692314637005,0.5407510719798126,1.006780566591178
1.237517950796591,1.016769884193915,-0.9685024202410873,-1.0834244901475856,-0.2507429800078543,-2.155786249189252,-1.5015123133623198,-1.1524526038261327
-0.38131150137761277,-0.25496273897731764,-0.45560831771258914,-0.4132920742145068,0.5672171190734232,0.7332412543610031,0.48743837096635545,0.7098351661345127
-0.3104796342400702,-0.3798361449056548,-0.20812498998743686,-0.1690074357149712,1.6754211242803152,0.7332412543610031,0.48743837096635545,0.7098351661345127
1.4365724996492273,1.1320378711477919,-1.0039638408411329,-0.942811478682843,-0.2771287896556375,0.792074372778496,0.9239514205418156,0.5638373611572111
1.7368783980584306,0.7599273825290447,-0.6839066951148693,-0.4965532037440789,2.058015364173171,1.441012373797462,1.1853989106487752,0.7726339106219905
1.0910260750228467,0.7498655241572706,-0.8883184250301799,-1.0095101789150884,-0.1254103841808844,-2.4243908752357886,-1.5575967289710726,-1.1934678650124146
-0.0015395771710045546,-0.21934738843802615,-0.6408847825064564,-0.7363504919155752,0.9366184541423872,-2.0429191175982924,-1.2017667614297722,-0.9735085826492341
0.9635814341654678,0.6072263341146352,-0.5316235518679724,-0.46603150139950117,2.255908936531544,1.0552964718408027,0.9298817208102886,0.46492429150055514
1.2340474190638226,1.8906653698005274,-0.8340019077686516,-0.731255386180413,-0.03965650282558919,0.9206717132506063,0.9259296949378891,0.38769442718480135
1.2073683716022052,1.9812122589399492,-0.34300648792451144,-0.41514231465529045,-0.38267202824677,-1.6453709826631808,-0.9169607622847116,-0.8183958989636795
1.140467222240621,2.0838593677707595,-0.4992016792723387,-0.6111194934549463,1.7281927435758817,-2.307714883373842,-1.4171546625983293,-1.149342888546372
1.1792052011251974,1.1285821965888567,-1.143068361776008,-1.2610988092775095,-0.18477845588839642,-2.4621735234335467,-1.8005710533992936,-1.2554740728516884
1.7538697502742548,0.874064847082793,-0.6499141660927078,-0.5146674192411024,-0.42884719513039055,1.1082649238704745,1.336563986512406,1.0527990473272104
1.239099198643995,1.9999629355517312,-0.491454467036673,-0.4225922249771399,-7.778835391444127e-05,0.7078391892877866,0.6198321456767107,0.3498808393350138
0.8710878508158558,0.3629367685305223,-0.12807685341449013,-0.032254163930215775,0.8046894059034715,0.6031580604057061,0.3005304159325704,-0.22894085791882762
-0.4935539580568847,-0.40751329951693777,-1.2193083227264847,-1.3771864772334972,-0.5146010764856858,-2.3366598193397325,-2.0313015871207387,-1.3481735963896935
1.5800759303535608,0.9602154846215966,-0.7591131271393122,-0.6543763472348051,-0.5146010764856858,0.6347655952690033,0.6529992735665455,0.744246978884963
1.1497753718812944,0.9842850546418878,-0.030687935226414116,-0.016292549125707257,3.905022039517991,0.15672113261039747,0.14493201698902475,-0.048331606735046585
0.32369875541157245,0.4144080688617728,-0.6448393494391976,-0.5449663561538218,0.08567609300138077,0.6318994446129389,0.9495519856604123,0.7629354960592639
-0.4034783406731024,-0.34919119031125395,-0.7639856271499963,-0.7400125323755782,-0.5146010764856858,0.2942756225918507,0.020379118104200147,-0.08154688833196051
1.2156530249937925,0.9095712368996454,0.9173719777799758,0.9286704364089957,3.0276938687292017,0.5839159699332794,0.34297044310386093,0.4323043625356464
0.9969428310763161,0.45240881122823123,0.6825765805060585,0.7581645195519003,-0.2507429800078543,1.0552964718408027,0.9787803501523515,0.5708776351542671
1.379113165823496,1.2683377404723668,1.2122319992096444,1.2759903678203144,-0.3694791234228785,1.0552964718408027,0.9787803501523515,0.5708776351542671
-1.443331354011394,-1.3608820253037561,-0.6780753120217023,-1.0280479841045032,5.290277046026606,-3.0412291192663448,-3.6664070856761386,-2.2940223710963696
0.36913951198279693,0.33797126166582464,-0.8034652469235377,-0.912157031548635,-0.5146010764856858,-1.888880948409018,-1.3735817298601125,-1.0014397351112916
0.3569360395313261,0.013402100443832157,-1.0955071895231707,-1.1998634339318899,-0.5146010764856858,-2.3479561638712747,-2.0251215401650295,-1.3839918395539532
1.3400763249904777,1.2002233046285182,-0.2616948254387238,-0.1942816198145591,2.519767033009376,0.9613954441423894,0.655195401161028,0.3122936185166551
1.0900679314748167,2.492420564960395,-0.6690409284337524,-0.549435095069322,-0.07263876488531806,0.9928686960798784,1.114664470293514,0.8647102118428993
1.0032413485104428,0.3581803599259291,-0.8394935570322393,-1.1711314456765547,-0.323303956539258,-3.2324096409398897,-3.859428551341542,-2.316593640907807
-1.5203947801900193,-1.4697301339485591,-0.3187396776190169,-0.49759370755401566,-0.019867145589751816,-2.437504161468993,-2.0561701564188914,-1.3803718495005939
-0.39770714838886934,-0.4838253485659773,-0.09056594389178867,-0.2745238995883683,-0.06604231247337226,-2.437504161468993,-2.0561701564188914,-1.3803718495005939
-1.3481602518653335,-1.2272921031896902,0.3156722870743664,0.12310900988176059,-0.2375500751839627,-2.437504161468993,-2.0561701564188914,-1.3803718495005939
-1.475522835739464,-1.4063530792945191,0.1731830391068544,-0.016292549125707257,-0.1254103841808844,-2.437504161468993,-2.0561701564188914,-1.3803718495005939
-0.653465292450727,-0.6547537258146006,-0.3406785461330691,-0.38628369592101647,3.047483225965039,-0.7922078151536085,-0.5849050807439745,-0.664026274036583
-0.35678037099267085,-0.4562818728557247,0.47073697241796947,0.40821822907315714,0.07248318817748918,-0.7922078151536085,-0.5849050807439745,-0.664026274036583
-0.45105301749540105,-0.5195661811474495,0.7084352453100742,0.6411182230501417,-0.0330600504136434,-0.7922078151536085,-0.5849050807439745,-0.664026274036583
1.3470542472383311,0.9636946068846186,-0.9545722595290191,-1.1714022124182162,-7.778835391444127e-05,-2.5972729843463824,-2.542624065446379,-1.6571796869970363
-0.6741024718817606,-0.6680200716284929,-0.19467901383437328,-0.5606185968449812,-0.5146010764856858,-3.0613420486003697,-4.081594555556789,-2.354515302043899
1.588848428685018,0.7349332670465464,-0.8301126916326,-0.8208431409347835,-0.15179619382866752,0.4117124195339255,-0.09282468964758442,0.5537230043434246
1.1414528983257088,0.8190687316627389,-0.9132495657688129,-1.0054322613592355,-0.118154286527744,-1.9412674491301376,-1.0490927183248526,-0.8640654773887784
1.1215654036851312,0.9654817279999144,-0.7371193520535608,-0.8673059410779362,-0.26921304676130253,-2.365753106992014,-1.4664437606984175,-1.1277509648194197
-0.6837627530896214,-0.5850821553903295,-0.6614658993131769,-0.5618722311961828,-0.2111642655361796,0.2820922991802873,0.10724142731257412,-0.14316013049850276
-0.060236919500469915,-0.2583545425738094,-0.5444212601048627,-0.802954399641101,2.1239798882926286,-2.9059627206294487,-2.746371589814717,-1.8026950672365614
1.1801559705713753,0.9046706588274034,-0.8443143019087492,-0.9303892858241307,0.2756539224654194,-1.7171888846557382,-1.1004315933761113,-0.8874245818105552
1.1989966997784334,1.425560080555643,-1.3143907675314372,-1.3885184180587982,-0.33583721612195494,-2.0291581138801233,-0.9987507779023984,-0.8183958989636795
0.7124112800606397,-0.09864274543754946,-0.24928905111302901,-0.2093391888654044,-0.1372839985223868,0.4176698221312006,0.38228916405819835,-0.011112023909065464
1.1325490737831037,0.7371644982464494,0.07297242563856887,0.10651111444101759,-0.4545733595369791,0.4176698221312006,0.38228916405819835,-0.011112023909065464
1.1033462180181137,0.8941784854874922,0.4436766602649252,0.4702280092538028,-0.2507429800078543,0.4176698221312006,0.38228916405819835,-0.011112023909065464
-0.3142945370771927,-0.3564316235831523,-1.3196842562101325,-1.4314394861752793,-0.5146010764856858,-2.121534623712903,-1.5473089040809125,-1.1034437800612713
1.3306586002270746,1.7020812499649438,0.9799856265993271,0.8202327063968559,2.420820246830189,-2.121534623712903,-1.5473089040809125,-1.1034437800612713
-0.43982603767730466,-0.32858821261847526,-0.049966748942160036,-0.08242925531614503,2.058015364173171,-0.03883606759410309,-0.3546076301619808,-0.4416871993936958
0.8539051797325721,0.5277200247585713,-0.8253380895546134,-0.9793826022515604,0.032904473705814515,-2.7634069999690225,-1.8927595563113966,-1.365977367767486
-0.5387480955225354,-0.3581534497300584,-0.5954035272257915,-0.5827094488149303,-0.2507429800078543,0.14319719213496102,-0.0007385262471028081,-0.22894085791882762
-0.38538700539360254,-0.37892899680712266,-0.21932928531399265,-0.21489540445292446,-0.2507429800078543,0.14319719213496102,-0.0007385262471028081,-0.22894085791882762
-1.0936191944983058,-0.9396897756325199,-1.0175239390610917,-1.329518220769988,-0.15179619382866752,-2.585469956545268,-3.7015208748755852,-2.287446960871745
-0.988398619950598,-0.8763085409879086,-0.44871247266939696,-0.7700145581737687,-0.08583166970920963,-2.585469956545268,-3.7015208748755852,-2.287446960871745
-0.7937984694840334,-0.641891494604066,-0.41015834696830655,-0.5230379565989023,-0.17158555106450488,-2.0169540538096875,-1.3639975101821622,-0.9818342466134398
-0.6545140171623058,-0.5058829514569442,-0.10224162935211079,-0.22190282997956615,0.07248318817748918,-2.0169540538096875,-1.3639975101821622,-0.9818342466134398
1.5125957403776047,1.5405255966899598,-0.6867965153737613,-0.5827094488149303,0.8706539300229292,1.2668317876204565,1.096212232466589,0.7531748936277433
-0.3437393633968563,-0.07593419501280868,-0.42329098280554944,-0.6090430819293998,0.7387248817840136,-2.585469956545268,-2.1711286748704457,-1.409575720772113
-0.717718375877456,-0.36336145750046145,-0.9290312418421701,-0.9046972666642561,-0.5146010764856858,0.25458383578699406,-0.020604742003956535,-0.2120647970374311
1.1639272465564197,-0.3708511830176925,0.9463925110588115,1.0428235535751158,-0.30351459930342056,0.9604936391911326,0.8638901597822777,0.5271067696777341
1.3262194357509811,-0.08713584061284275,1.1912205873686645,1.2967132357702387,-0.32990040895120376,0.9604936391911326,0.8638901597822777,0.5271067696777341
0.6204383540412698,0.1963841613109152,0.7030399466457026,0.7940601893672281,-0.5146010764856858,0.6002759017991103,0.9436665609529048,0.9452689612430276
-0.26572757480692205,-0.4650796343516287,-0.26337785991767804,-0.29453449127766945,0.8046894059034715,-0.49668779792830486,-0.43357399274759,-0.46132882804278685
-0.38947803517665863,0.011608988291067655,0.28321048350700406,0.24090552306929736,0.9366184541423872,-0.49668779792830486,-0.43357399274759,-0.46132882804278685
-0.8514628278990113,-0.683577006899609,-0.7798666955173928,-0.8307954173389931,-0.1649890986525591,-0.8788344773207274,-0.7835789009709322,-0.6844893841411425
-0.4030900870747216,-0.3664293910181597,-0.39027689209907723,-0.4254063652542823,-7.778835391444127e-05,-0.8788344773207274,-0.7835789009709322,-0.6844893841411425
0.9557332084048208,0.7017334243687291,-0.4056239265594384,-0.30634282773393096,-0.5146010764856858,0.6842169693723867,0.5681371907608318,0.013687266041140385
-0.036371625817031225,0.2547967488108717,-1.5508304118141385,-1.536850566644649,-0.5146010764856858,-0.06146630854600692,0.14493201698902475,-0.10984321208319692
1.415390471137487,1.1516822166979528,-0.8526349375568392,-0.7957651352577262,0.4748667853061821,0.5374670676992145,0.42582144849295855,0.34523288121981804
1.2441310050684016,1.089777017255477,-0.28848186848509827,-0.28138655068133234,0.3099554750075375,0.9306534157333486,0.8638901597822777,0.43778979225570736
1.3409956400863006,0.9404293938726123,-0.7896773451191116,-0.759972057361196,-0.35628621859898685,0.26682628033201006,0.1395810791343035,-0.19371470511951086
-0.17943307029049615,-0.14711898028928214,-0.8668800734326509,-0.8399249693974434,0.356130641891158,0.3236111465582342,0.09091905354157294,-0.021442103010787854
-0.717718375877456,-0.6335292950626835,-0.6822141064722931,-0.8511316699692889,3.31134132244287,-2.255029490007349,-2.037496401227773,-1.3876204589123844
0.034962295569632845,1.5149277815594606,-0.7199599738737779,-0.7303856251777293,1.7281927435758817,-0.3812861560834091,-0.2842757875977705,-0.2340403772611787
0.23121633529807767,0.2032880307951813,-0.3102039282225873,-0.3290926471944091,1.5962636953369658,-0.3812861560834091,-0.2842757875977705,-0.2340403772611787
0.9994685221002032,0.37300074339392714,-0.7967254901146795,-0.7164713883849553,0.40890226118672435,0.4077373414626995,0.6987317470129374,0.9071323920465636
1.2799140097908654,2.135373986873002,2.146950370595663,2.0521278692442046,3.6279710382162675,-1.0266430101009258,-0.5778313288240264,-0.6708167913201452
-1.3059643781674375,-1.1873520024248125,-1.2245946580541829,-1.7448228581881542,-0.47357114248338295,-4.132658027804414,-6.024536750871067,-3.301136031215246
-1.3244049454839955,-1.208139420949294,-0.9981313238053799,-1.5233369029174941,-0.47146027771156024,-4.132658027804414,-6.024536750871067,-3.301136031215246
-1.6796881450458674,-1.7213115413609095,-0.7514910673987729,-1.2813795521866034,-0.4593887697976995,-4.132658027804414,-6.024536750871067,-3.301136031215246
-1.5133681857475965,-1.4769900940419205,-0.5547711907359464,-1.0891850223314339,-0.4809591691847623,-4.132658027804414,-6.024536750871067,-3.301136031215246
-1.3765557045896033,-1.3053647697313158,-0.35726569786648765,-0.8956653431499819,-0.4481748006973917,-4.132658027804414,-6.024536750871067,-3.301136031215246
-1.2935271591966047,-1.2039631947410088,-0.21626025469107196,-0.7574083577861416,-0.5008804554688385,-4.132658027804414,-6.024536750871067,-3.301136031215246
-1.725629696969819,-1.7948333759593404,-0.015400103195099582,-0.5608463646024552,-0.47719919130995314,-4.132658027804414,-6.024536750871067,-3.301136031215246
1.3055860056640203,1.875036269134942,1.1033635590293611,1.107665730056146,0.013115116469977142,-0.7226326098766005,0.3255791950483469,3.4400057540128604
1.355159146232682,1.498325904920245,1.1161089709957068,1.1390016090493593,-0.1188139317689386,-0.570614198661253,0.5862351942408215,2.865623061128658
1.2885397109386396,2.0837265135058693,1.6134627657018517,1.6225027488294153,-0.19797136071228802,-0.570614198661253,0.5862351942408215,2.865623061128658
1.2885397109386396,0.6432718587393591,1.715561029297129,1.5407578507218116,-0.18477845588839642,-2.003255776272183,-1.583496329688763,-1.1338888969263503
1.3388877134392854,1.6306862741362864,1.6157738217086628,1.6447872286388654,0.1318512598850013,-0.6061585305412766,0.6748772807877191,2.638363469777714
1.3140087470318138,1.8235649688036915,0.14945207309451247,0.3004147855817244,-0.2771287896556375,-0.20028216612747357,1.8466615822247798,2.728520381061745
1.2799140097908654,2.115482553173664,0.7946660732103433,0.7923916886989636,1.3324055988591346,-1.202115601240548,0.14493201698902475,4.176819608382201
-1.3714297090846181,-1.2588461588402091,-0.6593510107512845,-1.1749316769997566,-0.3167075041273122,-3.1816683317545538,-5.824585391790211,-3.290954019338001
-1.4025592515673713,-1.3009175768308479,-0.2540935790241817,-0.7777189103051219,-0.2507429800078543,-3.1816683317545538,-5.824585391790211,-3.290954019338001
-1.4743965702777506,-1.405321876639281,0.14328440298216555,-0.38788603802503185,-0.052849407649480686,-3.1816683317545538,-5.824585391790211,-3.290954019338001
1.3027215719546457,1.037811536320758,-0.8906282752115466,-0.8818816440639045,-0.5146010764856858,-0.09069553377625068,0.3255791950483469,-0.3108651944412615
1.501678767206767,1.2798311042175354,-0.9885789396502248,-0.9491056383830949,-0.5146010764856858,0.5452349939935418,1.0210612178400227,0.10903145164825394
1.4825424238268958,1.3846764058130707,-1.2944397123076767,-1.2641811981118165,-0.5146010764856858,0.34777469317232135,0.030175458663013462,-0.3489449730629864
1.6828978237335421,1.006517423600867,-0.8140990324800991,-0.6994907951896113,-0.5146010764856858,0.8750778034362662,0.42342206982076086,0.7080022880081401
1.3618838778643947,1.3572934368137664,-1.2337592420315093,-1.2115203195619262,-0.5146010764856858,-0.15509546767164473,-0.046372768861968186,-0.2789668306971861
1.3388877134392854,1.6026091672136036,1.9676533623923074,1.7746414048725083,-0.5146010764856858,9.690761455482017,-1.5731054201062395,-2.3006263081357745
0.983601392934705,-0.23516486596592354,0.10527093183941548,0.14520662541498847,-0.46248910243131397,-0.38014390610395576,0.4709927342227765,0.3591343942758567
0.3215868687539346,-0.6680200716284929,-0.4100103298863188,-0.35907328488891793,-0.4525944238133953,-0.38014390610395576,0.4709927342227765,0.3591343942758567
0.5912370196042717,-0.5649012439770356,-0.21436241018507526,-0.167701988669218,-0.4572119405017574,-0.38014390610395576,0.4709927342227765,0.3591343942758567
1.0670099429348743,-0.1696102888089046,0.4418390827595607,0.47469883209434766,-0.432805066577558,-0.38014390610395576,0.4709927342227765,0.3591343942758567
1.4102427083062494,0.9608212856937277,-0.6573345137078763,-0.6188682054790846,-0.5146010764856858,-1.2685071329765398,0.223898379574634,0.9916341222194069
1.594662473407482,1.044773095363943,-0.9790944544272392,-0.888377181016068,-0.5146010764856858,0.792074372778496,0.7815807555080889,0.5229703402300948
1.2541456273246827,1.5959402240095395,-0.8808008464245983,-0.9082308139286801,-0.20258887740065004,-0.727487355739114,-0.521925583639496,-0.6107658521971793
1.4777247476159523,1.2090302382817248,-0.92013370123269,-0.7740103114671535,-0.5146010764856858,1.482295546698807,-0.45369721256614204,0.6231515571866996
1.5555772336817002,0.8270989052104859,-0.8098282285719964,-0.7032445586176547,-0.5146010764856858,1.0375299119419181,1.114664470293514,0.34755863430792
1.4777228984786646,0.9109312292984149,-0.944234417491638,-0.8511316699692889,-0.5146010764856858,0.6794807060573607,0.42342206982076086,0.42127384252836625
1.6267384926243393,1.2798135374515445,-1.4597540833000058,-1.3624735026815882,-0.5146010764856858,0.792074372778496,0.7394248922067705,0.48734932498785766
1.3093844164520576,1.213015389996783,-1.1525887710992124,-1.090874083013794,-0.5146010764856858,0.16917623635398968,0.4138022870940886,-0.1208680256153251
1.1276342913460187,1.3596459625499129,-0.43241518899355524,-0.4254063652542823,-0.5146010764856858,-0.26706424526832595,-0.07821885681676052,-0.2238583653839335
1.2541189402033326,1.389090650168738,-0.353003128931875,-0.29609755445297575,-0.36288267101093263,0.6908411059540988,0.641990643563386,0.5229703402300948
1.0992958632501377,0.1552613140694777,-0.5855923210107219,-0.6440473536063341,-0.17158555106450488,-1.0394565849634991,-0.7645301123318728,-0.7029126662160985
1.2835443834296287,1.0118968247237792,-0.7918670062223236,-0.8094069957524513,-0.5146010764856858,-0.5777052817242596,1.132986302523457,-0.24086642053867213
1.5396898185868444,0.7970767129626648,-0.6963615382290179,-0.5963519845410162,-0.5146010764856858,0.5839159699332794,0.9397355086906157,0.6595559314927926
1.4849672225555468,1.3523100562327357,-1.2126899817583998,-1.1072489085651083,-0.43544364754233633,0.6318994446129389,0.8820550890844715,0.48097581211747026
1.3850156856796707,0.9229779907871404,-0.516086257261699,-0.5262840461562559,-0.5146010764856858,0.9206717132506063,0.802404389311249,0.4767119294974593
1.2340474190638226,0.6030266520033218,-0.31660737394155025,-0.2618151375173165,1.4643346470980498,0.7266664412198577,0.8840655804378531,0.2392137402222713
1.5630608459828115,0.8303979632206646,-0.7518675534519365,-0.6500972832898728,-0.5146010764856858,1.0641589424212992,0.9436665609529048,0.7406610994880695
1.5328083096895202,1.1988543898072277,-0.9829481785298112,-0.9369613106411275,-0.13200683659283013,0.34777469317232135,0.2752372546258925,0.2140527524920487
1.8968780206135,1.2741245676793183,-1.3806428539388118,-1.2464881058920814,-0.21973965367170914,0.9342787783050862,0.9534681925535166,0.7352663917741422
1.5251082624389123,1.7782038386709416,-0.8064213060265794,-0.6917683573633132,-0.13860328900477592,1.0994711014242813,1.0832170750806907,0.7302411341112534
1.767518500646929,1.177734009054931,-1.3060644172904592,-1.1801221220188929,-0.4585312309841465,1.2539998676347088,0.9632329064335282,0.5136220707261725
1.4937514654075608,1.066476200423902,-0.8990039462762313,-0.8236487165577463,-0.5146010764856858,0.43748279601141793,0.6220565374650439,0.318228148840588
1.4024796111741358,0.8957269562961337,-0.839226261190625,-0.7870766743079437,-0.40246138548260735,0.7360567018455613,0.39930535200219186,-0.03333439084239501
1.1026914463543414,0.5800520723366298,-0.8513034968022162,-0.7870766743079437,0.6727603576645557,0.4965101347044925,0.5177062227299745,0.30035469378496804
1.462272768520701,0.34980519525916093,-0.7364593779879705,-0.7341623643338623,-0.5146010764856858,0.3175541537156243,0.09091905354157294,0.3740524679173157
1.0935395541050705,1.1114370099619157,-0.5833616352958703,-0.550556720132116,0.11865835506110972,0.5935451686015634,0.223898379574634,-0.2238583653839335
1.3850175350590437,0.6800169026303524,-0.7167744478087437,-0.6619606514783904,-0.5146010764856858,0.6414476575518007,-0.6277577666459828,0.4157284626248332
1.0463278187928866,1.1988543898072277,-0.24845281124395555,-0.21419847784821294,-0.5146010764856858,0.3226020964704768,0.3255791950483469,-0.12561749935932728
1.3902841873931946,0.5631992785280976,-0.62032514437872,-0.5733723427324676,-0.5146010764856858,0.6794807060573607,0.37496218281690186,0.6144004338185463
1.0595174635115916,0.7530768477154993,-0.47974133406291075,-0.5007244656380958,-0.4070789021709695,-0.7141467826099317,-0.3905022415304608,-0.48523830022615916
-0.7684180945276227,-0.5469879395652348,-1.4171181831121107,-1.4186326050651386,-0.5146010764856858,-0.7141467826099317,-0.3905022415304608,-0.48523830022615916
1.3140087470318138,1.8043651247443364,2.178785197760221,2.1033698573486723,0.2769732129478085,-0.7141467826099317,-0.3905022415304608,-0.48523830022615916
1.3761788512603919,1.174111405645333,-1.0494238595204335,-0.9728135044810335,0.6067958335450979,0.39778745065265586,0.608681468399628,0.491583556090915
1.4532242016103454,1.3824773215482893,-1.260681805432514,-1.2198833936728495,-0.5146010764856858,0.37283615222002653,0.17152228567767072,-0.12561749935932728
1.606897492689222,1.285459434825252,-0.6300394971986417,-0.5144540915943692,-0.5146010764856858,0.9206717132506063,1.114664470293514,1.2628983183771465
0.9318402619134541,0.20540676134946093,-0.5688792030381611,-0.5595945516597762,-0.5146010764856858,-0.004524448178566132,0.007729184504206895,-0.4031483029581935
1.5173563305942692,2.0317003390594373,-1.0348037281607272,-0.923496812850891,0.07907964058943497,1.1214301665413096,1.4746019062875042,0.4487017034996297
1.4281497580574762,1.4881075135081936,-1.0364674717424673,-1.0192635563751231,-0.2045678131242338,-0.015224566811108729,-0.049251756909367644,-0.27546348024390227
1.3761788512603919,1.5292977711454747,-0.8481300286942857,-0.7563554207670097,-0.5146010764856858,0.5935451686015634,0.802404389311249,0.4157284626248332
1.628165264774494,1.037811536320758,-1.077470706386891,-0.9687386884921667,-0.5146010764856858,0.6984020944229837,0.9632329064335282,0.6895510911863895
0.9969446807051365,0.7647555775781071,-1.0274674058766706,-1.0347088954250578,-0.5146010764856858,-0.12334995510623095,-0.3224018933933692,-0.3842386796610493
1.0583267594811814,1.0622274273001713,-1.1488785852692958,-1.1695090256203637,-0.5146010764856858,-0.46066172780251274,-0.48758695619504183,-0.6505354462926373
1.2883708815284645,0.5662837246192313,-0.690005448778732,-0.6453302314913226,-0.5146010764856858,0.39977882455616537,0.3355313319156267,0.47991096065743866
0.8710878508158558,0.5843175427829878,-0.3787829246794335,-0.3612153138942196,0.8574610251990377,0.2515190946415084,0.1018120463328999,-0.20369641367387487
1.4025445103276715,0.7159749935711434,0.27696644118424535,0.2813611607463671,0.678697164835307,0.2515190946415084,0.1018120463328999,-0.20369641367387487
1.5016769180006222,1.107617192421025,-1.2847554048173697,-1.2286405398680142,-0.5146010764856858,0.4473634099138742,0.3503882692524591,0.05367243821493292
1.5404517157591442,0.8512356045913188,-0.7880623501693547,-0.688347966357816,-0.5146010764856858,0.9659023211189149,0.6529992735665455,0.5332904143359085
1.2441310050684016,2.0131464454450465,-0.592118339906162,-0.4801106809997303,1.9755597090238484,0.8915338308363108,1.0850775189856172,0.6997269152254479
1.3555676399880292,0.6249659525817195,-0.6972806583507309,-0.6440473536063341,-0.5146010764856858,0.5655753683436854,0.42582144849295855,0.18975832929257952
1.6421121363783637,0.7138171193080548,-0.8449576808478587,-0.7400125323755782,-0.4552330047781737,0.6069986635655732,0.974902221575396,0.7708751523673646
1.1276324420811692,0.9136381441967875,-0.7805023149722637,-0.8013504371669821,-0.5146010764856858,-0.6085360850278652,-0.3546076301619808,-0.36000220158575
1.3672649674849942,1.0531127842539054,-0.878069768998844,-0.8175566958064113,-0.5146010764856858,0.35781255830573105,0.4473165105808271,0.26396558802259107
0.5268518524430907,0.2568123959671491,-0.7774295548152951,-0.7700145581737687,0.5408313094256401,-0.3052591217375071,-0.13356905734969818,-0.3529899702736574
1.1696509208503763,0.8770199635780729,-0.7631991440007582,-0.7126467206110253,-0.5146010764856858,0.469040410320973,0.37496218281690186,0.08160359067699043
1.2441310050684016,1.5447110616212936,-0.8004697679647163,-0.6876658751548678,-0.5146010764856858,1.0107753710359408,1.05890902097095,0.43778979225570736
1.5173563305942692,0.8589840289120432,-0.7768996814817595,-0.6595981578022158,-0.5146010764856858,0.8013571405933319,1.114664470293514,1.0731341506972703
1.3850175350590437,1.2022736576993602,-0.8768083089745208,-0.8425868234906052,-0.5146010764856858,0.39778745065265586,1.718784942864113,0.13597383817750092
1.2640184997089796,0.5708654398463788,-0.785970007157947,-0.7823822649292504,-0.5146010764856858,-0.017367013054220268,-0.1371424948145019,-0.2789668306971861
1.1714727871176818,1.8076280858522726,-0.3360029666634437,-0.319969176334946,2.3482592702987852,-0.015224566811108729,0.09091905354157294,0.09537929645992647
1.3008191905549162,1.4307301409938145,-1.1466897221787518,-1.1154561135301235,-0.5146010764856858,0.502379249051662,0.07998009861925176,-0.1706754854163567
1.4196622820530191,0.9346927086693005,-0.8261922168510685,-0.7366427561002131,-0.5146010764856858,0.29630363663762155,0.7982530217784753,0.7883719553510057
0.6752956703471612,0.1433094443721437,-0.6094902575763997,-0.5361129750668366,-0.5146010764856858,0.7360567018455613,0.6748772807877191,0.2392137402222713
1.6068993417544748,0.7451112320279458,-0.7392706043277292,-0.6849440910661241,-0.5146010764856858,0.6889492841556368,0.42342206982076086,0.10903145164825394
1.4565234177822814,0.8673462284534257,-0.5949148077230546,-0.49344087549537885,-0.5146010764856858,0.792074372778496,0.9768420110188732,0.99998331098974
1.8436643244823496,1.006517423600867,-0.7901991578249622,-0.6903982088207063,-0.5146010764856858,1.1868022278626116,2.360596679952575,0.5435409924661794
1.1497772205555,1.1454970096545598,-0.7796285676716442,-0.7056183353392727,-0.5146010764856858,0.6557399301138005,0.6331499582009572,0.6867640197333165
1.655880197005787,0.7926081286446768,-0.6065116193303217,-0.4801106809997303,-0.5146010764856858,1.482295546698807,1.2577368238232172,0.9215458042066687
1.3672668165502466,1.6627733960610067,-1.2657513059027605,-1.2055256427128607,-0.5146010764856858,0.4965101347044925,0.3503882692524591,0.09537929645992647
1.560819384242968,0.6432718587393591,-0.7301110084697339,-0.6436629450519126,-0.5146010764856858,1.0544094632830607,0.7815807555080889,0.3899562479576191
1.3744023512368837,1.1071929815000403,-0.8850823872050363,-0.8008699592181876,-0.5146010764856858,0.9015668572758823,0.7223687223300894,0.21911833154297838
1.6104730356325216,1.045285665550662,-0.7696262197704986,-0.6635400573741356,-0.5146010764856858,0.63285498897236,0.9923082968307033,0.9334535971348137
1.8086429377583189,1.3254545672639033,-0.8432013279654255,-0.6338675203425175,-0.5146010764856858,3.213168884343537,2.1100888574376935,0.7171446884635535
1.40247776226341,2.092126457208768,-1.451574867163333,-1.3487575763937332,-0.4809591691847623,1.083607808602571,0.8920919907816823,0.3579807715605124
1.4024796111741358,1.0669456582571006,-0.8340446263110828,-0.7400125323755782,-0.5146010764856858,1.2299690613930685,0.9040852047849619,0.2013145601651859
0.9969446807051365,0.30465811122922976,-0.8386098698367894,-0.7839435971361691,-0.5146010764856858,0.3357057773847145,0.4138022870940886,0.3820251278939261
1.4777247476159523,0.8740669635896956,-0.6331468871663873,-0.5516801326459652,-0.5146010764856858,0.6889492841556368,0.7605885074503572,0.6988046461272325
1.41110531232191,1.1029058657183515,-0.34797433111343284,-0.2937542574368141,1.0685475023813027,0.5935451686015634,0.5177062227299745,0.5537230043434246
1.2835443834296287,1.7194466678395603,-0.6477113125273171,-0.5827094488149303,1.6622282194564237,1.020600017307437,0.7394248922067705,0.5229703402300948
1.7027241226012846,1.017208558627979,-0.6362894643055313,-0.5230379565989023,-0.5146010764856858,0.8291147081479127,1.3433065871147314,1.52003646482678
1.4712438806231658,1.2662942239066668,-0.5832972724509597,-0.4541834711904066,-0.5146010764856858,1.441012373797462,1.2750782160413774,0.8564147956725136
1.6888823920649767,1.4020185152333748,-0.9417227569034897,-0.7038023756226255,-0.5146010764856858,2.321951037720705,2.059501331028198,1.2435810446001134
1.5442512653880691,1.1719194279973033,-1.536448376281005,-1.4919234342259748,-0.4314857760951688,0.3135125648985783,0.13153390721981745,-0.05437211109045413
1.3215623011617044,1.1114370099619157,-0.6162183489588101,-0.5123243582425996,-0.5146010764856858,1.0552964718408027,1.0019280795573757,0.651963870368031
1.3937840655322193,1.4631556067748188,-0.9152248494194751,-0.8545788220864452,-0.5146010764856858,0.6031580604057061,0.4473165105808271,0.3591343942758567
1.4688041349205077,0.18696165788587704,-0.5434736910155323,-0.50702800573107,0.019711568881922933,0.7641346383378218,0.2701488752294079,0.23045462382161205
1.5181323840153014,1.1791752298332143,-0.8669411220248666,-0.7548539479879871,-0.5146010764856858,1.059729436731262,0.8840655804378531,0.45845598814141447
1.0819279264756736,0.15566754523898774,-0.6453183377911063,-0.5483152517786247,-0.5146010764856858,0.9659023211189149,0.9040852047849619,0.6308883214913826
1.4440968944411237,1.2120336666835974,-0.6344890374903204,-0.5262840461562559,-0.5146010764856858,0.7360567018455613,1.0210612178400227,1.0745763157507053
1.255114675166374,1.0812458730119128,-1.0548003750034738,-1.0382872848512126,-0.47898023346117846,-0.14522439933858688,-0.06369484980917185,-0.2824782627042341
1.5173544818067164,0.6182153973377551,-0.6600063135805073,-0.5828269488074097,-0.5146010764856858,0.6318994446129389,0.6965722063047625,0.26641877968980104
1.243805930397064,0.6030089366152117,-0.7201517795447798,-0.6835871297169038,-0.5146010764856858,0.4965101347044925,0.24969489559996105,0.02521917801322094
1.3937840655322193,0.9423244334514987,-0.8169783653885344,-0.7548539479879871,-0.38267202824677,0.6889492841556368,1.2050056133624143,0.26396558802259107
1.1298634670000858,1.0593533596612033,-0.9043875379992311,-0.912157031548635,-0.10562102694504702,-0.17819493493826075,-0.42024476816578316,-0.47124550871837734
1.5173563305942692,1.2022736576993602,-1.0143993216223741,-0.9328948894578034,-0.5146010764856858,0.7594646164752802,1.151179559433104,0.47029362722658197
1.3955269673047586,0.8695962627695163,-0.7864364944667548,-0.7503686229732917,-0.5146010764856858,0.3947990792997489,0.12346167920290183,-0.25116322485215736
1.3761788512603919,1.0428089588762677,-0.9360195407267833,-0.8685385100001014,-0.5146010764856858,0.7210248194994728,-0.1671142560288904,0.2392137402222713
1.3841350837832311,1.0617505751823257,-0.834105022884001,-0.7981534194277712,-0.5146010764856858,0.767867891516607,0.20568686535795244,0.0578949238629533
0.890794730055017,0.49082624256244645,-0.766720803767544,-0.7746270579660288,-0.3167075041273122,-0.5777052817242596,-0.45369721256614204,-0.42229578938575985
1.5480411043734965,1.4863733128060648,-1.1282268520362908,-1.036943259271061,-0.5146010764856858,1.0552964718408027,1.4746019062875042,0.491583556090915
1.6414350970930522,0.7997166058890965,-0.8345170217009057,-0.7610304143262642,-0.5146010764856858,0.9677040704607358,0.6153776283088829,0.27862578255791975
1.1276342913460187,1.5197723158882928,-0.9426702386075733,-0.8791927360233833,-0.5146010764856858,0.8198772589917742,-0.6277577666459828,-0.14155696542136542
1.6714982797087183,1.423330349811364,-1.327248048848519,-1.231583931214129,-0.5146010764856858,1.9023752231943571,1.2664220194511495,0.4958060417389355
1.1714727871176818,0.8665928343597912,-0.7206851979591395,-0.6781852549832998,-0.2507429800078543,0.39778745065265586,0.11806619656814742,-0.20703824838611481
1.4532242016103454,0.9668111347400354,-0.8702397698781041,-0.8147752136193466,-0.5146010764856858,0.6794807060573607,0.3503882692524591,0.05367243821493292
1.4752996942271757,1.474209193868362,-1.216237923361723,-1.1516412029562113,-0.5146010764856858,0.650027338634942,0.42582144849295855,-0.08648410766142012
1.3308238019840826,1.3596282471618026,-0.810933752274004,-0.7918025548224471,-0.5146010764856858,0.4965101347044925,0.021780863729189238,-0.058918272060555006
1.3937840655322193,1.6331485392902723,-0.49767301392768326,-0.4233415646206444,-0.3167075041273122,0.8567372018466721,1.6894905241670348,0.5738849560534832
1.43573504081526,0.5753979765009227,-0.7507716279081559,-0.7359123227085236,-0.5146010764856858,0.17953465392502552,-0.012072002089875593,-0.15928533531806263
1.4929556929292884,1.1884251440820437,-1.282808584978516,-1.270698420523989,-0.47963987870237307,0.12859682443972825,-0.05213394561117522,-0.20369641367387487
1.273825819189037,1.0428089588762677,-0.8871047418514034,-0.8646719566836283,-0.5146010764856858,0.24129132384972055,-0.3224018933933692,-0.34710988531808445
1.3388877134392854,1.5999616520994324,1.4771497484557499,1.4482750561562574,1.4247559326263752,0.24129132384972055,0.03575679229395902,-0.27546348024390227
1.2950917422090564,0.8409453023208997,-0.652037881612727,-0.6300876656926778,-0.10562102694504702,0.0008180569252097383,0.09364659558196269,-0.23744957263927693
1.0935014369009737,1.35491026502165,-1.5216901870048964,-1.598602047982529,-0.5146010764856858,-1.0716176412717668,-1.1883223312812454,-0.841059420834176
1.273825819189037,1.0526298033134875,-0.9977615366424298,-0.9722007784943931,-0.5146010764856858,0.11186457576220282,0.04965778254390644,-0.21374400857014705
1.1118580199278105,1.09595464246028,-0.8756572941597949,-0.8750895616718072,-0.5146010764856858,-0.17819493493826075,-0.1974365721042361,-0.3019372796984812
1.3437433448330198,1.3846940052603605,-1.2508564084854235,-1.24799600208895,-0.5146010764856858,0.2973173720191421,-0.26542095197979504,-0.29660555760988794
1.3190308638353592,1.180158054644035,-0.7386363994917966,-0.6835871297169038,-0.5106432050385182,0.2617284701521635,0.3700659991703946,0.15718958369914338
-0.03342541266782463,-0.1641260912398733,-0.3665826119514773,-0.3371737086578845,-0.5080046240737399,0.2617284701521635,0.3700659991703946,0.15718958369914338
-0.7748538720092366,-0.39368254201606884,-1.5359792800180052,-1.4830187953629952,-0.5146010764856858,0.2617284701521635,0.3700659991703946,0.15718958369914338
1.6068993417544748,1.017208558627979,-1.0567095061797127,-0.9740405564936313,-0.5146010764856858,0.6127547004830738,-0.10751327551383864,0.6328163839404647
1.2835443834296287,0.6915868668559783,-0.9316628540091372,-0.9065548203168092,-0.5146010764856858,0.2973173720191421,0.007729184504206895,-0.10984321208319692
1.2610426237368813,1.3045791333157346,-1.1886231314861992,-1.1534869449580107,-0.2639358848317459,0.39778745065265586,0.11806619656814742,-0.019962078489682476
1.336400451135178,1.2737797107573592,-1.1008874411918097,-1.0879810233995597,-0.4552330047781737,0.09087966737551322,-0.07239948631439182,-0.32345290433015483
1.4284963039112462,0.7835213478510152,-1.1541314132704423,-1.1404078832716167,-0.5146010764856858,-0.345982852629296,-0.1371424948145019,-0.42229578938575985
1.2481380769538217,1.4311264594438062,-0.8482469757430474,-0.8509597540549511,-0.3167075041273122,-0.3995934850060565,-0.23120592246963312,-0.4069585805422761
1.6626985946371449,0.8886296921313775,-0.7955981188280724,-0.7129293188121436,-0.052849407649480686,0.7827763997679896,0.42342206982076086,0.7970455121518389
1.4647255354399906,0.8857549300011724,-0.704516746992545,-0.6338675203425175,-0.5146010764856858,0.7790529419409772,0.40172714430371737,0.06770207762095169
1.105025161122352,0.7742453539642885,-0.6885095510751281,-0.6295852129249709,-0.5146010764856858,0.2973173720191421,-0.6640174971574165,-0.12561749935932728
1.223868252620455,0.9256111268798827,-0.9218988335413669,-0.91047168851472,-0.5146010764856858,0.2973173720191421,-0.08989693273534739,-0.1788638058608009
1.5555772336817002,1.098574778751381,-0.6486304742926144,-0.6288322046248697,-0.5146010764856858,0.4965101347044925,0.37496218281690186,0.2392137402222713
0.8977486151973258,1.0492010458367902,-0.4295767314110192,-0.47706995218771986,0.1450441647088929,-0.7579239501287962,-0.6313610034598667,-0.8084305272013185
1.2922146728858548,0.789901986182942,-0.840886407659375,-0.8312967385903564,-0.1583926462406133,0.13068489187315036,-0.18526505458214784,-0.42229578938575985
1.034193293984809,0.8589840289120432,-0.7220965812986284,-0.6379218303144419,-0.5146010764856858,0.5935451686015634,0.6748772807877191,0.17551385605654635
1.5404517157591442,1.5277250420371227,-0.7749668681615882,-0.6822327754035815,-0.5146010764856858,0.9206717132506063,1.7763990576769169,0.6036358398739671
1.4696198486216019,0.8352987216399,-0.7103203665597587,-0.6176325501175741,-0.5146010764856858,0.9024780718622781,0.4944546904593177,0.2516399733104074
1.5404517157591442,0.6915868668559783,-0.7140186030359986,-0.6139385266257186,-0.5146010764856858,0.24640751279790787,0.8638901597822777,0.8811666434728335
1.4290240715446565,1.2126830889525837,-1.205152770170517,-1.159319511691296,-0.5146010764856858,0.09087966737551322,0.23424780836978623,0.022344379991542894
1.2854424339402188,1.2964879653558297,-1.020543764557733,-0.9956560132235059,-0.5146010764856858,0.2973173720191421,0.03575679229395902,-0.048331606735046585
1.5328083096895202,1.4722371885642371,-0.7471458426045117,-0.6491929326805983,-0.5146010764856858,1.2299690613930685,0.9632329064335282,0.7970455121518389
1.3215623011617044,0.7550476264118356,-0.6887881819768032,-0.6864397716803948,-0.5146010764856858,-0.12334995510623095,-0.020604742003956535,-0.25806666117438565
1.4696198486216019,1.143935908884131,-0.6422531130203979,-0.5589126803798682,-0.5146010764856858,0.6031580604057061,1.2577368238232172,0.8227735347554613
1.1715685892515884,0.5423131774005604,-0.7734461007484252,-0.7808243831830589,-0.5146010764856858,-0.5871738598225417,-0.25916635673801813,-0.40124673481578793
1.4777247476159523,1.09419880925501,-0.6546497695775746,-0.5630138366331249,-0.290321694479529,1.0552964718408027,0.8557758230477706,0.4831032829040852
1.3345341385760034,0.888612352076993,-0.7930867716860575,-0.7322714655126603,-0.5146010764856858,0.46018254961001054,0.48509537173751205,0.232962375789193
1.3492177527084266,1.2504944997659393,-0.9110763277926839,-0.7700145581737687,-0.5146010764856858,0.7360567018455613,-0.48758695619504183,0.8480739249401097
1.4449315424932483,1.4631556067748188,-1.0406177512154446,-0.9214041508807788,-0.5146010764856858,0.9206717132506063,2.874631519085413,1.1228142509471761
1.5480411043734965,1.5551751048024003,-0.7470084517869355,-0.642510975511995,-0.5146010764856858,0.7172606209174052,2.6200658956634606,1.3614480343352053
1.501678767206767,0.9727172069231645,-1.0580276460977023,-0.9742452729763386,-0.5146010764856858,0.6794807060573607,0.17152228567767072,0.47029362722658197
1.4281191681674892,1.1399852443461704,-0.985951719958279,-0.9140343727467187,-0.5146010764856858,0.7827763997679896,0.5635928802717013,0.2883213892225138
1.834434543180675,1.0641189340478234,-1.13792486777977,-1.0041493834742468,-0.5146010764856858,0.9919718778058327,1.2014517698035023,0.7935820178247612
1.3759500000039402,1.3268238943761699,-1.275054725661342,-1.251517928497254,-0.42535107535205924,0.31452323190983567,-0.04062436635106531,-0.20703824838611481
1.8775795858276167,1.155505873109757,-1.049698010348518,-0.9650913846793729,-0.5146010764856858,0.7827763997679896,1.8466615822247798,1.3067521466366319
1.6281634156466225,1.042806842369365,-0.7996751958640566,-0.6849440910661241,-0.5146010764856858,1.2299690613930685,1.0776277194045394,0.5638373611572111
1.3027215719546457,1.505068720254712,-0.41530086099071434,-0.3790298762804029,1.5302991712175078,0.2973173720191421,0.9826526861527277,-0.01848349158368503
1.2885397109386396,2.0598606362771643,2.5948378232851845,2.573549752533455,-0.5146010764856858,0.3878200885591749,0.3255791950483469,-0.12561749935932728
1.1703983557931275,0.8496687112259137,-0.8846815179796886,-0.9748597793670589,-0.5014081716617942,-1.4132489208794736,-1.2017667614297722,-0.8769984787213084
1.5548259961419273,0.9779629548474711,-0.9430558680127215,-0.8849415238726775,-0.07923521729726385,0.5646084300475505,0.42342206982076086,0.31585711237983044
1.6895473435505384,1.1777361255618337,-0.9449473870404455,-0.7902237384777347,-0.5146010764856858,1.1258118041604461,1.2402786536734476,1.0659027589498722
1.2135916764061174,0.6030266520033218,-0.6530436474333673,-0.5945574790240248,-0.5146010764856858,0.2053483012015057,0.4944546904593177,0.010790585623647524
1.1235708085990213,0.9560858014368706,-0.3943109790712805,-0.39956793140841596,-0.5146010764856858,-0.03668550448683386,-0.18830258096390973,-0.4652877512107031
1.4024796111741358,1.210702625724947,-0.9539183895566098,-0.886386076024169,-0.5146010764856858,0.7939321411648209,0.4473165105808271,-0.16578355265745337
1.5212402191652037,1.4405281972020298,-1.1728631947073895,-1.0841419876174128,-0.5146010764856858,1.0994711014242813,0.7051995968630647,0.6774367534174555
1.5778734121271618,0.7451112320279458,-0.6547119162564523,-0.5338072701426484,-0.5146010764856858,1.0818424808776455,0.06348463382677073,0.831253807942291
1.2135916764061174,1.8609590563437501,-0.8415407739310863,-0.8224921269574471,0.7585142390198509,-0.20028216612747357,0.007729184504206895,-0.25806666117438565
1.6961559429865094,0.9163299339889127,-0.7675150451611826,-0.6288322046248697,-0.5146010764856858,1.0818424808776455,1.360086765244704,0.9763354497260989
1.2032158080628836,1.2350247377443109,-0.9287663262057051,-0.923496812850891,-0.5146010764856858,-0.43753985773198956,-0.22811774048415603,-0.29306142306346894
1.5786087041923902,1.0198395782138188,-1.0498096123069096,-0.9667100793130988,-0.5146010764856858,0.9478533035157074,0.6748772807877191,0.3831606781890635
1.674191432265819,1.2741245676793183,-0.9402278242146099,-0.8323004519112032,-0.5146010764856858,1.3153302376975347,0.9710182830658161,0.5778854973838343
1.6626985946371449,0.8187367056691035,-0.7633731992544283,-0.6440473536063341,-0.5146010764856858,0.8475446310056906,1.5534082313120106,0.5332904143359085
1.417886114375874,0.9081918964346143,-1.0879823281146221,-0.99354856411058,-0.5146010764856858,0.7266664412198577,0.7815807555080889,0.3933426900663088
1.3937840655322193,1.2654175112159767,-1.0476088920181044,-0.979795210518095,-0.5146010764856858,0.525795210426317,1.2050056133624143,0.2516399733104074
1.3672029437125839,0.8014752533628866,-0.8317982783902061,-0.7808243831830589,-0.5146010764856858,0.23617051948462758,0.37496218281690186,0.010790585623647524
1.3121832544766794,1.2412808118351435,-1.072843067741789,-1.003508818956524,-0.5146010764856858,0.33771904616046733,0.6529992735665455,0.05367243821493292
1.3159447084774722,1.077143848853635,-0.9014280219566184,-0.9117821625138779,-0.5146010764856858,0.1671022826393813,-0.32560452316477184,-0.5197661137082437
1.1927387101377016,1.4863733128060648,-0.5829973602828363,-0.4571268625365215,-0.5146010764856858,0.8291147081479127,0.7180870888709185,0.6895510911863895
1.0910260750228467,2.21977491732141,-1.258440278609574,-1.3432068295788815,-0.5146010764856858,-0.685148450049355,-1.481415092796344,-6.66245490935218
1.5996254111177177,1.6978726774418142,-0.8421653675301645,-0.7548539479879871,0.1450441647088929,0.9206717132506063,0.6965722063047625,0.14926829036805042
1.504045042169255,1.1592931386526033,-1.4137283794956528,-1.410222143875847,-0.5146010764856858,-0.345982852629296,-0.2905913290163864,-0.49733535806485824
1.2046744787315449,0.8900587198148538,-0.9525220986259332,-1.1149559778559,-0.43544364754233633,-1.2671716639070363,-0.8929185948959117,-0.8158984331039533
1.3301192708928136,0.979119879619,-1.1534615747328985,-1.2464881058920814,-0.13860328900477592,-0.8304080567629974,-0.5919981863184592,-0.6959777790503678
-1.2191191104446806,-1.0482635592251812,-0.6612562000011725,-0.9140343727467187,0.4748667853061821,-2.6328300391129487,-2.9498114869539482,-1.8610615180710393
-0.879556782522186,-0.8035078279164938,-0.03900225889698297,-0.3047569075976617,0.21100868882835072,-2.6328300391129487,-2.9498114869539482,-1.8610615180710393
-0.3611628049033604,-0.45955959133650215,1.1595767339064635,0.8683331580499695,3.1134477500844966,-2.6328300391129487,-2.9498114869539482,-1.8610615180710393
-1.1928183505309369,-0.9295546344677833,-1.6894590100392886,-1.845794524984974,-0.5146010764856858,-2.3029050444301538,-2.119405693074243,-1.4355969544139218
-0.6566145440311482,-0.5469879395652348,-0.5626814850932479,-0.6181265523825333,2.1899444124120864,-0.6779219547974144,-0.7456202657655056,-0.6305207738725238
1.3121832544766794,1.032754262971091,-0.764426407104401,-0.728360346369229,-0.5146010764856858,0.4473634099138742,-0.10751327551383864,-0.25806666117438565
1.1639290951489105,0.9156591200631421,-0.9611681746393593,-0.9300045975727023,-0.5146010764856858,-0.025944893422857843,0.11806619656814742,-0.06652550978240855
1.1414528983257088,0.5425963008401855,-0.02974514869407664,-0.012619605630336112,0.4748667853061821,0.011488006032539015,0.17152228567767072,-0.03333439084239501
1.379113165823496,1.2474434366021347,0.8750615331028158,0.873860965228399,0.4682703328942363,0.011488006032539015,0.17152228567767072,-0.03333439084239501
1.3306586002270746,1.6650538649901236,2.634553861988472,2.5971812793953153,0.08567609300138077,0.011488006032539015,0.17152228567767072,-0.03333439084239501
1.4696179992660263,2.20323526397635,-0.8657161967245217,-0.7378130260568772,1.3264687916883833,1.5395921813657314,1.1853989106487752,0.5768863472987069
1.41110531232191,1.2595114390328477,-0.7425837238799222,-0.6409779385832377,-0.5146010764856858,1.0526350302414957,0.4709927342227765,0.5021178894834559
1.3123294753537251,1.1848737765187778,-0.7353472566045778,-0.6903982088207063,-0.5146010764856858,0.12232800960741723,0.3255791950483469,0.1225622527407669
1.9527828852310614,1.7370849417904797,-0.7864152082375016,-0.36681524290986667,-0.5146010764856858,1.3322495088040809,1.222702122144414,0.9374022507109954
1.5118951796058941,0.9662159587747425,-0.917653872487611,-0.7979939485067769,-0.2639358848317459,0.9206717132506063,1.1054547679963997,0.5332904143359085
-1.521570362156689,-1.4721362787918146,-1.0850095782309992,-1.4996465435236497,-0.1188139317689386,-2.966884385769162,-4.836531106255778,-2.88185521464335
-1.3714297090846181,-1.2661902966030347,-0.8859286377274432,-1.3042201654647136,-0.5146010764856858,-2.966884385769162,-4.836531106255778,-2.88185521464335
-1.3920821536421888,-1.2851296715763243,-0.684456558259392,-1.1072489085651083,-0.052849407649480686,-2.966884385769162,-4.836531106255778,-2.88185521464335
1.3632033338032492,1.3596282471618026,1.4289891374535337,1.5291056647154626,1.1345120265007607,-0.8775875995005051,1.2750782160413774,3.9427965640857576
1.3055860056640203,1.8999030536216042,1.669792530750584,1.6673551234407533,0.1450441647088929,-1.5351184933779158,0.5407510719798126,5.734421929977848
1.2970966806697488,1.9788341827095097,1.6513127709139386,1.7746414048725083,0.013115116469977142,-1.4834200207386445,1.5995672275766375,5.803699989756388
1.7092523738258294,2.024957051018958,2.9294631421715223,3.0286841906696504,0.17802642676862174,2.349330349854604,1.7318602052292185,0.5978897321481953
1.2885397109386396,2.024957051018958,1.9806021566935739,2.1007637870858056,1.5105098139816704,2.349330349854604,1.7318602052292185,0.5978897321481953
1.4196604328356928,1.4811254483748555,3.5731326812841178,3.6973461809045296,2.38783798477046,2.349330349854604,1.7318602052292185,0.5978897321481953
1.3055860056640203,1.8750225470344435,1.5806175416901276,1.6377728304345098,0.7387248817840136,-1.4365888960320643,1.096212232466589,5.485644372806237
1.3055860056640203,1.9146537976638713,1.4736030753205063,1.585531067374137,0.21100868882835072,-1.0638823533333366,1.5995672275766375,4.570909530779922
1.3947907292109982,1.1114348934550131,2.3653887854182827,2.289720525890193,-0.1188139317689386,-0.3228928259307252,-0.2905913290163864,-0.4830188651452922
1.3055860056640203,1.9018544206793067,3.4455627161865485,3.3444374910374024,1.1345120265007607,-0.6972130906244656,-0.3546076301619808,-0.5784002438287653
1.3055860056640203,1.9444575507433726,1.6356942198704871,1.8448388363985424,-0.013270693177806025,-0.48736883625598515,2.671001295736042,3.762822027849164
1.3055860056640203,1.908301527244544,1.8486306323800268,1.9336012252785557,0.4748667853061821,-0.6073471833052778,0.8435564989172806,2.305129612716932
1.3869805564636084,1.1615471839349505,1.4701225383664709,1.5957594887899695,0.5408313094256401,-0.48504148433583155,1.718784942864113,3.7665152082294475
1.3140087470318138,1.8101359174127776,1.875952951714658,1.9932271015500935,-0.08583166970920963,-0.48504148433583155,1.718784942864113,3.7665152082294475
1.379113165823496,1.2350226212374082,1.6098455206408904,1.5962937375485824,0.8310752155512545,-0.6467130175234291,0.19784259773877455,3.614038223478303
1.2885397109386396,2.0288066669191362,1.4856235219984015,1.5232065407236424,0.4352880708345073,-1.162650242359696,0.7605885074503572,5.206363816561555
1.2799140097908654,2.1543723624673228,1.569984468790954,1.6639671399728162,4.109512064288309,-0.9390090117220238,1.3433065871147314,3.692185091860854
1.2624519336757727,2.271544975599149,3.4370015968602763,3.490922850247057,2.486784770949647,-0.9390090117220238,1.3433065871147314,3.692185091860854
1.355159146232682,1.4385866890579204,2.0008036069708948,2.0465107781440235,-0.2507429800078543,-0.5305978640343411,0.9632329064335282,2.2857382027089956
1.355159146232682,1.4811319936126635,1.3990922030107753,1.4677677599240588,0.07907964058943497,-0.8960694194519128,1.2750782160413774,3.640980610007551
1.355159146232682,1.4424587031873495,1.4554655358460427,1.5522205618706166,0.7717071438437425,-0.4490890199128416,1.393324765005356,2.398545735874963
1.2447012151669763,2.420649655188794,1.5875772198905787,1.801092518397757,0.3165519274194833,-0.47574160717271224,2.711041141333115,3.7492031845865212
1.2447012151669763,2.464946995465876,2.4475706599607343,2.6432820861447723,0.6661639052526098,-0.47574160717271224,2.711041141333115,3.7492031845865212
1.4102427083062494,0.9819962833036215,1.2790089945398968,1.2759903678203144,0.6727603576645557,-0.6683009164708962,0.24969489559996105,3.585225910296972
1.3869805564636084,1.1592910221457007,1.087736646623051,1.148137044066722,0.17802642676862174,-0.6144843316726986,0.9040852047849619,3.7024789948266896
1.3306586002270746,1.6582844334136286,2.1087161315405276,2.321160588518738,0.4682703328942363,-0.26146896511716816,2.818065017520896,3.9362116723460385
-0.6693579151448942,-0.7771069017839679,-0.5418253374322444,-0.4904452969684589,-0.5146010764856858,0.6870568316447808,0.39930535200219186,0.17551385605654635
-0.013025184188286073,-0.22623419793733998,0.8930314691021087,0.9203606206973075,0.9366184541423872,0.6870568316447808,0.39930535200219186,0.2013145601651859
1.3711877127347034,1.291017911464265,2.43787751968519,2.4498138807911154,2.1239798882926286,0.8860537873660423,0.6748772807877191,0.28316010556464155
1.3869805564636084,1.1497255085924662,0.3458024641254508,0.34748242423757664,-0.2111642655361796,0.5131235564478999,0.223898379574634,0.40647829517599265
0.44147636608014035,0.07709332686823815,0.7970044993018373,0.790049133292527,-0.19797136071228802,0.5131235564478999,0.223898379574634,0.40647829517599265
-0.8228571268113247,-0.7679015829885161,-0.19529729772432217,-0.1808665393715453,0.026308021293868725,0.5131235564478999,0.223898379574634,0.40647829517599265
1.3140087470318138,1.8645028364383383,-0.847868345685446,-0.7254771472447492,-0.4420400999542821,1.1137717098732856,0.9436665609529048,0.476583828306587
-0.7866550239467538,-0.7435752239245172,1.6752321696652397,1.6037310159115397,0.5408313094256401,-0.004524448178566132,-0.4102926312985035,-0.34710988531808445
-1.246080208996646,-1.0852075231650662,0.014986128482710062,-0.021573032267601464,-0.1188139317689386,-0.004524448178566132,-0.4102926312985035,-0.34710988531808445
-1.2370177584280981,-1.0663316533091938,0.4490045064614675,0.4033037123651073,1.0025829782618452,-0.004524448178566132,-0.4102926312985035,-0.34710988531808445
1.2536132498771215,2.388929468632553,1.3232585769478502,1.5112580986913955,-0.31011105171536635,-1.0871199119548767,2.383238993921695,4.9421440730502
1.4102427083062494,0.9532566849506773,-0.6885165148763566,-0.5919140133474774,-0.37277734962885134,0.8353599387103193,0.9040852047849619,0.6134249739325287
1.271218464148949,2.2252451531324837,1.2099658097023218,1.2673351489222047,1.1978379696554402,0.8353599387103193,0.9040852047849619,0.6134249739325287
1.2885397109386396,2.094191386885668,2.009445096171798,2.0502483199728623,1.4557592589625206,0.8353599387103193,0.9040852047849619,0.6134249739325287
1.4254755029902262,0.8270967887035833,1.434502243831745,1.5172576345063682,1.5962636953369658,-0.5352910526057311,1.2402786536734476,3.6167540227714627
1.3632033338032492,1.3914905791581615,0.9383001988778175,1.0692547631591507,-0.1254103841808844,-0.529425172933436,1.6598613048663715,3.567112500867882
