PC1,PC2,PC3,PC4,PC5,PC6,PC7,PC8
4.874166806421983,0.6572831580640637,0.28157946927185473,-0.9117579691639051,2.609213066590512,0.0008775326668868382,0.536553297529074,0.00811613002140797
5.228829394652472,1.2276249841155689,-0.02169094148482152,-2.313713464510579,3.681584829425402,0.34186408190716433,0.45572352124101256,-0.05296550292290585
3.7601151568618105,1.101590382595435,0.11770930522348523,-2.058669764416881,2.083235064215174,-0.23726154624666376,0.15943435595459488,0.005849743963677885
3.591026008631825,-2.2188549849758337,-0.17274392631547406,0.48336419193250635,-0.6645887982247941,0.28969367002646856,0.4029419786950353,0.0005375490770483594
3.890151020412876,-2.117946845945684,0.10283142783709828,2.5423478883854167,0.028726330175508092,0.09222790515399296,-0.2239677492968196,-0.02153330632981552
4.209840142407405,0.06833321475465676,-0.0695451666547544,-2.501550530576093,3.3410424616842502,-1.1777691207379395,0.21970980899873566,-0.008762152837259042
4.60375376759232,0.6680270174484861,-0.509761052687162,-2.0488939256817305,1.621974740431787,0.3061547369533492,0.4020281585771965,0.012531970766863645
2.432389892752454,0.899253981216279,0.9112208416004491,-1.694380275982928,2.329298094037946,-1.3605871388637318,-0.1671713364375998,-0.011807824232917895
3.6116751311640836,0.17275171145105545,-0.2536112127037596,-1.3187904927367695,1.1021460995313568,0.008865285156197649,-0.060785510671459625,0.006658311174514166
4.091924055246146,-0.4132024040343046,-0.5139408636737666,-0.23166353128042033,1.4295734528627588,-0.019498915401514844,-0.431027111762785,0.007178507596230856
3.2481042335081254,1.8619687298039407,-1.1895660152787213,4.270065325330836,-7.95982944825028,-4.094659435475571,0.7697074143513941,-0.058243242141472265
4.631067769642108,-0.5823870503516768,0.7009125054360784,-0.008110092459041922,3.487035734260788,-1.0448591505927445,0.3199716845442397,-0.009645363639897877
2.926366239574701,-0.7440836770217208,-0.6108369436031327,-1.138461513361764,-1.13882528905926,0.007275465877612094,0.1305096912289401,-0.0022024025153436974
3.101203122514474,-1.046127187391935,-1.1747442623819864,-0.7791303586092166,-1.019619920288453,-0.035512850939516984,-0.44092847979077315,0.0036834128862153898
4.04787450630422,-1.732038029702317,-1.7252258523037438,-0.7249035638839073,-1.1367332813403694,0.028072852235116554,-0.12529399349951553,-0.0017706480411763396
0.5629692543657306,0.8975476808162532,1.6512616668486073,-0.5137266113391686,-0.5416400055355387,-0.05428969053765529,-0.22443752490705152,-0.0035196246207238567
-3.6829097978398546,-3.2018594094596384,0.5249363723170878,-0.7533482807102664,0.08584529394913092,-0.3456047307233154,0.09225572958774607,-0.019245513286908628
-2.9012879566515433,-3.700840669566405,0.013480672924318702,-1.0467865919338344,-0.15662480187271327,-0.3262732837458719,0.005097890098617989,-0.01150160182710411
0.7982563728000109,0.05018436243932926,1.2608501423472163,-0.8673749667916975,-0.5635060057811434,0.26280894091456203,-0.1848075850741889,0.0059925926481839645
0.872214654539024,-0.3330401799563739,0.2531273254357965,-0.30825834932220614,-0.2910576734945682,0.26982330181143566,-0.37534873204795777,0.00701876941203145
3.364469704166969,-1.8590823425555605,-1.0145679842163586,-1.2104379280361488,-1.0375911126743214,0.40678421160774403,0.16923887085990652,0.004011395154361887
-1.8571440868809812,0.9460146176616249,0.8923805100666375,0.4721504820411405,0.4881765096615632,0.08611204269323862,0.253881204158702,0.002165912508221715
1.4008617464642357,-0.7631994896320735,-0.6733606742506898,-0.6361384273719658,-0.45824916185983033,0.3044084314666909,-0.38740089743629946,0.006312526805295702
3.6003122811540105,-0.21647074075650527,-0.5502859535496004,-1.765575575012484,1.0208511893248307,-0.21361967574657786,-0.05719073647090927,0.001707486065429445
-0.9715196558720881,0.6042553462664667,0.058095787982425096,0.7946283283109449,0.22942959825412151,-0.027702224770886116,-0.012150599108746253,0.0016730215911378962
0.4358458471063987,-0.18779662949162634,-0.24955007642139115,0.3616522321745919,-0.22004255511092088,-0.015927908724763476,-0.21727245171820558,0.0013074928324138444
1.357557776909757,-0.9998180520122557,-0.4646850851081332,1.3412858019846838,-0.01787547802900432,-0.012402535378697984,-0.3446266976602316,0.0011188950138850372
3.526477821937556,-0.25099356397559475,-0.4172051628527254,-1.674625482404463,1.1409852751735032,-0.12264692617643073,-0.07691187907996139,0.004438002800583941
3.557041888802013,-0.3470552945581465,-0.6636117886156295,-1.5566677307647983,1.186091377893454,-0.14447601977967797,-0.35042049711443435,0.005479611236399158
3.130811408931871,-0.8920586809641624,0.9578175661136656,0.8820395573771395,0.3396756145204632,-0.13256311966281936,0.40378965334704864,-0.004662350522347595
4.357741773406996,0.5358320573960051,-0.4578851541396204,-1.6722776377498956,2.1035748422508775,0.034969024324518275,-0.05357752649282486,0.011206331956949738
4.472200122269818,0.4254505457754065,-1.183494450240778,-2.143694376302608,1.9339689137809624,0.023136321816350575,-0.39606395494445357,0.01283778397754996
3.2859831674950986,0.9186975490318631,0.4203192470232035,-1.5965300328969168,2.1976894867038057,-0.5268568792295184,-0.07272057986521031,0.0013126760530363915
4.040248755774783,-0.05462394595194056,-0.4731492334829163,-2.1792173500870122,1.9551832138482925,-0.8427003580179543,0.15211133382376296,-0.006655539152462586
3.4723494333182123,0.5720985822451687,0.26069473609508437,-2.0141069412022,2.16894606568065,-0.5679787388258601,0.15084343374746498,-0.0017458219748028847
3.9378569660149227,-0.989019344149274,-1.6112320811655612,-1.4244410030608898,-1.459138191403144,0.2009047444879522,0.19478111196796513,0.0009064103484118343
-1.3041756223193792,-1.5497485924502505,0.8391126802197221,-0.7389089963134987,1.085277558561975,0.32120434569381123,-0.533895157484402,0.011687120273577458
-0.9539555134132162,-1.994961114289645,0.36951380240935827,-0.13377346042654611,1.3103875251165795,0.3876638009815136,-0.05559981519407053,0.008482868573666428
4.509337524762935,-0.22817312182173774,0.22548698518912175,-1.8266369627468781,3.8386637089437294,-1.4379708015806199,0.32264613352781096,0.00410683034896491
1.6656281370170682,-2.678700280553045,0.49091989355553434,0.12206128342682743,-0.5066227968081412,-0.8702775808201549,-0.15048907113024076,0.07787690716746533
2.828387009587359,0.2656201981808745,0.22115738331816417,-2.061892123585044,1.9127219384535339,-0.9554922412931337,-0.16311676559296195,-0.006351608092860642
3.5866341990436754,0.11077613633362902,0.4559757039456247,-0.6782202070031236,2.7951410970543136,-1.3784245910065824,-0.20816216314081473,-0.012734842635175358
5.597683071846796,1.3303401974938187,0.18805202995154596,-2.099861526808357,4.387651387313466,0.035025231340519734,0.5673387183223366,0.01782129971506465
5.74950854921766,1.1496376797028822,-0.09911611841700048,-1.9622838550453778,4.42174005700212,0.023186034386773385,0.36050793632162775,0.01719952629393855
3.9142385614538773,-0.9278346542176178,0.18187845725401114,-1.548295069721196,2.9362151002965713,-1.7935414222639534,0.2515134668077154,-0.007692175391433957
0.6105350643310319,1.0693074621257583,-0.8616779028561746,-0.18207357938562524,-0.1459877831424135,1.0033845681932667,0.175944716693033,-0.05493293053521864
7.2705376428839505,0.6075374674241237,-0.42938642808962246,0.41514336534140217,4.874725983620781,0.3707422547079189,0.11347637628728834,0.02395542782260277
4.539526758395156,-0.6414563487832503,0.8047530503834521,1.8689168202921365,4.1364752805417755,-0.9780795699788323,-0.6825904300653522,-0.002358214107148187
1.8677056599626745,-1.6027833715950233,0.19503065241990186,-0.689796196438273,-0.8135107371907846,0.10948100183853976,-0.10080978255173252,-0.0016721789807299977
3.2274030857918063,-0.9863217767989575,0.09904098843819799,-1.2891603716502293,2.4457243278883323,-1.729989840605524,-0.239389533428255,0.004841550085490244
4.941967908562693,-1.8444152164366086,0.3005859402341761,1.8734596705627558,3.28626739236301,-0.9842475360825602,-0.30992319535497465,0.00982133810277242
4.886126859737827,-0.758944072857714,-0.8237855443515824,-0.26314042734284754,1.9598538626157869,-0.26440480194656557,-0.26333695356934883,-0.0017573614479032644
2.148023745579693,-1.6496532164719167,0.2502917211328879,0.20304828531291877,-0.37452438929431764,0.22745403793446936,-0.38866679307537644,0.0012568599022177555
4.089382731342119,-3.7281087360875844,0.6321227605350884,3.2800363434435527,0.258915996488849,0.18290454500989783,0.29756105383961196,-0.005120280048362149
0.8992893588130598,-2.3466841475113362,0.28982489217663515,0.4872515984508492,0.11819089118046355,0.24690873925315884,-0.47833708628322613,0.0025361594573173655
1.389454878872133,-1.957110240770193,0.1363165000329218,-0.22393413408288937,-0.5505778921915004,0.11442386237589969,-0.5037652389960543,0.002048149602118124
0.5210647675948832,1.0469730596570213,1.7996450030726792,-0.3859123933756292,-0.4507280527046943,0.9165429130745018,-0.33701307452783097,-0.10550223539762421
1.8009826517258476,-2.5984927172524714,-0.5782371373631822,-1.4080575050610584,-1.060891468389094,0.09183548363647316,-0.36872439362750176,0.0009628416944802318
0.28332028648899543,-2.2494863730014347,-0.06350295694029974,1.4251763812701368,0.3283553532733205,0.04612716766833309,-0.31822200190078254,0.0005461839167312893
5.1036576042299515,0.5264609395035146,-0.0690634801470024,-1.3611859844645584,3.105261241938638,-0.05920757739194547,0.34731821098446775,-0.08573931431845394
2.2778223722152973,1.8435359586549758,2.185191658892194,-0.29050222873324505,-0.5633543380005197,-0.40408352574365847,0.41031377931277757,0.05391341252475158
2.9351661715298727,-3.1476812700255294,0.5637120285636753,1.4054141953246675,-0.1524235029582802,0.18064592805447788,0.18266735141233562,-0.0012361311819130464
1.9386484715057648,-2.9683122467239436,-0.502806143801208,-1.416417635540471,-0.42936412916658345,0.3350826533126729,-0.4281684865989753,0.005655105050881095
3.320535524707793,-4.093142443760746,-0.4047253317495709,0.1637671713080146,-0.07233702668086664,0.4344710504699684,0.09127448375520832,0.006593765920879264
2.9816490280667978,-0.7724792787204551,-0.42324550734570326,0.25075869079740976,-0.550893772769807,-0.20212947270798814,-0.4368630687110236,0.032598800057144064
-5.408384860822063,-3.776023561206383,0.13195437646444605,-0.13634388941731276,0.1251850584881731,-0.9340628263648065,0.037904319174064796,-0.022616502891844876
-5.182869226594825,-3.9690221819621674,0.09674818588601705,0.09437137239288824,0.1707969693566667,-0.9315418133375213,0.026745503115616312,-0.022481025064318
-5.5396879196689275,-3.703866414846572,0.23003916137929215,-0.024430575617554552,0.18830120719407598,-0.9403778605303204,0.028455560821824558,-0.021710146475402
-5.237710371715767,-3.9830364855881486,-0.35814652997681234,-0.1191738330496016,0.1309897400493534,-0.9248460462175097,-0.03100098205495398,-0.020696663295399226
-3.1535518390641233,-9.867860075024193,2.6088726419136976,-1.822446782122954,0.2096726525765562,-2.4599177460591837,-0.047172627805041285,-0.04729899317843701
2.179284068440765,-2.2040730450060875,2.0954335507372446,1.3780861027955265,1.9764683035146946,0.3061643949235622,0.015624191374039758,0.03066328444351557
0.24775377729352752,1.0538963025701125,2.2901123154584155,-0.43585683380571993,-0.7549200971478165,-0.32578242979654326,-0.12033609904374859,0.035803019611843664
1.56526924411778,-1.46139603453703,1.9696705937517303,2.0697537740888485,0.15584739189026936,0.24735866653962385,0.19661556700273267,0.0007979343711863038
1.08325689678811,1.574848793686674,1.9681304689847714,-0.4204902931409616,-0.8057170172427773,-0.0625112361355624,0.12034187998499662,-0.006956719981269255
0.6181375917509226,0.7719769775731886,2.061367179602398,-0.17455014184128131,-0.4715412231692542,0.035026279002885685,-0.2178062976449076,0.001530669223746305
0.4857205409917959,0.950331656474754,1.5886055224320896,-0.40251122348126656,-0.7764664101288002,0.08206092533996037,0.27200038074045724,-0.0013034456098318004
0.6754694824656693,1.3132383019172933,2.4582778362786284,-0.46660701225577744,-0.70065799135559,0.0017909708960195316,0.6920597271584807,-0.0011460241554036826
1.19173576018025,0.11372467973165727,1.7872161635733514,1.2634812421983208,0.09444000065240646,0.030898526980323828,-0.3437600087992414,0.0015473001489239662
0.7801413992377794,1.002468373447788,1.8610413158302288,-0.6782402504785683,-0.26542727765301577,-0.26153629666605255,0.37132882086741326,-0.02605728985530126
0.4581699045597946,0.4533046111813847,2.5457816208408404,-0.21186289198085212,-0.49277163081809305,0.00937785733527317,0.27498849476292964,-0.002558397916603647
1.0834845104855857,1.301722000319019,1.7455123135523734,-0.28978641622177803,-0.3106380062946106,-0.1757272060432551,-0.06527386727899628,-0.0005040295743239251
0.3503449814782726,0.6759203399826063,2.55576915960097,-0.49814265572639954,-0.8383400354293791,0.017239639821993235,0.22785346715290586,-0.0021499548742357428
2.0994260187444396,-0.5887969160324564,1.9615769079351517,2.7121566068203076,0.1621520586605274,0.21022516763762872,0.43978310246723534,-0.0015410575324855524
4.414933857621192,-2.1793549134560424,0.02921877504289715,1.9414715148430222,-0.46643877910753434,0.3167460541198452,0.5491587456867592,0.0009411112933831123
1.165737379597357,1.696288847364223,1.9615410422715318,-0.5626960231744023,-0.2696628832304652,-0.19957572127069745,0.17116816079667233,-0.0011103170039141765
0.08646581518099149,0.8308443247665859,0.16321925086085734,0.29293986659084176,-0.18429684881277736,-0.024158568799727866,-0.3544864214788129,0.0005293826445693901
1.2319537717148135,0.8616788828183911,2.002566094062192,0.2706453368990736,-0.053862302734632474,-0.16218245200549528,0.33071221834403075,-0.007214791138167755
-1.0898117890959265,0.29023036215342474,0.33064415073275943,-0.24871887141326107,0.11338988027015369,0.23831853800455804,-0.3908429195944167,0.004643605273996058
-0.36311454747541627,-0.04963443295541016,0.43327565914915783,-0.5380335168911372,-0.14641565835020176,0.27532517031260845,-0.13593653445649095,0.0054862416045859804
0.46555546821000027,1.0917731201607324,1.2832676074621745,-0.37814263916343166,-0.6236881033421844,-0.13917324405203743,-0.35208845942637473,-0.0009658662649021544
0.7259096025351663,1.063318855656462,1.6179500940622833,-0.7157442467303032,-0.008168717854367949,-0.25580007060705073,-0.2788599383582039,-5.5910034134288696e-05
0.9852512091508079,0.6899509837536462,2.1908032302272415,-0.24164374066812716,-0.737512508688493,0.023181199180975828,0.8062006728777962,0.0066736197733674885
0.5949928862738836,0.5681571599346222,1.492731158827616,-0.5862965635179088,0.3689031755358435,-0.18465758544985764,-0.14147882114862323,0.010730994619847481
0.12066817983879648,0.3037218973285633,1.9112185689426877,-0.09850136178242716,-0.33239828022204887,0.20425790030033059,0.07822989022040137,-0.0019972601831652116
1.663473926248508,1.6969298049590764,1.9685226213858829,-0.4807876457127654,-0.8835125285100746,-0.015759707297523125,1.055847215810729,0.0006945439333136644
0.7839824711734822,0.3051750870364128,1.5470880079749885,-0.6416694689787287,-0.9007282153959701,0.09762699115274204,0.4012109093409157,-0.0024839916398038775
1.1976578248505605,1.2930291908057894,1.698716451802377,-0.6762166926759084,0.11847923278492858,-0.16673046826130453,-0.26364795787489415,0.001264124033126752
0.9242825963960071,1.346160802827678,1.9462776538248225,-0.5240462571692855,-0.6550932727736678,-0.668447766305963,-0.1761436470704431,-0.011039250610345636
1.2291356398434892,1.7003238957254254,1.379722126049619,-0.3465836332804542,-0.8042969199180573,-0.1946386236393085,-0.2517974454363608,-0.016080471983787484
0.9977427116566757,1.0034971582288694,1.199148565095869,-0.48743636144233937,-0.8516109163399553,-0.030098493140275923,-0.1380581037468653,-0.0023532888990811804
0.694938504866499,0.8178789910319064,1.7185050095849719,0.06088609498301871,-0.6132894237127425,-0.34234110380450555,-0.36594365422004616,-0.007046832148483295
1.229500637446671,0.478257123009222,1.6260868666692974,-0.027215171240222383,-0.8776598602886327,-0.05038632415656332,0.2916466668054979,-0.003514302396640419
-2.1910679403103015,0.9121498990235061,0.5941527707884435,0.3026533047992452,0.22846290895947657,-0.06458126457655439,0.1647088666802863,0.015199936507827052
-1.1898500079726722,0.5511966796496403,0.3408350253111249,-0.05942194477514853,-0.008523833691180711,0.09747058272342815,-0.042598817239228134,0.011822810112226679
-0.3935296226548059,0.04618224815315228,1.0322728027975667,-0.4979131565984585,-0.42074777350436127,0.22674455481328892,0.0014330730805821852,0.0003123260466407617
1.6970543073069684,-0.5945858588077104,0.39516346534130714,-0.19078011307175996,-0.7740572320556282,0.017964027224405592,-0.1167598241423024,-0.002266692394062244
1.8940429126264333,-4.222085387190776,-0.33095816942643363,-2.4124540927826312,-1.1273613664040967,0.6132657523866558,0.5552697585053085,0.1851546744213388
0.730459727691289,0.6981002679220784,-0.08637733344669862,0.9834832683020556,-0.014799502508206374,0.011494393302223462,-0.21568958354803056,0.0016958888031061966
0.3679723886532513,0.8590144750047638,-0.034419506918225456,1.2577399297948195,0.16704029213157603,0.008899419017406098,-0.15983045558205933,0.0031219912716696253
-0.17372021455856307,0.9675990637140753,0.1808449190570629,2.366181141386084,0.7014458535703486,-0.0027434910335992204,-0.08442626111978686,0.0006709521674695587
-0.5537132449000426,1.449498055643652,-0.41669237430696643,0.694694131924282,0.17729235651217093,0.025769378129008206,0.019751896094250265,0.0021553184975148833
1.3394476746725306,1.6677158665472878,1.357755401856243,-0.06692931320706588,-0.35232939621334824,-0.10195610631071828,-0.29114112611977067,0.004356341390442689
1.1096904699917707,1.4331788737872888,1.246563208810854,1.440237806717433,0.2927149681828721,-0.11346700667609377,-0.33505816672425204,0.006643405631544833
1.6430521883820552,1.299606353864801,0.6365250318987227,0.09965155853373017,-0.29871629337127814,-0.08691477543437975,-0.38027502146098063,0.0047954343129456125
-0.7671837571565893,-0.4047722244774818,-0.03499544456121486,2.4219376043357648,1.0588737180485046,0.11964735490404388,-0.07334908924421295,0.0035300019315168936
-0.14858067818993306,1.6790666976405422,0.30934214228839635,0.5330375124553293,-0.029569231143932118,-0.08300112747719245,-0.08413624912681052,-0.00013531903797582665
0.10326988782429797,0.5849127723444012,-0.09260699491386426,2.071272437199959,0.5194827300728188,-0.21671718870916495,-0.09736254740528563,-0.0011121006083752677
0.9960080878674131,0.1235046388266779,-0.38577733022030536,1.5281434285497904,0.13711464645032678,-0.20468934834691221,-0.22036086474302913,-0.0031326080860711314
0.6831893573072871,1.3033125820710505,1.1059507853067025,-0.040264343714539796,-0.21882251295761526,-0.08281285072301643,-0.3021515407569196,0.0008873184859398508
1.7896323487418622,-0.3432790153524299,0.33671457135223487,0.8266880865549101,-0.325080009408767,-0.3117635742067909,-0.42302566278254083,-0.003249729932139075
0.5196145291899504,0.5234020229118337,0.07987614833459314,1.289786388127898,0.16372642320083092,-0.14152464185600935,-0.1921290842912947,-0.00357666993390334
2.619883298286636,-2.6413942443165617,-1.5824486350875149,3.4836113746361725,-8.55225314921399,0.7151961534367661,0.589815159068901,-0.019321793170615637
-3.935010142914572,-2.5924621544118747,-0.007642378080942352,-0.3250948129421485,0.01672238748878749,-0.4218263220627378,0.12058147510049252,-0.1536170265548447
-1.786213328675365,1.4027725634990313,0.5463496890412336,0.39702175752981145,0.18530561690923453,-0.033090320895918277,0.41217333950213103,-0.00045155370081530346
-2.8661355878918897,0.042767131478306804,-0.30088628236501724,0.19995500064750868,0.6427151569365143,0.2546637832825271,-0.00813323233173581,0.027581496451760078
-1.6034722844882212,-1.4860805632807719,-0.3229411918406339,-0.26162593763694025,0.39877572352928614,0.3147348773938567,-0.06527092465219717,-0.0274490679848927
0.4496458833784785,1.045971250747266,-0.2004810735310496,-0.26556973172882775,-0.25890413790178574,-0.10409424577619411,-0.4954370090878697,0.0015054902616779661
-0.929068975013983,-1.0657006126361313,0.07269233195717678,0.7301524570039997,0.28477342247551135,0.04986024894497852,-0.12125678356099152,-0.00228441051028517
-0.3136835976882125,-1.5199367451017647,-0.6045941941199193,0.5137153028152204,0.12210227532686686,0.07495972912549924,-0.16679012096418663,-0.0013597800266713584
-1.9960803044154232,1.4087993604799376,0.7811734221852311,0.400057525129939,0.274537051256727,-0.10239438356044352,0.4019210421234833,0.002840047779631127
-0.2581704923728126,0.07699529366075783,-0.17474747514754352,0.8806335209418934,0.14967980946916473,-0.10193310361630921,-0.09813862473310951,0.0032987710779028624
0.006058113663015968,0.15481921156165296,-0.3110473292651836,1.2608310757409373,0.10167428535060286,-0.08883518909553112,0.08189706170884933,-0.002582921192515926
3.6568217268960943,-1.4525360879663696,-0.7170250395386989,-2.2013916435327037,-0.010662028043391548,-0.4053956342471355,0.6406393533080285,-0.0064121386217398536
-0.6967703968962511,1.1189136246606923,0.097727725251672,0.2532612221801579,0.851375084918758,-0.15603677167543695,0.21498757693642287,0.003367988889455809
0.2455879173505374,0.5952939615006142,-0.11461896019972675,-0.0652208302133,0.5297895572663934,-0.16798599894249172,-0.1195926314358126,0.022824505004303546
0.6582819861475174,0.20319987457757743,-0.43822246991569247,0.28894031998419734,0.5969645240506578,-0.1762482010519314,-0.33043842250964833,0.01036215116679725
-5.521974067022022,-4.212430047638115,0.8206077369266893,-0.5663090828804038,-0.005160010780657653,-1.122321846195695,0.20454636517033034,-0.026678166957554508
-0.8964945968945744,-7.70368034987283,-0.1318767403586319,1.9252815173863151,0.05472493717681425,-1.086576211087497,-0.3255335887620764,-0.028673827229124007
-5.3127149754338765,-4.78078856563144,0.5946643675372477,-0.7648023892050906,-0.17129267171237236,-1.171048929259649,0.22636086923414767,-0.0288969273103203
-3.4550158480299205,-2.854629584787267,0.6096781167012424,-0.7131419176348882,0.09707702264766667,-0.2553228377188092,0.04098249459769497,-0.0075950644716057765
-5.436724317577821,-4.64383814472134,0.7868682397126728,-0.3597209503647816,-0.03401018318710962,-1.2022796824478341,0.20067128535056364,-0.028585064220561722
-5.07279946640074,-4.822088006778389,0.5986747550530849,-0.6879512689573181,-0.2214698015249115,-1.1848294766896559,0.24745285481167698,-0.029644815843245735
-4.80905550811796,-5.05216357501011,0.28023333795861316,-0.6514042897255433,-0.23880198851275417,-1.1747598644673127,0.21774361387106198,-0.024656177703005037
-4.864046442590549,-3.312260535492671,0.9747269356220091,-0.3987916054087118,0.11572601868572835,-0.7295927628656426,0.22663081415131714,-0.018149652368117407
-3.7475827508815565,-4.319166099978122,0.6430043926226263,0.2056564726818965,0.3457133725919199,-0.5951265777077096,0.06977748327536648,-0.031326225786459494
-1.1892514586633585,0.0852707247246113,-0.28218438984918476,-0.16698755523254766,0.09717528010358431,0.10597630275069707,-0.01007179878847122,0.002644487036064626
-0.45930672032103503,-4.356498609154661,1.693539968234229,0.4282667005134773,0.21500198222336486,-0.04829678558082495,-0.5165143128510995,0.0025253834415287506
0.272411240399478,-4.967523708860469,0.31804519887321725,-0.042411061586765386,-0.015457534711115443,0.002922218509340716,-0.5272632851004726,0.0032907982376736704
-4.375721418753747,-3.656212298710036,1.8091919518816155,-0.8094141164480024,-0.11632704067081329,-0.7709699287667631,0.09931980512995382,-0.01909483763735667
-4.3515936024427955,-1.5523016935656635,1.1082359187802746,-0.21463510308814382,0.8030396316343615,-0.023164529228808503,0.04843650242544138,-0.0007101235732008437
-4.078102228901169,-3.9181273053086114,1.3878725744131322,-0.5933924642523424,-0.3899700731510375,-0.8158477303416033,0.0757151880671848,-0.02306281059797114
-2.640035681398002,-4.388587597869751,-0.37136134046602615,-1.2321642554605654,-0.49816782972287416,-0.6532612694971113,0.004681459992535029,-0.016966909758933148
-0.32062142922008285,-1.3100265972650522,-0.15766113816747981,0.43599508565651746,0.17833449962462758,0.21007765025091857,0.191623572583631,0.0037248496324699897
-2.7335668122659382,-2.5877514242958335,0.06547737944160813,-0.11294316741085098,0.3829222439992098,-0.057355622830252424,0.027727684189595505,-0.0028552747352130637
1.0794693736863086,-5.05514495938439,-1.4039770991877367,-0.4712520273229545,-0.4633090112612218,-0.005651340720877703,-0.47402414070312815,-0.010966981066044058
-1.4850452668826313,-0.7707722241269179,0.6236311847731725,-0.1460370812070508,0.27288536764737586,0.23323276464387344,-0.12184551977657115,0.013015040400511872
-2.278608586770947,-2.5687118581586774,0.8437546815588327,-0.5266679442355606,0.2933181453219979,0.03144662252424958,-0.1262218212143319,-0.00044810796426290834
-2.0184421696085346,-2.8918633889225944,0.14072652264710808,-0.42922129658635433,0.3328450525899959,0.05664675022907907,-0.10984450070771717,-0.00017179399489090872
0.294779570031652,-4.526739563475222,-0.2641094923431933,0.39977194423513457,0.19004653291247162,0.06661878887977671,-0.44780703206749767,-0.0011345165881626452
1.0841765656485307,-5.039368139867967,-0.009918798968406011,-1.117332980228949,-0.5771541153322527,0.02010862813273561,-0.3056134508837944,-0.004176284208608667
-2.2316297310154063,-2.7128214347300736,0.30555053371789986,-0.5890094795298764,0.4892577726608626,0.27620418103293515,-0.115013519048105,-0.028223438183820254
-2.040836868554712,-2.8746749767810265,0.12304979867729844,-0.5285918990848841,0.48694221777807195,0.28411894470610694,-0.13057788458366756,0.024230307875066
-1.3585898158254588,-3.397844138043149,-0.37342905633630724,-0.4623458086011445,0.4054339079185176,0.29976425835347004,-0.2008520462430299,-0.03086290182320464
-0.5471140999068234,0.9313970045645519,0.36670406218678026,1.2710133887512265,1.453880768402742,-0.5975917264010362,-0.02114007786647677,-0.012620512620163801
4.539448550658335,-1.7577602070032488,-1.6892271919826067,-1.927322921454004,-0.6673169863141513,-0.3772051651258386,0.6120413795449045,-0.009703182092588693
0.7505459101043446,-3.2830551365937177,0.4080904952634313,2.957353317615722,1.3374079606518507,0.11659865819423416,-0.46700829013048234,0.0013499943626932127
2.66873240437237,-4.063547770082667,1.1754637194094106,3.0544981288496937,0.8875912934523892,0.15372606295746785,-0.39488138172411735,-0.0020266378206922724
-0.537486125139177,-3.5040796701914756,-0.29450090871607276,0.8621583519098721,0.7319962929032859,0.40826810442245054,-0.3099437872109568,0.006250162467958899
0.3524119585389103,-4.083520304935871,-0.6742817244830644,0.7608646539406176,0.5306773401993721,0.4219606031458142,-0.4226643478160705,0.006394565824534378
-2.914579357870135,-2.839137838413578,0.11067872109408759,-0.867416109997251,0.31612112074875837,0.006400853120766119,0.009856023174707117,-0.0028922099129542276
-2.4160172785948637,-3.21779740907613,-0.4859830741453436,-1.0402282034313244,0.1892261026029429,0.028418897520579373,-0.02374978664587353,-0.001835198738774949
-1.5428724765838668,-2.2479244655641732,0.565295708595881,-0.6072839471912068,0.4983187685948269,0.3870077413742931,-0.21775526510286788,0.013547533196173031
-3.0294144784734156,-3.424049883751498,-0.012257931938174225,-0.22886574238202997,0.21322959463478275,-0.23368501428789643,0.04455320698546497,-0.00772039730878976
-3.7263775475650225,-3.1127116463759625,0.30039394295093125,0.4854153332207062,0.6134200525202939,-0.2581527440080201,0.03137225532919413,-0.007474895938996499
2.688301861643276,-1.7502135213918493,0.9581358586270875,1.7461013645124683,-0.3032613524376015,-0.006127470593143338,0.11445881624337742,-0.00914591970673932
-1.6541640611478703,-2.3359078402731748,0.5344440999417315,0.5193145940533462,0.39200902282798633,-0.006991008867996553,-0.1397490619769313,-0.004950256663695686
-2.257064462769163,-1.9242328983046262,0.9683277925343802,0.850611228966265,0.9954062098523195,0.21449476026350384,-0.16444689221947953,0.003707032087700582
-1.7728987888185324,-1.9401968939107952,0.31668604395549244,-0.9139614012374462,0.25499707504802865,0.25090726914396216,-0.13714635265738861,0.0050708104030055545
-2.87228813806605,-1.1079257310170119,0.6802297712213785,0.8902364574611833,1.2318866659047663,0.7786669638925154,-0.030609529507427638,0.016505165201282746
-2.0716139748280176,-1.466509599734485,0.31426798535799605,0.06904670786628656,0.7674892408382331,0.7968102744430368,-0.11268370546568345,0.01821118115631803
0.1127997468799655,-3.0813455884444214,-0.7092234544343583,0.5735449880199573,0.576062956556087,0.8306826579639335,-0.38016918854465753,0.015490778252976496
0.7518142627527539,-4.169635472604819,0.5019771279648461,-1.6638088280581256,-0.7611680446352583,0.14231397534757687,0.08258777432950913,-0.0011997971772854318
1.7394606802583519,-5.071371227521949,-0.4814489031570078,-1.1629298930498446,-0.7088200307384734,0.1534487650647243,-0.20593386783800993,-0.001335825500150066
1.0641703988915747,-1.7651076208689949,0.8948960500047373,4.931683393164176,1.5057980971229772,-0.0196310797879931,-0.41919552659575404,-0.0018139482452197517
2.4643244877035997,-3.7652653593934247,-0.40856815828511805,-0.9076035220533688,-0.41156205744317115,0.516889836598458,-0.05643855206652209,0.006178523637332779
-1.4586318300938184,-2.9504508595893624,0.6723787719970238,-0.9335507278834254,0.010410556225073975,0.1682313335216047,-0.25787794856341484,0.001832313309742247
-0.8971607492253144,-3.4433940665461544,0.03300387199067472,-0.80932936250106,-0.010117185330511258,0.19064384859438843,-0.2966959353919458,0.001933299331097745
-1.6698216969917494,-3.100426212329297,-0.07185215067771214,-0.42248889687991137,0.31759657452310924,0.19366296363647373,-0.16068181573043006,0.00220523311641714
-2.349494873743802,-2.8476213025390695,0.15400594710140303,0.4214588471907375,0.777296676344481,0.18276629659191124,-0.06522597159860548,0.0021416478089658483
-4.509286093766342,-4.746093662461597,0.7805316868397593,0.7695477827104236,-0.26554052130066896,-0.5424623492946355,0.14206565519849507,-0.018428015685325025
-3.8108965435615785,-5.203767682936967,-0.1252298938445364,0.14669801526085122,-0.5866162987499599,-0.5070910329227752,0.10460460826034694,-0.018095381785313044
-1.6678446586523235,-2.9072853435855577,0.527912664809151,0.8581591368784943,0.8566069781428809,0.28370192503054753,-0.19697875244122823,0.002931588986598462
-3.403348524165433,-3.4300117838756212,-0.2412358797904097,-0.7840377055057256,0.020498540223766223,-0.344284894842871,0.11753578968832736,-0.009832431145164142
-1.0370297200380083,-1.7228489834632208,0.10583593651367151,-0.2109382642683542,0.31564676865904195,0.3871143888437453,-0.20177973089879497,0.007443336188768045
-2.0708818304680983,-1.5876661601837132,1.3301631800953215,-0.7955372676874263,0.4818682523698294,0.3028075613580936,-0.2928069638654116,0.006103555991772735
-4.079128394367117,-2.0264087927957335,0.8776292314786597,-0.4141911826320131,0.7009196185392856,0.016047999068039002,0.08933171950223205,0.005378292231347663
-2.560825884326288,-2.8819769725357918,0.400501431384453,-1.0100723515063152,0.1798849486269314,0.03961877654951784,-0.07230308032050724,0.004994045468721446
-1.158925744449391,-6.934066706137938,1.6257173301902903,0.43933011561260255,-1.0862650225992307,-1.2364320482789983,-0.38812090949689965,-0.030735247721232914
-0.8688235541371838,-6.89544007158208,0.19724504721090472,-1.776725881290017,-1.9014887825472784,-1.1769761366349791,-0.33610764890784256,-0.029008773027024745
-2.665260797728168,-2.0296949699721067,1.217505897495198,-0.27179791769490086,0.5383688312480966,0.20007921820570548,-0.09561175903814405,0.0034220611384359906
-4.64006887730273,-0.9611611514063092,0.777819391545941,0.05097660019151892,1.1784043894775544,0.14338566912367987,0.08467576242897043,0.007523345587378944
-3.435458671280551,-3.1051630377856028,1.3674999195276465,-0.4050423951928602,0.10300338578955633,-0.3504649771274223,-0.009978605948178627,-0.018388077194997313
-4.055170280520043,-2.4488320727619017,0.4737917075041074,-0.4387213845715095,0.4565848041364257,-0.1660178095490351,0.19111636475449678,-0.006026135981472925
-2.8761113768391433,-3.063709138554182,0.3225706948489095,-0.9153160153200766,0.025620265250908745,-0.16171204069633405,-0.010112681821709284,-0.005427413896542977
-1.689056835584307,-1.459761732574088,0.5187018882135283,0.009474698050708334,0.7129328869240102,0.39279291808034816,-0.13971232319742843,0.00789336790936885
-4.15383913583248,-3.8532132299318733,0.6667530713411447,-0.7366031503258742,-0.365391534857433,-0.7694651645605252,0.1538978547059867,-0.020501357041605724
-3.0526392666062807,-1.2930063849673241,0.3975573935667967,-0.37729782808724394,0.6765692426912199,0.2619177130829415,0.06489194187228897,0.00275075648403317
-2.005812254461339,-1.8580303029281422,0.17843696422785166,-0.7951618273806585,0.3039829705895437,0.27092535273736024,-0.08688567263164039,0.00363259250308619
-1.6405811027263086,-2.163690986737992,-0.38554354921354056,-0.9150395509296295,0.2240042419227155,0.2915379929765142,-0.10212944660659591,0.003785029830670155
-2.751634959298752,-2.432614932324374,-0.11604264742265044,-0.20490064830856655,0.2177744927098329,-0.050623261632677954,0.05304661595549766,-0.0033088577365833764
-0.16139270340830686,-2.454399647640008,-0.13041508855264186,1.6876570167493377,0.9992220371364877,0.23762446942209897,-0.27537534617501847,0.004192346664225206
1.0632714045901046,-2.661950590624227,-0.6347119730085024,-1.0003457442698354,-0.2792881566663622,0.26441390389247726,-0.4520238255392101,0.005116123850188187
-2.0936240725315027,-3.2976348286424444,0.5868936549060164,-0.5397437945780236,0.2865230805479825,-0.018942496431642575,-0.15967703284903229,0.04010155576463319
-1.4059239984973264,-3.465546366385621,1.182208467073602,0.9310507726545495,0.7737304920807833,0.126265897063014,-0.30621296736539555,0.0036516080286068866
-2.357664045707279,-2.1009378190323678,0.5080492828721177,-0.631898098969063,0.6714814995259483,0.2799942771429984,-0.08702062440478228,0.03881062086251565
0.9518706393246161,-4.296243210771556,-1.4912169702381628,-1.370726037128171,-0.17140764026909172,0.353072621209977,-0.4648883429841687,0.03592706747767257
-1.7751969923203506,-2.6030601133741746,-0.2580954856857815,-0.6377893993936595,0.6057613012480837,0.3074586127310594,-0.11939780770080724,0.03710596987207692
-2.124338906604272,-2.0881939166138634,1.6438799986252848,-0.07305068435247063,0.4844557673329692,0.1908984278872485,-0.09559216928560639,0.0026729195592879863
1.811935687228979,-4.374863086016096,-0.20155241562690349,-1.516932557531668,-0.6325790720886596,0.36932221180849845,0.09824446416226139,0.003006731107356979
-2.2903424491682514,-2.2118046084096297,0.5843396990108963,-0.9136684115774697,0.32158289454877104,0.1984021683159162,-0.10468127166672339,0.006798870418254316
-4.132992216512847,-2.380896647420159,0.940023013521812,-0.4746757414959346,0.5179209028020177,-0.14460582416744747,0.2185470207555882,-0.004982323852939169
-0.4512662796912572,-3.4939423557260545,-0.5939818186505628,1.4841797870468898,0.9143972523566691,0.25035757852487156,-0.2616125320327954,0.00294740319109251
-2.185343896778118,-1.7435380791439328,0.36512618063091,-0.7832289855476509,0.5005991088383794,0.30702689234998665,-0.08241148176217256,0.004991698580210986
-1.7257039399816188,-2.1130887667687244,-0.2766932959106782,-0.937628465860125,0.39310563182194075,0.3307434779524256,-0.10495622374629193,0.00558694680930185
-2.692256613752363,-2.9726496667937967,1.4830983699341507,-0.7796003623723093,-0.2861375881269982,-0.3582290362267697,-0.11622138678831609,-0.01055673500104253
-2.8468777465514004,-3.111649048329829,0.5014667191642757,-0.6778386945677166,-0.13219850643997405,-0.32248611355142764,-0.009487536576716974,-0.008978451005728102
-3.8474935724239874,-2.5688121103815447,0.5908088979761463,-0.4001682616671469,0.18613801926678047,-0.3260383992249978,0.14669566427313324,-0.009031465493358056
-2.973615785792919,-3.2395060580277084,0.06684388182683892,0.03197919332764332,0.25084139766703717,-0.29521426748392443,0.050454428767701474,-0.008827868167353915
0.6161205563676055,-3.372571152167296,-0.14235608227672697,-1.3272482085710329,-0.46280872919703014,0.23948535528271184,-0.4852596181632494,0.0030799031267342066
-2.4083489930347532,-2.826907108676224,1.2788710566539305,0.32289505123515816,0.3044219305202816,-0.2289013801912167,-0.11994616019173303,-0.0023474112591391257
2.254427047271742,-3.772522010725776,0.4462840418805369,-0.39527162997368165,0.04836896990894172,0.47822085620236376,0.22111737819865726,0.0054876167965918895
3.3076557286098875,-4.4938402292062385,-0.6029014211476514,-0.913297543801069,-0.28047271919383177,0.5516512647318489,0.456864358278965,0.005641667476057806
-2.0552441619313235,-1.4181263859348545,0.5829154373626708,0.514231977831507,1.276443793941778,0.3678299530749246,-0.08807677189639523,0.004429571334682011
-1.0314642560978793,-2.0381027956528857,-0.19982567061948317,-0.12057095401685941,0.8699365978801696,0.3982401886752478,-0.19234922545067482,0.009543583395246594
3.0752301910570363,-5.543554499604561,-0.3470034339735594,-0.5225860456794122,-0.5564089326647803,0.3628947817307161,0.6720135800994564,4.277696716995221e-05
-3.1122714103415414,-3.814242078829305,0.36877891645480265,-0.6496218226212934,0.4584163062797022,-0.13458599893592105,-0.02305229211957757,-0.03655628275730439
-2.33752494528116,-4.260985801494805,0.2110307894530287,-0.8310330581923607,0.23227249628193297,-0.12895587740946501,-0.1382344816694143,-0.03840912809003653
-1.5505979813890964,-1.8598346223301518,0.023104257119165774,-0.8921673720818085,0.20897907178218852,0.27137294379263704,-0.13436696607228935,0.006534751086137358
-1.3566049875578285,-3.3145146861650265,0.5400650573522381,-0.32913250437990754,0.320478391675425,0.08604019261021467,-0.26061978488741677,-0.0009175255479741833
0.13166183571093054,-4.645704768671238,-0.6196596146573824,0.5966089224341645,0.45623921906006415,0.123908290766794,-0.4024717742604906,-0.00045141193256496945
-1.1685651387370752,-2.0180859716152333,0.42971509842789285,-0.2716152105678335,0.3763629376905037,0.28358126804153766,-0.223265158179137,0.012065109022602358
-1.0621863750681906,-2.772585159833765,1.37715216724359,2.503776962960685,1.281064563432252,0.16162827621184225,-0.30755170695575273,0.002337553503884284
-2.361275162899149,-1.4463043613832112,0.6682684325326316,1.0310773890282174,1.0569940403383233,0.25787241860665344,-0.0325604117707021,0.003780175904533264
1.3276363757214453,-4.368884662710244,-0.49857583907988023,-2.032055994872795,-0.7753895310752246,0.3119313464485946,-0.28588886573265193,0.004373348759576343
1.0226943653455334,-4.115213286120922,-0.21820738644064386,-2.063013735223319,-0.716671039314637,0.2869353491092022,-0.29902607503723383,0.002220417062101024
1.5765033307987169,-4.579522957208448,-0.6578129471542268,-1.861380209644527,-0.719435269180441,0.3061477535357982,-0.3110155140252019,0.0026731841450905905
0.9192918224310904,-0.35943229660573695,1.6210318937414705,-0.7106650633437767,-0.8589883226764552,0.3314385602169412,0.38420338207884946,-0.042416181444110315
-0.7057674598932037,-4.000700563989,1.6836643069442767,-1.6946610134770599,-0.7969902340308457,0.014508680090163453,0.14754830083607476,-0.004577218809306187
-0.7468705180475627,-4.231180748588801,2.014686645406762,-0.2789599043729959,-0.2824565391267156,-0.04912392453086748,-0.3068822892847516,-0.004868538649715775
-3.228691257414589,-3.034118137426112,1.55929063538099,0.4425698347080418,0.564987151781978,-0.05495219977718405,-0.07017162976228274,-0.00356090012882411
-1.62693562265133,-3.962174089779125,-0.0679106613586568,-1.1025923771204282,-0.2545945281626734,0.009072057106229239,-0.2041591680320699,-0.0015214034086847986
-2.231409868129216,-2.1271361441757555,0.22076225152310178,0.14685514166922864,0.6535534593900835,0.24383210086513357,-0.05701571441041017,0.004142023626171084
-1.636192664582003,-2.4851970868293853,0.12946406910678046,0.09980743899974054,0.5136643382249865,0.2469492677886222,-0.14598117748646353,0.004829582088621874
0.902016488588053,-4.528181109612425,1.1557516225069493,-0.1081737483877949,-0.06005530894401267,0.38938444724289273,-0.05635871060395356,0.0005077397813296303
-0.6346264145829473,-6.953022865430366,0.5967213411399135,0.58708521278032,-0.7811963531786046,-0.9490891645861974,-0.4261358101662379,-0.023025667700260762
-0.5610453381367985,-2.5518401897430247,0.8482071401135596,1.8490936551460884,1.246424223251738,0.3572293342038196,-0.3447244928448825,0.006477439420524869
0.12052848923391758,-3.080279786438842,0.31397202216058434,1.2490965056024996,0.8237954285873405,0.387253010798383,-0.4225857514656137,0.0074054529209909995
-0.9939140036096316,-2.278942452449046,0.425983037507912,0.7633753886115981,0.7828060887503927,0.3345929447505701,-0.24651686754654972,0.006456100287676784
3.3092615611316347,-3.7910695209118184,-1.0886207798374201,-1.43246726269474,-0.9911866453210231,0.40195840435491664,0.41419607345979353,0.0014096173755658217
1.1423579064358858,-4.9902673046698105,-0.2625575595431675,-0.9688807290675441,-0.7611765238741922,-0.061750792069848105,-0.4906169474742444,0.004004736467066141
-2.8389613761441472,-0.39717820862848735,0.6896742012886237,-0.0826265421302924,0.49422597857171646,0.19290355821543118,0.2433757068717887,0.0020348056491458545
-2.6812322136313074,-0.6513073825444605,-0.11028791618406529,-0.11030468746046128,0.5071781266440865,0.20644750519536817,0.1336902313235748,0.003287004484320988
-2.171273880453946,-0.8600074952345426,0.07939654864948029,-0.33639315555885385,0.28382306823418435,0.18161580134184288,-0.13159512977636953,-0.026549323296710944
1.709545849809773,2.311586786194671,2.4658677396735538,-0.33535493656617105,-0.9531214410828653,0.24665565219990548,0.748631995036025,0.0019611313466308803
-1.8242420594849318,-1.5137147916153886,1.1305472536798935,-0.0937822842226131,0.48097165084956134,0.1969506422114344,-0.16448444574376392,0.003916790114708871
-1.3925823835412183,-2.5674550833783507,0.39351621976970597,1.3126880379560837,0.9223179335819119,0.16910702407239583,-0.18050211926973747,0.0025693432131681433
-2.176647888449977,-2.4008792192876305,0.24600139626271786,-0.548586603352774,0.2208927359631788,0.040946390453840145,-0.07179666779917267,-0.00419519871711186
-3.1801847385248174,-2.749551789354236,0.04011642899824397,-0.7196474227794687,0.27586572071013393,-0.15212921248198652,0.07564924440815401,-0.0033269245030055137
-3.520489351653404,-3.795021870326303,-0.134926557309222,0.7729380056788488,0.5978710105360648,-0.38134513545254534,0.03008699889794022,-0.016428723519443654
-1.7629924381952173,-2.584179210132301,-0.09715715770000327,-1.1136730919236852,0.3081942708568385,0.3263192044750185,-0.14461270135840154,0.0010399983364813728
0.6717523048326098,1.1014324798420358,1.556994343443244,-0.46672358404563735,-0.6754982498951881,0.003878788934025032,-0.30499304557138124,0.0011829716507223166
-0.6141675149132995,-0.7891358681120385,1.0727290013180646,0.9490912932312263,0.33880914014240743,0.3469721298581231,-0.14412304511552096,0.006169437909532131
3.664491126390478,-3.7803000488292096,-0.199254792356451,1.8538977987203185,-0.09921774335592297,0.4481382074745843,-0.1462081475910451,0.0038304568109815648
-0.7453003641035251,-0.36811351091917216,1.7616477571134916,-0.7084087243166739,-0.35539774526744156,0.09164785006757759,-0.3686368672266146,0.002087658064752709
0.8888281946402135,1.3908096321307122,1.827316626117084,-0.5708102354439657,0.016140956264427093,0.11596521567220616,-0.16819848364230622,0.005249560389847727
4.391186126114285,-1.5731984472014908,0.6211920447624522,2.2537271738580897,0.5195575728578413,0.2613188607388128,0.4647855348291372,0.0024704871566641655
2.3246190795367405,2.4287122919388002,1.7461528453918116,0.2230927672028894,-0.22352487355946876,1.1223591437064842,0.05412095196959939,-0.09477895393491224
1.2267084570004434,-0.0629978629966192,1.5816030446970972,0.3047448916806037,-0.364145806748718,0.02782722271168657,0.1677359141392695,0.0008509204403415477
1.0260549118950193,1.1836366341119309,2.176920028342819,-0.2260534706327868,-0.7677481169707342,0.1157341009320296,0.3373349676788245,-0.0002810531480459737
1.0791356223684923,-0.6317099960898926,1.5956467474248615,1.241727280288714,-0.02480550312964451,0.25754186397611817,-0.27988781913113797,-0.014649518812776102
3.7818579219652126,-2.6609279089664533,-0.7903777759906323,0.5418922855098102,-0.8050485081112085,0.24637074263463063,0.04723449149895962,-0.034640164374383074
-0.4132772724584055,-0.3587158736125358,1.4446025200697334,-0.5019217384146878,-0.454266048705646,0.06396124610028034,-0.43803269165020736,0.0014506315379940846
-0.24601105274186483,-0.2238252543817546,1.7092309200001587,-0.2589159263744199,-0.3672362063524094,0.05760717115655774,-0.34123246188809686,0.001494080804636445
2.37418335495832,0.27795087252859413,2.1894864169467216,2.3825317329888307,0.10704493150998332,0.09645627602956537,0.6245183487485129,-0.003130071924298739
-0.15909077713112127,-0.534582318685757,2.4642001358256684,-0.8521417209728501,-0.4831268047644189,0.3006138332992501,0.7810994460206114,0.0006136810221170846
1.3751684298173428,0.4502032701014815,2.2106235825044354,0.5920397922631961,-0.08727749257284324,0.3542883552520159,0.38620888447813984,-0.03163771981667075
0.5973801924942119,0.678580671183933,2.0996096294108653,-0.6087020122441368,-0.33849855401775913,0.3447938076883644,0.22553046291294435,-0.029608882618347827
0.624589462433324,1.1216636088545608,2.553847746960031,0.1545266970757215,-0.4067572619190267,-0.009731160622900524,0.08974761502470341,-0.0007087911006625165
1.0624424419698313,1.5322063441839158,1.7034243709960233,0.052803381208369304,-0.5299901674067259,0.07683528217914577,-0.20854809369284497,-0.020778994718419385
0.24281001120961873,0.5741588858133055,1.7315216298055838,-0.3910859952623429,-0.6160080399879577,0.13426112277599078,-0.18687050205490371,0.0023399234831270772
-0.21644597223461554,0.3439359222544853,1.101692878407851,0.2964364620473725,0.08008936257890728,0.5517924288636847,-0.5051605703072503,-0.04435603437261817
-0.06784203207900147,0.40244483383955615,1.820275686330453,-0.5511701986606885,-0.5874839766221941,0.08235165146788889,-0.06624883759940874,0.0022986626861285827
0.44041333643753716,0.7357451367674251,1.8239709473059587,-0.23601598765549997,-0.478683142503875,-0.05130543143394606,-0.19727898953101014,5.024298251429345e-06
1.245345172333485,1.2433855991314828,1.4861964363924576,0.046672933022950315,-0.42227642716588915,0.36322164285574343,-0.13679033362302306,-0.023078061026442304
-0.014565384064917773,0.5491074457848797,1.799187252799849,-0.5518405323264146,-0.42867905604495354,0.43044476458812003,-0.03433679751283422,-0.016684938103798078
1.0719634732407137,1.741894954100675,1.815525944527494,-0.10637129133757077,-0.5780902320809269,0.37711489876546617,-0.26945260495601797,-0.028607594728375343
1.5728505678527738,0.777449253662655,1.8633513365303092,0.8639758220061975,-0.12651296648905871,0.14611387148483146,0.17741902142905178,-0.01208670260913276
0.9823660534833358,0.9868904476332954,2.3092614900664246,0.36699018368477304,-0.3107931971312171,-0.19807581324949716,-0.5449541468174809,-0.0013689858902230575
1.544022694146792,2.1888854988599986,1.7612834745775794,-0.44262181792471433,-0.4336761902247926,0.3945865543691562,-0.42718315870191503,-0.035712749975628476
2.233096152795468,0.6414072084846028,2.0298991436176754,1.924452753340972,0.05022630958416854,0.046529330557993555,0.17787223145043435,-0.0007231309956665996
0.9596725722833015,1.3379040172974441,1.758494856465902,-0.3894838895536244,-0.4997649030437709,-0.03571893792903225,-0.10078740872208984,0.00043905997230257233
0.30800750484025285,0.8502611996015699,2.491922211943747,-0.14547093596229793,-0.48203097408188783,0.03956862810190094,0.10968790279630419,0.0042519472966962325
0.2425266498158736,0.3884454334802729,2.0801811128217444,-0.22704556908611417,-0.6504072184790529,0.021119673060695964,0.01966926797158883,-0.001462142916167373
-0.024183913766244337,0.19368587222099903,1.4127457267003238,-0.1408799451291038,-0.35176038777562973,-0.04275185565735914,-0.1968870505325959,-0.0005580889360713955
1.1305295139485807,1.7999370028500636,1.6361086148948036,-0.405494701966068,-0.5437648359830319,-0.03460615798768466,-0.38959044715936925,0.0017900665033188854
0.7773940287155106,1.4043838158941708,1.735909750886411,-0.5448402302993647,-0.23215166705724477,-0.014227467724857591,-0.21385513704275202,0.002263017302256236
0.9369515273912068,1.2361354493868815,1.572637961716461,-0.6389286120467277,-0.2744511067897182,-0.6405091426098725,-0.3916369570573451,0.055650884214322204
1.8946975612175467,2.7536155270336327,1.911400015326988,-0.44241175375781594,-0.17119942472318375,0.977716771805334,-0.49032784277259955,-0.0755160050948241
0.9137568914277293,1.1037934103120557,1.6762743244407277,-0.6680965547963148,-0.2968773285707979,-0.02850774018294224,-0.0875557122119302,0.0008389965798547085
0.36466481936959755,0.8381945067653116,1.7742711131815485,-0.5188020815050368,-0.6020667944377938,-0.026595664265767406,-0.16619294410211455,0.0032963659876381417
0.19667036565117593,0.29364783818063134,1.695250154828045,-0.3847261256690879,-0.43924727292925864,0.047076710048739166,-0.4118053333065973,0.0017421146126299532
3.4050111618274554,-2.307317325035391,0.14596698219881868,1.3003335883411218,-0.3003951431513041,0.18983050403390833,0.10529253770157654,-0.0009929598883137991
0.9703629225344643,1.417221131683326,1.8219122598197135,-0.10799214717017047,-0.6490469645878483,-0.04083222311866179,-0.19854052256081203,-0.00015063671360329562
1.0968298206813722,1.144925907830043,1.5779516122464579,0.24703699149660435,-0.3124203671322631,0.028264091897807545,-0.35750745829132924,0.0027662354554856077
1.8596103259625154,2.7443573688816567,1.846957847033196,-0.33038575849322704,-0.4018288340813621,0.5806638179563377,-0.059353032053974755,-0.04752013696955891
0.4563120839682371,1.036662028946805,1.8701869110172136,-0.44336604477163444,-0.7207370291593164,-0.1335033745529636,-0.019428218346319606,0.015153320194826073
1.257497585261097,1.384430192054275,1.9003283930943473,0.16810911605430753,-0.23966767962936278,-0.17174251322566142,-0.019226202150609255,-0.0024314889227808312
0.27786337255102794,0.3928042122164579,1.647056537418349,-0.17213072940537955,-0.4165928425486622,-0.022158289308021294,-0.4314702092271507,0.0009907983951344297
-0.028400004579144156,0.182372755091784,2.001173428489947,-0.37676945666669126,-0.37126548558678746,0.08389991801033105,0.006217006438937152,0.0006542476515590692
0.7585535555101313,0.9290486884816322,2.2765295083220782,0.2925481614891045,-0.4048970973942869,-0.10017854905293937,0.0008697179314177619,-0.0025296958161396634
-0.5803147374370022,-1.0488687761623179,2.099776475366312,-0.4994559764475362,-0.3059186737563901,0.11048894983505,0.009798634083543367,-0.00014349358076915986
0.7517767615225953,0.516597266784576,1.9095252166267453,0.44535595718802934,-0.3700679156827297,-0.11208673331825675,-0.3106081060367245,-0.0014854266885602945
1.7691974521714389,1.2088103620235697,2.2473339504599092,1.2421279710316766,-0.2657841252303833,0.03587871420189705,-0.03398037864907656,-0.01520713807507658
1.8252123446448223,2.8082892535583186,1.8864332171616633,-0.3789986098225141,-0.1832278386338948,1.2489098157110152,-0.34210067485048495,-0.07880134051995741
0.7655168330113192,1.0319223730656535,1.617953920914219,-0.08597245502666702,-0.3276724005840543,-0.4664693776811137,-0.40232064068427686,-0.006137824130988281
0.6038707925048924,0.6525713022214502,1.835175156386717,-0.43452979835303074,-0.5789381561539146,-0.04526106667200007,0.14058939608932508,-0.0019093330150222083
1.4989792929285326,2.1475803860133933,1.6570023340801168,-0.3641261332454175,-0.5802527639031368,0.4219397632092994,-0.14826736313359246,-0.04506298801477492
1.8521539428930622,1.2504354913817617,1.7558395355342413,0.7986743562742716,0.2903034069003007,-0.1483880626335224,-0.5345726260413538,0.0016318917373200925
0.19230369420013127,0.5909378884331057,2.0907985680904138,0.22466439795856075,-0.3994522530427995,0.0964009260528286,0.16427552175710963,0.0001003953026272298
0.45585628722869787,0.6875043536107486,1.9414140068003318,0.0499657986552073,-0.26235946461835036,-0.06808258090466071,-0.06340381295318019,-0.001131819224522812
0.22230428415427772,0.3348106554159658,1.864166610536639,-0.19812665916446615,-0.43336944248883946,-0.02870155063808994,-0.15485447848020567,-0.0005404267194641716
1.356500531639277,1.4841966402020579,1.7311103864984834,0.10480454472014919,-0.36841923971922186,-0.2593027616933227,-0.4740939263809259,-0.0017227063743250693
1.4029845143639685,0.8599043238447527,2.1686076150035056,1.1389079572602945,0.3096299360867536,-0.020314069702333515,-0.5490466087775699,0.003154561187227252
1.176214615865724,1.357857234979493,1.9541842216524352,-0.09829708748645374,-0.045697371951067864,-0.2021376973893497,-0.34247794153135075,-0.0005525049723209505
1.8095535229514998,2.329289473719047,1.503258948075428,-0.5358822752457915,-0.17217888339954518,-0.08680793792605397,-0.7276476093743905,-0.009468852682722443
-0.6588381654934689,-0.6513247797556226,2.3125627783608547,-0.6091076471940076,-0.3305999208672021,0.06690285021308921,-0.07106767833914145,0.00011329603297073676
1.994225352542971,2.3497435707451113,1.6924773275696734,-0.3317204370305141,-0.935953351953742,-0.12428535183902638,0.13669184696954426,-0.003433346114475218
1.338633234363432,2.112400435248179,2.0140344294605605,-0.47026371785241355,-0.28904373982321496,0.06180020141166594,-0.02390043005734496,-0.0014667863025279735
2.212978460622134,3.0387616169312635,1.959527049416023,-0.03209185150074687,-1.388549240097032,-0.14379493910999097,0.29363501879083725,-0.005117468810824428
1.00984878350552,1.5501586252012702,1.852338088982004,-0.49360596771002013,-0.49660664006015576,-0.08964967543882886,-0.06278067338945502,0.000879883194328352
1.1049673274530867,1.327254800559646,1.6952762421941692,0.08191662400825464,-0.5825341956569545,-0.026391929149409743,-0.25530614724514145,0.00047245776959968397
0.7814001261424007,0.529715547609407,2.100107936808429,0.1276039456893877,-0.6372525932955767,-0.13658456143286804,0.08274097768039546,-0.005041473893555705
1.250214115041897,-0.017252121099367884,2.018771087095258,2.4308247492834325,0.27689027060133176,-0.005546713508477661,-0.2465053666829311,-0.0006452817557286845
1.7727329530064138,1.001974062318059,2.020200137671333,1.518604115279229,-0.12561940324835225,-0.16045809998435417,-0.4037445586669901,-0.0020270341642599954
0.7651643729374421,1.1913721249500082,1.6691403806480134,0.22026132465369155,-0.6275827232533764,-0.034701747170692375,0.6299170232156497,-0.004818443617696414
0.41790110021624094,0.19727568805755824,2.006049543173443,0.5106385510327587,-0.3949194159288511,0.04050791929166463,-0.28765363472825206,0.0003215511409868163
0.36056334733322654,0.22170324668311941,2.0869896115476934,0.2128030632632001,-0.2951808126271817,0.12416319345732686,0.03482274739502194,0.0010765127309250353
0.20057677125936485,0.18372241057656102,2.4938549606658142,0.09111338104261789,-0.36381418654512665,-0.04785182085469348,0.24555743467491595,-0.0033938760602091277
0.6231972764990952,0.8336555024408553,2.2300442306879202,-0.6534928758020777,-0.6021594369564984,-0.2266710452096134,0.304777835859765,-0.006037390856911801
1.0627747150624705,0.5375983047773846,0.9163999889818312,-0.4408862219220191,-0.6774275883369246,0.1702062134034431,0.315621191534528,0.0005731745420612897
0.3398189088658838,0.7426347435360533,2.8412946646363366,0.4797651397089482,-0.28180962505852825,0.06129617702323157,0.07467752657967067,-0.0061262747845182925
-0.21149978913036388,0.5242777043314698,2.416378433595519,-0.5643474182656629,-0.5220842192105261,0.0891067018007045,0.12551614416809848,0.0003275776812016361
0.06025297408182526,-0.6375262239808015,2.1181686233675427,-0.4192566790431265,-0.5329739856328581,0.17618451233924104,0.39663172679459124,-0.001040636483251089
0.8898297023105899,0.8545529124462296,2.4270310295300335,0.0365655660290926,-0.4401291479940908,0.0008342329074836522,-0.2638253246192792,0.0005803755589144233
0.4373624220664234,1.3242556627779491,2.428300577309389,-0.37691478747199364,-0.8203491300492424,-0.1428899466284388,0.16016911582766727,-0.017499670912834848
0.765285402733785,0.3639459722718374,1.8364232603936081,0.4282781486491975,-0.32315397366897697,-0.13530119946654545,-0.2717038062966241,-0.0022787155177071846
1.596484456543759,1.1155274011967296,2.041832560183189,0.7533958292424173,0.25760308792584075,-0.24256972776037647,-0.525452243710118,-0.0005226760522363028
2.297468549431975,0.5222440846898389,1.9973845731512732,2.822799949701833,0.5252374921195616,-0.10110255683386271,-0.5997403861963863,0.0005733352260957977
0.48716741343054726,0.0901968213012414,2.0526710941504334,0.5848503644585837,-0.32758087103178773,-0.03911667470492134,-0.21242966342690076,-0.0013079138434678632
0.7758121518311014,0.38979214852522803,1.7938153295703252,0.31540734813349125,-0.3584480597370162,-0.014688729976667567,-0.25512554868283005,-5.050565906344773e-05
0.945671911848867,1.470676659845936,1.7440917176245139,-0.4234152769206107,-0.7064629627250698,-0.16211970140247486,-0.0930612295146632,-0.0025238409400083718
0.6129946190082506,0.8454251437264546,1.8214913013611138,0.13056159717665497,-0.5682917413517754,-7.57419993668116e-05,-0.14887007278962294,-0.0003260266005966465
1.5409575761171623,1.0450572394808983,2.056750912260386,0.6923949543445465,0.14619582414893614,-0.19043068537949814,-0.38123543737523363,-0.00037667765949173933
1.3026112187401089,-0.054898336026214245,2.348150611298002,2.1258926802373823,0.23225327722238637,0.06480233386634553,-0.25511587186092566,0.000688573445080095
0.5118432317900564,0.705776242221258,2.092580383263652,-0.06937126284087304,-0.5082212289214787,0.0967541286656371,-0.02460512668259293,0.001062072718235054
0.33346482446482534,0.3820859296892701,2.328531465502411,-0.011211885446809866,-0.3760072702355936,0.014644259855754634,-0.20971358977219456,0.00018728090523872218
1.3881523129963056,1.0841151187939277,2.3685536372224534,1.3491085235544742,-0.06455924466730563,-0.018948479935573276,-0.20548121656106136,0.00018683079240844187
1.0211056172485706,0.7066638763770905,1.987917801553155,0.03595110955592599,-0.6351822531209068,0.034084674279057904,0.32351559582289036,-0.003060818144057514
-0.5586460229619973,0.3376114396214069,1.033104742874652,-0.3616473259465805,-0.3831444649732812,-0.10237201353213149,-0.24728041081687044,-0.0010833783189094764
-0.34113013631094724,0.7647298355692833,0.8792620112299805,-0.25904378201649886,-0.35049798980611757,-0.352388207010412,-0.321661491221547,-0.004677549856308753
1.7450137649827802,1.169899717192807,1.769938836945473,1.142184620568464,-0.17558467080897,-0.12949529052304615,-0.46098498646890085,-0.0002234404559247901
0.1590926924546509,0.5934163284028899,2.0203164014967183,-0.4800832067682885,-0.5514316726425449,0.18696238675114107,0.1565000884814207,0.0015354155718423272
2.1308600994334195,1.4237658985498323,2.103235570563494,1.2147832197063069,0.3027641359872957,-0.07329776123513827,-0.21065865526763938,0.001238682924437527
2.4018770473791755,0.9122938644209966,2.343089451845998,1.5402323570122662,0.036713692541867134,0.13392646946563927,0.4420102740440108,0.0006305311665917762
1.331381871800409,1.0212406615206733,2.298904053480974,0.7749421597706841,-0.08411612414018353,0.007135969080637491,-0.0274531504924972,0.0004877511153414196
0.12589463912239615,-0.32575002763099214,1.8004074156154009,0.32093080263332413,-0.26158409611626005,0.008864616496825291,-0.5057635907633532,0.0009570273151047165
0.2820194559166216,-0.40492378882157826,2.197590554638192,0.9300575818794546,0.007683263003891538,0.057182205553287076,-0.2293379184929071,0.0006569167540460728
1.3702005502954366,1.009545341403366,1.7405268881045721,1.0069470360817707,-0.36565680525199096,-0.0674290150758147,-0.2661570705533965,-0.0007058344034410263
0.8705929201941879,-0.7683251984459071,1.7893643675766964,2.716553368344697,0.3281579815053371,-0.03625181694900066,-0.5623116779320525,-0.0006462616544414126
-0.4929514438454182,-0.8926820912206993,2.007394742140559,-0.3692993945575845,-0.2935741754484999,0.0497021531757005,-0.33646693611271744,0.0007835641832310998
-0.5332732113977264,-0.7726415432644791,1.8727298712558083,0.18360296325976083,0.05841605550501172,0.12649516021668417,-0.2573239358264955,0.0024341870539294256
-0.6163370358929758,-0.8059006251516884,1.7471182225434108,-0.43784817307334095,-0.06638776564711149,0.20470288430591163,-0.09485984774896923,0.0032791674744100654
-0.0652811509071066,0.31520623651916485,1.3790970487911414,-0.41156750848831686,-0.4839421980602722,0.11145313920243333,-0.305905472346331,0.002764378688564013
1.42752368520388,0.0512518354304552,1.9571892109381126,2.5255505362495074,0.23677708668830535,0.03845821108206617,-0.46314371215168215,0.0012196973492426663
1.3603710109143279,0.4743017376108603,2.1228825184963243,1.2494962373272196,0.2286878706786264,-0.015619971822653629,-0.35962945483492575,0.0014661942738049176
0.8712098696501478,0.7386827230224963,2.644478920769673,0.9910292191228119,-0.39345956045517866,0.014953432293781993,0.06048301936178314,-0.001387054134044358
0.9814077023877041,-0.02416919729620331,2.079915187804703,1.2660916835926386,-0.03476978125081527,-0.17834294465882988,-0.37404522741499563,-0.0028664111189233227
0.27988773316680704,0.9790960155633859,1.8231096131675175,-0.5113154518970182,-0.3527328431604341,-0.041544868566491804,0.0038311903290412894,-0.0013203016372317074
0.9531490243824106,1.0417042349318726,1.7029405145517267,0.12456381171224287,-0.6919501019231714,0.033827161688991206,-0.11683283047059345,0.000234170625083862
1.5608536875597,2.053483890001863,1.5375549304991167,-0.3798601231194754,-0.24864018002010257,-0.0799223268479959,-0.46162536223435463,0.00310700512937012
0.44632786883499015,0.6832398184868168,2.2544820992849393,-0.4143069463021021,-0.6673669877849674,0.14327248339094537,0.3509100410299608,0.00023150806525769287
1.5406544915263987,1.711597651911847,1.504190227831267,0.8207432902648119,-0.6914955408522531,-0.08267582189598205,0.00976078467837166,-0.002382426609362607
0.7619537854819849,0.394244999731654,1.6754470737699938,0.15251079671057616,-0.44516110892333194,0.04239070359314242,-0.1106023244479502,0.0002555173267971155
3.2355844656522703,-1.2232258547166501,-0.3632783792421758,-1.0116491662822147,-1.2199502117863115,0.22344801011669016,0.6409838194040723,-0.00263581158033706
-1.2394415904052132,-1.51161989028604,2.1526861954725236,-1.1713664283969139,0.04237153271814666,0.30186240627470573,-0.3155408854176872,0.006061956272592099
0.9343466420899494,0.6477637102518066,1.8602257951752483,0.4768113585838139,0.07548509110600822,-0.13105594169981408,-0.2016597183545546,-0.0007986705396779618
1.3769314774571353,0.5188462436890667,1.777805541297995,-0.3973869814537002,-0.06725761538286999,-0.14002133353916074,0.28967875331537674,-0.002580702701935627
0.3383894045814384,-0.1395005408853546,1.8251640377337566,1.2022419635482529,0.004059312274529268,-0.11797312160722562,-0.563618931150264,-0.0008421183680823355
0.528979759755319,0.37780177046641844,2.0550614500978535,0.19421120963047234,-0.3826133079366385,-0.18831768739619567,-0.07312101823249215,-0.004050181307329799
1.9065773287634307,1.6884296263583018,1.6926659800825001,0.32938178292704895,-0.11486750729594802,-0.058005132918305655,-0.3607050016131987,0.0021875519343601117
0.983867191734952,1.3595475028599966,1.8587739018984,-0.05495556982745052,-0.6139488783529763,-0.026486450104952788,-0.2686886069561581,0.0006999370742059353
1.6546762325037878,1.7607054461568667,2.0813103980368943,-0.13729360937160057,-0.5008206571959486,-0.12006349950328192,0.35844744634496545,-0.0027198959888442994
1.1146264912589035,1.8953883677216743,2.233464078033646,0.026559011257838973,-0.6490088194571707,0.04285214048270427,-0.1648937950913681,0.0017245545219184066
1.18437006647638,1.549929650664696,1.7301634904839183,-0.3207285708792199,-0.2558035394768325,-0.016442505193323853,0.0007858729022460739,0.001266256980171335
0.662740428566563,-0.7561619714662865,2.429150587517595,2.3470460127694834,0.48476737698875316,0.06939445992590655,-0.2127382441439913,0.0001852990891831909
-0.4687257715299438,-0.17867541610448065,1.3919808495813368,0.5268912292321939,0.08885520206743344,0.12076361655844656,-0.21767163763497857,0.0026297832189080095
2.265639079484947,2.4799238084953883,2.332400223847884,0.9099361972846937,-0.8020119759995357,-0.09203125630811333,0.6424933667811218,-0.004218395667411552
-1.5068544694342985,-2.1432990849898834,2.284702994377981,-1.3583418861058525,0.0729660026374351,0.32289030283143405,-0.29681748217997617,0.006000147084188912
-0.6152812330680967,-0.5671509604094425,1.1372800907036964,-0.646116087275376,-0.2780752292458907,0.08295344292736781,-0.3480996609125653,0.0022870917227930856
-1.0498121044345803,-1.3894508076572925,2.7768493692192875,-0.9230111586505397,0.05109978950127819,0.381032681453156,0.1265806636450688,0.005589512030344903
-1.0844052937599291,-1.4820383583448904,2.2747543419225384,-0.75681600898158,0.15647971869708402,0.35011386198491606,-0.11531925690497412,0.006078580006317035
-0.6427062811503482,-1.1345256876678762,2.787594800932488,-0.7753158760653596,-0.06276425132198198,0.37820696048452146,0.2738448746066874,0.004832202411746869
-0.5641075930928644,-1.162630129776804,2.466653343216931,-0.8849090505179613,-0.13377677599735996,0.2878248239097517,0.021890175958645675,0.004216768311862367
0.6772853804693174,0.1346666202849425,1.5938333310652264,1.7669507767495292,0.25039645513911124,-0.015523272731830543,-0.5495055528697244,0.0014587229133209794
0.583263215477975,1.0483568087125845,2.12882562736326,-0.17726888347942202,0.022535110716654212,-0.14028575586032144,-0.12976839856146832,6.860120128561471e-05
3.8375067826732017,-2.52110775453478,-1.0033547926716804,0.7415067712312584,-0.5436023118257522,0.0731486715723878,-0.3117528819598267,-0.0007161812375285766
3.8638939989504446,1.2662883400139,0.09956020400998551,-1.389873357937689,2.232473568508309,0.31480940798163415,-0.19118746009689175,-0.03270806186588773
2.9304376466812205,-1.410239294579737,0.11969325799896399,0.9207873885302789,-0.36426886863411617,0.2388534611878438,-0.24716173484592646,0.0031087558301017885
0.7662009438950405,0.305408502443683,-0.38476958733982297,-0.14505879258302146,-0.4758690912581409,-0.023834460702319128,-0.22805699968211127,0.0002648983773637137
1.206170191778719,-0.09445721392310634,-0.7560189044984298,0.13015348447729144,-0.43282139489844723,-0.011648523825038013,-0.2680305222264113,0.0003345053440943674
2.668542530457389,-0.9601028478265424,-1.5638164440302924,-0.5808694074793478,-0.9623004599382408,0.019298281573921293,-0.44343037197338286,0.0003809838670799935
0.6350471837905135,-1.4452192874841887,0.444275169423243,-0.42138015303991333,-0.6384836196564252,-0.725286017855989,-0.3179985494458641,0.02597056783778608
0.9030760864202942,0.24904915322451357,0.5180595276622559,0.07835302867083399,-0.1868432275498573,-0.02919978156929934,-0.33497377938076706,-0.0022052508584437394
-0.1193754881682952,0.02057546070090764,1.7613412656582486,-0.6396920922122282,-0.7545847345597032,-0.2619980470662363,-0.3194048021646344,0.03850297642972956
3.4560609636519923,0.7134981017417256,0.5157278538429309,-1.7804852988646016,2.078540678826571,-0.507948219394451,0.29990363462021546,-0.04895756549880651
5.1570272726415585,0.8616363407348717,-0.24523314934045892,-0.9982263425128882,2.394163727108081,1.14746200537566,0.19305812975100642,-0.11998196815101995
2.789958738341233,-1.6183951027489563,-1.280807291633037,-0.7988277853659415,-0.9993711006289663,0.10349962051943912,-0.5340235094812171,0.0005484052111097891
4.302430878781645,1.0708484726437908,0.05818054325321247,-1.3281755320232291,1.9356274614053328,0.5537938459993484,0.20794185385427438,0.019476010917462736
1.8205591358643125,1.5202410906371562,1.493734356654023,-1.0348579625773477,1.4677304615627895,0.17270934061861615,-0.21488670387066383,0.012051763452707852
0.20128408515606028,-0.4483541124059277,-0.14295810666494,-0.671304112885819,-0.5311043042039731,-0.12263882196875621,-0.21975662572373483,0.019538378469533255
0.0374983367047674,-0.3695352886788769,1.945983682903473,-0.25733706460380906,-0.5627097470987219,0.04933665081399518,-0.2534253135639504,-1.7799476521130335e-05
1.2217623331183678,1.4550794984304225,1.244908208098059,0.15174618319774624,-0.4048903831626767,-0.12322715927139588,-0.3694224146458043,-0.0018724605964992285
4.213578810637337,-0.8514864379011283,-0.7081368947823501,0.2573764901545766,-0.1378050010863195,-0.15442853058659325,0.05003002364355188,-0.005206595478922419
0.24966004165249134,-1.436575531803532,-0.7588416229935009,0.33169064838330364,0.04229247735304601,0.15674428570454418,-0.23221935559086,0.0032275761425218743
0.6983570115282456,-1.034907840971805,0.3785859862613227,-0.2326940757148365,-0.4264010340428846,0.13477846999276621,-0.38716678467181126,0.0019506213834147204
-0.1865147160779402,-0.8517320894881694,0.34708078016791327,1.2029811051417831,0.3310350720484712,0.13147971387046864,-0.23242718788090777,0.00204380213742909
3.0199196393872834,-1.2839605211995084,-0.42147744652953684,-1.0468302838134198,0.14694665862222187,-0.05096081298790242,-0.14076837522183683,0.001932274419561494
3.528470758712472,0.3476893863127443,0.35887738914141876,-1.943702842610696,2.083291423896965,-0.8647433445361016,0.36662957888951747,-0.007266374705910831
0.8948859923096091,-0.23443159533331823,0.7740318064061597,2.1940943190687734,0.6377041271943448,-0.17405368480080521,-0.334036099268958,-0.0033771798387643194
5.006424769284784,-2.414838458976892,-2.0090117376767176,-1.3948271491206787,-1.3517267822985966,0.10414187932827253,0.7923544090134195,-0.0035751877595193923
2.631676643196761,-1.246812173837656,-1.1550582684756086,-1.3204962564393374,-1.474887691838457,-0.145295195524306,-0.32299434655240034,-0.00539423293984167
4.014478373266115,-1.966173247767477,-0.10631845868868917,1.287086130917528,-0.6286189878850386,0.12275296871339492,0.4300352823799861,-0.0029152105993325954
4.261315077377811,-0.733848597407645,-0.5257411115844071,-0.7576012276479741,0.11039378610475714,0.1572312569746659,0.5068567895518712,0.002395655034013695
-0.04827572595635106,1.109304194064163,-0.26109771241101076,0.6276225389843658,-0.04785443985727447,-0.22982067960968594,0.18082776198235434,-0.004224161598693614
0.7620388740593034,0.5527814609776283,-0.13948827513448545,1.0922688073113715,-0.06546639234878102,-0.2661473135398876,-0.23961289939754105,-0.003958433663178327
3.009226857494166,-0.7459465477487727,-0.6970287848107429,-0.255295654967909,-1.152012756091383,-0.006214167164233454,-0.23425506571865853,-0.0012572913907001318
4.26446499886173,-3.0093034388361306,-0.15787580134446166,1.4828703055993744,-0.48616007363603714,0.15209384699962375,0.5924676391243516,-0.0014772081710870666
3.3105842564101744,-0.9270441793950592,-0.3594929265692405,-1.0030741759124033,-0.4964058796792333,-0.32917742471090305,0.3906460368503815,-0.007547880834111718
1.2343085325849255,0.2629630743155307,0.14391334084221052,-0.3932070386826968,-0.5515468132546235,0.07228889971437598,-0.35916752050042716,0.0032566498724005276
0.858596108731575,-0.015543136010496148,0.22375651242359415,1.5906833624219496,0.32566938754045094,0.054799173628685395,-0.2961277500261821,0.002352026980197428
1.836418573287659,-0.012857861766849643,1.2765017041904467,2.6035967163929365,0.17991354458895972,-0.01965854526529356,-0.49836268509785336,-0.003719271454768967
3.2717585820383963,-3.666927709855471,-0.2019080075102911,1.0729357650246365,-0.31101126984984107,0.3489812760036304,-0.04696788565054721,0.004718993655978972
-1.455703572648199,0.7322069528220511,-0.18484694776460422,0.5248787007829351,0.03751031238311625,-0.14085879234628046,0.09033731142581719,-0.004430338196865161
-1.1134794961103596,0.5780318746842857,-0.19080510594359437,0.3141039097711402,-0.11886538627607551,-0.14035700466874856,0.033965803211669296,-0.011032562828207533
-0.34130854641477865,0.1288662334902097,-0.3413525132247349,0.15926481901799647,-0.3344529127516941,-0.1345121068300254,-0.07978576680726086,0.0008800814718572086
-0.5199688957645663,0.1010734226261752,-0.9060882679382494,0.21766285963194237,-0.2266321359100219,-0.11431812256051258,-0.004588842345634925,-0.009956916581587181
3.8168874544376594,-3.4698467519856964,0.33769424000267334,3.270184722601461,0.20442734134532337,0.15222032078881256,-0.21132791057472367,-0.00327014916811266
3.5890953365143488,0.2882459057140158,-0.2345365705584261,-1.7809804410486394,1.3157257088371281,0.06745779618150805,0.003179682806538715,0.009766098235987477
2.5302513397972644,-0.8080457200089481,-0.10506293130568199,-0.46609502136427516,-0.827430562962173,0.25741614526661594,-0.11026573703404413,-0.019067226864222672
3.062792889655884,-1.6593476378870464,-0.666185998524466,-0.06061208727268816,-0.7712578716977669,-0.003623972693919152,-0.2753155220363099,-0.0017277191761879273
1.917377805233,-0.00795928594074462,0.5262412463147467,-0.17166921813696848,-0.7464368846511878,0.2674153180837788,-0.2358704291198937,-0.021452305162438613
0.3257345851317564,0.43166076352555666,0.45167252653546874,1.1957044939661028,0.3552677878381602,-0.14649034414901546,-0.21118926687712175,0.0020287756368486324
0.8001520773056585,0.2265524521370016,-0.08036681432566188,0.38815164252232603,-0.020641000189608974,-0.12452916882649817,-0.24879670010171137,-0.00026925755319474225
3.0769786464046374,-1.4627067719702211,0.09660170388750453,0.6184368657860125,-0.5886167732796398,-0.017588733064254753,0.09617028706805861,-0.0034210458860580114
0.46118092572477853,1.0263162693636647,1.2227609015641778,-0.4413342476811739,-0.45119877503156275,0.008146497609567904,-0.3142156888106666,0.0020350748133935977
4.143306904780089,-0.23822048271319096,0.06829619413641098,0.4448824408299327,2.8437964201203334,-0.7342338727893287,-0.6569633147862463,0.0003227885332364488
3.8519382073237907,-2.4809382848812653,-1.2723719465208325,-1.671395399459751,-1.472752729887334,0.30196913020327343,0.763640689770117,-0.0004499355616344793
5.725072753679481,-0.09003876876181606,0.07676793443276606,-0.05310649367948548,3.6817743105083975,-0.028126312744773153,0.2865347055969255,-0.013852275525428684
0.32128404968444707,0.8492134221030571,-0.13526141329330715,1.1610349565107139,0.07216483608308469,0.05632595446654564,-0.15137059275671338,0.07388745197820855
-1.1664107969636044,0.9843140701524133,0.19272770102314218,0.7891939019800489,0.1806203815198181,0.005881857613902676,-0.00536148281285601,-0.018750797702066786
-0.7237368705284205,0.7648563648822178,-0.11719353124455015,0.32681183287173415,-0.05702640339837829,0.0479390273915,0.22355865175829265,-0.012711706932168375
5.057857002005454,-2.6940134402122435,-1.2366622243815095,0.3384825117052975,-0.8871954390352307,0.13612509702429734,0.7314370545530611,-0.0025255730869828295
4.732134869415895,-2.004315175830054,-1.4451666416539806,-0.19264302691196664,-0.8373208484636915,-0.06156520385743602,0.37785553502235514,-0.005422434035208134
3.1481317811262666,-1.6942741934374899,-0.17259708264404824,-0.25170355451060666,-1.0304455464384052,0.2153356339027285,0.44103971782584656,-0.000999581533041544
5.073479432438073,-3.366266939111947,-1.1241593382179016,1.2261386462305925,-0.7741193137540339,0.27577613657022615,0.5236115311900359,-0.0006986879132865815
4.793940955179704,-0.040436984298171545,-0.39733287009449014,-0.7126745924928994,2.0068547120320264,0.2275669864715566,0.07585104341090688,0.005639589538244096
3.5903019565714125,-0.10793940065974664,-0.4833496889447275,-0.3792714026414417,-1.068833843896957,0.17089264182436026,0.307104265867855,0.0016115031649041032
5.372557433064669,-0.3089162192129926,0.5608736771836524,-1.3773349834628066,5.253555158601551,-1.2749887773703918,0.5017795973617492,-0.0021033996195678165
4.572201796446655,-0.8278462518390599,-0.7239415425475285,-1.3565118835721661,1.976988739473019,-0.878506530101021,0.09653176115636443,-0.0073442636480502395
5.170118263719349,0.3793928039535708,-0.041244271392594886,-1.5652134021210107,4.1875268394813085,-0.7211512414816698,0.12491544137271404,-0.002661884585875476
3.514736785226599,-0.021832460824589683,-0.021387165055586483,0.6628470325786122,-0.7694665776226951,0.04515351960908629,0.1606988734680232,-0.0019281285796263173
4.650124036118069,-0.6601994007549081,-1.1064461471466207,-0.46318093472778354,-1.3330953675391963,0.16028472063634325,0.7466748582943336,-0.001894064764731623
3.6840317038151813,0.4935826039143384,-0.04496535935147222,-0.9590826449819101,2.0706582228490964,0.44395779642834554,-0.46574042013586503,0.019333011158190062
1.2695376996679246,-2.7996706870321435,-0.1745608911397464,-0.7306641053492186,-0.9298490266400328,0.034872950620474914,-0.5020922663609564,-0.003566375449645673
1.9454887303071202,-3.267546091742618,-0.3658626551068545,-0.6015170057627168,-0.994164444116807,0.0734434453693364,-0.28596630665894757,-0.002327215014310402
4.870047812531827,-0.17604421991085348,0.10892081717952043,-1.2423069129909647,3.7045331439452043,-0.7729426580220636,0.22731316122398168,-0.0038545213584308467
2.5748471112856444,0.5170489310270818,-0.2745831957505759,-0.8501328758292733,-1.1081580005208849,-0.08024822952030551,0.13615173131422564,-0.0009068452743260807
2.164050072446717,-2.714591917057341,-0.09106355742090866,-0.3274494740710593,-0.7887340368912584,-0.3326506714494848,-0.09407791987185452,0.03508588865464773
1.6532445048766853,-1.7169716710296954,-0.2228214731175386,-0.7791486126861894,-0.7967731314129947,0.1568414148699097,-0.5023585698046124,-0.0011428117580665267
2.830025311312159,-0.8844207625593601,-0.740311052668829,-0.90028032400652,-0.8203268475533962,-0.41130357076520124,-0.23873895428957778,-0.0078057490910483805
2.150035754465478,-1.6153180672157266,-0.07812725578958803,-0.5528245660593132,-0.8390352680653864,0.12467306384785025,-0.1910266879550744,0.00029648042302069416
2.925632594441003,-1.9834073271846486,-1.0709964430117187,-1.3843531265675109,-1.2189955544812794,0.2900520747912108,-0.038373379109529926,-0.0017099360853378386
4.528652400381533,-2.115751304174037,-1.8257331109062798,-1.0587534322193346,-1.2868887984342092,0.0976751212261715,0.39247569220491696,-0.0026470970306643788
4.012723799375739,-1.3177696241387034,-0.4428273488487232,0.8154255623561374,-0.6857703070638269,0.1775366766444086,0.20766234356281496,-0.0006170890109447413
2.586832182272113,-0.31196373852518033,-0.13197860716850493,0.3807212454461916,-0.6205130547437718,0.07061368151668779,-0.5240428458604781,0.0019240693574787884
5.037474262500943,-1.9592288620491147,-1.6219675948707366,-0.09916221345583835,-1.1510279485981743,0.26172822357603276,0.5032910826355113,-0.012417710817058626
-0.03992925896835903,-0.7071756867758658,0.8548208025883315,0.7882329570760568,-0.042657544135818154,0.1583411448249298,-0.3028131341940559,0.0017200212773478209
3.78379279004034,-3.021485639602322,-1.1462411846445915,-0.7631487087338521,-1.253242301184474,0.3624461448596406,0.4529789692884649,-9.711322979701544e-05
4.534350940900719,-1.9537532608666792,-0.5874057188127567,1.2271081093317144,-0.5498146964662001,0.22020002159243715,0.3321037472616755,0.00368591956773206
2.9324724480639834,-0.7457796919372754,-0.37491144339382093,-2.081966662476726,0.9133586782767804,-1.068740393205346,-0.046494444981245296,0.06566237740854046
3.359959503701901,-1.4064619904692452,-0.8930235248762398,-0.5547705502910487,-1.0495520883160367,0.14377035329664115,-0.013296538373377317,-0.0002882789755774489
3.828926218304194,-0.8624453878997084,0.347236635507405,-1.7069668515924212,3.0490474902059677,-2.1316984481288226,0.3958692323691883,0.011460607328324286
1.1260696360595828,0.2985424130555465,0.39028768934324404,0.3351720289969524,-0.37299352299949945,-0.11368567441969277,-0.33372788908349915,0.012547092502704082
1.8962904799581808,0.5659646787520345,1.87799672777321,0.9583527529046759,0.5287245212742032,-0.07649826140783848,0.0934257977535862,0.001485426358064093
4.594721083899983,-1.3109509695047277,-0.8973397273194846,-0.32143726220572516,-0.29857319164841783,0.09285366933145912,0.4984618314454023,-0.0016573716796438364
2.9686525264449424,-1.1320648472059671,-1.006447844920179,-1.4633311316673574,-0.28995566743438805,-0.4647471026704261,-0.3639842695062249,0.02758044831108359
1.1884492338300572,-0.3943790946252591,0.07058994399011924,0.8647713309643392,0.9127168256430995,-0.5273497070524702,-0.30446297036093317,0.02795356858410898
5.098021479578965,-0.09977963494731096,-0.04512154052468289,0.06287758937594615,2.442129038823844,-0.01610821946075062,0.18786186240259364,0.006313472379166998
5.767161684919833,-0.47362927309631164,-0.49603076918831485,0.36371713209035167,2.609890684690083,0.26272717370935095,0.09102061457998398,0.013735931233964011
2.120501775915619,0.6824343604537039,0.46505742389992755,-0.5857191852502631,-0.9325392171702342,0.8062172045390598,-0.06701552982668853,-0.03694289848077327
0.3870347931640185,0.7168041056873903,0.5130036979435414,2.058805167844678,0.985222754773508,-0.3861297901620186,-0.17262275945781852,-0.0036423073519962334
4.986904976587158,-1.8017865702269094,-1.8854154737880822,-0.9510768109980929,-0.933778393919802,-0.16443493715869933,0.4666191360802075,-0.006468368102807478
2.056879588254509,-0.3177249682929571,0.18718150398296024,0.038090999615866386,0.8791773836314252,0.1836146056796694,-0.5159566000705543,0.008281207456454876
2.8989937986018197,-0.8192284854777698,0.06559682850479179,0.8325636152668889,-0.31303902566401476,0.031327774792841566,-0.37616913031452076,0.0016548442822379363
1.8022496950480653,-0.14510192958703683,0.7908499390392986,-0.49744941084286604,-1.0530488881254811,-0.009935119051983857,0.24738685522123896,-0.003946899162772604
3.5437652878704995,-3.2315684320864198,-1.0774591096501416,-1.1754142736651214,-1.114609954990988,0.296820359121066,0.4882359238924566,0.000541756912688734
5.719529619699429,-1.1996809448043908,0.023128637431606213,1.0535646392372628,2.198309021449435,0.31605549418358847,0.5765032465681945,0.010879470049171435
3.396117524948082,-1.5258715301797698,0.10883481978827415,1.3031566497499862,-0.5225816855128071,0.041963843258274916,0.05488272866036108,-0.002921489916690608
-0.21901728198979326,0.8100762947885751,0.5885500392018176,0.8289105355919332,-0.0028100097438679855,-0.0495875571983239,-0.14681310504473724,-0.004012167048209621
3.5362370180083555,-1.3093188318233793,-0.7826140360253404,-0.8164880170680179,-1.2941235970249665,0.11742960551278964,0.4293980514185926,-0.0023725001198347147
3.2948948899164985,-0.43486063268676484,-0.20896462619342496,-1.3400969576539006,1.0314354392534142,-0.2666682284113595,-0.09533537341894543,0.0038120035550019914
2.705678686553964,-0.24375206709054406,0.4667659409687608,-1.9428840125377165,1.89390142539983,-2.1224342063312243,0.1635649110774512,0.06351567772643923
2.0375311765027724,-1.0381786698834659,-1.0556194292640781,-0.927442560541328,-1.048170958476744,-0.11741633876958275,-0.40601576144070467,-0.0026801361199873136
3.093823741704644,-1.055919438340358,0.35261476006372405,0.9445890565215003,-0.24718153388790481,0.3079948484955814,-0.017596669364581517,-0.004322028489874546
3.00697904280596,-1.0405129842879814,-0.7605002814565024,-1.2335610233058099,-1.2262289277473675,0.05984957432389691,0.15161120785431043,-0.002385690051233201
3.4611301662776826,-2.0363109709918046,-0.5388209462955788,1.7301627492884966,0.15070121346936718,-0.23592940174551066,-0.6406077369986586,-0.0037018299510230205
0.3899554896414575,-1.6686659660085028,0.09291732879134841,0.4215538862449688,0.08845988685665768,0.13874305177101268,-0.34400100566319325,0.002196394565330689
2.366303696892704,-2.1524602200983836,0.24073996229551223,0.27842926511465854,-0.5874161772214521,0.22659989025407587,-0.09659852055107039,0.0006403608055207455
2.4874634498616177,-2.0761604014827943,-0.08647309985047891,-0.6661456921086668,-0.9424130768475163,0.27263931950641496,0.19812934189289622,1.85251492580665e-05
2.439024219647978,-2.9250835589337436,0.6034837296197295,1.7495309140123747,0.04533872169696725,-0.3313155272969329,-0.36437151612775553,0.06144508612169109
5.396357819516666,-2.58206883758072,-0.12451543991217698,3.3006800486187577,-0.05897123053557426,0.16065584079818984,0.5135038271783255,0.006908412903658065
4.21971153735634,-2.570135649072629,-0.16402411763550528,2.460903608661017,0.03988177058154051,-0.040138863230084046,-0.12181967544166743,-0.009434178584512195
0.652822639735062,-0.025645262934780578,1.4873368956641677,-0.6035466850668061,-0.8030543434800916,0.09515244825381665,-0.04176449151252728,0.00017423652814882015
3.772341207972541,-0.6042885702388892,-0.39989594726904965,-0.983811905321303,1.222211157522008,-0.0676116200107728,-0.13243999772488926,0.005867823405652772
4.824113285882896,-1.595522098632572,-0.5459058074257856,1.4808043854550756,0.581910705053667,0.05330028810148911,-0.03614342654456032,0.0004621682822332509
5.395644137441723,0.6883687137218614,0.2315870245398597,-1.3398370553009498,4.271993946884762,-0.27546564358280895,0.34761063752706584,-0.09858169487265336
3.3762272700709164,-1.3404210773735337,-0.1681010041490115,-0.03388557147462146,-0.6601236033930348,-0.17670179210409984,0.3580043467234693,0.035205941953430984
3.5585114475069743,-0.7762308264619583,-0.7805647865929277,0.048640159014354964,-0.9277658131839561,0.06485630235909973,-0.12916731935999048,-0.034593106079038226
2.9448255966211754,-1.5272049546081243,-0.14069905074678402,0.6609312718233983,-0.7905357930751244,-0.04494037037915067,-0.14645665486819942,-0.00488118314384568
3.6764050653108815,-2.304187304000607,-0.9747607944363796,1.4136859846146592,-0.6089207022384,-0.0662499916244211,-0.6547866706182041,-0.0030009101555435068
4.3636150635704105,-2.7889421633585,-0.7679459823130025,1.903701407077306,-0.5155012358386555,-0.07594280483958574,-0.09852044079202336,-0.005981514176909748
0.15527785797122007,0.3988640982938321,0.7191891417849164,2.6409982240841905,0.6984187021082263,-0.06913674499226305,-0.19887139060179795,-0.0007034655071032639
2.2225183964700332,-0.6678602002932434,-1.7444877887187855,-0.25604460832015835,-0.6836862364000841,0.029972441818235218,-0.3474319926004104,0.0009543908921759493
-0.1821828155630837,0.543207758158203,-0.1811508571254146,0.34527928381014256,0.18223189348506305,0.04919269156439278,-0.11392982896984194,0.002415630377275299
0.4339048240639734,0.1519395753872915,-0.8188773363664457,-0.11075006103404174,-0.07774324186260377,0.07384559131409715,-0.1627346335799913,0.0028538668834044113
2.1414116022396206,-0.8575027406687202,-1.32557305123826,-0.5473459869667001,-0.5774016926508183,0.09254209370704061,-0.4015197001537392,0.002281361713509916
-0.9581158948343332,0.7330352243405064,-0.3321066107720833,1.3643785931025596,0.7625518674793486,0.0518671073278935,0.03227417176327215,0.0028171007328861635
-0.11172373472693792,0.3855214266925987,-0.8062506553895286,0.27917581528170193,0.19229175703833068,0.07223264286161005,-0.07457278428240957,0.0028966825944797747
2.69220134947021,-0.7645443608454829,0.15899704099446757,0.14261053697249254,-0.5439775874428924,0.08092471066075498,-0.07675668816347284,-0.005765774126329633
3.466745853236714,-1.4063312385896656,-1.37469925525482,-0.8745908206460931,-0.8631201166021142,0.15881274688721003,-0.3510210687651957,-0.006644181896770016
3.9107357801043934,-1.000818902560819,-1.1991408242394674,-0.5311235620191982,-0.9557038530599551,0.23894405202279323,-0.007593083374164857,0.001832947858200742
-0.36926925860120546,0.6913032196828875,-0.5034251985757819,-0.10516865833871476,-0.12715454725444403,-0.004502911516556757,-0.17016859974302156,0.0016949484811991018
4.453950645264877,-0.60230200885741,-0.7616791384783319,-1.145905086765435,0.8758067618930345,0.4129408437849186,0.18990566027820277,0.011617756304881465
4.116494379365904,-1.098291758883392,-0.1689599777532744,0.49629591818151153,-0.4466112917851782,-0.0732449001484628,0.5799578049615145,-0.004616269940419953
-0.9360809422034797,0.5907258966007484,-0.6552604098937043,0.04024956161264046,0.017488651176480487,-0.25011520372105805,0.17839311998731136,-0.00027945608919852127
-0.21448422496120975,0.25562424889916896,-0.5635977136297258,-0.2619384479687207,-0.2664107253371445,-0.2560751423116581,0.022073982051028725,-0.00014959274136476373
0.1916785150735557,-0.10815839280871112,-1.2982270465704384,-0.38976649453058554,-0.3447209240313228,-0.2299297871379405,0.007557673451449378,-0.0003718157867780781
3.711277350949087,-0.4310661183525967,-0.04777431328928113,-0.39696995859702366,1.161791757860716,0.16915511083538934,-0.09499949786062585,-0.010030449562533099
3.2070769489867446,-1.5707156253216707,-1.3037217768279223,-0.9198866126613271,-1.1137310034444736,-0.33471953344241384,-0.27072651814697984,-0.008003032099933464
2.4624352843492954,-1.5069054135457094,0.10303476389168426,2.9244623172528152,0.26830749602913273,-0.08289389690773422,-0.5363962640159432,-0.0020772596439771946
1.7670233280333507,-2.117563392744558,-0.20984718877912362,0.878977331464432,-0.27262543762945907,-0.41294179652458224,-0.45050334372123557,0.031283457508165496
-1.388149487260712,1.6983105344175764,-0.02643186300804853,0.31630152615512575,0.6810346041905955,-0.2770258874033453,0.3305236899871656,-0.003626689818410302
3.7299866462275264,-1.4520990880115197,0.36582510323469675,1.2872083325457462,-0.03295260710481295,-0.20371523619093296,0.3786867565306331,-0.0074642900663584415
-0.688684096848918,-0.3963239005221352,0.05109807827805872,0.027472744521293332,-0.08565540428981011,-0.014544523323917905,-0.11795184446376697,-1.8404269658853693e-05
-0.08745388804015526,-0.9484117527775197,-0.5339821822538339,0.35688148779760387,-0.03877645910017043,0.005078149026192933,-0.16664948064240062,-0.0006117128234998136
1.6674237596691226,1.0919527901767414,0.876295237235171,-0.5608628297847957,-0.537559643172304,-0.09807680296246434,-0.14593354650477444,0.00040203638425396424
3.5753907428715643,-0.3063773730661787,-0.48041297780688386,-0.6048561978079711,-0.822274635602916,0.02159596681228555,0.3354207309602114,-0.0027732562384263425
3.6154616936199684,-0.8139938603850235,-1.2592425260699025,-1.357551548995261,-1.1930595731919789,0.41319171043310987,0.08909001866602248,-0.03481041287520075
5.224591829654982,0.7183664057922134,-0.40588010621853293,-1.8441963458628399,2.2419144364821277,0.7570435423713697,0.5606138365632396,0.022942499141281037
1.743395896918566,0.6164449221036525,1.172315904570011,0.555247099349382,0.7789680209226677,-0.029317934144304066,-0.3534685600166875,0.0040085987310371695
6.484183506762991,-0.7545036744195878,-0.33474969453048464,1.1550174544429217,3.0929448539133264,0.39237516105296333,0.30106030582920684,0.016112978302382647
0.4870142868903943,-0.4077758863309172,0.6065764617556667,2.465684256959046,0.5041855836076695,0.03842436331456175,-0.2881234841244105,0.0035520218239340493
5.002838982786072,-3.334000386114182,-1.099926560666912,2.6716907381406334,-0.1965252859073976,0.2890356021760945,-0.3273557174027258,0.0009499647321965333
0.3764908927680337,0.5532285187146606,-0.08026680309676515,0.6653162034616804,0.20392121288349715,-0.21130476019795666,-0.16306924846930335,-0.0019457175448124914
1.7852990244233775,-0.05405006795822573,0.2427086394239432,-0.8086710450538247,-0.5056143699055156,-0.06160308073959414,-0.4223791100349687,0.0006259052727486924
2.255171992228586,-0.3364007729063339,0.08975339019519873,-0.9265291895858888,-0.620034451899538,-0.012536850424612556,-0.07340884917649045,-0.000586140764897459
2.905110648779273,-0.8616130813256866,-0.6597525372595687,-0.9883741159782293,-0.7260345123468737,0.00964046484321443,-0.16470396832126824,-0.0011050605544359348
3.684053513097227,-1.6480008936307178,-1.2306836136144457,-0.09455068617365582,-0.5093037943996607,0.0007973381815525878,-0.4631082027662272,-0.07892965285490973
3.7081901571230342,-1.6523796636571761,0.26362119449664134,1.286621706156478,-0.596767863203156,0.2038459156619197,0.4914230906954497,0.00014821922393561013
2.058473918561364,0.2864926027449891,-0.14431147324050178,-0.00045106572096355015,-0.5168712633056259,-0.11841736983882649,-0.41123358471648186,-0.0009427345920341961
3.2062516600755235,-0.28260880915792885,0.08339845191369667,-0.26355451452589895,-0.8323776993144197,-0.01326775107612131,0.46216838222627177,-0.004098365643835557
4.744529345378255,-1.5175034404688041,-1.2595234057683395,-0.05401471188457525,-0.9648624837548897,0.05136042047450497,0.4897472382110001,-0.003221159061921264
3.818124575121304,-2.556854984677889,-0.1732297648949719,1.4053139326475248,-0.31334679765412754,-0.008694011959026492,0.13907599620560662,-0.004709036672944672
4.54202258857872,1.0395551764398938,-0.8890061473241482,-1.878084124505301,1.1463529147992262,1.781882760434658,-0.10166369000946159,-0.0802342285584249
3.274057255612898,-1.4809641125351936,0.2144091768020828,1.714265334897923,-0.4095750487466493,0.05581159913166441,-0.15125410944789763,-0.0030272885132516603
1.1646853320932549,1.849363423330077,1.8982417639467932,0.049647020980566954,-0.2956435207250153,0.14719913700532464,-0.023839608857088104,0.0032677328870641693
2.990778941739708,-1.5786580482350219,-0.24256222787269635,-0.30008931253217275,-0.9916807767034053,0.19939592002186346,0.2442595230250073,-0.0008176398544562765
5.802905111534744,-1.6115238882966125,-2.6117425587116867,-0.7479131953221578,-1.4885716442379513,-0.06364663315146234,0.1282709551710078,0.09734029455094897
2.346063937104132,-0.8513481088267131,0.23289335699387081,4.214062959975554,1.246805218324883,-0.2699205566270715,-0.45937542630712314,-0.004054845698337053
2.76586769971677,-0.5556169023762864,0.8110763848398752,0.7815885419615496,-0.6778122518970894,0.27621089279501876,0.36003965565309964,-0.010603874603543832
3.8486907084447433,0.8110554509280619,0.21682597922916275,-1.4102408711227588,2.2410251994970523,0.05577457713461049,0.012207938687931703,0.011544347466354073
4.805920840934246,-3.260072306920789,-1.2064857661529544,1.0143466300964508,-0.6354716059438597,0.3272947259520876,0.24670541927219145,0.24937861179545384
4.665158860585168,0.07623686629964714,-1.1306820143270235,-1.7850674569414022,1.543759067504436,0.4840062724998242,-0.1672212204034683,0.01805446892832796
-0.4492436023963341,0.6797787504726565,0.021408176102119206,1.0241274095324702,0.3431918389699365,-0.08599778062638698,-0.0630984124323263,-0.00014000444639867044
0.05001172645771248,0.162952815491185,-0.3134233659420613,1.6898048971070532,0.5235266791807659,-0.07668580895552533,-0.1142140391113088,-0.0004771291233010842
2.1571955324190024,-1.31925042766839,1.3444514448198346,1.6342834061805152,-0.13733342154005584,0.03227341401714854,-0.01700248134106261,-0.0024514080596205207
2.886992983091221,-1.5316187586588714,-0.19284462080512704,-0.7188169797390058,-1.0703406732943739,0.14183728597280038,0.40954719387672917,-0.001981375353347275
-0.3695130939931745,-2.0823668684575303,-0.12545135036642688,-0.7815485066240939,-0.045239834439188435,0.09935434963227856,-0.2654586054932029,0.0014980684529296497
2.891619527585212,-1.0467799625629233,-0.20438511292534728,0.35128921098785443,-0.8565684881751198,0.20307855286488552,-0.19992726851597878,-0.0003661619913827335
3.6941695367779164,-0.23523576414446873,-0.42318070951665177,-1.0493709518465777,1.3083418543546999,-0.09781291399327215,-0.28158760169168706,0.005846983501918954
3.1418821996322994,0.20637069222147478,0.5479530828832179,-0.02369998036431054,0.028208225880157627,-0.011083566956426644,0.3295698863121632,0.001140361341257685
3.592160933951241,-0.21656154683156684,-0.21785868393184313,-0.0317813645071019,-0.025418211715962886,-0.01577592260293636,0.011153944802548763,0.0014646225645685888
3.881592267780023,-1.3635724275549599,-0.48110719893997544,1.8249177735731092,-0.43893904767852837,0.05463606298998847,-0.41369684160592934,0.06999101390344549
3.594876652973707,-1.2692754435313642,0.24968009869614172,2.217407701214893,0.025408540341943557,0.054026409601463765,-0.2967020860695744,-0.00038416095258854
3.996100504183766,-1.1096565194418264,-1.1753712639980294,-0.8128670510514727,-1.1052437016505252,0.17452684917108213,0.2878319643336368,-0.0006204321268548043
3.385132607927875,0.13288232225296828,-0.16763000534346056,-1.0275019112078625,1.0252438856701895,0.3213694232760421,-0.26232901446587376,0.014181952010994014
0.5289867125449966,1.7653120730314322,1.266647548785875,-0.20667321667827784,-0.3124504820745257,0.23320594727927266,-0.006758960394195477,-0.004059329820510399
0.9229922072883342,1.1499975831095588,1.746820797077672,-0.5025792285446086,-0.3796054629143032,0.015582268552511734,0.025679267890300724,0.000520838672815756
4.397753027391727,-2.916095491606669,-1.1228208473610384,0.12258025719178527,-0.9802799083910059,0.28320809940865677,0.4812851278021132,-0.001898614964541811
4.158826917094911,-0.35773772766076023,-0.008863216124168507,-1.5264458236747989,3.145797591256114,-0.7288153963146754,-0.057572151255248845,-0.020073616165786574
3.423681530658335,0.1145028078809354,-0.17988877738680106,-1.7164641773149838,1.0204727502921864,0.024535663160875083,0.06945568056020891,0.006249576617406866
4.175104250887645,-1.9257733427480872,-1.0934280864170105,0.7128685752307197,-0.9622829745124748,0.34793692193354875,-0.06975752985259745,-0.00011773626098187058
1.5932105154300307,-0.2508011115864029,0.5710590120007107,2.425094251708624,0.2580325992610161,-0.04016424364633531,-0.4132443945024766,-0.00028225481157302044
4.378489568427317,-1.619111971307065,-1.7259753204030832,-0.8548674452580232,-1.3945730177068743,0.15450324447934027,0.2659382014479819,-0.0017389655673526398
4.263200929016495,-2.0304552036553063,-0.6145685297833247,1.582013767239915,-0.4440137885673696,0.19318764248577303,-0.06685134415190384,1.764982494198582e-05
3.5133379391359894,-0.07512586962712459,-0.43454447040614785,-1.7187542438664194,1.0257643977582036,-0.31928780654981487,-0.03960532134683874,-0.00024585199229119566
0.08924011691856136,1.26238002577085,-0.3353447461731483,0.27954739049942134,-0.060991742780332224,-0.21352211902332302,-0.05548339589452685,-0.003597259287618735
0.6188599011980067,1.000834499703594,-0.17267537616571108,0.21774371895982808,-0.23401570546418796,-0.26233581964174923,-0.5615677721317471,-0.0024931344488894913
-1.350995221749011,0.21991701830435184,0.020685288231492776,0.3022144514216521,0.2504814040624899,0.03519298644404451,0.19837235674815104,0.004826643770577752
-0.6418135598944686,-0.2589190909892993,-0.3179116297201291,0.2653508004633263,0.09998453861958295,0.026210574595536395,-0.08866900889242689,0.005397673289857846
-0.736617591097471,-0.36709532078683643,0.6954463760443136,-0.1055152940300482,-0.07415153713762442,0.14150709625476557,-0.19343518497380066,0.002404000634526906
0.287744653430818,-1.529608872010088,0.6964238324869599,2.3336571902521777,0.6605535108981044,0.13176885514458422,-0.34665924049716357,0.0004836040415895666
4.117711928322582,-3.3806352828863537,-1.4286994630936956,-1.3666953049471933,-1.3649055763835145,0.3878042362314667,0.7832664953150935,-0.0007477069581205739
3.4528596705246386,-0.8198696625270995,-0.029706714224751987,0.7765943798177798,-0.5733593489547469,0.16563733552632823,0.07354469681643991,-0.018115260368684324
0.02179098752911419,-0.4957450618099213,-0.22224597185406816,1.731414048537195,0.5172329151203917,0.009879367046531473,-0.16404648901162575,0.004555198525188665
2.83035127760538,-1.7170313993840085,-1.0757679210264828,-1.1561272708593084,-1.3527233606643145,0.08955706021006932,-0.16634770333833615,-0.0011236448529615085
5.497187407037777,-0.2629481069971582,-1.0803404850745577,-1.2969435913421403,1.784436017447565,0.35020120614669137,0.2943150829532587,0.013741688247148094
3.5148792205185195,-1.3728673986246802,0.9037252376148072,2.253326485841568,0.19327594869180503,0.16870172628554875,0.20103246963388663,-0.016692983924644956
4.19871777446803,-0.39568700135253776,0.058580892463137385,1.2085255117155151,0.7174614506972372,0.8137678250250937,-0.15003047206109346,-0.005320069562185507
4.016219340434322,-0.44992393123510843,-1.236507866043447,-1.2540705318492211,-0.510158191541181,0.809032493527928,-0.019631014000102275,0.015934686293820895
3.046623454896581,-0.18996730731614453,-0.2652749994128914,0.11008765125561551,-0.4248268480302993,-0.20844417900926884,-0.3175246823845907,-0.004893762524421273
2.518880090418076,-0.3051907118565388,0.1262501502445824,-0.09261883681361101,-0.5424227142626605,-0.012623046586498871,-0.20825962328323686,-0.044562495917316175
2.545409956032355,-0.7881841844419399,-0.19036377079851047,-0.2747286555303881,-0.6863553582815437,-0.441408020501551,-0.2364592713922745,-0.008420836874383435
-0.8110612585375516,0.8886312142075227,0.6416237786071702,1.2983183699654737,0.32030060901937485,-0.0009608334851538962,-0.0668654407148444,-5.523784471016719e-05
4.02758573814919,-1.8370725254620845,-1.6454949598756934,-1.316387884147805,-1.5146206377500515,0.19431250883900048,0.3289684154315381,-0.001582559665154933
1.1386307251598886,1.4424936681288119,-0.3867437341011494,0.30690471621128335,0.5482736579851654,-0.5220063614344982,-0.16122893990950368,-0.003614986284885554
5.168306080322253,-1.1615724110451444,-1.2393731532969965,0.5428615341219599,-0.11309373748782713,-0.39349021211167423,0.22099388735639588,-0.008528257600275459
3.155226007348843,-2.0561984657940515,1.2560905021104551,2.406490525229366,-0.0007837421182639952,0.10427085055339719,0.40402064356852274,-0.0030560493912234715
3.7914521883541865,-2.2411165274571223,-0.7206256992945871,-0.22371206167752916,-1.0075682980420468,0.1868809797068887,0.46049612079836383,-0.0016368813649207032
3.4542666255076906,-0.49448269874573675,-0.6174810288702093,-0.11206511131394394,-0.08508335482713343,-0.1670486614795814,-0.3698967081298744,-0.0008245755726645313
-1.7499618371992676,0.0157433064972317,0.008152069833101789,-0.07293352112002648,0.15046676138621884,0.1415255505230023,0.02755972811370728,0.003148573572690315
1.2830636469457508,-1.7480783184558344,-1.1986457433359743,-0.6529181654717244,-0.5774645415933962,0.1373210741418474,-0.35698915221562505,0.0018529215074878703
4.780660744300943,-1.5816234538611493,0.7472262519185942,3.4880382767212526,0.7329931461468941,0.08988396131426458,0.33298913561977855,0.0059925045905286625
3.7482401218352575,-0.7184093692149709,-0.10082524108074868,-0.30314626268386896,1.4603642370170207,-0.16265051874633865,-0.20539422000179292,0.043966252444746584
5.358553083968932,0.5539006287791988,-0.09796796591416401,-2.4001034889417054,4.251482375231723,-0.8151207400055254,0.5053894482446873,0.003831336199897224
-1.064152241510317,-0.49732344067621065,-0.10973142910265492,0.318648128759368,0.3228366316234081,0.19322727408210372,-0.07747605680009743,0.009327920900274117
-0.7422958372821513,-0.5822800812195209,-0.24139196720593376,-0.2552996284846603,0.03876406374031434,0.1997921364832217,-0.12212587322662742,0.0068868961472737834
1.1793775646190747,0.7496038420163155,1.200439724995156,-0.4676530011716685,-0.9022997141955741,-0.016385330389269957,-0.03141408292216233,-0.002918508189416286
2.4730239546053077,-0.2407099930008082,-0.007469298674038578,-0.5741274164660257,-1.1152325271373544,0.04785068499004543,0.05433263413883441,-0.004490127084596338
3.269013334830807,-0.48381408418863936,-0.6889939741025597,-1.4525663768539394,-0.3324375651321869,-0.04735929593031205,0.04856079057794806,-0.00031625289007979925
2.9411071132471664,-0.4374894668538576,-0.16897632516961045,-0.335115637570747,0.11353778106774727,-0.11288799770894012,-0.3415235529910857,0.0007703966509981421
3.225622357697624,-0.3543569047168908,-0.39171334239637173,-1.2718949041964684,0.84757665837971,0.03913819031616515,-0.31462327992046796,0.006849981625655658
3.9394799446753486,-0.7982842078487765,-0.7511077138549832,-1.500674153350202,0.6589439897327897,0.10673387699523916,0.11360941503623109,0.005309646629825069
-0.17673100654345686,1.0676768498074558,-0.16444885488444608,-0.13327015931820313,0.06643992846653833,0.014895993656902256,-0.09243846558621271,0.018050493381120487
3.151737206910044,0.2002782177409403,-0.15066765594388168,-1.8637972971943524,2.076525803435739,-1.2249916208765306,-0.37773259955441624,-0.012243700729580182
1.9700207510889263,-0.2293209823058748,0.23890690047889074,0.5421490564736401,-0.026625727990315404,-0.11302458233976719,-0.45873762941068374,-0.0029418157070332457
4.664644369307596,-1.1711987357658418,-0.04260220243189019,2.0193731604070697,0.24684148017556112,0.5427820547647354,0.14266345611509537,-0.030749294683703358
0.48731472942543624,-2.153418764352718,2.49187656236571,0.3246703386992383,-0.4169216703385324,-0.9807323426206411,0.7184986326899502,0.11302437911287383
3.229971932796939,-1.4003431218731297,1.0802985964797143,3.0484590195687162,1.0149865658744792,-0.14040701720465976,-0.47786771722262217,-0.001497903885531985
3.2351633640422044,-0.8115223765537934,-0.6407611426516077,-1.1051734039965415,-0.45416769452577843,-0.021074953988013418,0.03284511687549193,0.00019537135214938356
0.9046331742909827,0.6248365344315491,0.11628960719473307,0.734275140431843,0.39723129597524465,-0.06709201342541964,-0.26183840699818595,0.006076106312806604
2.524960952094254,-0.7094591617222253,-0.11674089993586931,0.3269529832277747,-0.6340701918796211,0.09415600345798221,-0.5190509232803173,0.0018185807923774841
0.43254513785797133,0.13311712712234572,-0.44053246699062637,0.15191364211182704,-0.3330530980188021,-0.046606327528364744,-0.1813572768865062,0.0036276125446000414
3.0198392858153023,-3.0050701340021417,0.6602289016041529,0.9531900992657689,-0.21208930409509102,0.2780852254732165,0.5117700532491897,0.0019456278684140405
3.2359237322368632,-2.9764998498400774,-0.6133404880471248,-0.8868505956889263,-0.8826166494544103,0.317939485870295,0.4450528463339642,0.0033323440057810433
2.3521235273604493,-1.3562253379198774,-0.8538646678836811,-0.8672736611889169,-0.9648465770473384,0.07069453449502357,-0.5046172474063094,0.0005445338054644479
0.4440498857384949,-0.4436289380217848,-0.7165216422173875,0.1650504564355194,-0.1577959493864716,0.06347503852064382,-0.19984760549494374,0.0008646566391997358
-0.7373693799319446,0.18256204814106486,-0.5215492492900022,0.6395736081616533,0.26827348244604504,0.05556911142237388,-0.022100683703201784,0.0042065897543846565
0.09509406056665394,-0.15540556998875196,-0.5923819025348618,0.07789678881141589,-0.05775240261912352,0.0047715808495561104,-0.1463860560218558,0.000843078387173407
4.635179707866562,-2.5113873411319587,-0.019773069801379342,2.262582242080907,-0.35147848232503043,0.1510614635913778,0.5688291094024506,-0.002449464066849524
2.659614461716265,-1.2762877585197705,0.083856458659184,-0.17868840513632328,-0.7810249861138047,0.28132945213921356,0.10435281363517718,0.001558791284829762
4.316726757351258,-0.7675810816526604,0.5271563943005488,2.4038361133797426,0.3285543007319816,0.1452996204781574,0.23884092860769476,0.002182844271101144
4.222011148669782,-3.7179896967570834,-0.3552223918892909,2.384737376998974,-0.17197154430052317,0.1137830408474611,-0.02011579392876184,-0.005536073752952884
3.2097410682302607,0.11141143037083838,-0.28204049299372447,-1.8069464001669922,1.0172315521482265,-0.07446232582660044,-0.1449126379115807,0.005393932496363985
2.6510050244944936,-1.2631032540873444,0.3017498208099323,-0.9329769560925346,-1.3231521187072102,0.23185352632836081,0.850897453361118,-0.0005846664979771827
3.1123713534540447,-1.695519500014714,-0.5733245972045525,-0.4566812787017621,-0.9903563203993774,0.1634826746657462,0.08916705435167309,-0.0011663887696764996
2.407859441117106,0.6975263790543611,1.1823567867364615,-0.898706222802964,2.3144939848045905,-1.1657590995865639,-0.21910734056766518,-0.010468881858741064
-0.01794396250569439,0.46794267751963914,-0.25049461808147916,0.511772196261961,0.11012658762482064,-0.1826758308120591,-0.10376913046774823,-0.0022965217141045938
2.9602013526271045,-1.1734104507998162,1.4384662575350182,1.7167253936574463,0.4964400395562272,-0.28454678181512155,0.4021029892874961,-0.007741589145767814
3.778080971296405,-1.4867764094507259,-0.26070487326982617,-0.5684294823596943,-0.42192708809152873,-0.1821353985121432,0.7060897276270223,-0.005388105271490455
0.5775886542308063,0.4607751596469149,1.295632078689708,0.084595691653737,-0.269455033415015,0.08840560949494546,-0.36679587215574055,0.010089363942474382
3.633152026150197,-3.023839224866514,-1.1948981024762426,-0.9389818824179448,-1.132764218946629,0.2808680242176298,0.3212407846040508,-0.00020833303058145366
5.671276020160407,-0.5517900200027286,0.5024850400237455,0.9591631707183808,4.095185765687109,-0.34806806815674374,0.18920804598658494,-0.07102760136804778
4.527153160920716,-3.959576472028068,-0.4972510568727873,1.8389913429601867,-0.23267896652281914,0.40571320302834757,0.3183519547661768,0.002578071778853122
3.2484758779107996,-0.2787557404384616,0.21875966962276291,0.5508139890447271,-0.24848308403784716,-0.35526011436973254,0.09834161550774694,-0.007373223106082317
4.116565315610567,-0.8187030870423925,-0.57956720962386,-0.05484641497264484,-0.5872101607838225,-0.2803561848202963,0.44032741679365595,-0.00839481526976651
2.923544840053936,-0.8282159020884992,-0.8041500686707582,-0.6402869686385074,-0.8900171126688152,0.0270941256978735,-0.37025270775257524,0.006879007356451816
5.581363718656353,2.0293349665336953,-0.04121820949402292,-1.2869112547256054,3.259261893546989,2.5771648937131455,0.10174979454404366,-0.11745857464462908
4.351330807986111,-0.9916900806481074,0.14703901101153122,1.871439983416141,0.8700152613250169,0.2360572903119705,-0.11034209579052984,-0.06342356597758357
3.53500082087128,-2.1058793900573,-0.1250357055658633,0.4601775543120408,-0.6749042821835541,0.0648017349937145,0.4309207200910118,-0.003567891321589805
2.991933812887305,-0.5730602947199027,1.675357421942982,3.0108818293331767,0.5462862832460859,0.061951184266399145,0.10972452386166136,-0.000787680479580489
4.379472501606258,0.6291008634190208,-0.05565351685576821,-1.0318974971659498,2.7685662677756717,-0.046973383941608125,-0.18531816287657898,0.011431327824709693
5.261499414577326,-0.039957450737554925,0.0732080325082725,-0.4682909991071743,3.9541799647740654,-0.5358135643456827,0.016478108766329224,0.016341044263052686
4.3132082195697565,-1.7976858634299928,0.09216769366514002,1.2325526439977792,0.10864540839023733,-0.07793288444580432,0.5450339644198293,0.027968292165245278
3.0993031620779967,0.03461247671813675,-0.19640650193290873,-1.0837848843462905,1.0996841023288824,-0.08459573978659102,-0.45372473482305026,0.006069887883412659
2.6502311942524446,-0.8543277816709106,-0.43082688423602544,-0.44868909765718074,-0.9335460220076168,-0.19043473237024028,-0.23754946056355228,-0.0044906726235141615
0.3372613904030185,0.07137887731023139,-0.5213244765853434,-0.04795500156050069,-0.33578317962361737,0.08447928800204527,-0.18209460424687055,0.0024997996030707965
3.360627339945476,0.00771967431459363,-0.16006889749908465,-1.169703950741569,0.8761181611681681,0.590381541827354,-0.1651346546831408,-0.04541372608212174
2.3640733820447943,-0.19115904874197787,-0.15316036770001987,0.46453525372473914,1.3272712375230291,0.3865921070506015,-0.5334338835448103,0.01390226868075668
2.254600050237408,-0.18723596655312166,0.9153245517463598,-0.4539228819122592,-0.7188189507720935,0.5079188241401638,0.5009377331341123,-0.026539674567799584
0.7721718253108604,1.336280131367479,1.7683522054610408,-0.27394666930834805,-0.6292543368316317,-0.013528387525559165,-0.08353765713520629,0.00036756287734161737
3.3565492838990565,0.49215959053473124,0.05474605412002882,-1.1878387662519116,0.9725164746950185,0.3772483541506927,-0.03499166597024127,0.012734344989844335
4.2375643964722824,-0.42282382092734355,-0.9036927991675479,-0.9173586496234455,0.2312694801181825,0.0954725352561097,0.08864601192952688,0.003833570414275463
5.026503656311504,0.6685359430077531,0.20605248220552602,-0.7371105961708224,2.1990407450613216,0.7265406777491704,0.6032264835278823,0.01967731375276934
-0.9559749165372876,-2.991721839823669,-0.26872619514252616,-0.7174703162937632,0.27019497816635346,0.3016493416628211,-0.24634337834880815,0.0036386176089541547
3.4579809747542636,-0.17543136125482367,-0.25761520556248163,-1.2490429639491207,1.0195428426273356,0.017641075050977745,-0.12230173043902619,0.005335207653249484
4.848870130065905,-3.358531031111086,-0.4950351721521349,2.2729581724820163,-0.08876600262593604,0.11519759410065655,0.27534989054397385,-0.00312878395234778
3.637553765606623,0.2555374458074944,-0.3755343383028816,-1.7755788206930323,1.0388527124262181,0.3098528289437362,0.008572024767047147,0.01221232593530597
-0.3832968091126742,-0.42326746223083966,0.27405531537884925,0.9357270411980241,0.3318521206393591,0.06350187218792266,-0.17418279048049423,0.0035860686195870934
4.117143380453982,-3.0040834234100338,-1.4847230332803283,-0.9645263291916494,-1.1826696064374638,0.25815272880110635,0.4380302947623301,-0.0010622458230386362
3.75016472814481,-3.210889712144436,-0.7955591731159896,0.6703938812820641,-0.537793691381209,0.34719354707181266,-0.07548334396697141,0.0015681221620242878
3.043198074458287,-1.111555180390518,-0.6390697198102371,0.16243636654772767,-0.3357194268533705,-0.22840865871073165,-0.5541100463249518,-0.02099439151811744
3.4408462948680314,-1.3186687935726586,0.00714644151378253,0.9022116541775561,-0.5272210043409619,-0.05203214278126884,0.1319707857990073,-0.004271298200186899
3.739417757037106,-1.2151381745455163,-1.0453630010939259,-1.2786976827593566,-1.3417570064704218,0.03386591871552628,0.5359881665533333,-0.003956555294169919
0.00956337502730914,0.4023350297042899,-0.13985251468748394,0.14919659624926487,-0.33319243320849695,0.024917446003513755,0.04304560086201279,0.002166643075556923
2.7417477349570953,0.3421127844731791,-0.4847995915960693,-1.6797605154379978,1.170572504612175,-0.23456475042925107,-0.5009726139003554,0.004888503764363669
2.9205783685717748,0.19640520848136536,-0.7429966067038831,-1.7392534380074012,1.1298439465735528,-0.22467716766498247,-0.5056954732703722,0.005122449702760099
3.279789195369119,0.005572172305474389,-0.8029807389304146,-1.8824343137366197,1.0022116306285083,-0.21929793658397012,-0.531803906238867,0.004901776062256874
5.626529554556676,0.7664765839714179,-0.0316414406826091,-2.859324120495375,4.953801859915207,-1.0535522640819643,0.6405712501322783,0.00521250858220158
1.7270723647187656,0.8651494648917821,1.610668067093132,0.5766242261138509,0.28512445401686926,-0.11201064225350407,-0.15977871573889657,0.0005431744362366808
2.631781702603262,-2.3855854338207547,-0.9883599996694012,-1.3373549177484483,-1.1335977061966782,0.27177531812600547,-0.1727079264213742,-0.0006016642899225899
-0.5066235719220045,-0.44062053243605226,0.8110673456778948,1.766916900492389,0.4559373969827738,0.17810346260506754,0.2215365370916173,0.0009332969996680465
3.3100677320389384,-0.8530594468009001,-0.6484409591474872,0.25081864449460567,-0.7485223535330452,0.051310628387756976,-0.32968942476086355,-4.571270411067082e-05
0.39547252761976215,0.9414460968555773,1.7699455603701009,-0.42830538881672386,-0.5592161067547072,-0.10709907940107592,-0.26359132837152255,0.004684447651359095
3.76181083517256,-1.684558759841961,-0.9342784164330288,-0.0916710326892365,-0.9017868998951998,0.05585610911612825,0.06013449686161518,0.0027994223292329306
3.67395687041172,-0.12945732108149272,-0.37840372794648436,-1.7967576422310323,1.0515188417359154,-0.16567711628572215,0.14111994503568498,0.0037235065838430665
2.6820681911146176,-0.7760379543581803,-0.19874566328185814,-0.4258756881550821,-0.8510057181382746,0.13168158874628497,-0.08549488366422506,0.0008627464451721898
4.563686777566243,-1.3307181101466259,-1.3977596116159003,-1.7421015769142025,-1.0265801930022318,-0.2108747303176578,0.9107048134151082,-0.006406842892025285
-0.21036639434775137,0.007734134945849768,-0.1573439751985537,0.9256755671037697,0.07696565223877976,-0.38942772499079004,-0.08237793328446752,0.005349167963884962
-0.027856720054695586,-0.15496628582115438,-0.6760716752723397,0.6925261857137042,-0.011458174423943101,-0.36967535316009825,-0.07027777852654944,0.0065472521200892605
-0.30453023517208894,0.02693117577072425,2.2377077346412246,-0.6614962676945362,-0.6514114437678479,0.022917499578507205,0.06046711381015228,0.00629301589483953
-0.5982610366225828,-0.7793350739377126,0.4566611437892497,0.17167480118710768,0.27557554838396403,0.17052778165611843,-0.21039006547718353,0.0008577210930520503
4.5994702148916495,-1.4410306788424023,-0.06720044963371921,1.4111726521829224,0.912518007818182,0.22108955436768654,0.09289578663781907,0.005059000579102462
3.6282813899040947,-1.9438851993528001,-0.7665713800976764,0.3535556536266647,-0.5940511835894583,0.04642631727645155,-0.1487975200559408,-0.0014720720418172704
0.47769339586063897,0.10658341275366225,0.3031985283823071,0.4718676377959855,0.02003250735549945,-0.04664872303301717,-0.25737055093873556,0.00040680996847716153
0.5569829156749181,-0.05763749597936055,-0.9541604499055429,-0.16688277923381453,-0.14463619701647634,0.0014819205965914432,-0.1716497455438908,0.0011082887618318233
3.305363033456021,-1.2130182338098638,-0.4834029192479778,-0.16877303406219984,-0.5452247366347649,0.0010417440625438265,-0.03783078095094259,-0.0014541753599161475
4.534304803882063,-2.3785002694096575,-0.7184040113835607,1.6088154647266155,-0.2365050529509303,-0.5057424455000524,0.0759760756236471,-0.009724045111071163
3.7294830069754243,-1.1503709417038477,-0.4298279762370124,-0.24894816172196477,-0.8546939903765102,-0.09705404368922427,0.5126014732685835,-0.0056743283098989435
-0.7254461418214588,0.1688081131084458,0.12151165707038027,-0.062244652496587706,-0.09806524652219291,-0.20881408139808136,-0.1217010420055737,0.010670887017456677
-0.3526544739642181,-0.15408206972458957,-0.4852194702106249,-0.1651549021748983,-0.17147867868875125,-0.1907419611585067,-0.17297738608536745,0.010838089787387796
-0.46440552160927556,-0.17489455239535456,-0.8634600437728913,-0.13086826138672272,-0.11977695691401775,-0.21192599361561484,-0.45674925609802725,0.012161622202365911
1.1922752139323423,-0.7499569049402598,0.24544081985234834,-0.8540270769045238,-0.8316171393573099,-0.20653973445217846,-0.39584792073847613,0.009949873121057549
2.76052237468152,-1.7358951202699802,-0.8735870403867716,-1.6093508233723124,-1.3385430690628841,-0.08738028106198117,0.17163855889222576,-0.0056032447536642
0.658133434679835,-0.8376540054453068,-1.3386453624113759,-0.556718116326172,-0.46943902166301044,-0.14934210447551688,-0.17863685629845755,0.012107515202170079
0.4178771341809732,-1.0346237829058285,1.1885410785761075,-0.7252168160794163,-0.7958378264410251,-0.27755484188340374,-0.280384523438513,0.016936021102207672
0.3297847840407412,-0.8592725414418736,-0.46833455302721544,0.08969464881545032,-0.20365839132090036,-0.05652338214670439,-0.22043997058178416,-0.00474008232319789
1.5576493126579913,-1.8613643761590526,-0.9918295393854778,0.831926541561024,-0.1356142538884381,-0.040995119257665864,-0.3730693973851516,-0.0029684516426384897
3.3273934152830384,0.03464355896755293,-0.07090523953466533,-1.3402460790985309,1.0044722001847164,-0.10442530435260723,-0.018064477782835153,0.003545156088038888
4.465971097503016,-2.0313974196897187,-1.2773225850948313,-0.30951539470312683,-1.1264092122309197,0.13191441075883417,0.4973851687389952,-0.002703648808077436
1.6386108794804242,0.6641219440252367,1.275577058856148,-0.8399198999966145,-0.4982311835905566,0.11582018565294604,0.3545045411913114,-0.014530966063914883
3.6868003307328383,-0.8863807397123036,-0.5294008019993114,-0.2812178137980617,-0.6901251586153829,0.25829099538196176,0.2384027407172497,0.0032219268309615144
4.880366834628305,-1.89401274060025,-0.46003356348291474,1.5794136063766182,-0.13269415254038688,-0.11071705953113957,0.43295375782227763,-0.0019664299022223108
4.491385385583231,-0.10783697004708497,0.3430090895127643,-1.7441758774767573,3.6971078758424074,-1.5973746637410837,0.44603802951390936,-0.017056087510205462
4.0966706229799446,-1.2798437947802637,-0.38390562726725663,1.4882473449589355,-0.44951169600470786,0.1484083206419765,-0.03457201160759112,-0.04189518712069417
3.115020692481732,-0.9336010601154034,-0.6711975518973283,0.11941160219626759,-0.9848260767993054,0.007405505381969154,-0.3228857635830891,-0.002509464314353147
1.7089325827316548,-0.8257719816804182,-0.07878899433915171,1.473363957932664,-0.2412689156213132,0.10822465618301046,-0.42738002807309283,0.0013317472032292985
3.0834225836308424,0.15286693113060748,-0.4565699243458483,-0.7898700753557764,-0.6569431054280305,0.05064066824766453,-0.09498205286779211,0.0012528737656137957
0.09975147876239138,-0.45595057875586553,0.2891160563701282,1.8091576705799406,0.34783273959487165,-0.11620951806591646,-0.20443478030453838,-0.0016014489615496213
0.10874633814679388,-0.21190103341479188,-0.3164285288710469,0.17070030841057682,-0.24710187288816976,-0.08808878034184674,-0.16486657127084842,-0.0009312500995140324
3.5579738228789393,-0.09716946662934758,-0.3722851009497516,-1.4235113342354926,1.1305313170076852,-0.14344549049124944,-0.1263399479882187,0.004138018373892149
3.9267647437081283,-0.5199305350083939,-0.4265993711626928,-0.5757567279084331,1.3821651612058834,-0.1560556971091187,-0.28376530648645026,0.003094463029002198
3.355010267866709,-1.425305475824703,0.8010168004159705,1.1345656679656355,-0.5399572991302997,0.19236619255210932,0.7417405454469959,-0.0009779929977005214
3.1798596383058846,-1.245792983775908,-0.5074614585009589,-0.38642845523167557,-1.0287890487210412,0.1686094893864501,0.133427295025985,0.0021567383906343795
1.707309078952557,2.23469759632129,1.7293183234377838,-0.36998007393703264,0.002774317674315135,0.03415188839168716,-0.29271725275495025,0.005197767507827503
-1.7300538219441528,1.327715081027115,0.5952729371912119,0.28867905901132657,0.33702289575846556,-0.23542541760601576,0.34422769867934994,-0.002536837311440412
5.92319955611991,-0.038856699909743,0.1381267700175029,2.1360801245425027,3.1151081185902902,0.5718371834087793,-0.20463078974189788,0.02032825472871749
5.661473095689146,0.6280173523432061,-0.9404542809563103,-1.0861371959649477,2.0114381315898178,0.6541930190678819,0.20401019219899902,0.020710813900271016
4.4632960773407975,-2.0378708958905394,0.1099363653235871,2.663469253634682,-0.033359323103553565,0.2779097494234343,0.17740997178954118,-0.013900659647705522
3.2858287732621574,-1.2449276977941044,-0.7004585500459726,-0.887863593861436,-1.1668285676302592,0.09381284333629243,0.2900902180375185,-0.0020232996409443806
0.4243150736444029,0.30777367500973096,-0.38372010952346897,-0.02764250606329394,-0.2821737080055908,-0.014957858767574998,-0.18316399766363217,-9.220493026911037e-05
4.232182987627584,-1.9941840641766913,-0.9324985345586881,-0.2656670722833451,-1.0854256262912605,0.14742519678570315,0.6172978333085449,-0.004329450665482808
2.2131097872862604,-2.989930593641035,-0.7926642624670202,0.6419891766193433,-0.5167550177063656,-0.5391181233714664,-0.4888951328332639,0.02790646249501728
1.793194610758011,0.6447706779222026,0.7648083563840811,0.07095381525667796,-0.13992729470302595,-0.3746172292990561,-0.4210695777266515,-0.0051576077805969974
3.0026744041170446,-0.4615854394205999,0.019062589170453725,0.5036105762228154,-0.5954516692357676,0.03875110137952073,-0.13736854737623114,9.974828086059385e-05
2.066735215769969,0.3002345221444054,-0.434269257979734,0.45933457639803715,0.6813772194136664,0.14130287795584986,-0.4089433538407345,0.007015487916255987
3.8478703615395573,0.0034362766919523876,-0.38242939940652343,-1.4822786013409546,1.4860337512210902,-0.015440045036763288,-0.08423867104088366,0.007538011434662351
4.615269065553461,-0.9631152707296555,-1.3710697873439008,-1.1757418593745605,-1.6302863495110778,0.2187713076020953,0.6469378131151807,0.001768725413111098
4.383899785023137,-0.9626862939281524,-0.47944912896026726,0.23274118927713558,-1.1157724605453918,0.15038086607447054,0.3258369836153584,0.00014938500666095622
-0.9951713960663887,-0.5505962613284789,0.245992004773763,1.0852348181493008,0.5471258627677859,0.16646004833513323,-0.08276059173151849,0.0034620454883565422
-1.763056122096325,0.02696328170207204,-0.4072958640800056,0.7247629843978175,0.33374698712951417,-0.34182433499359616,0.12659261271154157,-0.006513870444086985
-0.9888984355220317,-0.32177782134012517,-0.3246283766365816,0.3388108608837516,0.008308278574432759,-0.34314607659040414,0.0006213298174125294,-0.006743606272575563
-0.37798080997909683,-0.6426603309612196,-0.2802287380591325,0.21397234133367113,-0.17659906830707245,-0.34468522470160984,-0.10194062725458335,-0.006671470844184434
0.05238559203613294,-0.8672787102183712,-0.6668933978837162,-0.2626247668758354,-0.4250538676171913,-0.32912546256339076,-0.14245695804755681,-0.006580959830703924
4.219203771741045,-2.6489754536502357,0.4578378255222827,4.110403059823603,0.4989235976711654,-0.018882937219326015,-0.3598784096603291,-0.018370098330326764
2.07407777460601,-0.7423037580173777,0.19443892202703705,0.16313336193034053,-0.8421556527720022,0.1872518213348651,-0.4151342599246059,0.0020677752595762056
2.884832802775195,-1.623147042638109,-0.5514618773047412,0.27490272419588063,-0.9269297405208726,0.0050435656734046435,-0.37181760212272996,-0.0019532541516882208
-0.7981505359084333,-0.13761377006737466,-0.2539894980249191,-0.28762416776058025,-0.1702717753534201,0.11806872160442443,0.23835728365403544,-0.0005803265034148511
-1.032257375501815,0.002721186278976483,-0.8983597098551741,0.32775603986104856,0.16884203007530177,-0.21773453326804268,0.06741067861814747,-0.0037047106500760394
-0.1659793077874146,-0.5333181465893014,-1.3011575709972623,0.0769838965172014,-0.08424166775938856,-0.20292934749051297,-0.04310265148684795,-0.003722540228611367
0.43884152860157105,-1.0788312913133808,-1.34619227733033,1.2270576873798775,0.22759976855856276,-0.1643919289169047,-0.13047025383913988,-0.0031919975921389653
1.3355368187528538,-1.9234839919500064,-1.749298089588485,1.8762597499299245,0.3329900211995188,-0.19415163605015176,-0.239403410802802,-0.0044796758989269995
2.589911553335557,-0.581511948093592,0.30477703769953574,1.2458630486629934,-0.43275247026309027,-0.01451718286751203,-0.5196187014445821,0.004959592099049006
5.122839431275472,0.48753109688819,-0.18623955978726686,-2.7089796301102984,4.185826817382353,-1.0468993329446044,0.42577233696375566,-0.0020683928434409734
2.3818241022455644,-4.196271163277112,0.8711085727051558,2.6162730069401743,0.08572852667932632,-1.2094304155974855,-0.2131207381254094,0.09028078752659599
3.0710298794682784,0.0015338385878879421,-0.18760966274803692,-1.784976130331138,1.141353708482007,-0.31774683592890857,-0.17776993426421317,0.0012882791153609118
0.747572264790003,1.30525653052331,1.7288390628524468,-0.4251594669234358,-0.7121678626056686,0.08154009312183436,-0.24136384311532744,-0.013355276868573593
2.7485787024667654,-1.115332526272698,-0.4418711003335783,0.20174043762380914,-0.7475277750887003,0.027519514254109662,-0.5037573993494597,-0.00014059859621304275
3.12272134999708,-1.7386829467271059,0.17534912664075036,1.4447423273124322,-0.198854433129012,0.08212264292150222,-0.2486577586116644,-0.004906395058841544
3.221815606576452,-0.05159160849548446,-0.11968163340813759,-1.4539772316917947,1.1032647866802006,-0.1469644659182556,-0.12815157162884583,0.003325456123479985
2.7530534639275603,-0.08269434056604619,0.18213170186958444,-0.5389900178249787,-1.1295559735056262,0.09619234448545326,0.4147543147267491,-0.0016959710631065548
3.926832612404789,-2.3863322492391545,-0.35266135808284854,2.4712058543524784,0.058854682980341765,0.019533181913263704,-0.5653348156031314,-0.0009528036793759003
-0.880446001348634,-1.8241531745994342,0.22489286265398498,0.023147747796918527,0.2228271149868153,0.22877923042653645,-0.21671859924233997,0.0050404131770020585
0.64283857011432,1.867084657920507,1.7901957714425993,-0.20572188098126962,-0.6429703695512144,0.48192592146212665,-0.3128834901549095,-0.11926425618219771
3.579949874966376,0.24180332527149642,-0.1451424365126609,-1.442732099144946,1.2269350039947378,0.028501933605494034,0.0012109045159175813,0.006185755415233246
4.157258311870551,-0.8552172941306749,-0.15507320806775182,1.0668647355702003,-0.19107654141733788,0.5707237503099172,0.1742062603270351,-0.04344627380984293
4.967239995119221,-2.6253808886234746,-1.3140478299631022,1.1806946458320908,-0.30265629474062555,-0.05299758701348784,-0.004727784910537909,-0.010099723473807231
0.4001711550644627,-0.018649458604594837,0.11913876360315674,2.2670390890603973,0.5207310961326032,-0.022508184632071368,-0.20570946934490783,-0.0004046541975085567
-1.437967613287841,1.708709728424923,0.48221198797607817,0.4296832558276217,0.12177375106831456,-0.0305026728678758,0.3745449860200134,-0.0003848212862527111
-0.2826643331798846,1.1452249982466398,0.49442384402303435,-0.05675667699721119,-0.33603143165621707,-0.06248809533801539,-0.12514322381627072,-0.00011076906917298503
1.635100760237251,-1.2417913020327942,0.331440197526424,1.499032958317799,-0.32175386909774606,-0.050144302287323896,-0.4627362373100207,-0.001973096269660755
4.078016949579598,-0.7584409425668113,-0.4918096837057154,-0.6386106419037929,-0.6976262088031975,-0.34680104281287005,0.7782723809216312,-0.008652087821720517
0.04229593250581681,0.6683995221660908,-0.5793220672949747,-0.15017814967581067,-0.3295365370053713,0.13083832095825998,0.18513144471698126,0.001273712674196123
2.6434387781965274,-2.2101472072687045,-0.11339884761263423,1.352209879628971,-0.1525300575869179,0.2294805363967865,-0.6408877704510104,0.006619299285846599
3.38905665143519,-0.31149371143268695,-0.8852712197299367,-0.9498459819385409,-0.6494285552595876,0.04055204321365373,-0.15565690608253038,0.0015988938986749304
3.8200095302908568,-1.1600197812313995,-0.4246425021986682,0.35423559061363036,-0.5407973606908162,0.17031514450098895,0.1716163075132486,0.0007918663228827489
-0.29149488817933333,-0.5818755319149364,-0.4244196197784346,0.07918117657241797,-0.17398171288395275,0.11126987915581167,-0.1450598045413202,0.002645700563326988
0.2758204573351332,-1.0576883739313367,-1.1063070856062358,0.07504177797780939,-0.24262583891427533,0.1357194617431819,-0.18181106978296174,0.0026846110386715117
3.3344710235742565,-0.9175182596959973,0.6173814353339474,-0.02669068699727881,2.57826894662077,-1.6040358951312874,-0.23278275294002798,0.06807555246959292
1.9256516237638828,-1.664944158743951,0.633273512802789,0.9778530020359583,-0.3856978298067748,-0.40633875190432783,-0.40339753046775456,0.02844929768156585
-0.35024658127229047,-0.24434402814868958,-0.36923013025733414,0.41433866132642644,-0.04958897228476114,-0.2282845040644183,-0.08430013319311215,-0.004441303254476798
0.2028869508953007,-0.4533610960898306,-0.41382212116643663,-0.1308636279408817,-0.3795548557210222,-0.2249908325913047,-0.1723214309371321,-0.004522954412162827
1.0865479869627261,0.3525765710406871,1.7049663164165427,-0.00993772849823671,-0.323255310272537,-0.033062191912516484,0.009047638525065755,-0.0009424129020359618
4.195690392552531,-2.141205109312239,-0.8431109058277555,0.5546713338922209,-0.5448757240397534,0.10009855207332233,0.13944404004441016,-0.0016516590009986887
3.893088781388971,-1.312319942051881,-0.18475106158804439,0.32893915892700615,-0.7479154789107071,0.1234788670850396,0.5974515837225561,-0.001993094926316788
-0.08945854131975721,0.7121656593992105,0.6000453009846113,2.435706337642153,0.8088250047312658,-0.05001457294416051,-0.14427264605357748,0.002268045539347708
3.301790746464587,-1.0868932992915181,-1.174610308891743,-0.46304083411643593,-0.8566565327974036,-0.09201741561435083,-0.46925625553700384,-0.0014908620607071291
1.485823487701834,-2.022532655996892,-0.02690528801067104,0.4430390091850087,-0.041382976350979435,0.0441330343820563,-0.4847095513951928,0.021638645592129597
5.1001094510710985,-3.093451468796847,-0.32060065960176365,2.3618244353461875,0.6414812464486946,-0.364010515490105,0.29505859744361135,-0.009155848436451262
-1.894035745211509,0.144169534804483,0.14274991620623545,-0.07202480631471939,0.4205553577259112,0.26341405820301145,0.16739220661136037,0.005853884271214131
-1.5293089745956003,-0.20417843032212452,-0.20316265377842319,0.19446937086940125,0.4747093612047018,0.2753850814601229,0.14346709069443792,0.005778603763994191
-0.40739143614669354,-0.988604800199869,-0.7158391481905695,0.26465029892788894,0.3229240253584775,0.3377329291756668,0.42984540375061864,0.0037616106845298723
-0.8903133907745053,-0.748810172874075,-0.6505116058211793,0.5175661097913389,0.5133542465623971,0.31824009548541093,0.346516950401551,0.004463646314602481
-0.1369166190793998,-0.8214368169178865,-0.876262587261916,-0.6468683234897242,-0.3040868166645606,0.14849788570155611,-0.15246240830064126,0.0029321995835599984
2.152146271418316,-2.076414024041718,-1.0452174738843778,-1.1926180483583755,-1.0001287080741694,0.15502506208321404,-0.5117536263493202,0.0022689186835020167
3.6471119254176614,0.5088343689527576,-0.13988222142226261,-1.4474503744769167,2.265318973313357,-0.6288637669768558,-0.3654791169791837,0.0006089168070275306
3.884622311923604,-1.9176591331564623,-0.5582351099792918,0.2372388805803131,1.0318161658672784,-0.3310372728509986,-0.3785061151811783,-0.0025910697920496144
-0.2701391434947518,0.6647902729690733,0.5324547246517878,0.04918177636318926,-0.07660465473083113,0.05008764882993561,-0.23736089504045982,-0.010881830595852312
-0.07016622429703327,1.1147589367586834,0.6589008885069011,0.3540062665802431,0.2580114003263556,-0.34808602410600237,-0.13771989315150304,0.0005527784759766841
5.325635656177358,-2.827113590238732,-0.25381382075000053,2.8568531531034913,0.21646443100416257,-0.18194316639226465,0.46628150529845824,-0.007862437344307695
5.424944045450713,0.7107038757048638,0.10039178263730972,-2.44461719888431,4.681721078349728,-0.31890786771475316,0.4963168208467871,-0.08920465233594144
2.4839702140654314,-1.4747135791028199,-1.2818509302091268,-0.09724054528855867,-0.8243911052954919,-0.1042144345923127,-0.4527592779538701,-0.0030367054728857486
3.0268841321459137,-1.066587874319069,-1.0402994489235176,-1.0193587805340942,-1.3067473346846328,-0.014973823934112328,-0.14229773573130966,-0.002429619734225801
4.448766162895721,-1.7856611679036356,-0.8756962205142439,1.3583034311635873,-0.06924503388208261,-0.11091138238504324,-0.2638060464867174,-0.0031594664609896337
3.2104516313323392,-0.896998903473351,0.4561235251467572,1.1344989444741382,-0.22499959088917654,-0.057808307219645534,0.11325021295310461,-0.0034002470694631456
2.9294487693875215,-0.2108387403943712,-0.26023677203385387,-0.5834581069653666,-1.2360761202537343,0.20037848496036267,0.19345265941871617,0.00044420600780092304
1.28125969593828,0.655817518650814,0.7669914837270417,-0.37654854704441293,1.1231672714181522,-0.17176760096270602,-0.399232995906839,0.0038614684382301365
4.789469118072335,-1.1625677051966012,-1.2426777546349796,-1.062268883998206,-0.6946793932341875,0.24742638478450485,0.7443637233220632,0.002297640597040306
3.3380047918738445,-0.7074601507950824,-0.655303842262815,-0.8044300770255894,-0.342418935528455,0.004524084457243569,-0.09204405577699365,0.0004612871861888715
3.2900793838414537,-0.7340422471279408,-0.42061568391165705,-1.5690945585146312,0.9327138358604561,-0.43114910488298325,-0.10164950319993421,-0.0013512445578651533
3.908305008351798,-1.0725632558784202,-1.1672656548756102,-0.7288304772086223,-0.44107715389601937,0.025925156804750146,-0.08669257296356488,-0.010630969052146196
4.138909661514894,-4.035121877428597,-0.8469189838225423,1.1255289181430055,-0.4801894186212924,0.2942890675821813,0.10028273725261758,-0.0017130615594509232
4.146002207525256,-2.1315408242073417,0.5479975284730517,2.7925576108640353,0.05309477691058707,0.19130202319385478,0.28936511647147706,-0.024748803711327497
-0.9347256043929685,0.848555419318873,-0.9985263805493472,0.58036208191889,0.35820122408904853,-0.019643980089737684,0.5272102701964114,-0.0004796846998473788
0.04180775019653608,0.45901556081462014,-0.8634151291921258,-0.09384387231289379,-0.14204769137694817,-0.05003097978919815,0.09544689376303622,0.0003620516212157721
0.4094960942826148,0.08107152287114171,-1.6313183998232808,-0.08739724860597128,-0.1723035839242328,-0.055367120618555275,-0.21759906878369636,0.005289934124701599
4.244391437939491,-1.346317064591288,-0.1789974515077271,1.3096757487687143,-0.2603960795661941,0.04150947786652588,0.2847501558803287,-0.00235950765889202
1.9282209078779218,0.7423954437952549,0.8185755088618543,-0.275288104295027,-0.05806623841224279,-0.04117532892410122,-0.27790462768518936,0.0013728557071058854
3.8171287083561505,0.19723389558171844,-0.5661155773391512,-1.800748421104602,1.1407148000794334,-0.022984416763261194,-0.04025577233539757,-0.03815432041916149
3.6037119322227738,-3.512361010089807,1.019092518811252,3.0459115858686,0.0882975794860757,0.06196490917203762,0.4470710812140579,-0.005152507913514498
2.90164796350032,-0.5975164985362137,-0.41686383821682593,-0.7653526360728077,-1.1940813563237571,0.21441691354223053,0.1272207729455907,-0.02268616652293255
3.8011064204980607,-1.301870915491771,-0.4493312657972891,0.9269669110108709,-0.20449279612841,0.08678301922110669,-0.19896311229164565,0.0009263626202753269
2.514720191778868,0.06945101695820305,0.17154557365432255,-0.24940007444240664,-0.577626290857979,-0.06313640042662612,-0.13721731056859574,-0.0008778431684202396
3.7432316415855906,0.6404766421267386,0.33128765129586046,-1.8693420232758975,2.08839557777469,-0.4645291996289504,0.3817712957738965,0.0007559816624879373
2.832980275160524,-2.955652562544709,-0.3398650626880107,0.4107961985239772,-0.8078200020630345,0.02178869073720723,-0.11743137976693159,-0.004079962154581782
-1.1483239743876936,-0.8606086332815525,-0.27570853177306,0.005807061170786423,0.14359742635631814,-0.010608944836337456,0.15374101293067943,-0.001165818172030931
-1.1588641415120517,-0.9408435910412678,-0.7333556931724766,-0.03352472829243421,0.15393507817603738,-0.02267168365354544,-0.08287222743395156,-0.00023495016120075282
-2.618097579901755,-0.21975733128179195,-0.6855661595824384,0.6040956698437636,0.7113059711694757,-0.03577532339977058,0.05667362931687357,0.00039089365542498036
-2.2761006784389024,-0.43563577343927,-0.8954632335700003,0.47655151731592005,0.6066019486390816,-0.02335733769608556,0.06087456930032095,0.0005373244066750385
-1.961352035420298,-0.5881533582180658,-0.8923549210315349,0.34064582505415447,0.4759726330462557,-0.041526981128387604,-0.16550382968936986,0.0009177901356146451
-1.370152859107647,0.17774501205179263,-0.24984752935001356,-0.06162337221166991,0.044252260040941856,0.1719440929535564,-0.025810087741105017,0.003880900315552809
3.9582998430290246,-1.2017797903960201,-0.3203930945766336,0.11717232730601404,-0.6611487451964205,-0.1161749463946306,0.569283073888057,-0.006348363521261033
-1.2199574842906615,-2.136129953536115,0.37231134318827824,0.9721420965529478,0.8122404953944811,0.23568599959176761,-0.18981048203603063,0.004193037034722355
5.862311458548299,-1.2927963054886387,-0.5901535754496918,0.5446092329534181,2.8581584843576846,-0.5901119733265784,0.10553554427838885,-0.0028704416770432995
4.006818521283493,-0.5270177929614295,0.20627864335993298,-1.9856272697440527,3.251211830875501,-2.0261424174524847,0.3584505186969693,-0.024405367908859915
7.316518765031086,2.2521599113164226,-0.08969946582852216,-0.7378176817353058,5.721908020610112,2.097647948886207,0.10817670466621822,-0.21463335387858
3.581552706899791,-1.0851411316356072,-1.0503809516124631,-1.3323648988494585,-1.153459775779193,0.1179861957996461,0.3111556328361632,0.008790324817590294
2.282612604338287,-0.4786696797404799,-0.8977692518115467,-0.41284765948465585,-0.47396811246082493,-0.0383685983446654,-0.4252344244772899,0.0007241411197748689
5.307107450865036,-0.04517629854430643,0.39002671448690107,-1.0488563913526645,4.42690253601926,-0.8801168160189468,0.4347616330105677,-0.08217077566076894
-0.15149536880903972,1.29216947614319,0.7407792567031282,1.361403076760316,0.509742968014183,-0.025245129179950223,-0.14023438613832478,0.006452092831350201
3.7943535731062377,-2.836339339816598,-0.6806753057618724,0.11481700824461195,-0.8749014661873175,0.24118831819914702,0.39803766896266324,-0.0016376318154117044
3.046397762703471,-0.7104301427195652,-1.0507347147586963,-1.0063931648647204,-1.2374814589393264,-0.10052659027002503,-0.221555203444321,-0.002998751308798784
-0.2031161008710166,1.6556956240311693,-0.3045888456400459,0.16754696473507533,-0.042891290169687464,-0.052593172258874755,0.04907713368264593,-0.009221085600448764
-0.9062759304869026,1.9758437912647464,-0.4196995564417876,0.46716847351871094,0.24287904433203106,-0.0354059866144689,0.3000875365565802,0.0007782798869727519
4.33939973586146,1.020302702081126,-0.35100350604374125,-2.0005422146652716,2.407530542211578,0.0368570690838248,-0.04123794823565761,0.012305634034595106
0.8432045523091789,0.290019687567695,-0.08895306262596368,-0.17652048995788386,-0.6655394520669082,0.07873765056473793,-0.2782498316582043,0.0018251719355354377
4.375548854484696,-1.8331149960425561,-1.7217710766707366,-1.480070107896935,-1.736749258481009,0.2877527556762013,0.6772318266954955,-8.031576787033435e-05
-3.246769292266593,-1.6022340757198845,0.35881106883838343,-0.07658763774987352,0.5237212434628082,-0.019298457356867516,0.1277566097600697,-0.001551342887369393
-2.8218092031155337,-1.8408926653785542,0.22168872490347963,-0.25000948915055493,0.37500934547532877,-0.013716097958141207,0.07162612223420023,-0.0015967833554979922
5.9940926834029025,-3.1822477414678025,-0.47483228076679873,3.4265281307158717,0.15807137767401713,-0.023664502713527356,0.5962768228966888,-0.00520038799110977
-0.14882420999648507,0.11141490738217857,1.8973789438586839,-0.6918982489203239,-0.514141094528519,-0.2921095213268893,-0.31944745916973344,-0.01600468224971209
1.4967524134438708,1.7080615159847456,1.675388310230411,0.18448044857456697,-0.643297479792554,-0.07621884469329822,-0.13655536132738863,-0.00019170639418542406
3.0110226227921473,-0.42378814684769156,-0.17912839151381044,-1.480527731291374,0.7083484354394768,0.004392821125945593,-0.11326710952979314,0.037483889417320504
3.030631331032073,-1.5274151670581322,-0.8406333401004448,-0.573961171656915,-1.2386264399910336,0.028031596600396,-0.08060949455146944,-0.003571235902211621
1.7486188488636534,0.7040261789766792,0.664675343888106,-0.25526979571210173,-0.32690471903462914,-0.02973518694138871,-0.029516627161898394,1.6385535804628286e-05
0.5705466964962977,-0.633108109759803,1.2994018293451786,-0.7657234165073397,-0.44803526542011346,0.032268867805635155,-0.2850196129779219,-0.000836582045233327
0.28705324031705914,-0.6688399331782049,0.39440553825352326,-0.8186426528905595,-0.34606333335228706,0.025523513144394903,-0.31572942643819135,0.0004506008024509905
3.5868256572639226,-2.984376131116931,-0.5743252735786233,0.02783641659232534,-0.5909629296159805,0.189657842254804,0.2784681588654551,-0.0008560904075573984
3.2475333209999793,-0.7657114335244246,-0.17934174330107835,-0.23937612734061703,-0.844781222038632,0.1174399208934048,0.2929742178848653,-0.0010359410673849065
0.10947361962779416,1.252225222307314,-0.7688035604182948,0.028623997687424504,-0.03560035821721677,-0.03324185818591669,-0.12917785746500668,-0.10815477599144714
0.7563652775182806,0.9076410499170228,-0.9335661420650191,-0.25143964339803226,-0.27733582343433355,-0.0356549214152675,-0.34000676982923744,0.004400167033796303
0.7107680323169016,0.8304953522633208,-1.3724084588126606,-0.1993127648268814,-0.2106107526522504,-0.01876652678778679,-0.2891934064020215,0.01260422397201721
2.5255142080193167,-0.8901864884094676,0.10855893800805826,-0.9489293344617097,-1.060097870811361,0.07097458205619508,0.42062059286711123,-0.0006213100254653939
3.866441041617631,-1.9792521313370814,-1.2363696429250866,-0.8693895434132152,-1.208674367087666,0.11975234680086823,0.3224008408367335,-0.0002112217934029991
0.9979370481526212,0.42381700108047654,0.9545282988560267,0.04450826065992243,-0.6044705727574315,-0.01472540734401037,-0.3816780099263718,0.0007254108658758208
4.851204415601589,-2.7729947986454095,0.2310947270562727,3.836024497931425,0.7444524972672801,-0.01686321979809779,-0.07196830657656847,-0.0031563284689126725
-0.9411576669252754,0.767650287931864,0.040386886087237915,1.3564998405854094,0.47828883339222666,-0.11761692781998144,0.014368336665399668,2.6906720457663972e-05
-0.7043077744875731,0.7708229713107145,-0.12895711339424434,0.5821792970242284,0.13707246292464736,-0.10898487158417815,-0.015711870324607222,-0.0015235228229591438
-0.5218916203868593,0.5911494598896814,-0.49877152826788573,0.5591586565066868,0.11893006852272917,-0.09534593106207322,-0.013530608679058274,-0.0012175992426040868
0.09570597447735063,-0.7959859020384226,1.998839277106103,-0.49026016210460904,-0.30003974280526513,0.43126372813499464,-0.15934679198008714,-0.0019104005219641746
-2.149023314657963,-1.84473581394434,0.5115363207505956,-0.7863546378776003,0.2613314703078951,0.22990128915614957,-0.09587095793880399,0.002973005830389917
3.726283633817903,0.1670834062620394,-0.15159218253645107,-1.0821086423145323,1.6098157424254542,-0.16801893726158673,-0.1627184858541086,0.003647595549749684
3.425150484385736,-2.3785153620961372,-0.09050390558971286,1.120604490732463,-0.7228094520986983,-0.00927776692829669,0.1867774346618113,-0.005482599562651247
2.896103493980528,-1.7155684744101354,-0.7989061221292045,-1.0699727520428228,-1.249708439800609,-0.10482612678465253,0.09437456558902013,0.005892899194344567
3.3886026594071716,-0.4850178007235078,-0.49885739501740617,-1.7374462647447917,0.9767965423729886,-0.341774536797186,-0.1041098415137658,2.1483568032528247e-06
4.2491419079776325,0.475081047179434,-0.11475125852461698,-0.5168020329477632,2.557443205051807,-0.09111769261441878,-0.43435495853820816,0.01059448490937388
3.5792216384250732,-3.65697540699822,-1.233148753352301,-0.5684029933933776,-1.2068776167300175,0.4868489370527183,0.2023813376728885,0.0026541784198575594
3.5020781522555087,-1.6647409929001558,-0.5716587317663167,-0.48141849095493155,-1.1132333903469938,0.10637287419499236,0.4549407533573231,-0.022203332065107138
4.024309575937191,-2.125202072349761,-1.3400800680943763,-0.5086693140035874,-1.1848922298241338,0.11220850649985148,0.2172038610274741,0.001846111355458626
4.418255558710996,-2.1027752476445993,-0.10297120900041648,2.893902344854163,0.44603082283701206,-0.15693691725161607,-0.31548987136161544,0.01772452919275042
2.7107952005538,-1.7091352838517289,-0.819081340260792,-0.3694403216554445,-0.9074349895217833,0.08405086906385517,-0.5198209672469236,-5.346823306655159e-05
3.38672908359453,-0.473736593016586,-0.47707747043010545,-1.6410384634196444,0.9441901487440612,-0.35125523866761094,-0.10742940310260608,0.00042695029287322995
3.541776037566343,-0.05806662071147586,-0.39532601193790007,0.6235343530030197,-0.1283946528297844,0.4815057734596401,-0.49928060331649765,-0.04324252417599045
-0.046732023701377474,0.4425615931586897,-0.26605962322033766,0.4404220585709528,-0.15389824646004413,-0.1941725813116985,-0.09753639452025589,-0.003070538516653593
0.3956270197920872,0.22210110657625018,-0.6737782085174606,-0.10411722489890349,-0.4299095974483141,-0.17767588236688317,-0.13937063913824665,-0.0027616168126325742
1.3046565457172228,-0.6690946070426007,-1.338752596393813,0.8406204811744293,-0.2017656697073667,-0.15750527479433854,-0.22730745692230625,-0.0030976427164067255
-2.057763207120383,1.0107806475399794,0.5273899893505982,0.30756842078531943,0.24875855090156282,-0.015540265566834497,0.24549826385669146,4.750962262281494e-05
-0.2815091915677387,-0.14641092181128118,-0.47452156691179354,-0.11422334724404756,-0.22295276948600415,0.013801574988291845,-0.03391019176590863,0.00021330532101148807
-0.3247237091415304,-0.4253538075266342,0.2255653411073365,1.850897969066719,0.4958022677239896,-0.02711901017260221,-0.15177067647187448,-0.0004821293195974424
0.4698459917443006,-0.6935727688813111,-0.6891531201824617,0.15016793318486915,-0.26837526170584214,0.01196633675332463,-0.21434616308614377,0.00022289895973642257
3.14146317452082,0.2381798881682341,0.3971345004065529,-2.03452552597045,2.1074522477677444,-0.8976853987269404,0.1509372064244225,-0.007343544949467545
3.0705169493246647,-1.3229201927966836,-0.896128200959706,-1.0596302985670256,-1.1852413213129998,-0.10032849893290724,0.039726185232152995,-0.004954092806170401
-0.6492988886101788,-0.7449129859336807,2.071869307855974,-0.8371693872836252,-0.6810068104466968,-1.0845966504007218,-0.18855472875523757,0.055764531530677126
3.5204133828272,-2.034473695706628,0.14084092427873368,2.000919033485074,-0.008942324128473718,0.09426364140047121,-0.251207264669915,-0.0004941820218323131
3.230722550929559,0.22723353262218615,-0.19955263951853724,-1.4637249373235934,0.9581843707331816,0.11909340206621696,-0.20351173165408684,0.008655429602014288
3.5679944286607648,-0.08204906142360141,-0.6366428854675993,-1.3786188896479732,0.9476151979491415,0.12065064215646024,-0.35393005642901376,0.009241604129872776
2.5103273988601202,0.4099409951648576,-0.05638672269288121,-0.28100099792809574,1.5449930376241618,0.06598163102979679,-0.5124108007638801,0.010582090625354115
0.9285553670456751,0.9022567486365578,0.4440980160251233,-0.45348225586372437,-0.6281772923351381,-0.047995422364190486,-0.2292947981688286,-0.0001883056942668645
2.209619492462373,0.357580423858552,1.0296058085456634,1.5250125225395492,0.5805545673051756,-0.006676186923303821,-0.5299778929795131,0.0036883396899382664
3.6273028058309813,-0.6792337068724861,0.24405528137324198,0.7467260549455713,-0.5545797746295994,0.06571816769557462,0.4780496853653775,-0.013325341690394054
3.95837842301274,0.12577950299105387,-0.29825858687918516,-1.1002317689726042,1.4980412239155698,0.40109926446286315,-0.14065417694436755,0.011106862970622182
4.0505881865088025,-0.024292308209705942,-0.5611779601640454,-1.2705932230283115,1.392333048380281,0.35489544973198023,-0.1873391691901223,0.014873706101656003
3.305555259036706,-1.0315228614531766,-0.5930575991096255,0.24655968842305015,-0.5106742286557366,-0.0010963862778851584,-0.34777262969701545,-0.010043893710351665
1.7236529844913313,-0.0643741367632673,-0.6634348769344135,-0.6621039655222382,-0.5294843951256178,-0.12737161731700292,-0.3469237102568232,-0.00047501358846443467
1.2430173614135138,0.17933015832029225,-0.6931097699328828,-0.5209490074106812,-0.36755490373069477,-0.1264113247702562,-0.26562972831662013,-0.00010508936008052156
0.7712819091858452,0.34974761880006877,-0.5553835372883068,0.06923845464377615,-0.0451975442894717,-0.1333087363432513,-0.19780165216149614,-0.0005819603112632244
1.9931163569544446,-0.3469460394116825,-1.3688644412721822,-0.7671598464944365,-0.5712624948416613,-0.10148463246661114,-0.33409597134861024,-0.0004857295836306702
3.2894869967488027,-1.0664263082595582,-1.7218268476589396,-1.2740274755592302,-1.0219843897914387,-0.08779277798966777,-0.5181885969798485,-0.002831408774279774
2.999336081206463,-0.40780119674670295,0.8794998881638111,1.1372956176225457,0.011098261482028342,-0.23479571122174403,0.20797547903937566,-0.005644357914045965
-0.8371990155006522,0.6185289078406019,-0.3763610933969353,0.035651358316103256,-0.21533646859352185,0.0016492875700267755,-0.0030203890067839302,-0.0018682870449591488
0.1878295838081701,-0.19828507552488708,-0.7532138734766285,0.6225650048652421,-0.16751182286448046,0.030656335964432405,0.03665206457324032,0.00044659952960906515
3.795251599662637,0.587379394678379,-0.1494653482475209,-1.2717215054746764,2.3707104906608074,-0.2892915098692683,-0.426462072360009,0.006687693448186449
4.565459638495002,-0.26131749427274786,0.25669365058656785,-1.957230922206949,4.1431886307059544,-1.4735728119635771,0.3200355008904298,-0.0010609666484813498
1.8680766212066189,-2.0340405365833663,0.8378178590105845,2.714476733352692,0.3645410151435178,-0.1547033433534214,-0.5579652807222015,0.013195742277742823
1.656390269917481,-0.6894774922445932,0.17574394863038142,-0.7086366277170439,-1.0749294099832618,-0.2512634168843535,-0.2501208997204106,-0.006007831146130594
2.4339702370458323,-1.3394537189023652,-0.5520400178694831,-0.534348928456046,-1.1162004874456113,-0.22764067704944665,-0.33243734853928836,-0.005872293132896394
2.7835761533189856,-1.6295110082621493,-0.8472959962563652,-0.4366463744766564,-1.1280138598216856,-0.21459551400183377,-0.33709553216735977,-0.0058804229371111055
2.6235705187512868,-1.8991633666576428,1.4929927376984895,2.7184378981800514,0.22745127825237033,0.1321959104024677,-0.02152146600929555,-0.0020692983389299672
2.925802494073982,-1.6191349676631088,-0.8443489326558401,-1.4108781652427576,-1.2626725367236462,0.2393486373468185,0.1640674134175695,0.0008808742116780331
2.204357141445358,-2.1356807513053386,-0.9507249781540847,0.4047562657735779,-0.37344121973339217,0.16028863643118635,-0.505773555096155,0.002406331720086886
3.2578457050360496,-0.6523933902703207,-0.1780791323477135,1.265660070851607,-0.040387102195211494,0.2130321643630161,-0.6279975515063665,-0.03520463558513348
1.863300441264971,0.3098388158853386,1.3373014324107,0.4287172113297574,0.70283555103652,-0.8468195395044056,-0.28213977491485176,-0.00972702354483299
4.355564104498487,-1.4577509503738457,-0.3578650494039567,0.18344047180623624,0.2593908147641613,-0.6752088060289171,0.5048064043075697,-0.01299638665011105
3.2361026793283854,-0.4974473242597137,-0.16156855036892034,-1.566333416696703,-0.3005573643139392,0.14345270593778514,0.5444622387769635,0.0020344113034831005
4.580181066831297,-2.275484427602598,-0.06824583170672863,2.1484664453475784,-0.34460066926643035,0.037222864945882415,0.49213692632293904,-0.005200252686292081
-1.2181067521687838,0.1341771565790906,-0.03657198893905943,0.5801140266663598,0.1735343577594354,0.11856878009794727,-0.015347392235528804,0.0024323265477160746
-0.7100103655783209,-0.12229317794147988,-0.21543227983820235,0.23360003012573236,-0.05784311363768061,0.12586211330814384,-0.08614020513793683,0.0025423808772104925
-0.3966176983306058,-0.5125305151457594,-0.7375947705783069,0.6522643563056163,0.08139660101059938,0.1434100248933844,-0.08985958611868355,0.002619783890042027
-1.0245128109295714,0.34696621784613363,0.5024820541495542,0.8978134409094461,-0.11686029605775117,-0.0068238953517405715,-0.06008774834354822,-0.0006352519705825354
-0.7009921243950249,-0.6730616268946857,-0.9644323722465431,-0.27238022028680003,-0.1664083694011281,0.12347730127118277,-0.05152487450418749,-0.0023703419961689652
0.42593350751955805,-1.669213668224692,-1.1540543141801773,1.0063310285805975,0.10649931224318213,0.12473248958599366,-0.21254849116940497,-0.006073644051726679
4.46146220501793,0.2963990143183004,-0.17291028297903702,-0.7208317732999532,2.1536530828806657,0.21623400223662503,-0.073186582984613,-0.08791650223769083
3.2309175508837362,-0.2706176536948886,0.21216227916310632,0.3843383955570733,-0.7264554833651549,0.4932134921729343,0.24682725296299757,-0.02980473718774687
4.036125910293064,-2.629059702257608,0.5077375000974722,3.805275362391031,0.4111980328441119,-0.001737442110849818,-0.2939554617540424,-0.003273041337108288
2.540560506650957,-1.8039253136034419,-0.2521644625309464,-0.22886991213254557,-1.0178207185203196,-0.013473282083782028,-0.07008523762075147,-0.0010622170798140632
3.634786132945495,-1.3796306038120736,0.23257037345666967,1.6131866881933399,0.17271826884120964,0.28078827059829903,-0.11242074490416942,-0.010849301619513991
3.9541396819050743,-1.8442101037700513,-1.2104039806843974,-0.37190050127918345,-0.5758029700259587,-0.1507116153348884,-0.038518105674596716,-0.003402361868301086
2.2696945784563765,-1.151167192659237,-0.5766686030842638,-0.9573779062773058,-1.3843007388137818,-0.06296256546510608,-0.23537141464032543,-0.00376549772902688
1.056543962574808,-0.4641957569045478,-0.9964742081028604,0.5683798948201803,-0.23755190163289,0.06492642130116784,-0.24592774346069576,0.0010504468958448098
-0.16905744472593345,0.45455518795113875,-0.06536336141958735,-0.26234145782948903,-0.3558605005354891,-0.13457138825857373,-0.11996058339795088,0.002104858898826586
3.6642159452647554,0.1241378399170337,-0.08882999391663064,-1.0315926905156312,1.3944288199700092,0.15007715166779687,-0.10915287977944316,0.009674299883645621
3.2472225619488624,-2.287548423522601,0.4616035872393626,3.010991809446589,0.26179440119874625,-0.0039362125757718795,-0.6155053199851478,-0.0014155434205445866
3.854741903688254,-2.0896721349991165,-1.1780406905980036,-0.9150138141474848,-1.2236516002192392,0.17622847858572094,0.4121380653318537,-0.0025027905910764395
2.1559792774436004,0.6584223315815876,0.843117218599072,-0.4093524667644755,-0.5032943896354424,0.08578439055436056,0.171614930362543,-6.105420129947726e-07
3.2128943570772592,-1.118373782191016,-0.16071305108307338,1.1328845968103445,-0.13563386441488978,0.15266321375723074,-0.5161796527883401,0.0030509477104445786
-0.35991015808581744,0.8656619801797075,0.2363640603360761,0.3756826928630929,-0.10245858370357623,-0.06337469236732236,-0.09724903375278467,-0.00040901687261169834
-0.20115095315827144,0.6684663814276836,-0.2977693313851221,0.33899367293964,-0.10747738777784711,-0.04389490095387754,-0.08005295092517373,-9.21138689015096e-05
4.0866151958687436,-2.5635905555659186,0.14959097860920384,2.9487773616965613,0.37232063899517615,-0.1065394156369107,-0.25045872305490213,0.0015887983364849265
1.28796056723225,-0.9368023011439527,-0.42487762860571876,-0.5636052736717687,-0.8335810657773306,-0.17116381768271008,-0.3524553645505612,-0.003704108266414293
1.7449263295389572,-1.0423514932708295,-0.19910512962700072,-1.067027045639843,-1.1431982136409333,-0.1669173006029855,-0.3428628308682657,-0.004163636842004516
2.1142945537223583,-1.638573226456296,1.2293920159963863,2.4526327051553003,0.2779991065365859,0.01955928925525682,-0.6116693313969921,-0.0009394957714905247
5.526482543696107,-2.583537097298219,-1.111804136839143,1.408956766509208,-0.6692168190720598,0.12973935107445003,0.677523756895547,-0.002726526692835651
-0.16665016159467394,0.34470172776422225,1.6107557121587095,-0.12202165048475916,-0.29876534853141,0.04018022780611697,-0.3053892684360798,0.0016638254381979108
-0.39222131308101404,0.770746946917877,0.7444957079964556,0.04287780864680367,-0.14781761233422328,-0.1333927421416359,-0.14752841716690598,0.005503268133529486
2.852204929455943,-1.4899171180767878,-0.8390226620320657,0.13571230408122725,-0.6845396638415446,-0.0785458551422646,-0.5458012941057145,0.005246107226465167
3.730880316212735,-0.39676964858469804,0.06952103253924612,-0.4099177260134024,1.553093098285495,-0.130646626754903,-0.11044797166405955,0.003871681720820424
4.471125195757831,-0.860357615307746,-0.885720525368207,-1.1617865706831243,1.1863569236556617,-0.072512092994479,0.04406719900980604,0.0035292598625940494
3.812289785640317,0.5545488545463059,-0.18478358376550794,-1.5823917365595364,1.7097750287206177,0.13817983900672604,-0.08038543988024605,0.01152829738424037
4.159634201110544,0.19405096149613524,-0.4446864727001487,-1.1383697314235823,1.8241067080865105,0.13366439654011708,-0.22864810488026605,0.01189455051527358
5.137472889200105,0.5119603807467189,-0.15226479433062526,-1.547506008498639,3.426151088328931,-0.14581240417157654,0.24501628170082934,-0.007223712003590918
4.703036917070183,-0.2739340763840073,0.46426579954290387,-1.792239671766108,4.136069235435773,-1.769332751271976,0.6016046649073108,-0.01963048766489548
3.71922237116639,-0.6470327533524382,-0.1796553119324385,-0.30189296978197006,-0.23977204799612162,0.16929222319517134,0.3954246907697298,0.001199959716661272
5.071505874206106,-1.6499427369791975,-1.287781365393981,0.5221208850639701,-0.05950047097572057,0.19773905036467374,0.08650168392781428,0.002418967283784297
-1.6138881223699244,-0.6024131847110095,0.03176000591277448,0.03268745092190906,0.248259207523508,0.0835001113714427,-0.020079149716392113,0.0017472131561181265
0.07654865377596215,-2.1827145679834947,-0.043965630761308674,2.5167830795588277,0.8626160617808196,0.07597959018051581,-0.2741307754162084,7.24033379395745e-05
-0.15168286441029094,-1.5383592501438736,-0.9326998650500763,-0.5159666602535474,-0.20454551313848685,0.11976955363659542,-0.17935303155293783,-0.0003260515927414434
3.2854061662895204,-0.1055480782751809,-0.1508462732285759,-1.5756856519253561,1.2569822094763345,-0.17680469120937922,-0.10963580870913148,0.003992308688659241
-0.04103169125833078,0.6002686726533416,0.8718090899856055,0.23152605753092803,-0.16622127493961436,0.06554943808605823,-0.23300846304625708,0.0247290809586467
3.851259603956488,-1.0714560814651548,-0.9333230504520681,0.16711788381124892,-0.7516522808644616,0.15065814729470264,-0.13883090049634061,0.0011431306615859347
3.9969987853890814,-0.7965596543773074,-1.6659600499881375,-1.532038771851936,-1.294160785125572,0.2576157183644411,0.10944122984586699,0.003276460887781017
3.915284849131553,-1.7489168788507048,-0.14176363305429548,1.433129645984277,-0.6901286610255183,0.14408119385516535,0.253227647328196,-0.0017273897378781084
-0.9964427394288394,1.2316411778093617,-0.5756825700955268,0.2831422485668798,0.10164490503703175,-0.07050544522100528,0.38652998110524106,-0.0018243238623520403
-0.26701157768351497,0.7521941407752628,-1.1033706720336938,0.019222954770388972,-0.10671571953678965,-0.03037813653078494,0.5044927884302018,-0.0020503426565054933
-0.40749762040380316,-0.12574106542378788,0.06198318441275799,0.19026241365486124,-0.10592612420588286,-0.21244319849428867,-0.11713356390020116,-0.003702367406695955
0.4485207219349599,-0.791477343506549,-0.7010559718886166,0.20021994667762955,-0.22490005901085144,-0.18523080981736129,-0.1934305145515666,-0.003433256154869431
2.6500700513623165,-0.2602429479100114,0.38621629335876256,0.6049983305742971,-0.5016182212486532,0.01600592114422875,-0.1609407619036168,0.014503828366088194
-0.04188809064668403,0.9831993383405064,-0.5360613188027741,0.525593749287902,-0.0903295714635726,-0.06666777757688477,0.006790911734509135,-0.000359306583190317
0.7455468310690946,0.6158315776281451,-0.5112020311100505,0.13468443317307677,-0.41935898418026185,-0.07310485423285426,-0.185497883971609,-0.0004933268994151674
3.3663483811230637,-0.408791781971303,-0.33538946006553444,-1.4028591910359134,0.9806768910648914,-0.12438963695802342,-0.13203944877712373,0.0037436680233083925
3.588597832026254,-0.6777718191541515,-0.45625501066709157,-0.909877950160671,1.1280630968316707,-0.1379080245162573,-0.30721246904751365,0.0025867401118488697
3.9818137418639297,-0.8554977591722269,-0.19857068750953707,1.0371172968295734,-0.1792429299906,-0.256146006225643,0.09860627137228727,-0.006335355063867172
4.770755339783411,-1.9292817792313135,-0.23030289003026136,2.5514837982512626,0.1663943405321714,0.1583817406618313,0.03653126325123906,-0.0011151559495811388
3.1912073185718888,0.08978902568169221,0.6072235536630124,-1.6715584928066414,1.8317801944052043,-1.1380470689596072,0.4226308945647007,-0.012294587107076824
3.5801740408145113,-0.3572921978472027,-0.4582277994790302,-1.4189403297020737,1.3630545154595388,-0.28722026224066943,-0.2433936783806338,0.0030676603234900753
2.1767639687266076,-0.7643345825772785,-0.5894872384054068,-0.47362442004761657,-1.0481531643702826,-0.13449523726063986,-0.4429699505694285,-0.004724010323150145
2.6521862941673806,1.267573854122446,-0.45023101435812035,4.2664471454281045,0.26211991462484435,-0.12130794036299912,-0.32218438850025766,-0.001168294470906907
4.289296107641235,-1.6945334296869303,-0.9914991833090524,-0.219021331322687,-0.4618294462903188,-0.23900337803267555,0.2984997930190361,-0.007410461624877882
3.916331542011017,0.8920299381031225,0.4172283619206486,-1.7385420131097005,2.2683643049618127,0.10650202018546702,0.36392338300281113,-0.08099736006026095
4.21093892584313,0.8364890927325193,0.08228788818307911,-2.0029761571717173,2.4091776160105427,-0.0664038420073181,0.3268322251244347,0.009403062610609556
4.996929356719989,0.22905885020224265,0.10613685394083423,-1.1982906953773027,3.6904619083535435,-0.6617223329404591,0.23383362365885407,0.013838317753493192
3.384060385487062,0.31381448465693845,0.007315364056903274,0.36613878070750244,0.1505359874656892,-0.08704836741453649,-0.24006675786339585,0.0003194565692059983
3.5090220387740603,0.46279076344633113,-0.5532306454148438,-1.117608991666175,-0.39582482825317383,-0.026750045702272036,0.10536581939079322,0.0025115397841616047
-0.749809397677954,1.0843055142290134,-0.03330381720476219,0.13705696485534147,-0.20942736168743029,-0.019561614037311437,0.13904979883110583,0.0022950621589938806
0.2534171255949608,0.6453275963914653,-0.5962814522736237,0.014059591459621287,-0.37122931652340435,-0.10550460508017975,-0.005861636883811219,-0.0012278300926786153
5.115380972936767,-2.1434735773772413,-0.536717871864216,1.8624525219043337,-0.42866686238509055,-0.016063765197659712,0.5876019706536149,-0.004956663308390364
6.4905286545268215,-3.2417340344401087,-1.5530392186631803,2.4356865126381977,-0.4013613885354589,0.0840633169180149,0.5533099088559325,-0.004796094694204567
4.108500112929088,0.782609296925698,-0.4686018329767041,-1.9634344409756397,1.7954182499155094,0.1868346738732221,-0.05249751268190993,-0.014562601720675255
4.340200042196281,-1.7281482968498858,-1.4762337901019942,-0.8661048244938898,-1.2549788352796138,0.0861292174576023,0.4364418670243977,-0.0037172037418900833
-0.2968797515454152,0.11227743083054607,0.22390036906709312,1.2973021246471428,0.2763602836860264,0.07923985160667911,0.3657237549183503,0.00453655570767341
0.08245335582606363,-0.12677950767020335,-0.22155974555063193,0.9633387879909697,0.08660628978531239,0.06942076335599705,0.08158025157323022,0.005140224047039662
-1.4064394764924049,0.7415245818871231,-0.5873304995648743,1.3388814647568426,0.4595177221095273,0.0752342656401958,0.02213603417177211,-0.0030928086618982427
-1.0510372744950953,-0.9902380079317245,1.966935206889725,-0.8166857419889842,-0.5929507811659079,-1.1558462715718123,-0.2740317026846658,0.13537619206243842
1.9230233625304078,-1.900406190014772,0.03269058918336037,0.1378156462640395,-0.9023770913919642,-0.5749548935752454,-0.38322075501921493,0.034793144192621805
-0.6553208304630047,0.5476355720849246,-0.06267933242434329,-0.12417883115867002,-0.14638228080956486,0.013454054193063506,-0.0034271186644361687,-0.0011930334960762563
-0.3020447440290732,0.29522916728486404,-0.414921027239978,-0.25073564850150337,-0.24417948937394815,0.0255213020970629,-0.042853032728686076,0.0015305245530832805
0.4402545504744855,-0.17477071097861552,-0.37734189452409417,0.292021445185787,-0.4142441757861372,0.02826988158605282,-0.2102695203451447,-0.00024161576432271426
3.885741278528741,0.1736882778095804,-0.3235308998085118,-1.2802131344594894,1.2436788079937213,0.07397357417809716,0.002150279028718974,-0.04681108051618453
1.402106770254068,0.11518915459899814,1.0501336641510217,0.24254270872759032,-0.4536927579380462,0.05012147720551729,-0.3982538503421658,-0.06112083645519143
2.615810542393191,-1.6130043480811411,-0.1006573674308278,0.2906438368856371,-0.881244042458718,-0.07140143339140902,-0.14892441274659735,-0.003404321190929055
3.3375977471095877,-2.05117842896933,-1.1233596740514096,-0.5859124820228071,-1.2889996714246403,-0.013720822106362046,-0.018810397180892082,-0.003631605440621686
4.0502820686813985,-0.026117206885672168,0.0989471948673037,-2.3230867417260446,2.996804500633424,-1.3253642054882413,0.36320909408764795,-0.02924121619219861
4.1272475295408055,-2.1578498528984773,-0.24264475152740544,1.0995275045676487,-0.5294335515483121,0.06654462001717973,0.45647953154834464,-0.004710297576323417
3.9239746652189784,-1.9382459414078677,-1.4909248024597874,-0.46941399510802506,-1.0339780979594355,0.04477289703570637,-0.1144216162550495,-0.0018569210930209888
3.245607193561516,-0.04749669657764801,-0.10667070140053507,-0.11334777936355875,-0.7187309990641845,0.11648056763824816,0.15684939109826462,-0.0005607221569908596
5.111917078233957,-1.8918590171191207,-0.3412455775539199,2.9225980036684933,0.09570495341020568,0.13058963089346715,0.06090602979071066,-0.001426896551214108
3.068889001334279,-1.3264391673284077,-0.9055530320899747,-1.0944810540140126,-1.3085923172619756,0.0034805441571207005,0.08763876777640202,-0.004184754759317681
3.0899585936546794,-0.7760508168219047,-0.4492243730797384,-1.135900734560809,-1.4154411318182387,0.2528618215294113,0.5043211558655541,0.001351199366141118
4.214358965749079,-3.6405003769821267,-0.5895311621191974,1.6378629444090658,-0.35778767550796486,0.24111950490966397,0.09995770825286236,-0.0008090869470174591
6.183636909209368,0.7583144116359453,0.19180686782070525,-1.8134678114710774,5.38509277401135,-0.4074104263797306,0.6120640420390053,0.013340854296728363
1.3013783986181837,0.816229808860153,1.7022598567791647,0.09277932291203352,-0.4847188839199357,0.2681880281693673,0.09824775385667024,-0.012545128165395415
5.098093341502758,-2.3444354129020417,-1.1764173103642341,0.7618676565751997,-0.7049292190099561,0.25642339017366406,0.5078315051386469,0.0017749892376891468
4.476328122810527,-0.13600984578185676,-0.5081477671045445,-1.1256244313178458,1.8391853372732774,-0.012910020019569772,0.005115191947142902,-0.01893927382520173
-0.6109230374961742,0.10612875048661617,0.14572773445375073,0.38690881391190296,-0.02259497171443615,-0.062210914749843034,-0.09780352483413982,-0.0010043983458211004
-0.010288456549563698,-0.34112833665177916,-0.3342431315091597,0.3583103123214878,-0.12463174665530148,-0.04512152778789925,-0.15721358284294637,-0.00042071271166342064
0.7473894012338516,-0.7732036189167346,-0.993840762231977,-0.3021937760083095,-0.4937542105995668,-0.01918171126243607,-0.22950671339741224,-0.0006687553521253389
3.4541478312154412,-1.7755828504076763,0.04114025047706864,0.9114868978261516,-0.6974673190056692,0.1137104592928798,0.29485506376575643,-0.0032742417591007907
3.386897287954531,-1.4278995574833822,-0.680606366744428,-0.43340078121607944,-1.1155420667752822,0.27195068596553196,0.19007088819203777,0.0006848188252544818
2.6780401681610577,0.8052255749709917,0.36728321777249673,0.2809369685458766,0.3377259015501911,0.10579623635858224,-0.2768341218377276,0.0047073897608438196
3.634894502707864,-0.4889348651853776,-0.42117927546143935,-1.3123799261799078,1.153721526232473,-0.39282530780991487,-0.0891122155330697,-0.0019724166361548504
3.8274809725221854,-1.4859710518327716,-0.9315125083163276,-0.15936842196460332,-0.8228570425132609,-0.13836992815656904,0.09485485245805342,-0.005385233458719043
4.755093147416306,-1.9545629113913203,-1.7745780586094289,-1.2715989001300945,-1.3544827530745385,-0.02903141935645482,0.7225560490268705,-0.0045053467422433
2.447443722816444,-0.8359656051028288,1.4265578430792138,1.338774446097534,-0.10471570185854769,-0.0675142664355498,0.3347621741937336,-0.00423065488173642
3.54779143851506,-1.7347904370556102,-0.5075079611878859,-0.6907445038095491,-1.2098448051578299,0.2753282875868348,0.6746492094838058,-0.0003748443002245295
3.10708638532121,-1.894641401809142,-0.2396848264487251,-0.012327485293442018,-0.8459720871805869,0.17622155649202412,0.19757788592441183,-0.0010184153748371482
3.79519055972253,-2.27269731768368,-1.5482166802766206,-1.3246271079756853,-1.3981976573363197,0.23712456110713362,0.2699207469111593,-0.0002910396960682842
0.10480264884068366,1.157738534693439,-0.5035127449852663,0.19505392027057689,-0.23102603205200384,0.02341804709297971,-0.014612251796740335,0.005614666456984893
1.8856287712681197,0.2389257491105946,0.2953150696553227,-0.023507774550947658,-0.7093753305262704,0.010377906518106194,-0.4473920946261679,0.0015203025559477285
3.991254528636638,-1.2489595599558911,-1.3163912064555225,-0.41661073522075526,-1.1522061982247573,0.14198801591658788,0.03519341461934889,-0.0017261418457935104
2.726301277157723,-0.5211085230134522,0.3828586973857175,-0.1864216835154032,-0.2885008027830938,0.05701652370240499,0.1547249547933009,-0.016816624600644106
3.0008970411700986,-1.062019736222322,0.12327695538671306,0.2245388160132134,-0.2202094556187805,-0.17671584242816255,0.02478840996631825,-0.004599767014268635
3.4332033993479603,-1.081507108771768,-0.7772434194630994,-1.1841935348611194,0.42646223782861487,0.017421205135895308,-0.269988365614671,0.004785543960581649
-1.3251663751979867,-0.6947662675163557,0.44278361608674544,0.11307710620004266,0.22758770954179194,0.27386739633159746,-0.04190360425004969,0.002154408292308357
-1.0163182867191118,-0.9658783554701789,-0.15310214628703578,-0.04319103598646646,0.15207708200414635,0.303879925006249,0.031201821661144435,0.0019303503318520389
3.0252466917851883,-0.9077397878821167,1.2048321377587627,2.6726021063758614,0.3458196905451369,-0.26047289081006453,-0.1359116627942264,-0.0065811840842514326
4.2510033214458165,-1.51834993447361,-0.5052917489969789,0.6237218701391212,-0.5510984156270583,-0.12537639288425453,0.4229084055654434,-0.006191272746267101
4.517525387459838,-2.2852143951633224,0.13559131699831253,2.945671264458894,-0.25644129742194915,0.3532324043709594,0.25255420270138373,-0.00012185524996691637
0.4272522980448825,0.5500972055505292,0.17493161619082187,0.2006043631256923,-6.632976127272561e-05,-0.16979176938407134,-0.20609957802605416,0.00016517160561805842
3.3727828673849745,-1.3768974167211634,-1.292880122733508,-0.28903839178839874,-0.7100577717707167,-0.11704398376415202,-0.56930662638907,-0.004265324550203942
0.7704137761891751,1.3522753909894372,1.5915176169259218,-0.20445871513370165,-0.5779174248397644,0.13575469849703964,-0.31683488599297205,0.01213360033329318
4.051030841344519,-2.1763366310465107,-0.7357005779014233,0.6600479961039104,-0.8605434184084738,0.2975825576573302,0.21062723629511246,-0.0024155014741942798
2.969236336295452,-0.3272970604545112,-0.11020901814868456,-1.2185786708672266,0.88445909233448,-0.03133447356896907,-0.2742732282932274,0.005277911069475086
5.134861311443086,-2.150412258887455,-0.872205101906768,0.4713972212679767,1.1741494415478653,0.05780440177449103,0.10351746419273926,0.003613370892064223
3.0811143663870575,-0.11747199265333755,-0.234047107383942,-0.565103952523935,-0.7436016446407049,0.09999669620505008,0.10962405093793948,0.0006761724691295499
4.253070234751915,-0.8996562034627656,-1.2904681696786136,-1.133190689927884,-1.1106555728559886,0.18703681399124805,0.4569490621155321,-0.014434545357370425
0.32232560816352185,0.7196892287051713,1.3611793751725751,0.029748940489898644,-0.031824561687795454,-0.26893420538680873,-0.2926790729428997,0.008327481367323183
4.8685782966319175,-2.0986384299917145,0.7931749606076557,2.682224644091952,3.1691757203847875,-1.0564363137297486,-0.10038434164318139,-0.012793718137358053
-0.15482348379365668,0.8657859090732728,0.46112389576354024,0.3412220247736647,0.1744163445406093,0.7881972760752449,-0.23887246507175902,-0.058182395925443144
0.11203558810977068,0.9256570461923302,0.10640963068294473,1.2168769502498789,0.37228410003869916,0.03277057478665616,-0.06125589978115631,0.005025678687378724
3.76146116488132,0.03474687458830137,0.002621388186375426,-0.6035903048957149,2.458086316797015,-0.9072251909781779,-0.4508888522387822,-0.0017475394903915856
3.926386291460442,-2.156400079559948,-0.42591127172221604,1.8836847428630308,-0.2920586380459792,0.15941753460921754,-0.30335769378234534,0.00032379125410681066
3.6099431604273677,-2.3158923959890907,1.3396784850981984,4.133084000231234,0.6537152647309341,0.16183315342598703,0.10020113316634455,-0.0023798595634874718
-1.5631028606110673,1.963602689832998,0.47766865937427855,0.5024023236628946,0.32414932691297615,0.04601952651151092,0.2797491064736869,0.005288773654623695
4.771917561300073,-2.9365756286678693,0.12940579876139963,3.7898647056393706,0.199697731199293,0.10278673094628332,0.04263673781976322,-0.003319308053296551
3.4929088173116343,-2.4943901262999937,-0.9216560048380217,-0.61851409924439,-1.114795535024067,0.2832833010895786,0.26858316365702406,-6.705818519661216e-05
4.897074305500473,-1.8170789077348555,-1.0634740314035007,-0.031791313982065555,-0.7276112419082141,-0.09179537365363696,0.7444855257549474,-0.006929961457673383
3.7256829418710073,-2.1408407704812618,0.11752282394272363,1.6079890288327006,-0.5927504028289906,0.14220130512162718,0.3202383781621615,-0.006166250055559834
3.1821353635214886,0.30655241689680285,0.21192064930728632,-1.896762008232604,2.0637125407271846,-1.1950526772935193,-0.006833204076040679,-0.01150985480937581
6.580650630195191,2.005347397162175,-0.45507640353671114,-2.616652660732435,4.890166397627803,0.5006697609783065,0.5225168364006822,0.029302677398316605
6.381148706280743,2.153531940749715,-0.24581619777910074,-2.5596229838011206,4.937423667564462,0.4905446815044337,0.5150373037394277,0.029214061653515092
4.155310097678115,0.7413854440003205,-0.48394616082034714,-1.4658224048348825,1.3571668713727438,1.0075946912838443,-0.12722007333258953,-0.11927055571074259
2.7885278312929964,-0.7128901489861115,-0.17339340278196427,-0.23980638121505404,-0.8670485409728628,0.0019264184425351039,-0.03566852663916589,0.005898664383137652
2.926959943980508,-0.9647718658515481,0.3578131264293434,0.9871746922050915,-0.4563560205971363,-0.015926198074151854,-0.03649777930979828,0.004900868787364566
1.229193399144485,-1.5604711372264188,0.027895324568342636,0.029742914874528282,-0.38473934891971756,0.11337217198499387,-0.44396966973783936,0.0015705515970269113
0.1146140021562148,0.6168664059741443,1.8183368955659613,-0.46255832814178705,-0.5540982290307502,0.10547766189467275,-0.36215910815733815,0.0032628961495820923
4.655586859103873,-3.321943700081645,-0.8364626690621236,2.6296574806385453,-0.08249053824325774,0.23898383106316343,-0.37761330420985195,0.0016690321383740765
3.106960692528506,-0.7882924533306481,-0.8776441952035662,-0.3188909376185006,-1.0297150045551762,-0.004506457227069122,-0.3590035166044281,0.00023167893053733886
2.045483846808633,-2.47174659487282,-0.8175364413945471,1.7614939208549387,-0.01840759662404713,-0.11534702544783733,-0.4624316938785092,-0.06042160820200142
3.114748495116876,-0.38755418042068573,0.21508710167529985,0.6481896589543369,-0.41419457194812925,0.2456788408565213,-0.03743348092336458,-0.02458219590221881
3.9626491696930084,-3.2322791028149043,-1.3778892555888784,-0.8376087619218013,-1.1522410050101717,0.309567277213169,0.3967752277216496,-0.00049287356182028
0.7248819160630676,1.3997176267348097,2.038031180094695,-0.4289092448231641,-0.3634230937267932,-0.019086062376167588,0.08033719767648732,-7.405135057582843e-05
2.7398441493516055,-0.9728549007745364,-1.0453118532184145,-0.9042388665672627,-1.1965768893594353,-0.014149197196803869,-0.47498827586453163,0.00016224141800924748
-0.8254747004934934,1.0045658647641567,0.05025797264297891,0.6062034561542349,0.08249331511743202,-0.048650027542310674,0.10267532496418437,-0.0055284852038577775
5.172536083617159,-1.9824757072998846,0.08041249377825521,3.174292089406862,0.45054573467103154,-0.10584009388425339,0.3056452765152172,-0.005202840162247719
0.10854293441473606,0.274108880510788,-0.5985223711830694,0.055221153979376346,0.06801064305452781,-0.15247475040849476,-0.10922296510203808,-0.0012443038781523392
5.017331338235538,-1.8357193858352483,-0.021294678521106437,2.7586923595591744,-0.05614450263250659,0.042477116628395116,0.44160115233098324,-0.0038571924914979263
4.552563677446162,-0.09870888702595898,-0.5424562372858484,-1.3158419958504128,1.9467267478490597,-0.10721608735818206,0.06507712045262239,0.006819190677763271
1.7519484698004868,0.5346314080969375,1.6489689076207246,-0.6705598473527645,-0.45059833289091034,-0.04648412533908722,0.752043232583151,0.003630707617869626
5.818172526012956,-0.5581613115415437,0.4142101480665783,2.3227847237372257,3.0706504920961954,0.49132151323379497,0.021935136054197495,0.016517445847729493
5.860449335650826,-0.08857507294402811,-1.2781024759909416,-1.3788138173208135,1.759843623101446,0.5902639015227054,0.35880333742719367,0.017515475226703773
4.032136489318634,-3.6622379539282237,-0.006329946143738517,2.2848030734738796,-0.07892365654410748,0.1664039353573617,0.16148735652204785,-0.005529067835261177
4.274664226111816,-2.0291122624046247,-1.5579629318067891,-0.8634147060661118,-1.3808381999192678,0.20492560652067274,0.39822593733641454,-0.002255231234179623
1.0207579498851607,1.2126459831128233,1.8395678416319667,-0.6653159695438062,0.40735194185000234,-0.02203176324918189,-0.1023762498415252,0.0030920131168865033
1.4326104591504045,0.034632208427415406,-1.2625731148258779,0.8948340355856274,0.4012045384749496,0.1342132056470495,0.08771192885890006,-0.0007592063089817989
3.5703525612979994,-1.0513837289126828,-0.8456398952901106,-0.17842559324055932,-0.9925624124074294,0.3950312922980853,-0.06010378606981341,-0.03648305680029827
0.9954048565542462,0.4789712555221447,0.6723098170830104,0.656527660116604,0.5443760622050192,-0.10236975888847545,-0.4093738299847611,0.00215201258121156
4.661487553065354,-0.5326525859054067,0.5917749803150885,2.66137135456985,0.5876890157052057,0.5073819406020215,0.2644879236617793,-0.02221576660311068
3.9989367509686953,-1.0105564139523078,-0.9681305420947128,-0.32637727841738184,-1.1616424234762306,0.08873767594398121,0.31491218113110797,-0.0024792965828108813
0.7135995287687656,-0.7942009858214671,-0.18361380973141386,1.2855325683971957,-0.04436377995091324,-0.22186224927325174,-0.2548255503636935,-0.0043674536757476404
3.0733240730038998,-0.952207547645964,-0.6654363408897548,-0.8078626595524945,-0.45441529151268334,-0.19704061167134043,-0.19003194584085073,-0.004542168024037909
3.1439733002663153,-1.1037933815386498,0.2945451109414222,0.764143576010656,-0.4665453469122854,0.24200222126285775,0.15408064760235757,0.00043909375002292944
4.672155461682914,-2.358017163454026,-1.2259530140039534,0.9229967239378941,-0.6110835458593634,0.29490518325376214,0.02269283041347126,0.0004626849621210774
1.4595977415018424,-1.2593390441877215,0.32881687932929304,-0.5290786803787942,-0.6673021257986672,0.0859710834603159,-0.4627009298240393,0.0011746994547041805
-0.6183537707109182,-0.26225500741420493,0.5356465747615539,3.30397606694348,1.1464005974698799,0.056357324654831106,-0.11769510134294371,0.0024169779420497592
3.924161655435549,-2.274649461656577,-1.2862250943507751,-1.235048914654082,-1.4016669452530222,0.2740109514887154,0.5845262293920696,-0.001683045773438498
-0.2426349093679506,0.5347878355828413,-0.2443393331694975,1.8373803343488213,0.5423775262274326,-0.14881585411148524,-0.05005883022463239,0.002894376034643866
0.029862648992699577,0.5231574110461908,-0.3223086058417684,1.1206064848218056,0.20862609232583496,-0.14348448312340034,-0.09139834032028166,0.004501074801737533
0.3812176316220084,0.38775955946969115,-0.8803722472558988,0.3008132469639772,-0.14333347770439206,-0.12050031416459232,-0.10800167221577371,0.003589682736221207
-1.7417315664072939,1.7202787642093587,0.1571561252232054,0.5452685153856246,0.2121387272875403,0.056687024736756436,0.1325334627019312,0.0024591797618934855
-0.6132719177688776,1.211308823847082,0.3826711035842504,0.07807031506406341,-0.2231849074772921,0.07163826732557681,0.14256111456461965,-0.002534417173091548
1.5201784698104623,-0.2505110978957146,0.9893732387991885,0.3632567183186421,-0.6206340967045513,-0.04376720416570804,-0.27778038899743035,-0.0021730852855956625
2.1094718241081734,-0.5192336501148206,0.17943330107487232,-0.7193277935214698,-1.0879089786617837,0.027684017056596143,0.052056604107747116,-0.0018607855073504596
3.9034109173034985,-1.3796002415334874,-0.8793199849831915,0.6785276184661359,0.14521551092201465,-0.04680319875770281,-0.5773391168580658,0.001514249392124359
3.633420766431128,-0.9671987637919474,-0.677040107047282,-1.3009985214260378,1.0328049257171306,-0.37414999520665065,-0.22133597384251025,-0.001805451976745417
4.563539978865656,0.1431013159750359,-0.42725524862465164,-0.9726180078348706,2.280671078556356,-0.21955214428689662,-0.12009750273716896,0.006196115471810119
4.894233646909156,0.1323325806674725,-0.8405743395831256,-2.155835099433544,1.806569783673029,-0.14320356104650633,0.3981785770703919,0.0052881270400590135
3.5806615645717037,0.031120980620900213,-0.2833749966398849,-1.2143950703235653,1.329546681221059,0.05052480998731065,-0.24280692077447177,0.010357033316804607
4.5445595037500865,-0.7550153008394767,-0.566541960059143,-0.5225487600319744,1.43484557023901,0.09787040479193573,0.011317098216736224,0.007819989761249863
5.581062285121333,1.7877097933395183,-0.054536069264446374,-2.1388205066846027,4.19338880426297,0.6433199368759853,0.28908027431788236,-0.15915319473997064
0.5468189998693511,-0.9185610830724373,-0.08595856381797984,0.42015049247325986,-0.044127066060511366,0.10015552366706665,0.03303319749303583,-0.011263213679676923
3.2035424665268173,-1.202301460354714,-0.6859175009044328,-1.2066747957062478,-1.2618947957806352,0.09353964621443914,0.3961068362394753,-0.002275006960291883
0.0992324111053445,-4.28341246450079,-1.6573182998798779,-0.8503399866179164,-0.5265836240964755,0.005959846861206088,-0.286105545962339,-0.003036035971895418
2.8870543181901924,-2.2858649110733604,-0.9368744243390557,-1.3545489124112857,-1.4337642007971083,-0.2591141004576239,0.2578843016966706,0.04098548176045326
3.460694487390608,-0.13574515195602055,-0.10149614889090945,-0.8559822793515823,1.2667355305840236,-0.18504476407262266,-0.2186925107201904,0.00564059818562662
4.491247305197444,-0.8675646284554177,0.2175312837686723,-1.4035798432119506,4.15348562009516,-1.8700529545471278,0.14088873119407158,-0.018937827805164835
4.027713337849422,-1.4752616707033173,0.0743304395401463,2.5445831859527734,0.7561568357420423,-0.023079656443365855,-0.54541358687025,0.001399580574662577
-0.3465553063838771,0.48701424696798074,0.029019826726167933,0.7230606914739024,0.10051260626765698,-0.39007155531687476,-0.060934994969481855,0.004193690736752806
-0.1347548087711934,-0.013560067019390843,-0.7238239327555837,1.6701274635192227,0.48782988183834164,-0.3661440896419599,-0.028343414877327788,0.004018285978547186
0.9970403218512609,-0.5578275789043611,-0.8138008671868485,1.0629306684531015,0.011861040254565136,-0.3615012817569299,-0.2078821774820423,0.004291622140660669
3.844678336252316,-1.1711406888109803,0.09492424281384944,0.14150089101006924,2.2180450272403425,-1.0866605352907919,-0.276969245870851,-0.011428831135443986
4.552020037928659,-2.0324181487022663,-0.754013253842783,0.3137031107656342,-0.8181678980186361,0.05910630904037251,0.6945341517037573,-0.00543986473584474
-1.0432432562987135,0.019330864497737223,-0.1527594474312569,0.19639236588346287,-0.10143045786619963,0.17057178854477537,0.12687570830470452,-0.013826780678433436
3.416699403646078,-0.04571641369476769,-0.18275707088700596,-1.438763160933057,1.1081348330557006,-0.03602985904508511,-0.05659560903450257,0.006494999522581016
5.038709877041192,-3.3140209534866814,-0.2881918656063179,3.174058499911141,-0.10174007354726003,0.04198307439146758,0.2708995601961304,-0.005208227087197353
2.8285181715331875,-1.786864088388952,-0.23094845147391097,-0.1910764026780965,-0.7580584698977612,0.16774992537843514,0.014437918994338992,-0.000270023956868998
1.8889726790776307,-1.4234235512040203,-0.2528291569081514,-0.8013759722241791,-0.8445577590083726,-0.31238610170742814,-0.44271388647023324,0.030428141375161633
4.0769717658002245,0.5511774744616469,-0.14558588304615827,-0.9155553301721812,2.41807215414441,-0.2825068327511229,-0.35876268565383135,0.00538984556709053
-0.24230680005701216,-0.35316041678187904,0.36138414692975057,-0.4125087567054827,-0.1906638741100424,0.17827020152126963,-0.2333474370279395,-0.007645467725713802
4.017659342904983,-0.48254859548632323,-0.41013900826630934,-0.6101017227910482,1.6107096264570648,-0.08756884618811046,-0.3002384745997282,0.006641142645564172
3.4324518313236085,-1.429256042526347,-0.8411674770566555,-0.9586888425606103,-0.8910116130346537,-0.21426430240049502,0.23513475442962062,-0.017856251286984332
2.5026606587921205,-0.891731018570775,-0.035084450431134936,-0.1735592975146698,-0.47706728024797534,-0.306181278787213,-0.25305532512670503,-0.006015400044328003
3.9924557744569054,1.1149344742271483,0.25885090549519557,-1.9773185868448795,2.07906145488176,0.2535077616132534,0.3889732567969632,0.012636404540279186
-0.6016555470340749,-2.2172749485571464,-0.0820462938169411,0.07185626628271159,0.19395132623382927,0.457372987552517,-0.2671444837802613,0.007340232775767517
4.037636672342026,1.4496727316204467,0.10697708451559064,-1.4106421076300353,2.354886802093563,0.3076700447464754,-0.12652840947042704,0.01571581240438051
2.8708975857751993,-2.6100205261934684,0.37459915178383796,1.702714331954471,-0.22668874511238168,-0.0743549000359403,-0.1885079008550418,-0.005258438158737586
2.2292129914835477,-1.1535137242744722,0.350147016112356,-0.29608303157183324,-0.8677701757664701,-0.10466752442228879,0.15329475196641354,-0.005456729662861603
-1.250347391686989,-0.4425792145327117,-0.08881143930698283,0.8464723586120321,0.37968725269378856,0.05135578786701385,-0.027170140766269148,-6.431431944288113e-05
-0.8165478262916003,-0.6655872725972616,-0.1295468396620422,0.6706077310240786,0.22008431668938488,0.05317919704990921,-0.09489902415777353,-0.0001583882305339692
4.146823754544855,-0.6907628856522378,-0.6008506862576398,-0.9450111351711897,1.4274669160509919,-0.10325776565541665,-0.13710822721991897,0.004947316683971641
-0.7265614922493128,-0.5096247965681099,0.173552656941913,0.9931565674889822,0.26502690360704,0.0799309876607163,0.010247413695229156,0.0007721215177866878
0.5157824947289897,-2.251779594558671,1.0365348811540078,-0.5441927109151716,0.06057054195136277,0.4830718217180071,-0.5418808079677673,-0.005030507084181565
1.1278161793600057,0.135000811179083,1.9496444520586191,0.0328798170976303,-0.4487424068833808,0.06551902074993858,0.34226358647263333,-0.0018648303434638655
2.1292000585737334,-0.7243061831086008,0.37001591233107917,-0.2285636940043242,-0.6597895524840404,0.08000439266041802,-0.10603844165330893,0.0001226393742077705
2.7595080935727236,-1.288849879760296,-0.5972821854978543,-0.2650181019251676,-0.7468370696356651,0.08304361350564797,-0.4337068891605591,0.0011894966817046848
0.1804062165158561,-1.9901768466551586,0.233624392292404,0.7096357730856163,0.5059903851681358,0.07894859609815352,-0.33925326565226965,0.0009323382633350464
5.561191152174214,-1.522097583809052,-1.5033935374789795,0.3922898560413627,-1.0165118203003878,0.16243681050723063,0.7065258312582885,-0.00974245274572127
1.2406229470231387,-2.9386035079793187,0.881656107244593,0.07888225303420991,-0.07965185698895506,0.2517774445196905,-0.3540149555671899,0.0030725717822538473
-0.08905455502747937,-0.9754450914444636,-0.26326389076572393,0.30787978230587293,0.03873470873777161,0.12501223379300597,-0.20829896435607706,0.002535440531284934
3.686705368496141,-3.2215668733104215,-1.439956079513111,-1.2986200588777803,-1.356692998021474,0.36455283174264397,0.383608213024373,0.0006604669073239147
-0.6869144675521337,-2.0562092246131387,-0.39727727220208797,0.07443538674736189,0.40266201200233553,0.20936516883811568,-0.19240839193221415,0.0030352453463654092
1.5783458409983724,-3.3591100262665186,-1.2978806927654722,-0.8713989899138939,-0.38523473175114487,0.2439615288878953,-0.49158817071162736,0.0030230497016250305
6.179116718883582,-1.706377052932715,-1.5878494599154784,1.5987582501545257,-1.002733798176733,0.1664851926620837,0.6415224690841522,-0.007482458417773447
3.2650432134059186,-1.5113759888645701,-1.216861616168544,-1.0483521960148166,-1.3062060648899005,-0.007445927337511715,-0.05498638178680875,-0.034999870941597774
0.08141111564554551,1.2174787845312114,-0.6264510128488886,0.3540841957377969,-0.09334227376754436,-0.012327823195420346,-0.0862721135768601,0.0010578557612596867
0.32547756726753213,1.0322188120467333,-0.961498755460849,0.23054092980610452,-0.17095652566308903,-0.0075556070661927785,-0.1727777045090029,0.0013463208878749344
1.3871660513507174,0.2927445252557148,-1.8403632806738344,-0.039831586411485986,-0.4411894798893447,0.01416229392281289,-0.41503176498555167,0.13906586153355602
1.4795720869580835,0.3026098436653669,-1.5079361988910633,-0.09416508181258937,-0.5204230947838069,-0.026292625589436996,-0.6155742344695327,-0.24930006022144177
2.1913783860261926,0.03579048790298238,-1.2636705046545662,-0.4768347880740075,-0.8400128149205155,-0.020393930063926962,-0.6933697293202292,0.0034236878233837617
-0.5304127170484694,-2.1777908772132277,0.2547774998655833,0.4546420410698253,0.4974032392300345,0.2887341842992887,-0.2851989030445625,0.006324641613964302
-0.18230176958798608,-2.671617704990448,1.0454886230277676,1.8411372239859534,0.8496925896152578,0.13136194053735706,-0.3931910570317055,0.004887933488289687
2.5629903878828943,-2.6241327739204934,0.5453047640875159,1.5372149893160345,-0.204905375495707,0.09652085624608044,-0.2252935616951264,-0.0003484332446559457
3.4216981496131527,-2.921478380646747,-0.8481864353709963,-1.217372438906451,-1.1855082517862714,0.3204442846282605,0.6212941114531659,-0.00869976123801199
-1.5125560197108385,-1.7328535700763128,0.6394079857231701,0.48321526255469327,0.5587295300294042,0.15407970877892088,-0.15363223806338666,-0.0021427704234247384
-1.1016375134548397,-1.9599248228736468,0.5290198347217849,0.3204413442324114,0.41486753782608,0.15834505518925582,-0.21348961975703099,0.0009344033467337012
6.310204592110159,-0.7323679549204986,-1.9733583359961875,1.1243639824158147,-1.4521082878162028,0.2637047757397235,0.5860793497475296,-0.0054835814688706415
2.503995074224513,-2.359336248576262,-0.806076636121362,-1.5575570020009628,-1.308210350552356,0.4038057454070453,0.04406812715677333,0.0022074964541853918
3.1673251475461894,-3.9191714625659766,-0.29592034226391295,-0.16701044333198375,-0.3467752038601033,0.2896362471472341,0.32422981295950754,0.0005439198089385224
4.567774223485298,-0.4818189330763957,-0.799270998701405,-1.5773052073972518,1.1828406394801656,0.4839488334850066,0.24648026528399045,0.01421510822643505
0.41969857378149855,-1.2140318177647076,1.0571663825251267,-0.8308734799552026,-0.6269306428005983,0.14395273537127254,-0.43782539246312224,0.0031652617320016016
1.8370941502586775,-2.444142537391033,0.13284219165599695,0.05065585235355625,-0.5078896685620462,0.1828534774759569,-0.4980688521873348,0.003650435485780764
0.4087406869598602,-1.3786287274953004,1.1945336540301192,-0.9743720001639079,-0.318108898088303,0.20074590025346434,-0.39111968931172114,0.005824581159713044
3.966867815626027,0.3868233253677185,0.7374730969124398,-0.7856082130343324,2.342000049294535,-0.3937960933769978,0.44077984073953913,0.0011372475351695414
-0.31270062710286556,-0.16384417232564874,3.243877027336567,-0.9453980259399458,-0.518767748757945,0.22295821261040907,-0.05726130936924906,0.0035878741197818307
1.1444733542543852,-0.3822444557137581,0.9610126298088474,-0.050359016678390066,-0.5709623667890933,-0.023786073316905215,-0.43294104335773803,0.0007357705192250665
1.5284909253191261,-0.6139337520591068,0.6507896832770117,-0.3109730304958153,-0.7191517826825276,0.01248813233268938,-0.23974432077444188,-0.00090587463473146
4.873890016119411,0.7632618181040028,-0.6286986948944936,-1.6338522459943954,1.8037161468665612,0.6133305331093966,0.20118088971117232,0.02103507987996159
3.2025357930360348,-4.194235113596712,1.3847631745572295,3.5998202076017223,0.8298421411151071,0.3163711671777187,0.016709771572462614,-0.00018198720346279944
0.7085679612398404,0.9135612966161005,1.0591535587865177,-0.15477350594253916,-0.08845394783073492,0.13235265521958012,-0.3485497929566941,-0.004292664026999453
0.836196030609332,0.7147725694802755,0.533600045234659,-0.09567439456753306,-0.049794582947526256,0.15144799649522978,-0.32609567197443656,0.002987076984319228
6.1328633755846065,-0.7119685754586216,-0.3799413440153515,0.9815643212129918,2.496812411255153,0.5033479512100432,0.29531169751210595,0.01585310788630692
2.8109062652270524,0.22770211335667132,0.5320607633256309,-1.016091488674546,1.5810378816989643,-0.3594752133865969,-0.19820888596593883,-0.003724187539002768
4.739425129032077,-1.2368896572392805,-0.6145043055214663,-0.6307287516602126,1.4431926570906333,-0.24864631906165083,0.26688734061258895,-0.0002279901325250488
3.377773753537267,-4.536146239887083,0.04911843849950037,1.5383851834547666,0.12765093279184803,0.3854677623746382,0.023600974776502474,-0.002245406279135312
0.022751546506477656,-2.1358410209888192,-0.12406725986392134,0.09576705358692589,0.3182703164306464,0.25550188352885395,-0.321015510007444,0.0049354981173572775
3.9776091508288483,0.1278258110836069,-0.5142476434163902,-1.647649807315032,1.3732858376130044,0.2633548701900635,-0.04968931763494191,0.020551722503730517
4.201914827077821,-1.1537970069684393,-0.18416236303538497,0.35657701238681877,1.6075350637932437,-0.20839259820709347,-0.20766368226624904,0.001841338635816894
0.5960793127076354,-4.021140444746091,1.508465547008554,-0.45289204952662465,0.3197447694224271,0.5722510028096031,-0.0826791341237351,0.01058833306730533
-0.662406970156832,0.5715970424093896,-0.2683172394502417,-0.0658838961756675,-0.1780959932623374,-0.029149405424286394,0.0504625024987614,-0.0019269856979193794
-0.04133524684480648,-0.04210376255675609,-0.3213607101305189,0.9669629928283988,0.10027891236906791,-0.024298786306002566,0.02746209210768257,-0.0018668645716139166
5.175847217537557,-0.618675152789967,-0.42698398766054263,-0.2939974332937549,2.0834794904597933,0.5446854038771317,0.18702247965087235,0.017008426461392924
3.7164682982968054,-1.170888463158416,-1.1088048855087889,-1.540087250093825,-1.3817323780279782,-0.12157714360068708,0.583739434746843,-0.0046946736977362975
3.484201754379494,0.0032228117869106477,-0.2170115690022332,-1.3871307698491913,1.0085839432240278,0.3675788690118743,-0.07542580592503013,0.012927722559704983
0.4636948357962732,0.36847195155944107,1.749226081152786,-0.5148514017630712,-0.7629173771565886,0.09521731871922251,-0.03837781154588121,0.025942470020766686
0.8275606216214968,0.23660827293991715,0.8911251641079815,1.587269912771461,0.07945757145554536,0.11057538625965768,0.9818850794031084,-0.003973892508363887
3.8085878363232517,-3.804604790253011,-1.0754717281698392,-0.98925389205934,-1.0464415386000903,0.38736729236220047,0.6583195004374238,0.002711669473603314
-0.24003996544927195,0.3763873572212427,-0.35709854197553464,-0.22871491440251113,-0.36074062973735044,-0.05683645387924123,-0.2818577677612355,0.000395955057354834
0.02741305491318196,0.12965191795503023,-0.872522867897315,-0.31077515896913127,-0.4083059160405237,-0.0372869924387023,-0.2775135091416162,0.00010580499518511724
-0.17843005268005205,-0.3824965520905625,0.2347052574008692,1.4086945582844825,0.38766629051166446,0.24721647457863216,0.169266028369015,0.0058722459142303935
-0.6464562703395766,0.1479486165366525,-0.35874494024637027,-0.2409245949159014,-0.12818104857365692,0.23635612863560435,-0.08528560169224712,0.006432662119464043
5.460447951999897,-1.1337826415937895,0.20728190148407086,1.4357256538920853,2.025611169807984,0.36023949607980277,0.4655716422090495,0.01051984943921348
3.877752220189569,-1.0624984626133294,-0.7775566709075565,-0.5332023058082633,-0.917702863035149,0.12890384164120497,0.3824319991058338,-0.004068827794870409
5.941535910242519,-0.2690238301288232,-1.796783223501757,0.5173589376004474,-1.3693457768143245,0.16530568372657603,0.6254602919585919,-0.04062638103840157
-2.542874444304382,-3.644934681965885,0.012964129253480977,-0.5893529577198483,0.03223036609608976,-0.2172494505637313,-0.04293815750595226,-0.00734782924819504
5.7668644303229515,-3.3335248828883937,-1.2702064078530044,2.8700939417046887,0.23029298987838626,-0.09837935343691785,-0.138008724721198,-0.0059886045027300805
3.017862924250657,-0.2246824474857845,0.1184075146406427,-0.260561747757533,-1.0416060852011852,0.4069186629402344,0.3958918015043552,-0.02512556131624543
-0.8129381901786404,1.7946101246783246,-0.29793382610881697,0.40027499569175895,0.001066219960598231,-0.0566176860358174,-0.03439758783262521,0.0021760113421678217
-0.6159504700752829,1.6470271575634563,-0.5228372718772667,0.33261097008717394,-0.04809601951713262,-0.04497718099426006,-0.016660164341732224,0.0021520027684909598
-0.26417949436233273,1.436119379096711,-0.6797409704467721,0.20467379739583774,-0.15067670823337206,-0.016495857971161588,0.1532182142621262,0.0012863394394360557
6.238613900216853,-1.815001940720315,-2.131177405905951,1.2642565678818511,-1.1511945207843597,0.13462073023266025,0.30138987085945335,0.000105733487269755
6.176836920173385,-1.8461374489715867,-1.7412205295423144,1.909672376121869,-0.9167888333371348,0.11737495532606262,0.2828272060191636,-0.022382940656175427
5.190746938185349,-0.6190810436841984,-1.9111001446522127,-0.4933146781422367,-1.7324195643658884,0.08347285608330535,0.4727651316889459,-0.022396873869290224
0.06294664132039363,-1.5574596387333772,2.5469257417832845,0.3998635696535383,0.13919599934611335,0.2963537019501536,-0.06987683202612949,0.0037923811436361785
4.745123724845031,0.35884151655063523,-0.2577282333539449,-1.2563611091884206,2.264081383704357,0.2817603040167392,0.20991912424475162,0.013778381356559297
0.4065104680172128,-0.4861311180144918,0.21114340688718874,1.39225157318993,0.15701384710649283,-0.12248360416812613,-0.02710255686403041,0.00421978267004858
-0.6031843402979727,1.590037967135549,0.8408078204209337,0.07934339597759434,-0.029406491765647816,0.00986899722053263,0.05034367288415051,0.021897882758594295
-0.9779349454626922,-0.38820777489809605,-0.40427730931119554,0.3396605109817891,0.21196973299010075,0.19467816263219928,-0.05289420068565102,0.015640298837052913
-2.858642840089472,-1.5022060622570415,0.8576895690915453,0.0792699086282024,0.7302214716035277,0.24489345313120192,-0.004736424291787064,-0.0039122738768541465
-0.6108187420906712,0.42853497732145485,0.16151824963823047,-0.21027057484304312,-0.18132755431031256,0.11498090567877661,-0.0061202736346600475,0.010169041991343964
1.0415768928144775,1.5837985267636792,1.7545591185450378,-0.5605660649921673,-0.24961642276222235,-0.10918353012526118,-0.21879993485072774,0.0009943876964239899
0.5536751166259994,0.8581610144300754,0.9615258379808611,0.5957311810634583,0.610241431481595,-0.0655184088182524,0.02525210762765271,0.0007275901674299905
-0.7334201891390081,-0.6343071989583259,0.06435163279121735,0.40551973073928355,-0.030102772028778903,0.0074453480424666214,0.1602710639568534,-0.0017290663552603414
-0.8366058582591664,0.6070443300145123,-0.11390609864603152,0.8439001360438498,0.38948571034966306,-0.5149890141545209,0.13919364775280382,-0.008780081880833398
-0.1660469718361676,0.3581412125685133,-0.18215887365335662,0.1517486427406269,-0.026816655539015306,-0.5211052193191785,-0.06879213404414117,-0.008606058916857402
0.7166332456909794,0.7244681747272508,1.5856319379852664,-0.6613230178882515,-0.4995053267641907,-0.05809880586060651,0.10873416084112983,-0.001140330421909659
0.574692728837514,-0.5444806336931872,1.5841554323244635,-0.5039474702200945,-0.42124555220082943,0.2471889685818397,0.27032737992785766,0.0020579627513296265
0.9655640845372215,0.0006595413648572948,1.0381584327048747,-0.2833528962224805,-1.0339423630044944,-0.10012229981565378,0.03543153356058294,-0.004421326692457626
-2.8354964653690136,-0.40894492293948825,-0.8969401175086876,0.47721269053673954,0.9438114933614004,0.24252842206988925,-0.1598451564648178,0.00386238739776898
-2.8673800128478857,-1.179373550297571,1.090566930548049,-0.05341201242648517,0.6938396678133096,0.26129186641722524,-0.01268832351966464,0.005104872112004328
-2.1566069645115857,-1.785944684258347,0.5366775944905994,0.261448182147635,0.7087534099615631,0.27979459897256287,-0.08113560409518245,0.003892933328167392
-0.30454760160767136,-1.2452510426350034,-0.5853353395967493,0.5731742995837831,0.2573613642924909,0.16689770147016292,-0.16392650083105811,0.0030639808397308413
-1.25848747367914,-0.4286722045350778,0.14138838847988028,0.10455333919370238,0.1676072277090991,0.1705527594492763,-0.07390684406546567,0.003375045633231545
0.16292370562908917,-0.26389052740962227,0.16051524196646857,2.798996732152678,0.8916404170698722,-0.15269334148501498,-0.25178693901592114,-0.001510369756425764
-0.46952152748162557,-1.0805559576959212,1.504429493321977,0.5290839159805582,0.14242390504161945,0.1426794151444963,-0.25362352278162187,0.00411892821501639
-2.4553682555505554,-1.1521799826927974,0.25848232633460405,0.9983143448506372,1.1038296569340036,0.337569713161476,-0.013752130923526366,0.1415049122967464
-1.1724169487985225,-1.6746344709439889,-0.18910600677552128,-0.45961597606743126,0.2600633154853463,0.31150710405461446,-0.14836486204273622,0.007090654108413457
-2.4925361228939247,-2.480332048214893,0.877400029194733,-0.3575173116307586,0.2457660648638416,-0.026559628189397794,-0.08595946792815524,-0.005825069791512779
-1.9742390496526951,-2.3795455816021334,-0.035269567685385056,-0.34015272312692996,0.2685028686737657,0.38948577272872087,-0.1025686383366362,0.007617589607705944
-1.7183726389754093,-0.7972642587244556,0.049547364714840884,-0.02359889438478416,0.41545611010269795,0.26400874573524324,-0.03880287691451418,0.005467211556282473
-0.70320071232845,-0.7327988137064567,1.6605508452073583,0.007592857233233829,-0.09334887617562908,0.148872137230702,-0.31042290631319824,0.0026597441938626294
-1.5856051594118963,-0.8147444546444507,-0.015720869392836366,1.089026600562316,0.9552527450251731,0.1161563003389572,-0.017261990530332397,0.006835985317473195
-3.2681048133520605,-2.7196776260794393,-0.11225798205217988,0.21702327450834352,0.7083777167969797,-0.028058561588120076,-0.004356425658875304,-8.713095937357734e-05
-2.1703091631214377,-0.5595794126677035,0.22273011089867642,0.8614517750909491,1.0075880040540945,0.1596368373415158,0.0419013015610553,0.005829620108949613
-2.4936194435631855,0.9589055305838609,1.156813592935902,0.32920598247231153,0.2636641312544562,0.035932132178762115,0.375762280356359,-0.000282269962241874
1.797298810580487,0.1501456752087538,1.6328748945976552,0.2905351317033336,1.6898154384869426,-0.5107220766299541,-0.47805752650511624,0.018575487271236025
-1.7078926904771687,-0.7074264734389286,-0.35473095222128614,0.6444306160040641,0.6681804973762877,0.3405468658573359,0.3928161650889334,0.00473199652301172
-0.8631305674277311,-0.8843056726090031,0.09883557097206169,-0.3281752579679875,0.059201266548688014,0.3118054438333354,0.07010507859093178,0.004737752824985953
-1.2767137151764967,-0.9071061830337627,-0.7736423724106488,0.032779143368494,0.3494133163474878,0.31695122144996163,-0.034732648016415145,0.006232898844386791
-4.004570958599556,-1.1633260781196693,2.002813139537016,-0.0366371307303707,0.26835987878519474,0.6089374074825402,1.9745262719030223,0.09262944823795285
-1.6676561853113192,0.7877430787661066,0.017344330673866457,0.5292045833067524,0.29439343584196564,0.14243163307193685,0.09510744588657834,0.003296539428641633
-1.209911373332718,0.6076431649789117,0.20246076712128874,0.31217716396557915,0.09487055400279461,0.13598582870476147,0.0034183467448133994,0.003059427410480026
-1.000525322253699,0.4789346577942407,0.07788239135100168,0.22220818714186402,0.027347453355613744,0.14670893339358484,0.036312161254299105,0.0029246769143653527
-0.5408083766162446,0.2319878503122211,0.21031625206222224,0.2431235855552156,-0.07671180267494411,0.13770195029782817,-0.08458073237358822,0.0027956871302376295
-0.8446170748312133,0.25455017719987466,-0.4940253668612176,0.28508356694571246,0.030616748563934,0.09614053281784968,-0.6191162962352237,0.005138814704414069
-0.21597695677276693,-0.12829961574390789,-0.8242219169604198,0.03759382761724481,-0.15910709913758903,0.14256235928334063,-0.37229022721616506,0.004215638684933029
0.8660641590497202,-0.34966880304972264,0.675755744933554,-0.05702261973800747,-0.5010672507880503,0.17284267762483543,-0.14946848258348916,0.0021595966005982254
-1.5843781755192785,-2.2652280405752085,1.1385975755854238,-0.1274670772897694,0.15352474004605599,0.0737990929267365,-0.22366752329595538,8.668945077977107e-06
0.5769446211901575,0.46829737869812466,1.5738291618065867,-0.6730649850991104,-0.6644577673612031,-0.08377009263105492,-0.06680038215972221,5.373205400576485e-05
-3.036596518798492,0.4981719375098395,1.2830595794880753,0.2091532287106983,0.569383561183992,0.1301902220504044,0.29730175646564533,0.0023286395016375483
-0.8832702719811655,-0.7937845216749693,0.8199415681504418,-0.0884198162373052,-0.014282795974209037,0.06733662022273629,-0.7700257255960515,0.004089579329276447
-3.27077832995152,-2.742600046214302,1.1717245847872113,0.05888988460406265,0.4881467003739743,-0.10440408071609764,0.049929648719451214,-0.02606605219518473
-3.13970695400973,-2.761604789009325,1.0218811754405663,-0.3311712502485046,0.3217305793313991,-0.09207253454123288,0.09156202344906436,-0.026184237173869772
-2.54871035297102,-1.6892628590013583,1.2376652955770435,1.8156554511989043,1.615308064979833,0.2932587462927226,-0.06950407795797095,0.006396983766495336
0.4648013457541886,-0.5296988109027165,0.3241080160763859,0.5749952239179075,-0.18473702407409281,0.042855552199960456,-0.29813285599130335,0.0008570929512990069
1.2434162726586198,-1.4214240992624214,0.030010090763369475,2.1946424400295057,0.30594479530345925,0.04706267535478355,-0.3921415261266218,0.00032347540510379793
0.6130715425534269,0.35106533109310767,-0.07075366051189967,2.7979828818804533,0.8277934268467777,-0.38311750285433444,-0.13108378586453714,-0.0057153621812558
-1.0482620902350321,-1.2974537454447004,-0.13416180827983273,0.4841278140631891,0.5329761571108598,0.32326892661612566,-0.133563218952855,0.003084814456302104
-1.8294490968891846,-3.3698889625708874,0.191073329088937,0.05482663563333128,0.4913048074528236,-0.11804544736869373,-0.009283650920211849,-0.0046758613941370805
-1.8030410467053664,-3.585901737999158,1.0605460863031673,1.7239766314811589,1.062442460573074,-0.16940571250207181,-0.20413297208889697,-0.005129503793623834
-1.0020340782205983,-0.15861055431331444,0.05763296888612738,0.32203844538456483,-0.26612621962294225,-0.17967729496683227,0.1536041485194198,-0.0056197032087596825
-0.036098065264766006,-0.1364469907977418,0.3083632369886414,2.1741378047136077,0.7125509755759214,-0.05622230329851103,-0.17322199857972734,0.004593988236275213
-0.9880345631607192,0.04969098169255833,0.5131229543190519,0.21714098201547385,0.0024079227256892286,0.0810062100253913,0.24738373505580116,0.00016357480445691183
-0.1368690715561695,-0.03401391353136968,0.8541164682869966,0.14156710463561978,-0.3291003981677595,0.03569050017084298,-0.336230917185951,0.0035584618994472707
-0.40069955482881836,-0.056291646151860386,0.16741480348680843,0.2848639548140662,-0.1616283441781848,0.05595455101975705,-0.27941345987377975,0.0038500680165684292
-1.0327027987741086,-0.1743699865728375,0.3001325801189996,2.7599956955512015,0.9582008709985511,0.11785540852286878,0.44706466858045485,-0.00016338775355031815
-1.9871060042027833,-0.3148766991939674,0.3509068163415668,-0.08212526662580336,0.3775056386318117,0.21721531658681575,0.22672740279768905,0.004465235603875545
-1.3403672585968942,-0.6407342990332426,0.38144270121006013,-0.28857717775393293,0.149190766183587,0.20659680130350916,0.025505954705790923,0.003772511008653265
-1.2433416741727996,-0.4524685100846702,-0.5063110623013564,1.3167442721037226,0.5779856239387022,0.07639170137231513,0.01772762274091154,0.0016397690494005992
0.12159040232752674,0.46744607557355644,0.24867339699347654,1.4998737159200866,0.5049305644641225,-0.06211352797546762,-0.16610686543605074,0.0006577520414975031
-0.8194576830647449,-0.08059298895619578,0.1273956333116367,2.269794767074153,0.6685446567394696,-0.05902252102176393,-0.045932691771265396,-0.0010066095105013867
-1.6626710287448374,-1.052137171064446,-0.046340657342354825,0.13876478460377248,0.5664480734729442,0.29608295140573887,-0.052255594973577874,0.005420452477054395
-1.0482002493229514,-1.4856925807208163,0.09549840082735972,0.5843321149181767,0.59648950625855,0.28888144340587923,-0.1608971576798107,0.006655113780044006
-2.1520199076943634,0.5695604597549435,0.6690523904135572,1.4463864610081343,0.7745837786124378,0.07851767070255299,0.07908004753522974,0.0021581602947955457
-2.133691195624047,-0.14342945208446778,0.5603683210573934,-0.1661656314369006,0.41390464119661186,0.13650312176223037,0.2873453268632573,-0.018441223151696957
-2.015939613754503,-1.076523982461168,2.647173261446773,0.5112983309026528,0.7839593014425323,0.3941751116200324,1.2742398301269895,0.020389375856127143
-0.4404800591387272,0.6734225192800035,-0.5672503730061838,0.12166714333832367,-0.2040130362442827,-0.23005198486342252,0.08597070458583271,-0.004217558236087022
0.8391500485822114,0.7620033308741925,-0.12212572741224656,0.9408101986487443,0.8658150771047951,0.4629158130761909,-0.2772825265486111,0.0127564522757295
-1.3111600965532042,0.18103216446212753,0.07035835221620246,1.4012902441635238,0.604899244800624,-0.029945956400683798,0.017338676955384897,7.478284030817408e-05
-2.6110628716450788,1.166024661950591,0.36770280837086505,0.5462597185243543,0.3728117248443936,0.09286711640092261,0.3916531540527156,0.0030789817461180755
-1.1346331001613346,0.3034850440452964,-0.23944629868589987,-0.029912867418995907,-0.1267324292155961,0.10883180372739183,0.1304485111392448,0.002432278771497766
1.3730442906146787,0.4406125876314219,1.1346180585146308,1.0116676800906155,-0.3222698626262582,0.021989807248519323,-0.29741789595983004,0.0005252377366621441
-2.2356715601321846,0.24052636918242812,-0.005179246010174893,0.11432045668482409,0.36638330675444375,0.22603449612542095,0.11658525398694836,0.003103064300190518
-1.7417387716428638,-0.08771688133841833,-0.3724549279048802,-0.059395396933751,0.23411847438159286,0.2660242671801079,0.3160494823805753,0.002667151038071605
-0.5389238001127008,-0.9202611357603449,-0.2601335220479681,0.5917811660279996,0.21529870011430655,0.24945854433238093,0.02798723964533837,0.002111433075674109
0.8147456535642948,1.429478253848035,2.081013639959507,-0.22809578719319207,-0.6670178472191327,0.06746334994195191,-0.06660700054798066,0.001415642753087439
0.7607801420462793,1.1859513564389452,1.8219410174823605,-0.6612291857888023,-0.1459994971790116,-0.0028774943290815922,-0.15969910503591814,0.01244813988968002
0.47658753495777356,0.5185168171470932,-0.01855950381518051,-0.12259615696136177,-0.21823465278674645,0.03724984448934711,-0.3199797261572927,0.0482423660576607
0.8005881872930491,0.35202431295477593,-0.2042888570501444,-0.395083393658998,-0.3947232468768853,0.014398489171091697,-0.6448377014789008,0.03776736295321961
-2.468826768490593,-4.117630355694679,2.0176656915466324,1.366063443592082,0.7320491518095859,-0.3480399971867927,0.03942955125885737,-0.013477193180327661
-1.0116735144533038,-0.2495161160602676,0.5525391888305328,1.03343814907673,0.40853194975709206,0.057941863644926005,-0.10787763458742582,0.0014758822207899594
1.5853615501832603,2.1556180668694678,1.9370429861397251,-0.023106885767440223,-0.5889969235246793,0.07659533539863192,-0.11201424757680267,0.0027791040271296437
1.233890461936063,0.17492901552321305,1.006406577773033,0.8340335185085487,0.519470580494233,-0.11595714047442697,-0.37869612119235435,0.02299794996738485
-0.01988581147176609,-0.3566144394557731,-0.725819839252543,0.08139637203494461,-0.21710719018744717,0.08482667661008485,0.15300970013702028,0.00010865957808615126
-1.5881033705029477,-2.827111029602518,0.9625550255819145,2.1334002391133327,1.2766466197631663,0.22320072554152878,-0.2151018759889272,0.0032205808350337433
-1.095610908873744,-3.093393688911194,0.5263383601583229,1.633938799343151,1.0098151032620468,0.24058243970223955,-0.26202032413205073,0.003384311424230977
-1.2394013649005706,0.5114899549473783,0.3541519473450257,1.0658196206592698,0.4167775462690445,0.0032284461438959592,0.24904332813521002,-0.00044617253925845977
-2.645106423096646,-0.5617514363679972,-1.098463864880447,0.24981454423154187,0.9462293770923487,0.22819591491273067,-0.14644406444491365,0.006559742687797207
-1.1717058070691155,-1.03502185359821,0.09119875888248159,-0.37294360554835715,0.3033622070753621,0.22321146322915952,-0.13039820361292653,0.004612697440020219
-1.0196532621921743,-1.1239245446979376,0.013141587741935202,-0.44891873875472194,0.2577490521773691,0.24833510190023916,0.06145015191360046,0.00402122885268137
-0.07395269705326515,-0.29287953407335465,0.8555332605078739,1.0525970851099942,0.16671294496249128,0.04107778803338582,-0.11440250493139706,-0.0003532115959049481
0.051018529018917624,-0.29419087006968236,0.3107531701651514,2.9915025627291407,0.8103308355568939,-0.020448942578807857,-0.06923169979328236,-0.0004825694642582261
-3.8649149351312384,-3.0009755853982627,1.3238519354157374,-0.7845776018064223,0.19287856444006746,-0.38119474006463927,0.05111117186288718,-0.010679253178915212
1.1531537836818258,-0.31368177962721455,0.6400564579659389,1.3563510211997394,0.3945788749740307,-0.06397409227787745,-0.446154074169042,0.004219119926556099
-1.7695885488444867,-1.0691894325144524,0.6480038552502122,-0.07558486543129422,0.41442560064532913,0.2282776437774088,-0.10286457846566707,0.004622407043160336
-1.4489067727739244,0.26979415368313775,0.4702981213036815,-0.12475319352060212,0.0770082633074196,0.14801978968558852,0.06063507980718456,-0.04710669878041842
-0.878011544843139,-0.03951261124265144,0.31550900557682154,-0.34930155664753615,-0.12184855897749798,0.15690015928503448,-0.03558939895759818,0.09822408359335104
-1.0168168433604137,-0.09631401387211493,-0.26273934005884736,-0.26448502152375875,-0.015821979045556826,0.16896807133895148,-0.06474348248724138,0.1506428459124184
-0.847198095557657,-0.23695424423123915,-0.521936996588537,-0.30677803888348193,-0.030866569757300736,0.2152325934423567,0.25019775677166234,0.24851931186226248
1.5245218232187772,-0.5287773568313836,1.1866057869383655,2.1145424665833485,0.22241827086284355,0.03441742599557666,-0.34147972260513404,0.0002431375356657842
0.20478623109204958,0.27473372148476033,1.9539232910507582,-0.21509310110659716,-0.554324051694889,0.10812509501641003,-0.15375915771630513,0.0016909405831582718
0.006267917054348283,1.4944066335059487,-0.2689624718635328,0.02936392221789453,-0.053611844593374425,-0.17580299815246375,-0.011991220272241799,0.00463078872175599
1.7714660446998316,0.7474132828215764,0.2935173469872701,-0.7124842644183004,-0.7565294470723615,-0.16009288819000445,-0.02886802850470068,0.047977860433899885
-1.5661304142924561,0.9796731016921587,0.14074136291222683,0.25053419546490313,0.09944316944285415,0.05809880705547841,0.318575458397854,0.0007020311298565462
-0.06849835985482992,0.5097970088118431,-0.2672622828513541,0.029795538259543484,-0.13636000180868646,-0.00797025729399187,0.30896689738655486,0.0015070331880968752
-0.6494998248378426,-0.57783577862249,1.751089616574403,-0.843234491700427,-0.23917015839163464,0.2424935601424654,-0.20487321365062136,0.008045856557186176
-1.9222815370147874,-1.7602482200494507,0.2056080154925111,-0.047169907298233275,0.5914114286260901,0.2335413003573998,-0.06903709306325133,0.004664912732565988
-1.9298143572611766,-1.8336343828453594,-0.5346989370821248,-0.3853187796435728,0.5178186086841696,0.2550509179828734,-0.07357738573855553,0.004945434923950985
-1.7011300273257701,-2.07917869491204,-0.8474106586606492,-0.18757342523725434,0.5704144721711499,0.26339730488747015,-0.10488766009288605,0.005109505966343548
0.03236101899075142,0.34616471985126,1.6702565131109275,-0.5444027092811398,-0.7134282758339883,0.018847333455187132,-0.09602537728529308,-0.0006047711888562804
-0.26314844882532923,0.5174555803408025,2.4639042925364314,-0.5040957535289845,-0.6700386492704506,0.17606962681252122,0.24780153891862677,-0.00169922702587255
4.5392883579946135,-2.332177590981014,0.3259467266189412,3.443413839607432,0.20767596218478002,0.11768591107399941,0.09417526779229148,7.772611874885089e-05
-0.5089141657091408,0.05858686056948152,0.4616697537436667,-0.19527598793389103,-0.2786910742530739,-0.084841554961434,-0.32686399629789803,-0.0006084109830436545
-0.5015577687281378,-0.14666156705717567,-0.3130995188652476,-0.03147103754188775,-0.14753839336496902,-0.04686696618344753,-0.16612426459266444,-0.0004960800514111794
-0.32823772215712577,-0.27015300169031925,-0.48404407724923837,-0.09200046830494699,-0.20148244256135817,-0.054280568480155875,-0.31150870032258393,-6.053416617097634e-05
-1.7454677384504302,0.45272265237876924,-0.41121335730706227,0.44934928753732617,0.32333077301730256,-0.034269133786715686,0.13965009918856483,-0.0002987241625328198
-1.8116658511419292,-2.022368366858221,1.1699325632821467,1.9521328354193639,1.4999669694039948,0.2856736902572138,-0.17392479229090635,0.00597890013788822
0.2594659769084133,-0.1526027812976672,0.9360098027323172,-0.2171547679312017,-0.508853994449567,0.11926637129725576,-0.19463231929861755,0.0018572840875670845
-0.7723252483941714,-1.5376988495599704,2.05741731469714,-1.4916518109680699,0.8612338690318087,0.05999621165688609,1.0063244397296778,-0.1008534686130516
0.8568174605417613,1.3612954802886887,1.8742760107822551,-0.4782892762545269,-0.5961543134888072,-0.1607545583279854,0.135087882513178,0.013551037757218798
-2.298368551173187,-0.5200630746998184,0.25018570117406874,0.700589535368499,0.6976314644014148,0.2889957641436613,0.0432855832652097,0.0028008428785064364
-1.7187363357734846,-0.8035975728866444,0.1936236420159506,0.4016264655658563,0.4594450144060564,0.2917842448053072,-0.048072224976216035,0.006431044751682155
-2.0946435569497726,0.2412344211478098,0.46669632922293286,0.6920367564469763,0.44981867359575484,0.1552603215857579,0.22845339284285499,0.002331990722751727
-1.1519139418880293,-0.22165320151822004,0.43535993861226685,0.27101180608481823,0.0693086988202419,0.12895345824855017,-0.193317823040836,0.002964454058136877
-0.15572025277117302,0.3677038314259783,0.2206144916199859,0.438263824180489,-0.14158587164950925,-0.05670970508621219,-0.15017912770510106,-0.000721421978578605
-1.1760368762903757,1.0650348281633448,0.5183566989104318,0.13877675116683857,-0.08877709277926672,-0.008984794289778409,0.1176079556869807,0.000157935385493123
-0.7541070302412415,0.7106649687039746,-0.013647568126082426,1.3208485364621707,0.4647291151994983,0.04355465808196219,0.2938005964018211,0.0004284272523471404
-0.26523244533223883,0.4751462119044319,-0.237009181673752,0.8940194874013087,0.19987563591437668,0.0326058039585985,0.037265369106580674,0.0009749240340742232
-0.20876316074970197,0.3395015256728272,0.9825936301658299,-0.9374069756296254,1.1218308409288071,-1.2785514615579847,-0.17488054555540986,0.07850047777383871
-1.7613426831308117,-1.3535019975926974,0.09656158041134082,-0.10139185849880863,0.48864622057480767,0.38583935550255255,-0.08331449049372035,0.006811100846288524
-0.445883752686281,-2.2120680216802797,1.4791932861583221,-1.1974118816758077,-0.13290753106290368,0.36040882801016016,-0.12614202644273034,0.006861503236074551
-1.7843401549657603,-1.4608102505986078,1.3234522794382302,-0.38136214853785405,0.34867575948870266,0.2775295951719314,-0.2001834657017204,0.013712512036726451
-1.8503038612495428,-1.456631530034343,2.015032708319471,-0.09267319279994846,-0.14326325582457317,-0.008143546069951893,-0.21860373415602394,-0.002216300191070733
-1.288046604562349,-1.728075874565791,0.46065226524365466,0.6692352398067206,0.8251270025374606,0.2302652361448047,-0.1723417908575723,0.00464457749469442
-1.2588777304730603,-0.7070676683311249,1.3943804513039155,-0.23858784475626815,0.29357830502440674,0.19318150073203655,0.09872439681560402,0.005015589445990585
-1.1312321609438598,-1.2064823971018537,0.25618806346050915,0.987788881068942,0.648257554168253,0.21319511064738214,-0.13493374985011,0.00421295805566646
-0.05008925324055534,0.7505941100724021,1.4275931482354542,-0.44023253625163455,-0.2869244840854395,-0.054226178689605546,0.11281921299812124,0.05398097731026279
-0.28226097797655314,1.3977797335440838,0.10531163048434443,-0.06958138721542166,0.32094570628049646,-0.2053936517452966,0.3477050016701852,-0.002265108903813378
0.8213866008876044,0.15188933952479594,-0.19847405342262542,0.9193635353184119,0.4691729778392727,-0.1975516070422425,-0.23057777216246375,-0.001304698569622095
-3.7549754873977834,-3.0796834940944735,0.21618148752677244,0.057037973487370185,0.6128970064939404,-0.45771136085100594,0.07501773096468559,-0.008865108273752009
-3.305359805083518,-3.382942898785663,-0.14756033587001188,-0.10633376821946414,0.48362897190292214,-0.4392370078613448,0.07791170247758417,-0.008986860210302072
-3.702456178946186,-3.1572513274440253,-0.0184655913540787,0.046379699263906636,0.6143648827876632,-0.45367119772742015,0.04202461699820467,-0.007150351520127918
-3.0349665600381193,-3.5373625171790666,-0.23987594103533363,-0.21091874875638136,0.3936085393748448,-0.43157074474524215,0.0806457923443053,-0.01046938846771509
0.21959927197238535,-0.6797428095380179,1.0659317674820556,1.1729046930784883,0.12606544411676618,0.22504683074959964,1.2515267645823704,-0.0037170872742095422
-0.13344525137053373,0.9307705047956948,-0.15396143991933636,0.06045024343342411,-0.0554831729920799,-0.16501564336433058,-0.4417782853699589,0.000551980290273205
-1.644972929911287,-0.42501116898714175,0.04194668446353401,0.16892271805656117,0.18736515114363705,0.2535912257148503,-0.020397924581207653,0.002467030671411001
-3.091370877156624,-1.470569973839878,0.3309733986587459,0.18135389394513587,0.48084267124473845,0.12993082059054822,0.09516781060850164,0.0011763391088679001
-2.499163784036597,-1.8452402160404575,-0.10634640776673464,-0.1025173503429547,0.27703963765487694,0.14644885441875816,0.03292440330981667,0.0012234373981543515
-2.464121970527276,-0.47048993832703323,1.0615241013011252,1.3261883268962655,1.2438379743746921,0.252597024995007,0.08333903945220028,-0.013207291933431346
-3.5394812461625014,-3.426779920026608,0.586809184604604,1.0299221470862643,0.37226268837473153,-0.4951793991818815,0.10492273106012512,-0.014168988562582252
-4.575249534988543,-1.9680642505889423,0.11148200399619806,1.0025671464409605,0.8363646797066461,-0.21010903063839712,-0.13439943979061303,-0.004378921887562249
-1.3408170411345874,-1.0872240628253311,0.027117136012595272,-0.08011767505288846,0.08423019453695195,0.041125809039023506,-0.0777490337869207,-0.0005603231111137116
-2.109500538515808,-0.6694947887938227,0.20189645248474922,1.020940372725477,0.8018605402036665,0.26805888111799886,0.0226741981136104,-0.0007455256677387161
-4.208965709973849,-2.404446482493935,0.7535181350817179,0.31859607523579914,0.3128379381563954,-0.3983173273978147,0.13412496872630528,-0.010659257424456291
-2.08716006733829,-2.679119535338138,0.9319005474686073,0.006169965203960354,0.3595096895774699,0.043854162230827616,-0.1552638823645882,-0.13143888760477607
1.6616380278013405,0.3990707221400407,1.5901812043287074,-0.22776637631080082,1.786849239401372,-0.3118367290553828,-0.38509730157489985,0.0034925682131031494
0.712860257436997,1.1529734889381928,0.30112720734412923,0.48207512451115736,-0.021149559625927527,-0.09247840280620037,-0.0784358748539883,-0.00036541874128823306
2.2395336799483894,0.9609110603147343,0.9769300044131389,0.4383523221161576,0.43269152003070926,-0.1251870788122421,-0.12498622485288566,0.00019283348824877027
3.9019852855181547,-0.086903765934077,-0.07318324376237988,-0.2232151585057605,-0.06172180653371053,-0.0050378387109768314,0.45564212606345017,-0.0024760006652318417
1.1993952583766405,1.8463486402153295,2.689405381469918,-0.3550796226826957,-0.745971363404643,0.03472385997688508,1.075377534245029,-0.0029506921168013203
1.0688654001513098,1.528348660202695,1.3499324730119817,-0.83269868701843,0.6650817113785883,0.04925100147470027,-0.6873984728258141,0.008922188563466058
1.6911706134500064,1.9556949409434978,1.6022282052053265,-0.6499183809008425,-0.12575136955590308,-0.0046274405403491205,-0.3736975352322879,0.004437438223382251
0.7516351372406535,1.4035924137027733,2.3303357390698456,-0.6226762984915069,-0.2750893040811897,0.04916224062382301,-0.2347554539621383,0.0031131165461441034
1.5701672034199265,2.1486172636335157,1.8756360450664877,-0.5583030575996384,-0.16457842859074734,0.8241770796817364,-0.3295793901719738,-0.07399661816769496
0.6049743821815015,1.7215497751753392,2.548852257109178,-0.3550761645008435,-0.6245019496643299,-0.08696710677619016,0.20295907846548195,-0.002151605916071873
1.3794744901477782,2.1305182152007234,1.7941721720726684,-0.3873499912271252,-0.4941877645716683,-0.06312997660678657,-0.1733097484774779,0.0010717436669536585
1.453161402251074,1.891034788048168,1.683447569216708,-0.5260930161124989,-0.3198341969540025,0.10230206036488802,0.015769104103624504,-0.023570821045254188
2.022551824762457,2.92441768353592,1.6767797501480268,0.10427904586461462,-1.6529847752732434,-0.24158813022167558,0.14943350358149052,-0.006810338313118487
1.7106146809969032,2.2674765566259594,1.8266862252510325,-0.20775278446080883,-1.1980340483599534,-0.30645378864228,0.24519938372586098,-0.007657718069674778
0.2314643691278546,0.8787058003153839,2.0667034519411924,-0.4320670382696062,-0.8378886400073141,-0.22536984552985098,-0.0770898774778028,-0.005014074682042135
1.3792027593986624,1.2925942399075618,1.7209965705515988,-0.31411455051814924,-0.8109225203953581,0.005820173675191995,0.46928302821346396,-0.0022021819755915603
1.5128192149819917,2.249773315215222,1.9421747254197395,-0.435751840888976,-0.36908927392426283,0.6630449506121778,-0.09477721368040655,-0.05706605324592551
0.9789884504776348,1.500392130790333,1.9223519273224097,-0.5230609157282718,-0.519800602785328,-0.24469086186728775,-0.2957724903837108,-0.0023695235607878
1.6804717457989844,1.0229725282157576,1.420529961450817,0.6678740955074463,0.06754914353147101,0.07523974151791164,-0.4134847103816686,-0.04086272044211561
3.6332449947520606,-0.7931934116946493,-0.5483787215244568,-0.11225663614911227,-0.8224559809478404,-0.19748752425821198,0.215094950116112,-0.007985063032289871
1.5101005728315235,2.3505850648974294,1.8164141809511845,-0.3241291356157584,-0.5618332954483962,0.22637613978146734,-0.16187479224046208,-0.016637952919655828
0.5338834895966837,0.5853635502171122,1.9955782978086667,-0.4762938595643271,-0.4036756713691661,-0.773487183387302,-0.3221908822765737,0.05239232898809907
2.2871429229514058,3.943854801774065,1.9217234883823406,0.23972463808631495,-1.249353768752156,-0.19598329609852375,0.019446189552685386,-0.0028207559722196384
6.079179544458856,-2.3421437938709335,-0.034731147567093695,2.3735256726470584,2.447527522031074,-0.08862231204130583,0.38416418887625375,0.002165918549214283
1.771038081790719,0.046151455304740054,-1.3532161058609655,-0.6677121580646967,-0.944923228790532,-0.22039963902784684,-0.26642907982001846,0.012117802882740785
1.4245904444203863,-0.34456578930388154,-1.7254664822946204,-0.6442180512761828,-0.9312940954093557,-0.13122552727491213,-0.214211308979741,0.07140638154659099
-1.6561259284444532,-1.0672698505133373,0.35556549903247237,-0.6119780673132135,0.23255183920556605,0.2259205288364802,-0.09876669489169664,0.004651484703550276
-1.0435537566558915,-1.4547540772823033,-0.027949111747585464,-0.8429364042621733,0.04071077749351031,0.2403282789579522,-0.1678192999487135,0.0046593640188337376
2.3786034072688573,0.6968521183825851,1.1550790360529637,1.4242991968354202,-0.32423734096818024,0.1793916300910363,-0.18735268426251872,0.006005115857700125
2.9695506138623795,-1.9029444441952892,1.0687949155383847,3.3167382278370177,0.5795405449260849,-0.008924973523039796,-0.08601159355407342,-0.0030202971133770694
1.7924829928157848,2.6900362884683,2.211230390069367,-0.14420342352578147,-1.0855802557244814,-0.0227086364139304,0.5297669334837342,0.027900606044975813
2.4289440991497266,0.5016233212767015,0.39537744835587435,0.06620634270355912,-0.31520426005176405,0.14243421755754707,-0.07527902565711528,0.004197223563602846
1.9485665749423147,0.6162119483814372,0.35243763227602143,0.7618065429503966,0.04244835983943708,0.09491215354140956,-0.43701483565975924,0.005731576907389694
-0.4280370220700481,0.37088969763017715,-0.02838181438505491,0.14442618984349836,-0.1320256107780319,0.16848617607295377,-0.19337039614594495,0.0034649545671607707
1.0051649484289398,-0.10130521041598681,1.0497765906704222,-0.481143751053629,-0.7630875145613742,0.15742548411255328,-0.25865551297030287,0.0015287041035062234
-0.5098822535685146,0.6461749099814013,-0.903030587915832,0.1277548773677593,-0.18180030766915606,0.05328289826380261,0.03126636435772238,0.0013356367883035742
-0.5460502574875341,0.734874422114129,-0.5895846333187011,0.11814992381813198,-0.19131613682204512,0.06685985782308751,0.24922092995440515,0.0004890575157990931
1.4770463777230116,0.08309268772083721,-0.40775264608880235,-0.7498141366487829,-0.8239651934024798,-0.01180925760506413,-0.2724982159029927,0.00040640167199730353
1.2665760170995326,-0.01440310819103523,-1.3252724842536638,-0.6241655361222872,-0.6669723674763508,-0.005595582884742021,-0.41991874445484284,0.0015005727287712965
-1.0220920972492473,0.032558814491579054,-1.43063572427786,-0.03747129761627624,0.08697566188583224,0.21112703687646303,0.15134911923408245,0.004475097374223109
-1.532887776795835,-0.6847796884746098,0.30660723136939133,-0.46123516721624797,0.15186274789427198,0.1854679043694338,0.07259904749868988,-0.025038897881863045
1.9744974282588097,-0.7317425473559128,0.6924512249476263,1.2899964992801827,-0.09124176891151388,-0.15019517609243263,1.923471628067938,0.6436431024218539
2.397131487709092,0.6801829363396239,0.8815507579201785,-0.8834601373859755,-0.24713983744703344,0.05162873769835042,0.748239404501306,-0.01939393228502234
-0.5930832670442922,0.6626112837390233,-1.0432947978538767,0.05482837960291852,-0.009034183325456645,-0.4843743656186918,0.6433214931852872,-0.010460859839839892
-0.4129634848304019,0.5396448316770052,-1.1949658659522504,-0.009804740232829125,-0.05933832100742457,-0.47536949042562626,0.658200565278134,-0.010542945727548214
-0.9153023528611661,1.5021571801974536,-0.8714852630726104,0.3721702473821367,0.17389174357113987,0.10900655011758077,0.09830044299658798,-0.010700145940899545
-0.9049174891462934,1.4513507118814182,-1.0818096747304518,0.37856536117487044,0.19038503569397555,0.11490925584019036,0.09148056966878519,0.009054847329222902
0.47075778005024105,0.7568925758059128,-1.1522556715612626,-0.1814853106950896,-0.3203971394744655,0.12077107015280909,-0.10651478940972549,0.006978073024565632
0.5710749554316884,0.6496330284918675,-1.410249988896788,-0.2090078870054361,-0.3318228755865283,0.12999009899578484,-0.10179842202391386,-0.0007181576161656048
0.7236186846796051,0.5630006152488307,-1.454295204567402,-0.2697840707294914,-0.3853436914711888,0.130600488064394,-0.12345242778210952,-0.0363539539675158
1.5246422213848416,0.2500475550122996,-1.0190416325966754,-0.4491571839532644,-0.6554519827762417,0.16974075088392965,-0.6970435488741168,-0.013065237352235588
2.3202031276773836,-0.033194138551104306,-0.503431062766698,-0.7872688507241316,-0.9672217155226941,0.2246267152432933,-0.17398835268666352,-0.015327287853099017
2.715248701935546,-1.352897437419354,0.6236715338782587,1.8328025227496563,-0.32069110873182854,0.05057677330092926,0.06280068069457166,-0.001908365199122623
-3.9323760871638402,-1.4688174638644622,1.5435876785170664,-0.256213610324012,0.7601897842421419,0.2623954384152731,1.9899823732372233,-0.0081652201641654
-1.1620969257475062,0.3861852627587795,-0.1406381277404245,-0.06508575990314648,0.038781580762433765,0.06923982240725333,-0.0059126993459202885,0.003760040112092022
-1.075497306442958,-0.8116672942947236,-0.4188131726926121,-0.6188269022494592,0.38135404986987403,0.3355639791343732,-0.09801287372225144,-0.006406629777065443
-0.08908755936938646,1.292337416059701,0.03777867917303813,1.657078378744915,0.7078458984029034,0.015636253294075197,0.30768740895148816,0.001008142479999971
1.0932204958138119,0.5158767688398372,0.33942257516934454,2.2941553421806957,0.6555893327853125,-0.042465799328370475,-0.32288981941983835,0.00137112296683711
1.3884814547424615,1.0127478932921288,0.5289377680641933,-0.44932101084503506,-0.49476631409933935,-0.028889754150970948,-0.29870455186968786,0.0013758851104386349
1.2817782040083225,0.8643493063579603,-0.3974221276118968,-0.37786419046225816,-0.3710845977537135,-0.0022357826941843987,-0.2722080775192813,0.0023146273044560126
-0.6032376376979138,0.219400218365961,0.750958283087561,0.4863744809833249,-0.04132062128573713,0.16544268171450027,-0.17377644637454534,0.003605523493879266
1.4336127795208937,-1.0209337382621315,1.4231080683515447,1.2880711285421502,-0.21442573406974585,0.1545001299333488,-0.38148003160770083,-0.001615527465721297
-0.21109575584124407,0.4405907689856712,2.233109012274587,-0.5944570375799972,-0.43498459486698604,0.06922290469952647,0.10969896282796758,0.00011266679124481248
-1.6906051805742957,-4.219186234222144,-0.30728304138465773,0.17106912247027392,-0.10644566947446076,-0.39855524153744015,-0.11826139630766426,-0.017576424039726927
-1.9830647543335091,1.4544499334875252,0.3711824388792255,0.45521629730086743,0.31688463390117794,-0.2301281774466842,0.2081355062518295,-0.0031665827453821547
0.1798145661811725,-0.07528042040780042,-0.8000271018052829,0.507935585397189,-0.026894564937204136,-0.17251955547827832,0.11189978642706516,-0.003767866074539475
0.9083058768572478,-0.5700839498032364,-1.0624056028662292,0.5610809330298424,-0.15331660082919946,-0.1862752711054474,-0.1996530103156796,-0.003345775160761356
-0.5471152337686792,1.107205290189559,-0.5772150491968889,0.8977110885316294,0.7140767788044728,-0.07594695077093278,0.2153206115715544,-0.0043008136096278566
-0.2494686638603383,1.0255255459722825,-0.5596628921024446,0.03748854221747107,0.27792241372283927,-0.1574597719249952,0.06462183552646418,0.002222617428212028
0.49900736969773024,0.022976180830236854,-1.0269921975811842,2.059142456495991,0.9411680882873362,-0.16040981274040478,-0.12291985512482678,0.002115001829934269
0.9692539958769859,0.49321638117880384,-0.540612895119593,-0.3937542007640958,-0.18557103471676975,-0.1656457572936618,-0.22200967837185986,-0.0008394017271852013
1.4388278243117014,0.9818445087614175,-1.1315912221904427,-0.3718286203268606,-0.479873842272151,0.10644896362395395,-0.22496328582175407,0.0038877285590434092
-0.5500895583804245,0.29672826988498807,-0.2132310577794124,-0.1881228453377109,-0.2989579693724568,0.001132271094153514,-0.07615071916051779,0.0008416545850251999
-1.2488552806612505,0.4904708899921659,-0.6156119150822554,0.09067608839584038,0.025708500469727977,0.1681243385368276,0.05024183532971968,-0.0012289517189845692
-0.7135716968742081,1.7804922062294746,-0.4585057867769586,0.28073798435258196,0.37108068680787776,-0.09950855579011948,0.06516529905213986,0.00820997712993284
-1.0402189870113605,1.5546356611030874,-0.24918668978272773,0.3613548032934965,0.062126154356280654,-0.05960880969468234,0.07485290510679195,-0.04262958499079922
0.42234701058659474,1.1218375958266422,0.7844462879914912,-0.8713011418463739,1.3428272344476813,-0.39416642350792896,-0.24294330201906217,0.05044915775858438
-1.1361266905994136,1.0399143689663428,-0.6074682001749809,0.23962870401893008,0.10915899103736545,-0.04307995543503717,0.090145203035484,-0.006924866961311138
-1.1900615353186013,-0.06892776412110083,-0.9516428659501577,-0.021211839334893814,-0.19811767675050068,-0.04840776739032876,0.06754344948329381,0.05176061358709545
-2.0603642121113115,-0.21366097756442926,-0.1695932892084153,-0.0987026541425006,0.3796752560903206,0.19244970137041237,0.06638594439900856,-0.04361842757367792
-1.5246677706703922,0.03693509582316059,-0.8369493486247855,0.004045717051298812,0.15396892747915306,0.10133664241492972,0.08749694582246025,0.00019182503653663427
-1.9128874774106028,-1.3006509561309694,0.028182439894538287,-0.5810492478960284,0.2978167382288026,0.23740724323458628,-0.046667244871495074,-0.015886368082765792
0.22437014235894406,1.1241188716421353,1.0216047655352747,0.1596448369184994,0.29888786724297695,-0.015027781051715814,-0.036623683514099524,0.0017456065003259673
-0.8559047398095209,1.405732935675417,-0.6763134972090715,0.14210994179969205,0.6651385670090327,0.04772191853131347,0.2752194395796351,0.004004646086688686
-0.5875659474751924,-0.13045826955337533,-0.8160084465270396,-0.266284624082699,-0.20901076471502267,0.09341286232726131,-0.04883216974212482,-0.006795500805374903
-0.9532523833818345,0.5364917132916289,0.1125486796294409,-0.06693738910322602,-0.13256526643120906,0.04424447019198124,-0.0459350362423768,0.02091642537288011
-1.4782879315338397,0.8377377202946131,-0.6139736265757237,0.2689994593297903,0.13384086110797294,0.06734051007284342,0.11302261313856785,0.007420506545164822
-1.008818910849037,-0.26119901792612926,-0.5599591508498969,-0.27375011952800765,-0.035434204984971865,0.16598724063495676,-0.03416172820847812,0.031335077697611964
-0.7696546353337911,0.19011629153942547,-0.49677552554062165,-0.13698465153218686,-0.2033756902902371,0.047578348459011835,-0.031020210304235945,-0.002653018653016451
0.6677571818753881,1.9366185167449264,-0.5391414826932717,0.04696585689360342,-0.12546480095041518,-0.04574517316966306,-0.10817566221802094,-0.025042785358756134
-1.338050601567878,1.295097886924066,0.2660053883195788,0.2913136301135164,-0.0034346905782918387,-0.06702721753609434,0.0493596569430338,-0.0011299595973572802
0.5339250973139646,0.07387375852482736,-1.0727028817093112,-0.4056225144987938,-0.5725959112323679,-0.017040922980135743,-0.14898094215466107,-0.0009627227354696936
-1.12002087468895,0.5922192285722563,-0.324551145816458,0.06236850000161711,-0.05636439138098594,0.08540666688225948,0.019767671808042165,0.005655956403261787
-0.22365908513866764,0.009421251335293906,-0.9569038289603458,-0.26476894026505315,-0.3533383795920546,0.03802196638619063,-0.06801484887119182,-0.0018091313645839696
-2.607744871313429,-0.048636310184137,0.44492803037422196,-0.0073569488298849545,0.5434699534048515,0.20434222932895066,0.08652841473178828,0.010062156828101571
-2.30881553262483,0.03249085689858308,-1.0297810558002,0.9168415172686566,0.7402377919644295,0.2593968929567276,0.5847938611533406,0.003403611658590986
-2.043100808176607,-0.07544762035196488,-0.9642525283097434,0.766883608885055,0.6199308808195566,0.26032542402995273,0.5639208471944458,0.0031978108589519236
-1.497337003850853,-0.26385801633892686,-0.6265564060752925,0.5035348264192967,0.3591872647670564,0.22475198929811332,0.22000981547629472,0.0034926270298123326
-0.9824183440862031,-0.45811229623642186,-0.38978061992297436,0.25202206768115326,0.1183197875170594,0.19341964101793088,-0.10513434973696524,0.0038378175302571384
-1.1799186773216896,-0.5536738889038034,-1.1564888532468636,0.46423962737399227,0.3339345214946722,0.27592480365680905,0.5154029109130434,0.0029543728646702016
-0.22957711856853322,-0.4304953857897968,-1.2898139976728824,-0.3919461722982999,-0.3046098798427015,0.16354370352873787,-0.07508861596322336,-0.020880192417468888
-0.8393258035587129,0.30901443151877955,-0.4303780236360701,-0.08872475457597875,-0.1709670732987655,0.030108112389467524,-0.01889335676556754,-0.01446297006664636
-1.4877251695921527,-0.6613952659210314,-0.036056187657855385,-0.42901437708098095,0.18895150988377465,0.23152276723014614,-0.05659912726779723,-0.030319735901487305
-0.09601572742229743,-0.042516039331196444,-1.0551317917809668,-0.3115045384915013,-0.35074700712152734,0.0864562958265762,-0.0844740582167803,0.007029671175537875
-0.056136139288459154,-0.5799571767864811,-0.6174158394580022,-0.574006796885514,-0.46761124878328203,0.05827125679301798,-0.16446706081422405,0.007692876506757665
-0.11239854516709238,0.8072522257982755,-1.2230420987701949,0.01788009028640677,-0.2329436165178312,-0.02440609200225348,-0.0013684085692147014,-0.01981919766540721
-0.7938059820367748,-0.4840993353628298,-0.8019904525072107,-0.36486867142106166,-0.12077342291149254,0.13789394697722693,-0.0495882108925561,-0.0010200961755361055
-2.381149065944733,1.0547521138728952,-0.5409272810800636,0.5599494478218324,0.3602446243162732,0.08772447377965858,0.020598678151306473,0.0022001811200718486
-1.829392829491371,0.9419717035397106,-0.20659355941284063,0.3510887682112561,0.15256635213731135,-0.004944828418498621,0.13460406862770322,0.007043116774364971
-1.9374989635246633,0.3300143769558364,-0.3631912118439731,0.13839027589748468,0.27350514174934504,0.134129054805997,0.11125942059624958,-0.02116597438390023
0.5503130852988376,0.8408057114880464,-0.23465774784522767,0.808232008659424,0.2792739351724084,-0.048127275968675415,-0.17774625255560952,0.004133531511830016
1.8098209149452162,0.18463352878632533,-0.8266130949709419,-0.10180343941725892,-0.2866219984041834,0.007533125931605573,-0.03691452385284573,0.003386560874562826
-0.9105308370621563,-0.282568845577137,-0.4323103067082284,-0.3137891769230429,-0.11092029605963513,0.12249597057837941,-0.05685145984973545,0.013634898876414817
-2.131834748931552,1.9049589032865877,-0.5214750700347409,0.7701722800616957,0.46907191442693663,-0.03814739529619661,0.03390734153609347,-0.02648098868346744
-1.9643936693740225,-0.009692338311089338,0.2394504751749809,-0.10108115461122708,0.31414463134904114,0.24005445504867787,0.02033253452058878,-0.042322925126970466
-0.8705457500571302,0.6215136989256893,-0.16376817277432723,-0.014747111315668786,-0.13002225448638005,0.02675359271527246,-0.02220138014632351,0.016219075476692633
-1.049647940675681,0.07543809412784605,-0.349927179202124,-0.1438839199239659,-0.10447391637963797,0.05072394024574104,-0.016016921168254802,-0.0017928203050899053
-1.7198703045793728,1.2429058370930828,-0.4521622790812409,0.45815325439844645,0.19780057256081937,-0.017047675813846027,0.131058134312615,0.013947739841384145
0.28373359400589326,-0.20766990300883534,-1.2545564909859648,-0.4283234539665389,-0.4812104476719252,0.11845908571788925,-0.12876003369864344,0.004063287013923922
-2.40890666658869,0.768543262947892,0.251635167397675,0.334243234875765,0.36116330554637893,0.06726375988516861,0.14653050333174064,0.020347748549951184
0.3076766822901108,-0.5507145614981775,-1.1297735782242937,-0.5743527613725201,-0.5380151732982011,0.08187678001405484,-0.16225203766511093,0.0012586054314762203
-1.5424422230243973,0.3513623964619307,-0.5381250074821514,0.0723786254207082,0.18368625701427418,0.14361248819038522,0.07488453321965184,0.003744598149227671
-2.490758718288737,0.5715280653652702,0.5035157656605923,0.22479435280163307,0.4157689778602452,0.13752741016737388,0.11226870690188194,-0.0012273428568495884
-0.33390308399400276,0.5442940421002767,-0.022044377307595734,-0.2679923401343972,-0.025583655328119535,-0.5815925614974727,0.19473550540422438,-0.004260982976213869
-0.23866295545984378,0.38517625698893687,-0.5448607755935244,-0.2928436870022128,-0.03160488085872467,-0.6005949103205942,-0.14141076270031033,-0.002068207159980549
0.0645444132398393,0.16458721553220884,-0.8726197999750853,-0.40625585331371045,-0.12361990713871066,-0.6064289689708899,-0.33530872758184455,-0.002970267787640086
0.2996459239861785,-0.11984214266619674,-1.8508240867939547,-0.32320580554648465,-0.39627769074641106,0.07519286965611197,-0.061322493346878636,0.005435778108225941
-0.04001098124191699,0.7248291788257823,-0.6633479897939898,-0.1056207835813973,-0.3270709591364013,-0.012011825704866237,-0.07335475211059636,-0.001514330787211328
-1.4061372280587991,-0.2737728224497592,-0.15482749201126084,-0.23901589856317046,0.040072183677334054,0.10712462000832473,-0.016632711187915768,-0.04630757374311859
-0.2774621381338061,0.16765690594838636,-0.8810455088243587,-0.19469783815084798,-0.3646388203339655,-0.008237624015032545,-0.05321255252254204,-0.0027572469121616866
-0.5462057608159719,1.156035751411951,-0.18599569878338343,0.09611980371683901,-0.15268208199887756,-0.024459312323840895,-0.025398538822012737,0.015959118985829412
-0.5662874760451397,-0.05197272852726674,-0.5732040391997137,-0.2661166157115293,-0.26890109291055037,0.06260866303681961,-0.0674497930814375,-0.009393625123172884
-0.6839449273837426,0.8979448344736236,-0.8920148967549286,0.1458600017477848,-0.09753248977347344,0.004969187060347675,0.04504191453132355,0.006670447038128771
0.021154760369943865,0.48600660032691334,-1.320475617628905,-0.17244192135092107,-0.11180982685795873,0.09843425240722509,-0.0447598724565955,0.010127848955628677
-1.6712410323732039,1.4448591527467893,-0.770094423019533,0.487370195160488,0.46110810658019485,0.061986284250744435,0.04324963497844216,0.010935919011376841
-1.8281313556130279,-0.23688903659355373,-0.22467966758218394,-0.14321317607565587,0.27367099975867737,0.2140928097773346,0.036777457210889916,-0.0409195539330601
-3.322816399381018,-1.1950992921015653,-0.1666189005828999,-0.16397512078182627,0.6808035345423696,0.15408215591145213,0.004034026563163506,0.00965537188441998
-0.6958669128395066,0.9886323279441595,0.02266550641334166,0.21924366834739753,-0.18379503271891257,-0.10492403303646025,0.13404027389885423,-0.0019326265481224268
-0.9545072038517813,0.9880932046236602,-0.5472185926743655,0.3598000405649717,-0.020488802641594365,-0.07322869785792235,0.3297720566039882,-0.001708314570689683
-0.605620613523023,1.0483283552049898,-1.0102086687160898,0.17778067094917452,-0.029855919027047182,-0.0005233901613039976,0.055379628304776045,-0.0030095047481493997
-0.5450088812840361,0.9708361187126979,-1.2240387033321625,0.16428703149214743,-0.030777018869989268,0.007233655275531137,0.06240560484656838,-0.0029887962956815575
0.7393036924346956,1.684402820546049,-0.7681411891169632,-0.02227626645961438,-0.1697685213022842,-0.049900353110433664,-0.10754650209237979,-0.023231998215997314
0.018762353235192493,0.5299833689009991,-0.7982430229664484,-0.16230775979307527,-0.3782748144722157,0.0003722212634600978,-0.08062046231784831,-0.0018447748146107833
0.24814898457173606,-0.1625839263586327,-1.7114706194635825,-0.27216084800871726,-0.6380670560321015,0.023207167257282512,-0.06260947425750496,0.0004342786594049318
-2.6912075911494338,0.043225712191067446,-0.2714067964352678,0.13835936199679705,0.6469765619792229,0.24910398932680938,0.01669778839456252,0.0005798893805973791
-0.4759534582189622,1.6642053500198954,-0.06864993439390821,0.20000448656294037,0.01195692042797016,-0.020390711384663966,-0.01812072121384911,0.0023232069604310268
-1.7642610032107295,1.247162871889637,-0.2932793554461602,0.45455554082616684,0.18137753806473844,0.020324624332555923,0.15048536448530636,-0.00358770795158408
0.12215117925393089,0.9285326638313508,-0.6984140284817205,-0.08215308192209309,-0.3022513595937325,-0.05161773312630293,-0.07603236108272943,-0.0641536010544447
-0.1339982562619464,0.904988667146695,-0.29085562470102083,-0.07141922464302478,-0.3161231320323521,-0.03357977455571651,-0.08596578463923173,-0.012588866332257349
-0.4460300088565133,-1.1581737760472641,-0.9975983045897795,-0.6863470996156469,-0.1992351695249242,0.2045902438810693,-0.1266712657865165,-0.047043703591907765
-1.8931873805451276,0.08117340794343729,0.02483692733827078,-0.002785822342706767,0.1510137907943726,0.056959981835485354,0.05907060200964405,0.012517096001468905
-1.3012432466628752,1.1038238928592683,-0.8136961179203606,0.37318905480696,0.16861147996816192,0.008139867306174347,0.7211312922538358,-0.008552355263902573
-0.40392140295370044,0.7556402650851803,-0.41228394522879874,-0.032702419825802194,-0.23982774761868572,-0.050952119688832134,0.11002418720072321,-0.007654884744465951
-0.6554278572052689,0.6845586751880662,-1.263184609879017,0.13442316567365836,-0.024947772906441536,0.03143232905290573,0.7135720285860359,-0.008417773325818355
0.055310533365065945,0.4167512387376144,-0.916692377015838,-0.1939207159973167,-0.3607017226177118,-0.03126927866794911,0.08558962476860678,-0.007661457424814947
-0.10377266183565541,0.3614212911356758,-1.0848561630436317,-0.1524765258773632,-0.3309673885852678,0.0002678563188162958,-0.04586517684625165,-0.007778797887224352
-1.1109756863035543,1.505324731259152,-0.04377111389788368,0.3605261020132147,-0.03465110427143251,-0.018089653278552015,0.058077359096328614,-0.009626981692606281
-1.654216804954507,-0.3792289878143333,-0.28089982698774163,-0.23938699222724436,0.2485176687945519,0.24506969728658864,0.006968741569618202,-0.020188448043575852
-0.6958216947804183,1.0544731476616953,-1.0268678593336342,0.1889276428693157,0.04911518753832428,0.019818809384431316,0.06716811640521966,0.0023758246696880905
-1.2091769667358245,0.04925205146880782,-0.8227813302111153,-0.060404425806252875,0.029194081779204004,0.14459175292750712,0.04066564189174388,-0.005675740001705822
-0.8367485028320673,0.8250079226742607,0.5165033026136421,-0.028060190661011297,-0.2458869005677278,-0.0443896677719056,-0.07460035210796796,0.0041389842651955965
-1.616084091277866,1.0832465162567082,-0.04998635946956421,0.32205940295623486,0.1067596386840729,-0.024266700768902624,0.10083593069777803,0.005021387599484834
-1.3189993078341913,1.2322431727922865,0.3598385278102182,0.2500348645767815,-0.02190487038421533,-0.05072894057713083,0.03193313881973745,-0.005878206125839248
-2.689818960846811,1.5474558893463826,-0.31525615790165934,0.7534581130872366,0.5499627790521507,-0.0061689470771392075,0.00680747765264651,0.013262095596917845
-1.2084999604914368,0.869056857892587,-0.35398721175113695,0.1760303869363263,0.037777327894948774,0.0849818079463238,0.05094614884292089,0.007798150492997797
-0.1347419961224045,0.6191722805738684,-0.26300267379174275,-0.17053502738072893,-0.37077390121010384,-0.008931757399638772,-0.10765870961408235,0.0041545862253783376
-0.656034160913334,0.5652053704960565,-1.135561904398606,0.04666018790497985,-0.09121539473253887,0.04134662576044625,0.0411345210024182,0.013772158166314767
-0.7713384370243038,1.4888933833974065,-0.222375911174601,0.8341122295109503,0.675488276655136,0.1047329462919019,0.10893467192304436,0.004505691534021146
-0.4566102679472534,1.358819050967399,-0.2253069559697645,0.5888651892624627,0.5276264514283684,0.13903264727331696,0.3761725089312192,0.0035713166970739937
-0.5354922569101137,1.2188341420394102,-0.8156544661497159,0.8556051849158278,0.7119927669490811,0.18908075874136668,0.7184626877147009,0.003057491127096197
0.31026493902829166,0.9366682137921194,-0.3026379762994446,0.3975285166834747,0.28066644234165933,0.11698568989832571,0.019201311637256798,0.004002275170988598
-0.66618396909713,1.643706957199489,-0.599464018702443,0.322893468588058,0.0895758553344807,-0.026838113100223156,0.060451218865998725,-0.020540101466870235
-1.2159163866529257,0.32011649103331974,-0.016716275764524446,-0.06736892059221991,-0.047762362968847276,0.09094091545371402,-0.01608579387170373,0.003920897307331181
-1.259934308436721,2.005343427095853,-0.05116893185828918,0.5090832216695099,0.28165327118258937,-0.039149299109462105,0.10852206019675804,-0.010477651124915156
-0.7465761646637703,0.8648095360031967,-0.351386427007333,0.07468252462000013,-0.14239002784315752,-0.01285389759738732,-0.0011098569317740043,-0.012722149984627429
-1.2810322648373167,1.1385051387863707,-0.306024788086132,0.2916649169156235,0.05482826399535702,-0.01478156378999949,0.08390533866288977,-0.01194206507643232
-1.5956747361162396,1.083967913873128,-0.11873137185062504,0.2394187011721487,0.3900903722333388,-0.1375838384621761,0.11292894626718174,-0.00015189872786640007
-2.542493472938658,-1.0289782663437241,-0.18154756261963553,-0.31715835498130784,0.5862799356326986,0.29298870402730437,0.06972758350213522,0.0004911649669235456
-3.0675310102381776,-0.8113814491583902,0.589064210056366,-0.20177254698618916,0.6261131161885949,0.1958172820667268,0.08657745532742897,-0.009422494922261538
-2.3731983255877585,0.1695269393690691,-1.0512048429235932,0.2478013343198483,0.5138157616764754,0.16525309413809605,-0.06682620047674148,0.008260910754632854
-0.05267422717971634,0.4850051262452571,-0.8310705620065015,-0.1652164269708572,-0.32984045058335665,0.019613003619511224,-0.07288274224860175,0.0055933324660458715
-1.4223324369633812,0.9765495416621227,0.013213275671651037,0.2298895961891575,0.02539187764244985,-0.009063642457740677,0.06025578594731201,-0.014021426708724166
-0.612193509796165,1.0447817695504948,-0.8837661147749141,0.0510960297663817,0.31180456133172746,-0.059099594683413206,0.044243003492506094,-0.013240358833402115
1.9366112567406266,0.3971740644566229,0.11386866252693655,0.44256573759829043,0.4385729763788198,-0.2140342391322714,-0.4013921401024685,0.01624038036260522
2.0707475195794394,0.4114606924128334,-0.7169596263217023,-0.7222906686515385,0.02074661695877845,-0.17950706605742464,-0.36148624370590415,0.017775377802726224
0.5479427143468926,0.4616658310064189,-1.107684853707018,-0.3090455891814702,-0.39005443598465406,0.02446731665886818,-0.12892430250231945,0.017189451435841854
-2.0170268284005775,0.7361090215335302,-0.6775618256043874,0.3605814654718069,0.3014602759349691,0.05917379187848272,0.054338742665541714,0.007737383259411154
-1.8269756603375655,1.6584044887632308,-0.28470051605101526,0.5716969383546237,0.37107076155658875,-0.11682105899043856,0.13292525696616678,-0.013430086170118954
-0.4549985746752693,-0.42086148717055855,-0.42023619924599803,-0.46427183424703733,-0.29907538097478803,0.10475814516299935,-0.12667656643886646,0.003621553186487686
-1.5492755201496518,1.8444533585133331,-0.4933098184447328,0.5806177477276666,0.3914728611950562,-0.10859446594821993,0.11916657048584901,-0.006322683825137986
1.5150188719880002,0.0677040563814469,-0.8718103486482224,-0.6948943939203551,-0.8175685806710484,0.02899841480317342,-0.3065871934363021,-0.0011245762174449244
0.3144496158865713,0.3812005412664041,-0.9247897000624937,-0.29965878408082675,-0.3711829157708242,0.03832208799294977,-0.12306496347257047,0.008571863501029234
-1.3051310740454019,-0.9283923996273143,-0.23703095577941433,-0.5501762047918318,0.15849185913554878,0.28635912909335026,-0.08356711416766417,-0.006643898288087514
-0.36614605204702777,-1.5712835793401196,-1.0447722313449934,-0.8924853862667095,-0.11296881738052027,0.3164045551970072,-0.17174587212699446,-0.006298062008383912
-2.9999117352497473,1.6603780542200548,-0.6211215529777298,0.8937463895111637,0.7081371764333383,-0.0005084588389703734,-0.0991485286487839,0.017025799086800103
-0.5815980446600932,0.8983173867163169,-1.2912578542134723,0.16741725798764556,-0.05519044473723527,0.039606413710430846,0.06659340151482868,-0.0025576342628481144
-2.587183215102335,-1.5271684593371624,0.3178330085049815,-0.544599720843244,0.46296339996935193,0.26408342787311556,-0.0014538247027455137,0.034741500344228356
-0.35393310692684676,1.077834493176736,-0.1883162784587301,0.6935283344665683,0.3479169352057807,-0.1668631035329024,-0.14688404451469722,-0.00040752826644776093
0.18520471201053362,0.7361600389191248,-0.600699774642164,0.4227525915623411,0.16610998690296164,-0.1359932607696855,-0.05711619403598969,-0.0006596554273413939
0.06434971437370622,-0.5893273391128111,-1.657086983784307,-0.4579201392384936,-0.40646735622424823,0.09374086903090662,-0.07984262719784307,0.0010752442482128968
-0.10553446072564499,-0.08305916680810169,-0.6306989369844459,-0.4497730464638377,-0.18198716999380857,-0.08573980269507839,-0.1116414195100892,-0.002838446872178206
-1.704654569606586,1.5042526168882602,0.0311629017653287,0.475200381860145,0.1935788997400118,-0.053985303045420416,0.1332496014916985,0.0046443212884409255
-0.09533298257769794,0.35361163808438995,-1.3334400333707044,-0.1163907924651921,-0.3286855454318866,-0.02456308715303735,-0.01964486598364187,0.008855161981048736
-0.17835787400693906,1.0315743090021072,-1.0984288405287055,0.08352812538191932,-0.15992796379471952,-0.03314656412264042,0.009020668972256233,0.0027521820342303704
0.3003663588516647,0.6680143440973906,-1.6710097202283982,-0.08241221981136919,-0.28177494708492157,-0.011971442890781983,-0.022614056396681174,0.002979505379329037
0.5971927866170912,0.6238904095730189,-1.1591865327375743,-0.24891348281567907,-0.40497978787189776,0.0011916427540824483,-0.1193861459119079,-0.013990156646643787
-1.6069037153462087,0.9682512110776643,-0.5794948676027157,0.35680276000418,0.13152665062458527,-0.007820210333776738,0.13201820719480234,0.009762773981286088
-2.5906454835973904,-0.4193103052846407,0.03338813397917194,-0.08936521282917646,0.5511248371434636,0.21999096521411582,0.1009263854520063,-0.003986097833063664
0.21738691621720724,-0.7734046817125292,-1.2501288920886275,-0.6156186866812678,-0.5211282234993863,0.0636779923532409,-0.14857344919579757,-0.01759081587952427
-1.6352134856784555,1.2880654521972306,-0.30620937884662414,0.43330504371672907,0.16872840588176133,-0.027909909845449735,0.14152862326584278,-0.007072586675702055
-1.0777368235482105,1.2525140317754686,0.4347500891712045,0.19301807484324845,-0.11449842337965159,-0.040043385696538876,-0.007530991869343797,0.012331672372435352
-0.9327411095806808,0.700705770430862,-0.7227647556500437,0.36954870262990347,0.18305434211624882,-0.09757615308811603,-0.19375989214500813,-0.001933281933360008
-0.6011883606589855,0.615637688003686,-0.5036057127249247,0.09507356152641976,-0.02104473278877636,-0.11849599751151756,-0.397805638600476,0.0011619571948491753
-0.23310543096720973,0.4535578856404196,-0.5476172550704514,-0.18430077613435328,-0.19264902450280225,-0.08707209837971737,-0.17860015820392525,0.0006338242907670184
0.053633949158901774,0.3098442119037212,-0.512537239393252,-0.2580154143632602,-0.29394219436172614,-0.10352817400604448,-0.37336113743540417,0.001048684821239094
-0.27792305376764787,0.31066977631348125,-1.2456056381573157,-0.0831357144156894,-0.10250117784509045,-0.0958623320740213,-0.43668486851944394,0.00036141717164027285
0.8979471009809292,-0.39848278916940366,-0.8818055178213119,0.3203402436027281,-0.19213135675035678,-0.03590634165575362,0.06472264776146336,-0.0012318451994654373
-0.6657659285036277,0.9326708761061907,-0.7700158115039429,0.11611768377067087,-0.047140206274280436,-0.19161094405738555,0.05251942305731899,0.0017961405899860378
-0.18433173068536815,0.640186765974433,-1.0178150860901143,-0.06823993230768423,-0.20342956177970994,-0.1822107284132653,-0.00659829776194045,0.004173872085258629
-0.6468404255374192,1.6380777265589759,-0.5947161290662594,0.3079727038598857,0.1070454178378328,-0.03323261117368037,0.05714919237735847,-0.03179304514702754
-0.007272247328190528,-0.008621813520900115,-1.2440760441029965,-0.28216810117565,-0.39434787783652375,0.04491079570151219,-0.07063169078506318,-0.015470676087254807
-0.04820936637764029,0.20332282652424521,-1.0152812959575788,-0.22168395812695987,-0.4055615972778091,0.0075752138482535845,-0.0703134352735769,0.012315786184046155
-0.20012725492664998,0.9857654912089001,-0.8457282974494758,0.043868779431308916,-0.20632945014259815,-0.015853408387222604,-0.01776712794639293,0.017760363993555794
-0.8500326572249582,1.9542249965190515,-0.8759742526781817,0.5060902726065986,0.24259324955154693,0.015479409966995167,0.1271527688696598,0.006094984178008245
-1.9635666282187216,-0.4919223000485355,0.24132567863449675,-0.32833225054870924,0.4390978815374612,0.30271082089445334,-0.018769933986696876,0.007322923681982312
-1.4570022137412024,1.842046162925,0.12253915670360548,0.5113529120290519,0.18431466352276565,-0.06988684236355551,0.11273758615560649,0.007811797572949567
-2.5081041818123726,1.129499190650644,0.537734493467763,0.45678360074198243,0.36864638038906045,0.03627121667392445,0.15768094076823688,0.0031229921228111664
-1.6118654516878554,0.6503770164762976,-0.3532733855000776,0.20910982068986644,0.09010564874919151,0.03382548092928325,0.09776005789623264,0.00014103603577658217
-0.1030862449967122,0.5788325089340672,-1.1367600867158654,-0.08336667533803857,-0.2513489042697196,0.028215401082774073,-0.031180796517747234,0.05085199503232171
-1.1130215069659672,1.5606688606185695,-0.34720588615360337,0.36405720557855714,0.19658301244031523,0.12097688898412828,0.07463658364666914,0.0028839353693943114
2.133647400992353,-0.4351499135892574,-0.38934627887448775,0.14565168755982,-0.5656142328906295,0.11728033336430554,0.15902794139882792,-0.00021891958019314853
-1.3179555074893867,-0.37197055142478586,0.04417181924709603,-0.3149295643082043,-0.04471763078748904,0.08584923101892078,-0.05148278315336588,-0.02882002820542287
-0.6126031889918092,1.2217775261698396,-0.5791882839100649,0.18801877039382095,-0.07649119235912098,-0.037876314315930276,0.02819800596104851,0.0069860417245234995
0.28179660950967994,1.6388918273756152,-0.5608405094447262,0.06331665695594589,-0.1242780096135165,-0.031999878763828024,-0.0714045696842272,-0.012600779839684717
0.2112835104181958,0.683907707507779,-0.9578804205873165,-0.18035411794242076,-0.2442526732623423,0.056896570756227303,-0.08919051207567984,-0.008469080321087875
-1.2534429367920408,0.2869579239733891,-0.9485748580357598,0.07408665012849498,0.01124734933596189,0.056279468595449224,0.08425032473502549,-0.01195565940401234
0.624402139792257,2.673573166944423,-1.6711988812600092,0.7104601432224312,-0.668299126815808,-0.3717273123275393,0.10190528447391516,0.05740496948656757
-0.19688906278732773,0.20912942184969027,-0.9388527829154817,-0.20479152366554265,-0.3342231962999244,0.027167118316743635,-0.06017066615121396,0.004349193622990402
-1.6546439946567948,0.9551004556692662,-0.7314284578857446,0.3674353050473307,0.20555624349957916,0.02368583591097763,0.09063436876833832,0.0032112229971129054
-0.14617098060685044,0.29219367579196853,-0.8278351231140016,-0.20971670654899072,-0.3304764017086496,-0.008944181977130424,-0.06961229669809679,-0.029969314268543913
-0.6548003034878068,1.2752300676904973,-0.5828207062652496,0.21115673381780975,-0.036086562755500005,-0.03593384775846335,0.037128704953393876,-0.011830035218764334
-1.1017630246549683,0.3126383449980878,-0.19928399358555537,-0.011231167353162036,-0.26507998678576294,-0.2637198273141358,0.02620132697392764,0.0044437445850549024
-0.6332295828161139,-0.03845433034035789,-0.738556742085869,-0.17475747781499126,-0.38649978622504694,-0.24374621296913132,-0.0065005446288380715,0.005241172601921649
-2.106787528329749,0.25742570691029293,-0.07153530562074305,0.10779531201420242,0.3014673876077865,0.11708788617720728,0.10117370689845429,0.0006967433532377485
-0.14825839262074147,1.573341444447692,-0.8878301703436559,0.13431249831562578,0.21097115451531231,-0.017985173097714927,0.011192818093439718,0.0002914094390472399
-0.4287679228676495,0.12409860041213146,-1.1097373428374815,-0.1560649417071173,-0.2529882575184381,0.0451567696394736,-0.018901241161105357,0.0027644381152032806
-1.423988807612095,0.8047710912431582,-0.2465082889557824,0.19194201483983422,0.07808315920675815,0.04462230260153068,0.06966440844937348,-0.009664417086320149
-3.658995120931207,-2.0983150527918446,0.4216720476314528,-0.3559294589144322,0.22777901078231225,-0.1788464197763667,0.14926933710482876,0.0419156682139341
-0.732845885764716,0.5298230008808302,-0.8546890427712904,0.027878725444108434,-0.1488654545451911,-0.0018156904631886398,0.025996969169464947,0.016614301800410167
-0.13760886122903554,0.05240734478949574,-1.7132418898148867,-0.1394305270699744,-0.37837560019765426,-0.07445845684880077,0.011281211637004056,-0.02624484601158822
-0.194726956602676,-0.3646778685840826,-2.095212734240619,-0.22396429408446422,-0.35987025261780964,-0.29026697789475975,0.054341615164805346,-0.0057702674929684455
-1.145144213042539,0.9073393816758396,-0.21890239388375352,0.16502390214007048,-0.022842363191942862,0.014655319725786542,0.03908405730684921,-0.01649308121211609
0.1738671669209398,-0.04076355922349722,-0.7714348505101339,-0.41206740473129777,-0.4736176073956999,0.059111161636612126,-0.14672717865110788,0.00616916948874765
-0.16049491173504798,0.5449468582053631,-0.608821157061665,-0.1357737490105122,-0.3568236848517866,-0.018779568510746615,-0.07254878877238902,0.0014965921129522902
0.2068092165849097,0.23222481351378696,-1.199834253909574,-0.25500064242691545,-0.4346983098492283,0.002984477358474919,-0.0843056613913624,0.0016054237032850315
-1.6425263280878932,-0.1829528633833625,0.21613247899037327,-0.18860224516811686,0.11951186098521052,0.21282175931683198,0.36048244448461153,0.01186387778527678
-1.3828821567223313,-0.3624041582400502,-0.025854861355766843,-0.2902919675495082,0.03233718231476022,0.1994099667180557,0.12405721227990373,0.012517093375910886
-2.122442335424983,0.7395975985288317,-1.148058127905215,0.46400003714303656,0.316192928062857,0.10510940332503205,-0.04668188576883529,0.013037028711557168
-2.252388974573545,1.0005012469161663,-0.9485505716480336,0.5497956687672488,0.3969981981641535,0.14028936361650135,-0.043988364835213886,0.006103244684259423
-2.3734780101269197,0.9768063146439483,-1.3303409928547107,0.614711449387022,0.47301803402377407,0.13972109732173463,-0.12968399810502196,0.006715860136045231
-1.2849381476427897,1.266280313424752,-0.3051218180713671,0.3305773784378605,0.0939690607573898,-0.010516088604792044,0.0903891362108701,0.0015825366573319853
-0.32694832580199057,-0.25611055269085825,-1.0893995649078037,-0.33294306135303126,-0.28211780759783694,0.09637720285792441,-0.06457366463860417,-0.010874816182584677
-0.9147870936809542,0.5315989345757273,-0.5640717380985911,0.03008746976580479,-0.11813284021157021,0.026926459093628743,0.018649885510122227,0.00431005997670073
-0.7650478787610112,0.01891271260185717,-0.3932510517510052,-0.2146774087698062,-0.23108249326244462,0.02871257085586516,-0.05054995555806019,0.006620102117064426
-0.1899968575687615,0.11876947786831352,-1.4984565054291747,-0.16676068836966687,-0.2672872928831784,0.053220833611324056,-0.013818476134626473,-0.007041599565883833
-2.289448256845415,-0.1056590286450453,0.3060179460227392,-0.07445605094067881,0.42133562733236407,0.21032501782052887,0.05436910359547934,-0.015281703859444737
0.5045313863261731,1.9235424758389728,-1.176761395903634,0.164238665868884,0.01049224857573508,-0.03433168668296459,-0.023277661814959695,0.005312857380073796
-1.4729017320503135,0.9718515752845206,-0.11828060363368594,0.25063902245462955,0.08060891182777599,0.02968904719871175,0.07500634023518737,0.0010984021234139467
-2.2770794717094853,1.383965142610746,0.17722069031147664,0.5454236352582418,0.34907290267272295,0.017346623327825054,0.15765468845088526,-0.0003714452706992267
-2.2263953566940033,-0.11772700958082079,-0.46628885750589255,0.018809107424396062,0.41929687182408276,0.31061651446741156,-0.12732524575073376,0.00029281600536409626
-2.18666836003852,-0.803786987695841,-0.2494398898469708,-0.12789345978034858,-0.10408235682674585,-0.17035824752694553,0.05247079992441549,-0.00388460880058739
-1.787161941338184,-0.9656948116412498,-0.09990733348372755,-0.30579503101546346,-0.2807335698136454,-0.19210965625995005,-0.18382757094032784,-0.003700163629531868
-0.8568559908579747,-0.528987463400762,-0.378260630228856,-0.42842300711816567,-0.13960163558898264,0.11516583092620877,-0.08403548485317403,-0.0017324705778444668
-2.0748549324410135,1.4846441139442503,-0.8491172189329985,0.6361364733703432,0.48422881276704577,-0.05437620997779078,-0.005933577742372239,0.006212186045837921
-0.8633341412673693,0.6026554652959721,-1.0680225721775805,0.10297198428171825,-0.039500944074471876,0.02946237214401036,0.06553202430110158,0.00021948200947219095
-1.8805536522591908,0.3928411802201709,0.06329904766122871,0.0969894947641745,0.1872363428534645,0.0843711868275857,0.06987274727368972,0.003370092202893433
0.28265008225209054,-0.9535808516374695,-1.1927089226424057,-0.7239157556912462,-0.5004587674066897,0.13148517589338427,-0.1839247317106506,0.003568452857647026
-0.6409057624031049,0.6213453099178252,-0.7823839745311675,0.03057659283934774,-0.18152762522067611,0.010683108105536215,0.011185454228171667,6.296290286517439e-05
-1.9347527878893933,0.29639332018104236,-0.22261621870291323,0.1281323429866239,0.1819487466336486,0.05985670701713706,0.10255489941923815,-0.010571439660690421
-2.3945659394411103,0.09900568401501679,-0.023569760832802895,0.09337953660485514,0.4333860351364027,0.1609516980960686,0.1198519390936273,0.022340688111442124
-0.39300489076832235,1.0433534700933411,-0.3929252524961359,0.029079557742294936,-0.1286165882452346,-0.0016718568201418123,-0.035640226714133943,-0.005264690524636623
-2.2408219317161207,0.6725516195618341,0.5221468130529009,0.22057721338079167,0.2752353242230007,0.06635273931331519,0.09150099888868442,-0.01627235918468362
-1.3663859072792326,1.2299083940325806,-0.4093535976602755,0.35921304547203975,0.10187265160549536,0.0035519544157505308,0.10942629511325028,0.00011947139356857122
-1.6294415583498314,1.605194205681567,-0.5483968033263069,0.5287621821949486,0.37141746226948,-0.15012573007811908,0.11283188494558967,0.00494022167549716
-0.4558217638900647,1.075461365879322,-0.3240810784568903,0.03818114342483329,-0.08948584479748799,-0.14884873878449234,-0.017158180048359627,0.0056912848705189395
-2.46615961928886,0.18114345051192007,-0.3735878755241974,0.1806960191235149,0.5016099277986473,0.1604324235032195,0.04193454526930196,0.042848113242511865
-0.27189333178434477,-0.14743887306953296,-1.2193024755651016,-0.2669364628818656,-0.3464083102477082,0.02977486402238081,-0.04395435098503358,0.023748315920436202
-3.5347237143713213,-0.7555771700133733,-0.014551190614276987,0.00848913813559204,0.8112588162598857,0.1693140994316049,-0.017400835834366978,0.0031164002888155306
-1.766751866794387,0.994413003454444,0.19939168716882855,0.28593236759585694,0.13619569791472408,0.01603578732573558,0.08594053106591462,0.0028565212363109785
-0.4069271882066674,1.765418986718038,-0.2872603705169159,0.2408617554746315,0.05433031951913057,-0.04342625924558954,0.0028740289403595297,-0.00033303025052068964
-0.21811852005219448,1.6246483761541821,-0.5013991177413064,0.1747986608162766,0.005079081912624047,-0.0354832790545477,-0.01050964894705626,0.00010972242993168996
-0.28070225647115493,0.581141664285786,-1.0943740534047375,-0.04259499787478796,-0.21167600594332725,0.0295635970386482,-0.01112822249512997,-0.010331842462290089
-1.0472413505200528,0.863188370703034,-0.9805032295478033,0.2256665056386337,0.04290700179972738,0.015311114764540074,0.0989911093104306,-0.023876647777793327
-2.2894367164917933,0.004077223803847123,-0.43461630493131376,0.07481670562872306,0.4725487115918954,0.21389434198715476,0.052144034678207836,-0.03352690518866969
0.2055544070310818,1.737826357924097,-0.7598457462567176,0.0034204855260856733,0.3885579232694968,0.00978759740659236,-0.046097895982263125,0.01125466015318114
0.009471219046473366,1.16277656158592,-0.8929114108535595,0.03775544293921876,-0.16345062894259907,-0.008133998243718013,-0.032284230904142924,-0.017108205609373
-0.14419885380881203,1.5119414423368038,0.028744874874969437,0.01646678982257909,-0.0005117517255898841,-0.09413580174532891,-0.07494042866451497,0.005119279055751419
-0.14555522883332195,1.3546516504323045,-0.6805191098086637,0.05480303677362429,0.07291698542143786,-0.06848342882169088,-0.0173120326656628,0.0039386162312546845
-1.0226286141732415,0.5785100906811604,-0.3050497357401207,0.03379279949247755,-0.09830200525557387,0.026160933671009735,0.009714224451735917,-0.002004731288452035
-1.8785260527719136,-1.1182776595420107,-0.022994243813304,-0.46089898561642456,0.12912156634874153,0.10801323700753972,-0.019046595993054236,-0.007047575670786539
-0.5652094693436811,0.027266656281457077,-0.8755940373592932,-0.19373393322354932,-0.23561200291341178,0.08269624275162883,-0.034148228507141186,-0.003537917654530153
-0.5412008038841285,-0.23978712352830642,-1.2896144900641606,-0.275785804922842,-0.10305530916755459,0.09127600058852191,-0.015342942826811335,0.0022397865469347164
-1.0795741674951123,1.787503330504831,-1.1398146701174658,0.5354878057570063,0.30766758594706206,-0.03599777732456897,0.0595397657783277,-0.007254028237826631
-2.0004077117737453,0.5319490029123253,-0.5122933032848643,0.2595157600028422,0.27491038111554944,0.11244123016816764,0.08640865229588508,0.0009878031846508213
-0.7361672177486097,1.2949798590557262,-0.8476457452093553,0.2665954338559122,0.04530825223949192,0.0037323908310746127,0.07075895108522827,0.002064702066929154
0.24406273419144164,0.8766624954692044,-0.6993839785762771,-0.07051831901389753,-0.5364874678521617,0.001975454872340263,-0.09944420637797918,0.0010892963305395233
-0.7139141982711101,0.11995916516499518,-1.1467266461057102,-0.08905016808312924,-0.1454932066939647,0.07208377737905443,0.01965558892298748,0.0070248169034931255
-2.324513513233337,0.6003571602018423,0.60106919680612,0.19949749326644622,0.29900035007107795,0.0741453539688771,0.08932800060753812,-0.01599440381519891
-0.3632145048299212,-0.32146447982140064,-0.9536266317047695,-0.38923882858882786,-0.217951079407378,0.16554013366871614,-0.0854655061720687,-0.008976356358644083
-1.2320069943818186,1.7288700350449884,-1.2397426152537223,0.5743922227638532,0.31774145478437116,0.10563670831601803,0.010668533021119078,-0.0022317448124865346
0.9106570013990326,0.9415164773363989,0.23687830086127518,-0.15483826722969482,-0.22482434196943474,-0.31482817349824554,-0.4270319945027378,-0.0010843677481843664
1.9667388402327899,0.5159004728839733,0.5933964841956437,-0.6863313196862704,-0.6506841698749102,-0.24300222803963065,0.16692429705797027,-0.003792135068000186
-1.1518423815724228,-0.04163678040954114,-0.18264240584415342,-0.18674750980987923,-0.09585298503256526,0.07231438225435155,-0.02854452434218263,0.023239942081708848
-0.31931761227803934,2.907255489665975,0.18784954388785924,0.5350821347189532,0.18512747727357243,-0.10941172004637077,0.01950953928776132,-0.010774882815958576
-0.2749078644998008,0.19547312796718824,-0.4921522500407672,-0.24614726772674742,-0.3821968194696172,0.01656740745217614,-0.09538484332710767,0.0030618271832701834
-2.8123372080012032,1.1330183870309114,-0.07852320653224212,0.5990422377107937,0.5416948605752627,0.043041651330381556,0.04050627837501415,0.0017122950958255454
-1.005029007871477,1.1295577112693327,-0.6308531942020142,0.27308838453424894,-0.01460406645275596,-0.014057193782377698,0.07792948662276462,0.010278167164505152
-0.23993109677750968,-0.009439954059379741,-0.7012981772861467,-0.30418482093517213,-0.3740475400449355,0.05329343261250877,-0.09426560421662553,0.012083658021708828
-0.2897515120432616,0.6149329024921374,-0.7694093119671702,-0.06525524101797235,-0.26728457999702654,-0.014328558976916123,-0.035799071736200276,-0.016029308078667013
-0.0016891843388896625,0.0958002783305287,-1.6391679030558295,-0.20419004463123283,-0.3007574458703955,0.05156939274127309,-0.026366766550697432,-0.005690199126368008
-1.4404055256204378,-0.24637575998648925,-1.4094802952293022,-0.04437617257745405,0.16197555456978288,0.15208637325636387,0.01712693710623105,-0.06366987010110998
-1.990119656559675,0.625765911842494,-0.15054926540421865,0.2433273444954901,0.2451748464633081,0.05022893758129971,0.12406601534924937,-0.008473463861933844
-1.1559454848277895,0.402510794323405,-0.2983980908292098,-0.10463777599319089,0.2647855900183941,-0.26534607740331884,0.04204927144633813,0.017369183803086503
0.21725568419090902,-0.10231921435820135,0.47591606806474224,-0.7095678479948638,-0.3334769109695292,-0.2925444459253265,-0.24777529670701917,0.016706915583466198
-0.40817547498488416,1.0350682780057066,-0.8502350262191332,0.11380980326408426,-0.14290279888298418,-0.040337003384435015,0.016607525485115182,-0.03033235048083746
-0.8577771718177134,1.6169839317030115,-0.5818703130688051,0.3514769769241181,0.16086843077184337,-0.047607862100164405,0.0851865298505046,0.023056707591102232
-0.29681294706110084,1.8662671645022317,-0.8240293787308736,0.39398765709538086,-0.1337930913704251,0.0019161022427493242,0.04680032091591187,0.0015663346815332172
-0.5241039220653171,0.9282159049499706,-0.4661190635556216,0.0610971335131699,-0.1953846347897913,-0.022405901730451244,-0.014375617663282814,-0.004692354454769024
-0.16172506201482745,0.47183706070505826,-0.705034160408466,-0.15688111733326182,-0.3255555395360656,0.019388355573965378,-0.07145408538837301,-0.008342442648602566
0.17524668008584782,0.5130987407345182,-1.1023559820807682,-0.1643351902551248,-0.39351688466403595,-0.017739824843074386,-0.07076677544334353,0.006466058047649707
-0.3622062985359295,0.023530622928848395,-1.9288385552019554,-0.08143056040315474,-0.23683108079685922,0.14159907785699283,0.03812687146234456,0.004644237380302604
-0.6386258464765809,0.49131524703745055,-0.6352461821887357,-0.04198103373437171,-0.19529991319868434,0.018922145262670623,-0.013210316530058372,0.02306330793434265
-0.2219190468513196,0.8366874255530998,-0.6484533605921695,-0.025253068113784232,-0.2573188808693423,-0.02694590813180024,-0.04201928167399376,-0.004400207987822903
-0.46039821063567227,0.8233040664662024,-0.8014615041957703,0.047883281696941025,-0.16736004182195494,-0.012235401530868875,0.0030501369834502095,0.012678321007798405
-1.0346994252474577,1.4777373221651513,-0.2782423574530893,0.32302549246013174,0.0997045213495898,-0.013071120841295919,0.06649732380298437,-0.02535719106815082
-1.0943758774309382,0.8355886351760123,0.6807885539620515,0.04715890338387604,-0.28807107281168587,-0.002409463254350043,-0.059122146804504144,0.01028820431140265
-2.003229968000915,0.9378936322601616,-0.8811700856014837,0.4961246248655694,0.20309842831740876,0.03322803279169806,0.025823733951358382,0.0026713599549258063
-1.7451207789041738,-0.25465055529515723,-0.630900008423187,-0.10958783925707209,0.27848013356095624,0.19438652972837356,0.06779396068108774,-0.0013415707069194785
-1.578166430238636,0.4614527713584686,-0.39260691705983675,0.13760118573532798,0.06822931526657211,0.03885574696427752,0.08486491104216372,0.0030661722469212107
-0.6218682560905431,0.052326964073304214,-0.7202273454929402,-0.17445012708468033,-0.29240724643005384,-0.0014470943957666533,-0.03084781658654297,0.028323511801595785
-1.36815743947791,1.5314766344086437,-0.4015135779708243,0.406832867319913,0.32576021119115256,-0.05119088452489738,0.1299465684742778,-0.0010161089241655444
-0.9637273780360012,0.5196337375979753,-0.956924916020604,0.08406802756013244,-0.03626997460096161,0.03623805598410166,0.062324796627746565,-0.0056784676203298886
-1.471108140008702,-0.16185864433437439,-0.17289987218818575,-0.14310200740421714,-0.049419890588482215,0.019303963273944732,0.01219148904694003,-0.007402258178059178
-0.04762831188268267,0.22522797819774604,-1.2935982286278527,-0.18522172358246675,-0.3415502955202138,0.020650003513776636,-0.043338044019402215,0.0003971548052849866
-2.380888176730547,0.24093080719804202,0.050779554998088276,0.11778235423022618,0.47848883939951103,0.23130072110952984,0.11189588936224135,0.001407021541512299
-1.2997863279209647,0.6713691934555018,-0.6245982534650186,0.1685925203849842,0.061006688449374374,0.051089486989758154,0.08169371033069035,-0.006542963291058358
-1.0314139308936427,0.8804402357874678,-1.2472254999256356,0.2320610840085344,0.162953042234462,-0.2640842799980902,0.10621665676999395,-0.019910884994601585
0.887503987534131,1.212317774624487,1.673398514347452,-0.5951794225405509,-0.46812116599454606,-0.1619543334179154,-0.5689767113674294,-0.0025132168842307277
-1.9745815423379731,-0.9992528960712269,0.337359276412616,-0.46461194890901514,0.23313448899839317,0.45313084483973615,0.09969752036213167,-0.019259938818676
-2.047568856331368,-1.121050693814469,-0.38011738598812916,-0.40274722277376296,0.32341970788075086,0.46141991183553793,0.0015290793203137072,-0.01885029361195289
-2.8654308711529684,0.30573742717064917,0.15944344389921045,0.23142625705879866,0.6363101274188361,0.1842796175018347,0.0744544460741438,-0.0024725687886020024
-0.22928996089017914,1.2061803010471437,-0.7145049507315351,0.09463769732897502,-0.13387188638379335,-0.04269511010335599,-0.011284032805437624,-0.030039297267886175
-0.06511437060285453,0.5672845483424266,-0.6887778452429524,-0.15685583578271417,-0.31878338078434065,0.010839863210341428,-0.07979016707785372,-0.016209217828829118
-3.457017371798294,-0.12655706254992738,0.6242972115688014,0.10181826448434131,0.8922884083264783,0.26640382146920455,0.06979119919424036,-0.012401391985590201
0.37496701538172283,0.2317276641243102,-1.16428582698765,-0.3147759176434706,-0.4433104809470201,0.0400448336264127,-0.11521780666333023,0.005680686739753622
-2.270223849269391,0.8771930744235215,0.30897093547502613,0.34043273066437024,0.2959036728258126,0.027265595791592084,0.1335216499026457,0.00590230761819294
-2.291820906152536,0.5092910602516498,0.4891794735985428,0.15294212110488947,0.36244887748190846,0.14900633053550513,0.08218934816582568,-0.011398465491500979
-0.7142470716973003,0.9535334841094517,-0.9245955750027477,0.16717855498157747,-0.04495548321982248,0.030806759522407134,0.05296588547011486,0.007873197609162072
-1.169717583721938,-0.0975906059972118,-0.2354176094367202,-0.20941918738513157,-0.04410775666314461,0.10606780009829503,-0.028578276275994047,0.000970308627337487
-0.20970604179917282,1.2836758364695728,-1.3606156615708067,0.16188030522542812,0.08559984994055082,0.019812147499101103,0.04693503545388848,-0.014254298179608941
-1.5437174284139383,0.49793579352560924,0.27045079589923365,0.10615318806669567,-0.18906633377642565,0.14179250268991597,0.007951883875259113,-0.01297977039896882
-0.6113804674606643,-0.22613081463616005,-0.9172910901537409,-0.2131200924715073,-0.41888482420471407,0.18572451637063483,-0.04812322364157395,-0.00930019054064345
-1.1443505389654662,0.688863422391773,-0.5276627156105016,0.12572581344865752,-0.0006964800482329458,0.029797366427625094,0.054223115846381745,-0.010935863639294448
-0.6571772569151099,0.6384398070526964,-0.3520189727301111,-0.015133199690240613,-0.23405373294583828,-0.008993066513961664,-0.026243188666302597,0.010881014689813392
-0.4359628341793624,1.0957400159564938,-0.6757007464611384,0.11003167844336448,-0.12090493294127007,-0.02459927971175643,0.004216415445977028,-0.01372195756514352
-1.1499563308201444,1.5210142988890059,-0.8238975319754865,0.4249207893241895,0.24892743234606693,0.009980744849646388,0.11373633241301548,-0.016593501050930826
-0.8518364079730032,-0.062277925982257114,-0.4990231402680065,-0.23613250554478235,-0.11016683194721376,0.1343377921957653,-0.04552025664895961,-0.009598737863468387
-1.5639017230705015,0.9411410484502729,-0.5986041580220212,0.3269531441455655,0.15946752629378333,0.023320059098178095,0.12858650012115652,-0.014640749285194618
-1.3968749247402314,1.0886280229762328,-0.48595381452181374,0.32466957555119735,0.1106814921427935,0.007881891183528299,0.11128194625793206,-0.0012523675755452181
-1.2625762385725872,1.469065672667097,0.1207267435065757,0.3334160695316043,0.07992804898564,-0.019913038566417334,0.05879837623854079,0.010080226935948101
-0.584591125295618,0.892253037697393,-1.265101994589855,0.16010934942171726,-0.050978290804395594,-0.016258478229856745,0.07072817925131625,-0.012136592263748068
0.04229410887140086,1.405543661402936,-0.8588859274543151,-0.09097342873344842,0.5046022531527261,-0.11515342250177801,-0.02304484898568244,0.02746351483124714
-0.7337469639447031,1.1802031544885425,-0.2128676155751836,0.14219981211736904,-0.056533436621596295,-0.30423978885475284,0.03252533209145986,0.007125741529395668
0.23343493709133625,0.8081722548703111,0.2576494782559946,-0.27979352178811917,-0.470116395688824,-0.32048854947837785,-0.16499730522013692,0.011230468840406366
-0.2858947122626011,0.8137707184535877,-0.8671715732913072,-0.006670412295195582,-0.15827048089337095,-0.28002521870040203,0.012905074995558954,0.009597279494400982
0.28838440076234256,0.559469117994367,-0.7131509040704864,-0.2327531951769981,-0.3598426005955292,-0.23547303572718775,0.37945590466572304,0.010300842070066037
0.18305357440507647,0.342000704931044,-1.027836120320526,-0.1690916945877626,-0.48082181935866825,0.14261825299374667,0.7096915259375952,-0.00902406393359709
-1.1017988343296197,0.9959651352153619,-0.6630129432433668,0.2586500711613107,-0.014040433674293076,-0.01478828264394363,0.08641605278051635,-0.007018163392846811
-1.152765684476798,0.19487848775243172,-0.5015389690466961,-0.0724815651997163,0.012244053359220708,0.13046957034714649,0.010960529272860033,-0.03621427708461803
-2.6428263954279374,0.8553149836506454,-0.6258954543431178,0.5388978616052966,0.49040627521075464,0.03297079276672455,-0.02348009836716996,-0.005949642395712184
-1.534815107754149,-0.19280424486324307,-0.9676572815250833,-0.08341391353286662,0.2306225957404975,0.20603094710113187,0.07039942779453282,0.011964795474914247
-0.6492738417491349,1.335297504729213,-1.1657312697539206,0.29806205185573115,0.0778745054500995,0.04553699544668955,0.08889271194234649,0.002482787956312884
-0.7054793196672748,1.3829653586683284,-0.5875329532676189,0.26332552550699617,-0.011257131417279312,-0.03519048516666214,0.050884513363946615,0.016857912939917907
-0.7502964433627346,0.8331460504364604,-1.132719252606021,0.18141656302594084,-0.08883850558798248,-0.013107765387778653,0.07666876763297852,0.028986651892707067
0.06991034562442647,0.09861057962047656,-1.4109720949805202,-0.23513564205660814,-0.4019622726719749,0.02372314729068817,-0.05514000050631017,-0.01961514781834089
-2.6102155031111747,0.8104232793009435,0.7504061825921537,0.3470054027635183,0.3125544031076078,0.009217706645911095,0.1337927224486743,-0.025391038982053228
-1.692281948826998,-2.1733448040220975,-1.1919524224162519,-0.7951522643577982,0.3291432988678286,0.34206608608657374,-0.020209693728036045,-0.013506012873819756
0.28095181991695833,0.9093092202276057,-0.18090681799859162,-0.18877145437364107,-0.31226357857306,-0.09748048932984679,0.5066567863639856,0.0004550826769001548
-0.38703701291832227,0.985815941834711,-1.3506976614926047,0.12354593224993037,0.01798943984762575,-0.12307724987450988,0.06723853993475985,0.003899058300534579
-0.4382566254768555,0.999192608003466,-0.32491225411233315,0.041402878700492675,-0.21349132291191475,-0.026212257632927654,-0.03539341681639814,-0.0008974986524122834
-1.026595916154986,0.8972892081828542,-0.8670445126049366,0.21665312582907756,0.029792528189970215,0.031004537509266933,0.08485807230500313,-0.010848709650839217
-0.6638626323199313,0.22829418862396705,-0.9300021081129383,-0.10130878693757119,-0.14384012159618526,0.0698336221014184,-0.002711019372310041,-0.013130693566150625
0.3062514734413742,0.8879959663450832,-1.1240034310882538,-0.09062737917423141,-0.2880703171949045,-0.023600951252608183,-0.0637682513702816,0.005336980272000719
-1.0047363140719596,-0.17377263540826074,-0.0955808887546024,-0.30089425913634765,-0.10056529428227931,0.11778846213849894,-0.07056403206419688,0.008195818148896314
-2.131331408634163,1.0027671183245428,-1.0679261108867906,0.532845866293342,0.3884111173604847,0.02511035921821861,-0.03798523411461716,-0.008167281962521247
-0.6661465767988332,-0.04010200077320682,-0.8582772065663088,-0.19363474178033732,-0.2218235560496829,0.056599178785447346,-0.024090344247770797,-0.00884001607280117
0.09558774662973198,-0.13873330996892516,-1.1237425498815226,-0.39116609041614486,-0.3834345695395581,0.11152472087309302,-0.11202048988425627,0.013626301815121804
-0.5778373269375024,1.9510564850548253,-0.3741289219730082,0.35196450112927125,0.16286490983108065,-0.02764780099616129,0.04358330293279912,-0.007583164743622677
-0.06946722304916501,2.03875386778832,-0.15463273097574434,0.23275395928231704,-0.012739957497358368,-0.001228105949954341,-0.04373532215079503,-0.0220079452694584
-2.8564083659793176,0.2094308207964887,-0.8730046453993064,0.4422617683682042,0.34450764515408844,-0.011441247807803255,-0.056257520890633815,-0.005219807707359021
-1.5130292796279403,-0.38167328838754333,-0.5350496373747811,-0.11400261114217689,-0.1746653570476769,0.013843415542921235,0.04284429329001958,-0.0024489280543973256
-1.5846111127745128,-0.52563302905402,-1.3431641325423576,-0.04415481418419657,-0.06903723946431181,0.035847719792772514,0.05209679469247583,-0.005219467932425797
-1.5406358857401647,1.0306205106716364,-0.7286118720714071,0.3656703378646681,0.186571757176099,0.03379639181731181,0.10236684409979675,0.02018387998017229
-0.7436386686315133,-0.02501901376537138,-0.4351496259698332,-0.22924749838597566,-0.23907855534451353,0.049003229920648574,-0.05411560814384152,0.016951781676962038
-1.182174306647713,-0.2853213999218471,-0.3239482243941854,-0.26945700843582265,-0.02426029249712354,0.1064029322458625,-0.029968810403912097,0.009745074875862342
-0.793144273248081,0.5650613943327571,-0.8642014797331291,0.051677267476037715,-0.11050147060153362,0.025122083512304275,0.03410559772127814,-0.0038187196230963154
-0.6361483026209385,2.433066785358907,-0.7191060029168693,0.5507342552756888,0.3838677904578758,-0.03120196924460381,0.11468749166497721,-0.026031781565828225
-1.6911876975629727,0.5733128709456854,-0.31566143195048496,0.18316827128383037,0.1417863688321998,0.04109192355293747,0.09898019501082297,-0.011300941339779144
-1.8381119544449334,0.6855099130550406,-0.13709788931503164,0.23394233820467358,0.17888866067157455,0.03448396617004922,0.1084820616447276,-0.011661645968454447
-1.7996184685632544,-0.4272752324538395,-0.5952116956140776,-0.16900699667108304,0.29189140900093113,0.20701797395300361,0.059274838559491075,-0.019265146254318428
-0.9031156405596854,0.15073233076045256,-0.41981239918724467,-0.13480920945166683,-0.15830187969628312,0.05660261735385044,-0.023975195904567745,0.012797063010082144
-0.9456056107216969,1.5470683983154492,-1.036301149635943,0.4236272555530595,0.18303675035086653,0.09555468539973862,0.09576410736828413,0.009428090347468495
0.03424129730538034,1.1359495523021235,-0.9162347307821587,0.02299550535494377,-0.16328852571123734,-0.0014929163508892087,-0.03543742857221164,-0.01957627454829267
-2.4137370034407732,-1.3732676628728204,0.6357843210871471,-0.5780504708787397,0.40080975879548913,0.2637348612491797,-0.04783541706685015,0.0012642313442573648
-3.320495119469925,-1.2287469806576397,-0.7414365142678871,-0.14518026978264822,0.8626540552491857,0.277557400711727,-0.12514721279740892,0.003450898481612579
-1.337631119582943,1.1559167249306765,0.019314060947116858,0.2629824856620873,0.05014716272737552,0.0015614390043819297,0.05818058629608237,0.031991493420440914
-0.47326599628060795,0.11816671015641526,-1.2405083848794887,-0.13023732300612378,-0.22314090950911508,0.04976226712196649,-0.001180258749734618,0.014784414843984755
-0.6715666408614062,0.9822592649575099,-0.9039460353964697,0.16163285107188635,-0.04905313599777718,-0.009179332973355474,0.05050936195321676,-0.059944475830540134
-0.346215248235945,0.40670770847960097,-1.7808218625345122,-0.013285494506144968,-0.07577264019890842,-0.11571745947696561,0.06960279638834553,-0.018878127181223055
-1.5403009191095065,-0.05179976694727549,-0.5369685425741045,-0.06152014556633667,0.1038941747293759,0.08487389997418439,0.05639617307774468,0.00015832062313456602
-2.0499740275561495,0.26739132085118267,-0.23229161076453364,0.13141847855993183,0.26500457982321524,0.07342975648026985,0.11517329317419203,0.00030972757222599276
-1.8713804079593002,0.13406993230509157,-0.43551964196538706,0.06896115034963322,0.21848431984117458,0.0809586788581569,0.10259036753304938,0.0003640419623816468
-0.01865605691963754,0.7266594073272046,-1.0712817382133097,-0.060804179855678576,-0.26593692139980957,-0.012187041385878198,-0.03582475729399389,0.006332805948426324
-0.5547372006626831,1.3748078261391006,-1.0201994905057103,0.22805652980319926,0.1700774683170525,-0.04795102771750652,0.07246826057554052,-0.013723430893760824
-1.7074510469887363,0.8881366533108884,-0.1176647750435934,0.28770246498652263,0.10817857235301262,0.0009368547183657861,0.10495754396749069,0.01758710629943896
-2.4165338783693366,1.690370776442695,-0.37185492071598747,0.7668216772429834,0.43175119044255095,-0.07042558006068765,0.04069164287267017,-0.02762642982028929
-2.550158726480248,0.8173891293999289,0.5885799883089902,0.3372257859097354,0.3783204544799226,0.0406826034008992,0.1373406337690185,0.011777695278436666
-0.43103289912683496,1.2233574804784495,-0.8104919092944487,0.6334673810878578,0.19763637679817028,-0.19198842822069032,0.17277704666491625,0.007346027475457607
-0.12964332593701453,0.8073582484347019,-1.239859444665725,1.2856617438139872,0.40107657947918135,-0.22479526690666293,-0.2749658710267612,0.01015093981147372
0.9977292925919661,0.5222102370037216,-1.0944592654300918,-0.2351837372143652,-0.39789442944793796,-0.11474163610559648,0.5759008567410218,0.007839590454729865
-0.5048133874239386,0.8806114296547543,-1.0065260397739286,0.10517172098395565,-0.11814453660703934,-0.001288192243768345,0.031173015763112422,0.006918274496768161
-0.6125987025474596,-0.46748128699806246,-0.9308390777269238,-0.386444155308996,-0.15415178728803758,0.16762006472255533,-0.06347148259714466,-0.005923148779087421
-0.9335821354355288,0.8617292147040503,-0.5641544444727946,0.15048695038946266,-0.07047843908469283,-0.00044757183553504503,0.04440367162067689,0.004497952470551164
-1.9329299605872567,0.5001505816259206,-0.5500621622269354,0.2406831966841238,0.24522150750035038,0.06828724475462584,0.09456751513225845,-0.006152239447537911
-2.0924064205630284,1.579856547327604,0.03781996739356411,0.6009656411257837,0.2928752871203626,-0.03508952589100153,0.15986591853868817,-0.0182752168013236
-2.018335393317483,-0.3022022070869468,-0.3631017415156263,-0.09626760374896698,0.3214020204256949,0.13499148248428422,0.08115213480730037,0.006365359920535351
-0.7379464622939663,-0.3518734166481204,-0.5663108119750431,-0.3485793699613653,-0.19852183432441092,0.09737128805427783,-0.06757351944577068,-0.013578850419296743
-1.6849290008052893,0.22281696329481188,-0.1429309821288915,-0.018543867141065123,0.24832493470148248,0.015266040083403709,0.05864128255594494,-0.012389264709939417
-0.12094611435402775,1.149438055401798,-0.38281196892792235,0.0032018236696801155,-0.21105367751236986,0.00154188178352995,-0.06715093992193684,-0.034552610373642774
-0.127661882985417,0.6178068106252917,-1.2175582595711147,-0.06223235781680005,-0.1989715784494567,0.022866705081331113,-0.016972166217732527,0.003574051111591241
-0.23068207711852093,0.7976926324082315,-1.4151273641085713,0.04459841226450782,-0.09589159441276744,0.024805447936498224,0.026784319151818815,0.024317865519299164
0.37975123794217863,0.3898647687723149,-0.7349498550933056,2.8687272068918985,1.0205436886706094,0.06759592963139797,-0.097964280360731,0.00320844465447332
0.311345472500674,1.0375347188494335,-0.8904664911197137,0.08388744883160236,-0.044157088632738636,0.0834755534736029,-0.08844345115787883,0.0018407151791815094
0.49352263228503607,0.8953681436892088,-1.1255854737509086,0.021655813644676267,-0.08876194221289874,0.09214986045580607,-0.09927625993159699,0.0023244398366268067
0.12400902160959479,1.4399220482422634,0.12726200339183547,-0.601678985650079,1.563860743305081,-0.12713261902105108,-0.14635329091973806,0.006081800694712156
-1.163983129688419,1.6823498520554425,-0.3811497473559828,0.4387909305909183,0.18027175177822335,-0.06964499562544074,0.11267077240808641,-0.0032546287147720903
0.06693537754834879,0.5449293156609102,-1.1760727310092407,-0.13553329688708185,-0.2878583435599566,0.012169348878002962,-0.050857563872171885,-0.0070806332829436835
-0.38096555245916963,0.24788065577325868,-0.778030507010588,-0.17380619272335773,-0.27540789114784425,0.049472698486421295,-0.051528422331279376,0.018591668206939485
-0.33145931306250215,2.089936046198136,-0.9155275848221679,0.22943765729519783,0.7699637937053087,-0.001113347033255272,0.06162482286458823,0.009065515914775443
-0.9345117072015356,1.870173389634701,-0.5187418674753745,0.448772072964955,0.21388210887732428,-0.03336779903922037,0.1023911589683282,-0.008374202033719374
-0.7999647169419797,1.3432157968936385,-1.2391871820013518,0.35782505786665764,0.09307415935347137,-0.028726442019920424,0.10239516886719432,-0.0077857268967529885
-0.5868789491758992,0.24579909608751208,-1.3123676280351904,-0.056995488365717654,-0.1358079872746604,0.054233598677678914,0.028504173856451945,-0.01842956187942919
-1.5461750861649473,1.654282490243053,-0.807372918506057,0.5813256657480316,0.30879098801700233,-0.03181951932694721,0.069565563985306,-0.0005862205467820484
-0.1417230756158645,1.2315763663440522,-1.2138588018403509,0.12501938826460982,-0.016362724447300865,0.006991036403537131,0.021984824931469162,0.023509608852718977
-0.3378285542879082,1.3960284569917505,-1.0883202551632227,0.11620211603167485,0.387588358506876,-0.1342186197885453,0.19031357768064275,-0.002012956237427057
-0.10639409442049019,1.1974505965792928,-1.2264303131745748,0.26272315312651917,0.4020767917346629,-0.13850496295368622,0.08333219438932836,-0.003864399912565635
0.2712574754566974,0.9214240099713954,-1.6078240170511782,-0.02534410832181754,-0.14951094195363324,0.008037806614812265,-0.012515395043100319,-0.0009032382630203886
-1.68040041802316,0.6768742240200869,-0.08196891809148879,0.19417945893898617,0.0952932218120891,0.034972982111402116,0.08173665461957097,0.02143641383949516
-1.7356043214397454,0.9855060506404969,-0.015976780122859593,0.30494649656605055,0.14964518742928404,0.022740456773980015,0.10204569157901545,0.03166865309367297
-0.41134765411827706,1.2967551893381548,-0.8057328610276342,0.17745535289371933,-0.03931557672766937,-0.02784301838214941,0.026353636182382338,-0.0318358914752654
-2.603375466593968,0.9662592552772931,0.4032295403866682,0.4258401560313136,0.43878548630730296,0.08925626687876696,0.15586626216903965,0.011280944639446662
-0.8733914296906861,1.4302752352643924,-1.5993504285982234,0.41847662929621404,0.2602043130586555,0.03579940349510997,0.007647771549015054,0.012132970432908109
-0.7079550973001474,0.7639799331487731,-0.5331641588403543,0.0541236386786646,-0.14334567580294616,0.02580290354855127,0.002215691871599199,0.005340996814787834
-1.0190980604886781,0.7201902898277792,-0.8140506778754122,0.1620737196585196,-0.055174159979576275,0.0029019856148895886,0.07214700202676971,-0.0026831208332929704
-1.3493128251645652,1.8576808419309618,-0.6490130711096666,0.5512237111765185,0.37637901761261505,0.01996570876722499,0.10194524507396922,0.007955170046512049
-0.852559753951126,1.3125707215084537,-0.7689819982859071,0.29615488257996,0.053472859428797946,-0.04594463665884236,0.08487535773957969,-0.013663618015366434
0.15917077790339493,1.0705739481303698,-0.43173128678369455,-0.17354890455307123,0.3183256385850916,-0.013440269944460207,0.3017599628980416,0.0007931755584483792
1.2792372826200586,0.14789337549671208,-0.8242035840041247,0.6149941092472833,0.4294503461145969,0.022531519210868798,0.3980250685726578,-0.0009001863342145062
3.9178733922187754,-1.065503996484752,-0.7363647859538172,-0.7747522220722066,-0.6694584490589911,0.0740280630835629,0.44541786253497845,0.0036606661683433127
-1.4280807526428396,0.9315539552575998,-0.4819082754531198,0.28441291988441203,0.07388001968858332,0.0018883147475972765,0.10611595683032406,0.016822131290917423
-1.3859467912047378,0.24754582826111968,-0.48221932325167266,0.016005698405413254,0.0334676069631845,0.0704854114891076,0.0505446130505473,0.0029373864084337588
-1.3973990936983318,0.934218498998877,-0.08237144238773655,0.2059937018880678,0.07600912882903088,0.0323191825206155,0.05897032802275427,0.023032607114268317
-1.2335017825332628,1.716754224656914,-1.170291351133763,0.5620407575765746,0.30788287297542566,-0.0401896003786509,0.03942349655890909,0.02153086695366553
0.44127241738702155,0.02925005478554786,-1.2365712971817182,-0.37502062902213656,-0.5358082316558165,0.030666596986904115,-0.1270322189465942,0.006424486985208712
-1.540311615091114,0.8218828085480128,-0.2554101993151775,0.22923350563572578,0.10981567809370853,0.0385274375903656,0.08774898639648214,0.0007504823688795962
-1.8147903289551954,0.5019114357119826,-1.2065851137792385,0.30523106552372525,0.24590437187491165,0.05359958213293955,-0.004867604231567523,0.07785903600923448
-2.068669773833715,1.4804199260595514,-0.4862155721800577,0.6250933864486207,0.32858159402392534,-0.04763777079017047,0.07135717384106863,0.013795033872826606
-0.4018507447902064,2.13623774853527,-1.0120794312375228,0.33125287261549136,0.6289394864928523,0.0016563041120876353,0.08620617914371703,0.00025609094767543584
-0.395184082290113,0.35885601417416424,-0.43674033244801286,-0.16818840642127555,-0.3283269881011632,0.017378191012710518,-0.07323068168095061,-0.01853966025909413
-1.1263360032415144,0.703496476294086,-1.0016557376377533,1.2102796207342768,0.49260491299528986,-0.2817079817674743,0.023003775475806475,-0.0050925591591609925
-0.03743212612427577,0.6211786646646487,-0.6965321666496155,-0.1741811451039816,-0.2221209544608923,-0.15299964085304407,-0.06381899085116102,-0.0026941595948679503
1.3484861974250173,-1.4678175023516946,-0.9622175375073023,4.364879551507022,1.1969856107385577,-0.28323240353100304,-0.23885259410340662,-0.004567196460927405
-0.16582580998325097,1.4989500700989733,-1.397293283109363,0.11977856650036806,0.4661341360740098,-0.049624322416828466,0.060012593231103646,-0.02329292491135373
-1.4785873894533206,0.26510479939645143,-0.6592069434193873,0.05597120665686891,0.12555588571504292,0.10380420096077948,0.07789094292990524,0.00732594875820346
-1.448062079070372,0.3214685171134621,-0.6378725771652992,0.06969606722879655,0.10723664852272626,0.0943298935730474,0.07586042491514758,0.0018016599087997505
-1.1424969103427876,0.9814508796274002,-0.7265329568593614,0.2539362716142665,0.06278401408898053,0.028998947036298628,0.09175481869678948,-0.00217837294215687
-0.8848977649602303,0.06152504400292566,-0.4940793820929049,-0.1637628122167778,-0.155692535342917,0.06556659801085256,-0.025888179902904287,0.009196133861820041
-0.7882858011405516,0.6546126998410609,-0.7178289164533196,0.060307331266684965,-0.11212687054223372,0.010127282173657534,0.02584839631234883,0.004055869027881579
-0.6938150299650336,0.6368361884474268,-0.7872750479386237,0.04074463127503422,-0.13480359083460927,0.013759429548542621,0.019067046618496404,-0.00705774235289302
-0.3004078699386995,0.8056354453685146,-0.6642906485860854,-0.02835121155919737,-0.19226365113891405,0.01756117711573159,-0.03735977833931254,0.000456014562266034
-4.7864510141336325,-1.9492007816512762,-0.5141378523347215,0.006844702455991955,0.8695049745514986,-0.07726188005090161,-0.19167295258336708,0.04927059213938175
-0.670203862088029,-0.11973495886192934,-0.7037660271366543,-0.2511199277119753,-0.21756850650311413,0.09284782000718744,-0.04798596281140495,-0.017203407228026324
-0.2905451411621695,0.612038765976576,-0.41226940068731993,-0.13310372291567593,-0.18209773608504437,0.08633448121260856,0.24858519987081723,0.01020233629633405
-0.6944230766355072,0.5991469090511553,-1.3442770564974698,0.09728927139691848,0.09238291639493787,0.1615227321432926,0.7881873998294348,0.009685716305015392
-2.2424390636072102,1.3410462957321891,0.4560599533681479,0.5019079286307422,0.24706104235986776,-0.028338668646439906,0.15136783241141086,-0.004373176449455704
-0.8775395876195252,1.102383471909248,-1.0561727933375191,0.14793743626399752,0.4537811986091175,-0.1249683604128772,0.10745431879578385,0.007266937627901629
-1.4449383694098143,1.5277819071660939,-0.4026221339473067,0.3457373020259369,0.6003985730825444,-0.14975919815536373,0.14114462652344953,0.007332514513567841
1.758521107369567,-0.05367919789149302,-0.5036368208068133,-1.0426004178733712,-0.31723305631052195,-0.2548974340612483,-0.3629077073968283,0.00810428889132044
-1.0476833077439656,0.911179726561863,-0.21181982322929213,0.1616403887419529,-0.11600390673399832,0.05572859782036114,0.02223518006247783,0.0027406333556405918
-2.24017008372367,1.4789036499315185,-0.1979732061553426,0.6441478133866609,0.2989564941602774,0.03937505349810998,0.09595257400143749,0.004375960335005288
-1.4786712205957642,0.7586722471603727,-0.13320726237596722,0.1864450586464045,0.03421870710906485,0.08303995815786715,0.05949649111302027,-0.002569157556065652
-1.4693032976569036,-1.0764827728088686,1.0736633327839376,-0.7180211491165129,-0.039117962786225084,0.11270072112795171,-0.1823359958046532,-0.0034853890689486317
-2.5519883142330664,0.6267898821942451,0.49469130511483816,0.2516987679601145,0.46995497459638325,0.1568948830958577,0.12223548335102247,0.0023960689803120775
-1.503603147459054,0.052295328937047546,-0.17529952632900447,-0.16857069712180375,0.34156637533699774,0.12620635511472109,0.013872598689741776,0.00012344094256192933
0.5618376447501114,0.28610347962315275,-1.0608178380957385,-0.374035395293114,-0.4433561799029607,-0.03159553203957531,-0.13992242228684817,0.007118584862505977
-2.4759419185432163,0.9645564789478152,0.7078391420568925,0.3610839069578998,0.3404514026331634,0.04609164897618664,0.12435207007006263,0.0085081722026068
-0.08860794798361966,-1.402039483678719,-1.1874375626621094,-0.8475115440846468,-0.266890412596318,0.22598342259782458,-0.1737322839917455,-0.012611637372982019
-2.3812688691401807,-1.9304481820172397,0.6567248291430535,1.4361237010880066,1.4252231969014237,0.37763092574815305,-0.06315374278199846,-0.04260268024177949
-1.2727072011755185,1.1532982130170424,-0.8196672180287166,0.3493699811602138,0.15734248856534142,-0.3494517084032508,0.15706151898612145,0.015379597134958345
-1.2145611940046512,1.1338102170785933,-0.7767769548558411,0.32356215121282705,0.13164017708642564,-0.349956972287936,0.15512381751925203,0.01014971811867415
-0.6874387724091297,0.8076719299682075,-1.0745235383493847,0.1231410328800629,-0.03672060746516434,-0.33864049440550653,0.09320596495244074,0.012636106582427689
-0.18240202048289797,0.4644465587070879,-2.163813235353838,0.04125657297276895,-0.14841741544948656,-0.05736846315396691,0.05656866832826178,-0.017552261187808584
-2.4087225110568276,0.5516832004465828,0.6810593338624643,0.16203112008604822,0.4066193517184648,0.18198115945057347,0.0766001593566093,-0.002907293030439461
-1.4141545436668168,-1.53782487219201,0.777650540811158,-0.8277592980677124,-0.16263201038753497,0.05242533151174523,-0.1805971505015333,-0.00825426800428268
-2.542517562619187,-0.9620728420484875,0.8642931329864026,-0.36926972267728003,0.2545310420143924,0.04842904450155084,-0.002339660969628903,-0.00826984963575364
-2.3313154215993217,-1.7038132876888448,0.6450673422347645,-0.7503970671951586,0.44674087642682114,0.2789681337725424,-0.08296912875800871,0.005256693823193439
-2.0593225517917864,1.168735894728096,0.4114387909099059,0.39747919987314123,0.19386973789841044,-0.013035437893151132,0.11800591642086622,-0.0028699938704974293
-1.135393250397611,0.6515370447741883,-0.22280322365053812,0.14937450121123977,-0.3043823529875935,-0.029670416123798345,0.030907201986538766,-0.002922558157828028
-1.4751802961191707,2.155479740686001,0.16050184983163382,0.5607805866191807,0.4184789469525369,-0.11240815453661768,0.1318849773270655,-0.014837674122271837
-1.9509733731290106,0.057525195076894596,-0.11947051842476454,-0.01608297564261397,0.3086561340477429,0.1930653997150947,0.06384697454203254,0.007823513963353923
-0.23891172295270607,0.16058166305366622,-0.7133373214554459,-0.24847625916730023,-0.3341253838281876,0.032722415719715583,-0.08088798265259531,0.001861896365535069
1.117706266193593,1.5423348131118018,-0.8403491735909109,-0.14829493600694854,-0.310957836916539,-0.04114889015899077,-0.16113534306737662,0.011337004101348098
-0.6845978826693881,0.8495245134094629,-0.8246964658019231,0.12085132083217802,-0.11497503219005951,-0.018041411313960726,0.037322698252742724,-0.03320888459132781
-1.7026259822593062,1.199947156472221,-0.8997191750799594,0.4864196792185386,0.2586592219134439,0.003016336775902551,0.04756262348519095,-0.01265842393896539
-1.566812525145123,-0.5430781363304757,-0.06410429050077748,-0.3588822119423222,0.21261986734541133,0.2197184458722501,-0.03440489193653366,-0.01565855648823393
-0.750744695609384,1.094846962407781,-0.5976437334779675,0.04963542981449476,0.36901878767809554,-0.20608713411348087,0.05243424170700134,0.01942148297940332
0.10525640815964962,0.6315812537673791,-0.7819056991825278,-0.29190268114978485,0.06470592392394478,-0.19883722448117241,-0.07327821710666724,0.01722836539912017
-1.0312307759869666,0.703113985991132,-0.6759200507602355,0.11969097841177503,-0.0026359301105053534,0.06349563776729823,0.05147744940042282,-0.0074339338866663265
-3.0765489802866415,0.3014278005538858,0.3500267357637707,0.23891771401369946,0.7279038204392123,0.188092264593418,0.0759729770772285,-0.02180476366528479
-1.1542767557876483,0.6212455528996627,-0.9046581402953199,0.16304499537435163,0.014225064966756159,0.07531806449016203,0.08508400457536537,-0.003075151498057121
0.21663961790283215,-0.10740090469122797,-1.2769586364992467,-0.3669434066362669,-0.46898219374662536,0.03258342742231211,-0.10177227469574028,-0.0005045618563205682
-0.6607483229313365,0.4617883472876533,-0.5844393163973375,-0.048722596769434225,-0.21509344945519673,0.0213542532048896,-0.01705845144505613,0.013064781018835283
-1.7982296609023614,0.014788189951603576,-0.3682012738847201,-0.010344117565386,0.20810144024829824,0.10357951048997882,0.0762742405026467,0.006750831529827625
-0.45290343938178573,0.5045659512015411,-0.8894624686618166,-0.18979136324744103,0.2379731415138337,-0.19062594530595933,0.003661715220110574,0.006576583278184479
-1.0788371595630761,0.9242019145941454,-0.3911163014250827,0.04053111888158712,0.4230519016460454,-0.20920357906657877,0.06562675598498498,0.00650612412867916
-1.160828922571358,-0.875410231933624,-0.4085348760736531,-0.5075386798170987,0.025430931244686872,0.1875593251916224,-0.07085679597618011,-0.0036403353413266793
-2.249283301980438,1.804863984266263,-0.3194619947451622,0.7482028178530394,0.43595028988179063,-0.04269337664771987,0.06234693988714763,0.012303335378933841
-2.6216530782700347,1.4019933245454044,-0.713967106286433,0.7354023167449564,0.5564910228620459,-0.01826228022682337,-0.05088857064830811,0.007707323198501287
-0.9360223423926018,1.142402304615059,-0.29494888687498366,0.19099531348242074,0.002520565686862524,-0.3019892388373021,0.06565322900759589,0.0062841330192312354
-1.036860242579518,1.0354950496762525,-0.9984556248496194,0.26992753753405263,0.1130334296141838,-0.27642894050615796,0.14061109940513555,0.00637759431796997
-1.4866761483774147,2.4366650303903206,0.2898657618550008,0.6591642609842265,0.3966366361817081,-0.04684490410735456,0.1317036966777588,-0.027582473327378114
-0.17759958441667165,-1.1070742145574703,-1.0608299538786405,-0.7439588279644814,-0.20215226093403915,0.3219959510168481,-0.16624018992619405,0.007493143963626702
-1.6775264911565273,1.0148542192553347,0.05225535543890476,0.29172484339291144,0.12850452139340643,0.021495694946614963,0.08889765970379175,-0.017188573594760063
-1.304983044716165,1.0284841674865168,-0.07454615081642565,0.25394783869585585,-0.06562392698296461,-0.05447338383937665,0.06188738468728559,0.020219575714342002
-0.9528397867766627,1.3492970507565136,-0.34098609663082335,0.2727388499558095,0.04646173129621504,-0.013925490604658268,0.0545106170042085,-0.017246846310588124
0.5052159452018589,1.3168937312822566,-1.2852837415222005,-0.01575474019425467,-0.11395456876080534,-0.022173491260836453,-0.050434683985131526,-0.009373364648500327
-1.0864735358541475,1.644474152667261,-0.36185194454715647,0.4077492636081283,0.13859054272529217,-0.03746523229274613,0.0950172674008832,-0.024003952825152438
-1.6585327384704065,0.1573724168198694,-1.1725446153866066,0.13747762960774804,0.18173530276986982,0.05553475068967469,0.03243355120518788,-0.009914221659910365
-0.34834170438910916,0.6905490497394791,-1.074518425423636,0.017040596236025978,-0.20448981260975146,0.012664534179402099,0.004394934982015437,0.007629096929332562
-1.9972045244166314,1.981149153396961,-1.105133032056361,0.7939085619719789,0.6385793944777558,-0.039250692513678416,-0.06962672475368889,0.00610803563130681
-0.8150818300726802,1.3406336260287604,-0.4893339448497526,0.23691238446615903,0.08257013437036977,-0.2202927525835946,0.07114331643251402,0.007863687379786252
-0.922337626282063,1.235418456255006,-1.201578101044353,0.31742696266394343,0.1937522988445197,-0.1986542698032241,0.10745771621516567,0.008186113705676769
-2.3162218046137926,-1.345201569249081,0.6618214334592001,-0.6040139603509261,0.4001672462740367,0.2538246181787021,-0.060842687713945756,-0.023282776551075888
-2.940821558317594,-1.0180260240152739,0.7475823652555554,-0.3522246712954516,0.6271997440301413,0.2502573965549853,0.03456400516076243,-0.022113668457060868
-3.595057235871056,0.28125405040785234,-0.29977762989583934,0.424425944277445,0.9606342379721575,0.1819159312789788,-0.11463433034813728,-0.01838165122527748
-1.8952928952135228,1.8762001105403971,-0.7067774469774847,0.7329426966111396,0.40296120694758936,-0.06307186667778363,0.03695739817671714,-0.03242737064650621
-1.1848582388117737,-0.5234392790127151,-0.7664610848464921,-0.30890447632884604,0.052394584464648335,0.17663964195165138,-0.008478846933850002,0.007748714596997163
0.574085317172721,0.7082668342316266,-1.2191964642608082,-0.20697104034717725,-0.3755339532947132,-0.0031859196092024283,-0.10368861904167033,-0.02509582065823409
-2.0935524557628966,0.967738678424264,0.22062255088569155,0.3530555000841036,0.22764814819324503,0.04593795560168879,0.12316183167247939,0.005618787718056654
-2.478314737024314,0.8928910909427122,0.656204641557461,0.3414390609590108,0.34503711908648166,0.05166776053331673,0.12581956844661255,0.004749412950423709
-1.7216397564056893,0.9962961324804092,-0.3531245316298043,0.3622088576734846,0.1501558595369609,0.006881317128348953,0.1362548467733081,0.015520074866721521
-1.8273867108458315,0.3244799524916945,-0.7526060102444115,0.18090599225984813,0.2127882338256955,0.05157106885073522,0.0808974753754159,-0.012273729920120697
-0.5273442969462426,-0.8490131830439126,-0.7404991850005241,-0.6004417631423808,-0.14081918813369054,0.2605074618600138,-0.12836964094383346,-0.009837045455186969
-0.05568519924947953,1.3229478711166953,-0.45089883408772974,0.04150682849501821,-0.04808766052775283,0.028924057270029502,0.44102099223776725,-0.0025437038640077356
-0.20087245434057213,1.298234587842329,-0.9088814829817957,0.10677579721231216,0.021139557562780232,-0.0068077595278582285,0.004688306368258842,-0.0033731197247901116
1.0409443462688177,1.680875352361331,-1.047861433785735,-0.06852271710413353,-0.1948896868971357,-0.010061009612845992,-0.12481404024043473,0.04220232177431296
-2.3566028485136523,0.5666470086513028,-0.7825083043480788,0.3764543857073773,0.44047948495487876,0.08125995123035529,-0.01276717997370538,0.0036835355786147494
-0.20957385059328712,-0.9265305425533527,-1.2277128946351232,-0.619036652703477,-0.2519325969757725,0.23269479307929422,-0.1236268321219498,-0.015293778080712651
-2.2366102945226713,0.18606858420457498,-0.13398187427301575,0.1204664586781287,0.3457521739358379,0.12111093222082858,0.12054900091088881,-0.0023717895096735738
0.2525891931801159,2.066765247552574,-0.9338468705640622,0.2526530488191013,0.04295263509488996,-0.03483176041417408,-0.004345127243817136,0.013294157234377631
-1.5266787412773732,1.0792527742546791,-1.2403994012307695,0.42243204124156075,0.3035596472759218,-0.027954817253623986,0.010125222375236892,0.01509135465433609
-1.8547648744583682,1.2509747499106119,-1.200701507237349,0.5514662012459299,0.4172383749737947,-0.03941919355024297,-0.03249902883871316,0.015501921999937628
-2.7459689599198227,-0.63952888406221,0.3703809660627816,-0.20906471655633688,0.6411398671154306,0.257559219205481,0.06821997277212868,-0.005846953826677051
-3.257883005955179,-0.4358158515992713,-0.017656442039857594,0.036150710842849786,0.836129459667967,0.23084576308336685,-0.0040774108888261855,0.028173532267018603
-1.8090745065239273,1.8309553151594613,0.45710208149339204,0.5450437973525211,0.2568982550903886,-0.014978733384633765,0.12011527880262271,-0.0023606423786016206
-0.23207215055857927,0.48442557609989123,-0.7125448700094407,-0.1344124066099071,-0.30224447235571517,0.0021820003364019297,-0.05894192818012611,0.01069994458951881
-1.4778336030158394,0.27379500040537974,-0.5788971644360359,0.051637387112362446,0.10511844498950947,0.10867862782071994,0.07003552226873548,0.0035555405361076624
-1.0017907542210645,0.007991858350684205,-0.7174699301889021,-0.13642038918014296,-0.06044437387531868,0.11392350786364867,0.0030044988164817958,-0.000632339955942387
-0.20115917002294073,1.2219829354083498,-1.085622965799933,0.12849315089140118,-0.046849822972126844,-0.0003798623050812344,0.01779960810350686,0.012854320897273126
-0.847595263160723,1.5678994792448864,-0.963861368518403,0.38730521592815187,0.18470242614017668,-0.0053164879817037426,0.11370088598511324,0.013026284068739846
-2.4279939294938315,0.8434419242399637,-1.0285631948307066,0.5416278182804293,0.4473909942477343,0.027902286212343586,-0.06540693968143269,-0.002957821209877389
-2.7715709854338613,1.0313376231724278,-0.9502839272398893,0.6751251257220953,0.5632352192448571,0.015479724467324816,-0.10427621279280462,-0.0026744733143843884
-1.930704502793584,1.3852443616105097,-0.018598686583179494,0.4866104841865471,0.2792737425660876,0.006666600794018265,0.1538608163983048,0.016341828344233256
-1.5220274905551694,2.1781518944207083,-0.3061000536352047,0.6760633635075228,0.3772611009987845,-0.045047805072856856,0.1406836917294429,0.025026128587808685
-1.023482957148522,0.21528361988287695,-0.32027240389021444,-0.08700174372610045,-0.15689417861791258,0.03009838885599873,-0.01086959681137417,0.012007595964861045
-0.47545831609837713,2.4450741576620896,-0.44930045469286967,0.48233397771977765,0.29624499666821824,-0.040215236170846,0.06824465026988949,-0.020699302540588934
-1.61159480585784,1.0268619638933156,-0.8700660944312358,0.3893589458492189,0.24880239834370702,0.03429056673473155,0.06537926960153051,0.007551969754457407
-2.4727881899104016,1.03733104227929,0.3667876536286141,0.4284881918393066,0.40107862758638096,0.06556244566668842,0.16127078797544056,0.00415661974656915
-1.5269761282806285,-0.7348194529358095,-0.13767636319101853,-0.43428141277017845,0.21243919592635163,0.2399335530408043,-0.04640540661894664,-0.008231549354851778
-2.4375949668983843,0.8962743286162058,0.339082122089986,0.38549961348924616,0.33879344765531194,0.03899226717149042,0.15322407366207208,0.006931918972064473
-3.385554028307483,-1.3209028831360292,-1.3792792075192926,0.035439467616177986,0.995642734942945,0.1736315756884585,-0.5130086795073483,0.0074983352237127255
-2.2868671949114736,-1.6367119300658612,-0.3463230370838692,-0.46274181305882794,0.5142549411820531,0.21252358033637558,-0.05770618399881816,0.004206576833443403
-2.1236438991397857,-1.7639733987677924,-0.6044140236574279,-0.5620624098134382,0.45945681731409066,0.218809127781668,-0.09583035255830014,0.004398667395587643
-2.3093201298307786,-1.9995510136503398,-1.4077368567034763,0.20433179967372173,0.8571025821785646,0.2268908570902189,-0.1733575621901627,0.00542438812952452
-1.1411376963755324,0.6824555415042692,-0.8105109298374579,0.1501804419467627,0.06637702146352815,0.0646792022864438,0.07729050172633194,0.0032939752737292712
-0.4258331956974985,0.4411738403544656,-0.853939370620831,-0.06556517871237805,-0.29132232207683995,-0.008045179001191108,-0.0192506251063687,0.018016347869335612
0.00242376535744791,1.5882604989006328,-1.01363738155007,0.07430045459035682,0.3317637165397838,0.058484111095181326,-0.0061584237252966835,0.006298471910504337
-0.4198036576621421,1.6049455928401997,-1.1719217131825932,0.30859334840388647,0.13852626666610648,-0.033877551369472465,0.08164028755801832,-0.03375610334386055
-1.2332605840501325,-0.2616510365943721,-0.522448469613919,-0.21922985602017847,0.009078426381397595,0.12696890435195965,-0.003996911240035753,0.008222728270946984
-1.742820215241999,1.649912543476386,-0.9442420477284037,0.5364874746210059,0.7157160924510203,0.09062369466300789,-0.025661307287371204,0.017917788087830216
-1.2745833197644378,1.0493981032413167,-0.7847894245913105,0.2981917020581413,0.18118172564466747,0.04375076930755553,0.11779852503161822,-0.014675065621676817
-2.4916699245743925,0.598843108958733,-0.45046610596793757,0.37126710659697165,0.4702173889247906,0.10995941124564167,0.023698281901191033,-0.008028274276991307
-1.6267934104184267,-1.1822732373207627,0.09980889010600849,-0.6300937150619684,0.25691201952230547,0.2707916983372857,-0.08922741850111722,-0.0009362959084046756
-2.023773064315316,-0.9333216438089194,0.33854890523911124,-0.4798804906155008,0.38226656855320584,0.26185357379657387,-0.043428635274819626,-0.00037774324738727813
-1.3544926761691367,-1.3506619907698698,-0.05340990881393746,-0.7336697463978469,0.169872347250006,0.27659441231087484,-0.12118991188062285,-0.0006121198581722646
-1.2473874282783786,-1.4924858183393646,-0.4531751189455863,-0.756307565134035,0.17056528504781132,0.29120312762437656,-0.10597750554539058,-0.000562533681394987
-0.5429517760675473,-0.6238427902014787,-1.4811344601495897,-0.35485355343378594,-0.22339534154873916,0.15893707959011083,-0.02565986636497057,-0.008551310579285118
-0.20636995338679737,0.7891551419908696,-0.4647014986910384,-0.20784145978350765,0.1375786053575051,0.01717507377935178,-0.16456961999681874,0.006287873240999338
0.8202439965822201,0.09420148763942666,-1.3047761861324232,-0.5793243393843431,-0.15476759897584344,0.06261267441229014,-0.12900700626089834,0.004419079874725155
-1.0688390177457607,1.0168357902913245,-0.663277701465681,0.1815355379144154,0.18844880959579205,0.1634795707202723,-0.14045116085978948,0.00554462485024473
2.8968446709866447,-1.0405917300543295,-1.001918880793557,-1.3213870978336608,-1.2018353608454608,0.2412577153120406,-0.16449394373704118,0.0027617927227706275
-1.396537461329947,1.0021478955469172,-0.8190038965827464,0.3398867999349454,0.13144844705882572,-0.007163030691837699,0.11323676965573685,-0.00946316302585848
-0.18164407396078988,0.49178205676591435,-1.5136932792846634,-0.06629042722102545,-0.12222443598104549,-0.002403139537815597,0.01357213444647852,0.029541618356577645
-0.9114318995650404,0.2975941226220741,-0.6643009049209107,-0.03017557392813744,-0.16693915859303726,0.004999060819625721,0.01652875795705667,0.017932292180505634
-2.2560948112807604,1.278155465001213,-0.8413734229271213,0.648695026484181,0.37155479949674697,-0.024335457052154355,-0.012620034125259465,-0.015907839097584496
-0.3190634397277742,2.660014553690629,-0.7489933000409227,0.38343502701913745,0.8859478451116813,-0.003083711291662276,0.07784400535707722,-0.019704639267461896
-1.646443609433843,1.8022198196102353,-1.202061028313878,0.6865630686026012,0.4523007186020821,-0.00018719452343999297,-0.031085571869065864,-0.0001683592221683757
-0.18305224851201338,1.2179646697465636,-0.9137330306579643,0.10558090340993569,-0.09310186677242968,-0.009279705226594642,-0.0004789632070523073,-0.007822378428679576
-0.13762065192217335,0.7216976011658893,-1.4535766417248945,0.016358907078559286,-0.1799760271788636,0.016031349944138556,0.015548436626148918,-0.009151626853236769
-1.698589707552646,1.7905801944066988,-0.8912374840878606,0.6739854766868449,0.37707824758563846,-0.03593328970711214,0.028063601321629553,-0.014322959397728333
-1.4065361521603736,1.643658225656087,-0.899551222881644,0.5579476491533291,0.27356740044617667,-0.025968491358569837,0.07082856615038735,-0.01459898486035233
-1.8638090360374908,1.3375762580898285,-0.13721070147626474,0.485239778840958,0.21688726207808393,-0.025726730770586556,0.15909390290743772,0.012883763328356699
1.9452123210384282,1.6461394722660416,1.6947069030376902,-0.4677564319379445,-0.3435266257894997,0.06570061147726962,0.6191505966623768,-0.022363599135801084
-1.126054400529547,1.5268919918663886,-0.31812953274455225,0.34801383982053685,0.19963782028310392,-0.23465250117536018,0.10835128248233811,0.013340017047814057
0.197372714329957,0.5604383419436737,-1.7272029653193262,-0.1200434303558717,-0.1551464033068204,-0.18254043931573444,0.006238124281210618,0.011710494604836811
-1.4598990420175024,0.1132278944493403,-0.4753082461828696,-0.039392383050015266,0.12026473357310347,0.14602965933489204,0.04327180447204595,-0.015216251963704085
-0.734330952978611,1.0723461288857745,-0.8022369531059266,0.19301847131106178,-0.025393243685525944,-0.006077514401299632,0.05355534156435148,-0.012767972303949769
-2.4923699952415443,1.0700573945865957,-0.7862520662057763,0.5957198647761208,0.49890479915112895,0.029319877248328855,-0.041168077691515405,0.03303277312673116
-0.7429458567920011,1.3565004948432444,-0.29365596044814096,0.22467210233267673,-0.042510799466094075,-0.023349898204631406,0.023367733509928195,0.026870390261993247
-1.0136027032573485,0.07282244958945669,-0.5881525944153593,-0.1106596914656216,-0.1216994304182399,0.05357897131640358,0.0032321814530043742,-0.010289077374075504
0.19931645651034918,0.6109035586815781,-0.4362440557217308,-0.23348703979622631,-0.4426333329997363,-0.01907963723782045,-0.1334160296659795,-0.017977469484174974
-1.0932766780706715,1.0897710043098496,-1.2195732953652496,0.31902612108265843,0.19479208099133732,-0.020107571558476155,0.07068149444802078,-0.015745701721721708
-0.23313751261607255,0.9349448119816833,-0.8346789136643488,0.019178810425478306,-0.1608278345093523,-0.0016981561905594878,-0.019301809041993863,0.004479536426612193
-1.5370215570703734,1.9539144332205383,-0.9752537831009367,0.6553811101974816,0.5143190364416209,-0.017756595525477405,0.013185211878625827,-0.010759026892169458
-2.717844830145507,0.9723733376395984,0.14801316936636047,0.49350141687087284,0.47293135349068327,0.04708399484780717,0.10075863782752635,0.007016966213404112
-2.6520951713170877,0.6046737882571811,-0.964892385993267,0.4263537944259703,0.7213774673536367,0.29083344420742113,-0.12589620630618095,-0.0030652183663356053
-1.6281253983548545,0.20312413741315488,-0.48006852849459514,-0.0052865753473098406,0.3101471576101209,0.3143894231929625,0.05176700257885385,-0.0053877238554926425
-1.3194939162068355,-1.5877147617233356,-0.9553914375725575,-0.7022224643331595,0.2330659335045599,0.3251875295914863,-0.05565302976355109,-0.0042129426140164105
0.16550208968580254,-0.018549358062880748,-1.1962573891230757,-0.3287500778726898,-0.46974627662378915,0.035971254796339905,-0.09750796697448766,0.03302547943348284
-1.7534353509910579,1.563407084717949,-1.0589057673578433,0.564774243854554,0.5843697996271988,-0.11677595325536101,-0.011115147654377341,-0.00863922484739168
-1.155613736424535,0.09404913112853933,-0.5981716466282552,-0.08134083402482348,-0.030008732429805382,0.08467147925940625,0.020755387005593418,0.01884737482295116
-2.078778190741949,0.292377080087521,-0.27809352944338533,0.14295626097149897,0.3167639240958646,0.14138036253019942,0.11775666431487541,0.010226116348705681
-2.447044930620369,1.1594984394023198,0.43791411411804476,0.45322054877887924,0.40809621914268907,0.08959086957608282,0.15473914900513375,0.011027377231667041
-2.0206356811283235,1.8571875388486325,-0.6101260276448248,0.7309240489658818,0.466056748648344,-0.05653955133573999,0.03440907214677853,-0.010513702275005123
-1.0781474058885192,0.8422731168867814,-1.5680636534985837,0.2989083911868812,0.11219290840819794,0.020851605409609106,0.020108986599881636,-0.019910738368088914
-1.2966529645121538,-0.45101517519589146,-0.766272205977498,-0.25971803596957765,0.10589012262352525,0.2036845721668057,0.007811209233217372,-0.03954111330253329
0.029016535713216884,0.3922506675574445,-0.8889249912048188,-0.20854570052778337,-0.3631301173727753,0.01802979965800892,-0.08365470361682709,0.0006246132198182692
-1.272931102669907,1.385683332287469,0.156013452273448,0.23267210182984252,0.2895782524168422,-0.2520075476259178,0.0726654707684681,0.011965442005975135
-0.6852158650673665,1.081442999245671,0.09062695459053098,-0.005015105153948354,0.07440719094345061,-0.24911127377512995,-0.018747154152038332,0.015351071275548155
-0.08309789191040451,0.5097253145022912,-1.1433667100225238,-0.18633723700941832,-0.02598352632190419,-0.20383390179988925,-0.016330058221246935,0.014608330635489022
-1.6998014253921774,0.3015632132670423,-0.5955796579102616,0.12568673482690895,0.14944933020583917,0.05052602981707365,0.10941916041657376,0.016452938155961983
-1.0851799638661175,1.8515311861546389,-1.3424396338742002,0.5677669718792344,0.3892403669239844,-0.038606104636927235,0.014949190483158705,-0.002433091540505484
-0.21822416327977517,1.1536680161271713,-0.9547013231571098,0.11089933725832113,-0.13091206421077153,-0.03291159598860539,0.007656077442238183,0.021030044505111194
-1.526573471785173,-0.24731478435516374,-1.3414547246365789,-0.04298597458751957,0.21072620633238318,0.15195952530898976,0.015683850911286278,0.030396434382471263
-0.7385038968648069,0.7116132121831202,-1.571179695210538,0.15960760681287597,0.05140785681785368,-0.0031036713863455117,0.06798623804823686,0.006708338586901931
-1.3709855444032522,0.7807575950732036,-1.4641839497794564,0.3404455147704866,0.1510034818482335,0.018554583797918304,0.004311493547371156,-0.0008276114768072961
-0.7960909400765791,0.8344574519976965,-0.9543554833302971,0.1527714712306523,-0.04396519687406642,0.01752301200548899,0.06030754822721014,0.013448272958333304
-2.1143981661417333,1.628850765531876,-0.07987881200840428,0.624194329036157,0.359845424253724,-0.019051863551004956,0.12831009876500138,0.0135276297693046
-0.4169125018305828,1.5285623517342375,-0.9371553714599643,0.23756828310136138,0.14002640152789883,0.10491946794446214,0.03920368170919083,0.03941480220254645
-1.3020335308127902,1.2963886758470646,-0.6212087842866199,0.3835685040154394,0.1550697890480995,-0.0033829155898127527,0.12536692145255837,0.009480195040965275
-0.3098436768040893,0.8377381161318735,-0.6230398237289876,-0.10026171275481907,0.0648817036752547,-0.2904328028579837,-0.009522443967879697,0.010332480012154796
0.13414606332511633,0.6323641846552521,-0.5623694184362261,-0.2856919104207672,-0.10898331887003515,-0.2922342897907972,-0.08727461949350819,0.012055426238678061
-2.375504914479467,0.25210793281736527,-0.09466589851446378,0.159427212458,0.4264560091587337,0.16277814281530034,0.1061321256177762,-0.03276326378394551
-1.1657526985815558,1.1047897346489461,-0.5991046305291569,0.2795838029180173,0.08997986942101345,0.02625343119492022,0.09010790268331487,0.005575794825808835
-0.1896446397444024,0.8753759758943469,-0.9282194812001903,0.011223153682989363,-0.20553933849379497,-0.011282776857217696,-0.01807222699280379,0.008065316233977698
-1.0307312776982132,1.558706393333643,-0.4651944528227278,0.37771766866446543,0.12485850224833593,-0.0065778932100098615,0.08899348750996543,-0.008890424379674513
-0.48903772659511946,2.136851804032667,-1.2628981982210707,0.3655911784688759,0.7391237751410535,0.0342653331326135,0.04893509960522972,0.018096089522400112
-1.4059951404029352,1.9306388006236253,-1.223252942579371,0.6871324795215532,0.3730728942975898,-0.06589405785046619,0.002523717928429612,-0.015240318819388303
-0.9754371509965601,1.1357882511551292,-0.9663492703380518,0.2998265050700981,0.06147155083084123,-0.014599601148556279,0.10766782587813378,0.00028494196666488706
-1.204341654730379,0.5996345684100459,-0.8630177729455295,0.15971733900284255,0.028364148139868543,0.0428476221115812,0.08965782304137485,0.006708479416956632
-2.0787695651695226,1.199727320803053,-0.6120134866209631,0.5044203200355458,0.44247716449988056,0.060169352411946084,0.03400862539751303,0.012871814708085072
-2.8493966396229684,-1.9788793494547938,0.030131105862884158,-0.592818158724346,0.4917873445503208,0.24617715284852656,0.03656125062053608,-0.0077774566624265636
-0.9872248039809265,1.5074009458668705,-0.771834706241151,0.37125314833562284,0.20480147679990052,0.009543619078098723,0.10859077673367437,-0.004933140847523934
-0.7767313513765789,1.3524237161304906,-1.0009947594521578,0.297034710936441,0.14885673064985366,0.01792697005775981,0.09280670195125301,-0.008253281118839367
-0.6643238351255467,0.42025508297132436,-1.5748248747310443,0.0596157388619147,-0.06253575898110739,0.06322064520882115,0.07564296396485277,0.01795605616340482
-0.5777062931053407,0.5199765716018783,-1.5621844747528553,0.07455371858763986,-0.08625192940771911,0.028089893036444706,0.07178381478530198,0.018141993749037848
1.0782267355731125,1.0116472331209092,-1.103866088082492,-0.26714979415028123,-0.4061506910099122,0.07740587813265623,-0.17297554158883027,0.006779711613272228
-1.5398244187963055,1.9901744112424762,-0.7927007839057219,0.6910138430502698,0.35740142966311583,-0.05063131578919906,0.061195803096356007,0.007977954206361054
-0.2129228170284505,0.5549644557086771,-1.0399178093144472,-0.08774233143768782,-0.20237255177095087,0.027075718338440042,-0.027847146827176993,0.011009342945554465
-1.0898335402792374,1.4387983751274258,-1.4234732044099856,0.4584821220243095,0.2753702413276152,-0.07007121604837525,0.024429345839605446,-0.011748016797629284
-3.137383474452262,0.8275218965009955,-0.031107747908969113,0.5184075495704248,0.7326154196315063,0.16933530341082842,-0.009995919913092881,-0.0013494867021034444
0.05824552766552358,0.1851800148464688,-0.9758418843564252,-0.2638151666007809,-0.42927405413422437,0.018894270679503198,-0.09129367111014397,-0.0033938632019402943
-0.95420284402574,0.6984447135959162,-0.8241401667322189,0.1561611775200638,-0.1286674364730721,-0.03335216155003699,0.06719468318785202,0.016347397050178424
-0.6398138072654828,1.0308544879386208,-0.9075845983575547,0.1714193143358889,-0.051369214238338214,0.011098045715651275,0.04720899037798074,0.02444076008519473
1.4372501107093039,0.35455559522681124,-0.11675226813727416,2.1392354614223485,0.9559441750766592,0.01812313354902227,0.2635640726381483,-0.0001249840609055394
1.4320989140171712,0.7941893757126319,-0.27362909088719256,0.09701906592470316,0.16767662210941914,0.02874999325555104,0.24210974596982987,0.00020514092835207501
-1.1008579716050728,-1.0150405052930416,-1.0747721138457842,-0.48982649675363016,0.09793304421909899,0.22749781299787963,-0.025469798670064197,-0.01799149557793097
0.0545662296331107,0.3872267998974558,-0.6578495139636781,-0.24100059532794005,-0.4206864271166961,0.010929102565571036,-0.10888837667029434,-0.0035895827830388425
0.7347608237184913,1.3748437083399103,-1.121765047587888,-0.23907507963536023,0.34315525059715557,0.021273545366916346,-0.1064208084098089,-0.017082789560217755
-0.07588787919072387,0.2064835949781177,-0.9707167039775183,-0.2319710180411004,-0.3625558373812264,0.05136787788137567,-0.0758800671618798,0.01904932453310232
-0.510761300447452,0.00818269202426784,-1.2034128092761105,-0.16866159894396915,-0.21758842920059862,0.07310643508984103,-0.009278281394522246,-0.0016124812172423713
-1.2817856703603634,-1.5889507166923762,-0.669907650825982,-0.7516939279679671,0.19158800545376015,0.2932524832175653,-0.0857531297678592,-0.015950966502386185
-2.055756795194458,-1.0214285046115263,-0.8706309319248202,-0.32027517113700654,0.4512532826898908,0.2417775425281142,0.027012330767032817,-0.009116690339735304
-0.16235350548809638,0.4407460300747404,-1.300166728935124,-0.07935058660956722,-0.2841074095478065,0.003552200924950462,-0.011875599818984065,-0.01177478793092312
-0.0743686702528737,0.18753947163666665,-0.9233701566206166,-0.2462289818954633,-0.368615159629659,0.03355268659644414,-0.0802689726873485,-0.011582290993974351
-0.9963773201900026,-0.6581463584432277,-1.4539856122544925,-0.31181011463929814,0.07049369690130107,0.20576938743504,0.02378384745930846,0.0005247714633374111
0.29510020231372786,0.6962976741080923,-0.5725589956200959,-0.2507701102975454,-0.30722007101123,-0.060452327170890746,-0.12603553664026534,0.003301149624491171
0.5050571705374259,0.46813042631136964,-1.1321625520847807,-0.30711536664729644,-0.3289400136400294,-0.04000307543155124,-0.114797996805117,0.0025478317068575495
-1.2692189223943164,-0.9646524070158603,-0.6566421970296529,-0.5043141328761084,0.1583910178457958,0.25058567593629893,-0.0446864006459462,-0.014103967073914703
-0.9507180594379311,-0.433681008208808,-0.773824954471405,-0.31503185931629585,-0.06383237924700487,0.1610509845873301,-0.03061076450347797,0.0011986785725532478
0.3734183188763703,0.1870804083576588,-0.8064756378616971,-0.37571548461670795,-0.5000530467180636,0.019585141783583386,-0.15038873257900273,-0.013775341900009928
-0.5812732189214627,0.44662034848498955,-1.0044341446450573,-0.023297028405071047,-0.16885822846864412,0.01787416589430425,0.013581500323340824,0.011683692313377925
-0.4602029692492218,0.5912571574756069,-1.257619289737342,0.030552808952855975,-0.15045421167913814,0.037278090716942734,0.028649090202677585,0.008911185917835372
-1.568345805928364,1.2014985346171076,-0.9784636035857651,0.46531035880739563,0.2302350904243334,0.01188978714364818,0.0502921850302099,0.00948974457888236
-1.1148194246287089,-0.6633467146736829,-0.9049420079911803,-0.36107822402489276,0.04592051469828802,0.1927937014066652,-0.014504960053789984,0.045077120857750945
-0.537235232991996,0.6473628906328948,-1.285265957028088,0.07991937989777428,-0.141151995758113,-0.012893175299851456,0.05093825344081619,-0.039145627988344776
-0.19222394077870816,-0.23305309556729217,-0.6593099512118028,-0.4009799794939787,-0.41845553914718964,0.052056036888188925,-0.11860072026037213,-0.007037802289416367
-0.8819962202159732,1.0493052606022244,-0.6263459731655753,0.20406252065944255,-0.028134828673315893,-0.003874145170454796,0.05492562023564968,0.005912259996082131
-1.5196835857005495,1.3623673096485296,-0.635194144733947,0.46455926668914094,0.2105951797832996,-0.008776760989671823,0.11499212005567241,0.006616496085760782
0.12015461242374971,0.8693297994648588,-0.43914324086544376,-0.26941495275058497,0.08588306328503789,-0.1752124147285663,-0.09737153915493775,-0.0005198881418652584
-0.4536156642737956,0.24230498223424163,-0.5161458392887801,-0.19377832540931678,-0.2850571327692358,0.039398107779832464,-0.0672825668775631,-0.0065499418420612715
-0.5172378086739116,1.30896035737632,-0.9979220819443659,0.14787514781532296,0.29284261714920734,-0.10106204344377788,0.06470825453352703,0.009944407113500895
0.18561601073732298,0.956224988858358,-1.0252199283977321,-0.13918755607709077,0.03017777027894037,-0.09966683093210098,-0.049387294871229,0.008851866919167516
-1.6531774220678073,-0.09139466931837358,-1.1441080643610702,0.014658626572920663,0.24957219942836356,0.148361517368632,0.028836272883887792,0.00021380612517402084
-1.5386068640770587,1.0122712077528095,-0.3604399301921595,0.3230366155981344,0.10289567974083474,-0.0031609007399327634,0.1144129984203202,-0.001727745847876867
-0.813854342151961,0.6598252343975392,-0.6134907106735359,-0.042284310556457205,0.19446535108448212,-0.1413621179719441,0.03060072873151192,-0.0007214361974006368
0.0018511905166093405,0.970355864614472,-1.3179855405225913,0.02938938199063818,-0.1345984966986164,-0.0017233926408579995,-0.0010003290137913798,-0.0002981999442729718
-0.8769525894713343,1.1215253064328796,-1.2560378666178968,0.3184468199849055,0.03359356760377775,0.018151919065745228,0.09671449872632898,-0.012675755264658074
-0.18649833737422858,0.5811962928280747,-1.0821062168410605,-0.06604977244784889,-0.24455436062792837,0.029155256626686766,-0.02502691050873121,-0.015454488863704539
0.6309351910261572,0.7519111334125899,-1.2821213592256013,-0.20232817984245968,-0.3620046364781443,-0.009040970414421054,-0.10204873467514063,-0.022466806829436338
-0.9731249680652291,0.7432468175149279,-0.6991676029830851,0.12463100395076154,-0.018051491375538707,0.04557525918745359,0.05050316947670978,0.006064448684352708
-1.6233613944737622,0.09915034505054078,-0.8912186822584031,0.062390469269820864,0.17519919715379065,0.08399936719009618,0.08486214718365413,-0.009717514028609625
-0.45867726401228043,0.741019603914814,-1.1347755523825844,0.060844484835771706,-0.12960767649614077,0.0025983884508124304,0.02903969414316395,-0.017627242892581607
-0.7413085701720572,0.7334053713013429,-0.7861706399182573,0.09359432629839717,-0.13317305182910186,-0.0031144081233826578,0.033543347154957874,-0.011510920126593065
-1.845974001040984,0.7797760673069941,0.2836861497311357,0.19777018836008414,0.18914480554320984,0.016913538873757464,0.07371055168885562,0.022879875676389067
-1.009509997151718,0.41668549394377175,0.506549778792644,-0.15752046529815028,-0.14975432633114905,0.009215788583372827,-0.08280673122470725,0.018201832319819203
0.5207044360427251,-0.5234176580171499,0.18405584652323362,-0.8107560421365938,-0.6997770979018147,0.10488216564335573,-0.32290272964781513,0.005661204878313247
-1.0145901936921484,-0.042537456753795666,-0.9095674098917154,-0.13575100243779206,-0.005411874004291321,0.1286975444643364,0.01918568595230984,0.024214334255506845
-1.900191557044034,0.12095253332207213,-0.49921817988833384,0.06029150492035161,0.2976687276803719,0.1702019558664035,0.10183129403907068,-0.0014122307554661154
-1.5816154588703584,0.4297943585905014,-1.2039250808918085,0.22602085595612834,0.1713325151405391,0.06228108810197007,0.029533256756342198,0.0021455370085970834
-0.5113842173953995,1.6439218410661296,-0.9511766041647688,0.3204278048414505,0.12601311217501315,-0.022649521229674237,0.07358194337663611,0.007905625943922214
-0.43995071728247653,0.3517448973621822,-0.9835402690128735,-0.06962001123590277,-0.3040013866950015,-0.021274906187072243,-0.008368348138303196,0.018028238807365215
-0.5454279017406183,1.0474824142914867,-1.2202084843269334,0.20534346110787718,-0.06830306033965677,0.018635098293959717,0.06650333165695671,-0.003946552925699134
0.11591333215961062,0.5882933686836517,-1.2389931925877187,-0.12856895582918537,-0.27356307049388634,0.01491078400081051,-0.048966169734024206,-0.00681839065982987
-0.12691340782910754,1.9548540642090924,-0.6263689975720442,0.26338357593474504,0.1066121031818313,-0.029791937851228495,0.008203028204926804,0.047029842216550634
1.9885410144814477,1.7180776632091286,-0.1383782892176255,-0.8698621526193193,0.9152843308673823,0.12199917435877194,-0.37688035825553534,0.01085129758352842
-0.11934093827416321,0.6727565152310894,-1.2867027400814786,-0.11563258853356892,0.07151555302005486,-0.0958492907881581,0.0009481176874014561,0.020393157432380665
-0.8817132011804553,1.1803477483736855,-0.5268399280142125,0.07452277047658333,0.49819170984420985,-0.2807572101468305,0.0752013708312365,0.02570563435667721
-0.2415865640785888,0.03543526281775688,-1.5675876928117998,-0.15576167249874573,-0.31425930096734384,0.027079327968053624,-0.0019372613138548512,0.0093828185035004
0.0560397138299,0.18414930471542407,-0.2949359722328409,-0.4240032808377643,-0.28609972534698674,0.22470753570929028,-0.18315406209094082,-0.0012865621946643022
-0.41465939123961626,0.16051379594538168,-1.4435933955230102,-0.1695805250658718,0.009800819337180218,0.2660292378432448,-0.012012250651660707,-0.0018649442938446594
0.6446725300772705,-0.2896700547435294,-1.119103831732838,-0.6216241919572846,-0.42353105691404425,0.2551461063413752,-0.21160113989080087,-0.001846255225429224
0.10697106549991835,-0.2138491701565027,-1.0820349519113475,-0.40038029978516226,-0.4851313207392576,0.03057655801694226,-0.11291262927034715,-0.017307185540841045
-0.8263259868931286,0.7055578283332115,-1.0177693017397407,0.1172012008447564,-0.02330946293447822,0.04603754293679969,0.059997250636203765,0.0004980549046208426
0.16935293092429263,0.3622459024351075,-1.179543635011782,-0.35735057147000704,0.08826240045419256,-0.1754699896995474,-0.061655248492469186,-0.0006716959591758147
-1.4542539984520755,-0.41777048126517785,-0.7705651898092379,-0.22304895832461707,0.2030053846768748,0.23576927416005627,0.02876165870374469,0.04094487429639927
-0.6933228315130663,1.0333221328655884,-1.0842296439399717,0.13273663944295327,0.23201982660094247,-0.09220537249769173,0.07942848883416159,-0.007222136911103495
0.2562750219793991,-0.01735811017196873,-1.1340510779655202,-0.3678394088803024,-0.47466241421038996,0.03954687589603123,-0.11690804270695163,0.010278088037680896
0.33838788845149587,0.25692255611064907,-1.179481456871115,-0.2975777994996057,-0.4191797448728891,0.03011334213056223,-0.10614636639502668,-0.019274974764621516
0.3325679070165151,0.8432301957662642,-1.4165747271024967,-0.084422629065893,-0.22999584635600762,0.01413188181609511,-0.04534632002770644,-0.016919169046782614
-1.0669912299214406,0.7687140955896618,-0.6189839201584032,0.15360279369224578,-0.023223445554272616,0.004760908685235696,0.06075556189572421,-0.0006638305887549871
-0.864465846855041,-0.14862676508981246,-1.4815275362392786,-0.1144716692065397,-0.052695821419962284,0.12594002678773086,0.050577863927213966,0.016140280457280446
-1.0933272083610934,-0.2774856961078946,-1.5044134708024695,-0.11681480580631257,0.04812358732602302,0.1331852632432403,0.05143989780552963,0.00975367516655332
0.42323168551070756,0.4594876733255844,1.5590162742445433,-0.2174706477455695,-0.46181964082724086,0.11191017985230058,-0.040268966897534585,0.0016101234011433325
-1.6561255428972435,1.0059210465276696,-0.42878055705850604,0.33475895583447196,0.2230074055749272,0.047533394174221734,0.1311751066996007,0.003779613927001422
-0.5747094896387706,0.6110940711248494,0.1938459562866039,-0.14234391515391673,-0.24946678494366786,0.0255989716474293,-0.09779878946963194,0.0005484525429158309
-0.582884649251577,0.5058367653455528,-0.2970514961325912,-0.11282373331285843,-0.19589430025161614,0.04338672437262609,-0.056608427614544266,0.0006023733418891428
-0.1664751841147681,0.2322737243188276,-0.603300227795537,-0.26741255276525494,-0.32164172800473256,0.05478838344402575,-0.1001027351373355,5.6843843818722454e-05
-1.0005534661119049,0.8332308464735255,-1.2205217806574207,0.24706378225595343,0.015445959619742041,-0.004070216313994745,0.10132703249092012,0.0188525690767588
-0.45451004238010023,1.3888028275584032,-1.0608745107598871,0.2448447505857717,0.04777751746658804,-0.002759039894253092,0.05942873781015647,-0.03212116921338522
0.8620940155318271,1.5664246861390902,-1.0382620781764744,-0.05753363158035595,-0.1875093097522173,-0.019286383821108623,-0.10987581320990954,-0.03216963984034346
-0.414489356467089,-0.7324014511551783,-1.2341426773553636,-0.4520656556939116,-0.3236512614570798,0.05562896637697767,-0.06296785130718904,0.0013083907119374673
-0.2909240157251927,-0.3207282457335973,-1.3343101443556453,-0.3019241431031709,-0.3675295017389215,0.03648503671817838,-0.04116461017629706,0.02768780729326437
-1.205830211195918,0.44737327985197833,-1.790375097378734,0.2612609774753514,-0.012721585778215892,0.03515012783575952,-0.013566021105118653,-0.011945834880430899
-1.0673931676846358,0.6385187187806503,-1.0490269564486712,0.17351021116980847,-0.012192612702863091,0.016179443588912948,0.09538611866177676,0.02217390764933528
-1.6571267329789965,0.43834920221581625,-1.568325423910948,0.2898373605578599,0.23518336254153707,0.06267766138478038,-0.04936349096322924,0.0014259800995311599
-0.5013409434006435,1.155339932424733,-1.3731626396035634,0.23144315872377008,0.020664311616476132,-0.014609286213079562,0.08523902080836003,0.02881663156661213
-0.5040268628996564,0.5762355486155618,-1.0420383873276227,0.00803099386884866,-0.16911919620691632,0.025534047654083247,0.013837108432079094,0.005318599295511707
-0.615851626946831,0.1895442169698219,-0.2519515568449315,-0.1863054684731656,-0.3478322160277843,-0.0062968499566090925,-0.06932079100729874,0.0051271528740285755
-0.7167898260765335,0.11476813980446669,-0.8114298128312042,-0.11503224974523872,-0.2521371851658502,0.013975501318704757,-0.006732909128253011,0.005395637745076278
0.7699844692084368,0.7113808928152565,-1.194465050617332,-0.26450491487480904,-0.4112276983901839,0.010774831787397585,-0.13505798168991334,0.01255198466670734
-0.2533348489884036,1.1027142872963211,-1.2088111459357012,0.0933754044017511,0.04142836172286137,0.02543980863942162,0.025907154046839312,0.02383760242791929
-1.7516884547938552,-0.7625015662312103,-0.9797175315173494,-0.29431180496140413,0.4323712156560806,0.3698496952047366,0.023857541834876227,0.028401954384277044
1.7113136307741388,-1.1127373211337825,-0.1736833842328823,0.8608806426152176,-0.26571136866808925,0.02296484234930506,-0.48642430791562113,0.0022554087956252506
3.309888689784826,-0.7907365119931073,0.48075393272219014,1.1925208346220773,-0.4313030530394629,0.0716971690268804,0.3070408763737769,-0.002367042292282782
-0.2173038932532312,0.7741400899485482,-0.8927300478807231,2.155904380338856,0.7715215114693901,0.01438435425911683,-0.019234650111811986,0.0018987708919678819
2.0664634545368004,0.5999715909987718,-0.7473777653406612,-0.6630057327774972,-0.9150539542497181,-0.022533721661297336,-0.35555973269356805,-0.007524938959316754
-0.9212307824229489,1.1076188602564174,-0.5465197871163587,0.21859047854596972,-0.003728255239878834,-0.026147593607584212,0.057689516657872225,-0.016879679286531488
1.1942118644195316,2.2681193836429667,0.7420413117921278,-0.1265178951326435,-0.4284714768504812,-0.11507663844630821,-0.27742807323326873,0.04533831838322907
0.1761580894940192,2.3973270008706935,-0.1578162839867266,0.2699209249671152,0.05531774990491222,-0.05206031013705429,-0.050688319465143857,-0.059495588782332076
-0.19365092368008013,1.3438676458670646,-0.33490042893505545,0.10738372375077572,-0.25474898343007113,-0.3733608157767284,-0.00975319189761646,-0.004729409944728235
1.1946612146724636,-0.4856658662692609,-0.8229243470168656,-0.7846796758167098,-0.9069119351142497,0.018574102148092606,-0.3002177910696213,0.015697936051598683
-0.8808225023930967,-0.27603855872492844,-0.2998627347752518,-0.2935779164419265,-0.2748131087085411,0.051363400407699066,-0.06409961285231354,-0.0019216488026305685
-0.40614783969696955,-0.700223655362414,-1.1539881860249661,-0.44283544350957826,-0.36616695451205117,0.08276896065417533,-0.0723158854382171,-0.00039013900711662235
-1.727388721827406,0.25794557020812287,1.9588815928610313,-0.2812787026409908,0.02078132438700621,0.137321301056363,-0.1561619887587598,-0.017634312397806818
-0.557471580616281,-0.4781799938220267,-0.8321546437207251,-0.40264217420564447,-0.23028183879796613,0.13264778794065402,-0.07712643101857804,-0.004687323288071408
-1.6224532051443699,1.211018381299725,0.11989320691446285,0.35690679102559747,0.06779001375085747,-0.01975441576740311,0.09235827725649695,-0.0043236353416807455
-1.91020847689256,1.447059496730447,0.33532899919197107,0.467557540753285,0.19953645501050785,-0.031940147385535925,0.12467677858708374,0.0030806094264966394
0.6927628450863346,0.7200178509825366,-1.0355896740874426,-0.25709543668876084,-0.4289630475568236,-0.0030525629694487283,-0.13650825760988758,-0.01960930779888163
-1.9274482897881264,1.4920017315088985,-0.7336988852194616,0.5872477579251727,0.44369484443452767,0.10067681027040035,0.017316253555669167,-0.0022933969362846024
-1.770691206710692,-0.22674312847527253,0.40700043462202923,-0.23955943317531153,0.18423098944308963,0.17583319031800357,-0.029175148718690456,-0.018857327657907954
1.3023318251285216,0.5226036003879496,-1.1785390353293588,-0.4679519775539417,-0.5762716121503466,0.01095749310999089,-0.218421386969141,0.011702649417287422
-1.600477637917616,1.4688474194949865,-0.07877755559963834,0.45135898862440116,0.17485132209986107,-0.0139213953427342,0.12381777262918107,0.008656988488102809
-1.501900712183538,0.18943851339670645,0.011877235206368028,-0.058517124184023134,0.05206484953604314,0.08793074429978666,0.011112435451578986,-0.027975455056715188
-0.6733448288891342,-0.044823410579853784,-0.3427705089470017,-0.26372446973818814,-0.2841796892926322,-0.3068273655692318,-0.0367301587633475,0.004635836949097516
-0.4392555892735708,-0.2806566829457995,-0.8836624340085047,-0.3309379908184686,-0.3168983033237471,-0.2869598156215209,-0.030695702749722227,0.005493681274288695
-1.6530733696014532,0.9134286741827993,-0.02424011542679826,0.2600762260400536,0.11930626396353032,0.04239631528194985,0.08583171457336547,-0.0037143299825147347
-1.380444741770048,0.7075195260395399,-0.34526938047619515,0.1652869980829214,0.04936240883335068,0.05421919188207027,0.06687277047543674,-0.003490687712370834
-0.334458984247227,0.889331956124481,-0.05332020178120487,-0.17095091640280347,0.07027312298295092,-0.14486834462894865,-0.07526547931436209,-0.022199381218139688
-1.7137629658338818,2.1279684862985526,-0.2588493886435934,0.7122377707078588,0.3714888135791543,-0.1000440570734107,0.13546932561385067,-0.008156646142363985
-2.1014939351665074,1.215496540670093,0.16990363372659428,0.463872383070411,0.21814717712267778,-0.021718220662094105,0.15226944192936023,0.011900055215899043
1.4760960466897841,0.6762464298610475,-1.8047396207783855,-0.39548887082676665,-0.4565186769258026,0.008458325354931512,-0.17162785528146535,-0.021058480530655833
-1.2939250058355916,0.6040657544879666,-0.24237661472925048,0.09885383969096447,-0.017499523121199654,0.040235762437436304,0.040197674192063826,-0.0030480211709621985
0.5408095802576732,0.33018608998221055,-1.5871267656032624,-0.2611608514868902,-0.436921513225594,0.012190215483240518,-0.08588526569973594,-0.0045795587595792095
0.02269139762571446,-1.7243782713484364,-1.3714649774877103,-0.9823770242792648,-0.25511129624983914,0.2985258143731247,-0.19902974423026362,-0.01807882329786769
-2.389083308505959,0.6574845119500767,0.030572822983611,0.31911193260417753,0.3659859674428708,0.07067217076391961,0.13156338670236922,0.02706510140148766
0.5791657434493437,0.05215395525158137,-1.551711460616598,-0.37312943164657514,-0.4867499031340097,0.04898697620938903,-0.11557711462332189,-0.006254503939426422
-0.02056018391424152,-0.6321374675972752,-1.274443522802545,-0.5207527569346726,-0.3779597797227778,0.11864853075130302,-0.11282698645474407,-0.003597058895070348
-0.3376215561965827,0.3358315174075741,-0.9435865820001209,-0.14143986236105563,-0.22542622002225182,-0.08411240311531622,-0.02226475200504363,0.0017315167869964168
0.09566138313138872,0.11113356687003507,-0.9933303110668726,-0.31660137055462695,-0.38390505067256436,-0.08194469313149604,-0.08938190065986334,0.002941892228239547
-0.07939660788505411,0.4841006281059386,-0.27525586703606225,-0.2219813137530223,-0.4282648848654084,-0.029742046613570786,-0.11922391430585062,-0.008106012792130508
-1.387511283287578,1.1087784946894614,-0.36705872399448003,0.3198272315204736,0.07517871661414983,-0.02731670444249025,0.1037891613374461,-0.007752672093679893
-1.0427828857883021,0.8454976128727131,-0.7860361035397192,0.20068717889545942,-0.01188127734500792,-0.011832379090876519,0.0814943471216711,-0.007572632777449981
-0.45067020988528195,-1.2489916913975514,-1.1475164362106185,-0.7229001013205636,-0.10607184925740706,0.29279081406398977,-0.12673394052802198,0.004446897653985329
-1.6421455752148324,0.3992485092500655,-0.8260651290075761,0.17979229385869422,0.15604808957528413,0.08475494612384589,0.08725984105503053,-0.00709653214432363
-2.1219033873368636,1.1007691223846643,-1.1113797576135804,0.5386752026933898,0.5013526923325623,-0.03634399234427595,-0.05089062114133214,-0.0006642121245340953
-2.4054504826299787,1.2294000442877269,-1.1670746093382809,0.6541430335161644,0.6073765860562614,-0.04535074345955971,-0.10292823794713629,-0.0002737245115150915
-1.8213146170925807,0.9475896475465476,-1.1288424801344268,0.41964576257940756,0.39560248427504396,-0.025973898003056398,-0.008119604347376456,-0.0010246021666951673
-2.0267587928125126,1.0281001183871055,-1.2270185662216828,0.5057916750725194,0.4773234481617496,-0.032072647843387106,-0.05704402884820589,-0.0006917437423278472
0.04766485440868329,1.9554851160830422,-0.3928492733626782,0.18951776429743283,0.027401684127017836,-0.04058781115924292,-0.03726922283000271,0.044520798891109596
-0.3854618316268524,-0.89393620574906,-1.6789621007556175,-0.5016609371362434,-0.1487606856446892,0.25917403693189844,-0.05565247796163161,-0.0067438870693117825
0.060368279023014455,-0.6750296270953845,-1.3707338101799071,-0.5372699673320003,-0.4128539254981207,0.11053138954525085,-0.1156517030658768,-0.00586776688185553
-0.3369137331821218,0.38584902364042095,-0.3968822095525372,-0.18414815003167395,-0.3278959883456297,0.014569687658910603,-0.08360751702547858,-0.011132971918277952
-2.2319407357972274,2.149010645865921,-0.25367858744958727,0.8352537450734805,0.5305784763511783,-0.05777647415944337,0.06008077476250769,-0.00946382118479461
0.3012461181547452,0.011287411332879568,-1.4114010278733702,-0.33794810194716646,-0.42931375802497257,0.06546847474698116,-0.09668757320243158,-0.018825936388002062
0.22517541423401943,-0.587842619655738,-1.5809812213218195,-0.5162006057482725,-0.432194457182222,0.1165561148929397,-0.11186173475531,-0.0010958557605842297
-1.9214103781200804,-0.6343344427056791,0.13283226944232093,-0.2783323684156565,0.10889351779871667,0.04328801559658786,0.009030161567053184,0.008556765689696334
-1.0544564810204617,-1.2686123383339092,-0.796528457389344,-0.584526477096816,-0.12278734650364079,0.07784471000711998,-0.05705187456123882,0.012729593969849018
0.8442967382896966,0.12822869129872186,-1.6627834689705527,-0.3983789292362734,-0.5345487952910163,0.00969325912994071,-0.13141897172408587,0.018213277012555158
0.059601722219208654,0.9882192438665948,-0.8164933631719238,-0.03729660257622303,-0.23806447736977887,-0.026251656739848646,-0.05470914384712029,0.01446936264791837
0.0418382562907561,-0.6947059023306554,-1.5130128155647378,-0.5131719937809209,-0.41595135455332677,0.15756794153783696,-0.10487489992517973,0.002321695083476773
-1.9135572178190199,0.5825304005514247,-0.5273906709203299,0.27154893384554624,0.21680530093025666,0.04761190280866757,0.10342345750610367,-0.00350684914509461
0.20121574349470311,-0.671315691300527,-1.398903907985114,-0.5508164839852742,-0.5018066759326849,0.05768521848480369,-0.12536208873872345,-0.025828262826437357
-0.9424610504184848,1.0574050168284757,-0.6780283190278693,0.2198134082963754,0.02538626324208096,0.0018485104554994216,0.06750941071386966,0.004207826488838656
-0.9434783008511555,0.715016636612146,-0.4679772738059162,0.07190003075153405,-0.04381505627066407,0.04837400907385833,0.021085885667733954,0.002606862604138942
-1.1089422501888666,1.542753548322615,-0.4354687189657787,0.39622727514493766,0.11268520130120789,-0.04749070620365296,0.1013781872029013,0.002380753969563788
-2.620937311541976,0.6130613695059592,-1.0670881424679461,0.48017622021566264,0.5766307655034478,0.08921607812099125,-0.10590822722048591,0.008354296415811101
-2.93741105726539,1.1567832089839158,-0.46636592100319174,0.6949129769550989,0.5838083397224013,0.013063319389674045,-0.0426898808864799,0.005238599680410898
-1.349616169067285,0.3216203603132738,0.07531344789652164,-0.07117914552787197,0.06070472743336113,0.15575600140600027,-0.015525862049316523,0.0007052373834532332
-0.8407403253357413,-0.02584621715142935,-0.35795664288634027,-0.25692467906884137,-0.08684967077052562,0.17190075344594574,-0.06313944676464589,-0.00016829034823716843
-1.9018683285584823,1.3907094148865116,-0.8677050822993417,0.5871947289124121,0.35855229860238097,-0.0026076754739786275,0.017985520188275744,0.008020886235842717
-1.9906968338808972,1.84300046154458,-0.1392464547806262,0.6666781443408175,0.3902203993890396,-0.0436644066721438,0.12497265587081408,-0.01625211014644605
0.37750260054068246,0.24467613661686266,-0.8977599481984014,-0.36354691093492236,-0.42047485983708077,0.024370976578555616,-0.14135799026395696,0.02399020548486424
-2.0893310298183834,1.334713895428332,-1.1174962374282777,0.6439521509427072,0.4231857438633461,-0.0014556089440576564,-0.05065991809831653,-0.0011262363801604184
-0.9720078570612044,0.42952619096998584,-1.021839388831923,0.06022550740615123,-0.027607964755690963,0.06136126004315118,0.06150297223757437,0.006282618238146728
-2.4883583614372995,0.4479506211171495,0.07467347060377486,0.2605806289764495,0.37427158128309673,0.051145537185055566,0.1343975773872034,0.00784358117432921
-3.1062508792614287,1.2319843196114275,-0.053935633043567,0.7044703075099379,0.6136180980908359,-0.004432213826044661,0.008678834257150497,-0.008706225579767832
0.34341901669008695,-0.16522624118005425,-1.4655034663116617,-0.3925613439773779,-0.49142822841697786,0.04059710891865893,-0.10451497962095213,0.00011283392682205988
-0.6267685474204475,0.9941960046194747,-1.3291117646775212,0.1776977510106196,0.10226052191291825,-0.00600768090246236,0.08559872251529456,-0.0032005031821220917
-0.6347450546678437,1.765967396271864,-0.6238434862367939,0.34652290115522627,0.14709949782070753,-0.028282978993864845,0.0653302489327013,-0.008033854666080708
-1.7744524073594612,1.3528846403335821,-0.11257746998435914,0.4456692050379453,0.25233934462541635,-0.14681790771943082,0.15672968622377642,0.00297388323514948
-0.6195293991852824,0.6814890977007255,-0.5696841555138081,-0.003981992642673114,-0.13674638961582988,-0.12937766721617175,0.004551951968963331,0.0016001530531831853
-1.1096566490787267,1.0792070291005662,-0.6830825167464027,0.28031203707127583,0.04081120087370034,-0.014978761154814448,0.09442298856502894,-0.01107173909549746
-1.1272091657802257,0.38124943849648835,-1.5235959290201155,0.15166320638988057,0.04395229214907236,0.047088407504462984,0.03772189891875823,-0.005550546163800714
-0.953856706285238,1.9145857676441869,-0.43494582139976273,0.4503574438729669,0.23890116269854,-0.05435905587692941,0.10118373446235458,-0.04793703191576427
-1.7595227122300923,1.007178163641925,-0.9999770737578043,0.4325084189025345,0.3018400921134122,0.04349762264175555,0.0205990716543723,-0.013895051599030277
-1.6671010283623613,1.3360189646379828,-0.40561267923229505,0.46680842353929064,0.20788230684906459,-0.00033282366585580034,0.1396021796230929,-0.010838963746839382
-1.1254600054859591,1.1829680178031605,-0.8230532907585723,0.32219683452882936,0.13177824599175628,0.019840947481664057,0.11211811343510138,0.013096505329857393
-1.7225162200157282,1.118883557426996,-0.2739829210141238,0.3979034717944239,0.1464410513983558,-0.0009301267738101178,0.13733837728135703,0.009880309354526877
-1.3688925065900157,1.2072410164098548,-1.0631415078413913,0.42033739891097827,0.21962205059815382,0.018277097275516917,0.05799955596892351,-0.0019255350699613246
-1.9888432874449902,0.04173263251235806,-0.6404155987466773,0.0674587601653308,0.3376438592289677,0.15384855988689505,0.06842101311544332,0.03692823951846478
-2.265583575801098,1.155728312623752,-0.25173622026675335,0.5394285254765468,0.2880433400882358,-0.016259696023776037,0.09946183335751725,0.02087178437215314
-3.245444422027197,0.46489629702482343,0.029694100438616082,0.3801657532973988,0.808544078854669,0.21147618256064213,-0.013443198391696531,-0.05940682792234274
-1.468048892066762,-0.8067823940379601,-0.35260544375588126,-0.3618750094910326,-0.05932993847521419,0.056117650716138244,-0.014656270637419252,0.00012494460320937968
-1.3501653575744719,-0.9405081561567715,-0.691718569394969,-0.3921915768942311,-0.0689587470630231,0.0684923351270191,-0.00598712981763341,-0.001788398723459116
0.7614450183071861,1.4639254512630067,-1.5253781955137302,-0.15939468901568887,0.3938251497395895,0.03681104920850627,-0.06570962521046832,0.016330635591142107
-1.5211146932613357,1.542178241651768,-1.3987475444008663,0.5762287770346171,0.4541486273211191,-0.03242075965627177,-0.041588725580538416,-0.0014215991380216943
-3.847972441688743,-2.9884907587304106,0.6047982448831878,-0.715818558565851,0.3698699435873846,-0.21561365451653383,0.10321498775621075,-0.08069005330316377
-2.088628975027535,0.9203835702601836,-1.8029635585135475,0.5972369646264228,0.40150694423989675,0.0004113218791016176,-0.15820101241856546,-0.00832527790289727
-0.6233652987373233,1.1222350024002494,-0.9658522740144341,0.2113299219802449,-0.05064841101145302,-0.007369588824600656,0.05862857792867495,0.013293043869165407
-1.4163783811135722,0.8862174156809248,-0.11282053584986362,0.20324002296815621,0.061746058862678324,0.036034328493528556,0.06143794087756249,-0.0029148993530273026
-0.04487681136353366,2.0029607899985953,-1.2391347256434595,0.33284111518716264,0.19469575298247238,-0.018244301512744088,0.05913775739296952,-0.060192389230314614
-0.9114233540824328,1.2095309504412024,-0.9364228908049811,0.2572871167748281,0.20605484962750187,-0.04804123792220808,0.1019522640858668,-0.010558498196782744
-1.8011421046665337,1.073647535224119,-1.464622974573903,0.5440027382913066,0.2984183122472011,-0.08960080872987568,-0.05284103522780274,-0.01312766544229947
-1.7908251315659538,2.137180548665094,-0.2142389010853974,0.7151500076897617,0.43076669871753365,-0.021002086052187233,0.12055248060244844,0.000524865250138715
-1.5628956535607867,-0.7147324477368063,-0.02741221889904801,-0.3662853848363646,-0.008504539350361945,-0.08389879295660681,-0.01447178472248947,0.019980043556292976
-0.7535867759884077,-1.1896664529119763,-0.3685284189830701,-0.680255287568468,-0.2790391465288242,-0.07092129322261999,-0.12045259341339261,0.022658398116325987
-1.1290370645320589,1.3875415417883967,-1.0080457660138915,0.4147805444685425,0.1867400146101062,-0.009035823083538957,0.0943709229561319,-0.04750794400067559
-0.9816277480163217,1.3326698078915864,-0.9391552943398896,0.3596218812937296,0.10796657830345444,-0.034318012062646695,0.11895300713668036,-0.01581463798928074
-1.0773706306317974,1.8002718070916337,-0.3506440040878843,0.44849228265553204,0.18749972735324946,-0.04429683438058309,0.10277143635416143,-0.041778511709630206
0.09811297166963519,-0.9091909302429225,-1.199456411115121,-0.6757373792090484,-0.3960870420758351,0.1591496119429138,-0.1575838673549915,-0.01042128479221078
-1.659842248008834,1.524392704966356,-0.635689660597576,0.5497634414039274,0.2808978907127646,-0.019703517554944632,0.09128628737671496,0.01112802698252675
-1.8464228593265635,0.4700893114982802,-0.4596024259989566,0.19781763932350316,0.2124262080155977,0.07540934524512259,0.12352246661972283,0.0037793753570236756
-0.22464107942096695,0.15031309741793167,-1.4258771467389262,-0.13887639683158903,-0.32082952511229884,0.02563748454935956,-0.010599598898357326,0.013605614240739257
-1.2762456656116745,2.0767961540464346,-0.7834153943139387,0.6369871497989884,0.3632262920687982,-0.05030321116827863,0.0898909348142964,-0.0215713417701125
-1.6023333406179208,1.441177623366227,-0.9753516564248267,0.5430970988320027,0.30941321960585666,-0.00180269761582921,0.03545617403983572,-0.009343861108751558
-0.029861011780956542,0.1318080985040639,-1.864771341515621,-0.15354193196053556,-0.2631669807159166,0.0415142532928424,0.003538686697919597,0.0026974332190040085
0.7090952741301323,-1.8712975803351959,-0.17235277401256047,-1.2782560551966338,-0.6725637835976139,0.24105692175952312,-0.16843667077542185,0.04596343030420057
-1.201681124308478,0.9826682319109483,-0.27691763583775675,0.1138786173531352,0.33200622730513185,0.045205482214349314,0.04979304468373183,0.033181665775044236
-0.192823914142775,0.5247865436208281,-0.0988487044379455,-0.3097058127126639,-0.06731170536887994,0.03942330682258371,-0.1311615500944179,0.0329989591860326
0.5301342496433576,-0.8939344997611616,-1.64175350477243,-0.6988325682368303,-0.5240458917087645,0.1423769962519055,-0.16885990561963368,-0.0006222843420037778
-1.3547138031707744,0.19708273102649784,-0.24375126492607346,-0.07213857104108667,0.08803171351043237,0.024134801477166446,0.023307440909136667,0.006457585762308788
-2.0634923907308518,1.5875743878476836,-0.8332925953005376,0.6783063819230282,0.45695454776906996,-0.030446505932156847,-0.0047802715355817664,-0.01026535691203318
-0.6132067518334142,1.567418864938794,-1.0937548993623478,0.34283155098870993,0.14632542525058984,-0.028930687112605692,0.09796499637158894,-0.03400114812354033
-1.2606464532280532,1.9614827553344283,-0.408192045288458,0.5496948182541059,0.2943989204589081,-0.02056653859912055,0.13976256113350974,-0.01151347670996096
-2.5698161778809645,0.778721267714226,0.5829333282110927,0.3161636361065494,0.4229141636064282,0.11159600261861584,0.1304224934957494,-0.0005517471374515875
-0.8388879712838678,-0.24372813849730757,-1.9774975150407261,-0.09190463753271072,-0.015229431794657222,0.11443302318959954,0.003910639147304868,0.007734914290573905
0.0907542806914438,-0.43135387674821196,-1.7636994065564675,-0.3970687172551673,-0.372859862472606,0.10566718983823768,-0.06433978568766478,0.004655386373457705
-1.0467342653801264,1.341501782139577,-1.6044443295790305,0.44430666219774023,0.2473996856478209,-0.004714437275473445,-0.004559782355194132,0.015241281311515777
-1.3357321939811424,-0.27709878260184917,-0.6455339715117117,-0.1543429292338146,-0.04206143839607752,0.03916377516324633,0.03169376629491923,-0.01059889304828644
0.5345782367478281,0.6568064279772072,-1.6656904267542763,-0.1736101072118596,-0.2567032886893367,0.042855141117862386,-0.06247617411813998,-0.018192532903916488
-1.5466078145698987,0.3412823252166443,-0.12068885528092425,-0.0030675637639052318,0.13945645177552066,0.12147918910932792,-0.20487995042751772,0.006919466843118838
-1.3727065096722757,0.22772356517723968,-0.23760571234213548,-0.06330382648973817,0.09445254236781839,0.13958180031719158,-0.09145833312877424,0.0012872499402530042
-1.2582152461256435,0.5025358120851972,-0.5618376018959985,0.0798708231543598,0.05527647872026277,0.09072190519262617,0.05470886651660353,-0.013841170543035486
-0.6011366442032928,-0.2373947811304266,-1.03157489047885,-0.25032359613444016,-0.26198199647530707,0.01956309112924344,-0.023126296859048216,0.00043527404669662723
-1.9700066638733875,0.9923348719822607,-1.1657957527341214,0.5036010301941004,0.3527433405109785,-0.0001475085836149677,-0.031097948048957196,0.012859753532245327
-1.7872657946251402,1.0673692621147162,-0.7443247414855354,0.438751498154703,0.25740442952461495,0.01808385607143512,0.06717171061086989,0.0040658090824268345
-1.2764312544165202,1.635968947421753,0.26164975141490143,0.37933442754767516,0.07842240025683933,-0.0559085429666725,0.06074316413347783,0.019466245382764924
-1.8521116843542453,0.3164311057378188,-0.19702083187097613,0.11924524582653775,0.13210942354902905,0.023173329305093218,0.09523503138693065,0.021539326398448765
-0.08991428602350625,0.49672572982521673,-1.277749864056036,-0.09728874034286801,-0.2457466955925211,0.032850958007663036,-0.02405904337301484,0.0375913936811067
-1.071754400841923,1.729465005532553,-1.189332777979366,0.517007611710555,0.31176373064798873,-0.03170909023114299,0.05171041148189618,-0.007464229363318409
-0.5005571852972612,1.1306518486838337,-1.5701784690030487,0.24845277523044262,0.04007344080797331,0.0027712095276718946,0.08505353432377827,-0.02517210118622228
-0.5738363813005309,2.1868599658034853,-0.9923382634156761,0.5049969053479976,0.30565631710315505,-0.014557657496583215,0.11834424122260014,-0.013012017660256881
-1.3446302507908743,0.8407744243250633,-1.977289683821646,0.4194452410929501,0.19911925589815252,-0.013020528049710028,-0.08543993166903775,-0.02032106438326106
-1.2489072315998524,1.090101963506376,-0.7982251732443502,0.34564650035501177,0.05971173128255826,0.12605567031470166,0.11178272136414635,-0.020361775822069727
-0.21908473951158494,0.6528504262794185,-0.48071860034088115,-0.09402043825238027,-0.36192040503441303,0.1151242196961962,-0.08447417306775722,-0.022340195586690353
0.22000043016645585,0.7029644290636455,-1.8972487088075893,-0.03366447167010685,-0.18222274617598963,0.01490634180892215,0.009165959608946077,-0.01605060916473173
0.41498400008973824,0.6803627883514933,-1.602515975360722,-0.12935968220965446,-0.27626548644355287,-0.0014861771848332453,-0.04565663758456193,0.003203901139757583
-0.4016185926381759,1.766615353866981,-1.0575539833856547,0.33783578685971,0.1651553069546127,-0.016726227736976032,0.07581775027763894,-0.014248295475182119
-1.4162194799734447,1.1388679872669651,-0.545777334517591,0.35171594941326223,0.14082280422212018,0.0023696153597756904,0.12340086874860903,-0.003233201095506545
-1.7420556037668387,-1.458353031874004,1.6880956419856694,-0.9439849120641559,0.16398727228532137,0.19130844415197146,-0.24183826605242872,-0.034129920609074826
1.1957274006065663,-0.45079872721698705,-1.0572417507170793,-0.7497047927487601,-0.8465392370619411,0.030161287786747374,-0.2758946884835676,0.021964526741576403
-0.22253885413647556,2.472392059039509,-0.4367432367701823,0.4324485393841033,0.21110227691183442,-0.06079778351156264,0.03685267776883858,-0.03555615434906775
-0.7792527760145737,0.3870862054444791,0.287392727042362,-0.15619960148109843,-0.3190681034262941,-0.029712019805737448,-0.08643837093526603,-0.04079566825898654
-0.5909526481392761,-2.4133223068532317,0.21772463106653406,-1.352045628776857,-0.14850345033008064,0.35240109154208105,-0.32539611969485105,0.017603044541998594
-1.9912062405652233,1.3211763063074267,-1.1482576602097376,0.6144025800577241,0.41610913687155243,0.0015611022869270812,-0.04469281720329517,0.003227395745979574
-1.5612856763489278,0.8033140118789265,-1.0426079184335324,0.3752186605609042,0.05118031473489343,-0.17207278487423677,0.08619994150983058,0.02472223634066521
-0.5702017588879283,0.3776865985141411,-0.7532090639392645,-0.04308294260611866,-0.34599985792393384,-0.17094640052262983,0.004151000663989817,0.02240247523720511
-0.12129723941581891,-1.7019357142369143,-1.9084520997223935,-0.7699790855892615,-0.46211591519851414,0.06363471657707073,-0.09518088071177082,0.01540969143525944
-1.4815627102368245,1.027837054662805,-0.4752047829753957,0.3236121659378979,0.12318450196616484,0.018371002720960126,0.11708926964677689,0.016268080554967545
0.8895943057714643,0.2513760118067984,-1.9939556783622325,-0.3266286551649432,-0.47675716852333483,-0.00837586472769192,-0.0965922564576681,-0.28380617304815253
0.37818410407516195,0.7770223127934004,-2.043665074519196,-0.03884310957919442,-0.16225900736801113,0.00414441059477963,0.006922469642330794,-0.2802423105446021
0.7161499073513642,-0.6209186795053084,-1.706160229748574,-0.6243160376855521,-0.5860976546409195,0.09919884941202092,-0.16491278005654472,0.03264674706830003
0.7941524901143815,-0.8326040829531336,-1.6305780270459362,-0.7315650824776114,-0.6327689232274721,0.12163306869219102,-0.19818920663521689,-0.0028133889525517905
0.9849951470313376,-0.2793963690518428,-1.8274439468606662,-0.5511484390957072,-0.6156955563465906,0.04516239119383644,-0.1630340825306336,0.005999646336936885
-1.6775775057795785,1.1989575551257445,-1.1434202106656253,0.4982589146327126,0.3147552199320323,0.01666674258196875,0.0011885110862659223,-0.04756271641440877
0.28599586711676134,-0.17289528683559746,-2.0385564170036323,-0.30598326280339894,-0.39998368191560757,0.06207601855516845,-0.04212420285633702,-0.026939253984188383
-0.342045988933099,1.223962235294249,-0.4169361593638879,0.10459394732670023,-0.1872049970803932,-0.056675973259703805,-0.022167765045973314,-0.0018135940987361726
-1.176591688185095,1.2642891995264587,-0.5843025417755969,0.3115449737684312,0.1903803946841831,-0.07820951706151665,0.10944166514801636,-0.0014641678163578036
-0.40156552430344966,0.9355702306007249,-0.3436170884099627,-0.01940604000576911,-0.12705618527717477,-0.08641817525311736,-0.03745335898506817,-0.003550263997325072
-0.11646385825017071,0.6748440911571578,-0.8839317966275476,-0.10755759609636348,-0.17908244229846593,-0.06647852900762181,-0.04017644175127298,0.0002490592879812559
0.6389188036714705,0.13169430706160093,-0.9050976559371203,-0.4505043815046787,-0.5627781716473761,-0.1679279481336466,-0.16046157006700493,-0.002638770838617748
0.2805339855684734,1.5429265614394438,0.1760116986949514,-0.06274652493668482,-0.24648486329031596,-0.04285107522387504,-0.1499224598120615,0.012229103631037649
0.05646635911948834,1.003032321661347,-0.5621867566365112,-0.051125561093250387,-0.3131849246120902,-0.05827942452220814,-0.07506741000279875,-0.0027085868614494216
0.20650147529913607,0.8674508333453781,-0.8388200372846861,-0.09794280246366642,-0.3413609215123888,-0.048093378924300385,-0.07683209658074888,-0.0026411718519324914
-0.6682244605018778,0.20503595884982098,-0.10185827620236997,-0.21430432719107317,-0.2641030579312617,0.04839981088382016,-0.08481379485708998,0.012065577417850845
-1.0296170696147031,0.40782975563674206,0.008549121724139934,-0.07180134124887655,-0.1388862264746889,0.04429881330123814,-0.032814618629429804,0.012230849600603378
-1.3637285628656528,0.20255651787198636,0.10858953864939143,-0.1696054340901869,0.2255486355489447,0.152600535582355,-0.026398110778912843,-0.027550264428530025
-0.8109959782138355,0.2513495036767437,-0.8436965775190972,-0.048252877305517264,-0.17575947707693027,0.015402457623501025,0.01662798395960635,-0.005585459881433711
-0.6568266963440603,0.7677396256593862,-0.8885808177835859,0.0842299103886668,-0.09369937995950839,0.02306223393724209,0.03062579075058847,0.011044243927913389
-4.198209896819488,-3.1335969886631316,0.4856412325531146,-0.5698773188564945,0.15649133618154337,-0.47284163566744414,0.18400564585279655,-0.07014213864165587
3.3090797828041567,-0.25234303429468546,-0.94145408181312,-0.9334270038996318,-0.7803368322463666,-0.14058948277564756,0.03848908482853784,0.094617364001506
-4.371128010884143,-3.6780895288174764,-0.029141151378674388,-0.6135796302970128,0.05517285437647868,-0.7143400943332343,0.12338886286619402,0.015027300985695788
-4.111235511596773,-3.8604624941046373,-0.23998024978462834,-0.7101258931899498,-0.021274421300158768,-0.7081552952217658,0.1267726643303336,-0.13938795454256955
-1.2938041284288175,0.02934153328489797,-0.11624787409779883,-0.10445981673085003,-0.15830037269959882,-0.14399948963975784,0.01226966557166934,-0.0033428637755807764
-1.0877147911847633,-0.14368474703460893,-0.43752045644637105,-0.17186887970136427,-0.20302879451059844,-0.1320838738700046,0.004713442539384372,-0.00027347962724413324
-4.371009763472404,-2.1603250555412714,0.5095536932200754,-0.21735414600329112,0.6412743540193776,-0.1590586551379926,0.06164736202673942,-0.040294526186510755
-2.1267477454154005,-1.9899513932150594,0.19036326291477387,0.08019510312631006,0.6951998046537243,0.2780050804731432,-0.06634718631536266,-0.018729223067201442
-2.3612830195754704,-2.6233839322897565,-0.5701175385231909,-0.781417026820969,0.09102889488808415,0.06353243360930268,0.013966203660441188,0.004089480669257909
-0.4701611696739387,-1.1180945921348704,-1.366206314011883,-0.5815961609674306,-0.2574627456358517,0.10334267879825121,-0.07179850469362811,-0.0014828197568310727
2.7697952339465686,-1.3461479025005276,-0.8444869791045755,0.24817435263366736,-0.4296867775912112,0.017504977729601547,-0.1972556012745424,-0.0008970353994206744
-0.19448281319083216,0.602871420987845,-0.4331598566867332,1.2276553172122961,0.014469129460765203,-0.12248011952087064,-0.05453935846595631,-0.0019137419963389224
1.9804925636082655,-1.5152023742783876,0.6544490896545702,4.201317767831897,1.1069833644273388,0.04870816820273723,-0.18978227668585224,-0.00042867302483692177
3.5997418357703603,-2.147701005820145,-0.6761294474184096,1.6012706430458472,-0.1712490712891355,0.07109252143220689,-0.68584965542662,0.0012812034665018058
-1.227310096234876,0.2561049599091949,-0.17294921393159682,0.010684343439293266,-0.2837002859602394,-0.042115009916696186,0.014133803230960291,0.006743512301782207
-0.6345601295886655,-0.17773005045797108,-0.8082512670599551,-0.19872257331589122,-0.44215092302086567,-0.018593980209281363,-0.030787267916955366,0.005317817082057178
-1.9096181969297552,0.8924654928301642,0.29998363551827845,0.2721687985870277,0.1508949323324265,0.04352686303198535,0.08598127097944093,-0.012133695361816776
2.7833872162778754,0.016421699509951336,0.10645932877771949,-0.7655972399108494,-0.9915678362748915,-0.1820484536982905,0.4049067791845527,0.0010169530195265355
0.46835603555839167,-0.9895383600207147,-1.0065570913414803,-0.39832692737352343,-0.458591136612184,0.19042318951989862,-0.16491038608338518,0.04842082648041876
-1.4105022408844963,-1.5390742050717439,0.2362362787731765,-0.8993185520525858,0.3679231569986795,0.33663128979884516,-0.1646143525849762,-0.016460486773909613
-0.3747048254215361,0.600633664622484,-0.3171433522849158,-0.13942020110594353,-0.2065148695039705,-0.15471450311949944,-0.056628567798520706,-0.0013761235040990853
-0.9221190494510917,-0.04220918410215904,-0.11465188577881885,-0.2684366942870964,-0.11775626752283222,0.16113724891622308,-0.07636380165177307,0.00010849254689543713
0.18668501821318015,1.1176374780463854,-0.7922864960142398,0.01527847445195528,-0.394352845459696,0.10664162440508916,-0.07862921466991765,-0.01722657889708792
0.44027684938714795,0.9696492428789056,-0.8952784056315115,-0.08336093925525374,-0.47959962042821236,0.11043396383685809,-0.11310654428441307,-0.017470973147755742
0.43261309609711934,0.42120686772623883,-1.1858202859423026,-0.26399891581638446,-0.41836841062380814,0.06199203129144661,-0.11150610389101286,-0.03322087324349846
-0.1083474672735159,0.43313591559221787,-0.012605507457704982,-0.3232954471104654,-0.2788267654356871,0.03005971728140671,-0.1535514154490826,0.01595992811703122
-1.4759244268991736,-0.8048395155563997,0.21095609789548164,-0.5598630324032975,0.2800714606733596,0.15123527661905617,-0.08522239290976806,-0.012123623708647776
-2.611138888346014,-0.5136243334354809,0.7213417510719611,-0.20360355502389146,0.4397151384706677,0.11701341440255637,0.039791492428485536,0.002972300945929376
-2.538738813408705,-0.7469692783739196,-0.16676383341750334,-0.18614473581564003,0.503420672086418,0.14880103210284784,0.09544049405055212,0.0036838928421607264
-1.797647571413874,0.0960158784069907,-0.05258937650664433,-0.03290981522212207,0.20758194727788043,0.10995557775897602,0.04852505382139757,0.002436475561648535
-1.622187749915668,-0.04842911727987124,-0.3128392928448224,-0.09105598925600424,0.16807884196747241,0.11950502645006486,0.04054006239231561,0.0029320470669695945
-1.4423191538132691,-0.30604847738016855,-1.0715182631579265,-0.12442239643630677,0.17821811995234543,0.14719391960293812,0.07311060581586347,0.002925008584733863
2.3530796829731093,-2.4604248233484443,-0.3933908191516053,0.1606861015405442,-0.5611883441843222,0.17325659207077201,-0.07469085742828237,-0.0005806782067173025
0.14628104047201038,0.8543611045469782,-0.4635176412006392,-0.27283571628846304,0.06228066092287577,-0.2442369026264223,-0.09315369628224827,0.010668948503905255
-1.724806620870101,0.5581741733475069,-0.36233042143394495,0.11612467742867069,0.4022612230651363,0.05074849913741434,0.10282976743095638,0.014101422085003482
0.7500444544520148,0.4294169810535413,-1.5144071763715563,-0.2673546676001484,-0.5573864075225218,0.1195363800180856,-0.12602076496287376,-0.02297891275310203
0.15800726515933558,0.7488502278306269,-0.8364410633173023,-0.13316476869836383,-0.3252289829535339,0.026413939116224923,-0.08602282966454461,0.005845283524741717
0.06537742520470578,-0.050316522635102355,-0.8802349723306707,-0.37779836951983553,-0.41706389040252184,0.16176362505846192,-0.1310243830369237,-0.0010287914205957683
0.3626776628735949,0.4136824148136161,-1.0247964929657853,-0.29720471329570414,-0.3348350884831908,0.011090622985952535,-0.11469156403862954,0.010314788227357848
0.12060071802801929,0.6073165122206261,-0.6208027872571836,-0.19926982687095735,-0.36954710355116926,0.05066467984426897,-0.11443930169094477,0.008164948968781649
-0.010275542187602899,0.9357221604882584,-0.7202200272308961,-0.07856815581422491,-0.14908400859421056,-0.05180973280831916,-0.0569440143060258,0.0021253612163471556
0.4955392834883049,-0.07366238483346667,-1.3011246343401695,-0.3704589934239137,-0.7014694265999124,0.23113878015567693,-0.15428660345246709,-0.017253901632102824
-0.9409615856205018,0.5592592570245482,-0.4422223291641905,0.024225840719142158,-0.10245731289432058,0.1369055832039673,-0.0003923449344433309,0.009100133990171334
-1.0682220988618332,1.5640504170560972,-0.5874147567528254,0.4646485626695359,-0.04172791742896728,-0.06616843774250632,0.11616819663987223,0.011800392257589136
-0.21140208594825963,1.1530275517346038,-0.5356157762945395,0.11020257451067875,-0.37063384825830065,-0.06746420556318757,-0.02930229022427019,0.011517805999632346
-1.6393366764602872,0.1021630969383785,-0.6145987952859797,0.03925339826719525,0.12445749496623455,0.2281533503195094,0.07284517797279626,-0.008215124001860363
-0.1466360501535683,-0.06263446847799517,-1.1558442283336232,-0.18255807596317436,-0.6835506189235008,0.017392394500114677,-0.05642279111035623,-0.00044896499522885917
-0.5186580997203719,0.4816052975193565,-0.3452548683492482,-0.08415688656317702,-0.36066472286423934,0.1689441890228321,-0.07307502753082633,-0.01567555382566538
-0.8620245171603081,0.4147368181898273,-0.7105981922777923,-0.03359547980288491,-0.03407954829746437,0.13501209344129786,0.006035348831341587,0.0075035208685117274
-0.6803490028578945,-0.880201775567248,-0.6083346016925273,-0.5610966368204156,-0.21582514261305596,0.2375473409655879,-0.1193760534793885,-0.014633702596409202
-0.5258581080955852,0.2766926636974399,-0.5818678080445407,-0.14257766095736618,-0.2908656923090055,0.1831128560823975,-0.06349953687610965,0.017083529713532337
-0.9605756321450318,0.9955248607458257,-0.8261541188086489,0.15234670614731047,0.26697218288790614,-0.06044325343090602,0.08438571390255145,0.006915954647381471
-2.10801826016589,-0.7346719971156219,0.01938991737418981,-0.4053199990115636,0.6599729539088166,0.18380727013217354,0.017337788198173828,-0.008222787577561843
-1.9529900355068561,-0.026324491697526375,-0.4036847010470929,-0.05251216973622431,0.48271694855719177,0.3442251665071035,0.06935785562760585,0.006956604139520413
-1.494834756665817,1.0402347431239523,-1.2221694836277925,0.40878278684456565,0.2587225902095033,0.0723669827990232,0.010821189169259612,-0.019470045364057456
-2.1555335873161225,0.41808793541384537,-0.36184432508862885,0.21413263945354688,0.36406446964367756,0.16324975844957149,0.08556139674758918,0.0004743548145264376
-1.8402949439394976,0.21569967203289944,-0.5711689240787786,0.09762473005355543,0.2695036609211944,0.17582540150589632,0.09487242394453271,0.004526268131626026
-1.7014824475148016,0.1254542035576657,-0.6675451147110033,0.046188399489367815,0.22775010261766584,0.18057692102994924,0.09212808223510041,0.0002465689315007595
-1.0981436071176978,-0.11014104186668741,-0.38957214614360686,-0.21626205392850403,-0.028692043325425444,0.1709207295368014,-0.030216482914309818,0.0014100048238762084
-0.2937108900371262,-0.6610921193884806,-1.0823205488062442,-0.5094878529283868,-0.2611856807447358,0.19666897755279822,-0.10577366116322796,0.001337583193166981
0.411441056491854,-0.4772425376403577,-1.57049847692143,-0.524084429700356,-0.4736093612109367,0.18938524249375574,-0.13892715771872327,-0.010210474209778886
-1.0044184040231086,1.4391313863262847,-0.26596997585098775,0.3074314214042311,0.06212464160725048,0.010709145455067442,0.0569523310735613,-0.0009836941265401297
-1.7792013013454033,0.46483251192090164,-0.7284023730145763,0.16851867037433876,0.36439145103970016,0.11454088490165736,0.06655088780282553,0.028878212168658584
-1.2342894003485363,0.529079340913316,-0.9425016668260837,0.1349080085593104,0.09750491671791009,0.16011019358835973,0.08413683242755277,0.0021344139537501504
-1.6819697644842984,0.9974932527883521,-0.9375080386701694,0.3429258843497388,0.4644253897392873,-0.09535839174290368,0.04103981799660163,0.0008995502996802103
-2.063360065595052,0.317121155466818,-0.3777335607303177,0.1548220974385694,0.34336867851057246,0.182379855586436,0.09497732865597217,-0.0008442239014436371
-1.645220715411425,0.9303016897095603,-0.6858066785688421,0.3018908694387822,0.35263548522926513,0.05846010047352915,0.08469069423623646,-0.011554862388127534
0.26617105910958794,0.3256647200647646,-1.104038394350078,-0.33752138941291715,-0.1676445809021355,-0.047401637320247006,-0.09513370511507711,0.0049523189155155035
-1.315225943494901,-0.6129532888636519,-1.2269094822682698,-0.29311514965137503,0.28538671959747003,0.15623982251328056,0.04933838490630786,0.04600657927199989
-2.6038394856586566,0.6797927147536845,0.02666808940309046,0.3657033175112454,0.4663106087416456,0.16972680400811052,0.08633868581346535,9.231429681305498e-05
-1.7775311811079686,0.6209603329364601,-0.16921383322814715,0.3085165642533504,-0.1934442287366757,-0.09924091227173601,0.11840109266466887,-0.004720508688678306
0.3402418198097948,1.0000777213672616,2.4350174444821104,-0.4104586498613273,-0.7282752079654089,0.024891803108791122,0.202888372734311,0.0002441368102240302
-0.09964771352802487,0.7704745981514907,0.37831145075955275,-0.21757912859671272,-0.2720088979481738,0.1855537199818993,0.5561557521808134,0.004176310832077036
-0.2781538477835278,0.6791897548999807,-0.46522031642860057,-0.12700394355425773,-0.16615480923885723,0.13887805821673266,-0.08133120668877929,0.005875068069557611
0.8574270116202685,0.20651244725684953,-1.7195271196931896,-0.3593918791935017,-0.5435180964393784,0.0953840840499407,-0.1315421841255885,-0.005174695803441496
-0.018142685955851688,-0.6169725619673446,-1.5696640428659399,-0.504831512840239,-0.24790183012151354,0.1755516942415031,-0.08977659299889802,0.005555523607219826
-1.201906831950617,-0.06819354332699841,-0.8283139819702448,-0.08461453613899013,-0.044485601827633864,0.2366859441803011,0.02493846987340365,-0.0041556110129664725
4.781997581602464,-2.46748565100334,0.2791096103886699,3.711932059021117,0.8423122619532643,-0.09035576823201565,0.03738965745697266,-0.004273951436613952
-0.45077468304626894,1.374890207273558,-0.5739396513694476,0.4341112479655509,-0.0343045401635002,-0.13415092000248952,0.005433071111054091,-0.0527052762269773
3.4774240483009637,-1.3034955824479026,-0.1867195047102367,1.1210983472841805,-0.6670602322257095,0.02234820021234636,0.4124754414189383,-0.006192666552458478
0.2981551339862802,0.32046567646639523,-1.0349739358764158,-0.2671778007954613,-0.47519329152835127,-0.06400108367369814,-0.10064941353646768,0.011720117392324432
-1.1469780649801935,0.8657717992597131,0.03062148504249388,0.157434356109692,-0.18642347113729185,0.12459467393321716,0.0022960306554655405,-0.00044395847091914536
-0.7043079517873118,0.5634104660751729,-0.3467555645532078,-0.004141194726457793,-0.3147685690608654,0.13859719948037186,-0.03963928596233516,-0.0012294071180012581
-0.4670388422360678,0.26123748334817737,-1.1780484329779133,-0.05721048735120508,-0.3188399243837752,0.16893709269356483,-0.010338778099451044,-0.002941664316599839
-0.6410418378258937,0.48022581919206997,-0.4712967808588847,-0.06572376044075408,-0.2989789350260826,-0.04640108767047747,-0.4107232147423689,0.0013137116616564197
-0.5977955170531731,0.526677976368867,-0.8889618935612212,-0.029351419360538346,-0.09584397078670627,-0.10277883462500942,0.020760118962664113,-0.0008325570285999518
-2.067639539350461,-1.843808876227889,0.0939104337289205,-0.7680187263867141,0.3474825415683056,0.23772017774248086,-0.06713626098945953,0.004220297723764356
-0.1125509034206392,1.5912167670121151,-1.1517844765476446,0.23752218099028063,0.007471022747823759,-0.022665282079290854,0.03688076187617953,-0.015476091634243246
0.39756756003998067,1.8067100997854202,-0.33866266611317297,-0.109517648799488,0.3989637988364314,0.016699628428265258,-0.11199653740847061,0.00882606009650884
0.4855816015682705,0.7728563678708443,-0.5862293195764661,-0.22215580297579135,-0.5029922925244023,-0.15935803670952947,-0.1336498178284288,0.013559481226779099
-0.846933048800774,-0.6337618253539865,-0.6717800507376349,-0.39510807728384095,-0.22708738401188178,0.1345209469118661,-0.06312938054467136,-0.009134330740170329
0.40711316062932346,1.1168182454967412,-0.8341885913030417,-0.16891670181981108,-0.01844177295161862,-0.2418772493838986,-0.07389086866573666,-0.0016937735681724507
0.14039540794502112,-0.242514516502571,-1.4335943332281311,-0.33914103887045344,-0.5628030749511298,-0.20022496799732659,-0.05849858956550298,-0.007741061291950694
-0.10381817054136919,1.2092791317173046,0.23864819313548447,-0.2677330817457478,0.3743324193930024,-0.26846406520686994,-0.10840117801308774,0.00823213737047248
-1.0721080783492443,1.170988317861249,0.17567520928682323,0.10253891281432516,0.21581697991904017,0.17224971876387377,-0.014480574119466053,-0.009962831942050969
-0.6344212675554461,0.9153525507019745,-0.004349042080632086,-0.06739469144439875,0.06916477308784698,0.17934681015107354,-0.071370347561183,-0.0033313929913560826
-0.5027096878308627,0.7191835884562504,-0.5936392838220039,-0.09002585187602502,0.08006846793617427,0.20085804307735902,-0.04459296349775818,-0.00356436364329863
-0.026715982300636123,0.4369667743531415,-0.8065973314404804,-0.27405185093649137,-0.07777914460540351,0.20890356512298935,-0.10538755231395627,-0.004966016845301269
-0.5490380256474413,0.40413805466594693,-0.16733871784567572,-0.12890206781830305,-0.3810660312862162,0.08224013547393401,-0.08358074633087367,0.0013264957295771615
-1.076561029330987,0.4763993419355942,0.32621740705994656,-0.06117937906161652,-0.21202073029434745,0.09655725454940363,-0.058804922365508286,0.0009515145829096092
-0.8679427405648878,0.3545458431964765,-0.08454335510562117,-0.06393576413843685,-0.35536000820980623,0.01934840170374832,-0.043806190239544365,-0.0010411068137576533
0.015139167547877629,0.4858199624283887,-0.8809487947623573,-0.1186498082047418,-0.5277852069914563,-0.19374010152263818,-0.052369017219330835,-0.003575047091520265
-0.6526776579823816,1.054426512614432,-0.08991018427001851,0.1570121214003547,-0.41703533660095815,-0.06852396200081956,-0.018699872131646585,-0.0004601089032877122
-0.20728400716037204,0.8600847434879055,-0.5403269599696227,-0.0240124398446713,-0.30821389128059634,-0.06546404936534876,-0.04876888529904789,0.009531533888597588
-0.7419571077577609,0.08479822416318072,-0.4800433651340032,-0.1807273977205068,-0.2335772230141032,0.1031401347090072,-0.048602400983345215,-0.007947532676510162
-0.8681699379990978,0.19344237534615355,0.058511268265263865,-0.1770424327218405,-0.2731445478309973,-0.06560691795001349,-0.06047902264724655,-0.0009175239292181323
-1.1314724318929263,0.3762521302789008,0.2909924816638537,-0.11998800410082702,-0.06822359920218564,0.17271935012451037,-0.06370829679063986,0.0041948140519295915
-2.024184244181416,-1.428897608773466,1.0619213022470873,-0.7425220512170463,0.20336678711749473,0.23111960239968288,-0.14312365793587495,0.005194238662805158
-1.3758733073371219,1.3564619803783604,-0.5824660579411148,0.48105376394127525,-0.02554011697074113,0.06273491995538578,0.13095281856458443,-0.044149921620700736
-0.6711397007202525,1.0708409041680218,-0.3055666280471076,0.17713167400692245,-0.32007121391784216,0.05338767536177092,-0.007543686791527122,-0.03804936849841891
0.03598305117079476,0.7769200982890258,-0.006860393868820754,-0.2086920982955472,-0.37687169143332094,-0.16788583912704655,-0.12936815134456783,-0.0016326264660941534
-0.8312330468647176,-0.4757364963187286,-0.29241142621316024,-0.4233126721827013,-0.16375406335933343,0.1712885873559553,-0.09867259543024176,0.0011539968712204517
0.43717803902179947,0.6705350860214692,-0.4771618752109908,-0.40102256543966197,-0.06260657330184687,-0.2376434742822083,-0.14324335350951478,-0.0016723949082647425
0.0695653649596027,1.4696031628938115,-0.15184468351513225,0.0512787636459414,-0.2961760607620802,0.07427443884214315,-0.10430009027183314,0.00281580454115773
-0.5307844225516806,1.0683896124985548,-0.043936769756463746,0.10773738344028488,-0.39682306935731726,-0.014583066235649571,-0.04527238821198653,0.0002617923854573731
-2.662168244016095,-1.3259715068413382,-0.30613441536962105,-0.33111480753981026,0.44967952004299483,0.17239525649431128,0.07509806970454708,0.0033210371501136587
0.21297593379164986,0.46028239249069364,-0.59863968394803,-0.19798218841829973,-0.6742180447752248,-0.1487645559954403,-0.11324933785779707,-0.0027086309894230856
0.23780415583139794,-0.5810031753778105,-0.30877209971248815,-0.7522346467911177,-0.3818843213089901,0.060343936211849435,-0.2373027871009682,0.002267278102827121
-0.5083888772101718,1.101808220452586,-0.189278413137859,0.11927586603423697,-0.3348877182692565,0.01964183349656244,-0.03597054678537828,0.0009177999166717732
-1.0535444672775955,0.5492272516957211,-0.16592136011106431,0.119595284972438,-0.4583685734033168,-0.0849895862643155,0.014740150442296507,-0.007743999865759903
-1.59885184416431,-0.698438112459553,-0.38125853077123945,-0.2212934910955373,-0.22321505019687762,-0.23534240946172214,0.04613042102576514,0.015396410673149055
-1.3742523461580998,-0.9791221973818546,-1.144130802643374,-0.27278645166272103,-0.22950226502434243,-0.20743034580869635,0.07245721078288737,0.013986887263966559
-0.447602785515635,-1.5336155923196841,-1.5821870940752112,-0.6297791616169268,-0.5343976519084556,-0.19091147052833812,-0.04480901899026725,0.014258452907803065
-0.6172083303517111,0.6408754618161978,0.03398827813859553,-0.058962601893209586,-0.34773000212279415,-0.029962603746037732,-0.06824915914241704,-6.179659427592521e-05
-3.330519067026001,-1.5912276469953264,0.3626308703630087,-0.3493029394870072,0.5282271775195708,0.14918552402133461,0.10312724009334409,0.0023449120302623206
-0.2806432960774891,0.19646785741042988,-1.1667724088646771,-0.1005533823321003,-0.47024646104038426,0.023778068298805306,-0.024288749333151314,0.0008250498272616337
-0.555934934418156,1.5437835686518113,-0.7451748254218188,0.13323447856723764,0.5402062094106016,0.07937771120322214,0.035825793311943105,0.01593440324163039
0.002131311592647909,0.2221678905246131,-0.5628085106185734,-0.1942752582170267,-0.7795459227224119,-0.19871392030117557,-0.09660394252659156,-0.0037480408181207454
-1.1227854392726646,1.26043129530301,-0.02295774413983988,0.10641979885259466,0.4774422321295169,-0.21006203240511248,0.05492824435132228,-0.0009584880291393878
1.865129056040373,-0.027931337945474546,-0.8571970331002964,-0.8513652801159975,-0.8208109107056913,-0.10442076336804797,-0.34906829517809856,-0.0029932465788120267
-0.5665049098253542,0.5831556118109938,0.4077962850530654,-0.17196779446345872,-0.3155174139066905,0.16995361934770195,-0.1382437914845914,0.00459791676121612
-0.9311686759899083,0.7450834997386268,0.006556398930494425,0.08831571591699897,-0.3379571062342449,-0.08018795004279188,-0.009483770182125238,-0.00171854349233773
-2.128664574383485,-1.4898048498964926,-0.3226414022385775,-0.5500672684472611,0.38667653571380095,0.1817738172264157,0.011169275035749321,0.00357223900878178
-0.5026049649303186,0.849040430549173,-0.45522135960892574,0.07327010168664387,-0.3661045228162399,-0.18755664424624008,-0.0037239608794007355,0.01645147886748986
0.03174330214786257,0.5173611761374343,-0.7620699442307178,-0.12962763377421205,-0.5362638033339652,-0.17590349588866433,-0.06637207278873757,0.019956335819491012
1.0825615168167992,-0.3198055836502471,-0.9033252314068281,-0.7165524648028072,-0.7511697228961083,0.057416194503367005,-0.2721007654918781,0.0015203575904156473
-0.9807041691274785,1.0403723626618104,-0.5040909311448275,0.2732258621724338,-0.22612960722584785,-0.13927880299045417,0.07231297640992017,-0.001720690115324124
0.09892227649138181,-0.3305726277764011,-0.46806951506247324,-0.5027766691456054,-0.6357115531702467,-0.09008437330946621,-0.1673538435645595,-0.0019808800810340844
-0.9478380403451734,0.013769663194384633,-0.4961259032772473,-0.16401553580126932,-0.14479828530103236,0.1636242278543206,-0.03025586321767482,0.001881554064821429
-1.4006726773022569,-0.3182086587240651,0.029368382814239362,-0.31124904625016403,0.10914344277526458,0.07868424767286446,-0.036400738982841865,0.002219959324841393
0.3643663768936778,0.5184763455370458,-0.03554092835122412,-0.27076341780603846,-0.8413586679113723,-0.07487220746193414,-0.19205860895810511,-0.001303172977025931
-2.0880226058662377,0.36686182282913893,0.0797961184853204,0.09088650774608631,0.38917500809728867,0.03921359667791712,0.09738140315010545,0.0015492404574165375
-0.697714890814036,-0.09732706198749932,-0.3445918141653232,-0.24250115943160433,-0.38757480752102635,0.06316044053559705,-0.07356687923944912,-0.0005792702216255945
-0.362143496206958,0.9696099929948268,-0.3185668746393739,-0.20329627950154205,0.45329883317218145,-0.20587801782263118,-0.0391852431735094,0.00039753172297279335
-2.392950547199613,0.3624014861855033,-0.6880067130319824,0.2854704270732562,0.4687939696066944,-0.04356700430638278,0.01589339138852702,0.001028931969053281
-0.7406641716575487,0.26976150579067776,0.49887940474668974,-0.22687123794928588,-0.06120108018443463,0.16807357787445715,1.5421161482884067,-2.3855166726434187e-05
-1.1299140054077486,0.24167628549446274,-0.6069515927178811,-0.09343314021870985,0.0505585504873969,-0.029943748410985304,-0.5715573770235243,0.004977272547766017
-0.8372835589957387,0.03206003771705234,-0.894501166059513,-0.19397464175198958,-0.022972479405099177,-0.007489951467002459,-0.4837555785852814,0.005035467942029373
-1.0482738096288278,-0.04394634363225189,-1.756968921976403,-0.02438181007307258,0.02251152330111012,0.06073664858852993,-0.47398584201209193,0.0022730827288830516
-0.5476523190401876,-0.1885654361237978,-0.869506056406653,-0.3231773837978695,-0.11342686151042129,-0.056350286145425636,-0.038231682536000934,-0.0003793473375905193
-2.7236056859258273,-1.1374373664956803,0.13445570040007168,-0.3590652667278987,0.6052218465373549,0.3232740831721238,0.05135354255218854,0.006861141869824095
0.35840754275963915,1.323089773076243,-0.9678618431116497,0.08170780637396614,-0.43842780947873206,0.05654232205059636,-0.06548874952561996,0.002086918625736874
-1.764342945118723,1.6917400019218527,-0.2448801051424813,0.5242481742898331,0.4792885480003811,-0.18750851209941827,0.14454990567782597,6.642500644443819e-05
0.8782918190179472,0.748503089600496,-0.8576823097280242,-0.23099082994326692,-0.7782655970309352,-0.054907633921379345,-0.16946216497782396,-0.0004937003562759992
-0.6498729145592003,0.7000211520873362,-0.338486824057256,-0.04207511424500283,-0.08584068638807194,-0.12592589074838872,-0.014904761271018793,-0.0010294248570187933
0.13195044704033856,0.09921562631985416,-1.477941255436346,-0.24532933870683812,-0.4007893962669627,-0.20713975847835317,-0.03294448936888517,-0.011851938916675204
-0.14928149879346342,-0.2927306059629889,-0.8479647923720652,-0.43334371209219014,-0.32945692964294304,0.15026472603712362,-0.12065237302876809,0.003305163028472858
-0.05706857302736089,1.3586050306754052,-0.7711637570341533,-0.0005915833760224622,0.21252983546757173,-0.019860818114186503,-0.026755700229005384,0.0023296339279290377
0.8718917721427086,0.44103948130682896,-0.905191437902897,-0.4349189895495904,-0.4746939261097596,-0.1821510407352301,-0.17359520651057192,0.00717241538687276
0.04080019518911992,0.4201923551080973,-0.7586050432587303,-0.3274161284669855,-0.0842750276611943,-0.3701736793197614,-0.32000014314765585,-0.003719578417813824
0.7103756731623061,0.2175559551043762,-0.19712149106097657,-0.6405645161973538,-0.40954503423193134,-0.41347638620414595,-0.6991192121091071,-0.003537753543740788
-0.4272221198661587,0.45860345227216126,-0.4201859446803196,-0.16615332905421407,-0.18419687685106306,-0.054986238662635537,-0.05892387064538236,0.0001600786325980184
0.42450957706712833,-0.08050775232758135,-0.8598788350262062,-0.46101011093797606,-0.5880412643771694,-0.005658553475971864,-0.16493002980667373,0.00022153572463718944
-1.1249540761678678,0.8573598817398012,0.2770645410565647,0.06364631350576484,-0.055800107589180324,0.006260545552185671,-0.015917944650146083,0.02583829102330837
0.5673233728078555,0.971909711829107,-0.8278644271267102,-0.1862530331426492,-0.31867761098163555,0.07420733915403067,-0.1336300498030764,0.0010112197279531
0.43887680432535886,0.6686552130921763,-1.0334354109318844,-0.1637661601831766,-0.5233388926700427,-0.05518708614670719,-0.10017746580063593,-0.02375472270543981
0.8557494262097823,0.5902686796551381,-1.0555276348325564,-0.49883225079336624,0.02293275846612288,-0.0988302718218863,-0.16277575045377365,-0.002279994397897133
0.0006172809452096692,0.6137001352729919,-0.9062842175742762,-0.1588118848674633,-0.20458394532128155,-0.05305147295657095,-0.0586988440422932,-0.006946152636690032
-0.6526632138952471,0.777585429808935,-0.575881369777732,0.025759708482622587,-0.07167686288585537,-0.07630538164727188,0.009035242070248856,-0.000708351146234819
-0.2091869840673505,1.2580634697414357,-0.31594654810378864,0.12326190219754063,-0.40430398247863364,-0.026303876555096292,-0.04889757546173389,0.0005679469089900439
-0.2751007613717787,0.6400809340899924,-0.3942234513181351,-0.14221397914899198,-0.21095404703482015,-0.009843226880166665,-0.07551769175668945,0.0009147551609477681
-0.6671990279465962,0.5509143913459951,-0.13463498034727356,-0.10890343221801299,-0.15508474242210663,-0.3324969435165715,-0.020131917056870778,0.002522757267599612
-0.38656170095077347,0.33394680353978956,-0.48795277245324103,-0.20520837627147623,-0.22466868053631012,-0.31937566582071236,-0.03718062192679083,0.0046756399250906565
0.4218978467334824,-0.15770839943401094,-0.9050313660826376,-0.5148060159252172,-0.48705345654069726,-0.30367000960079643,-0.13570265054434538,0.0025674577366445513
0.24731640036482344,-0.4087824376981476,-0.9858977757209146,-0.5314556806405679,-0.5127517504484062,0.00818669075357633,-0.15075020595597893,0.0005701581113177748
-0.9476889350626277,0.9415501012971922,-0.0459046941147376,0.07744008221448792,-0.003943405186898756,0.2053779092647237,-0.02388119867164484,0.005495829808668576
-1.4843599658109146,0.023566262293125424,0.04238245172057971,-0.13030682162029256,0.039491082548149266,0.14114130051149815,-0.010180843671601778,0.0033081480248577863
-1.1126181013313032,0.7365950115229393,-0.7029781973488433,-0.15821674890625226,1.0376240766410338,-0.3741955975985189,0.09878883039530797,-0.009231468208981632
-0.6261806059213277,0.3369973783050758,-0.2877405028298269,-0.19027407471527147,-0.11835880454817799,-0.07924988869321994,-0.05079782293601633,-0.000142490465372641
-0.43912638334998877,0.3813834014204207,-0.5274158594804023,-0.16502258274219483,-0.21353644322924256,-0.1114982124851041,-0.04489437360814222,0.0033421634601361757
0.5449686280755122,0.4420473263766809,-1.1024663276345399,-0.4045573594633175,-0.10755512091108486,-0.13160595275756448,-0.11999914893082998,-0.012311301006251158
-0.15192937214226432,0.5368926168832625,-1.0794131081486338,-0.011145499283654848,-0.5178085972382576,-0.020505367505242542,-0.02381932513993581,-0.0003579155522926783
-1.900080163123792,-0.08768711723169365,0.5046910824655158,-0.13147730902142923,0.09319207997582168,-0.05880114664584086,0.013565134187553047,-0.000822808645713725
0.027087534962653616,-0.17338850771380596,-1.0877049880699032,-0.39153109727690966,-0.37220982178792783,0.09369952622500943,-0.10692208505886282,0.002231836183494309
-1.7816189750480995,0.684729758096088,0.003600201024528875,0.22867533272095286,0.057054415458077885,0.1719407836365846,0.07372927381462695,-0.00847965667969609
-1.316522890753487,0.4087058070375682,-0.20686836359647215,0.04905966475215482,-0.0968849119623274,0.18002909606131717,0.014188360514712792,-0.00407873738157027
0.19151855526559258,0.6563267513757525,-0.7213720601062291,-0.2732407262842857,-0.09213551237076519,-0.2236082787615503,-0.08661470139107515,0.029915323720847486
-0.46559454290736996,0.9576075961805678,-0.053038601999098836,-0.03807616715255236,-0.13266781632800936,-0.2139948918187993,-0.04347893858410596,-0.0024555613522919185
-1.1804980356731976,0.5692278584557564,0.19069548946322723,-0.09227110155676202,0.19233084333922387,-0.044253587501441434,-0.01599751672283069,0.0011937115768205124
-0.7918954063792477,0.08506744486111327,0.25366164963576276,-0.2686834503554147,-0.3025808915694626,0.11338394007214049,-0.1157806280623315,0.0008958758694227783
-1.3878823868657821,0.0029698477914223333,-0.4110864399427823,-0.1100870811316969,0.09384194884907317,-0.032577638980679,0.03818473267434998,0.00015502596108991508
-1.5607393123945281,-0.5242223587527938,-0.49646328835138154,-0.30317421700694114,0.2917883890126418,0.3643398907708714,-0.006893381820174074,0.003884085605484523
-0.1153892634911616,0.6052232733379732,-0.7967553785590828,-0.04746718292452032,-0.5107752276978678,-0.021089533674292834,-0.053431692539572535,-9.471267131801508e-05
-0.005430823052255263,0.853857315951274,-0.6485141272041294,0.0024956122150248264,-0.5602142519047842,-0.058351176619693454,-0.06328046656722223,-0.0004492802254347004
-1.7048865466034373,-1.4553608322539373,-0.09799593272573798,-0.6950856452858449,0.31672310614591576,0.2668345480526091,-0.07606674569382617,0.005793013231380789
-0.21150322971036803,0.6718869440490554,0.010639593914906494,-0.1329652448222301,-0.49436378093923317,0.0512725892699932,-0.12650601792389332,0.0015987682649817269
-1.1739652416870399,0.8914570926660296,0.0846510824972058,0.015772060377758107,0.33092813506837476,0.04718825633346256,0.14400410962118457,0.0019296857619413963
-0.2823092877305196,0.5427133767233264,0.4786922390955203,-0.38181088934189034,-0.06484770789242458,0.003951085966245802,-0.3169189936577799,0.0025274696956128356
0.05980406047264818,0.33650309410315354,0.30175859142290923,-0.5189300137714657,-0.18656140771303972,-0.006498995969509185,-0.5220812815231117,0.0032003952005117443
-0.9126137853508433,0.7323182764415617,-0.9235816684811148,0.1156343654056595,0.05482483078976614,-0.1125639056761454,0.07982559377100455,-0.0092590903206841
0.014042061931189601,0.3019933843412558,-0.80409497486347,-0.27107106476614523,-0.3074125194134006,-0.11624440248045091,-0.08287971402260126,-0.008086168934748523
-1.0381272938326624,1.8342846770831507,-0.9024577829677302,0.10497847526259127,1.5801910214900838,0.054313730796368524,-0.016901299519090852,-0.06676385314067113
-0.6327804770976689,0.6543154418869285,-0.26613742294932996,-0.032948731916607625,-0.23172174461528203,-0.10785743989497883,-0.02720883230704841,-0.0011998082386064685
0.31877723604086233,-0.04401691796530753,-1.2950563053572928,-0.3686289611957967,-0.4851828176037674,-0.06978449738696305,-0.09949229924946529,-0.0008249628779659403
-1.8998606469675057,-0.9195390161710091,-0.2910621797798487,-0.40304779810721153,0.3662251884069529,0.21859238703266567,0.00800897365971059,-0.227922638889095
-1.241855917408438,-1.279478298938433,-0.49707403477580475,-0.6587769143556345,0.1418540343897375,0.23370433643635,-0.08252564522048003,0.004524016905257222
-0.816530183089055,0.6061846093323341,-0.7239204149368551,-0.2580734222434358,0.8888362962585431,-0.22528660809416293,0.03847230262242188,-9.533517642606491e-05
-2.322966699801591,-1.3430957680461681,-0.13134054940933415,-0.5072446985818887,0.5391758858060399,0.33518390746544385,0.00952380393168199,0.006914664893525256
-1.0514839450025741,0.29271235915211236,-0.2211402057487603,-0.06316770508295635,-0.15988298735746997,0.12891446339853133,-0.022343258112104247,0.0015049035233329331
-0.1155954466954436,1.4207314115266816,-0.46834662272110567,0.0962556538149994,-0.13219439488221932,-0.40759688631712215,-0.0003168477202304481,-0.005231906779821394
-0.5262968442531614,-0.00725556627964053,-0.4299000236448169,-0.25217395212201754,-0.3849453456717196,-0.3159115116421615,-0.04347702114142782,-0.006066089297705805
-1.9313688666149227,0.19668041194502775,-0.11204240718049657,0.057449640170020654,0.22136429527662047,0.21165619713701972,0.06848894471472772,0.00893376154015531
-1.9985651896301055,0.5613337089417266,-0.2769886853011601,0.2956045697562596,0.07317603567889178,-0.012382495880612689,0.1423604371640199,0.011094346468996435
-1.5520007509763507,0.39919763499771344,-0.015229817230060578,0.09833088390574514,-0.12238928234159949,-0.02160851213674203,0.04820941880830791,0.007072384158915963
0.43807345818324395,-0.1897554496104281,-0.9185980747897253,-0.5544976977049029,-0.4059257345121492,-0.03560184231449284,-0.16769382965848575,0.00041326607045306035
0.44423555785235136,0.04897523906123205,-0.8368924004261785,-0.5293609309451868,-0.23911442430632165,-0.1349013618473527,-0.15530525816861532,-0.0008386211562955463
-0.5343565462177592,1.356951675930214,-0.3786601217803942,0.21593034636168404,-0.19135492574795646,0.05502647244784668,-0.002988916790550876,0.002277850923499292
-1.9741253436782378,0.5109713150275116,-0.09742792559987858,0.1972241996411525,0.20209504159736713,0.02474183515555074,0.11225169719798912,0.0005068612370140188
-1.6316910964316793,0.24976582385694185,0.394991803753846,-0.10459662156515397,0.20429093413038596,0.03717483321896463,-0.0028009026317891844,0.009167703843350007
-2.4291790564615856,0.7401541243190473,0.8322147061258311,0.19933204929565376,0.4603949408323688,0.02056095631680531,0.09267784002821546,0.003781257219451501
-0.7022378848945514,0.3619243453800108,-0.2555842085862624,-0.1468459722437771,-0.1641102284193757,-0.17724000303103019,-0.031045208929976077,-0.002885759449738377
-0.5565840702696032,-0.697374779157655,-1.3301082117452558,-0.38266433443538306,-0.29574145121343504,0.14263378260787085,-0.04066002160198576,-0.012221081019784738
-0.4094106258073862,-0.08281231469687668,-0.9798044057653865,-0.29928183964351474,-0.1444071440928267,0.029425674380572447,-0.047961468025581516,0.0014510549212199658
-1.0533607466822135,1.3079370708354234,-0.39538202650969406,0.30850214881087645,0.015813008048778093,-0.16514586541048965,0.08761787000718792,-0.000678802392920415
0.13494246873613072,0.9899874616126672,-0.28061543451854554,-0.08959050036260363,-0.44467269847924346,0.1254839181794287,-0.1323607613185648,0.003204484109420533
-0.3362466528891478,1.245904384020704,-0.438667675594574,0.1418268455036638,-0.2744639488044855,-0.08281812411464452,-0.015363491093341699,0.014972979736104607
0.14884909468287644,0.9884080998952662,-0.5203277817388092,-0.053002371746951965,-0.4493616845607893,-0.07971005044048819,-0.08982288841327433,0.012688584147333839
-0.025195204835861858,0.4961737853501258,-0.684442031432038,-0.15289238714150938,-0.46585802145764377,0.12334123712227833,-0.10003993454206075,0.0029195096487329786
-0.5956910005259864,0.3480333948317907,-0.46470450291966575,-0.13660446419953462,-0.21040556841744912,0.1113146699170157,-0.05460911191546792,0.0029050452951282723
-0.8419513156464276,-0.28819930273014116,-0.44988162765519235,-0.26091120054714684,-0.35455820422726037,0.05129838409835017,-0.05398956598281847,-0.001570766725129399
-0.31224499247797777,0.878731718662981,-0.9120504825220201,0.03751424556004078,-0.16298738364008467,-0.03695792345434099,-0.0006389356420289285,0.002140828997093675
0.38282902260958435,0.4878167388239242,-1.4944624951009595,-0.18003992717666067,-0.3794359112417285,0.13345856809013712,-0.07731285846970784,0.003010915487871016
-2.2974922500031667,0.8349599881869734,0.36406649398694857,0.28952183684204963,0.40608850192677814,0.011500054539524912,0.12949383559917338,0.0014785196308781195
-3.2324951451180484,-1.1794504151944427,0.6696823308083147,-0.2870224730481796,0.5696201283705372,0.0965417659569234,0.0900272302770013,0.002944942884167525
-1.185630800148358,0.9910150387876483,-0.09747624914961203,0.009065240075536843,0.5605785230515309,-0.29108181956606516,0.06107556408300555,0.00852763619458649
-0.7954217284031481,0.7719741426494272,-0.5068820031512784,0.11521372879573696,-0.25053529816327713,0.059376381702534564,0.010235986361714132,0.0015180996801672044
-1.2578195505724812,0.3713961626466417,0.09556625161225937,-0.03797663012549257,-0.09462547000781081,0.1403451154466133,-0.0228229941521309,0.0015875109443056008
-0.9826236246450079,1.0071636865002762,-0.2875635446895425,0.20608130622087864,-0.16790485189486334,-0.04156275324410581,0.03807894744743084,0.014434387144259249
-0.3187613232958872,0.6990494281551354,-0.16728233172056098,-0.048560862640295,-0.3885963598336505,0.022187507020463747,0.5643163276223354,0.011586707477621935
1.026697147404875,1.3149272815366444,-1.0806935218974996,-0.32479052509728323,0.20643923856040938,0.04756654362168234,-0.1544835125931121,-0.007424925518921639
-0.840223915472961,1.292452882884667,-0.3954741396552224,0.28423168371829627,-0.15300208899099027,0.08644266740745812,0.03345459377398403,0.0029410149665682977
-2.2296771815761405,0.27668340667549574,-0.22846899994855926,0.2582439214444611,0.05418739217662348,-0.27658253840392977,0.17783011607705618,-0.005225077408759876
-0.743663224650216,1.7369853914640299,-0.9177657529211342,0.3598824555561789,0.3499706629834633,0.07348681898343871,0.09501842928909356,-0.006698450388092462
-1.905057661064667,0.0771810440284579,-0.20170236182280524,-0.024491276505794666,0.35549177911206103,0.07799123721545517,0.07872540686495097,-0.001987192974721315
-2.7053027214630543,0.6157196813616799,0.44338684230930164,0.26938854283493985,0.5909584245798578,0.05346577893575346,0.151375769565041,0.0024010924947090845
-0.3795927139859806,0.6284681034783908,-0.11245855358855614,-0.08340263500843469,-0.4620911011944534,-0.19578748840349067,-0.06848762978277709,-0.0032474578435855196
-0.7430803425137367,1.2168439117774905,-0.10925650094640939,0.2230190863311271,-0.31644286924751214,-0.044326172704056914,0.0021621877467466895,-0.0002072370510990765
-0.9032000154078014,1.119755486451104,-0.32379833473019826,0.23771865179145654,-0.19304680848209516,0.03849798974276048,0.029277613504322102,0.0014516449546961125
-0.308956172130315,1.4365229385771567,-0.9093332457222113,-0.0003652205358332497,0.6580262343776616,-0.19679519355152716,0.039571036978512386,0.006518672355112172
-1.0411178391205091,1.1165685508101877,-0.2923356579238815,0.2684680225545169,-0.16473654196097468,0.03512017152126634,0.04535715263085719,0.0017375063995752522
-0.8413242479289627,0.5403095462000355,-0.3846411537484028,0.05097955859862361,-0.3565345529651386,-0.1755565215821388,0.015355421868128546,0.003532517415065034
-0.616981350448066,0.3552368810681225,-0.7067240697255965,-0.015109212225212899,-0.39270807986220735,-0.13910629550478298,0.23940981436944833,0.002543197774932072
-0.42969680771253455,0.24730654388978682,-0.7888718553855567,-0.09640513069660402,-0.4703717617627574,-0.16055792351177295,-0.019059242146973136,0.0034310124720124237
-0.14257545060732674,-0.9086275825521635,-1.164786762981376,-0.653564856275824,-0.22680962924309137,0.08484226193937892,-0.12320278407621497,-0.00031997075808269605
-1.019517576152953,-0.028384117986753485,-1.070279310745721,-0.13515859512986872,0.10347093503402323,-0.023277720468922746,0.050901270607082515,0.0005451845925591364
-0.3895382493701701,0.9490649892880902,-0.6099713923355362,0.03513625587502219,-0.1510516235521292,-0.05952687283832564,-0.013824891736048301,0.0002305244183938044
0.04953470632731046,0.6414389418965664,-0.6879319506608664,-0.4268937523928476,0.5218601082171732,-0.2340215982889755,-0.07721989742925676,0.0220512077240748
-0.9799895009250027,0.862963367515189,0.27773864266162873,0.10944282087501979,-0.3547992789483254,-0.02922408407794682,-0.02777462706484581,0.0006921973434499978
-1.37451156409356,-0.5522011846692467,-0.09981504983558287,-0.3566994281427035,0.0032152884249754604,0.008928151941338157,-0.033065884546249626,0.0002856895892126863
-1.3379269256418767,-0.2928142942482624,-0.5753673884658703,-0.21555887746120966,0.10140904280719491,0.19602310024083575,0.0053953658945039866,0.011366700280624283
-0.4337985685111463,0.9635402701933009,-0.37932705708918574,0.10576399235763854,-0.4416434213616941,-0.038664816982842506,-0.028328008362457288,-0.0004485304247793256
-1.8858607423574079,-0.015607715083866911,-0.33572143193449494,-0.013096214343909004,0.25533537778437065,0.09758158831957653,0.08304355725690342,0.02065769132000769
-0.7177994525017077,-0.8730530921216777,-0.8756677388568589,-0.5180547493453002,-0.15920074928320915,0.02058724027175575,-0.06445426251222325,0.0008536232103060812
-2.355739996169068,0.6470337590593697,-0.04177960798677183,0.33371872906057076,0.30619207243609803,-0.13888950209982068,0.15118093075806305,0.021780130758064967
-0.9953616501363827,-0.16673029662431973,-0.6800263688196966,-0.18948807538289897,-0.1398028399644357,-0.111549269357598,0.012490810351183972,0.012697882387599562
-3.5453576049612865,-0.2527087514910473,-0.26481723960623255,0.2299694715942026,0.8563827608710203,0.1171372576936849,-0.07379685893881892,0.0033531600460150997
-0.29193654092983823,0.6678062615680131,-0.049226109764729825,-0.05812003233728462,-0.6225096241384023,-0.06980621767794565,-0.093560463208239,-0.0014645468649830769
-1.2069421647630376,0.40827123481218824,-0.36808651427141054,-0.003398163017956935,0.04403765967652877,0.22566600259902134,0.008726091590749153,0.005226872899736407
-0.9928177025389662,-0.6034790410041677,-1.2392501151198072,-0.3435018544152634,0.11783366440681828,0.11650669733876455,0.01379317133029788,0.002968277372411813
-0.6110385133053416,-0.4626366104964509,-0.7178811433873211,-0.40097018444979776,-0.22185884012362264,0.11280544525807712,-0.0783026498688758,-0.00501109177118334
-4.1863247912703745,-1.7026857541659777,1.0439855383285583,-0.25988571084715084,0.6432232287515413,0.08206960943408996,0.14393703340280972,-0.0002875250511561453
-2.176463161918372,0.5333705553545038,0.4878513829672972,0.12182437427007284,0.3677830508158809,0.0070081905191394815,0.08242281189802056,0.0011635400880497132
-0.9072042915808578,0.8408688351307472,-0.5292089299484853,0.1914876482360628,-0.2821800642207432,-0.3896630133449707,0.0791507396383483,0.008049417255481256
-0.35727500898911874,-0.7191757307207838,-1.1220683611620759,-0.5415936832040983,-0.14118675178467002,0.07592750861111948,-0.08612909356012799,0.001863101466535144
-1.2310825170844966,1.5230474109444008,-0.22461150321270584,0.3359579287553539,0.2976716484421702,-0.04617192755575529,0.09215492139782333,0.001988704205081055
-1.0938616604488276,1.4370418153834426,-0.30685883711342743,0.28400683743657984,0.25429424775834925,-0.04312612359312719,0.07608549248297194,0.0014309298282055968
-3.266436412555221,-1.418976982731321,-0.015055251713041692,-0.2726969327968403,0.6196810281190759,0.10443202580699579,0.05335084024838368,-0.04726848504292966
-2.912500763848411,-1.607794783730813,-0.05976062494605029,-0.4131187643602669,0.4958450398378798,0.11386534928774289,0.09174413614010116,-0.11978530046187709
-2.562133081535666,-1.82685232571629,-0.2822301533053625,-0.5440434325818382,0.3872824178451935,0.12434542757232353,0.051784338719731586,-0.047317115677687344
-2.4418395834392936,-1.9577312284363115,-0.6033495954677732,-0.5763260487448423,0.37485568251266393,0.13601525008774001,0.05793726154483663,-0.04874556775187322
-1.579742183101594,-2.359302647933284,-1.5424674903601763,-0.5832315474099047,0.48057208809669805,0.36610462666451565,-0.04273802798824651,0.033144978070215055
-1.4077167722753077,0.4106011277714042,-1.0900057084478714,0.1629895774123107,0.11484081321325681,0.011870984299686742,0.07942473788261355,0.021119422858537087
0.12382482422605316,0.8261600905757367,-1.1634833709963415,-0.15754846923462562,0.07072536155315094,0.04612325461365682,-0.050948732643465174,0.003353033439989595
-0.7873901859241693,0.3619159259154167,-0.6067964845871238,0.003186440286986719,-0.3598803852686322,0.014704730447909639,-0.0006417652592234383,-0.001608929739420153
-0.06555174062128974,0.5631538294637478,-1.1367056079760682,-0.07960839443164089,-0.3224840890713059,0.1767493919663358,-0.05223074576128091,-0.034130681555045804
-1.9953504184263677,1.3763709408112108,-1.1942956137030698,0.6632809299241604,0.35519008445529426,0.03114879505061619,-0.05284852091553667,0.00502871843666586
-1.7819577877668893,0.7818683187151837,-0.015407002378361088,0.24503201214809647,0.13480864840272852,-0.08210395625719583,0.1066879210478724,-0.0002677491176129771
-0.6316298578166165,0.8719198288012309,-0.5957586482582323,0.04999097616754162,-0.041700949121413276,-0.00494119437022545,0.0065031827392849975,0.0009327386859513716
-1.4323294732866203,0.6593698704743141,-0.9962671507691424,0.31353584401378887,-0.08135018953067606,0.017911819177958064,0.10229522881951807,-0.0007964789492950877
-0.05457967838408584,-1.3537184886371771,-1.196439403130502,-0.8185088295836503,-0.33103701572457495,0.24528612522583668,-0.17424965144518284,0.0003545446562176202
-1.3849440490853187,0.939353548220436,-1.007390491241639,0.37728826357065287,0.017022703504046735,0.04967449852826017,0.08749199402177257,0.006215242865623696
-2.4132971858094328,1.4906411324791666,-0.8228609010801115,0.779026190130141,0.3680717816335083,0.01298296086426424,-0.0363487296549324,0.0036959176865600856
-1.035956795545335,1.4931324820813732,-0.6350314630610916,0.35763871790102814,0.2053823201913356,-0.16572721957002198,0.11848501516645758,0.005140068810471285
-0.27794333233529545,1.1688158597419986,-0.41319830436025456,0.03474800159404033,-0.10362346012304476,-0.1731062896629678,-0.02393182973830995,0.007760731923464478
-1.3284175305442447,0.8194216749859481,0.029726627657489534,0.1612745487210832,-0.060263927620407866,0.13506779038596092,0.022072579929357607,0.0015726206246387308
-1.278061757764143,1.2457161296864396,0.3660011922645089,0.24845750943926354,-0.04627600885230002,0.0627595463147829,0.01463805265355619,0.0024492990898146287
-1.2881578561625158,0.5862779571977025,0.17782256079407668,-0.01919552189839379,0.10317781006451243,0.1307245680268649,-0.015227332178813228,0.004113631714746473
-2.373913095804117,1.0823769979401416,0.730195978219151,0.3663159698804107,0.3515302118017313,0.2049432574449828,0.09955229607543416,0.0035213345867636295
-0.7086001490037412,-0.8046786406193686,-0.941592720679322,-0.5403279582509319,0.02766144892194821,0.16109172102988759,-0.07229223419981934,0.0041001703685796444
-0.032330280345458734,0.4560260335636048,-0.7177433000180494,-0.0660964586277229,-0.774299171676233,-0.1364711590562793,-0.06635747704828059,-0.003007151702900162
-0.798156651384483,1.4225265444684128,-1.029377196391424,0.9589235669746388,0.6521106205086502,-0.04433191601529712,0.39938388124791824,0.0005476691881805369
-2.4653128494988654,1.40584911823538,-1.1617279316234992,0.7485943706724643,0.5828196057251541,0.13497910579789987,-0.13160607159455476,0.0002472972778075189
-0.9079639318425807,0.9421869520042638,0.15734124382457568,0.15290734491154614,-0.4066824341857666,-0.06224283110401243,-0.0160892203087175,-0.0015395672759479042
-0.5296882444274463,1.058082090160872,-0.5843335287064753,0.015073232139954996,0.18725804539524965,-0.23511498537291123,0.02369121010244885,0.0002510774478966954
-1.3699655450506836,1.5346413209475476,-0.041710683875122744,0.4083837920410808,0.12490034446815204,-0.17579087382308778,0.10934664699556373,-0.0007261523861850288
-0.49623054574043723,1.1232497273326991,0.0447176373623758,0.04527374375309925,-0.213815108113477,-0.17804114793266906,-0.04073993376447081,0.005103691215029352
-2.191567849142024,-1.074402720244671,0.2180591599079984,-0.33241154570149395,-0.02945867207515356,-0.1491264952825744,0.0320739660496432,-0.002788973583498997
0.12668577725289107,-0.7231412366167294,-1.2540343378156442,-0.6265082743297764,-0.32275117730105357,0.004630536549610205,-0.1298927414731531,-0.0030356818816729904
-0.6404027510605846,1.0263625028673249,-0.986531487858647,0.028829400394827096,0.4478149340183285,-0.10060894451281732,0.059348861424934236,0.006733755772689103
0.6097205494795542,0.4312698944426691,-1.2682742751195453,-0.22354824340481536,-0.6833973966222286,-0.0017343903570824523,-0.1175871145443426,0.0005863511680539533
-0.9221486990130578,0.9277127749172416,-0.6128754141733671,0.24330871321538278,-0.27305820551657217,-0.021349851739660367,0.057142761820625707,0.00017996477632740613
-1.6525273737355033,1.062823074447824,-0.12772941324954218,0.34908257514917806,0.07786692265257784,0.13140330362029454,0.0960213969057843,0.0032578873342472025
-0.44634176440192164,0.3321591392764131,-0.6820409230113361,-0.07658117231840499,-0.4668733042125389,0.006595788638063279,-0.040129932485654544,-0.00037297434827735957
-0.3765476775430496,0.4321141875786863,-0.4950726286717609,-0.09721095634892848,-0.4529090419091113,0.04277301447522682,-0.06618464508483325,0.0008658456406111338
-1.073723858096885,0.7180701353699355,-0.9116238193214015,0.0636199011309154,0.3712413230252964,-0.2716818835253268,0.11234168898588914,-0.0029424238181119692
-0.28974353012035614,0.02821377194636633,-0.7183152469065385,-0.2172426651256866,-0.5459676365120102,-0.07170682067973211,-0.06774515270082636,-0.0016928297086210248
-1.624314173371328,0.16366749669139424,-0.8458071071941399,0.12248254187730892,0.040578601281031704,0.034028935755308416,0.10756740378981869,0.00819802759567361
-0.6428511275465444,-0.20009651618556132,-0.2814906650404905,-0.2928325858376278,-0.35735283993777767,0.06334784950019316,0.36800768991137683,0.007336683806431302
-1.536844737047223,1.552176621128055,-1.1633207785531878,0.5238713340110662,0.5300888591608257,-0.31465317917464264,0.021468391188853832,0.004814914588645408
-1.616204636152458,0.7189206530351648,-0.2811561966915617,0.25245340940919725,0.00040366333027372917,-0.02123431111588868,0.10266547897420766,-0.00029636869738689485
-1.4077088016469008,0.4064060008806464,-0.2814118180945507,0.10112046309520203,-0.12963654689774662,0.05203413569132511,0.04774252191789513,-0.0005456507093150834
-1.2083616902080654,1.0731793580835676,-0.26892028157309755,0.16660916302342552,0.27645085262729957,-0.11474017429910638,0.07234868361474209,0.0004922694484083197
-1.7132335268242953,1.2281881225174214,-0.42304736073177635,0.4741193563950082,0.1083040906640306,0.07225732284303614,0.13423051979437475,0.0017746945520897006
-1.4802608101724097,1.054406947574739,-0.6873264802723652,0.3927832262068112,0.04785147416175993,0.08255705809285994,0.1225606135012821,0.00195875259170877
-1.3743709184335473,0.23238622823984253,-0.07985924415310577,-0.059367629611171556,0.023453210512432897,0.20287006565293525,-0.00601928377101172,0.0006855897515270052
0.2186534848331494,0.6000195144215035,-0.9125030576155782,-0.1213588725724167,-0.5750859125818155,0.01050126736133034,-0.0906586704503098,0.0005714662514568527
-0.6325164627618747,-0.15746127419321365,-0.46903400132734463,-0.3016983257068496,-0.27193675377952653,0.17535037979284204,-0.08688566351368601,-0.0004461995852057775
-1.8505587408277848,0.9883358203167827,-0.9197771509635507,0.408664411781661,0.4029792914633123,-0.41093705592621904,0.06524344797442455,-0.0211944189621707
-1.9487180840658973,0.038107913845798695,-0.08623044039685848,-0.027252413136459014,0.29835015786147256,0.11852168998604186,0.06632388111259069,0.0028173940525771613
-0.1704589052908306,-0.34933825782339867,0.04560357520098963,2.317173466391051,0.5320254541823468,0.05901304701944889,-0.11281751459881205,0.0008020438783855951
0.2376841887731939,-0.310599008189644,-0.210141539151794,0.8807522946131491,-0.10283493104509009,0.067920207956434,-0.2016597236029545,-0.0074567975060607795
-2.002924100454075,0.5898298436599724,0.1375243601509174,0.181652506486372,0.253333905253609,0.08980150659174639,0.08965086762234795,0.011898464709027536
-1.8222506356637906,0.4253660398727721,-0.20001924606038196,0.12545723552791455,0.2198244831465937,0.10212340168607263,0.08822843458588758,0.007355778440437437
-1.2040527166171906,1.5666316719955957,-0.28430784893605393,0.46240232310322055,-0.052078563476102034,-0.005240302347698514,0.09838644507364874,0.001419461279538044
-1.4498473630541524,1.1270955055215068,-0.331783127168484,0.3403829158191577,0.08132957298299721,0.13083706031215503,0.09254166497591769,0.003193969495051502
-3.03621353939753,-1.3501227501248696,0.06273161635718019,-0.3674004311838307,0.7352062929581517,0.2486532003625553,0.06555056307419888,0.005409037759626434
-0.33867440664802245,1.0143779967398523,-0.7765929988556299,0.1783763416832286,-0.4951266429918919,-0.11314517975204931,0.010973617480798444,-0.001756076473529657
-2.8147303415676648,-1.3735418429325843,0.12551416951519764,-0.403234494084592,0.5525914253154968,0.24857890391455148,0.058791355850996624,0.00512100605457077
-1.3839464686522713,1.2547907087620034,-0.3663004991270898,0.35454037634154933,0.14408959524680987,0.051233821581769055,0.10360906329182017,0.003061746874823089
-0.7189080172773404,0.8398978410418975,-0.12044441114343397,0.08430116486837456,-0.36321375639719145,0.006179905338557629,-0.028366315434205536,0.0005962448912603526
-2.264620086223289,0.3338781269947041,-0.9373156174417149,0.30602813933256867,0.3597840518576849,-0.12847133779185366,0.005902580300242061,-0.01941448340378395
-1.5993477436147785,-0.013925693883330157,-1.0159928958993498,0.04430444448931492,0.12912125393071494,-0.10523390867286105,0.0927000118561787,-0.02015948562452102
-2.583104398472512,0.13016594553546773,-0.18244994071483514,0.24008901287937068,0.270552909644853,-0.1627712367942559,0.1190301672654192,-0.0015589852540161056
-1.4620207005411272,0.29827317710830464,-0.758596139792515,0.10416303410048497,0.048862961505699125,0.09994986485158854,0.08957645759375885,0.008205402715212624
-1.00470991926499,0.07966147421327865,-0.7275024444695929,-0.08518889700422697,-0.12702035959071886,0.09916230937236828,0.011934461754131157,0.008041553690517253
-1.2897832558064957,0.30001813564695107,-0.03061106971943331,-0.04796046737250134,-0.04869067430995981,0.054725068341817014,-0.0019024664188864449,0.004981707028076446
-2.427683585404172,-0.6969666947502866,-0.30650603611967264,-0.20055110598176945,0.5672776480224827,0.18757673054018034,0.07246306440759309,0.0038654318746345426
-1.622217578585607,1.0032557991587077,-0.9718226620757866,0.40968693247250004,0.21507849838967819,-0.0453414952518345,0.0578329750093877,0.0009943181446683733
-1.3143061280495836,0.9658239791637178,-0.6521679262610193,0.29029544381420735,0.06984344291754559,0.005971071122082252,0.10992023574372078,0.003554064953476872
-0.5932229121945638,1.247011329512039,-1.0759182028522254,0.29800407921264643,-0.14362670132597818,0.09514730383183345,0.06462014048448984,0.0027216639474364765
-0.026560771558892225,0.5967669234492907,-0.7576713586403567,-0.09344289731893103,-0.4898308165216683,0.045505596697852285,-0.07764586741597046,0.0010496671229247554
-0.21614846701938495,0.8580691114735434,-0.3214419367661206,-0.04002770886788837,-0.37176163284264985,-0.09004960972310727,-0.06799156335136974,-0.0006302096565896337
0.1242538913526968,0.9689200298573554,-0.9553226134455525,0.013310726154299705,-0.41783689044841604,0.08610699198539573,-0.06034401187644777,0.00252685834631186
-1.0364684618576019,0.34831423540968787,-0.6178981846966611,0.04782589179597303,-0.24537435778674782,0.0415162693900532,0.029646793006266825,-0.0007006919203030946
-0.16475203423845358,0.344316676677385,-1.1282611408321124,-0.09438960742916985,-0.45086812371426505,-0.030213957865490717,-0.02958301797487936,-0.0003900239962330516
-0.39131398858439437,-0.023634358020369638,-0.8069039927700606,-0.2258048321920847,-0.4237554704053181,-0.003015603397433869,-0.057209240437654976,-0.00013446038275595116
-0.5982272021179108,0.6651366842174081,-0.21529129330531657,-0.11271606993916972,-0.022366575140856763,0.16524443748261353,-0.06800446707098168,-0.0024090217979160122
-0.3005419689020979,0.44511360313610704,-0.5445864218817315,-0.21729830392851973,-0.1008593756939553,0.17750716313350037,-0.08983089106883675,-0.00018454624357232488
-1.6563233616587227,0.8087053647396198,-0.9590562499541877,0.31760344227618237,0.2992557556887671,0.05197707052891888,0.042783355723688576,0.017673379568790573
0.2860912944035012,1.0695389785065352,-0.8559368487243827,-0.025056246915333244,-0.3965811880240027,0.12023447893882575,-0.09021222210590808,0.0037863915351320845
0.3949003159201871,1.404652323517725,-0.6987405320696085,-0.17621725484993644,0.30726361836827554,-0.21281007846981162,-0.07538289577396287,0.009784992402332727
-0.8287146121229577,2.0521480890736026,-0.49893750066783055,0.3151995706891136,0.7486402069217125,-0.22126748563806772,0.1093271002086973,0.000320231317302761
-0.6823465428464666,0.6731688972737808,-0.5548269273260045,0.10205423668708354,-0.4299508650799188,-0.04591912592914418,0.006128974338151768,-0.0011366827749142256
0.06845507976070137,0.6901846145583582,-1.3799918660301493,-0.1325991431891991,-0.0019516936453137898,-0.0019181970828310445,-0.023470884589708724,0.0020592089701207913
-0.2828491810145448,0.7929865414564319,-0.49663929900332726,-0.1452696828705222,0.05624549905255113,-0.13220162181455808,-0.045311133457610675,-0.00010582790015902267
0.1967626787040811,0.48940231700077336,-0.9170924365211452,-0.23276001623223794,-0.32784107178056265,0.024845605509680208,-0.09921004633188772,0.001759707116707629
-0.5987336823702388,-0.3370724963509787,-0.8901952970911482,-0.31818570571082216,-0.2514198342945563,-0.13722390748901747,-0.02797515088099315,-0.0023862809229868486
1.2110854579156185,1.2457755424849732,-1.1762993169212468,-0.464426821030093,0.4227266277689335,-0.09996513407560052,-0.16343907176723865,0.005166835509592615
0.28263284986972237,-0.408809585367029,-0.547152077207535,2.403981047871063,0.5114693816599197,0.10225345640954787,-0.1557394899852456,0.15633762723606476
0.4122159717521405,0.464014597197233,-1.0029151411966253,-0.39516350815236767,-0.023031909636714757,-0.26242255489049543,-0.09641516129183605,0.01454598358718422
-0.37083481523065703,1.1777869888881503,-0.5751804044765549,0.16457867017603478,-0.32247885349157646,-0.2247060226944609,0.014193204141504248,0.02214363900725675
0.2881220044268442,0.7303883263245796,-1.124772649451567,-0.07657949041020004,-0.5147621186245814,-0.20426987385693543,-0.04883962951992386,0.02075315068569234
-1.2903387278382712,0.0994098220621451,-0.7199335691360695,-0.07434911591004519,0.1679591733221817,0.11057176282761046,0.04593871353033266,0.002464967939165966
0.2502835957973101,0.9212022342872356,-1.0261253379886055,-0.07678818351822107,-0.2841616125250292,0.02567687285602021,-0.06881150996470305,-0.003458202631899621
-2.397931388921576,1.2133435533841048,0.6683249683958882,0.44057890557717466,0.33643450019926235,0.14427940925153693,0.12407945365388508,0.002293174143067205
-1.5109197254827686,1.019013859728585,-0.683516722934168,0.32991845801293324,0.23331767999456843,-0.026321635687589814,0.11708544463935971,0.0002775984652379269
-2.1777010256999874,1.5967406772697252,-0.49249518821975186,0.6968405141607723,0.35540956113310634,-0.17315960649369402,0.06659374115361219,0.003007363403200822
-1.2306238623926076,0.6724505575659735,0.16864093524087206,0.06960162273324301,-0.13624673230905185,-0.18712469041444724,0.01977679140633173,-0.0025540276746024563
1.2761585336232617,1.19050079199062,-1.523781134634082,-0.27541667311123963,-0.1350404398221258,-0.025345504296828785,-0.13918563198313963,-0.023339787262930962
-0.11935628773327328,1.4446175757801551,-0.32519762862831386,0.1568319604392038,-0.36983463965652646,-0.06917727840797334,-0.044809503872480734,-0.015191249008992097
-1.681072479463134,-0.7732378860229583,-0.35008059139740627,-0.3389329549808088,0.138024216451345,0.04574083945843523,0.01524730671588725,0.0005717553645547448
-2.6932319263114324,-0.409913040778538,-0.033020334528204597,-0.025318962000097662,0.4960777416731592,0.18947186615328232,0.08967006725167403,0.0013934963141991876
-1.5603881512986513,1.4142364983212252,-0.12856117813557164,0.48228278507266453,-0.013118596618677474,-0.28088428771136487,0.15031572965420614,0.005459798182721503
-0.37573202399197886,0.7243641132518249,-0.6031644401039573,0.021368093177282794,-0.41164136015356806,-0.262783508267592,-0.005780792826572597,0.005789302870822216
-0.016607972715762562,0.41976740039143623,-1.1755888901812863,-0.09549884630854893,-0.48833770111529184,-0.24170833632696573,-0.017498848746914927,0.004897834326238639
-1.703006899485062,0.4246669753891372,-0.30924997011499633,0.21770738117891603,-0.14982635033691527,-0.041986407818720345,0.10262375987561254,-0.004396667935722099
0.18333103227468683,1.0603612957873672,-0.9703970175050032,0.044199583527696894,-0.45895264659526375,-0.01534563847552856,-0.04978205549472025,0.0006888949839090491
-1.2985110305925647,0.7450770634466471,-0.09431082156790647,0.2367382222123403,-0.36565445095292504,-0.18285036957859324,0.06304712479885181,-0.0031638097902590523
-1.151107965516178,1.2620341043950083,-0.5205351065102818,0.37888184688321597,-0.09222556283007619,0.021581296935441287,0.09368995583240287,0.0238847918011824
-0.5565008338258193,0.7493339493258779,-0.23753653516174986,-0.0611856396368154,-0.11496466580598694,0.2139749243683531,-0.06985316448100926,0.00529084589049911
-1.8370404515371055,0.1367628242521821,-0.4771335890852437,0.04554741615682091,0.28271628966102247,-0.0053145954896557475,0.11055654491714807,0.0006628813651616688
-1.3173613294664843,0.7614807864941826,0.2804980883916578,0.09934415870609915,-0.08670971804850715,-0.046105857868502416,0.010512544705590274,-0.000623054636218678
-1.1679716554544102,1.4469429545902281,-1.141963646361056,0.33676705615663677,0.6094530523538185,-0.5211726538518252,0.08477292037081693,0.013012192235695934
-2.454711423707303,-1.4043330723143461,-0.8161185240121217,-0.41492315195417034,0.6635175240786348,0.35134206365447557,-0.027958954997169782,0.008163154255669477
-0.8605895712824907,1.8057716444018344,0.11429227024665818,0.25898412828680156,0.3143105297080395,-0.059335943507872684,0.02565877494973101,0.001602991981417315
-1.2131864788540987,0.31550778979107624,-0.31504974386874074,0.007278346940359849,-0.1320439218216372,0.09867960079244371,0.014025642798120448,0.00480651155522868
-0.8864791122524057,-0.04162328469591445,-1.195327924810027,-0.07988747888918495,-0.16486347359013476,0.13085287024378991,0.03219691146001121,0.004215368858817086
-1.3749420047663143,0.23488600543635244,-0.6697648855797367,0.06987311395921385,-0.06828234661534428,-0.2761857675869896,0.10587890413294952,-0.005273210821272726
-0.40751939196356857,0.4683092277082143,-0.6760865101382009,-0.24936293725777584,0.21675874566008593,-0.21842502433240904,-0.023319595774976918,-0.0017758644420112686
-0.6659977817665473,0.7615929085521833,-1.4469020186180068,0.10986073101914648,0.13143596500794064,-0.40499982085647457,0.13039646902818494,-0.005965712069416637
-1.908856384612307,0.013932411425135932,-0.4640132227005432,0.03246933014739552,0.2426403766837223,0.2033317552833601,0.09011422102340118,-0.0004850506311851901
-1.1983311559221104,0.8718248440306874,-0.38295911039197067,0.26250129449639126,-0.23489804187847516,-0.025735861707835643,0.06786974935074533,-0.0007814388016788007
-0.875979284876307,1.0434789843203855,-1.2522477273196586,0.19432875738880268,0.3298749614325258,-0.09458882801498189,0.0864326424655575,0.011572041530624818
-2.3727082648247446,-0.47246955292676673,-0.4880048941201299,-0.10421638347072246,0.5691143927485982,0.15662800622524625,0.04408635257674827,0.004707763072919842
-2.606614352752088,0.3898769114184296,-0.36250225128772623,0.29386835598505084,0.5327700796978625,-0.012701222728729011,0.03965454217933222,0.0015177566521857896
-0.9210161180146917,0.7066094660469058,-0.4682033943509229,0.12481952042434544,-0.2500810094095565,0.041384139131826,0.021002292188427425,0.0009318039748224743
-1.9076518039614783,0.20419105996464626,-0.6499913499419242,0.12018856374861658,0.288692840178241,-0.04649011094685333,0.09682151424215067,-0.00010293058753572117
-0.9960868344407341,-0.08735469666163975,-0.7361375583285925,-0.1703301324239228,-0.06666732438314912,0.1356018171978089,-0.003753504857690549,-0.0021479915431658505
-0.5660442044546314,-0.3501260398598329,-0.9640090714078123,-0.3346605009055867,-0.20558790512601707,0.14424574509082516,-0.05559679904817237,-0.0011718436265287522
-0.1273939959981502,-0.7117327114826,-1.232489859625783,-0.5193841733340491,-0.39104266150832906,0.08340312297400278,-0.10335558859705486,0.008397343058028734
-1.3980622319848377,1.8042338626603174,-0.39515230856732675,0.6278679458915638,-0.016584841829237307,-0.07662314411989568,0.1576785165726478,-5.76619807785799e-05
-1.5080294448721052,0.5149231425737356,-0.35118714751233393,0.16469862498610216,-0.050565701800119156,0.07431866719822511,0.07202498443722147,-7.129005348661152e-05
-1.2565270947676623,0.9470572613806559,-0.8841996066433285,0.27491455951517124,0.16124610711800555,0.045675888474596915,0.11021356019105938,0.001898941901275362
-2.4077318478662044,1.3549125866209317,-0.8338813286552766,0.6959838975467739,0.46418042732713505,-0.16187436803996316,-0.02377292820509202,-0.011150038051219707
-2.0785000461382084,0.126614203031597,0.2766005997322027,0.012496876284088985,0.2204294686393008,0.12696333678719443,0.05429853088740222,0.0017320329460125009
-0.6975523177736731,0.3397644415986124,-1.5232822252448135,0.11577991519651662,-0.33990231727063003,-0.00751008448495206,0.08011128968761425,-0.001695968241293058
-1.7928865846390454,0.15700398844953692,-0.8305460677941533,0.06945015326701284,0.36590940675323874,0.03362618901958464,0.06389655113057828,0.0019842203045665916
-1.7146193747118752,0.9969689024770039,-1.3475400331351817,0.09501395175001964,1.4908414235996692,-0.09677121488044417,-0.12433074887357527,-0.042125564748269985
-1.574451473944533,0.186307917031759,-0.45664093087561697,-0.002136270806896758,0.20620987458193585,0.18819107339828117,0.05621912747236693,0.005031196370686495
-0.9160982469476269,1.2606445804729207,-0.5952607630744338,0.3167657670956197,-0.10507235451918417,0.0935933226502244,0.06086630781518436,0.0027827212937845086
-1.5644770620243735,1.0530650277364868,-0.9384294127431891,0.5602464450478034,0.20824222571248177,-0.4784769933023325,0.10322674805845357,0.004130757344745964
-0.8544796149630228,0.654295124153936,-0.7349683345590399,0.6601199009827171,0.10056038074908731,-0.4381337626506135,0.4361585390271181,0.00032236293638688207
-0.9703469469879256,0.692773686512433,-1.1680247158948656,0.3972727158243389,0.04055982152824368,-0.45733244225319847,0.14511308732965583,0.002900977529947839
-0.4666175959162685,-0.12748069753937583,-1.429512752310983,2.441277737184948,0.7446204177081202,-0.4761091959209994,-0.1001201980923903,0.005073479054643543
-1.022601544419967,1.2196348547452978,-1.1006641495450142,0.7137512502092808,0.6886785086917271,0.007411761515936284,0.3897983003445748,0.01339968044857398
-0.8731746976088579,1.1475509427599544,-1.253977339861683,0.5055031056265769,0.585557992490723,0.010277252021832025,0.3448634417324292,0.013277648662255608
-1.8885774475031958,-0.013165368047907855,-0.071439572500378,-0.032844052137446456,0.17913709469989927,0.19306740780510767,0.04721981505373668,-0.0017097629816283674
-0.9268650176918714,0.15588274705102848,-0.17511170197131526,-0.15229791418588678,-0.2048371117179181,0.1308266136045815,-0.05239003313514127,0.0018255829524124788
-0.40829460835424936,0.468775975443666,-0.45557751170992095,-0.1486729640853376,-0.22664642306794827,0.12041727744059101,-0.07471126111613384,-0.005252913269835453
-0.12470772797373296,0.19926400244576464,-1.0378471103643447,-0.2340342710143515,-0.2738492393689932,0.14172883037546916,-0.07393534879800819,-0.005773846117843345
-1.8395664966723337,1.3009058398272293,0.16801206666696772,0.4194811800492143,0.18789467067206247,0.028713916701399098,0.11717217690343344,0.005921855747476628
-0.2249675991596581,0.5577913872383041,-1.0206064116200992,-0.06580731113066682,-0.2666229418433842,0.1022325867951403,-0.03469764989643576,0.0029901554139656742
2.7604140598965623,0.6723563522726951,-1.110332039322054,-1.1514911130063703,0.2084937065878222,-0.02314342583113927,-0.426062394055384,0.0059230257271500955
-1.684798245412588,1.8390719928598858,-1.2749420057032308,0.7568248908366763,0.349711590579626,0.11436132899396444,-0.05245918680324056,0.005798647473945781
-1.2000939282547545,0.19226527111460998,-0.08195827544493156,-0.1444065453129608,0.05771737188673698,-0.038805834590457784,-0.007588745832416442,0.00011309902271514356
-2.2437633732532576,-1.8284196744384666,2.024691984661377,-0.9175743413949755,-0.034291831573425205,0.10902148931444469,-0.218506990677727,0.0022101446527570093
-1.3249225472836739,0.7037928761853985,0.16610468715732163,0.03481511350898164,0.1206755370947488,-0.08015722552487799,0.019759463522011664,0.0004819743011024072
-1.0368799623204978,0.03280210530140485,-0.7657952606839755,0.0010973712369457263,-0.4124989089784841,-0.1565718248713013,0.04774348166662271,-0.003233981227525793
-2.3067387053198773,0.26977185588943675,-0.048460367936322905,0.1371762939744969,0.42728163035616723,0.2572175169125918,0.1109486053755587,0.0013962532936461303
-2.0845207605688825,0.13121656027234715,-0.17859422523080232,0.05291585034550836,0.35676517214395104,0.2621213317300148,0.08515075025857546,0.00156438280011712
-1.4116292581148568,-0.10659261792415962,0.2438676450377992,-0.24580328468893767,0.05918533600656552,0.24723792121303437,-0.060234555035511075,0.0009340847158092487
-1.48827279808086,-0.17782228219781018,-0.245944154324223,-0.18820040708524335,0.13856072045287457,0.2650382960340471,-0.0070878453638202055,0.0016397340370252359
-0.4617581782582885,1.4311711684134858,-0.9577786343772741,0.10729957721989138,0.4940733838706794,-0.28994909610198094,0.07749906481617598,-0.0017219949738930208
-0.08928769719943347,0.8538283955799562,0.15061823947027436,-0.129081838675836,-0.4896257173371219,-0.1736859435648532,-0.12182115338965493,-0.002579070288807072
-0.23183117083225638,0.3758072728358943,-0.5021202943050026,-0.20999516943652055,-0.3122908130556388,0.0009893925315084616,-0.08699002126340966,-0.0026576031869378854
0.18837393204964117,0.07223869240393668,-0.9346407666650083,-0.35942769991766416,-0.42650670423687104,0.016930974215072708,-0.12108265798101715,-0.0037295780434169683
-1.0246941810619552,1.3099960681531733,0.6767956610982365,0.12656275793076746,-0.01899793058844492,-0.030330442642084943,-0.03942005058281465,0.002301998946332561
-1.6709683821847041,1.286128514119842,-0.8697599879128197,0.46864316414207724,0.37430801515340967,0.009623192388000641,0.04329552386960599,0.0030102553910567186
-1.0318529660893974,0.54994133082837,-0.87249945864748,0.03330830530442814,0.1918775272825719,-0.07395752516962083,0.07325648680517818,0.0003215644121987697
-0.41867902260192486,0.30421184145843566,-0.6179338801071294,-0.2319354801961642,-0.0658596748678541,-0.08275576732335062,-0.04834811982725539,-1.7074094963581547e-05
-1.6085924303541725,0.38104132242564526,-1.444328381585227,0.24428988978431992,0.1992072799732872,0.04752552530628739,-0.015907312712190556,0.0022806550420555243
0.8807975208666157,1.0885783788939818,-0.38476076741961857,-0.7867276766288998,1.1864085772933408,0.0504769939544099,-0.23398204067361325,0.00895873223707112
-2.529188030764667,1.092631777469574,-1.6713605979246953,0.6934571745778977,0.6896202795082693,-0.008452966089133465,-0.21323076373535393,0.004227047146837693
0.1565160651313671,-0.5404477694864023,-0.5809839998001312,-0.7069891691375071,-0.23764500353417253,0.06648183512333428,-0.19941289600454506,0.0024516056834702014
-1.0201397219708763,-0.816828389904148,-0.6297753630560462,-0.48824230854967676,0.008996463555057163,0.28979044346385135,-0.07461322745702167,0.0011585086969700174
-0.4675805880373335,-1.1520137345086914,-0.9113139354096966,-0.7000075743749576,-0.17067500367478083,0.30044973779236633,-0.14214600495912563,0.0011374545892244763
-0.11759537614207273,0.9215922317559363,-0.9824088456943455,0.0725956529909524,-0.39342665362570034,0.009044035504179105,-0.01897918188517942,0.0010643998342640194
-2.47348879773878,1.2697118236807297,-1.3090275990590061,0.7383814408193804,0.5282850005074233,0.020919534665603017,-0.1367971797525456,0.003920497248260056
-1.4720413636962844,-0.8856010310563943,0.3904240024073953,-0.5352872376255781,-0.006906304486546132,0.07013953419020513,-0.09800053428928555,0.0015062259175372256
-1.1059443272961424,0.6157439391600875,0.133689467146714,0.5817821509581221,0.1741531804718765,0.05083270007320788,0.32292412314316393,3.2990538480413905e-05
-0.4814803427994548,0.2780381083479698,-0.05906909328310143,0.28158879872393855,-0.07565543276197195,0.03254699894080575,-0.01125184943442632,0.0006055447544430261
0.2508431296949701,-0.29542005699649176,-0.9662187289259735,0.07275441068858501,-0.23522834174654395,0.07952971249615731,0.0727960095774453,0.0004911485791239009
-1.691861332640825,0.6405124558460595,-1.0161687302169706,0.9247951630388445,0.507529927424389,0.045953910961427036,0.07491365537648759,0.001776850836394995
-1.080092446425392,0.262361772491862,-1.3397438154494632,0.7085782633465146,0.3232111744451923,0.07148038641360945,0.12832621987436627,0.0016658364329384492
0.45141192778219635,-0.230426987374046,-0.1401896738735955,0.3812294443085405,-0.16319767147113942,0.027247245897443803,-0.23704025605912335,0.0009927776953135839
-0.884654714774594,0.7499782327919717,-0.38774011428555255,0.07478152442656356,-0.11765076535163244,0.024071695469503142,0.010368123547131774,-0.007291537574623928
-1.0348790381084019,0.7482118251788763,-0.7287011050076712,0.15463084348151643,-0.025840888787965727,0.03636131949264696,0.06276276851180691,-0.005960908562350911
-2.0357868155120675,-1.4098155551222973,0.5519984593393598,-0.7342995975473915,0.49882236896626286,0.3482595052830919,-0.1040310269454084,0.007372052076710607
-2.0061528065890575,-1.6527642560476015,-0.4736422619821438,-0.6917430708024066,0.593198654635431,0.3856009333125735,-0.024414246885778826,0.007907844308671969
-2.5829374381389174,0.8660859949293908,-0.005260833082102987,0.43268600086791204,0.47628646117372575,0.1875229823731529,0.076169392316716,0.0038201400615377815
-1.1611448988134745,0.030837819469581834,-0.601546292391102,-0.1148757137059837,0.008074816830149892,0.22192197631308552,0.002950780353452183,0.002837426902846052
-0.034268354460561486,0.912416709398433,-0.8741994835337459,-0.04466791164312868,-0.17685213924433532,-0.07559760632094287,-0.03640935014961102,-0.002090819187251455
0.736725781692853,0.38222803601564315,-1.54789133392367,-0.32516981817998586,-0.39866060696457917,-0.05052850803121818,-0.107870193494016,-0.0014746503027656885
-2.0942839888345266,-0.24702148311723743,0.017572069531366436,-0.08380974981214204,0.22019934511806358,0.05119723736260764,0.06659497357118381,0.013111319220639185
-1.4854401475744812,-0.6616590263986927,-0.49581050465600535,-0.30634171185839604,0.04309955122970486,0.0702544027793919,0.008683262013298299,0.011362805556524242
-0.914539988228229,1.276964661175759,0.16751691636417315,0.15104685621809763,0.024606807745109274,-0.010350770521625531,-0.0067098907452575575,0.0014071904508981613
0.09823910910164335,0.9032355712111568,0.8196302896580491,-0.2365301563740684,-0.3150436947405451,0.14211256434842817,1.4467862884286755,-0.005823440486686906
-0.41226274919148703,0.8862188336403171,-0.42750734642702926,0.010456498686744892,-0.04468919815003309,0.10602591889213635,0.8605731995353199,-0.00442103695578116
-0.3269461043156766,0.8712445976015483,-0.5290055353780057,-0.07623533628128043,-0.0021982851507931934,-0.10105335737976358,-0.03341970124919378,-0.0014218888702898656
-0.36461405455297446,0.7624107866479527,-1.1019152013955062,-0.030159068287224283,0.07104372666676427,-0.08012247018874381,0.020156756873064337,0.0019245752921249629
-2.6369419607475577,-0.6463699660782943,0.2672620331183207,-0.12169148219851318,0.28722450123583754,0.09768424257893066,0.08551183340076669,-0.0032936931980041178
-1.8297826147093312,-1.2296349068781391,-0.5652901182737725,-0.4085025386196732,0.06817636098599958,0.1286968312504027,0.021649562489917562,0.0003134797436333781
-1.2141271509509728,1.0095453623962174,-0.9006696754800568,0.24715448667268083,0.2890864048872408,-0.19552002485683165,0.12571975940896743,0.012806942419530579
-0.7239443107185134,0.7939437091668359,-0.782813278848598,0.04028806940423453,0.09289522558782315,-0.1977672337225349,0.050941116951840414,0.01441864092279015
-0.8121803553690984,0.6976552045949971,-1.411758611898482,0.109210822671204,0.1894813412746348,-0.17730181979406895,0.09505942397529005,0.013925686465805297
-1.1210944007596715,2.070731854216669,-0.06493027463101385,0.3760454406872884,0.6541552745505597,0.11015094925125268,0.07435552167176213,-0.002135676675980297
-0.9181031494516381,1.8972159647696791,-0.3933499922596747,0.3101559867123308,0.6112198423734879,0.12204251193638854,0.0679566092458049,-0.008542315527705097
-0.0925154206170243,1.5823337346965294,0.02080691080893226,-0.05072147881591877,0.2569305865710185,0.10774974951989036,-0.10076375967124464,-0.007129990441356692
-0.9731768514238412,1.516170627759911,-0.4390319388005686,0.31527924783754463,0.19445072617992176,-0.18116692010610544,0.09342343867377656,0.012337376191415768
-0.878236362387151,1.380235277767211,-0.839469111866808,0.29768057806058673,0.1998139229341107,-0.16652156026158596,0.11064520087989217,0.013242753138403012
-0.8459509609026088,1.2930638189349277,-1.1602412843663437,0.30093692205492834,0.21958546125640044,-0.1565125692051985,0.11581731494764504,0.012971479619580296
-0.5437748992311577,1.1495806913582391,-1.1340849007917762,0.17607004997397438,0.10377978193934177,-0.15568137982734473,0.07954363704538508,0.010553234134379112
-0.6463434786731614,0.4642998239537464,-0.5907630701703901,-0.08291737463533383,-0.11232509721039763,0.1079527021918287,-0.028821738605573462,-0.003411845313659884
-0.05757742784167285,0.1405955212967414,-0.740802716614626,-0.3165473240100198,-0.31920054509478923,0.11387324273133093,-0.11333825340297524,-0.002179240410252383
-0.4999362708319673,2.24440073261733,-0.21178705504852793,0.3149135117785897,0.5372474191327355,-0.004020484063651827,0.3196766803395533,0.002229530877792339
-1.7889825100288563,-0.11928430157521834,0.7744421762003731,-0.2401828769822651,0.13927699625944154,0.3340989805206565,-0.07277774660957652,-0.00304307098393986
-1.1968950129831344,-0.48838103441165676,0.428492146320288,-0.4647216994234375,-0.0486483771197809,0.3471835635169745,-0.14056962776105447,-0.004530165003675858
-1.8438430525422875,0.4995042661954365,-0.38748778628561,0.17107850916344036,0.2943505115979266,0.15718344220124603,0.10881058876584282,0.0026302466651000477
-1.306595164832992,0.28442484037515287,-0.1249847184053082,-0.035284913713046324,0.11361238717605333,0.22651826541536663,0.7468755541372663,0.00207606357080656
-0.7361124905194555,1.2426296705372737,-1.4368991107764515,0.20351817976090705,0.49504887376936363,0.013178662812443188,0.03742317257676671,0.006473650918329748
0.23244714139153477,0.8902364759082442,-0.8694439971119269,-0.22125455048472353,0.07622725505020135,0.0017222040100377102,-0.08690117770540197,0.0031127415916063347
-1.3298734075805019,1.4088716559910748,-0.11247690337072555,0.2837031844490223,0.36792015402401235,0.017446784570779684,0.08018575513182415,-0.004441456069898347
-0.8056135826996296,1.1551381056705743,-0.09201768552480485,0.06750194226035082,0.16788522075772874,0.017212640503980626,-0.008122068901875093,0.0011009446464932515
-0.08554423674796759,1.153904662717193,-0.6315626150402961,0.002937000990562478,-0.10634063663587547,-0.17521638248738539,-0.02922047779010615,0.01083220878266751
-0.010104554329545053,1.0151358455722332,-1.0872497490155562,-0.003767266951097425,-0.08798326945928149,-0.1587017763821659,-0.0044630442938179155,0.008361516604870833
-1.1767363602919136,0.5587409330231548,-0.6384310935670643,0.1148309548485009,-0.03870369708987025,-0.46548301954815163,0.11489528641019478,0.014415514378676084
-0.9454353046048707,0.4170829699159805,-0.7621081285549324,0.026441097408190607,-0.11339401290229831,-0.46095121811395606,0.08616101298696466,0.012995808232176944
-0.2113411376107063,0.0922889602291579,-0.5701967993526204,-0.2675138990963499,-0.37961512990326407,-0.4183410451246774,0.41795478852670515,0.00977751280601146
-0.3819193239508417,-0.017825594292796836,-1.4671046928439642,-0.16724951460121246,-0.2536393685856544,-0.4349221621550347,0.05157900161859904,0.012117263106534581
-0.47511233425319865,1.322177250939573,-0.3829226855812684,0.1319319789731691,-0.026651916314323357,-0.07353206356667784,-0.0019090221488688396,-0.0018882823469962718
0.01841869610278544,1.0478133345904372,-0.5219138971754835,-0.06322015273895099,-0.1987140583191448,-0.06812260009303621,-0.07151150666891096,-0.002514974346112831
-0.27945964978006066,1.8920653275112007,-0.3488145867489454,0.14760473980781083,0.4126901760052623,-0.029863328932869682,-0.007242150264179008,-0.0063043800756426936
-0.24183435170445425,1.7890092440241567,-0.7285748399852672,0.15244096335697457,0.43758901173926185,-0.015976272890661992,0.017957939774417453,-0.005107020015090726
-0.7435484561199942,2.166919660314926,-0.7070285157244979,0.4354824965583064,0.5302335016813147,-0.025635707316582896,0.10889599649608851,-5.5783783948606414e-05
-1.4009938184599915,1.0818812064737398,-0.3148671843706833,0.22322102180332312,0.34084425075815705,0.10044849996125091,0.08086707449826047,-0.000971932410566777
0.09183890697051376,0.24153636180814478,-0.7835122288338293,-0.36444185260829587,-0.1746187575223107,0.11867567725895374,-0.12644325874153914,0.003362916922788516
0.3349241127975682,-0.03748151093797506,-1.4039018387650033,-0.4150734712876182,-0.2809808875490724,0.13790241988785124,-0.11458451981710756,0.0127192540814682
-0.4358227574670888,1.4045560562260961,0.08322724952570804,-0.02789573144210715,0.2935109449173524,-0.02771261504695766,-0.05850958041423673,0.004144180178804234
0.30155308653391655,0.9182868520487826,-0.46719440342226715,-0.30122785284324727,0.07164979108530041,-0.00727481863438573,-0.13505534766974941,0.0022896861613876125
0.5514766030483979,0.7045013481873941,-0.8587187141387269,-0.371778214965683,0.03701940520575511,0.03821251802264424,0.15195292485919548,0.0027713083837345113
1.6620587275077008,-2.0956651363595706,-1.1549621598863098,3.5986503053047665,0.6845664787691346,-0.09025590232471238,-0.11800595578631504,-0.0055620780186378125
-2.694210976820599,-0.03612743235720282,-0.7807292023209917,0.21095120649545154,0.5722974113658297,0.19764679636851673,-0.058458296506525724,0.010300800312893196
-1.7812129103998806,-0.40086213008687616,-0.3805313476328832,-0.17474459540248496,0.20457634429170035,0.21278233043318168,0.03752065236912561,0.001476413420534931
-1.78021225523346,-0.6269534567530978,-1.4023984344969753,-0.1263158628594858,0.29941635357002344,0.23409715013929383,-0.030673188277016997,0.005487662028711536
-1.2960871073589506,-0.8373587618214421,-1.2671810667022032,-0.32652694602125293,0.11265129640920155,0.2454434230508471,0.03033655915439249,0.004897726965434368
-1.656298747757622,0.5892161860223153,0.14333851439421713,0.11972739994578863,0.11066133996835456,0.06710739535050925,0.22952823437765216,0.0029907769335578115
-1.0809722578075105,0.3228980261177965,0.21366300210836145,-0.12645681534015574,-0.12478953629776154,0.04743555583084415,-0.037006295570933094,-0.0003337895157083832
-1.0665984219863751,0.21128184544974013,-0.2720651550498906,-0.1173826576015239,-0.09940095875778218,0.034556242983570976,-0.2922567298803675,0.005690212407467869
-0.7185104333679851,0.004674631176791009,-0.4134044801587286,-0.2414985976024477,-0.19670272012563653,0.07122995074297424,-0.03941404798299443,0.004273203109338861
-1.0129234582839355,0.6708937042017231,0.3702067791825535,-0.0345194809463018,-0.14615714083870604,0.08494362589469043,-0.06038239374126292,0.005578408032877567
-0.3758875301429016,0.3377314449085073,0.2836408614154999,-0.29127145321765596,-0.37772224853066916,0.08875583920099864,-0.15788930226660797,0.011627903825822555
-0.1625482842059718,0.08387604217126456,-0.38394007213744746,-0.3431739860262715,-0.38949323220364,0.1133245879032991,-0.13675469888830225,0.01173832941460582
-0.1050839909186085,1.1521751260313,-0.08026367894409203,0.3196426072072096,0.5250025910648991,-0.21278305544241816,-0.1540910050709569,-0.012904400196627747
0.12780149161243656,0.9208514795338409,-0.13790991335171324,0.6806530408529784,0.6098557517908555,-0.23488137843896081,-0.40151377252856385,-0.01232912091160922
0.3351539456542983,0.9941184375465102,-0.10259865591239097,-0.13439335999245303,0.23758750162670195,-0.24319694531966993,-0.5360217349430052,-0.012060894351180138
0.3201952297204606,0.917340267314212,-0.3931970151768595,-0.026848629126602203,0.30160599562344365,-0.24373773344526137,-0.6118570276915262,-0.011834219404827153
-2.1074214585248243,0.25917479090930234,-0.10586892149769354,0.1700952745564037,0.1218162606694073,0.12303991931625113,0.10667681644385231,-0.004696733254411169
-1.275171291880801,-0.05439023692311734,0.32949225520806913,-0.1947258803548253,-0.23727102441846165,0.10779038617755343,-0.06586552757908684,-0.006168536524730874
-1.2591177276391083,-0.18831711572234985,-0.23602753110957464,-0.1711966723009024,-0.18518578011137016,0.12825578781701075,-0.022354428452062702,-0.00844361253391455
-1.1878388713236718,-0.3043472777246228,-0.5993812226268758,-0.18105189232383878,-0.17468208643365007,0.14156653439580763,-0.0038947960939571848,-0.007888789732499827
-2.744133304370253,-1.4090277985050674,-0.1793470095934425,-0.4287731662680061,0.6845047388716504,0.5971863358983491,0.023517183326894488,-0.011812303787513984
-2.039178389325125,-1.7732334993644945,-0.2528809060617151,-0.7135963765146527,0.42690106828359664,0.6020264914577216,-0.07064171950548492,-0.01182156985813965
-1.2125857711853263,0.6819575082470873,0.1331326010092885,0.13727856805030253,-0.19227400144739454,0.10824984304561057,0.7348414015970642,-0.003865877268936174
-0.8185930552469204,0.5318900219395071,0.3309059081962801,-0.03513093192301084,-0.36171244368100475,0.10089305070581248,0.6485493817522654,-0.0007700598392401402
-1.4940839026576493,0.6177714638915688,-0.8171831789249474,0.27568466639099204,-0.03678725708665815,0.06499327617626718,0.11913555318640445,-0.0013247497678285985
-0.4571908412567145,0.7928284259379096,-0.14390107548226405,-0.06116710255393796,-0.22457496364391089,-0.20220337576442524,-0.04571637333821264,0.017963901192871737
0.17849922464077908,0.29842882734684667,-0.9570348010959936,-0.27865924878538806,-0.3809032175410283,-0.17207896666451106,-0.08336232282433767,0.02104152716398337
-1.4211703756810488,1.4119023136839337,-0.22735854685491602,0.4496005630186965,-0.004021297990232621,-0.11781157158448663,0.12433078867986874,0.01520272990374715
-0.8268585110534867,1.1839809800297758,0.06579350442355512,0.18997752456987418,-0.2586895824576098,-0.1281814190826499,0.0017905064939927214,0.012750659247286402
-0.16027924363086501,0.8357725517636023,-0.022218243525129272,-0.07884437503727404,-0.5012580074559517,-0.1243238475509238,-0.0997826798312464,0.01552482063026289
-1.4071915717557548,0.13589061685706283,-0.048802952551060534,-0.0565706027978847,-0.09053994036056222,0.09424851643051473,0.0024808740607489737,0.0027775758574605574
-0.46121534802736447,-0.26580933783780547,0.24180803684896354,-0.4602926615876439,-0.4776294792528605,0.08446161364265779,-0.1768944239449721,0.005265791324473196
-0.28963908798776744,-0.4943022133904075,-0.40483115144171483,-0.4961718758798793,-0.475812939536816,0.10821670522594239,-0.15143215289165904,0.007488350432163342
-0.7739983716394182,1.298841418930841,-0.6498752498988601,0.22854858272685402,0.5106907087803386,-0.20751674800137085,-0.018623113960830207,-0.014255075617188572
-0.1505354307243435,1.068783192520815,-0.2740538792804991,-0.020614614924879544,0.24861512104335654,-0.21767264666834124,-0.12178659906759515,-0.014877214954560562
-0.2743011358293558,1.0451605711053984,-0.7279058463470675,-0.016668652211220582,0.31346657744838025,-0.20248492462763415,-0.07865640608712174,-0.014587750047156069
-0.161192288880679,-0.16067785592504183,-0.2979019607658871,-0.3692591585214782,-0.6679749275283259,-0.2516020169165761,-0.12003614445041597,0.012617192868381344
-0.3181575535172811,-0.3339999625575033,-1.4239789175603488,-0.24475551570726337,-0.49278461404732005,-0.21073002111661587,-0.0011270671978746982,0.012480013995736283
-1.888135357775224,-1.648355734234619,0.3989428475211517,-0.7385384082281542,0.3004150248692799,0.5494243508843497,0.6738778176621848,-0.007694654684092568
-1.6679341339717166,-1.8231639795185526,0.0911182696990047,-0.8201007091019765,0.23566114728897747,0.5395720099957765,0.4608567379308101,-0.007452192731907474
-0.800474706418884,0.9687617954783789,0.19674309218869576,0.07690315118015932,-0.2657120746456306,-0.08989962024450787,-0.03269760173002889,0.015277117948462114
-0.28973036376876454,0.6652494592332214,-0.034941907718318184,-0.12041474379526736,-0.43480454037034,-0.08122628714980817,-0.09843268824585961,0.013936800731079054
-1.0944077012015752,0.26997906449380105,-0.16049918781370234,-0.04159737530172139,-0.24646723067414597,0.06834766699758343,-0.016623343141888708,-0.00020671417116438842
-0.280415589051132,-0.3080891021826851,-0.9545196145114911,-0.33329040353274836,-0.4720949574017048,0.09790581135088397,-0.08522220619320828,0.0030064055791878715
-0.5651195360275624,1.5471014932015315,0.4745727117633403,0.18629338751795624,-0.2980971086992093,-0.058532770152629164,-0.06067707734838252,0.00470749506078788
-0.23821990892648745,1.2767237312633208,-0.01600137216567001,0.07834264553107392,-0.37098147728878905,-0.040323978562716654,-0.07326782017524261,0.006262082140003073
-2.299343412456429,-0.8337919688401207,0.5412181849192096,-0.3229563606254884,0.18353980163649997,0.07780846598404177,0.002470305538740093,0.00806414482469074
-2.3922154955241846,-0.9841723885256486,-0.33961889100164444,-0.2378917120057851,0.3092155492408797,0.10967889386046191,0.08981001074411218,0.006538263648728419
-1.693737943099814,-1.329791061825932,-0.3449543369984004,-0.524249142704377,0.046059771303460284,0.1104791540921408,-0.023949597409833788,0.007336345175508961
-1.3241319681879966,-1.5803687381514449,-0.6518989612739191,-0.6595766003931913,-0.061933061254133226,0.1219001506927274,-0.05979161453092993,0.008075466016333048
-2.3996072159382416,-1.4218877673678068,-0.04925507286207089,-0.5344385006045294,0.5671313876910289,0.5148892035663766,-0.01152735004227651,-0.008946219778442783
-1.8257830644354434,-1.7637032132399948,-0.31359488410590475,-0.7558529350836504,0.37764620966214085,0.5249227466498362,-0.08427993294835191,-0.008430736445192568
-2.036652960379615,-0.0729120717020873,-0.22849774316626112,0.006746213833145334,0.220301674961269,-0.06308388515706706,0.10620623757203626,0.011483437809893108
-1.5513249571859433,-0.2888457827178253,-0.12224127908744051,-0.19817647386263673,0.026060930584272782,-0.06670795476836874,0.01811251024685691,0.006060836533964589
0.11672226274790243,1.4169995138148757,1.2914433128496803,-0.21060641622929335,0.11867126510007109,0.33390328811675957,2.1518399988101935,-0.006541770720633805
0.10455159635359401,1.2357295206161836,0.3847323189483386,-0.20561772693826738,0.1321359347605522,0.23199229016379852,0.9438582552986536,-0.008379568431416557
0.16016947076356658,1.0894744476167528,-0.1916547038140189,-0.22850304782432498,0.11662507443947273,0.1670659359526,0.16253801222573758,-0.005407366717794619
0.6693985679800142,0.38856364159154494,0.3092551484662353,-0.47872868209285685,-0.7202260176998396,0.17525335663595698,0.35730954148762,0.025592455671698173
0.05322407048964258,0.38009707478017585,-1.1081670896637428,-0.16064956952852344,-0.35989938617583406,0.1972524441326102,0.29762012009534977,0.027264782427668093
-1.205468932369542,-0.24585999316051166,-0.2343569576930991,-0.2667834307892159,-0.008387836825055431,0.037792680859065446,-0.026057132416027525,0.015700099651561893
-0.5695393951508243,-0.7020942064975038,-0.8743772767652176,-0.49370300575275317,-0.1827143739277789,0.061412732589704914,-0.07828888993226384,0.012910766299579882
-0.447381349281685,1.0444022277733973,-0.2342284901163909,0.22129407939046788,-0.15874731070161244,-0.047789378560355276,0.1799373704495915,-0.0028269624979548394
-0.299081197494453,0.9455056330831633,-0.4136874254854707,0.10929647078237023,-0.22414975872458776,-0.049303733698600104,0.09026465350756434,-0.00247714293019163
-0.25048087175287576,1.1492058488906245,0.5134310234054457,-0.06815647091389031,-0.022396757722365428,-0.024008569912132734,1.4573255251993253,-0.016744117898833764
0.09436424063079128,0.7998535515189131,-0.3519531752180687,-0.20728857388989433,-0.13998969702230216,-0.11432679945455645,0.3084411539032639,-0.014861449114737331
-1.866184514106698,0.3520014802531189,-0.2824457985492892,0.11727475575956361,0.24924729933943388,0.29560362164994786,0.07735422775996265,0.004331466242475586
-0.7508727842433603,-0.0535248494904468,0.42075439716929497,-0.33901699013989806,-0.1761603842242512,0.37959207692872665,0.8735424014473271,-0.00027034222706478534
-1.4196225127625683,-0.6289144699103628,-0.17372429431987882,-0.34434696468774834,-0.04373120523884248,0.006649111689570803,-0.02298509122867177,0.0033217395901535478
-0.9581671862399698,-0.9422549927386757,-0.5593439270981295,-0.5131582396646054,-0.17829471143228334,0.021036746530392534,-0.06741681196577474,0.005188637241420657
-1.1826189529028819,-0.05758530926090841,0.005621780064962733,-0.2524333440225911,0.022911335883612487,-0.12657797101318324,-0.02513284296098189,0.0168909245711763
-1.1680496931620206,-0.17485770939471784,-0.48829815647031,-0.23210151211154859,0.06821428871320591,-0.10867908578907026,0.01318299801895045,0.014305146111909929
-1.1471162794822645,0.4271198875771902,0.017031283801515182,-0.06748421681186047,-0.0047381159209265765,0.15263388198666603,-0.029626380664702318,0.01594774624548445
-0.834932136768433,0.10576129750797625,-0.7341589378909401,-0.15558556703919713,-0.04534270134892596,0.18009859433443884,-0.01893873120715533,0.012630122691204696
-1.1007954432389262,0.6972732632668551,0.1977175196419711,0.06980692665660737,-0.25906553610025373,0.0970605759791233,-0.02767565854694405,-0.00471784254680307
-1.0125552735166163,0.5116634297234757,-0.4414310321132067,0.06775151433308846,-0.22654841265207934,0.12051268693271767,0.01043976902415161,1.0909843509131934e-05
-0.48986980135849667,0.24244729178689686,-0.4751960731795034,-0.13251645352573385,-0.39865557146206465,0.15689425910581986,0.2594413532639476,-0.002979540592883456
-0.5879846935002657,0.022258325316330017,0.583835401541334,-0.3715748306151682,-0.23683270438877038,0.2404850328477946,0.8894158445003351,-0.0013084710344415408
-0.6508216115556025,-0.12087155563123693,-0.22384901912448016,-0.3217285946822124,-0.1631887506920231,0.21676316989819014,0.4611843815395698,-0.0027148817391858286
-0.2738664345397315,-0.3454609193901736,-0.41187011441291027,-0.4766839277938083,-0.30413046343652195,0.19522861869668687,0.1413952113668693,-0.0016763564315393782
-0.5946297776411184,0.22480077141328433,1.2267453966960142,-0.32433299213298383,-0.25861297093307595,0.3043313919378301,1.966412426621495,-0.005247225286362477
-1.3317176804691733,0.40235093853598275,0.10161990573226239,-0.03664001640839402,0.015826691746282085,0.05567069937196459,-0.0041904254294005345,0.007952144904945026
-1.3250430690632062,0.22045214111209044,-0.7017072831304996,0.0035595358117944936,0.09606453219714144,0.08508058016863684,0.06102896540511956,0.013630510061530293
-1.7457514505130616,0.5018645296171875,-0.055186477441671926,0.11927003596306295,0.17484705624172697,0.24608090008327332,0.05380749817872811,0.005403305219840078
-0.6856174840028961,0.05612761778355248,0.29109579766947496,-0.3343383164957775,-0.2611498837011022,0.23420831393645056,-0.14940245213259784,0.0047753183224631375
0.049903655047625665,-0.44270552042479294,0.3164302636566802,0.022750280670983156,-0.22354117116842753,0.24256049714084502,0.08691379407931074,0.0038232672586548757
-1.0369031265441118,0.23139503266826433,0.18432819650094662,-0.1787451105236555,-0.10582196425446726,0.026125310402229682,-0.059243804349230364,0.02441466652339206
-0.466757286244222,-0.08520525034274651,0.026052419614716257,-0.40434270953427104,-0.30483767789484606,0.03224410409189443,-0.1393268833279677,0.02036948537090802
-3.273613548545433,-1.4843963698918596,0.08101167812798395,-0.38419599197073656,0.8575429570435715,0.3599209386805196,0.02175274526420888,0.01167049277242412
-2.7085738385635785,-1.7659889311859813,0.07265176473519759,-0.6126392923910298,0.6503518208146666,0.369096992250959,0.011050541367631783,0.008422979676046485
-2.392537472609757,-1.9917528839891518,-0.24141349162495374,-0.7255847596914545,0.5633513477897034,0.3807833927926319,-0.014875215302601415,0.008869443712168667
-0.3129078655066614,1.542658534974626,-0.18245394209296462,0.19101008823468232,-0.14825371629818757,-0.1454364171556248,0.009768929300547399,-0.003302364300064081
0.33528637739828887,1.25378970698284,-0.03262205174772336,-0.06958062124923847,-0.41275310563029494,-0.1702161501653985,-0.297066832413774,-0.0032994456701748317
1.9100257775366092,0.249323479410552,-0.2077642859295946,0.09243171353289938,-0.6685603083333757,-0.15191229804056425,-0.37865556333341666,-0.10162720395216522
-2.0129449042835774,0.43896398587747,-0.507581502522155,0.2240956630424664,0.2831014784756934,0.005964711083886872,0.09950155442444761,0.011233668792539824
-1.2649231955343327,0.1611140888898448,-0.09561939432617148,-0.10280753412981444,-0.038111256828277776,-0.002645357688913006,-0.0016652359376178169,0.010269562588802298
-0.9593891022441798,-0.08994591185666802,-0.5473754460214164,-0.20406042349839854,-0.10695936089122267,0.014107754777081585,-0.015021191315374317,0.014630877893382487
-1.5921272370687976,0.7637304817202603,-0.48941547577634453,0.2631913572298415,0.11192664367098117,-0.03328310837563146,0.1226454271514598,-0.0049893692119808335
-0.588332909500756,0.28958195529806846,-0.3964503366527814,-0.1536986407890954,-0.2766400926058517,-0.03579983754833187,-0.0500322081588451,-0.0009480837292491672
-0.3645267073423887,0.1186279725083542,-0.6684714434251449,-0.23105416810305499,-0.33316692533633746,-0.025762463791873674,-0.06450700505154507,-0.001347260635948932
0.08109821719947286,-0.22171181006722993,-1.2100771677009892,-0.38506482835644545,-0.4457081572895178,-0.005746586749599974,-0.09332717091025644,-0.0011300561529050872
-2.4593881317826445,-0.9022497175082123,-0.29920160979758614,-0.21246355969177333,0.38224781341514996,0.23670485401301267,0.08632599451455869,-0.0027162564811777446
-1.8675425314263503,-1.1318072185556083,-0.018949339635106203,-0.4703396489453458,0.12991113466633183,0.2269257780091839,-0.033769304195318074,-0.004480619524343533
-1.691194526186859,0.4993283028796574,-0.13524007404491628,0.13323955301672608,0.1103329527477809,0.1208850966614969,0.06760293181641636,0.01158156795268314
-0.9627205717181195,0.13640433214558298,-0.15103950134863606,-0.16495679301690916,-0.16316883228230725,0.12188938915777284,-0.050893122093649025,0.008144064792762303
-0.6190107334838673,-0.054531381601618176,-0.24737556989708867,-0.300856294497427,-0.28299679037894504,0.12572820383928612,-0.09884183589793788,0.008670245592521985
-0.6583573927928706,0.6966733800341683,0.29449815787297734,-0.008340614331611892,-0.5449339647741028,-0.3520896509419162,-0.04760035774696267,0.025493629028157855
-0.9013159340751875,0.6039421114869049,-0.6685288980199382,0.13603608722697758,-0.36575168700266597,-0.335929604392005,-0.10538312024467188,0.022042437376761797
-0.5459291062015713,0.43653755387312065,-0.6246245730854534,-0.005500319581658494,-0.492854362359206,-0.3186913268051542,0.008912499474019828,0.024227248495611187
-1.386122506989471,0.690639025267812,-0.4556885649601421,0.17931125962729552,0.04797453285309712,-0.14258380456410877,0.09827097941760142,0.025364640256297664
-0.6931813143924022,0.4234050295087895,-0.12195062613286213,-0.12282857386331136,-0.24797487523282244,-0.15406122466296726,-0.04294858431841212,0.02961049446264859
-2.1949522405719852,1.1411345992927673,0.20958703762708195,0.43965916682277273,0.28218172719053314,0.027957760304798258,0.1502764360667629,-0.005553904733198628
-1.5131609891532554,1.454728905247215,0.0900866437825365,0.2625902358860386,0.5789987056471954,-0.05294611722106118,0.09137734235683816,-0.004281633677939148
-1.0103554529404815,1.1915870450052792,0.020029826060460568,0.06012482006741813,0.39650872670746695,-0.049657604955074576,0.01525014844519151,0.005234078688004784
-0.7055965752111729,1.0153661231665518,-0.09534843808750364,-0.05889489518692034,0.2932099329455887,-0.04544104010154893,-0.025737073196665218,-0.00016364329733421142
-0.5195256482827066,0.8518246195840956,-0.4180636900885955,-0.11803883893549018,0.2561595650229714,-0.03355150958860866,-0.030051568921700536,0.0013876217652088354
-1.3188913445020718,0.7673839960504221,0.47188966282453765,-0.05276953471422801,0.3092073776441938,0.027576887809890645,-0.021655427160799094,0.003844955777360093
-0.40789496062344965,0.36149557205648203,0.6681814912104117,-0.4372704948315333,-0.055131506175746726,0.020822864221553713,-0.1881734536210627,-0.0036110611568229674
0.02050470970066586,-0.0008508148119655826,-0.010883000581412594,-0.576826939567369,-0.1469610368647283,0.04594710323440041,-0.20238246028545157,-0.000966394802218816
-0.5806271883006517,-0.14807259053628385,0.17768668867568624,-0.5029464530774198,-0.026381767566313465,0.029446153109432827,-0.14739959031090033,0.005146199873901314
-0.3171970726013193,-0.3959435471894377,-0.35254807562744056,-0.5827531410872677,-0.0712624354187483,0.04898483295828103,-0.14709304548074414,0.007315214494897269
-0.7692611726432301,0.6697625839070558,-0.14233592636328454,0.06497676419740095,-0.4522541413380727,-0.2778773743809279,0.0011239336407839458,0.018184005786348448
-0.23155491072533044,0.24454805390844475,-0.8612453109398146,-0.11737830731016309,-0.581337327894614,-0.25137286312502716,-0.028552106571474833,0.018595891754287924
-1.8998904096992684,-1.645462334085011,0.18585603354621816,-0.5697223181395039,0.21789128883589098,0.20486122539688364,-0.24498221599019349,0.007022125558877528
-1.763014231484938,-1.7324157912552591,0.04974300424238808,-0.6668942072244295,0.16540780030379104,0.21858091772965124,-0.17563560846260207,0.006698460189870675
-2.76625614793635,-0.5140602037224661,-0.25480685986543067,0.04353227346039078,0.3303646023072763,-0.013256020267120248,0.08202124202456351,0.009805509967061901
-1.1573273943195843,-1.3962311412596666,-0.6493545152044258,-0.5922475670727863,-0.2304753577888397,0.012082857574983565,-0.05778600403210976,0.013909722388028569
-1.0587161869947872,0.5490631846200923,-0.33517913679768946,-0.016135425319875083,0.08588302800067961,0.35920775397411536,-0.021011985056811656,-0.023709220685266572
-0.3339489791112156,-0.061863944419145424,-1.4740262851091286,-0.2528427735955156,-0.07058913751793199,0.4011777235511089,-0.04659102085024381,-0.022410638669083556
-1.1532164517554633,0.06654239544981692,-0.2975318223004708,-0.14766197427559816,-0.019780328313960403,0.11076490086509318,-0.014976330701737893,0.004363783602795126
-0.8960464662364079,-0.16417353054118017,-0.7639821832998606,-0.22833579206271495,-0.0688840731596299,0.12791202639762797,-0.018686589908144743,0.003606483420572994
-1.2057319030387041,0.509501708381968,-0.9726789614062591,0.21780703029173296,-0.215164502716131,-0.31234741524789567,0.13593078642890893,0.025309399114358967
-0.8762653179330554,0.33253007536593526,-1.0375927638247497,0.08605079625544465,-0.3328776015570938,-0.30972330735610143,0.08752862001238201,0.024530379912908185
-0.8417030645318365,-0.07627430817496338,-0.3472365222180476,-0.22140800029746618,-0.2731313902300255,-0.05471594599481158,-0.04102671649328923,0.008385796832053672
-0.507658479824026,-0.3624731604754555,-0.8930018718003664,-0.3294039118372592,-0.3431257933935729,-0.03464775317517299,-0.05155016493732378,0.009403556471398159
0.7382590938313939,1.2508097002203011,-0.9081953257875259,-0.20123297944183904,-0.05623951279836735,0.22639931385793,-0.15103850378461475,-0.016798562896764936
1.077279313619916,0.9268300900666057,-1.6123821867095598,-0.3028585858716688,-0.11185783018927875,0.2521388654373432,-0.14983857018081967,-0.017124108416407345
-0.9545009941211832,0.9978891502377388,-0.440425929372809,0.15865841841061087,0.0271229358900296,-0.16038283725132674,0.05869129834525285,-0.008005474858539629
-0.35941435603493654,0.6813437702198667,-0.5443260988590056,-0.08004397451020945,-0.1869171559742246,-0.1561828029375406,-0.031100840153813328,-0.0068163596637682705
-0.05321821448109584,0.42579590750557705,-1.0139059686211764,-0.18065533717033608,-0.2541937753264284,-0.13884632981387085,-0.04251922291647615,-0.006604103561126961
0.14415048211212322,0.2906392802710368,-1.1837600152921968,-0.25262011855105304,-0.3112724017746316,-0.1325741394075996,-0.061400416850650105,-0.006820695984408025
-0.789235797420236,0.9069093115472298,-0.18485367313281303,0.09074253611048455,-0.18951515434044758,-0.18341247502971292,0.009404431477545303,0.020802005624671677
0.5821160717053414,0.03885635965320643,-1.0463843503117498,-0.42615236212377716,-0.6187152391859201,-0.15109373894024264,-0.14568119697407197,0.02195820970165584
-2.0654488003183986,-1.0119476327137182,0.8625600884112434,-0.44400371849893405,0.06764047167599274,0.004628933065019845,0.6941091277983942,0.013236016581580272
-2.1213159860634514,-1.1261371837264065,0.1864785548885791,-0.41313944863289764,0.10913468314164088,-0.04931386639841804,0.009660253275461444,0.01814520243190516
-1.546489819467301,-1.5399257935820267,-0.39839012129110496,-0.6179068330155706,-0.04777713378766457,-0.0277089326528989,-0.03694603609240932,0.016111818569403438
0.032969911578063726,0.9400523118776335,-0.8601091738513869,-0.06399224838531399,-0.16012166977539052,-0.08956314684211909,-0.04398748987756774,0.006893836026475842
0.6755504202002554,0.5617616780810385,-1.1354604724208286,-0.31302198266380427,-0.37437872767838354,-0.07900944211404883,-0.12582983925225177,0.005163456288161241
-0.9445824233538263,0.8747794424453216,-0.072210239317938,0.12280016343883618,-0.22834501301774002,-0.176507649179461,0.017096884344238755,0.021930472306514487
-1.0658456827837783,0.8163608127173395,-0.6034230353126734,0.20093486959327617,-0.12784908274728715,-0.15721182281808227,0.08104367580868554,0.02319350127824481
0.0850092159412127,-0.7290596975991215,1.0994537200262247,-0.631866804111337,-1.2054286802040841,-0.14587348028164948,1.5510564953012718,0.0461417584876681
0.514796824655056,-0.9701124016212319,0.969531416356606,-0.8003583728824931,-1.3526786584736572,-0.13813220011558913,1.516086127122546,0.048659765672846834
-1.0229167287508445,0.40917970017657934,0.04720675390089988,-0.09451286947182,-0.0905770446014957,0.21007464134957163,-0.05582187086370951,-0.002893180961157952
-0.32299276183513526,1.3447479838243772,-0.7272403061322961,0.08759760613486518,0.17229780770049408,-0.0868964258599807,0.012462985489210682,0.010693641235242541
-0.12464724989598143,1.1422943188181691,-1.1966897473563085,0.03116191936326181,0.14562743140877044,-0.06984652374322498,0.01770397439588904,0.007914712805704851
-1.3612166418764413,0.5757753769130067,-0.9133555158526859,0.21067427889204923,0.03066945275602516,0.0061065021082955685,0.11871555629175268,-0.013111543979294212
-1.7659598430868038,0.7392042774151324,-1.0848328849542521,0.3794669932848511,0.18984021685894775,-0.006016477697093415,0.027056852125437875,-0.01231484958928529
-2.2859844084856253,0.9306945508031981,-1.3892884649435433,0.5999735127283835,0.40152377213938306,-0.02090272492399407,-0.10628891222643233,-0.01155279227709986
-1.1221610606139782,0.6471639288074115,0.4953095063456057,-0.031084956024017833,0.10357448957325478,0.16795723367436213,1.144942172383772,-0.01716765142584175
-0.719657798812229,0.4155157045513022,0.34372396950342915,-0.19027912531286473,-0.03644021444562477,0.16797273583590513,1.0362301974545582,-0.017824808685137857
-0.9081650187803495,0.36625098392356836,-0.3552872245490003,-0.1186399532378775,0.03147831211770655,0.07323096245962779,-0.02084626758224727,-0.010999502275968692
-1.8611519776657286,0.6717892308175102,-0.12748612941656587,0.31618081345272975,-0.08951255712750933,-0.3449693738274877,0.1530938540848293,-0.0008039806035788095
-1.2798366988923668,0.33861286994833195,-0.33735147403226673,0.08884693860534845,-0.2873839523624098,-0.33678430515721924,0.07452258759989283,0.00424450335251835
-0.9801220404458346,0.7926497057310744,-0.8651221957378504,0.22514922967236986,-0.18544420806237005,-0.33608857849408147,0.11380897568513627,0.017250036394463417
-0.45750464207972924,0.4643939346398759,-1.1823061883392452,0.02757812723271599,-0.3501601682712347,-0.3241641625000323,0.05345246946729403,0.019282933534750593
-0.25325340704120386,1.3964491382355304,-0.5533878605837741,0.10103276683116287,0.02210839078634073,-0.05950992426245516,-0.012589580661368916,0.00019986749295000054
0.18454892894326788,1.2089481666767397,-0.4257551611058343,-0.08540671404439446,-0.15625070484491616,-0.06367117283397017,-0.0936026216611492,0.0002885406766307144
0.46946570645652863,0.985236648508223,-0.799291855743871,-0.1824556831166361,-0.22544611967305034,-0.04996664599652817,-0.1102760961289004,-0.0006424874243652198
0.35455977113713316,0.41258270238792566,0.457776133890156,-0.3277691398190188,-0.741817801520495,-0.3645342297877159,1.3755515684383928,0.03346999181662121
0.09223200321242443,0.5250667738639532,-0.6027104030935976,-0.24065030266947102,-0.2712076671071581,0.22563043177458014,0.09343689651335334,-0.03964296078095621
0.2310963254009687,0.4086600132859031,-0.8171720232526262,-0.2856580577126399,-0.3006160599351604,0.23505834147497978,0.10286052112630366,-0.03982581529095443
0.5347242483771965,1.0073183276416093,-0.11150348310832221,-0.3499804138469809,0.052613548904343665,-0.16935485201827413,0.6410022853905302,0.016184071979276154
0.7806256554034873,0.8274079474726689,-0.3849839257204169,-0.4435868168074542,-0.024799999080677704,-0.17950533901700977,0.42964575581375736,0.01698521606786712
2.2139416873748057,-0.8130241768079967,0.5025095611608363,2.951696558653228,2.3306377776532194,-0.02453996320992231,-0.04937455991133222,0.0011113866826493247
2.0968795365561195,-0.7509639784981184,-0.010492266404431672,2.5121769172205264,2.2229814688938148,-0.009636826940987619,-0.043427857644676805,0.001410669076866426
1.3453235507882493,1.2199012683302526,0.8435270114310813,-0.4895608656514863,-0.38641880552600927,-0.12659407963683866,1.7042251288521149,-0.004645230160321987
0.7375293213713651,0.9009771751113717,-0.4128699881361217,-0.12417420612402023,-0.9522165086089173,-0.18082268726470146,0.21199436785072207,0.004476224966188157
0.6977282704165914,0.825176937474012,-0.834351706396134,-0.08176957072266493,-0.8874185310550405,-0.15542819408723157,0.35235963705937495,-0.005602104647539842
1.3235082995572847,0.839131941960977,-0.8951783596171647,-0.3287710815901137,-0.7213185304334583,-0.2626653395049561,0.25059832207576443,-0.0057132902844848595
-2.049406376406351,-0.44421279898911276,-0.14553227746125252,-0.19456942465096833,0.3002192695986299,0.11419381354103084,-0.3072942268398231,0.008690553210667534
-1.8433249162423582,-0.6074477696863486,-0.3036466068886983,-0.15739295511216045,0.2889821071249413,0.13176059841338403,-0.21249617013373426,0.00815855304467107
-1.7120981482224353,1.194743840706336,-0.11125841119633904,0.4269693076799772,0.04659768686662669,0.013129482476431585,0.12446970870742873,-0.0004934254944097818
-1.1644028370272537,0.9070123077649276,-0.19245365009185672,0.2066460990417217,-0.1517505557069293,0.016775017680116466,0.04099100894139373,0.009419831369759771
0.14628228871663673,0.3363072375170142,0.33081670904075244,-0.32719995907706917,-0.5942492417128706,0.10795121917782398,1.079595697761758,0.0036590968756832327
0.6340917258088139,0.05985589647884062,0.13673909179524543,-0.5406654968455212,-0.7997414566708946,0.049511946526804115,0.3869455069441885,0.006799644964506177
1.4749447253634214,-0.3798452097730095,-0.16606452482642622,-0.835934828263692,-1.0539507933912673,0.18979164617575786,0.6969009611810051,-0.001969935469563239
-1.6227134558287633,0.6415957637717236,-1.1108459413730358,0.3166775996030284,0.13596027446904113,-0.13812393075790166,0.06058184752591737,-0.0006153986376634703
-1.2932614357773795,0.4869899554854347,-1.0691103311923027,0.18350702896426718,0.014753773092260105,-0.1274574395788382,0.11751752516346191,-0.003218928629480524
-0.030555135291436854,0.27563378085712936,-0.2882264882891607,-0.2575013713283032,-0.46236790486909957,0.15273171146512626,0.6404677491186368,-0.02081448929111162
0.2712356628064694,0.09549242506677068,-0.43761050140044166,-0.37972099365106626,-0.5720045399022876,0.1407473984521064,0.43490797926123415,-0.0202472683656802
-1.8296634049363447,-1.0510408004135925,-0.06807964833146722,-0.4175844791776643,0.045765710845780766,0.08020987086416857,-0.012883867134872726,0.0039624789347467194
-1.1499901583613585,-1.6325907894570604,-1.175110489432136,-0.6374520429289329,-0.09691855917459155,0.12105800991670794,-0.033390443631048275,0.006553542457512402
-0.995822625023497,0.18985750831377607,-0.45191083228973433,-0.018846776993008664,-0.370097344551131,-0.3003927998078334,0.03498032951260785,0.02634877898118567
-0.4812757877263072,-0.14241176293911162,-0.8040539552867763,-0.2112991825421318,-0.5282113652484637,-0.2873223941477019,-0.02096971843154173,0.023757253148346875
-1.859781653020261,0.8524023132023696,-0.1964266087072024,0.32868599112684177,0.14067775515064276,0.13105448929384644,0.11809987299628538,-0.0003856878056114124
-1.7033972613532475,0.6462125926142859,-0.780027778972774,0.29333379974890783,0.13763089634572714,0.14595272367337025,0.07805595750376526,0.0031193729299156367
-2.0803923474438064,0.9740738692384684,-0.09387057690733384,0.43021005574389093,0.14399247630946202,-0.18703983469566543,0.1793268795055892,-0.006490171129933581
-1.7610790354404713,0.7699305143906825,-0.30384090116746043,0.31036506487412363,0.04502268742022413,-0.17915329773901068,0.14378293968283137,-0.004836978865177618
-1.5790712367948472,0.6195598767205842,-0.5778530005142295,0.2504052614240602,0.004601825627995399,-0.1687876632326486,0.13640521774181188,0.0039877700420566575
-0.7752136377246746,0.11920696471941647,-1.044107018329662,-0.0547168706385071,-0.25104014076481124,-0.15139294515671325,0.0419478948602387,0.0012827715217297146
0.04338321718566104,0.4602494361388181,-0.21415071909513272,-0.23861891631240326,-0.3849301988610152,-0.022525109600075494,0.7952161624087102,-0.0009680501525335355
0.4425446597802761,0.2188576505508214,-0.4290775512876328,-0.4016253410660487,-0.5321448899369637,-0.04410764385999529,0.46390055697006777,0.0006031778526983531
-1.1816736347043078,0.8872724787450654,-0.47364113806062275,0.21290406630183836,-0.027271660182183154,-0.4610597952876693,0.11871057683691102,0.018386122599286864
-0.35902731535750193,0.4718634773599228,-0.5171223134288484,-0.12243235637968983,-0.33345862208403176,-0.45890785124083233,-0.013075532880411609,0.017600897777491294
-0.005948331734847447,0.17623852515466243,-1.0629108485724927,-0.23823112402472477,-0.4106158629359329,-0.4387957720148119,-0.026264999208207494,0.017979266171802472
-0.16380822325120525,0.6884161101230457,-1.0881013823428343,-0.010834084545159548,-0.3514867017585991,0.061875331551032114,-0.2389117847352823,-3.397384402773384e-05
1.6403638721770728,0.015369132723251265,-0.09267845593834588,-0.7885679291440616,-1.1075028233229833,0.07123971238390507,-0.19530621386533778,-0.002462846001086213
0.9970938320607771,-0.07121929461801316,-1.7019026459188225,-0.44617511038552005,-0.7273519033435261,0.10844399610997116,0.06918600426673324,-0.009467463772483045
-1.169700248049115,0.06017098153582554,-0.2394696610552875,-0.06281594471538826,-0.344326725530519,-0.15124826707712177,-0.10951711822828825,-0.002847757264702662
-1.1322459600877588,0.0009057674300777351,-0.42198399728284924,-0.06791106323587731,-0.3387420254776177,-0.1430743027099389,-0.08630970441672503,-0.002708610890012189
-1.1120350341574496,-0.17565980002700554,-0.407407171582319,-0.183065831619217,-0.19659097464726083,-0.05014960197941146,-0.005307210547375601,0.015233405805610133
-0.6317002054673745,-0.46978157662235165,-0.6651485177847201,-0.36642841344076726,-0.35142816646167624,-0.04035831508249463,-0.06335926946938637,0.0183800544959283
-2.9430223143186653,1.0051226242597857,-0.08641611477068699,0.595121353633044,0.5347780697805415,0.10771156923983866,0.021499875226130147,0.0027976372286396237
-1.040430370962733,1.2672744932747964,-0.06161087757003137,0.2768855928931612,-0.1318885629258103,-0.07602384626330533,0.04262466619083227,0.011666298778044726
-0.9637960187774713,1.153534023614918,-0.40356995773886667,0.26371412885538126,-0.12561369113285037,-0.06345641023428311,0.05771073796615046,0.015760965475613245
-1.942611385452288,0.7332163017928539,-0.1648556519298272,0.2787800777838823,0.22280335944129503,0.05386698864213024,0.1256786591645843,0.00039912104861261556
-1.72529606899824,0.6102885747584892,-0.2364834464405541,0.19346108520259922,0.1481532146377409,0.05674104334794418,0.09566868367335009,0.004602422124548432
-1.1836893373368502,0.36227312110923193,-0.1492474459283778,-0.03359711473489782,-0.06544386016474053,0.05372731269023566,-0.0006460731611919712,-0.0030183712406775852
-0.8530545789941063,0.18162563265882067,-0.22847141187906597,-0.16504764673421357,-0.1821111406359694,0.056915654619949574,-0.048199569789673824,-0.0019084759465083044
-0.7396040915104907,0.04415173796476781,-0.5952044470179084,-0.19202789664900474,-0.1872061309702402,0.07036900441745836,-0.03713230362302643,0.000817701334080076
-0.3017901182904357,0.47015200364913534,-0.456193985709104,-0.1300344632647687,-0.40293955225753986,-0.11320205835118169,-0.06255391386080367,0.02156825219156658
0.24501603141667067,0.14034678957410351,-0.7260398487142962,-0.34012716863058884,-0.5817347626500562,-0.10313789623401476,-0.13121121284219206,0.019920620769960356
-1.2778831795316499,1.1159706131426879,-0.2243116518962086,0.3088374631777498,-0.0799086602576308,-0.15497346742499088,0.08940601393529746,0.019172578744538486
-0.7461370529461905,0.8797140020867609,-0.10789697952004065,0.08441569962598239,-0.29264486009252605,-0.15873437001305865,-0.007238021764436131,0.02056245694757093
-1.2834391516308992,0.5522736176554736,-1.0154331909998986,0.19616779122792713,0.01863548451824251,-0.057130184822192086,0.11782938048147767,-0.016627787253683055
-1.1278453223888685,0.41027189556928717,-1.3106124620911352,0.14708889461465505,-0.011463906809458779,-0.04899903417523468,0.08971609402567078,-0.013396696262985935
-0.8318066351817801,0.252174270578459,-1.363197771805373,0.029604564060253927,-0.11571345014766948,-0.043476817787243986,0.07784938675147311,-0.01394429191613861
-1.86085720504266,-2.509429099251236,0.19583252992114103,1.2495322185892248,0.9883274526783855,0.20014507907390894,-0.10052612176174178,0.021741363439930828
-1.9328384571703419,-2.3679970745838497,0.6719651392747735,1.2536764308466937,0.966523725507553,0.182788261689582,-0.12733244613436442,0.020178868474197253
-1.4441542228113782,-2.723669646880631,0.15667179825417205,1.0805986006064099,0.8350188133356463,0.20189598799918845,-0.1655106995920093,0.021342812139091533
-1.4721627987936865,-2.826459398763693,-0.36683615646592416,1.1200210915256166,0.8994880878093788,0.22092668000006882,-0.11742207696739343,0.0204646969631158
-1.1229256058382457,-3.0287032271504866,-0.501632128051196,0.9838299035733205,0.7814116031449169,0.22596817339072944,-0.16477290492987146,0.02014064699310804
0.13563681953280218,0.07515200393586018,-0.4407203668508457,-0.3662245556426794,-0.4950571461568281,0.046972218802583635,0.4555815798714035,-0.0065614449796341755
0.7107395017531475,-0.17153135738395475,-0.3031187385732644,-0.6301268368262475,-0.7622394184333503,-0.014847264636125847,-0.19606608284131322,-0.0053280696881736495
-1.775538779580508,-0.790254445977757,-0.1705017476574573,-0.31964483142012445,0.0581564533382646,0.19991422624075406,-0.006060660042263019,-0.006510999019991656
-1.49279272596179,-1.0122088795900648,-0.5420070518307798,-0.41582839798503135,-0.010350476321281925,0.21372435978623644,-0.022344553536858724,-0.0021730350705767894
-0.8496809364375221,-1.4003582113757005,-0.8604518033924792,-0.6628232135183667,-0.2204488217465743,0.22572113714028713,-0.10181888947892302,-0.0042256157678292935
-1.5682053118471682,1.188159604617772,-0.33687993666331245,0.3371967932437043,0.298977981665348,0.04458116327667615,0.11983477883288292,0.001036365072558248
-0.7393747691161823,0.8324946853020404,-0.09732588121951606,-0.015844911090033338,-0.0387318275502891,0.03629841485477921,-0.036226746824631444,-0.004719152412085871
-0.7082432392900821,0.6677878030193259,-0.7682686209172059,0.0071816367047426895,0.018580644355859526,0.06075428267580703,0.014007066159100528,-0.004007523747566195
-0.3562353115348383,0.4011466863228261,-1.1862625066332357,-0.1149870482099514,-0.07131288790089171,0.07623776123735353,-0.009367829370271372,-0.0035378350625120112
0.030311697085759478,0.15374658926441326,-0.38256525787619483,-0.10326121140134573,-0.24943820612466214,0.12296656896887552,-0.24506527627007244,-0.011811152762457549
1.4702643827288762,-0.2802316025781456,0.6886613013893671,-0.9215310739064382,-0.932403817277996,0.1637606490958501,0.16837183255588514,0.00023331555992348678
1.0543942152139554,-0.34835610192479105,-0.5104062556087846,-0.6541450706639239,-0.6890445785443278,0.10348768784120366,-0.6400310859021648,-0.029447501680554204
-0.8652266835943574,0.9980591284796796,-0.7729124756878542,0.26980506187663583,-0.24073363518726534,0.1344835249469878,0.052942745789813776,-0.006102564464481036
-0.13987256911042825,0.5627363092360735,-1.1211359106797125,-0.00935944217411804,-0.4788326255135446,0.14761202666572926,-0.037797237683023066,-0.007868498430281954
-1.6282773618498263,1.28834902824448,-0.2766180258987698,0.46216781944209084,0.05315007742286024,0.09605407142871117,0.12654944677820676,-0.003101845157678255
-1.3420596928497852,1.069686646987575,-0.6245107822086488,0.3632310879528824,-0.01914746439561457,0.10886903539646767,0.10803752288637335,-0.004330287555927926
-0.8032364887852887,0.7615429962328826,-0.8153792705408733,0.15227008038152118,-0.20297900536529684,0.11621403801646232,0.03475614466106267,-0.0027052301493147722
0.26285479675198464,0.5130687566053089,-0.4271645633164304,-0.36136934424738476,-0.22719345067989305,-0.09540434553275826,-0.145361397993684,0.004871090842297005
-3.475557585487189,-0.8011629587231384,-0.0478761653629299,0.004849130239489186,0.724823660633423,0.3370458313493124,-0.026121550698485454,-0.019021767371992234
-2.727478997373453,-1.2329674710803298,-0.32203296881505894,-0.2813647015290233,0.4813646338484686,0.36484193773263857,0.03782667120339998,-0.018218133843444614
-1.6636199023730807,-0.1171825569059251,0.5864976282740331,-0.22027237975976943,0.04390944033813671,0.12481472411786056,-0.0477379484002043,0.0006559976282418706
-1.6868800104491974,-0.2092348365482207,0.12080024260954003,-0.18583577982086696,0.10066040458944453,0.14183432462096704,-0.005658566163930901,0.004285278238101054
-1.2914926709220629,-0.41695607430131104,0.06410486395479394,-0.34512643155596473,-0.04284003470354669,0.144112308121966,-0.06600493644766703,0.0018349306047423283
-2.480421812034731,0.4508590854292293,0.11842862282163952,0.22186018317258022,0.47347991816048435,0.21076261756041073,0.11751906691335635,-0.008602888612759874
-1.1245895944559368,0.028833035860035664,0.4312342657255504,-0.22751425774518783,-0.13547747947690744,-0.10113673678629999,-0.1370065631430995,0.015591148376799178
-1.1176827734151533,-0.043483945773869305,0.08097750681095935,-0.2492094819241992,-0.12419943007034671,-0.10357931230444185,-0.25549262663806743,0.01632955785066869
-0.8587039580293238,-0.11301892867092361,-0.3503073374034432,-0.2772948928536197,-0.13541708220594478,0.09242955123543156,-0.15173610700143353,0.005346659291906026
-1.755632470991,0.35560328469053887,0.08581112980372983,0.00762992194482339,0.2816896263524229,0.09192261944461011,0.04553436985241819,0.007061528607185045
-1.903208291069884,0.07404127674456415,-0.19152116928173032,0.0363014015335723,0.14650284519265477,0.04217600282504982,0.08330962329634457,0.005837901841515307
-1.417962799686851,-0.12306254522512773,-0.0016286320133230964,-0.1730122755316983,-0.056296734472147794,0.035577691627179824,-0.012066061386932295,0.004045985690711314
-1.0558727167501374,-0.3797413823026784,-0.3525864895481973,-0.302899788463532,-0.15690720059482688,0.04861556890781062,-0.04280585168067019,0.004664993315450995
-0.7627670286656899,-0.6371524693886859,-0.8599047518246998,-0.39611559413897995,-0.2153618936333084,0.06732539541906685,-0.04937251239958455,0.006634132957684053
-0.8864229989848136,0.31601408277353543,-0.2633938106771892,-0.09005626107467757,-0.18869152643135273,0.1368927953357731,0.009545123469273274,0.02007749516370799
-0.9726713051478255,0.29424188333112866,-0.5623998576187464,-0.045974366431815634,-0.13805468804239446,0.127427058469733,-0.1452050561233898,0.02128399587155082
-0.8375570651139775,0.7465813554235676,-0.48352633110484566,0.12189375159913877,-0.27430946409906015,-0.16712517485626302,0.0356883746918276,0.0166731755912149
-0.6503430448636981,0.6112296188313454,-0.6772385959801103,0.055430974870941604,-0.32502347216373395,-0.15984576104222056,0.02109135731242662,0.019050951101739516
-1.7772551045461182,-0.03486613111391565,-0.2492738713174451,-0.08736136976499133,0.3081706744381917,0.32709705227722424,0.03256750132847194,-0.0005393923638356382
-0.3550570739743518,-0.9315329479816882,-1.1261797370468647,-0.6243091290652725,-0.13862453201126831,0.3600233612278318,-0.12882148195599366,-0.0017529488715371485
0.6865926455533357,1.0794507943145641,-0.0716273262546618,-0.21913465540142893,-0.6026702646105946,-0.002448352604425255,-0.08406807344633804,0.006637154863689055
1.602837022262224,0.6967611448023623,0.30754845758786153,-0.5651634870617005,-0.8999297606439539,0.12457395936056971,1.069315868251121,0.006800003524831911
1.7907954703608546,0.5081386167223946,-0.10192159174712148,-0.6089668548604336,-0.9083578252747638,0.17191290690518946,1.387442283843672,-0.018943924233258694
-1.2690536383036797,0.5558989651812029,-1.1305740176146246,0.2578668499770598,-0.13297606082513763,-0.1979527758002726,0.12764658641041954,0.012261512839081005
0.03199578358590309,-0.01607321974530231,-0.8159567028565066,-0.2920476072710932,-0.6551160856439829,-0.20600986244860042,-0.08824363761418036,0.00945556264018958
-0.0052056331583289085,-0.10862334476373971,-1.3133968896745736,-0.24963666497489462,-0.5888223744286782,-0.1862608068560488,-0.025354485655415752,0.010328851697976765
-0.8271346278542221,1.03129508343302,-0.6863597873787847,0.15570939129227238,0.07744268206512404,-0.18754286522692323,0.06960467147138308,0.006011751755285765
-0.669155584607739,0.8416927251055554,-1.188100302158267,0.11762558865906499,0.06940718283351131,-0.16920565486846215,0.084603981136933,0.006332265780138355
0.47581246692268997,0.04235089432461973,-1.9677752835361844,-0.3204164280896953,-0.32865197931912715,-0.1586757407262937,-0.04010115683810559,-0.002300538313987093
-1.2341849327513226,2.1344794447667423,-0.31272691071917164,0.5202503718062444,0.5280672767349401,0.10183846339085804,0.1212687287359248,-0.0013636841123687742
0.31895994966175234,1.3039596724894083,-0.6015571623233618,-0.10184400256018147,-0.028699589360561387,0.113426652981976,-0.10923719908544419,-0.007044966801155381
-0.14221692541984124,1.0171588891444434,-0.5711045960487733,-0.1640023664945903,0.2899725980945417,-0.08702122573163146,-0.05112177001334455,0.008548257714488647
0.15478779974299986,0.796533668804378,-0.9038870776084194,-0.2681692977072524,0.2120537560572152,-0.07473773768135702,-0.07251736317193133,0.007188802432768477
-2.219075713100705,1.157498380952885,-0.7639443458239097,0.5114500006930902,0.5873084965833507,0.17123905340583787,-0.03220531560851374,-0.0018824502351131732
-0.8315890242250522,0.6618052804679851,0.09536558093629063,-0.09388395479922634,-0.007720856206809008,0.16877110484535104,-0.0681077532111039,0.003423572426133641
0.37854893806287976,-0.13633902432224235,-0.9628149518088183,-0.45465282674379076,-0.5763962710789697,-0.37972670608162906,-0.11253449586390843,0.013249713974026783
0.8273920295548927,-0.4410430906277755,-1.3371819384809491,-0.6189320120418633,-0.7074060616536502,-0.3658610110081068,-0.156203926220347,0.01304195794031619
-3.0985858394861183,-0.6309823775971767,0.03130004070916125,0.009669237446443654,0.4938432405483963,0.18128731162781173,0.06293277346708852,-0.01579203837010807
-2.581246314562941,-0.9750895720693855,-0.36750950768335333,-0.17903348654528936,0.34350996928392913,0.20264091259285763,0.06921729211048017,-0.004965254359284263
-0.6421203893703443,0.46189012583303757,0.448791791031875,-0.16820314802811417,-0.20454388624694428,-0.0382304433083394,0.9888938428235552,0.017539624563813486
-1.165527007583568,0.5125824011154371,-0.5397145563523245,0.058264578255439174,0.023048436400577712,-0.11727092347266557,0.06329071110574148,0.021156774129891667
-0.29237114615953125,1.0772372944629607,0.5381647141354016,-0.1538443533741392,-0.12113708872559321,-0.01716834739098648,-0.14119712329824477,0.0022511623766905005
-0.12499687167061645,0.8514030771860476,-0.10635362827896504,-0.1880853927964374,-0.11793698582322339,0.006557388209175243,-0.11545310025608653,0.006957778428512327
-1.423644867916239,0.8236067620227404,-0.28356319447243794,0.20674125164384471,0.07415111067454215,0.038716933174031375,0.07508833732195845,0.000856450348506931
-0.9005154230537298,0.6144250078349683,-0.06357854072230223,-0.019764696024588777,-0.14609050251553438,0.030965931044042813,-0.029187662876321976,-0.0031045293306070443
-0.434413322965007,0.2034294170621992,-0.8775783336405267,-0.16761730350446707,-0.2382992592310523,0.060973907618208166,-0.038862957582441786,-0.0008398764252004855
-1.265565576799687,-1.5375944243916733,1.4575897915680907,-0.9308559012392688,0.026334729102266485,0.48719449176845936,1.6448864730745225,-0.03250523665624415
-1.4442956261063389,-1.601911900392233,0.7040369736665953,-0.840823548477742,0.1282038831096529,0.4473055173494584,1.0483178086606606,0.1334573452415977
-1.2822753396069222,-1.7792708543037907,0.2588314136748484,-0.9107230109360949,0.06712604673273298,0.38917134317546537,0.3876895329977948,-0.00020103588426251747
-2.711946581330634,-1.0342400863234258,0.4143211115113171,-0.34927222395032903,0.561191475402196,0.33491579201475946,0.1558194517244138,0.0034919593798932815
-2.390564638123991,-0.8917551630054733,1.9003918401905253,-0.4654023381282579,0.45312611408918607,0.5463528212601066,2.5139896868620886,-0.017185546920456447
-1.044733197679416,1.4541732870549682,-1.1388328695473307,0.5201598713047134,-0.09060025474757691,-0.18355708634597878,0.12249708514769633,0.011894365595356688
-0.5979483127776164,1.1991131762443743,-1.292636172271,0.3469655992602598,-0.24006412654673034,-0.1721463215893071,0.11329373875868079,0.014325649780234036
-1.0367435276848587,1.1604542060209821,-0.3444780685381723,0.17079071841265658,0.2298548884405421,-0.07767707095354152,0.0584528385077854,0.00017621840010798972
-0.4710885707784454,0.8364128702826548,-0.547375296744549,-0.0505107097946718,0.03717687615040142,-0.06979390353656288,-0.01760803393301608,0.002249235021581326
-2.26040973350705,1.0714492544089214,-0.3173775304133601,0.47291511498526706,0.4246420224500909,0.04465600694240214,0.0724969406792609,0.011839935127529339
-1.4668273482926868,0.6979582468109827,-0.22959063704439478,0.14737763998132894,0.12447015392317258,0.055630930040601684,0.06539175614470148,0.007775389074549906
-1.355591092230796,1.3715411270635207,0.05955402033328468,1.003696258023416,0.33989656905367766,-0.1557019540232155,0.25919539833375077,-0.002407740257835232
-0.9211299555863597,1.1205751144903895,-0.09906858646383648,0.8383407585610717,0.20002628975844047,-0.1370598836590282,0.32058017455796495,-0.0028943815674857694
-0.5415164767531976,0.25833866695709423,0.8859016535737378,-0.2839716442605777,-0.14116269141780483,0.3996591219570032,2.349362283318867,-0.010736423870773915
-0.24942352673870732,-0.23663945754781357,-0.8322614012393531,-0.41463694815183144,-0.2536326272347655,0.17661817570888017,-0.28279062237203856,-0.0006705765381816531
-0.336847946945362,-0.10853424812767819,0.24112049599746144,-0.4127147439352665,-0.2893225890293374,0.18668502023446656,1.1975427301962545,0.008105715798007751
-0.8932331605615216,0.8638502159214771,0.17305759196385959,0.04197819273510678,-0.17283009098139773,-0.19281647390224074,-0.014631798049631006,0.005632998030050527
-0.6098624200094956,0.5931960508968332,-0.4144625601948661,-0.04301413313448408,-0.2193900585397939,-0.17129827113175758,-0.012768304099936189,0.0034936658767490965
-0.12726542170429972,0.2620300195694808,-0.83292480397262,-0.21876709926854562,-0.3585618317418803,-0.15572866496740395,-0.0576979335171839,0.003493551256347717
-1.4180976011220228,0.555823399395383,0.5843448285077969,-0.000336779476077831,0.11435308593002702,0.34019597195732104,0.9152962596400931,-0.00603604023402615
-1.359410979492144,0.4074864804635623,0.034119946643526806,-0.005812482469325952,0.1301057413130718,0.33033059234441464,0.6667597846560507,-0.009100577793422096
-1.4433306412733926,0.35381403693387137,-0.4051076130467545,0.043021597943372916,0.1912185759262266,0.32103848385392886,0.4766320922080091,-0.009315120254870555
-3.1455377991275557,-1.004238279923827,0.13400077390410178,-0.21045923987131646,0.7377201743313602,0.48228957547570206,0.030346449819419054,-0.018439723876148416
-2.432164041923419,-1.3328170166613131,0.2891899521162637,-0.4742693916782633,0.5174330243280032,0.5810754774168392,0.8903649355539524,-0.018554241685797758
-2.1505639209041836,-1.5702554075131963,-0.20062264276808353,-0.5984007700142981,0.40095552778548615,0.5023909813902054,-0.03678909046688398,-0.019489166846237617
0.2788371329721868,0.7411484687682764,-0.7752066246736962,-0.12140328782766216,-0.42414385015872713,0.18142446846877036,0.4408139857017008,0.0032711017130746386
0.9718223590358906,0.45283297667392747,-0.5558734258223097,-0.43252245218504587,-0.7345988052573228,0.13213163485900647,-0.0899954289955419,0.004176879381898166
-2.3542717782325724,-0.9577792085459321,-0.23088640296472243,-0.2348289065230341,0.23229730133473728,0.2166540373773875,0.06528881941246044,-0.011548913085934451
-1.773511303546402,-1.2734520867521886,-0.3623728738562098,-0.4661820539309931,0.026515490734366008,0.22185046515910387,-0.01954023467706716,-0.011398484739316584
-0.5183320179872014,1.7335368549518677,-0.5459547130347666,0.12817236227770024,0.644089955601987,-0.000414167648381741,0.03006630496572659,0.003779601903920604
-0.34231506371278236,1.5532402749664425,-1.0263555533518396,0.037878027545273286,0.5507421568150591,-0.10465115245336296,-1.1214134212742153,0.007801395020552547
0.47977396772295366,1.256172575223284,-0.5132283296344147,-0.3078295315935327,0.22083417878244616,-0.06949215646483017,-0.7911864488122535,0.005765347026314363
0.5604084503048868,1.1545829562895875,-0.7754567615961916,-0.31576002613126686,0.23690194346670396,-0.028720625516163705,-0.48553798280849253,0.004883093305462527
0.7979334648621002,1.0469403700099837,-0.726032002892552,-0.4109830156896078,0.15068614705643707,-0.016671066452735122,-0.39826515865459117,0.004463922333528559
-1.625945778372753,0.1965283537260147,-0.6225658433163532,0.08893918774171129,0.07267316513831182,0.21690361756293774,0.07950434727116469,-0.0005210796269344496
-1.1107808680440467,-0.05056100578536853,-0.5909606269944406,-0.12421865230174556,-0.1251497218408134,0.21606041593245048,-0.008036376698222186,-0.0021171228695033417
-2.0584843157331085,-0.8889606709675165,-0.08177995974836269,-0.2657255191239009,0.017740612640817194,0.36515401032077605,0.0013518069455521393,-0.03481048287877767
-1.7834853329680993,-1.0946508219839817,-0.39686771528504794,-0.36177962340530756,-0.053684991903701434,0.376818102709547,-0.018384028451947403,-0.03311134006486401
-1.636313613480643,-1.2526684653506421,-0.7807463864942238,-0.40166926143888404,-0.06969707783725874,0.3909828659655125,-0.010310869753789444,-0.03224266175903625
-1.9327457141924507,-0.03241933285021055,-0.6681364760334049,0.06804381791566902,0.1999222702813891,0.036383866378233945,0.09634827837166686,0.010447850872752806
-1.7354669336829147,-0.22365247677360575,-1.0920448340344553,0.007794689249839593,0.16578568817397066,0.046695709820850986,0.04959244137738611,0.0076932686309382475
-1.366768687295075,-0.4602088000122521,-1.334920724022847,-0.12854961745248136,0.05510279571143772,0.06145629573611543,0.0630939293212436,0.0069105240009896
-1.741141423205973,-1.2108873737242527,-0.03262166277753201,-0.4650147721536956,0.06234982088825157,0.2831346439901999,0.839281664962728,-0.012283913733155695
-2.1081827436285128,-1.237222578937296,-1.0142305385790507,-0.2979583871324227,0.23912318218877648,0.2182541221825606,0.022975094865579058,-0.006447110745885232
-1.4100552889284372,1.2001255579879047,-0.8441576761979849,0.3925910369193491,0.2325778342451619,-0.023211602545337946,0.0951713517261594,-0.0005499080095124008
-0.8842740740251286,0.9111165420802503,-0.9741510528094188,0.18601815119393192,0.051432372178158665,-0.011694727033203298,0.08088547147724692,-0.0021218782151204893
-0.6423739889228364,0.7208312689300314,-1.2930086305672002,0.10375289112710916,-0.0070814368956746655,0.00010514226332047146,0.0675795573201382,-0.0020037510420583076
0.08152321759335417,1.6562497471145525,-0.02617872588611022,-0.12761324029324916,0.4364488810683144,0.0899140981100969,-0.11785751293118342,-0.0015703823923010438
0.879007522881809,1.0077439937624713,-1.1725693987167898,-0.3937705891546688,0.2532920824373004,0.13220030070000602,-0.15464604922531244,-0.0010885710192841227
-1.698174036088583,1.711110536677104,-0.5589199595636685,0.528493719100383,0.5783653173971356,-0.07975943056868008,0.07475365800882594,0.013355430543803011
-0.5263603219066696,1.1348298770935143,-0.5438384562388304,0.051383479086182474,0.14251388690137795,-0.06642839588127504,0.00686595946045865,0.0064681214195308956
-0.15048161500727864,0.8959747479370602,-0.7844556979159651,-0.09003864279175139,0.025343533737299702,-0.05737521853445326,-0.03540644012782217,0.008297754373158897
-1.0359795695162346,1.5382648003580206,-0.31815938735961363,0.1443638756922027,0.7758358673942335,-0.23997014396390945,0.08944555281256004,0.005599440175826571
-0.4213240274378905,1.1829326457159728,-0.5532709993301529,-0.09532878552631742,0.5679608305964687,-0.23088344118004406,0.007663994645214112,0.008631442688418686
0.243760822461163,1.0425887123656616,-0.2578956091431771,0.0049661721520280555,0.2965039067976264,-0.23002228927198573,0.4408840803699944,0.0005351592098383206
0.13220540258737237,0.9829794874910905,-0.8678763091051372,-0.0013769090279818687,0.3403230021450056,-0.26502928138833876,-0.03846354697481968,0.004666256792597381
0.539681529603596,0.7707262574166364,-0.9185860514247011,-0.16592091622376842,0.19166260559517037,-0.262903477323172,-0.10137057330337729,0.004355484959308788
-0.2651973633545174,1.3129038329850038,-0.5928026216528196,0.3362007079131214,0.51797396394743,-0.2078284802022243,0.3715135847726502,-0.00734158802241757
-1.5811009684448838,0.7105272325765403,-0.4604762592297391,0.2978401633656011,-0.09582469832084915,-0.048090116883341284,0.11878635345394584,0.0038138569542766772
-1.360848937809002,0.580689897600902,-0.5302394023191789,0.22968877551863995,-0.13944991450732977,0.006281749500245257,0.5810170958868277,0.002653847477262952
-1.0738359711885601,0.42742122918184117,-0.5707120997259252,0.12299246791611196,-0.22804725426116176,0.03290640890189563,0.7747997112940469,0.0027050019285326013
2.123769264029826,-0.6002920985571162,-0.6734012677882255,0.14890852134225932,-0.5724242746500335,-0.061215783581092496,-0.3321084874693977,0.11277225686274638
0.47656283632864105,2.0885936609369904,-0.8240279404888725,0.1403335650225245,0.1331011726035486,0.20159353364513477,-0.07160106355052157,-0.01355403023948829
0.8472583984066481,1.9196709592551484,-0.761317558627997,-0.015171336854552043,-0.013338803897144385,0.1995609072334228,-0.13749216004507747,-0.015144458981333658
-1.3939300931652223,1.2077579441856585,-0.7791598786257041,0.4373680462095202,0.04911116650969991,-0.15489367834508544,0.13847795939364255,0.012905186020568778
-0.9504455118973768,1.0211587684174066,-0.6334112165051028,0.24857549089683686,-0.131596229125312,-0.15706492916266573,0.08048668265134598,0.012136551651373902
-0.4273879893397311,0.655360370725512,-1.1173669556766515,0.05969226231293161,-0.2793104087267297,-0.13911299931353183,0.034619481675975526,0.010060471394979998
-0.2141250509623964,0.5215583680473541,-1.2458644019788787,-0.02098530055853988,-0.3466154600445118,-0.13428438405165827,0.010242377366093392,0.009642228721380878
-0.08294473012219766,1.3560034308482036,-0.7755038838392542,0.05276877307397606,0.06641372677457169,-0.06281433291060094,-0.016391654345773866,0.0015593832319059126
0.020373604370376386,1.2221784741611086,-1.1480834806147093,0.030255820054451703,0.06575316079566462,-0.04915552274452128,-0.002897700986754097,0.0033305574514030487
0.34777898109787836,1.067424537690391,-1.1175608216720334,-0.1057710084746049,-0.06103449007899957,-0.05006483961702401,-0.059075942237973404,0.001424758578729379
-1.6981472601348688,2.270044406382002,-0.7654586714262598,0.8077392269304053,0.4769768387782695,-0.01662106907171953,0.02721976715782898,-0.0030752002606193114
-0.4390067239332426,1.1039549207103594,-0.37802407148798095,-0.042877533048330786,0.2204004439172096,-0.18199996929939094,-0.013190663053154026,0.010675510282193827
-0.21250785118695015,0.8609002252003883,-0.9686775007591816,-0.10427420324919338,0.19571854053623933,-0.16022174955893345,-0.0015537292654020987,0.014153266677347707
-0.37806245251843185,0.4544115648263316,-0.64711875528037,-0.10446185354886617,-0.31678014829574597,-0.11524071703977262,-0.034536081437054784,0.008544089150691716
0.3610037599960791,-0.06134692344949951,-1.3263682972263098,-0.37159235742661617,-0.5259889345093776,-0.09005805103228318,-0.10039915796755115,0.0073977760151254165
-2.735430552220163,-0.557790405387344,-1.007695413805159,0.08493380805856365,0.5037395040751161,-0.017154031141283565,0.033483896591338734,0.022930563941144837
-2.1668802706122237,-0.7377767049370265,-0.5434589725190206,-0.16386167805843643,0.2575748027214243,-0.00760448293106254,0.150426879503869,0.020248748394588283
-0.7191465227073367,0.9646683125125131,-0.14115294860965544,0.117750119973411,-0.3048811801425877,-0.24777907264478805,0.007377442809673388,0.025507711684639334
-0.13113293258054382,0.5725429855396962,-0.5995068049098542,-0.09917996613555391,-0.4797956738063231,-0.23076927893455423,-0.051838951411256,0.023430868038335384
-0.7091885307844814,0.8125378876899717,-0.7147910274073478,0.15518594967309288,-0.3102803489533862,-0.2810924993376285,0.05811605465221087,0.021959406440387085
-0.5130009883715602,0.6155433771911416,-1.165428357606728,0.09871504250555277,-0.33798737382608895,-0.2645426058333979,0.06257123653749225,0.02388217898235606
0.47853604658663385,0.24878463630950945,-1.130933322176901,-0.4999874305602268,0.0446577495809492,-0.177465117450214,-0.1159858529540785,-0.0005222180786189251
-0.7197477626085611,1.5721227801977724,-0.7685136250384688,0.3099957520628745,0.19274281450769995,-0.04365298582242308,0.08062883504919925,-0.0005328214869896894
-0.484511940474104,1.3393623701696553,-1.2929260272774115,0.24143312266805028,0.1579040296456056,-0.02437648270087314,0.08536891061530387,-0.00029802064719997224
-0.4039270868536697,1.0021041259137577,0.20430402138825363,0.06172530229473309,-0.38402792325245005,0.22801289085170184,0.9936628925461427,-0.007205060440219725
-0.6664897304944923,0.942329940472868,-0.7024601488263303,0.17657109400308954,-0.2636783475597932,0.14564362522483776,0.013752249978210675,-0.005432793546796268
1.1684524561381013,-0.48521580007382276,-0.46759570071991946,-0.5818430922317936,-0.695021262475114,-0.18830641724459565,-0.38838346519076317,0.10560939245682073
-0.07939660319877058,1.406840167550387,-0.5321813103772077,0.04804357062162851,0.10747664517691739,-0.09149383588045115,0.47394935125875154,-0.0004461441468476919
-0.0735161176618813,1.087726612446603,-0.645581445838999,0.06542925735858329,-0.4346110833013316,-0.4606639658503509,-0.16944007167524994,0.010692982211716223
0.18449261361896413,0.9439387143335749,-0.7002844069821255,-0.02335018212298761,-0.5016022798198325,-0.41888181155516974,0.17032738987559815,0.009558994064728382
-0.4100993407061145,-0.01637846456053051,-0.8151174895576467,-0.21094348060821422,-0.48979204113031166,-0.2513467721301361,-0.27440959585585706,0.023075074850781446
-0.07894079699682602,-0.1850747443505886,-0.825502300230004,-0.33605811780465905,-0.5958869947601764,-0.2221513505601825,-0.05598992762176796,0.023952099966866904
-0.012799932503395627,-0.6943230404245808,-1.3111841042398318,-0.5165114456091549,-0.45903354193732016,0.04589127318961214,-0.10517721200385495,0.020051018088627016
-1.995262145160769,0.26182878717516833,-1.2541004350877358,0.2707772511181828,0.2674135368317399,-0.007352465138976729,-0.022560561731007074,0.0037121910033139746
-1.4228478038254089,0.029972830328577192,-1.0155600169209866,0.03214149466487248,0.042454548568943415,0.009551244222024071,0.1030063401579153,0.0050472071313318575
-2.216173526976581,0.3750864161350932,-1.1609724969079627,0.35253647457138854,0.32458382382383844,-0.00986384847925032,-0.03857824352095464,0.0019819694760981545
-3.0851688026692057,-1.183382154141663,-0.5354562333578945,-0.17822289594562374,0.682268341202553,0.27568060553364004,-0.047848140725127504,-0.002000477815698362
-2.5158895820629565,-1.3899211430953198,-0.1902915938034039,-0.42220845719693983,0.4459286890045311,0.28610758419466387,0.0462233714017233,-0.005889867520629954
-1.9376753673198386,-0.4202691072956658,0.01005597554405178,-0.18380680330631874,0.1584551419866792,-0.03678494403198165,0.04461483252610113,0.011275877778634208
-1.7661950724165203,-0.6864492009140752,-0.8060603298834192,-0.210625270773757,0.17771878702722932,-0.006918236280119306,0.08359271905369865,0.013369290381183325
-1.6731670034682613,-0.7792748256209817,-1.016963850686193,-0.2375410882477594,0.16431963005096162,0.0008614787039294741,0.08597340179786236,0.013656312599232548
-0.9186162651351669,0.9944014571362605,-0.9438214995237098,0.292915135349499,-0.1725374462449778,-0.3312802829110675,0.1252205031257123,0.03107074247414318
-0.14813381177726792,0.6522227527290875,-0.7737310143934556,-0.03242191850407731,-0.4810249372104603,-0.3369737325624674,-0.01565198429791843,0.02923568171108078
-0.8918313224981202,1.626816280307764,-0.532875898306855,0.3404101152792584,0.2184936453769359,-0.06490675485091878,0.08647888667640237,0.0006431149563807133
-0.3963668275716792,1.3051021130115374,-0.8809153903338235,0.15563838340894734,0.06721638077248787,-0.05185956630822857,0.03318517711995376,0.0031563598460649534
-1.4889510062476388,0.1526122074826872,-0.20920870491978968,-0.07429851442010699,0.16467650245000895,0.003751695165458329,0.036459093196065356,0.0010920399030247923
-0.8562913283194113,-0.18201547997908393,-0.3114485268568947,-0.3284529719149535,-0.06364639494537838,0.008061627981671498,-0.05884693724272793,0.004209570959705986
-0.27128488841873155,-0.5293694108093571,-0.5758265585242929,-0.554512342039228,-0.2574420627567232,0.017951025443803576,-0.13470736840016026,0.004059151215925158
-0.15494845668360283,0.3898891972888314,-0.8400958421484731,-0.1234467141802219,-0.47123204192012513,-0.12713874804328582,-0.046573909597370795,0.018491287616415508
0.21295268421563762,0.12747938544412726,-1.2036052257489138,-0.25506833207866664,-0.5727579049277114,-0.11367730224760017,-0.07714139642890012,0.017561398681910534
-0.037186182839604266,0.48585727063562634,-0.5194224424885555,-0.13276269373016167,-0.6315508223053138,-0.6202751542271827,-0.03613080817687092,0.043592842229308405
0.09481031446489165,0.3077771927842124,-1.0598014540014755,-0.18169875302950297,-0.6670089327106835,-0.6663290749622639,-0.6413092670191463,0.046922630432368446
0.1595166826665261,0.23465752337196863,-1.2439086115811409,-0.1978178713946823,-0.6714085901886118,-0.6578575778482836,-0.6201413687599175,0.04630804927443896
-0.4951192914616884,1.179242412296474,-0.9629986451940113,0.06428734358105043,0.3739726089437604,-0.35821198459036874,0.18091327293277493,-0.004608644121003325
0.0632588955931218,1.0311572414813206,-0.4080034843383426,-0.20653441600097944,0.08495976888463853,-0.41157158180840925,-0.2769580845064274,-0.0034805755317924296
-1.264152832912842,1.3431743789778714,-0.2673145407328041,0.3813677801414578,-0.01859815808966767,-0.17582619695689106,0.10799044594347484,0.006740411502986297
-0.7919428767371225,1.0788952789277284,-0.40961239968593244,0.19523309640471034,-0.1821971830764138,-0.17012481710081923,0.041988483148979745,0.01289264653192972
-0.6916732692354239,1.5193390601057095,-0.8926299253374236,0.303827659669479,0.1850187847502288,-0.023767215460258728,0.08464779156900495,-0.0002044630293104037
0.41317607404791246,0.8956964622888418,-1.246564400823386,-0.13076033464540907,-0.19577444027435742,-0.010092281443576658,-0.06810822761668092,0.00029113255495568464
-1.7742822376204774,0.6999124173776446,-1.3625243203707313,0.5115451747960621,-0.1335036092333528,0.04803392482642494,0.001081867947622384,-0.014476272011073443
-0.8092505706906082,0.21739483586956035,-1.3805795504948426,0.12483661397510382,-0.4813665554923096,0.07285503687577062,0.06755953479444848,-0.015098066585620146
-1.2330077643575703,1.5989978664873994,-0.6394965706941187,0.2827217137127045,0.793676769116173,0.17965852492178594,0.06840812584091872,-0.006559439892621981
-0.13246397346855948,1.1775124598648312,-0.0393037191961281,-0.16023458659727186,0.38749462342739527,0.2722998064177623,0.9209929839214746,-0.00642571484403105
-0.34692617183395436,1.1592011079724378,-0.650575965523926,-0.07882055131441991,0.4628823417395806,0.18499489230206453,-0.03626190750743524,-0.004195633954866861
-0.3545821193912762,1.0009470937408744,-1.2984902136109848,0.11228302144504852,0.009128639584339479,-0.14951778213304656,0.06156368577769241,0.007641218519871918
0.2009264545547947,0.7070634033929187,-1.3876989560486812,-0.11096461483491507,-0.19145476105481746,-0.14587215170549062,-0.022084674676418642,0.006204992184228399
-0.6559242519875419,0.9803586533088373,-0.6140257199504939,0.1485563339759931,-0.1881876126893589,-0.08862241199235527,0.02944355192342432,0.012267407962129972
-0.6276331438144072,0.8717343796400231,-1.0386723611180024,0.15956435476384045,-0.15518810989579496,-0.07322207313851975,0.05994436554991181,0.009529474920040913
-1.2473218279348233,1.55714141618333,-0.42683545773557774,0.4934542587684267,-0.03893710062626981,-0.04754309741116797,0.12227013461484863,0.006048248917689624
-0.5980729324944544,1.1425236214717136,-0.8511357738504579,0.24962498458250093,-0.24042797012207567,-0.03161330591740791,0.05044148905277999,0.006803070716595006
-1.295402710966576,-0.6353934445322418,-1.2331159247761847,-0.2638150344809379,0.14551550909032188,0.27386273640440206,0.03586224819091574,0.0029285651065399983
-1.2331344058183422,-0.7188171836356005,-1.4705050804295023,-0.2773198093248995,0.14537914721674974,0.28084744954796304,0.02930192145271706,0.0019793682782984472
0.40340748325727854,0.8889908367202245,-0.5949578042428357,-0.48041736943816554,0.5746748938569309,-0.10650402675343211,-0.13355534998273674,0.006319897475840648
0.8998783011802889,0.5786558523742613,-0.8891577317832094,-0.6685760233937525,0.41733525462399784,-0.0956709316668302,-0.19305520335265347,0.005932010791620512
-3.334841571523825,-1.454760560416556,0.22217101638492281,-0.35939907284489087,0.8071861942839025,0.3193128740901667,0.049007570434152874,0.00037806917121731954
-2.509115193782424,-1.9831835931777189,-0.3206618771408965,-0.6671852794492513,0.5549423517776546,0.3456331186542392,0.013022392816349275,0.006636480019031796
-2.0653253255809045,0.11200451073116621,-1.8217770496149535,1.045476898297963,0.5722964502130387,-0.005814817590434824,0.7882126295541987,-0.002740841187189054
-1.4156758193677743,-0.11937621534369863,-1.4340019783857303,0.7510459085802144,0.26596530046115036,-0.0571717956491085,0.29002416117857466,-0.0021942642297336544
-0.6762521263510112,-0.400768543752186,-1.0763632366705267,0.41825954073943783,-0.07661333390562496,-0.11606266856574407,-0.3034448807058151,-0.0011588404082518028
-1.266139961297221,-0.2195041899121314,-1.9546341090493855,0.10043932222521205,0.10375558986761624,0.14932137470377735,1.3717475511232282,-0.004483757073052456
-1.3091908247384585,1.0537987573155996,-0.40230132715753214,0.3318091040206587,-0.098064472993557,0.007660986155345785,0.0910246940261942,0.0037679127882280154
-0.6422693643602855,0.6177604505474761,-0.8838261789546529,0.0838166189270775,-0.3002857041821454,0.025780856753566214,0.02163879889038818,0.005483029695249476
-0.5202920005885266,0.25052921588179716,-1.1007472960257243,-0.10144791759681035,-0.17859592165823734,-0.18494160811520077,0.02350139629619307,-0.0017212620779947106
-0.31440024612194606,0.06940543684527813,-1.4583262754635717,-0.16687508734693351,-0.21954430547611392,-0.17178231761153512,0.01895667671286649,-0.0011344620985352927
-0.8368202465415578,1.680167349893623,-0.9007730444465092,0.5108675460343185,-0.12013344540861931,-0.010092708922965085,0.11840394661177048,0.0003424852640434621
-0.11925382355650099,1.3033813751319894,-1.0039911201119391,0.22188053422408358,-0.3804608708969863,-0.0057706103257781785,0.008864576106313292,0.0018530180753337422
-0.12564246111292493,1.2235369470591,-1.3763687599894303,0.24433645254419686,-0.3397514061845346,0.007702178826756625,0.04051537559257112,-6.551765525064163e-05
-1.4069435946920994,0.9609943363303313,-0.6064754415536716,0.3602018316629135,-0.08677757420533486,0.08694628604333843,0.11156554180220367,-0.005348905063568901
-1.0614897165394626,0.6605331841284615,-1.1913126277233907,0.24965326753835204,-0.15699890442439995,0.10855689313236033,0.10300508510735712,-0.0027565725221886574
-1.952635688692831,1.539557019567272,-0.4772132350877159,0.6722031942130495,0.1290929340228373,0.03575628486165628,0.09270595174361158,-0.02070479919252447
-1.676016116157883,1.3657151942334664,-0.6434945495239645,0.5692551016496784,0.04471550596075835,0.046768562662470106,0.10558727300055591,-0.018293044636489196
-1.3502404590862067,1.2049221064207274,-0.6405940735770197,0.4381887959897554,-0.0737346321978604,0.05469006186365856,0.12557487846422105,-0.01687964853375445
-1.1470025480327437,0.6103894766640338,-0.8892627335105983,0.2340019278477706,-0.247620718456343,-0.09941542901027908,0.10409929458571708,0.005777823061220658
-0.5168529418517468,0.3692520188170222,-0.5765442985631404,-0.041326282792220545,-0.5177824583935855,-0.11036017712767673,-0.02557288238287005,0.005671523007919957
-1.4782623499111593,1.2537261824454717,-0.8598471814306217,0.41333378004640897,0.3072720770331177,-0.23290889801849488,0.09968715636675592,0.006418912124002957
-0.6593070671395703,0.856186464871896,-0.826183058818547,0.07886948424489376,0.0006214687493816208,-0.22386826164515486,0.05497873863556542,0.004164791682983474
-0.7889685078886954,1.07722262152296,-1.031645286753358,0.19988647365872605,0.1441735958053739,-0.12101264077250115,0.09465666016401614,0.008823323685677231
-0.21245364382008722,0.7936932352636217,-1.0280161462630635,-0.03692349266711141,-0.07388883197887267,-0.1207046394327235,-0.00014537917066657357,0.00834010253769317
-2.2075613805202225,-0.2826815988129998,-1.5071413570120031,0.09855904669596828,0.49299076720502516,0.330142934237742,-0.13247739777860196,-0.004442209742846928
-2.062563501525443,-0.4322766028680578,-1.8605989738445539,0.05618986700561947,0.4716025673799194,0.3383135616979633,-0.1733804661189048,-0.0026399655197192158
-0.35783189847518304,1.1019756279119854,-1.1292049119106669,0.10576525890130199,0.06821054313647885,-0.06002991829880074,0.04072614127209118,0.005771520728872245
0.30467892050479806,0.7243296029787072,-1.3582637785286453,-0.15389713681675476,-0.1583518194695596,-0.051131366776540975,-0.04908281889325721,0.007523844166943394
1.2952808665635687,-0.013257328022721086,-0.5216625335751242,-0.669899125306851,-0.01838343253746564,-0.39910898800633704,0.4271680772994936,0.031180796778777903
-1.3738715748882793,1.4136625717427609,-0.6607318212914759,0.42987927783460517,0.24556739673711397,-0.27773053548814636,0.15163145276738577,0.010889579850036428
-1.0670922312170075,1.2107697891487341,-0.8916285207686325,0.3171212004379142,0.1549325521929628,-0.26678402974014165,0.14198456462736742,0.01212951879786838
-1.1506212378748824,1.7335369139871997,-1.1278963408715708,0.4590630369139437,0.5497854981175255,-0.2186451835847859,0.05363718290195703,0.008903833546327431
-0.6964583252438326,1.4562847857580097,-1.362349610599132,0.2882420385975877,0.40782341999452265,-0.2011796759441592,0.08110071509261252,0.005997869837812152
-0.7055366100996007,1.8681743009223681,-1.2326878134505161,0.2999574492084523,0.8197709439918253,-0.386676679936306,0.07684327941404348,-0.010002741387225973
-1.4228232612448273,0.9773359911401139,-0.5705660096064334,0.287987490077628,0.16522186782035203,0.12148177839474432,0.10382974455257937,-0.03414726120884929
-0.9713935693788981,0.7067799819380062,-0.7867609836912799,0.11427893859668291,0.017019258869951044,0.12974725477286211,0.046801317527372835,-0.029726583477427758
-1.8290764523871836,-0.5338576105953348,-0.6909104119387537,-0.1451430504371508,0.162809497779491,0.009216871789642311,0.08883824506797566,0.004373638260601472
-1.5445909364249417,-0.7758402293844849,-1.1481576321882871,-0.23746926520280093,0.10248674109370495,0.026155277455913232,0.07988701915587065,0.007072418431035609
-1.1770687301787444,0.3698949809497806,-1.383876641815796,0.15553104545746765,-0.0016304192490362872,-0.04228278294560489,0.07049779052302184,-0.007144358407972153
-0.9070310571677391,0.16888787005975664,-1.6884612456408947,0.061208016041390256,-0.07181176329217706,-0.03028830203939972,0.05768054776167642,-0.005946629333645371
-0.2952140865280014,1.0753576483751086,-0.28850026109945004,0.09175635353742666,-0.4243084057075363,-0.31266000653031295,0.1521360622970447,0.026627858648515294
-0.09119407772515939,0.9488907854492975,-0.4068923302577359,0.012273586678094096,-0.4927346473889051,-0.3139305856953619,0.07447795061025841,0.024202365535076507
0.18047203417732888,0.4690129203763686,-1.1143256281790743,-0.23489906737246571,-0.21972149182314796,-0.013484015056180493,-0.0757688177529284,-0.008449363280863742
-1.4384539990791272,0.11168753259080781,-0.7794346288693124,0.02927939059810379,0.041369129742765506,0.09489430577723593,0.07701842314572542,-0.007800894106553922
-1.0768255658751134,-0.11342563034156257,-0.9896841064053188,-0.10792008265533053,-0.0735437770688646,0.10282463615886889,0.03480017267356415,-0.006964534765757401
-1.6079946808600412,0.8729729823383569,-0.9876178426105736,0.35973085887369627,0.20455433872371115,-0.34614279920259555,0.09351954812642906,0.006170323487413663
-1.5592316054062105,0.753194015368336,-1.4221967971178544,0.3591966868146814,0.22442758875284774,-0.3406067277698976,0.023673164790024362,0.0041977270954611425
-3.0332281173062254,-0.2939213629032358,-0.5729188907441565,0.20404828805450387,0.5189145881456867,0.08614691932571573,-0.036449085150099196,-0.00177680423354591
-2.436938664233424,-0.7157493015655513,-1.1441040740631232,-0.008773448268563029,0.3550953019696763,0.11142017097307617,-0.04787199382986119,-0.004826746563748678
-1.8668645877459475,0.4975952950528292,-0.13615008908452783,0.21845394014057373,0.019448073880304326,-0.1900235761404614,0.1257986452653512,0.018617243228785843
-1.3368071364412926,0.07907989216275492,-0.8406584479311272,0.03839507468163797,-0.10828200623725223,-0.16419926925204142,0.09653316555907548,0.012894484255715795
2.354930602000391,0.6681961509287005,1.532316711528639,-0.19615516653389747,-0.8251091184490528,0.08923330967150211,0.7934758991440577,0.0006523558696058346
-2.221498700255282,0.3385367987514292,-1.120852999430048,0.327061454128426,0.3464852352036981,-0.016635950767540694,-0.03238312190922371,0.005423070415025662
-2.014809406251453,0.15977083027196243,-1.4671999112597982,0.25978393422246915,0.30247419499389294,-0.0064550321767954,-0.062298123164345375,0.0053928280139426965
1.6569283718632721,0.07699905340651993,1.2077198814077275,1.732942355450606,1.948905449806782,0.12256375429874178,1.31285474710423,0.014979062229237988
1.5901842470232257,0.23133215119873896,0.4737249478179864,0.5661633035283358,1.5454499841672813,0.11156516007223738,0.9758596009784748,0.0184578219981933
-1.6269389919241515,1.1093783455139345,-0.9588106621243055,0.44167963133167,0.2378179489891187,-0.41937854960112186,0.09553920379603507,0.009550687608624257
-1.2725514108997633,0.8928809609140671,-1.1438484793424388,0.30857965608475735,0.12731512513403517,-0.4055107553301147,0.11672364317633208,0.01409827686032985
-0.6833855580352687,1.613630880379515,-1.0502471889085556,0.34282444102274223,0.2575194395940472,0.05639909200105562,0.09540704111083657,-0.005370394362201891
-0.48769105934391793,1.4764162948931145,-1.2330311568802352,0.27226491354366844,0.20245234002887197,0.06321871171819014,0.0785904850870461,-0.005508533623825776
-0.9554459338349277,1.1100052854868456,-0.7408878069785794,0.33851222635794076,-0.2501965044582288,-0.6035027760317029,0.1466848296218177,0.04139161444050366
-0.7724848703746102,0.9848977952537545,-0.8980407010331437,0.2718107809969721,-0.3031257552582019,-0.5976503518841291,0.12889810437855392,0.04370052580917063
-0.95014568224612,1.599748385187867,-0.6577941593041093,0.4769114483747948,-0.1250144962150688,-0.05670803715971383,0.1091574585177836,-0.04547566907068187
-2.586142845443833,-0.8009159388718623,-0.5706760649874846,-0.10950002367189264,0.4415558938359153,0.23462381260553009,0.017134887368258463,0.0008466353585499476
-1.7475556005999489,-1.3131609897688057,-1.0075367338219008,-0.42594413833178324,0.1776177876698189,0.26351313683617417,0.03367533404658039,-0.0006829519500348895
0.3616368795590045,-0.021346888323431866,-0.29553730559800123,-0.5071625127238057,-0.4821755034295584,-0.24892961691706222,0.47212513303861064,0.02087291590623498
0.5523005675587215,-0.19035527575189484,-0.6718041408966646,-0.5939073997858182,-0.5653544002401637,-0.3147750704829101,-0.28806106996985414,0.023240380002890575
-0.7466696720021395,-0.04561865709989255,-0.5689801046832473,-0.1944125049550261,-0.2998419959606171,0.07303780387373279,-0.04288057462458247,-0.006911785638632136
0.6043768668701326,-0.7106340692578609,-0.5632091438990308,-0.7492608838795656,-0.810654382170426,0.07375195659161216,-0.2659906827420937,-0.0075290800369409985
-2.740511756110384,-0.3570044509652187,-0.5291330317677237,0.09073910109063196,0.48335108521099335,0.10638836647538126,0.006082433803617899,0.011234163118514806
-2.2691590559329122,-0.6702489930913835,-0.8886744561376032,-0.08145818739272495,0.3460280386406567,0.1256384422465572,0.014358651795304406,0.009013855470331232
-2.4565610653232124,-0.2558183147478295,-0.8707226497613959,0.0736449516793133,0.543129838571289,0.21696326945752897,-0.04175155308233048,-0.005445476445520727
-1.6643081698453612,0.40338920416998136,-1.3334601467840934,0.34823403654246593,-0.10135872787726191,0.21505905028681377,0.005054498200268238,-0.03829551237436017
-1.05896430331929,0.14067025196764008,-1.1638961074077212,0.09691377905703805,-0.3365939763385326,0.22657724516402725,0.05621073336258548,-0.03963076770296926
-0.5628825348765069,-0.12689181252877235,-1.2670679765481234,-0.10115160419818967,-0.5132536090689874,0.23079074900012228,-0.01633866328970039,-0.038265419207917074
-0.19902003207068955,1.5338669254998087,0.5847259824192201,-0.08931870461337807,0.15528683792443124,0.0414149659482276,0.03339782822211486,0.003318240914915379
1.6901880797791473,1.8214861035297627,1.3859969044178122,-0.5609639257899801,-0.35247233897660357,-0.08773958164044601,0.2089687404839956,-0.004729258454241971
-0.8050880314389115,1.1243060439534085,-0.7215253921513421,0.18816277311271754,0.088037381859669,0.01128274064006009,0.05553727049870428,0.0014831045437207274
-0.6375591361436623,0.9557740056059616,-1.1070517324218438,0.13996242122724165,0.0644631881152003,0.025424841053516518,0.06018321211425127,-0.00011423367312226119
-0.4010975716491649,1.2917291475718944,-0.9717297519141698,0.16082873522018856,0.08952310786790031,-0.02445108651883371,0.039179619691555014,0.0012050405163776393
0.21039760844098865,0.9158944863352577,-1.304978482590932,-0.07239119313087937,-0.1071029381451145,-0.011918995123473723,-0.0338108662120393,-0.0004117229259100742
0.7507029400890007,0.5321279408438901,-1.8822461759319333,-0.23594984958971132,-0.3264897351496846,0.002791341808479215,-0.07337424380653874,0.0020896519056611573
-1.243555400002664,1.5489980548876907,-0.6668784655271124,0.4352888484483429,0.2661280578254164,-0.16229962633719935,0.14739852035567347,0.0016133591517265118
-0.9014632437066606,1.3871512003499669,-0.6366366586119437,0.29352305249936284,0.13422564495747635,-0.1624807605446072,0.09382787261758818,0.005713570169145899
-0.8526102494521566,1.3010086539930499,-0.9148973786891835,0.28830109602491444,0.1444170656226122,-0.1523457221148503,0.10910176240174495,0.0036800623445170234
-0.7234895318786108,1.2249937938577986,-0.9707972026475126,0.23832653399991754,0.10144911024033562,-0.15013228123105132,0.09258437299882685,0.006113347457640389
-0.8173068141582419,1.6717894100339343,-0.9459571623922244,0.37451737906871646,0.3170878132518925,0.18642643388406388,0.09350155565464233,-0.009586642177352361
0.1916578829951123,1.035048275471905,-1.5710978375268745,-0.006281509654213664,0.0003615387528645194,0.2098069025225638,-0.021922791636210612,-0.009305607934258442
-0.43241553326954385,1.5086010464734705,-1.156843884006109,0.24715230628370213,0.22145110916793606,0.007765327487687881,0.07024524288286817,0.009165721916921213
-1.2821081580683094,0.5219091594888454,-0.9722211803629719,0.19872177000683527,-0.0533136162971089,-0.1339998008194839,0.12560428115467406,0.024756091908805872
-0.9763806529765524,0.4094820319669589,-0.799760342054829,0.06407213458465169,-0.18644666086072217,-0.13995356562017694,0.062283700380636776,0.023852521989920328
-0.9073118764542205,0.5851405653944329,-0.5130611430832522,0.09646293670024345,-0.3043745592671714,-0.19756184550095443,0.04204189839718297,0.02145156643692278
0.06927399148215342,0.1605420544107232,-0.25649848023791333,-0.318076292011496,-0.6995784869377932,-0.20623689668149384,-0.13954887120945567,0.01899095219229338
-1.3590899915547507,1.2451802729496104,-0.015762503954956757,0.24326321407086668,0.3343250219098605,0.19731156324752175,0.3610616339478822,0.0019398221922454423
-1.496226432244551,1.1454940611132223,-0.7667414504554939,0.34003133284930576,0.4641354054892364,0.22569988994871018,0.4565714765874137,0.002297608070800632
-2.222378786308148,1.5333908149477387,0.25608007601575694,0.509791320083937,0.5551350835577578,0.04618798752839495,0.16865777433699403,0.015619732889632127
3.6144186506935982,-1.8627695465544092,-0.4544164933040133,-0.377892379148355,-0.959376449184385,0.2500898370504566,0.5694027029745787,-0.1119343646962505
-1.4447117361556876,1.6834607178585752,-0.48055367912307034,0.5407056935450083,0.3237971719139821,-0.08067727263114803,0.729975119285694,-0.01249222360412716
0.7960571786792491,-1.5541019692405837,-0.9210152853317867,3.711513937121767,1.0976006685700188,0.09789157704485418,0.17426155002629645,-0.0007861854902594063
0.3514979696091039,1.277353023732562,1.9879008856265523,-0.4590761581542325,-0.3634842296410765,0.014023951068274516,-0.26199504341931756,0.0029779991193060466
0.3895674687264944,0.9372498202756919,-0.4437069330219716,0.9750126297160321,0.12810976312352684,-0.05346242696104547,-0.11689331094695625,-0.07506371670198848
-1.0101357306479752,0.023577433713598064,0.7816206296476992,0.6514048584824763,0.3539185235348736,0.23726511381097415,0.3580211682728214,-0.01564649524311895
-0.44199126245215076,-0.2253484384677052,0.6478991339781638,0.16858751979295,0.03440572094920072,0.20666057583170264,-0.08211643315025188,0.0052482888836970845
0.11602985277441887,-0.7870839696520485,-0.5073147328088964,0.12849673110397597,-0.008693719180825238,0.24607714306031075,-0.10148071641795273,0.0025612409242344683
-0.3821899718034564,-0.35306594276951514,-0.4091791152308904,-0.39464504757073393,-0.11979238677928324,0.2328445465602496,-0.14533746723197194,0.003903171398235886
0.4461872731855149,1.2845913546454253,2.152101002896982,-0.4683914352481874,-0.3898964167718596,0.05497769828804454,-0.1320149327538776,-0.008432144049532481
0.4279396666918164,-1.211091015639012,-0.11573696220030082,-0.23281196895673043,-0.10542802257071002,0.3350732581700476,0.14743800142804356,0.0893999264230507
-1.3733263837339775,0.7575635699042015,-0.2766977375932897,0.1610250112663362,0.07746494330252747,-0.09330820052490306,0.07003409248261526,0.0129486015723781
-0.5874673731920809,0.48689554937815704,0.2702147044163583,-0.17491270242109094,-0.2480003234909205,-0.0686028733848789,0.31574053906393523,0.01108173527085658
-1.7044347293237097,-0.6449646654922144,0.6392364700505837,-0.3933950283660558,0.24625227674428649,0.3335639294477035,1.3662365176341504,-0.021392367123530688
-1.7913302215324294,-0.7373536208713668,-0.0437128780401662,-0.37593202464435427,0.25389561855081483,0.20594668372946195,-0.016573886419565007,-0.016977396935297623
-0.388746325385259,0.829130240827194,0.2810815949998311,-0.11347454477858455,-0.16369837619088456,0.022021415884804822,0.6550119737942011,0.0016838061304771065
-0.5692925134610142,0.7557471248793107,-0.48827057765207577,-0.027116744807011046,-0.06663725553754211,-0.0304235601557137,-0.017772427818829595,0.004318771139443756
-1.450234226460717,1.0903929251252282,-0.17337700123636016,0.2731387865773326,0.1624261971280187,-0.08682131066948878,0.09610131663205025,-0.00023325744240125642
-0.8404776914038534,0.13456512522780878,-0.241033595827892,-0.19412894973857187,-0.10832704418185338,0.23238386883896647,0.14945760915622622,0.0024641318563218793
-0.7427727973285362,0.06646192222730557,-0.34183669011951767,-0.237049709628676,-0.1491698287615577,0.2132578542456126,-0.07636610448888818,0.0031555012118633895
2.0200007372625914,-0.544257899383195,0.5631991049198124,0.18159325844321106,-0.6718106268962684,-0.12342090234779138,-0.1266804794896936,0.011281195825399548
0.00902148368246844,0.6191066578135361,0.21037542270761564,-0.2822418260730628,-0.43052357711149547,-0.18860517391503626,-0.15638184768941368,0.01662148956892421
3.836565385775686,-0.8627295854486111,1.0668532640839734,3.8746048552809444,0.7196361145563366,-0.018381237371175037,0.0490095577558465,-0.0028900284834765004
3.753569943237277,-0.16550960839518344,-0.26786205457044343,-0.17060907422572852,-0.7249500759012537,0.0753784825669882,0.43747315430149764,-0.002445943455548871
-5.848803704552304,-4.038275902543931,0.8912393955276668,-0.1313732924816274,0.13161714190787246,-1.2042774914128072,0.29463882298353855,-0.014342873955378567
-5.521896603451875,-3.8821388771811596,2.1361256302037175,-0.5276909921187551,-0.1144017649288147,-1.078946316561113,1.7533949960288158,-0.021100150226207072
-5.98345598347429,-4.057950835518596,0.3697328210413402,-0.17850460865976056,0.18239699922293798,-1.1904522171334704,0.30685507244316773,-0.015375806636493052
0.8955928103901276,-1.262115959911889,-1.5567225855992592,-0.5853426031784349,-0.7714617540066114,-0.003306978750390275,-0.22739003795406162,-0.0830473276222877
0.8184806749786933,0.9817422661228116,1.1788863865791004,-0.5142306150913281,-0.6193521864571506,-0.0203581791007302,-0.28087146889696857,0.005379592745566556
0.01213965402184555,0.4742296839406768,1.9505444677357107,-0.4127962069219118,-0.6520004252925519,-0.259178067317859,-0.1563114526160347,-0.004603518616318596
0.1658261578480597,0.6173048507841963,1.7416415480582936,-0.5227275826459851,-0.563626455144267,0.17697921751549506,0.17748098843406243,0.005947904232601555
0.4158506197952298,-0.39632257521958836,1.8487160390986332,1.2950692181743475,0.12220638664215568,0.14360662551666714,-0.4507830961125352,0.002229846107479036
0.3163694054186374,0.2706228249669757,1.8095442959150916,0.6062506371875537,-0.44068198222776633,-0.18575835316683648,-0.32836901268970065,-0.0027732730711615516
1.7568551741441834,-0.5974421334741871,1.6358449694984105,2.550099311893854,0.4802375302271783,-0.4152873521246184,-0.6227243497147475,-0.008045204121509482
0.4155491220789699,-0.36174759791733796,2.182558312486092,0.5519822913886382,-0.2755459001383782,0.12126262652116002,0.030507289129889464,0.00019289344585852802
1.09896123387113,1.3991787622606922,1.9900557642283074,-0.4468111539735763,-0.49927929140595906,0.16189247727939785,0.2943902774458084,0.014166850934826695
0.42047632691985104,0.8549248354155402,-0.778710379936257,-0.29178212212154575,0.005261222386655821,-0.02998208343384016,-0.12086834351687745,0.0018799097963450796
0.3847713638796357,0.6357224896447133,-1.8424417266822157,-0.22036597676909186,0.1282472132759205,0.008724348007359843,-0.027153709707086787,0.002578715108293488
-1.6484974975613942,1.3998303480823626,-1.4729056866028587,0.609400979777387,0.3398536876925182,-0.02408721507040387,-0.05629700904124454,0.002391014737980245
-1.700781323697044,1.3641045947172485,-1.7538037696878215,0.6424876048571027,0.38264274229568135,-0.02327168990479658,-0.11384289938333243,0.002637887320005314
-1.0384826088709982,1.1446540788448223,-1.254821692217107,0.35676501579316633,0.10342770135556342,-0.005437852280004565,0.07475334194944538,0.0013073592609676775
3.473810114148672,-0.5413094494524961,1.366246166430618,1.2631720193973348,1.805744537108115,-0.13161771126617808,0.20646810395048273,0.0007820761949143398
1.945485080353776,1.5455622842082013,1.8015428343761724,0.005586923750427987,-0.06066703372233172,-0.12445641390071617,0.09099771924343943,-7.617302006114777e-05
1.6671178855477258,0.5809111107510435,1.4244774348004978,0.005510751922503671,-0.433979667037499,0.03743955839584174,0.2539295241551148,-0.0005327497250109168
2.234829210232445,1.6078939855023762,1.518712909800079,-0.2293782660389764,0.37115846444112865,-0.26341335276501543,-0.5365844780235373,0.0012930721651017386
-0.21374661046054338,-1.4611763426799238,-0.665575297915907,0.4230124652854503,0.16581202961261146,0.17876378715241145,-0.18329821045726513,0.09585200633910772
-1.1888362922659734,-0.5340370590470939,-0.3271794362723758,-0.38318247521108034,0.039537695540193665,0.19125536682788105,-0.053910786425651655,-0.005305956001742129
-0.8074748942688579,-1.1492000846619603,-0.9676748079823381,-0.47533597561338975,0.006495355071008189,0.20144310355825276,-0.07853351702478781,0.00612711175963716
-2.161274583751169,-1.9470884941443578,-0.9852659907527316,-0.44417046468411153,0.6135000272368634,0.3500197556779934,-0.02465699714330946,-0.010170246037547771
0.13897418793670901,-0.48491441122962753,-1.5968403657060561,-0.24003418987185712,-0.34060028655770147,0.053710716239315406,-0.08156902746921674,-0.026683216193541758
0.7210499708794296,0.9758911151880535,1.8133403248683366,-0.16366859089643812,-0.2841923590156594,-0.055409743170808025,0.01272899780450352,-0.00031404397246135397
-0.6898210908303724,-2.534173922555755,-0.686827787987636,1.183443463404103,0.6446020849355839,0.15215040345824993,-0.16358143731188304,-0.18829085959926498
-0.7705719171700375,-2.158741538496285,-1.5580481205409982,-0.156725161512497,-0.0027481735374074857,0.08178652045426575,-0.06107152641954848,0.059240112911418834
-1.154240380548267,-1.639894724114024,-1.535101664731277,-0.32435796229567543,0.0905325230544249,0.1068340224524693,0.008474430606959286,0.03008782070790133
-0.14704085171382225,-1.4234514767625508,-1.2607405951272144,-0.04522066361162866,-0.022816386216992682,0.17498833358217283,-0.13978799157066063,-0.05822200966808788
-3.0079761684741864,0.21598744426007735,-1.5461550668664592,1.6062394258619561,1.064910210482284,-0.048697225595708535,-0.3499040236559288,0.0013230880664667833
-2.421458509833519,-0.22946306632716332,-1.2472008386846474,2.3166025233121146,1.1990936102641212,-0.047960738736556194,-0.32572427444134927,0.00039043030107712887
-2.3506798965029474,-0.08569966178861088,-1.2905407276406218,1.467203553509039,0.8688917468693809,-0.012960757514500747,-0.04904517339708987,4.6870195885017235e-05
-2.525080325120145,0.05565117470982604,-1.5853064458475465,1.0316505215636391,0.7465824632196245,-0.028141054207599915,-0.2623579675608591,0.0006658287680064259
-1.7451588891881866,-0.5051092951686846,-1.1057243707823605,1.9132775579963432,0.896389544825795,-0.0241496365640854,-0.18219086611669116,-0.0007959888366677744
-4.585415776451384,-3.6952408481887216,1.019273541946058,-0.6827782104731219,-0.06932501244112471,-0.7883095339475887,0.18419980135656755,-0.046887429076291634
-4.061798886542063,-3.9107157753659636,1.2112900231136392,-0.9079239386904154,-0.28680303520290856,-0.7948898579617412,0.08245933840355345,-0.04688662572276815
-4.373283903858772,-3.9495515026113974,0.3433931488295228,-0.7335164972627983,-0.0796141506757731,-0.762976156318445,0.20554370932416458,-0.029193268976612133
-4.477961539565556,-3.0152940762856995,1.071459829695506,-0.4816533499832863,-0.00437553927668834,-0.6441745901395474,0.19170088159391951,0.05063242830576378
-4.4879851382816165,-3.1448333783222475,0.46378823539396974,-0.44773617765193124,0.057384250097224906,-0.6293696097725369,0.17382531623121764,0.05107185148667595
-4.111701280765599,-3.3370184907325853,0.43753941212471165,-0.5981659426919158,-0.07745418592454692,-0.6208658226484302,0.18329935771655526,0.05145677021901501
1.081881126503788,0.10758053177961283,1.8656293644610236,-0.12638528895708545,-0.5163759258332273,0.024873836119619037,-0.23278870184450112,-2.0793373424389235e-06
5.266560271896652,-1.5188085144787264,-0.28869938567600345,2.3467713092238074,-0.41133553115338595,0.3469561281976548,0.6117089753811319,0.007913322801607546
-0.443012783185163,0.8634223992889537,-0.5890620495278543,0.07569106855650877,0.4082039737757221,-0.19311447755329872,-0.003148971294586055,-0.019493401003311275
0.1782373433899637,0.49142063648314105,-0.7513401361823098,-0.04239732194048351,0.24061136179662357,-0.18722065202912466,-0.09115576116160043,-0.019773316635244967
-1.048414270021011,-1.58837703502647,2.42740761181056,-0.473296930891671,0.1282963232109809,0.3282285515397072,-0.17260975996185887,0.007416210605149386
0.8970604069545216,1.027537378993517,-0.25284069820240695,-0.26537468429033756,-0.20422213785666193,-0.22660397319252895,-0.37338073538868266,0.018578809923105847
0.22178327988589866,1.2926087611213235,-0.5395576025184119,0.0404891588540319,0.10371593308448994,-0.17926064367176875,0.1179499715671586,0.01789873136127146
-0.2583585124546711,1.3127306769876232,-0.6762037157465012,1.044633722735526,0.6539379037244653,-0.09273470074558005,1.0200704102146778,0.0155854537088171
0.5031078592970907,-0.07888651331372762,-2.3954405832033965,-0.3322236447074858,-0.23261228645510051,0.07024690543706179,-0.03372158431749145,0.0010827766012846051
0.9829180032133205,-0.6191397663564512,-1.0266225580063482,-0.5068517375122283,-0.7776028140085728,0.12500950149405027,-0.5122111447016058,0.03438111964297571
-0.041713975096955735,0.1272221669690017,-0.14777865551258146,1.7915145638809098,0.5245891240689362,0.022015791413432267,-0.17798314555890976,0.001860828430883703
2.568991417525298,-0.7107010116155547,-0.16247530864333162,-1.2610002592813854,-1.188237634634247,0.1323012348839522,0.34151325161759777,-0.0008557686105701614
3.382288730540534,-1.4475149737563509,-1.1305326055820446,-1.0160335708322716,-1.201959519954014,0.13949372125290802,0.034602783058990935,0.005134102189502134
-0.09374029418482425,1.3930605268909602,-0.38437974234344735,0.1337656678599211,-0.35628174182423517,-0.17144132921343935,-0.03504930314649053,-0.0013828311042329538
0.6781848352643834,1.26038225224309,-0.3840056465676605,-0.3630848534152073,0.2450304844665977,-0.46323635648189304,-0.1287030950510957,0.04291170043014927
1.1442534380587306,-0.46624575239806887,1.087884130099014,-0.9986262121181386,-0.6997694008327617,0.19158569112539295,0.7332157677405248,-0.0018859816690481631
1.026165088412127,-0.5240435256935704,0.5336744627059208,-0.9370311837830967,-0.6668238969061039,0.08342964177232724,-0.42344068198140883,0.0019098439370911363
-1.4257732134381806,0.43300706697048824,-0.4131565410792164,0.0990005495603077,0.00482119965639231,0.1324654654561401,0.05567428339828561,0.001441827071957617
1.4516027032115246,0.3046019111425675,-1.1608679162055469,-0.5750915501490463,-0.6766387087802661,0.00957286609226399,-0.2536968372465819,0.0020987797833702557
-0.7749372300644835,0.6946326810403372,-0.1964791330662154,0.00816136663092903,-0.19649276291215514,0.07960818791224238,-0.032037837911458866,-0.003224543436435023
1.6603107106127621,1.6389477145094697,-1.172273840377525,0.2588818194790579,-0.7282788680972213,0.029032567985380044,0.4398449090072511,-0.02867893850835342
1.8500491398184358,1.3199167195622943,-1.7841035472550641,0.6138906729619075,-0.6284257017796983,-0.049907028989616936,-0.48989191914118413,-0.025805738758211048
-0.7380793226510685,0.498858910551012,-0.0450318615856766,-0.0667463990313188,-0.3285709291570941,-0.16220213481001836,-0.03814099872956187,-0.012181141967371878
-0.07891047488250447,1.4147447350956914,-0.06798463898239739,-0.0900688193137333,0.2050174132476149,-0.05460778745560071,-0.0879129754334412,0.00942026994152616
-0.08911288030759532,1.4581218223354038,-0.34290121039662247,0.1016530416975196,-0.1962870263779745,-0.005378031869525584,-0.05545276789777769,-0.02503958592307396
0.1636554850592301,0.47156214031301075,-1.001586041559254,-0.19146525085298846,-0.4015334775147576,-0.0037837846109283315,-0.08306470087197836,-0.009340605069599989
-1.4201598563988644,1.35299054199043,-0.5508205684829183,0.43456618581170947,0.15019702634276275,-0.021267088856675036,0.14092749774753568,-0.009253054948959654
-0.14501246193820938,0.8011396148946422,-0.889298667302323,-0.13470902403716734,0.10158641239624527,-0.14010054325101012,-0.02371881933394116,-0.005118100709667791
-0.19740139235771545,0.15154507395251757,-1.1661055525176447,-0.07616668840300282,-0.2775377478415766,-0.008687351912985138,-0.5823984111491433,0.05387099325247597
0.7789101581567767,-0.4693838160309408,-1.6455105858939807,-0.30770053067754255,-0.545787879494556,-0.0018629805431864517,-0.8055901142954229,0.054181667320472214
1.063047638030569,-0.41002508033722773,-0.861852887862833,-0.5798729830845027,-0.7587172984772738,0.010724415637063337,-0.5319939921154628,0.05256687660825199
-1.2196574034819605,0.21543707351732977,0.4790659803378916,-0.1987814130496454,-0.02522265670799866,0.1818606674885572,-0.08087505128783137,0.0056324240310891074
0.09609470844479558,0.8579002851097939,-0.12305304924471043,-0.2646897798798629,-0.09353757303495101,-0.13529422478470868,-0.12973354759095618,0.005895691610516941
-0.6622028095080027,0.960809044697373,0.095180702945388,0.001989544347225711,-0.1265962284324813,-0.10327302670583297,-0.04247011386452595,-0.009226959173422441
-1.4980738333063905,0.37136459529432725,0.37436366503473567,-0.06740320828042447,0.10621580254702603,0.19245555802000278,-0.02613180541313535,0.00786192885450009
-0.2681612602790817,0.7869263900006045,-0.3302539670115955,-0.09497848355808335,-0.22171636609543954,-0.038576588213635195,-0.07057707566415533,-0.009577379857861381
-1.1039085312008399,0.19753012505894285,-0.40625590126883304,-0.07306897935724295,-0.08826455692364937,0.13463201958362098,-0.003810199543344184,-0.008073909039976993
-0.8581250455751727,0.059154488596726736,-0.23710823200878256,-0.21015350071067726,-0.18028810786863506,0.08780831680962112,-0.05781097119209186,-0.0003908319574520668
-1.0440303306555305,0.1657780355491497,-0.4306724219659407,-0.10143734733975185,-0.08840409014174219,0.09068723716959716,-0.007379384705942931,-0.01771641690749146
-1.4260900671080141,0.5000263039849074,-0.1348772002769022,0.019729558562254633,0.18648010697511055,0.07703385073439258,0.012101821002684822,0.00949450988477894
-0.7705320235848684,0.20570694154105418,0.007999863644387555,-0.24777229038865525,-0.059728390183219314,0.09793423215632255,0.13689362820107343,0.008519015422289151
-0.44778147337967217,-0.1652574778673374,-0.9457347695774547,-0.331082844087791,-0.08645471341141629,0.12806021783851318,0.11649004144020828,0.009100935412139927
2.3319502007925164,-1.4331671403353117,-0.44097278842925314,-1.4624362103911535,-1.1517178916712707,0.1571534078100395,0.050494098306720886,0.011933688640396501
2.8445038333498935,-1.876299233257487,-1.3253738174908138,-1.534545609077943,-1.2942937525133518,0.2850688727464642,-0.2691657897135968,0.0031311798779844677
-0.3454181140257625,1.7070400871657996,-0.09985422040155574,0.20445625630657874,-0.07218818540084475,-0.015279097520749792,-0.029351774995268143,-0.004462070946026827
-0.5719490704445841,0.8720215360860633,-0.3531664242003228,0.005885387586984838,-0.09920571269894404,-0.06190276220835167,-0.02003470887751389,-0.012526719375830383
-0.6746469482903644,-0.7548870417212268,-0.9038359087805916,-0.4708638643505795,-0.19265623067428117,0.10832460484014794,-0.06884480887995355,-0.004976787514098392
0.5005466228040383,1.2665348287671518,-0.7941122324012005,-0.09142993886171424,-0.20100928136656088,-0.02226491450097585,-0.10168567921392296,-0.02715459960772343
-0.8276562184420065,0.6259312112041631,-0.39501892163304797,0.047406043487595896,-0.24294628209037306,0.06587487310033396,-0.006845617148512375,0.0040839315263145794
-0.29676940036660615,0.027353972706258316,-0.8062595089595677,-0.2751963999994252,-0.3013369514093931,0.06520095030299647,-0.07599869410152199,0.0056773451232442675
-1.3383655111600898,0.7462739075491382,0.4921560254105964,0.051099010214531435,-0.04495796265356208,-0.05768798223581718,-0.008564289315569814,0.010476623113592742
-0.09541470135917697,-0.3788835223887722,0.631224067453906,-0.6771372908830621,-0.5312443390375229,0.11722027669039778,-0.2777339603797823,-0.00323830532562616
-1.810416901005805,-1.0831436626854043,0.4201778662906362,-0.5903153908539814,0.29504300262619043,0.1889650265644455,0.029070773499151967,-0.017289020569969275
-1.6916860546283208,-1.2068930479720497,0.17917052701893252,-0.5757258653742191,0.2936805966742758,0.19531459367784657,0.007571900825852024,-0.01719391172146118
-1.9148873656541887,-0.9902920403036318,1.2195130572256823,-0.492330242061733,0.04667939834916126,0.09774106635980499,1.4150305750619316,0.00839565698786799
-2.160446048533661,-1.2865639203809969,-0.7545943611135555,-0.35793866442428696,0.21727836573628748,-0.03065794849245025,-0.2900804042510004,0.016091813880304534
0.0015803435290544464,0.7957891482368833,1.1993378105486008,-0.38496820838515194,-0.4137943525148771,0.07536405338417058,-0.2714286583183428,0.003558561895333973
-0.8134912074973043,0.4471042919186007,0.9281001767946746,-0.225114831382419,-0.3396386784275715,-0.021126155789514406,-0.14435540522002605,0.0059870059873020805
-1.502733630222446,0.742118432100919,-0.6522736067684327,0.15856387571197825,0.4150437060435072,-0.12499720817813548,0.12521670563381032,-0.0006387645992580077
-1.1080351301324847,0.29687193106006166,-0.1801605923925823,-0.06836436594678705,-0.10031651754160963,0.051562562522488184,-0.011377705535509559,-0.009699992965266076
-0.22154744076699634,1.1495926037224806,0.8754051866240296,-0.15072285123273346,-0.30374194153237805,0.01583618140765177,-0.18106685833703162,-0.013145022840684775
-0.5426581287663361,0.7081099823925231,-0.15012722686675772,-0.04708980356783169,-0.2789495053163887,-0.008144229644398204,-0.05786070969855738,0.010644979825531078
-1.271113362086862,0.44463697501614863,-0.08258067870750842,0.0074960827495186505,-0.03673014770320162,0.05331833555567909,0.00980881259734334,0.006961420303424677
1.3406175339848603,1.692857345780438,1.8299236270786214,-0.5522235861508976,-0.43831829752678025,-0.05324142318486048,0.06642216775903319,0.030567400490879425
-0.3213923522238806,1.649944221025325,-0.5351313734836096,0.17515604362660134,0.23106893768295272,-0.06834750828822414,0.3367064329325759,-0.03645936240466573
-0.1649617061551232,1.5825717414140845,-0.5002268982081898,0.10261196086332071,0.1570849309401777,-0.08757277117019421,0.13572847922904235,-0.035793994665974355
-0.6177591008886276,0.8955546036570381,-0.2656135931673016,0.03461659007599349,-0.16085884232735384,-0.007280431497290687,-0.02552125103034111,0.009907032173494375
-0.36721479310723615,0.9974791817029737,0.364595159266863,-0.06009259444893516,-0.3480634044377727,-0.055859730279949296,-0.10992091397275772,0.0003857104426629287
-1.159601788045206,1.30378848933758,-0.26492681784372135,0.24229236365790602,0.2681952505642792,-0.10159464664861921,0.07907868980535539,0.0005695970623887134
-0.16440846337568804,1.401790752582949,0.5071991111128822,-0.01585110128463735,-0.2791496645027269,-0.053690721351813915,-0.1280862636527698,-0.005112395403168931
-3.1754966793646235,-2.6826632356120395,0.13813487256357845,-0.6620056423467302,0.1142666039671507,-0.1681067697622668,0.07447602791447987,0.024126648941248538
-1.574701676583408,-1.7922192569495703,-0.17162474893948684,-0.7990867951718308,0.12706617652392468,0.22069272579320384,-0.10022337775624808,-0.00201396500166673
-0.3588004204721477,1.4452957218601954,-0.2345218301315989,0.1670339924857685,-0.1921405105946061,0.015394255307302065,-0.03197933857656074,-0.0028920255050592487
-0.9728975530237638,1.6668320084874824,-0.39677207633872785,0.3704498102020972,0.2506613588497413,-0.02404503838871971,0.4162098149889528,-0.0020896508458903835
-0.29082265734890966,1.0479925432309198,-1.2349499114404958,0.092017854759661,0.03217102080550476,0.047766002124120265,0.028935269567442447,-0.010424663226607862
0.13772265071410048,0.7636129214372978,-1.074931258124307,-0.10384290430365638,-0.2475615219677645,-0.04504754883923772,-0.05138253511600434,-0.01245230476789572
0.2987678218521157,0.39924542171112404,-0.6861731245239762,-0.001102896514966858,-0.636289198435134,-0.07912712526112917,-1.1785969770313531,0.0034163715748251142
0.7059743912083727,0.22404045779709392,-0.7387692305756558,-0.32892211665102233,-0.844411848730559,-0.06734039371962189,-1.1564867982941451,0.0028227329719832882
0.9997957586871989,0.07940201228517965,-0.7678342066188014,-0.4795823629277525,-0.955485027734421,-0.04680766122652339,-1.0202551815698804,0.0022239283103759415
-0.3024655014393396,0.650427793981089,-0.6368036327431942,-0.18902964575868547,0.11352035899271609,-0.42481286489688086,-0.007841028427469856,-0.01497100932675957
1.4135982697531964,-0.22550690249672406,-1.0508755226623425,-0.7979474463894451,-0.6468111278441063,-0.11316590578459057,-0.2807833588938299,-0.009217924558498465
0.28515548108953503,0.605519808541786,-0.34160606045500624,-0.368846347735072,-0.16120970890511938,-0.3877664975953616,-0.12135156127778526,-0.006158646117618939
0.21334772098758223,0.8956355953516606,-0.9342770849196722,-0.14059397833116158,-0.12099497815897645,0.035837253744245526,-0.07838156023720515,-0.0075961641955581555
-0.2741793083427867,0.6193261605234721,-0.9486909950867966,-0.05777893780729038,-0.2029785602531096,-0.019493985565419952,-0.019393203821737537,-0.020232729697048746
-0.6305450605951721,1.711357820398566,-0.5643403942040517,0.26965272519907824,0.2906612407717216,0.07745782935265846,0.04307339514013674,-0.009694304060270529
-1.0787420089720758,0.19347009206590196,-0.9996247999888145,-0.013325513033094911,0.01647653160725277,0.16094662054855963,0.04828234641793634,-0.017865921738704434
1.3992776513976597,2.0318700653929045,-0.41020398386006957,-0.10869440938363446,-0.3652231702528977,-0.08204109668740386,-0.20825017498634552,0.010326605797981288
0.006553385250926639,0.15541512100870572,-1.061704724704185,-0.26534550661187883,-0.35870449577379965,-0.028998919505711873,-0.07308406271106181,-0.019235126121158623
-0.9088022577905164,0.7866793500354644,-0.4152082508966991,0.15354757209735334,-0.2852365032879708,-0.01509727193533122,0.025458865282061295,-0.0035618891897489873
-0.7608851700471504,0.015041655457704311,-0.7692756315163326,-0.17388471924509905,-0.16153453172703283,0.17438111200898956,-0.02928053773277747,0.007688992540750699
-1.5900260074965793,-1.4891562833577054,0.8129594685367187,-0.7232367114378554,-0.03337217670520967,0.19889800029364,1.004194697381802,0.0021504243041508457
-1.5474750057006592,-1.6597293573471867,0.2045626997617707,-0.6428341114511084,0.023207096978807937,0.18861490164161285,0.740928070178542,0.0033176899672437052
-0.973740531234211,-1.6395618420443243,-0.07462071880020198,-0.7937838035836505,-0.18936504885198702,0.19163387689760478,0.8974322994610343,0.005608631848853812
-0.47785152754262966,1.0167889380075201,-1.1072120809389288,0.17871610737411595,-0.15716428127813492,0.007371297929378603,0.04588527274010073,-0.002307017980142087
-1.3426615149774666,1.4794668816730672,-0.9495151240309888,0.5217950200318016,0.14713167145769462,-0.008641024855031453,0.08305621694781942,-0.0017003723454513775
0.4459662606136425,1.4298255148342263,-0.7076351767971909,-0.025447384586782588,-0.19660583409691315,0.047423023939096,-0.10106932424431947,0.005057513218900961
1.5062344648966088,1.4869640052037403,-0.30887779382990577,-0.4364004637106343,-0.163548971046414,0.08235696519260766,-0.2881320546231372,-0.01009812418545947
-1.2122292155700458,0.6756476528937272,-0.2436522924465117,0.11509697326491673,-0.0669762843446745,0.07242481996670015,0.030909255045324154,-0.0009223046970586678
-0.7342239335206314,1.1946375098214013,-0.5529400618617736,0.20986178143546053,-0.06397677204111878,0.0012913581846853142,0.03641931504356457,-0.004138656796783704
-1.860942932640253,1.7400143266278045,-0.6077632945507191,0.6690139617517873,0.3562707926687463,-0.014881940302889394,0.06072011976086509,-0.003211755375448153
-0.3553284483523889,0.4950292513123993,-0.5606247191413135,-0.20532950313644494,-0.011648289743859144,-0.11580924088726187,-0.04836211546497041,0.029537032596292003
-0.7887262492140137,1.316349871687426,-0.3560676496361147,0.1995066525616629,0.07426966420480158,0.1212789844240244,0.017185167118237303,0.01653859470371971
0.11406904397958581,1.5270806416124971,-0.5484415329240764,0.07128242244117616,-0.1167243907045784,-0.03657152966841318,-0.05611247482731566,-0.010231159189477621
-0.4650841546377827,0.6950015961282042,-0.8281655999754403,-0.008267676455768624,-0.12801364627919712,-0.02545548929366724,-0.0009215631479027165,-0.004630539310089235
-1.2601543231847552,1.6286060126402733,0.05030616647300265,0.4097489644571171,0.06995140488524948,-0.11327123466078118,0.08556493761637532,-0.011464017517593112
-0.5101839723533089,1.0847453570385093,-0.7313622800670423,0.1436327698483926,-0.13281032758976627,-0.0842988369160133,0.026375346616888017,-0.010847407734114923
0.08692421614794282,0.6681398485394976,-0.8851251989628466,-0.13363035535298423,-0.32460568306170745,-0.22855816049490277,-0.049577712235302655,-0.002926203664201816
0.10020335309735673,0.4288263621424733,-0.00019055368371267026,-0.23201272402216225,-0.6307194083551627,0.09045830805448883,0.7283899072546719,-0.005101146600850367
0.20923695808240128,0.2694748182599683,-0.49807544086886646,-0.2672970133084685,-0.6505181973927763,0.060967074930851295,0.29668683156293957,-0.0034787028314594037
-0.1229552446490303,0.747950681842504,0.15175352916499302,-0.05788580282869168,-0.5692928766289912,-0.05504590098019857,1.1127199479418768,0.007979896688374859
-0.10030327906288845,0.242251718885989,-0.7583019562364184,-0.216025467960919,-0.4606788646553577,0.06979858831987584,-0.09273753066716141,-0.01944690964643088
-0.7208083183611609,-0.5181999180403164,-0.4953872721103243,-0.4448311104653168,-0.154808839064512,0.12901560358619008,-0.09153096843824,0.005317218034886149
-0.8970194039459264,0.0895438138309575,-0.2746977677497548,-0.1870900691174863,-0.15273701127859876,0.1522844393242704,-0.05372947629899702,-0.0037311848485328536
-0.6514789309634862,-0.6416947949557857,-0.26548915855195987,-0.5497083851421336,-0.17313903354485993,0.2186906371365158,-0.14003161955454127,0.0009599156043904711
-0.4754461177567307,0.7910237574504967,-0.6923022905496422,0.047577263936034515,-0.25064314214645356,0.07294538288097363,-0.01557180925840892,0.0063072923426063425
-1.1852336212531156,1.1609113705506067,-0.8955034931062752,0.3846231387319858,0.007590697626755536,0.11585708349793603,0.11631536847525582,0.0035999246517360254
-0.5819429767845873,1.5293075342857916,-0.19930311397365313,0.203246721781395,0.018652630529544224,-0.006986639591912131,0.00011428726477256704,0.005287111679954156
-1.296715849400837,0.9391579553190272,0.6918699603368089,0.09531545389080665,-0.10003678538898021,-0.012407958752210579,-0.02637957827677057,-0.001257765875071317
-1.4178045549358314,1.2914494808791481,-0.36364057118214266,0.37597870718715787,0.15701988258797964,0.13924953848345895,0.09996551454694058,-0.004623825421880853
0.3707045583655908,-0.6310152994666327,-0.9613089799264409,0.8462667600731538,-0.062415676080324375,0.026228991700620104,0.143479019561921,-0.0005793196402075607
2.260423439350787,-0.9936981160971003,0.27607434172918793,1.3719350920893676,-0.36690351231760854,0.14020594625963484,0.08288338949196412,-0.000826950927184475
3.6525938661122983,-1.9421066732065677,-0.18933026174306583,1.5336798447693116,-0.5640677455792609,0.1630471178880087,-0.06136287965274759,0.09752641497313781
-2.616295649287174,-1.684997181964794,-0.02094822001447243,-0.4388987826296045,0.5765572327854077,0.1916318909592268,-0.5530978191555219,0.000721182346294
-2.7968517414093164,-1.6930106494008388,-0.5915063434357306,-0.46783936879404003,0.6614052549588042,0.23392528594549863,-0.2746387250550193,-0.002332968432822042
-1.7376160728212495,-1.5245044346235976,-0.32685996230304,-0.5515401996628507,0.02399447370038998,-0.060098483385677824,0.4916038572401081,0.021589070073038407
0.5756840483170622,0.13560876620783804,-1.5904097626927365,-0.33424553819590724,-0.48302642968027165,-0.04919188112218655,-0.09594774725612497,-0.019591627267678793
0.12299352764724895,1.9716691718502233,0.0168185731901535,-0.02299292681586448,0.4258908903781581,-0.04565376323693154,-0.0946768343936331,0.000635894391642759
-1.04296197427644,0.5085245123471116,-0.8175425606231154,0.07757060731343973,-0.02076451232634485,0.05474509104721581,0.05661710186477152,0.004486148093537127
-1.297057386611627,-0.6288790122087472,-0.1629433443719084,-0.3870295609153636,-0.04320288432041419,0.10142207952908275,-0.05133133456372729,0.010917620364923353
-0.1426938575383427,1.131218872864216,-0.9580899073690751,0.08954757574117275,-0.17001086134156906,-0.015374138564880938,-0.005636342553751176,-0.011067691916961803
-0.3712088821634747,0.8452727593541888,-0.44679644666396234,-0.021113288444325952,-0.21037499105597426,-0.019637165991998783,-0.042864055476757236,0.0071344101546051055
0.0017354553179995738,1.196608962948793,0.9146272329145096,-0.18328819893444773,-0.4029853932815614,-0.030854076055474525,-0.20633824810968904,-0.019801553664850043
-1.0897667892479457,-0.17031116203028882,0.5810700114903592,-0.38112582282872076,-0.12083270454310839,0.14156332186094428,-0.12986603218324255,-0.010293025248222698
-0.2846567215121109,-0.1332987247770783,-0.7788264580551864,-0.3276272042373855,-0.33191029615730394,0.08714120812076286,0.06340231169156105,0.006030387381815545
0.10779357979343612,-0.4189443026779763,-1.2005111620160336,-0.4719832599779633,-0.4467995990927144,0.08665459697336433,-0.12007592171514933,0.0065809747415369385
-0.15802581828744006,-0.008396400667909986,-0.16067689417700023,-0.46557899165512323,-0.24167345443939317,-0.09721604012446276,-0.1469904708467402,-0.0007175972073742665
-0.9848844124197321,-1.3632875447525166,-0.027248331971806556,-0.715679410033276,-0.18537011187718286,0.20295659917859968,0.5157890539795514,0.017894484008518112
-0.7860680581890831,-1.4961191109538252,-0.17159693668952605,-0.7809817265171775,-0.23056692135829113,0.2323365231230128,0.7237080095804465,0.017238035747426862
-2.4982690432241608,-0.321547597608399,0.3373087363439862,-0.05842387518843571,0.3029563480382204,0.026924726078700827,0.08634956821435337,0.009389470964042971
-2.23877512041268,-0.529462017527464,-0.023070459773321873,-0.14559797895709944,0.24215937035232465,0.040457222685470126,0.0736759346541052,0.016041072782163778
-1.9264062920508522,-0.758104736057608,-0.35764329880992324,-0.25601068564266916,0.15857486918566427,0.052728677961872236,0.049368602455899246,0.01361137245904603
-0.6044490879053948,0.2247805702105489,0.3802128394266033,-0.2867270063501979,-0.3420370981001686,0.031504868097458276,-0.1370438161060441,-0.023606860815047356
-1.4873740901037176,-0.9970619060026393,0.08970554216048356,-0.5646010355897677,0.13287120885930592,0.2000842217679806,-0.08648558552586268,-0.003923191084910082
-0.45738875596880585,1.0055452447426174,0.31933086460607263,-0.03727747037579335,-0.28866014204588897,-0.03715403705514882,-0.09518133615535135,0.011844718659851216
-0.471752811322117,0.3296762714953701,1.126142536582925,-0.4121665144367021,-0.2367648140129703,0.11023595637075027,0.39371307434188735,3.7716708572838454e-05
2.7083394877980655,-1.8878687171282142,0.5264898636030221,0.5516576533411419,-0.47334219332769994,0.17805979159630428,0.42541133284564403,-0.001047510030832923
-1.0213505688900968,0.8565079212038305,0.9613407108044946,-0.062398816291531566,-0.1419087716882871,0.008615423914197255,-0.09895754232321158,0.01619060704654029
-0.299172508877781,0.7707874917818737,-0.4681641717562548,-0.04807479845927654,-0.2834054241159457,-0.022296540597267392,-0.053868749066096004,-0.02630375216730709
-0.6751171970619716,0.745435374484098,-0.5010543762005887,0.03323681507926035,-0.15259487537531088,0.0295716300344784,-0.007084921005576391,-0.012176976381885377
-0.7238141037733782,1.4412751793997034,0.08446529894312725,0.19854337127449234,-0.08222048743865616,-0.04802962177928316,-0.008842232326445282,-0.016606195174371025
-0.6477130850237013,-0.11901172826596805,-0.7225580410312022,-0.256794910190557,-0.21226572571905172,0.08167569790208488,-0.0479940791049321,0.004118425899323634
-0.2489344740453522,0.42163910589530473,-0.22614378856380696,-0.22238739198598553,-0.3491647953282844,0.010013427973246232,-0.10981455503325536,-0.010460883179500257
0.9203408599874809,1.1360159864794905,0.44871925459737505,-0.7968898429506812,1.743686856778883,-0.16274948595941172,-0.4609282306519103,0.006543018913171919
1.6657043528298494,0.8845206588649607,0.7312850497717955,-1.3556022812850073,1.365323908913133,-0.11922403940640477,-0.10902676741882963,0.004616243983212346
3.965690271296851,-0.8246056495213945,-0.218887478336576,-0.9643958127343165,1.134938876916394,-0.05189899596135815,0.2471449781642941,0.00878178023410709
-2.553913575539928,-3.1579763680157096,0.08848491194798236,0.21590958481642533,0.2993272493727827,-0.13838062885640434,-0.01438102298106775,-0.035759049422368586
0.687181429517867,-0.029768076164509313,-0.1942790969031772,-0.6004460615230797,-0.727382154644088,0.011052527111909608,-0.2662034749134096,0.003940312937244046
-0.9059868584459956,0.8067754051820915,0.034100603013067075,0.041261768927575236,-0.14927809744900267,0.0015784678795433085,-0.023095174814333805,0.004211472064360752
-0.029434741660577534,0.2473989345043412,0.10113927116110855,-0.3661111342676815,-0.5240192300263427,0.000956026911274317,-0.18063892122866368,0.008030251584605285
-0.6807206998269931,-0.2939335584565936,-0.30321908162720346,-0.37651816008944916,-0.24358737207581138,0.06784098991305261,-0.09490494693308953,-0.004493957846625727
-0.6511412528636491,0.7756186781458327,0.680739752307683,-0.11003865413946286,-0.3347818908591186,-0.01695651000054725,-0.12059176521666341,0.020999899226009245
-0.7299857279182804,0.9075476453034051,0.3991215370025696,-0.0027007745240240455,-0.2733935370052333,-0.017128579512604086,-0.07354267782014234,-0.008173581862763813
-0.958197186722201,-0.07690033138412299,-0.5633712477778441,-0.19994391544064935,-0.09518767288007979,0.09846681168769256,-0.021436983136931792,-0.012348883422381756
-0.9349543186172306,-0.03857153958917808,-0.4986997696786945,-0.19862767855879013,-0.11198155029105525,0.11286313055489197,-0.030166791028285157,0.01477770137616521
-2.0645575972102295,-1.6407967393831213,0.1545011971090246,-0.7172314020988361,0.40351484814214184,0.3107303889028655,-0.06915267814690833,0.005854489840463091
-0.12455590676659287,0.2223338877234188,-0.6393889962699421,-0.26140325096086603,-0.3795113205859789,0.02645043916545521,-0.10008440943178065,-0.011296471073412796
-0.8434587395102816,0.20914370705298815,0.4636444654423243,-0.1444153151944188,-0.13658384525808795,0.10318454769790934,0.2089655437596322,0.004010217363971619
-0.8630590978802618,-0.02200694267371401,-0.25792688338320413,0.25389395650823265,0.070572431653719,0.10240100941027272,0.028455056093719237,0.0047512201145170525
-1.144382927013172,0.7410969453738718,0.09884977370110165,0.05703908492319284,-0.060881120142080705,0.03407761112569926,-0.005378394214502832,-0.006963578331890066
-1.0361086236866535,0.7109006658718288,0.1036747665455529,0.02602927255859174,-0.11872393687730211,0.020756547310495393,-0.020465898071938143,0.003336459289756067
-0.831529227347785,-0.03997551423158195,-0.3844324792389128,-0.22426449043120236,-0.20708083810741268,0.05476538067254654,-0.04878679882760327,-0.012980571551813456
-0.27162167931398595,0.544799003482962,-0.5826745991493891,-0.13426709693603506,-0.2561138112829173,-0.019832628353301136,-0.06096426118462696,-0.028959871674667643
-0.9023385161123216,0.6820274934252207,-0.20644214051548757,0.034682002227632854,-0.15544992237515864,0.028099055618347444,-0.009708347707195149,-0.015724703373479487
-0.7799757504486678,0.7379997039134417,-0.30496403039482095,0.03879683109204225,-0.1760981075798984,-0.0023003938758090754,-0.009766603246777472,-0.04434282968697049
-0.08327015985121652,0.3661744006653059,-0.5649507159844911,-0.23975432218145462,-0.3537011930778083,0.04858880318382589,-0.10713500099656127,-0.02307366783584191
-0.8785373292950162,-0.3884563781116858,-0.4680199307459536,-0.3362438081252451,-0.18722005115848928,0.10133129891844253,-0.06106496045009359,-0.07447010281059024
-1.7850999251109627,0.8215901706305663,0.39835899335786584,0.20290991660902316,0.09582273130680596,0.025853745309107806,0.05726017444867444,0.01767022639358963
-0.8746793597645303,0.7406221186827351,-0.49023991719937604,0.06671846736947451,-0.05654210778079926,0.06874906372072774,0.013644221101843093,-0.01597102086371538
-0.2169846025962976,0.5934539721991027,0.05955322205465458,0.10307244284913447,-0.2704977573563573,-0.1164660553266905,0.41421461997781783,0.008510669131114531
-0.04907639463371288,0.538440091144782,-0.07400856089642706,-0.2104931277463554,-0.41254505264898805,-0.097447725997814,0.5211626631157364,0.008308568453473823
0.7569880764137241,0.470278849323255,-0.25471460371711835,-0.3754886507632624,-0.6307691496990698,-0.05922665943417552,0.9555826704415936,0.0042136137813929084
-0.19600256493854365,1.075687637806121,0.5876655429095109,-0.004127502329420919,-0.3677784070966159,-0.0037497523799025793,1.717402897275581,-0.008492295404443684
-1.6455203812659975,-0.8130351347928607,0.20951356805526106,-0.4843373629253688,0.21065563134026505,0.23627564569615794,-0.06998302094273987,-0.005844067532793932
-0.07600395807926862,0.3925186201376507,-0.9278789596154039,-0.17809140958046119,-0.32605655495092795,0.01698435774601164,-0.06584385291911535,-0.01084700600599867
-0.2947313197219716,0.3118343333882966,-0.19455723467635258,-0.2476678398673612,-0.3743092042098729,0.0066894729585202095,-0.11353739123660861,-0.03132731573903648
-1.0077917882705696,0.6607935800521868,-0.17733686055473494,0.032735733288364446,-0.07766526073630892,0.04580486881526826,-0.001959029269558175,0.016771665472519817
0.577688563358006,0.8813998413170683,-0.5887967270216498,-0.22634211556685904,-0.44873357926608415,-0.018521681569875596,-0.15388890136891772,0.015832537101135982
-1.1282987946124032,0.9513194605818109,0.3916380721113119,0.0916377187840475,-0.0876077855347228,0.01929780691464414,-0.021754761337237246,0.007683281659163811
-1.2575703266320581,0.979626254467182,0.498394981868854,0.12104373479708501,-0.06674081246943948,-0.009419087569225758,-0.010088956186001112,0.025759526968693318
-0.862086494499292,0.4942463939587069,-0.4237359485338828,-0.01257300818331879,-0.16257146734694009,0.017856165483025977,-0.003899762873721538,0.008132117510204581
-0.8870017810921476,1.0759509811137615,0.07113668257282287,0.13321663605720266,-0.1481807394658475,-0.02605398486862362,-0.009574313834886139,0.00726479311450141
-0.8375376517266498,0.14201580023999963,-0.5215173001225618,-0.14838456451256074,-0.13943286943517652,0.09873601790995437,-0.02854327614487414,-0.0070046408233025255
-1.9459688557963908,0.7247300358108971,-0.4963464887215672,0.2994085149443441,0.31866475924227694,-0.12726275298854917,0.11283913852334393,-0.0016042055898315703
-0.9583161792846427,1.0205861115428232,-1.0306468705482996,0.34986887564117386,-0.16501037809605779,0.053060210477321526,0.41923041379565806,-0.018930648496296495
-0.5626279247797302,0.8582278941721581,-0.9030990880520028,0.1663850388916629,-0.35249827487576685,0.008891928710481634,-0.036015818489364804,-0.018074612509582904
-0.27327990434472726,1.1894470549189737,0.2504305798287914,-0.02642173022564511,-0.2526221396421603,-0.0375949414118881,-0.10376223126843036,-0.006395048720044826
0.2882076641997034,0.030335980020728886,-0.9862083868299816,-0.3759229796793706,-0.5050840124824225,0.04616557963878862,-0.13388605913248572,-0.00987512616696365
-1.046750634615078,1.3081466897215848,0.1477074638357126,0.23924036587611747,-0.06759230571170081,-0.03324738886307506,0.01913082653767674,0.0019665662185337613
-0.09042293257472221,0.81510777088107,-0.6181628032398928,-0.07480893153736787,-0.2830787920185656,0.004831831689313239,-0.06768828771253606,-0.009147270556795635
-0.8349394388934094,0.3750656059015999,-0.5251224853267255,-0.050377823709527106,-0.16348261636990924,0.04504416598861426,-0.007639746728026469,0.003928637651279359
-0.2644150064519278,-0.09366471181226269,-0.2025982721744904,-0.43925906991037533,-0.2724576996645214,0.28632595643083425,-0.07587920485373882,-0.014675885882119965
-1.3907555393477224,0.2962986357311275,-0.9360327611167999,0.06945529686256419,0.24110305300044807,0.3325358819787357,0.36365990260738446,-0.014301525531137277
0.3003425466347781,1.18505692111445,-0.5339471169801465,-0.07509413772030342,-0.28507226597331964,-0.031047683918236976,-0.10373445154850904,-0.02681327237590241
-0.6389229639511181,0.6108692419540491,-0.4924517617945793,-0.019725640642844097,-0.1954155536138791,0.01768894259977802,-0.020016760882316673,0.00980847680225073
-1.6833716539955612,0.6416149535850165,-0.22096907612996497,0.17900209762026092,0.1803497989042612,0.03362746261662834,0.09267485423786065,0.003160912080075482
0.04669692604486549,-0.33540569171779366,-1.0189325853977347,-0.5022415724721752,-0.2777286557290135,0.12399975605701268,-0.13114352737062096,-0.0010764504245385365
-0.8128298103625174,-0.08072971530692956,-0.24254995672740662,-0.2790126714035961,-0.1801811015851354,0.08936643668623422,-0.07238592415548317,-0.008291274241926664
0.6787915422219439,1.1478559891723343,1.7543234133086352,-0.6008896329609476,-0.28002982865491854,0.11451634842288072,-0.24669713455788964,0.03551445811974734
-0.8221130112080214,1.1899616193003728,-0.543252264507373,0.16837629504538912,0.16394301216610416,-0.13911958823486956,0.11601457744798306,-0.007600125382645136
-0.6370823363505654,1.0373130740072722,-0.5656609872795548,0.34017922578877974,0.18832318088339123,-0.14887384087250724,-0.004657817096739369,-0.007295237089830371
-0.5635983291413416,1.0280892348110282,-0.6893090719957639,0.0793599072990563,0.08022074411495034,-0.14350574964020676,-0.008239666403992488,-0.007362168441521404
-0.5767137414967041,-0.08908227426791229,-0.4542722847508961,-0.2896564062362528,-0.29482475882368864,0.031930895826256446,-0.07672666082606429,0.0050227061030975245
-1.4812674171172346,0.34312688472947295,-0.12710425302048112,0.017306625833040292,0.05624515229148057,0.11557282069062651,0.029215888545509574,-0.015141114045255664
-0.41054976801935655,1.0209194150359242,-0.7731916589578407,0.10082700874330616,-0.15912298027319993,-0.047838549787607015,0.009241488251466728,-0.00504228813997132
-0.26674899489826187,0.5976511765139605,-0.6643645513319157,-0.09364950941862955,-0.28021930108424614,0.0057409116656861395,-0.05231660913668757,0.0357732806304216
1.0663076429460576,-0.06294382029483975,-0.6785780741186181,-0.6400157361768481,-0.782126923442479,0.00725767601058936,-0.2700213032134304,0.035317830556553687
-1.2344026915233677,1.0590711306435914,-0.7353071777409222,0.30729797429936745,0.0924936444850532,0.0076254361113929706,0.11271834071978595,0.036017878725960316
-0.1888865193018653,0.6211229057177907,-0.7747048493487473,-0.0826877914926701,-0.30934167150518355,-0.020385896762001088,-0.04757141114502786,0.003838950975701291
-1.6618647828822253,0.835321076988481,-0.25646395090013213,0.2636227473974833,0.14779075489257415,0.03611166740803127,0.1059135327115491,-0.00221125151313967
-2.2969049568216766,1.0554955988906232,-0.6866654966747463,0.5382097813849995,0.41613611896402625,0.026176675458459038,0.0061768506328614995,-0.0012177280448884202
0.20532859142992252,0.9616044499091767,-0.6066725701605967,-0.1034471964223706,-0.3323258931685274,-0.06119086870306301,-0.09158625987461,-0.0031504884926924
-2.9536069720001596,1.1149345104369555,-0.00417560346575054,0.6160029674793575,0.5724236924384091,0.03700470865324341,0.036266874860980895,0.003162055790311547
-0.41402840255030554,-0.25266814227713774,-0.7195178536014473,-0.3862957510266049,-0.21862486285583094,-0.08705479536207293,-0.0711257714091829,0.005778030669006504
-0.4984414890462442,0.8877120288698761,0.1781673067372477,-0.0442560526393642,-0.29205780144994403,-0.05028849263478754,-0.0807076069748697,0.006850639789901932
-0.390038583008653,1.1600970761170268,0.05273974267919426,0.016101027520823822,-0.19053805494038828,-0.0302290731672779,-0.06953767397410653,-0.014498645851606642
-0.7293688647517202,-2.182883209566579,-0.5278185705850605,0.5928044015866468,0.6954090092607546,0.3395083585494934,-0.18612242450092156,-0.011156096186506594
-0.20064524470846876,1.096091298110599,0.22113840013758576,-0.07636897457208962,-0.27090918054999985,-0.0005464754296835097,-0.1205489476286401,-0.012517983557263796
0.7707036386822003,0.25938031719346355,-1.385423228011428,-0.3893108713512511,-0.4723110989759498,0.05868150011893599,-0.14729895060443998,-0.01198189360194882
-1.4518542982364022,1.279926795718925,-0.07609981079047462,0.34124172457700025,0.13022986721287155,0.0018161853330038518,0.08992485606565512,-0.005347910084569053
-0.9691466833076214,0.9715485486278377,0.24798757951911718,0.08488651831924357,-0.1328765256559008,-0.002235265185118713,-0.025171937018381833,-0.01551366337081054
-0.5721831422264045,0.6043129352535525,-0.6171353605713027,-0.018969797328306448,-0.20901997177607057,0.01743328340451597,-0.016725833415874983,0.004556891101180847
-0.9216644313570543,0.11175659766488868,-0.37290750613053886,-0.1514924168965026,-0.15973274269815393,0.05600945250181245,-0.02902151359764896,-0.023462092950256995
-1.6227619609283233,-0.42510606893222586,-0.3641521933962113,-0.230615227660871,0.1737087225512473,0.17683324035667905,0.016642854341765923,0.011162197518827476
-0.6813259229757674,0.742064918485139,-0.3696192370974278,0.024533186031619095,-0.19562363056096346,-0.011715338342432765,-0.015190968938415225,0.014046284596890559
0.3883075006914401,0.05996157418953593,-1.064072505649702,-0.37746503048238705,-0.5281168814110501,0.01424281507008696,-0.13471019782181068,0.014135337631515326
0.11141033759414816,0.5079577203625509,-1.0878690759727985,-0.11785736274899948,-0.48851009966880715,0.06159461688783424,-0.07064607056170036,0.0015781435156581923
-3.3052943132065757,-1.2127959683709337,0.5715746557029697,-0.2991663032174694,0.7020259594931931,0.2571655927992612,0.08902168824988985,-0.00016593606948830199
-0.8872355748611702,1.2379280392200565,0.13094863963036613,0.15489529189760498,-0.04659986374378602,-0.021024746720625265,-0.007283180133515478,-0.01872301226075326
-0.5165275404032068,1.2141792531569011,0.08476671959085795,0.07195543605557281,-0.183969003347569,-0.015294074705110492,-0.05500792903917769,-0.014571280884075772
-1.5348405680315569,1.742865731264527,0.20377250762082366,0.48360364267721173,0.18839477656333248,-0.0202416428591459,0.10376937341499388,-0.014244475888375472
-0.1082011627269563,0.8813496751145191,-0.027215335066178254,-0.046666246028432924,-0.6008490857085904,-0.051259874807094805,-0.11101440999363581,-0.0008743490225637982
-1.8394490180733865,-0.21423383550677375,-0.10667648433322563,-0.025953619331669616,-0.03476642715378065,0.028453035850957965,0.546155069495838,-0.002321190610168806
-2.077840314443314,-0.32411616022787576,-1.1155967879783055,0.1349543412102176,0.17523780619612522,0.09075342470483909,0.9141284038058552,-0.0023646534270747943
-1.156451661804343,-0.5978717376281316,-0.32160459999701757,-0.29790291038982125,-0.2759799243906711,0.02813589220416666,0.36866322119381145,-0.00025188301638803877
-0.36008711509567737,-1.1707210792512193,-1.1069929253003175,-0.5659707257879814,-0.4663424175905024,0.10441082746703555,0.752135483719316,-0.0026550075201699783
-0.13173128964886763,-1.3806484584276328,-1.5403599444851412,-0.6339627272758698,-0.5033968344451507,0.12763896670146307,0.8199966305709234,-0.0032340797254097964
-0.031623522429186895,1.1736608332266958,-0.30202698712929815,-0.015880970828046754,-0.26084779172175465,-0.036927610155953645,-0.08173351847020006,-0.03415760014750795
-2.0086933901103863,-0.17856919580760153,0.5695241240641072,-0.19923607348050804,0.28204365542532284,0.1955144055213886,-0.013256096086688596,-0.033280537953178965
-1.6717914416861013,-1.0957964055938374,-0.1715631381710627,-0.5289808704607553,0.23843424726399154,0.2515659142341549,-0.047744738489913736,-0.002657739637984315
-0.7657655372560273,0.38793525799164474,-0.05113091037852514,-0.12734718320131813,-0.23688201552339136,0.033932180985245794,-0.06231962721371024,0.020256974521354533
-0.3104803624898324,1.097065341830973,-0.6707174590385088,0.0823143530708744,-0.16862152655148557,-0.07020435023448214,-0.007784786380193987,-0.018054200316657373
-0.8598500738655381,0.9354486953991822,-0.464084594633401,0.15075537468064887,-0.11249248448299451,0.10090845721037316,0.01875988081270359,0.026029498866616933
-1.6150422613718662,1.2314616368945652,-0.8128521737762405,0.47537381259729244,0.20168349772205071,0.10203855957144249,0.06662176828615521,0.02684154631474003
-0.5305472030233591,0.7770988439666175,-0.5826161359132825,0.008308154986111645,-0.14383562600982575,-0.03071582176273813,-0.01110484467733373,-0.03331175189516617
0.7429362768664993,1.2321850339861506,-0.7949096917468707,-0.15460005738566937,-0.30225189188715346,-0.03215593399485342,-0.1355272159963886,-0.05340998819220152
-1.4180678110394613,0.6200319959539208,-0.6412263392973254,0.19145014750869657,0.06046875063122164,0.13559258235224292,0.08785162317038239,5.5432438503419306e-05
0.9382718600737439,-0.5424649953760121,1.234497181746396,2.1095326065681848,0.19264459540734974,0.10775756578054131,0.05578300283946991,-0.04211245780189119
0.6243379535622415,0.04828381804251,-1.3962809847825794,-0.4094826751080012,-0.5100221728963312,0.019835761788363028,-0.13590943866366786,-0.018676327023312043
0.12675703402478133,1.2529646860728065,-0.6193350915396135,-0.018203979985326177,-0.14690954163370618,0.04637121275259001,-0.07644437553266693,-0.011854265071469609
-0.5723150014672995,0.028299849160690557,-0.8540259949891017,-0.2104406156603667,-0.18365648978157859,0.15625713852080644,-0.043671980567185346,0.006834595197106767
-0.8859483128295274,1.0774190613554384,-0.688736822854232,0.19382496282685058,0.07831417771851001,-0.110423544653586,0.07317483168190321,-0.002090264066029779
-0.22284652540120375,0.735190576196063,-0.8440853372626365,-0.0986828929974157,-0.040095227165179374,-0.21120166593926198,-0.01216458838393707,-2.5777552785202233e-05
-0.8849827494232411,1.3411377852864081,-0.35881404916633486,0.2457570115766215,0.057463660289332294,-0.23100361533734617,0.06907229607063801,-0.015199982513239608
0.30809662031107793,1.3326249909182417,-0.8733631030882809,-0.05512775875829967,0.01907423743483011,0.10302938807696249,-0.07894311410658784,0.024094534583079023
-0.4194331830783236,-0.08347500792826668,0.1164911920611391,-0.41225523262392355,-0.3783319996523176,0.07861265358242567,-0.15985827376051212,0.0032500559496027137
1.1573013320044512,1.7819937330648912,-0.3702349877050795,-0.39090679438244114,0.4745770862799551,0.12773265101570125,-0.2290662483102299,-0.05333041719072985
-1.2643502522198344,0.5539726234212582,-0.31071617850120203,0.0460765672438848,0.09539262282597663,-0.0318967960060457,0.04641162945141974,0.035056008029062016
-0.38001905262218094,1.172766240287792,-0.4654387402816642,0.02366977246474235,0.078986586053348,0.014180800733673128,-0.026455084050848378,-0.011767166642342158
-0.363445421373626,0.4821783834330424,-0.6648866491217121,-0.11396092295947176,-0.2541582588499347,0.12352039909236875,-0.05903528981982882,-0.0008613754201422222
-0.7936478346688285,0.9150005601429504,-0.5987639579252594,0.0755541761354366,0.10689925160966512,-0.02299715408896435,0.03157526610319629,0.007857677711327993
-0.09764287711031829,2.1158452269161008,-0.08623474328235518,0.23853697165136484,0.05790328670336889,-0.04766224003834965,-0.038048849466983684,-0.020946950801913132
1.8559108206631094,-0.4780414913619971,1.4078352861461108,0.8347280397297889,1.3038449303682313,-0.3208854971602641,-0.025262700709672393,0.03124697651059137
-0.021643444325856045,2.4035577857333195,0.08601629084577883,0.2889282075156995,0.08036960291567323,-0.060680944943257015,-0.045743382598221825,-0.017677847738352112
-0.8753721324924812,1.603890187071073,-0.11316241615969985,0.31801087741030803,0.010396780698719296,-0.07715655523583692,0.04416320707412068,0.005109598373076281
-0.7914342852102211,0.49561909140744365,-0.6848135293463118,0.01240290790310781,-0.1731808919485343,-0.006016061385619623,0.015736624270398663,-0.03493547435495112
-0.9208550820466301,0.9960652486207697,-1.3044296114998022,0.2992725460594638,0.008549720498228918,-0.06776414184565076,0.09903555196699604,-0.017700834403336585
0.4334804982179856,0.8041790339593521,-0.4674530118908703,-0.35408960897259184,-0.047045563842826925,-0.24941568494962757,-0.1336318886916363,-0.026090889723062366
-0.20681216058373866,0.6333231424459712,-0.37889034505097197,-0.13863027284891644,-0.31173719568703273,0.12099023611252316,-0.09747850687683196,0.0013280533257495424
-0.3552269218041711,0.49187713045229065,-0.91516685547829,-0.035074494626440585,-0.3688129080611671,-0.03849262844322538,-0.015695274484412696,-0.032433251526314065
-1.1020685177214815,1.9661601777617121,-0.30474825394163524,0.6578449746134093,0.41914025621732154,-0.007420413189398994,0.08004331731196608,9.392371272416395e-05
-0.3414367461252916,1.6113422500979964,-0.269983228547941,0.2897781398631012,0.1034665329410698,-0.015537088981172047,-0.12015220228819039,-0.0013270027260157654
-0.5086542020086561,1.588434408278183,-0.770683372985602,0.3550257594355228,0.21773331033344806,0.02609038006071559,0.1724722896838698,-0.005207767707719333
2.9846512445846396,-0.35161967119119314,-0.03907144062258629,0.6133046673288024,-0.4728116227975764,-0.0107532141509545,-0.31483660203279085,-0.0013382099773841948
-0.6996347441121245,1.4049756102444333,0.29273283905222347,0.06274305255727605,0.1684347271923049,-0.13375137163457482,-0.030402960744680983,0.00034509906934274446
-0.6011833887278909,0.27744882033462676,-0.6483440723419631,-0.11803823495949153,-0.25236303247912256,0.054143832050242424,-0.033574655847277465,-0.019327081175224973
-1.1157543321510286,0.7864040665938928,0.11410461572431227,0.06626841472355066,-0.07173137915677782,0.13547850907576378,-0.01809895563787373,-0.003872749212527477
-0.5746168361595864,0.7834269995644921,-0.7433503896983109,-0.031002105843426293,0.1286406011778553,-0.03608344576611424,0.008501476851489498,0.006112422533018036
-2.4437321167607395,1.7704239647590847,-0.46622500395702515,0.7099421514077867,0.7859745272916779,-0.0793907643858222,-0.010851656651570682,0.00729914467442756
-0.5307767149316965,0.8859233649947843,-0.7001694749682436,0.04817109037930601,-0.06949542449813563,-0.03083214115744018,0.007086393694654307,0.013585001245962042
0.31840174239164887,0.8512664916729469,-1.0790036911065657,-0.1132158896222911,-0.29964222946632924,-0.025834090883914605,-0.07199839862852958,-0.014310558488976307
-1.5812487718031965,0.7685938609669748,0.9247712095744759,0.061819674204637576,-0.02831709198433097,0.017283640365978112,-0.025306670814062043,0.01454517950082614
-1.3146125822466688,0.9915246616460534,-0.5433285274085977,0.2454888468016258,0.18963374771019473,0.22775702196549824,0.07528100121527655,0.0061272054221796005
-0.007178246429746661,0.5121452329164362,-0.47081251400176477,-0.21065321652838626,-0.39824410432004154,-0.001383511071938785,-0.10983843428081361,0.022889545216068893
-2.8275999716038758,-0.46121290814278204,0.7208951832202781,-0.16643785795218272,0.6219262218450629,0.2561631630769086,0.056187127751049344,-0.02181152744093881
-1.0025878197133706,-0.3511082062764223,-0.34316212611718766,-0.34092822175593673,-0.05914910390834678,0.16920263451731582,-0.0632455129639519,-0.006309968994448219
-0.275993989012712,0.7425042676165671,-0.5480697791466019,-0.015417432629770111,-0.4049200575852973,0.024253301710783236,-0.053789392544942624,0.0008618818709083683
-1.3194794022794882,-0.3172311826002837,0.015338360697672195,-0.30015817522113925,-0.0051027478220013614,0.13056673291963153,-0.05011735403136845,-0.01421668572460115
-1.505034301946271,-0.550390944250808,0.43941850866442805,-0.4326429521716278,0.09455345949826799,0.17836683203220607,-0.08854488390700699,0.011815301095562244
-1.0151225330816287,-0.3737507904072006,-0.5702935446962856,-0.31021664549606215,-0.04722310769891448,0.16444679485940106,-0.039466901460818785,0.003749183270744442
-1.2059645207689051,0.39660772152782237,0.14092508205937807,-0.0581575903764698,-0.0798566248035028,0.053823154974725854,-0.024459238089290507,0.015138868377722433
-1.0717610244123899,1.185227365015155,0.32229715711038853,0.16057775782293923,-0.038143914655343024,-0.01623736623308436,-0.004821212542447674,0.01424964936252835
-0.995095026996006,-0.30604085320657715,-0.2779526831623213,-0.3261990282472845,-0.09450962428169819,0.1459352231969522,-0.06501216215286693,0.0022752858460240426
-0.8776772598419702,1.1526615292292421,-0.05404440257186722,0.16409930288607236,-0.09171701101840948,-0.04116196624680872,0.007806488967898239,0.003411084744307787
0.11618890560866636,-0.15802660225010323,-0.30750449977064587,-0.5226603518091947,-0.45877151090010526,0.10832917644185588,-0.1973394274002457,0.006043229935598132
-0.9648553176351307,0.3157561659605478,-0.06815425428826316,-0.1000760663587299,-0.19125168922047858,0.04380433509535271,-0.03925611844361327,0.00024264789784205173
-0.19117114668208643,1.3555579011223735,0.5452264873510922,-0.03994168651432429,-0.2513706846872206,-0.008069115188617007,-0.1369336860659585,0.0029851055459154314
-0.7040371901474923,0.07437332687484896,-0.2708314378567917,-0.2047426899200496,-0.3266314873175808,0.08901463664456151,-0.0727222418754823,0.001760592913258688
-0.9816650365309845,0.8810748906146262,0.14582130443340896,0.06155550965707881,-0.10108657072929764,0.018878618750386298,-0.021700449026105188,-0.006517526329340044
-0.2536976126552564,0.22579585419873607,-0.9062873373216965,-0.18849175555498948,-0.32244481422504084,0.03971759086156984,-0.056269705699979466,-0.005001998921347437
-0.586710950223446,0.42752703777141055,1.0794905025245771,-0.31081946456381554,-0.4164524164514953,0.0054442731602925894,-0.1939443508503084,0.0049681506720402665
-2.6300967446242693,-0.6589683950251691,0.48436535285490545,-0.2051476998775496,0.41394019760467593,0.15686892973041433,0.05387027149952567,-0.002108306054486272
-1.7380899005392765,0.2747980020342401,0.5228138200015464,-0.04923085479436967,0.10143102684651084,0.09091688631862592,-0.003387739347210167,0.012128457441866686
-1.9624583102126842,-1.898456634293673,0.4433555901758685,-0.8521901896663027,0.2427089536642787,0.2545770984261432,-0.1207390917081547,0.002519215517660934
-0.2429523516654458,0.7621463890123878,0.5461543776809081,-0.20792534422468983,-0.40211495983253753,-0.008650165016374384,-0.1648725759946554,-0.011884794259720263
-0.3726575719669523,0.4968880865803572,0.5041451135569625,-0.26572903764772365,-0.3861636668861565,0.02251680879868845,-0.16334615434053032,0.009432508887628081
-0.7185552273539636,0.2303948889749984,-0.15449343991520262,-0.17574568623383935,-0.2733239079234003,0.005948892553101525,-0.06497613380759965,-0.008636901910602734
-0.49968442446397204,1.0033305624335822,-0.025357644197723406,0.5714646436116129,0.2558449060677152,-0.10171315809595158,0.05408489553230461,-0.0005384487245773951
-0.9743770772218658,0.9799825305142843,-1.1282691764486021,0.8784543700621487,0.5635821417729483,-0.07438218220248269,0.10651129404326527,0.0005480645670641878
2.6916139705926505,-0.6931921586603953,-0.487876376282426,-0.6302178880179875,-0.8600700318603671,-0.06464230859361622,-0.25853436268012936,-0.0018036569089170534
3.4487346182373804,-1.6002643649155208,-1.390307807953723,0.5589920272349734,-0.4973748332184415,-0.06475085851013665,-0.5709381803967144,0.003824491644880967
-0.8783165718093244,1.3060666323031818,0.03418171206794116,0.18181349823641402,-0.0030434064831064756,0.005054847901654957,0.002499896408152982,-0.009559885693273049
-0.6282742338473212,-0.38206154912223544,-0.3845805079154155,-0.41396537722517784,-0.2448909875656587,0.10252487603468918,-0.10328626029542809,0.009489813530869931
0.07608829271531406,0.26122274366419196,0.5756190128982835,-0.44654584150915877,-0.6249594185802722,-0.022010463599123325,-0.23960592239022546,0.01262830930854814
-1.398269847897473,1.1092431448593099,0.09263856589236961,0.26340446715597154,0.014092360011115959,-0.033309569310884815,0.05991350183197411,-0.005907087671711147
-0.8197741374820948,0.4838287891107446,0.20395495316984136,-0.10348317019246422,-0.27735077459893953,-0.020778358764122245,-0.06960038225284669,-0.025920061911621113
-0.04342686612198014,1.4006412981340244,1.7131664020828268,-0.20975039211649568,-0.45540715922579456,-0.06504087085500776,-0.2641265023342855,-0.027558621115588388
-0.7313145006050726,-0.5100167652999912,-0.09107193815645645,-0.49271632986986774,-0.20286840807452355,0.13487843352350007,-0.12957760511572455,-0.004128547134024034
-0.04249854853119207,0.7704338424755154,1.3319834896206877,-0.34409208874298486,-0.6058348449090876,-0.05050387296611475,-0.26480870064603346,-0.023068240452733636
-0.4426165128838718,0.2209666649913281,-0.48836439976804125,-0.2001416542022642,-0.3190951789978824,0.020292629085224508,-0.07075229608485484,-0.018663670842679798
-0.5939599936882903,0.009059403623132374,-0.3091700915445759,0.8626943456855396,0.05430832851434215,-0.3121125131533972,-0.026105290824273954,-0.05949816143821789
0.2415783927120259,-0.7211467343839502,-1.871063835327948,0.4748532638640506,-0.15076460620188706,-0.25421817353626713,-0.03616247259286063,-0.05704717677612122
0.12622443854283918,1.0102961810919449,0.47342831585138867,-0.23298123534188878,-0.3666065920558547,0.0015654452957758974,-0.19526106342850372,0.011861350610849176
-2.3145644803668373,-1.6662088853036492,0.24681170970898972,-0.6688653788467832,0.43424892063021503,0.3127899279406392,-0.04590759313270516,0.01323823004728613
-0.4225594919630613,0.13601911108994358,-0.4103565547788793,-0.2505602948754211,-0.3280511322480905,0.048177482217354586,-0.08966632555622518,0.007804820722842112
-0.059429207724935484,-0.6067139942287969,0.9759594718957799,-0.8113937493388964,-0.6160198352427971,0.061804224594893334,-0.3247465406108616,0.008526995922474877
-0.787049413258363,0.8016046785582334,-0.012670157950699697,0.02247823177273415,-0.19781791300491403,-0.007451446871664519,-0.03315741333310776,-0.004383073548171982
-0.5313881025870212,0.250061331335423,1.5424786374516815,-0.4591944677157596,-0.4779374511818238,0.013176191775635017,-0.2594255164416203,-0.01728291064639348
-0.16007444751897473,1.0748459345085464,0.7968164564909465,-0.15587902667815656,-0.4049008831392009,-0.04268596817100466,-0.17823678564719977,0.015912303673944674
-0.8193402795063921,0.6716112865603563,0.6189282095215657,-0.1003424989662961,-0.2807568779740423,0.004521674588427066,-0.10009984929446923,0.016682610011333268
-0.29828427276492125,0.37223605866005116,-0.1768315364445233,-0.2201607260419304,-0.3929368554818391,0.007497372001911695,-0.11072497199038699,0.008937733597330006
1.1800250633004632,1.5358957846795507,1.536874630835555,-0.6514432079217306,-0.10558959455228485,-0.057374260396541636,-0.5362661311992013,-0.010403361694133032
0.7317541675553859,-0.03052464293718834,-0.4838837038695607,-0.5744984067754324,-0.6992473348332992,0.026265952750329613,-0.24499893867506345,-0.0074597697075138615
-0.8239983891405205,0.26759475883681844,-0.12531175714712134,-0.1545768570144791,-0.19624436463295086,0.05445671893892301,-0.05683054053263192,0.003588707415095278
0.08516723560368057,0.16265115727122112,0.905390667172086,-0.5387575136054732,-0.6440448228967237,0.00935226686019504,-0.28327481059273774,-0.015096621378381365
0.3011513664937401,1.3889010136343278,0.9593373153591359,-0.1973048803567853,-0.4642582537389362,-0.07389815442376604,-0.23528218267089357,-0.03213136315141476
-1.042752374264861,0.9203452566105632,0.17221537880667448,0.08111891502932618,-0.06330770561691838,0.01376542672063584,-0.01316705455918164,0.00268310649752668
-1.578839703490604,-2.198851657110445,-0.6178341121559077,-0.9218420664602596,0.26451558792237523,0.32514229053090266,-0.09285971168339541,0.0058677006459314845
-2.139699868164608,0.4994038867031443,-0.042870955489070654,0.2254658324527388,0.24541282896120115,0.052339355320014845,0.1258317475072253,0.023833921009794087
-1.001435014134541,0.9883334545392313,0.33507477580572154,0.08793228842259192,-0.13522743236288434,-0.024269536650701876,-0.02604480334441702,0.010042282949457873
-0.8341614661744986,-0.19484663424352064,-0.21761188180170946,-0.3155650463093149,-0.19722838128703052,0.06259164862281609,-0.07640448863723306,0.007847222995002661
-1.2834915489200314,0.8566995646592412,-0.18097949490347048,0.1840716701185738,-0.019875493017613377,0.007527519749046058,0.051796393991238525,0.013719778541611745
-0.49815855096107386,-0.14084892998281975,-0.27360477972536107,-0.3572121502169393,-0.3270645998429828,0.05975292412737538,-0.11241215069963426,-0.029500717810684505
-0.5631033083643405,-0.1704368899778907,-0.21594599568343742,-0.3657844861603579,-0.2978484494454018,0.11142317359383587,-0.11688776499229203,-0.014225027759639311
0.5832711784482051,-0.9052980252472638,-0.9772478238305106,-0.7956401479571273,-0.6523101854276535,0.140075610494119,-0.24151431394235254,-0.01426222843851974
-0.7646929210141172,0.8543917326498618,-0.2171092120157129,0.06226092040444055,-0.17076545959271594,-0.04620613425065789,-0.008682609987355407,0.00596991000593722
0.4813735274450492,0.917344335052942,0.8811167066568576,-0.374353174783868,-0.6385433822279851,-0.055377126061892226,-0.28149210683979103,0.012078583245682438
-0.24905404815698026,0.8502295672688057,-0.01992751431896985,-0.09633629951697487,-0.3305387436423208,-0.00934215493187086,-0.1031103674083203,0.007322497741380809
-0.9622909508091623,0.008384212216907235,-0.03377934481191123,-0.24094509205102196,-0.14497360914380933,0.10449181486678598,-0.06950442536524538,-0.004688057558099426
-1.9066218073406038,0.3233275136809825,-0.2357234453594666,0.11990404006729888,0.2210451906977804,0.1899004287922271,0.08787166176564572,-0.0029703272221835125
-1.2158494519789254,0.6183222616448913,0.08354722485729726,0.05748450349719262,-0.1321920675938261,-0.02510228021871231,0.005927081570674764,0.015323174403319192
-0.010708095034754138,0.774889177956307,1.0756360894790624,-0.3135352716803377,-0.5910503673619334,-0.062499246308445056,-0.2421544997232104,-0.013825242704229997
-0.1412597167552511,0.6171676562864372,1.1275609025037516,-0.3469029986905963,-0.5694083949074563,-0.03012058888762277,-0.242327304855561,-0.0014222335787507823
-1.2783809768764027,0.1702575719006919,0.17075894390033208,-0.1396370031825857,-0.04002875697441481,0.08522758964530489,-0.03561139758626212,0.019290511243182918
-0.8475554343290986,1.1501439568183291,0.07098891546815454,0.1352964483170338,-0.10386720888924886,-0.0357256898691996,-0.009958149687883071,0.008523216034646628
0.4131399219357802,0.2151507766290074,-1.3360311099482254,-0.3070814184899148,-0.43512161548792444,0.01636680994174254,-0.10142737480223661,0.008505437097934882
-1.0795637980259514,0.65815233905355,0.4873354669955972,-0.03003587874409302,-0.17067950817352454,0.016524804873103528,-0.056823327210974994,0.016045991477775905
1.5216394253194083,-0.7695285649558512,1.0052138360617588,0.38899067667366183,-0.4967380923617971,0.17002097111841083,0.13252488152950573,0.00013305884207484784
1.2574285853415859,-1.3890610099731426,-1.0395521964950047,1.8962150137779343,0.2858351716362237,0.17045573394786848,-0.3064131333573881,0.0027255428625352234
-0.4276910210175887,0.10963501766512872,-0.34386435611445076,-0.25821642317261495,-0.3684332165632916,0.004521383903191449,-0.0913210736091761,-0.02010409174965078
-1.134183151076307,0.5742432413171883,0.07578238111966566,0.00972459133597034,-0.11714812636819548,0.007054019112393411,-0.011305778228444575,-0.013711581282170463
-0.7288256964326831,0.737658975375466,0.1981036748148101,-0.039013753625311585,-0.2602998278030293,-0.022665788373981935,-0.0651154856255676,0.006587403136079108
-0.9177541438176183,0.8497843429536529,0.5286428883432471,0.00564314151027945,-0.2424638000299867,-0.027188411687277838,-0.0647646141142461,0.022191573073617674
-1.2412453643932284,1.3862600167002792,-0.20007590548078752,0.19513067381174898,0.5774005227997827,-0.11372676857565012,0.08627744964202147,0.0009266121924397672
-2.375332555770243,-1.9311565802810027,0.2706426909475905,-0.7359893896047504,0.36869143138612004,0.27574189828512397,-0.0520241725881658,0.0051155054262643955
-3.6535029676250734,-1.1703693977218799,0.8566324352646395,-0.24266665124906456,0.7910109882599798,0.2534356930552296,0.10953041974524223,0.004539150450317696
-0.5098328404072611,0.1483359984328625,-0.48056448342997987,-0.22056733949259125,-0.2757475538014129,0.060820178553645424,-0.07133201787440924,0.019425339514281336
-0.9491648746336883,0.29934468993386476,0.35558690263680276,-0.1498478464615924,-0.30388823933782194,0.031237989265789832,-0.0824655809108741,-0.029741517970791675
-0.8630788513451625,0.01856411087651239,-0.08768865940481899,-0.26394647471085675,-0.1347166133328874,0.13089138594069658,-0.07990327606435235,0.013177218830738335
-1.2706982645314238,0.445661476687934,0.42177049727951366,-0.06753333625445834,-0.07348963288010177,0.07364603936099215,-0.04292708426575251,-0.008910432817979826
-1.9327780079398644,-1.9980704735645638,-0.3776699636032797,-0.7474119911669438,0.20208988268173048,0.227681477592097,-0.04444559981891058,-0.010507560128846287
-0.6391376020500572,-0.006013975649780388,-0.6134797247955716,-0.22224284083924792,-0.2516355452761164,0.05234281115184079,-0.04949432572849315,-0.005950387832919303
-0.48941683199363717,0.43752627569463737,-0.145004123684048,-0.15297505509944267,-0.3387292563061098,-0.0016233670012483926,-0.08310749652392714,0.011512643808531354
0.7542343576511111,0.9954324378980604,1.1802954411613777,-0.4457819952983351,-0.7042387119730084,0.1203789489683714,-0.037650643977513436,0.001818703727938973
-0.7887915897189577,0.6013529502967593,0.7388962607431466,-0.15723344216601068,-0.28543930914204824,0.020296554547718563,-0.12442120524626395,0.02071536615548559
-0.31218483876936887,1.3610361833018636,-0.14443006311165799,0.08446675229779953,-0.13251298128024971,-0.027042790703740653,-0.0495278402626253,-0.006425647605705193
-1.1953543114415632,-0.4061662583469683,0.2789552502001427,-0.42765628934391064,0.015368420243996773,0.21789806939027087,-0.10788227116556393,0.01016121248569373
-1.798874014485135,0.9190324060564072,-0.4077120579781988,0.3582481029829833,0.17836999519288096,0.11930999893208097,0.12414548957489613,0.005424365973344889
-1.0216763717226451,0.6043469764859475,-0.7536004576072722,0.09774147809955792,-0.024010549970815736,0.018684621776489954,0.057090208658670524,-0.016741804828691545
-0.665840783085944,0.9339399556913028,-0.5007588036785737,0.09128977476376028,-0.11259458576990532,0.016803024010183094,0.004194689749044314,0.0006353648517235086
-1.8561009715937065,0.8823438038192168,-0.5374927577010096,0.33198246429055855,0.3385058653484367,0.017055089848638474,0.09309986808081129,0.0009573790510004901
-0.08097595267787584,-0.4544029813132069,-0.04702434630677906,-0.6100605749610792,-0.4824289733429772,0.08295157262382627,-0.2129654157673403,-0.015781512712836766
-0.5934798968479968,1.1067048488959603,-0.24931952495994975,0.09365266506709935,-0.12052180299779983,-0.013759011577218396,-0.01710194627103378,-0.009520785249578056
-0.8459591102496995,-0.2644321043063709,-0.12932501860642667,-0.3508277020643985,-0.2072974764826819,0.0818101643955118,-0.09007888073146357,-0.06823572282273893
1.8714195367016375,-1.339455383134189,2.449515631608654,2.2517058874708376,0.20980549897496723,0.1680807541805231,0.5454432635162302,-0.0002703278763918148
-0.1942505437437167,1.2781548771263624,-0.23851989820711883,0.048979286595862384,-0.19798712861276516,-0.04702951420036695,-0.05848688159551223,-0.022397922260910794
-0.9759709184275067,1.6206566859276987,-0.43174268180970726,0.3801528862445297,0.11712605299291357,-0.04051664126622546,0.08642958917584334,-0.022015781133461077
-0.7366190861627597,0.15272195439143268,-0.4944241189469878,-0.15716179157386664,-0.22261339559533183,0.025816144287035526,-0.035447097394994805,0.0031423735770808284
-0.614537451771572,0.09152706706322715,-0.4128571742312114,-0.21681081604006075,-0.2842901074591663,0.03847357783925159,-0.06482837521370573,0.012358543322867078
-1.9625521523023397,-0.6006601602622063,0.09043876172859867,-0.3143924965036466,0.33853652136399776,0.23097707911372517,-0.0015850134680469039,-0.0064200493479222775
-0.5280179968167221,0.9309728952202247,-0.7523045040025922,0.09037374929009899,-0.12283550532705083,-0.000517498297081627,0.012398658050379194,-0.011785636514479912
-2.138662849551879,0.6281047641630485,0.48021113467085047,0.18252978930468783,0.25534156644877026,0.09783170581052648,0.07587285116462401,0.004573526997389961
-2.0825668834791617,0.4522957234725785,-0.18520539434380465,0.1950254910014299,0.30268066358975876,0.12213675470572423,0.12195607999620338,0.004917739174531434
-2.437711064770199,0.868575829324393,-0.0016312057483509625,0.4383100481036039,0.30945467241551683,-0.021617005872148688,0.13006139440084688,0.022155497819505425
-1.7607771178420166,1.8481116182552177,0.09488514045589802,0.5891486773574365,0.28450336779588004,-0.06213783211037935,0.155694578663711,-0.03481371240493854
-0.14945809722038017,1.3545406651992502,-0.5755875505083468,0.06869060859648754,-0.02729162587651655,-0.15133619536900184,-0.017126470011150266,-0.004970223829176253
-0.7798923517107493,1.6832831990323138,-0.4954670039730368,0.323176289634647,0.20254003389940423,-0.15468977954207075,0.08014500017060179,-0.004902840106460591
-0.06897037155726471,1.230565598423495,-0.9541516470727637,0.05584427323916357,-0.018733704465997186,-0.13752467242715471,0.0006479655292981954,-0.004899652713904435
-0.6502742579580002,1.544793237963603,-0.8304258344271211,0.2878636838091338,0.18809704774861657,-0.1423622147718367,0.0868010303823086,-0.0045714732555743615
-0.09859769110321005,0.5272077314858851,-1.1012467417520484,-0.10516760872340407,-0.27072648717001135,0.034100514068683765,-0.039266547667410355,-0.011355971878726109
0.7082500832196459,1.6664708125857488,2.2368109736563815,-0.32094565573920286,-0.7610079301480674,-0.1463596579647523,0.13660130003603188,-0.010799253556088548
-0.8183166920939259,0.31172438450229445,0.016085999789699625,-0.16870155826378122,-0.17937877764085508,0.07220763422907213,-0.07130018893717172,0.009406888552477892
-1.823167812588904,0.7897067750113936,-0.06289429800382858,0.24792444211342848,0.20817697711567865,0.0743084576525587,0.1000340566527074,0.009704277966727463
-0.8863922003025994,0.6907931086315041,-0.4970258095715664,0.08194126180595046,-0.15334369300936002,-0.017561937791231483,0.023250789897729128,-0.01496778892734005
-2.36770785512749,0.8349193527792084,0.1494145050038126,0.3617676433309414,0.36716932804707225,0.0692056957289653,0.14973292470040706,-0.00551595559709893
-1.8457719843183942,0.3181032084667098,-0.230005004887626,0.05872973575291425,0.34145040909154173,0.0287002441825557,0.09310832349327082,0.0023999377345396847
-1.5539462408556393,0.15996528752941655,-0.29381864756302734,-0.05762229699771658,0.23785437725943093,0.0312895157414705,0.050940729795804815,0.002232729280850513
-1.2373014237911226,0.6640784674808733,-0.5161910304489042,0.14980107695457884,-0.01561611140786743,0.017436616344165008,0.06689636332387718,0.0044886955827460545
-0.1781500011751116,0.6795920116536744,-0.8601779197102378,-0.06502405465428389,-0.25631216757926584,0.012755347843820052,-0.04092515430933409,-0.017417836662072483
-0.38678011072678947,1.202929182808989,0.08343913015583207,0.025828742549058776,-0.18864666373503045,-0.02844200022188589,-0.07148042549356974,-0.010071693798396328
1.046685628964746,-0.28928412793857206,-0.7118539684785907,-0.6999026565647937,-0.8347580671736378,0.00998016173460812,-0.27853792540725963,0.012896889385235984
-1.290226196878431,0.049125887265634764,-0.5073454517111871,-0.08330532316006722,0.014860160104991924,0.09363331377509117,0.025776320856506885,-0.0020189289618644606
-0.2527906379263022,1.4270240666660745,-0.20274181865706736,0.09671602908052016,-0.12055379009455824,-0.021030637865594882,-0.04852195244565342,-0.005948659083604124
-0.3272356116252749,1.2890455772897398,-0.987412368456699,0.1691429594725927,-0.011661891499954438,0.007491574640195573,0.0286036380680062,-0.005550628532807201
0.05117248055184637,0.61312388330169,1.5870488499042077,-0.49149993650389523,-0.5335739492956117,-0.03982572095800048,-0.12837054237326573,-0.0006815324924440306
-0.5290298561314594,0.36660748728875675,-0.7296073918107767,-0.101365321721951,-0.2266023077548544,0.028385878448911217,-0.027083459836720104,0.11075312962388043
-1.9668146814603529,1.2016345114628013,-0.16460161437809157,0.45802652965921403,0.25716334254106205,0.005155413155940354,0.14732895982243785,0.11071352916164111
-1.459782031111023,0.879712692489906,-0.4866129152170547,0.2676897818720332,0.09986866358193022,0.018881703063319405,0.10612995101992274,0.11070244552173365
-0.830597148022465,1.0192135000177072,-0.6048344162604509,0.18190431703902127,-0.062323759266743405,-0.028875519392863466,0.04704382247445948,0.003200056182656875
-0.7288702106674017,0.7622063863300541,-0.7500142456900547,0.037527239771153575,0.050254350408870815,-0.08236993303880469,0.0354828644438774,0.01855186809128427
-1.3542761002312054,1.2681516887498918,-0.42082012975874233,0.372105468565877,0.10185447909899126,0.03452387286091396,0.10689090710625718,-0.00928340412589608
0.592506275391082,2.1071836689652264,-0.45364895431052854,-0.05488188633793663,0.4543680355974032,-0.0299376072040891,-0.1036843551767353,-0.017890596658778235
-2.2946808899904414,1.2199271150465103,0.12577915928494293,0.5141558810485735,0.29124988840864546,0.07274170798683408,0.14996801539593077,-0.007933456163040916
-1.8507061483863962,0.3392859646786666,-0.42025817162141443,0.131048591204013,0.24651102371854436,0.13113720260200556,0.10507920435960534,-0.004074723498761232
-2.465955867613884,-1.0682511468696685,-0.019443311635230612,-0.349535332072433,0.4672259977225685,0.20950758849452353,0.049884016725503515,0.0006339748290604336
-1.7604593307210568,0.3420770708842842,-0.06808587732382788,0.07808372467071525,0.1270528310063029,0.06630211466570184,0.06561030299414725,0.015339443287001674
-3.258700653448772,-1.635821209791331,-0.484659904449622,-0.2592578400050829,0.5344782391140699,0.0790594363060553,-0.012375220486156479,-0.021563881882200375
-2.984887824786042,0.9880678944821768,0.7021820073954523,0.4978088256602361,0.4704481042027292,-0.0019490703430942325,0.14548354126063331,-0.00012265994423772743
-2.4847710472414573,1.7839493669222584,-0.1710708712589114,0.7647247278679561,0.524110270169397,-0.028816223741473967,0.05331350323669809,-0.002812530875910082
-0.8796683478730399,-0.05698943738830423,-0.15490726476418912,-0.2518671756875517,-0.2151346702002328,0.03184424886611176,-0.06415379079097461,0.0003007464759152941
0.5777629286747819,0.004645192622249721,-1.3693222719397442,-0.39538436313938286,-0.5760045780647992,-0.05313186916384272,-0.12515456308925918,-0.023299970939221287
-2.142546949267741,0.9794975570289106,-1.0956878419406242,0.5308015509601653,0.39164459526788303,0.042339430681136464,-0.04585171911417607,-0.005774786076785818
-1.0226934222149555,0.5596079226730217,-0.15479494969988117,-0.00848140163700223,-0.06774010813501927,0.12520265464516278,-0.01738193565645489,-0.007710498176881066
-0.37378146920653654,0.6114461996175842,-1.315686820068883,-0.09701278935376956,0.2249901117467238,-0.133660761069957,0.03684260048581501,0.06121081977644917
-0.5707796167234304,0.8958337637961067,-1.0265409858896404,-0.03239464915892894,0.4267568413325286,-0.20528126760215684,0.0571946976242216,-0.0010075267799005113
-0.5938756074271637,-0.6495846198309366,-0.8729726606208864,-0.48282133459329307,-0.12383685413003988,0.2536049663963453,-0.09288831181360564,-0.003496332959394617
-3.0289724856753897,-0.17154020672311587,0.5938773479832005,0.021052679466037866,0.6693743247750579,0.21406667696611856,0.11866206995195243,-0.00254884923882855
-0.35782641898599976,1.3469353130798054,-0.36409201134591906,0.12729511839674984,-0.11719495432621695,-0.0247831558447533,-0.021857444857279487,-0.007651529310371819
-0.7254449971924415,0.9118939904990968,-0.4949262455781496,0.11086107235018489,-0.14301540869884127,-0.032652493618352985,0.016001743993818224,0.07057451590006959
0.16031003978905517,1.3709892485320891,-0.4307855762467007,0.17367210123065518,-0.24126804972523275,-0.041790494793874644,-0.24555246038626535,0.0017763807154523715
0.39370353238994515,1.1533258242404134,-0.7969506910245152,0.19175638820722238,-0.2658874509694524,-0.05167663280532864,-0.47265550188219874,0.0026699625744365653
0.9599232788764478,0.8832733751422459,-0.6870428962958366,0.02419550728379035,-0.4804304334759562,-0.09086215270433573,-0.9109160239651296,0.0032869576125632845
0.7124986603236039,0.887357176137206,-1.3730521897296784,0.007168991732893782,-0.36163136878924623,-0.03331402681069928,-0.5079377852588371,0.002905654339677814
-1.0280052702216376,0.07550759473214416,-0.4304278644362503,-0.1377121986687785,-0.10279182592104082,0.07182403104748307,-0.01312842194804186,-0.022297603286154915
0.2242232151672333,1.512781938745303,-0.5342082795623275,0.03074909630684961,-0.13059117903609768,-0.01494077803395026,-0.0760838167614286,-0.004923281164687514
-0.5884928344244431,1.081623862075953,-0.676534365204883,0.13784603569509618,-0.0626959217289566,0.009412153814578475,0.020462801954639637,-0.011819731545813849
-1.4424322382305346,1.0880280058617962,-0.4710962412622679,0.3385305445961298,0.1059501706739444,-0.006185734621647257,0.11768671378382878,-0.01773341184012965
-0.3717117614078306,1.2302641070414362,-0.6192968550770553,0.02288107841251185,0.23156292486701702,0.07658856427799428,-0.017216005999316653,-0.010939203178420951
-0.6309532532829941,0.3762316576908525,-1.142046944849091,-0.028429647703838455,-0.11126796348320209,-0.006407608873080854,0.031013169921681374,-0.008534229067730765
-1.3297687677094794,0.7964492198572365,-0.6943198402912145,0.1521471589951217,0.34237300887451483,-0.06965271721539625,0.10960468441411896,0.053243052733818796
-0.43541060875450105,0.3977066539421903,-0.9058379957879155,-0.08788175284886779,-0.23450915998499058,0.014218165224954928,-0.01857501357857911,0.020308554184496928
-0.15963217499592716,1.3075801045297357,-0.66684494080283,0.09738131992869789,-0.11628873146697526,-0.0246384437111362,-0.02149513003733813,-0.004996383533595811
0.9840713233970186,-0.2676118313127427,-0.5884969836062864,-0.6910637311907475,-0.8369950848595982,-0.0014911321569495025,-0.279946035068049,0.013912546778781345
-0.1526648622477544,0.8416492856442817,-0.4418990133203957,-0.27027470934822034,0.35012009861367077,-0.211483953401765,-0.061637658608092324,-0.0002827008082372306
0.8498268672814064,1.4700119100173357,1.6683261159640184,-0.4441929020744107,-0.5395728022122149,-0.16658731714974467,-0.30322005323897766,-0.010696972170512107
-1.5011714033592531,-0.4749068916597791,0.20902747727202972,-0.3398524680459588,0.1307101590027458,0.22567472456229146,-0.09901290893693028,0.004745764840586971
-1.3774355408773888,-0.5677206435640828,0.08472895877398866,-0.36572551614482646,0.10265325217194925,0.22755356987195716,-0.13448026375315894,0.005052856660479565
-2.0579393306202522,-0.1899979917884394,0.2671453399767626,-0.10732521836544462,0.35435543834269734,0.25731902518588506,0.3134927889723176,0.0034227102544988996
-1.9730843803069056,-0.2863932848110327,0.007507779931185159,-0.1396923951132045,0.33433249292101375,0.2457882135497871,0.11983715776922536,0.005118485701952152
-1.086263976484376,-0.5594369771439697,2.0912939184982138,0.6546925512311774,0.4175791217516265,0.4435588555051655,2.452122008097838,-0.003705054012534719
-0.7527679846375356,0.1011445689058834,-0.25092002481865244,-0.20639960041698505,-0.2464788062746007,0.02218491613119976,-0.06039200996020376,0.010800879391141023
-1.6989747158734756,-0.7645404183135491,-0.17048017269958254,-0.3658875895701938,0.15725577323129514,0.18520842078293454,-0.014802323059011264,-0.04091457448670992
-0.03103872951479147,0.04620292613532354,-0.5936793326534258,-0.35793016565227037,-0.41570663496851207,0.05576959578493511,-0.12977307412707567,0.007644121928729581
0.4115093688547329,0.4702401376093811,-0.7461434100096968,-0.30992085326686136,-0.4306710543848591,-0.03917893986739338,-0.13909786011291356,-0.00696199709246169
-0.643780864775583,0.8011571178424799,-0.7412302332538822,0.06517569751794977,-0.08654740014014244,-0.026102521812423705,0.020838955434808078,-0.013692002741649858
-1.209657369051318,1.008781529467678,-1.064834226099432,0.31276199552894945,0.15706695526432457,-0.020135668682396194,0.08908418186863439,-0.013238984022683852
0.3893439649198984,1.1210466642458485,-0.8532899704316033,-0.18101711096237325,0.05692515725763793,-0.15838342255755275,-0.07890635930654248,-0.014010618691356929
-1.2485083209208196,1.0585501519724503,-0.9773289312596197,0.2860273478037052,0.2987852810480068,-0.11750504599178872,0.09690101510567638,-0.011888334512871157
-2.7459230723452652,0.46932288072243217,0.7368219212837678,0.18990613731100767,0.5466585040463134,0.19414181861637156,0.10977614906586872,0.004486137471944063
0.125142254864056,0.22839998431412947,-0.9537406864991342,-0.2786678140447901,-0.4111495303175206,0.030146226407004227,-0.10150711187378333,0.011138875581971373
-1.7087449289084162,-0.7931334290888175,0.5067565046799385,-0.4314864365467907,0.03700890211292957,0.1843835249125697,0.2703275680169682,-0.02848339595042767
-1.7036639980246568,-0.9242144842142037,-0.09566765959785148,-0.4194316176180864,0.06564517577752799,0.15609862916183542,-0.15971697621370662,-0.026723344987661747
-1.8716955716197619,-0.8973992607193002,-0.9283843079590208,-0.23286314197386865,0.16490818594057052,0.15518370489577324,0.06882131640604304,0.0014882738682576485
-1.0520093061700508,1.1332463681113631,-0.24478038926904183,0.2119829374140627,0.02415196654524362,0.007414946513745314,0.04291382120834412,0.004535297401938658
-0.1366879670233426,0.6529292585222198,-0.6705052233229902,-0.1887484521280123,-0.04148401186086938,-0.12356185945124123,-0.0563516673412751,-0.008091500585536931
0.4512781214131985,1.989988080353533,-0.3329211350170859,0.1120904323949773,-0.149313202055702,-0.060543816364052976,-0.0937657324085847,-0.004364066392414298
-0.5821890435203927,0.5067128009830109,-0.7693614259721743,-0.012319016129073957,-0.25883222374196896,-0.021926141906795746,-0.0014077531028256205,0.022305880064407195
-0.6144528622808579,1.4466455431555476,-0.3946192697245921,0.2315943296526074,-0.03406516999071988,-0.03546503520514838,0.022746164497171515,0.005945918577478868
0.4114957466630593,1.2548323893031206,0.14630565372503426,-0.742931846516493,1.4647556496084657,-0.17268120508842993,-0.19368371126769035,0.0401968127467242
0.13580435638548696,0.059384215469516145,1.0233427461042603,-0.6245776048722846,-0.6165091092732399,0.07402258920360588,-0.3160730378473462,-0.00461403120301329
0.03349071299311333,0.9488005975582696,1.1955079641573427,-0.2857986187800258,-0.575495668131132,-0.06111976594542087,-0.24952824036209906,-0.0045590497111798675
-0.2332631351841759,0.4812738335169586,0.34040250837610053,-0.26432852188081946,-0.4708121392240389,-0.03091910585402076,-0.15986124082072095,-0.003580821693105921
-0.47161687515156403,-0.14165057043380339,-0.6511346759741967,-0.3098067622515558,-0.2996480950958022,0.08485710714733746,-0.07991000680285533,-0.005916402945513646
-0.1694682099166204,0.05963204294321915,-0.2963853596636038,-0.3574949372891208,-0.35065800949049575,0.04131012737762619,-0.22820708581977253,0.001558898146905986
0.2274561679918561,-0.16693408105883922,-0.4163042889954884,-0.4946394314143144,-0.4865034915042111,0.0337318729184558,-0.3992614585831133,0.0017859178480308367
-0.5967527269069081,0.7046905855040394,1.1467608869593415,-0.17549064048182222,-0.14005225942428723,0.22601949259510024,1.7486988796987282,-0.008210705746714793
-0.3348349874395024,0.478040518130297,0.6742627677455073,-0.2818668973572629,-0.23248328386025097,0.17616547754692063,1.1015746986423134,-5.862134424459804e-05
0.39120887226223194,-0.27624281624361474,-0.5710820777156899,-0.5818407712815112,-0.5331147989461964,0.06097147828030537,-0.2099874402478429,0.001374068793929723
1.4446968170327852,0.5956588066246049,-0.8811922653079017,-0.5217057014057411,-0.6299180861507432,-0.003585206829332314,-0.26240806981997733,0.027059704958866157
-2.1214481544383563,0.6964023408268912,-0.013547725794341551,0.2814327236569846,0.2772612939062178,0.0647323211685258,0.1308442724695174,0.009638163544681699
-1.1965885934512832,1.3851115825901965,-0.16898627655066703,0.3305108656564658,0.07279012626794153,-0.020053855850494278,0.07310074419928714,-0.0320064345382859
-1.3623284612932551,1.0019299563158703,-0.3380026761183947,0.2565907428845369,0.10219185816244246,0.040678265775279054,0.08312603796147863,0.005211482600166989
-0.8536609392251427,1.496593006925172,-0.33719725802288447,0.276425862596627,0.11166523866145689,0.012094495267305333,0.04671425691916084,-0.00708110876463159
-1.2596357722605358,1.3490430921523178,-0.37192034052119227,0.37129038229846695,0.07583109320735265,-0.08807241147900957,0.10825860716614448,-0.02864753704414556
-0.8357955614032326,1.0986415741096964,-0.5578389946854796,0.20721862123758023,-0.06513949279551037,-0.08108734857620187,0.05301789964339266,-0.028578356483040048
-1.2676157256733418,1.440111423805015,-0.6624140963979616,0.4367223975043015,0.14900999072649015,-0.12789575768504946,0.14771531519839115,-0.020980566684774934
0.43784526229538845,-0.04897849584089679,-0.31963220374231177,-0.52460295083796,-0.6575438914787003,-0.003147105408781089,-0.21956683798892518,0.015434909980042261
-2.570084199954195,0.8678438826666007,0.7195793536479765,0.33816079889187767,0.388129565443185,0.0663628712814761,0.1277792751491688,-0.007262300358378028
-0.9535881823933787,0.8542744601829414,-0.2961299991748546,0.1087903932136265,-0.07242224893011198,0.007595563791423512,0.018427184811918948,-0.01757950559976462
-1.810318964357334,-1.0210837808275635,0.08353281912692606,-0.552659964841043,0.3438278846744419,0.3319048296426655,-0.4360336033148194,-0.024204167188393928
-1.6865508695414786,-1.1934130077742284,-0.4175122544925046,-0.5775582231470022,0.34721035619430707,0.3479090340435396,-0.43720509183723727,-0.02392031938769675
-2.1061196556207364,-0.6326748619430295,0.10574726416030926,-0.1736548523329578,-0.020728133234782533,-0.1771013524130666,0.03510897549005872,0.01811008066840181
-0.6887192540224645,1.0999544444064218,-0.8251797711726325,0.2044590172664444,-0.06451035029377371,-0.04051640952005184,0.05550839520629071,0.012690929923467912
-1.3847898518012332,1.0255523205198598,-0.6701276652197006,0.3255180212733783,0.11770596236424528,0.026446433520384987,0.12169049779703307,-0.013776517878083372
-1.0504545432285455,0.6514557955690877,-0.32529074463543645,0.07925580079171544,-0.11216809534229923,-0.013811324126266402,0.025217358626343795,0.030731807808544485
-1.571323488884764,-1.0515634111922159,-0.36432959844921153,-0.48364037721560904,0.14514680436586935,0.1681512790634994,-0.028889125578188048,-0.019164104194604646
-1.5476341465900343,-0.6400050130708919,-0.26110115177677584,-0.3398209180776611,0.11669590622203564,0.1750619891603079,-0.01710763430776033,-0.05940392143813784
-0.31979159917867966,0.9806118664391698,-0.3845783325629261,0.0014297407033862267,-0.2023010493414692,-0.004260235680134495,-0.0490864079399883,0.025981159261136103
-0.4390728041074487,0.8656168996733591,-0.3618510732482956,0.004564342186971707,-0.2416036493022216,-0.025648631922290457,-0.03950954657668751,0.00739002925203963
-0.7808607238389432,0.13140350771923756,-0.410004756275194,-0.14644651218023835,-0.28376316891861736,-0.003567343725171999,-0.03555166527558295,-0.026062488905767137
-0.42589113415396146,0.5956082664221115,-0.4764624232969512,-0.06663071072875064,-0.3026889407240742,-0.0068410388207269255,-0.047820847480972845,0.018333428342612933
0.2708219851760651,0.9660248058360776,-1.0419632600719555,-0.11216854484652425,-0.1256516552377585,0.09159330682078737,-0.076522583132413,-0.005047512585150954
-0.16810538428756175,1.082082710313179,-0.061280133319585824,-0.07932980739165449,-0.02064672047310775,-0.31827284013293283,0.638779676945998,-0.008877884319787019
-0.12085220958831813,0.9999630804001178,-0.33979780538890714,-0.09425219361791523,-0.027970986512485998,-0.3370768046778807,0.37768899746590506,-0.008063208349898978
-1.1985513036854731,1.430819990219566,-0.5553810923422849,0.3876525745726745,0.16192878648097653,-0.10586307903442775,0.12366744832683702,-0.0019373758303288064
-0.035103360735366865,0.7945638118349102,-0.836031291923978,-0.07490308368064061,-0.2485392850174146,-0.09482512184185858,-0.044698872964147374,-0.0021383824189451844
0.022649696260989706,0.683991622391783,-1.2047260023297766,-0.0789286308339329,-0.23238345611044967,-0.08134380518251626,-0.0235578669834823,-0.002095732093133777
0.5042790386951597,-0.6215446682749776,-0.6994519952171522,-0.6932901968809032,-0.6952831216836403,0.04471013443327893,-0.23120883547026927,0.018547542494283455
-2.3484802344136746,0.44289897302498354,0.47383545971238417,0.1513151873281219,0.3534718201472841,0.13492289893905152,0.08867388968418755,-0.0008116732247214481
-1.151227979826433,1.315094010710686,0.39017744807781085,0.22535039858578773,-0.03575517360917889,-0.03912588836360717,0.00953278374750097,-0.00805107715461825
-2.621114227211634,-0.7641239554066207,0.441301666681132,-0.2528476677226054,0.4496043301860482,0.1620700747414402,0.04874582588858743,-0.01891302773180116
-2.2361134428761082,0.5569765375496645,0.8045157880768201,0.1241676631121073,0.2793530843104993,0.095191586106347,0.05199206620320284,-0.01321860037606717
-0.5292536146002148,0.3677485875967514,-0.6046167789781195,-0.11686165609830836,-0.24439038815241979,0.036833695719036164,-0.04038522473512542,-0.0005575416584236365
-2.24043929882951,0.4821617283007754,-0.14296758231994675,0.21313707178656235,0.4243729028386126,0.19047060504358915,0.1040369133684543,-0.010349473787094611
-0.9408732575570575,1.0182941268027805,-0.5442676736299112,0.11583175458220298,0.2354811371151774,-0.0810824928864307,0.05686178745570874,0.03189390328871505
2.6424564221859628,0.009008884765245133,-0.6700743366487575,-0.6334665278106623,-0.33617759907376077,0.0023971846102961536,0.16359311001551463,-0.00012707601210642903
-1.237774651775202,0.5817603195395047,-0.6174223103681209,0.25735362652505606,0.04007592566085942,0.045763077585456495,-0.19060166029508097,0.00638691491268217
-0.9982161276230325,0.43362404056887666,-0.7062372793577477,0.2083107879358603,-0.024234040502279078,0.048056929516410225,-0.2314458228314884,0.006261823623792247
-0.86973289233028,0.3647809928255263,-0.8892183577120314,0.0008696056427597768,0.005823669580015132,0.19347805924350456,0.5509769220197649,-0.004431321458253332
-1.1970539206709176,0.3935226636832371,-1.5360357854983988,0.13280432051375302,0.13150742176697489,0.11380499852195733,-0.3236582485978487,-0.0019997992853609823
-0.8686466593173962,1.1498615769143932,-0.5505294813156844,0.21765663879497463,-0.0018108268144415634,-0.013423471356229327,0.05230082189020026,0.0012072412714702432
-1.2380900531237207,0.4909465036775668,-0.5362996474758579,0.09247262365630013,-0.03683352742856775,0.03255528156480524,0.055919927497941196,0.012013738506897865
0.26887709200044024,0.8282287699986229,-1.150768486119807,-0.09223226789038559,-0.3012819229493124,0.12259011659142725,-0.07449728814058526,0.03599751822221625
-0.4492944740961908,1.821137633755369,-0.741851490407547,0.3017258585146604,0.22676182521422517,-0.034933467135095264,0.055171062903484905,-0.0005836441063429296
0.21920766807790584,0.7577482766688238,0.8275092892228084,-0.35322793934213764,-0.5947575580282419,-0.03718279816271405,-0.2523031143216375,-0.013630730824899495
0.13544882041682976,0.41897334070035475,0.9797917523698516,-0.4834873649471869,-0.5945911048677206,0.023982171265690903,-0.28373583302037053,0.009400852314922764
0.8899416999932922,0.004462421411641174,-0.4160454152059067,-0.605940241189219,-0.7627671539181606,-0.013229019677700899,-0.2666586008876263,-0.004072601032840581
0.4990984656984624,-0.054401456672935875,-0.6241046961843214,-0.4950176129556216,-0.6565317685994467,0.047416654469231496,-0.20300451543649312,-0.010000209767533052
-0.7175225010124491,-0.27707730597261854,-0.2524837444356815,-0.37955026915032475,-0.20035649297075497,0.1119122106292606,-0.09913269858473275,-0.014861100898065862
-0.6106911132034132,1.0622356587195552,0.16930346886420972,0.026021848503731515,-0.1719976818437007,-0.016512894052823763,-0.05803094764505136,-0.005724786218529427
-1.515097604774509,0.2703024477252898,0.1937571007021895,-0.05717290166515251,0.06319185845581132,0.09722849811285743,-0.0013155734981395836,0.008112724380628746
-1.464905782347923,0.6488666415332075,0.2036856331239768,0.08615396768558413,0.017219554386821868,0.04598180904566804,0.02055871566280571,-0.014905228172637295
-0.4354971466629418,0.5111929800864302,-0.38746601957396565,-0.11654431893071546,-0.28696184609083636,-0.004211079159321743,-0.06151876087035755,0.00658944128271996
-0.8404147653253587,0.9302053650382895,-0.16245393299810784,0.08806938078083384,-0.10628044504640129,-0.002240130848220428,-0.004147201070059083,0.04102982667939234
-1.0703575105388075,1.9030429987156219,-0.24847537367769573,0.4856600300497062,0.13497539887307963,0.14861442281233353,0.07882819956814296,0.00436813036571688
-0.6723289989139886,0.45936256306699175,-0.4267403168562264,-0.07848992393997355,-0.1972521401152455,0.0042417669594339,-0.02994683198012561,-0.02779315753907298
-2.0415263083405604,0.5605003316864041,-1.0321145625838737,0.361112046980912,0.28085610797748906,-0.2496262883045096,0.028480595059940505,-0.0025390756130286227
-2.1290989920184664,0.09685169683408737,0.18205809303977702,0.009205954178929632,0.3008907124591502,0.13828531775175013,0.06614367135789061,-0.006939337314162909
0.6590665111040571,-0.361189720495787,-0.9494851430025353,-0.6142116556526734,-0.6509770117243696,0.024587267955880263,-0.20986939605266489,-4.512317857682998e-06
-1.186709341705726,0.7769897924044918,-0.16518575069870006,0.14078893011807467,-0.0940953758088534,0.0014975065340558957,0.03390439164154712,0.01286388181558579
0.07944862276678316,0.21585091458471414,-0.6140229881358718,-0.3163841465809351,-0.44449476422137935,0.030197569256005172,-0.1297336404834943,-0.0075511149621646624
2.145883140371234,0.04024552786140911,0.25326057632192156,-0.9769753200923533,-0.27465153054273667,-0.17688914136027956,-0.13096672883357893,0.0024773390317941344
1.298603767770248,0.14366564350223957,-1.1869048383467689,-0.5676449488910451,0.14080683727245535,-0.2213888222090466,-0.7904684172394536,0.006073493088397153
-0.22573434932814535,0.6264871416146376,-0.6192228769806711,-0.09381753702680921,-0.3131331684414281,-0.024285097637709196,-0.05707693907079152,0.009184887801163243
0.17105889519215622,0.8273961083227603,-0.4154790849262135,-0.17047881651468347,-0.35359992570099097,0.01416001014311827,-0.12321051171573756,-0.0053575271870951735
-1.197820012952741,1.3970245174110478,0.033462151709492,0.3048068764908605,0.05969884045247268,-0.03479695142804968,0.055885392726165876,-0.015825768073727504
0.2961276176081013,1.0682337680926057,-0.43653586976252284,-0.12896946703059628,-0.30789074748464834,-0.013754895788399762,-0.12255841831616489,-0.0019014204669597118
0.4031526162839401,0.6420768254610496,-0.6244785456092316,-0.253200346355045,-0.45574032345607496,-0.018629009133030963,-0.14226542857293523,-0.026711992226174246
-0.002330946763567768,0.7161672198383571,-0.7174267493146388,-0.12010495434150646,-0.3021110907716384,-0.03131620720202581,-0.07217607471837809,-0.012930587361387025
-1.7765301271435063,0.2570463745765458,-0.34094520063611494,0.07921188630758312,0.18546671931189854,0.0958403934226245,0.08596157073270642,0.007114650236632594
-0.894076281837527,0.03902991944237258,-0.6209406124764026,-0.15239341555650288,-0.1403632259671994,0.06908563128733314,-0.013810070447784805,0.0038181631129417257
-0.9502227511385839,-0.266473306824795,-0.8094824483619578,-0.2423938327894134,-0.06884766170233501,0.1214750657711183,-0.012828401308359699,0.01824867663633894
-0.1302075445035716,0.49741696402382196,-0.873121332294131,-0.14127847791857948,-0.28419199196808215,0.03066799475404129,-0.059030097754208276,-0.006349243552504899
3.4381478886790746,-2.1156319969009894,-0.2439659424645204,0.8727420494178739,-0.62382624290712,0.2582636413292361,0.032846037947459536,0.004667979983852707
0.1729105086324644,2.119743820570521,-0.49278419087197145,0.2377282413516267,-0.0011945320380078975,-0.053377966627343856,-0.03230075693685766,0.029061813218911058
0.7627834642239247,2.4787763768092757,-0.6905371389536936,0.10961174252374804,0.33832762435705355,-0.08254856618610713,-0.07324446166462503,0.0040010412798712255
-1.0360072727659368,1.2974890261061596,-0.34475189682181656,0.2872666997033136,0.025962708883865725,-0.03243470717728168,0.06557482739262245,0.012188703174608143
-1.7291050842399338,0.8008202947455079,-0.47225227514161294,0.30385726281433695,0.16661557207709782,0.024703073628047748,0.1353517748303893,-0.0002306095610510921
-0.6330740828135701,1.088774857701558,-0.8241791102114395,0.20855099175080394,-0.15317790639371712,-0.07800755521006156,0.05231983892911689,-0.03539938869200579
-1.411106684755991,1.0128082034906163,-0.7065790694525252,0.33906634221954995,0.10726228569115139,0.07833065935002106,0.12363336512487665,-0.008216467441805436
0.014167547427503995,1.2458445864972132,-0.7588129326177213,0.022113231514320278,-0.0874775107892305,-0.008053220835171883,-0.04228802158711837,0.0023992199688064766
-0.9557850667594076,1.394210724525127,-0.6477849660353117,0.3395855587557405,0.060301936595159304,-0.05166074052231197,0.09249058742948318,-0.03147488564649287
-0.20727646336263697,1.2209022067765243,-1.07902783473414,0.12735530241154455,-0.04157568491288114,0.0020789738383562694,0.01753771229079058,-0.00039199734166111557
-0.9606718647764583,1.588333555495461,-1.100406712750654,0.4356368932104139,0.2414886700690712,-0.003492568530560557,0.08785400459312198,-2.466248997600013e-05
-0.2377503568751057,0.26512377019929984,-1.5309906041521935,-0.04530808376354111,-0.4061046219051068,0.015146698090964804,0.011350080874278896,-0.025540364338627143
-1.363874032378326,1.6076901971992164,-0.7762556242076294,0.4700992563087327,0.40562252521306763,0.0139623798854728,0.08167210460662767,0.0073521896024572025
1.1185943971379848,0.3787100518142569,-0.0413486199545434,-0.6037884819494715,-0.7527868516451546,-0.011277992473497605,-0.3132489695268397,0.019896725807520624
0.8077871588229036,0.3328903969139255,-0.3103605587277434,-0.4999988446102073,-0.6602110447388951,0.011491399326292928,-0.2497832206158068,0.009584720104712771
-1.0991734077832056,-0.46269638870879987,-0.08671834605781674,-0.4021855335033028,-0.040293022488084314,0.14059229092296116,-0.07987066860427373,6.73068314539135e-05
-0.6409557945652453,0.9054044773408418,0.010587588643194812,0.02491650761593091,-0.2458785293877923,-0.028946616411855933,-0.04634400609495993,0.02123805076454038
-0.791576487481066,0.41117947825548,-0.18366190524280016,-0.05706633835477392,-0.3346405872471215,-0.08817154033586738,-0.029356408576991715,0.03246005328631212
-2.4747568806944678,-0.47468728471826854,0.2488677152288005,-0.14916774444174902,0.42904232040735657,0.20134232146470238,0.0630948765565949,-0.009949351285884917
0.01990709480705282,-0.6095041480190057,-1.4240598854626523,-0.4898802880582675,-0.410214011488082,0.07685072898709264,-0.09681984174260583,0.05292298462457044
-0.34954657061506766,0.019218925151769272,-0.5321795650503109,-0.25187184205413043,-0.48279746376573035,0.022524064650767246,-0.08874858544042187,0.0005467586059943859
-0.6892201646442848,0.9648644871178786,-0.30065591279085646,0.08067979269161532,-0.12556353335551865,-0.0057478500360402685,-0.008726645431341381,-0.014374330879851986
-2.2355617101250247,-0.7399610052598514,-0.09991678498993134,-0.28172939835254523,0.45866198519046514,0.2542388579359319,0.043028677657143764,-0.0009321285792785709
-0.48535035504659074,0.35507148702024766,-0.5267923176494529,-0.13775434563653524,-0.2840157085792984,0.006495885325212211,-0.051619575854616524,0.008903847968822681
0.57723163946725,0.2945183545753689,0.44176391644482094,-0.11508388982119146,-0.6056135899945511,0.03388003992703463,-0.35479759629974417,0.006405553451311294
0.7710798560971989,0.10243165066674421,0.042980296623464954,-0.13928612937244078,-0.6303751369218483,0.036018320966804976,-0.47033767449516006,0.0025074507974263164
-1.3819592119522086,1.4438466144432631,0.2670317023565381,0.3436323956103993,0.13049735569209522,0.12291633302330382,0.37627384540419145,0.002033492678754637
-0.6715157402246623,1.2039632660102353,-1.1716379867993134,0.21971448003891658,0.1918379519775075,-0.04277648378905881,0.09183151499688012,-0.0007437265783045054
-1.4966712783767937,-0.11198570693284646,-0.09270796880318008,-0.1737658322912181,0.09766150785841328,0.16269782151930282,-0.006228825907532849,0.01868169645290721
-2.6335126936871602,-0.7816381459342915,0.09818019574902559,-0.19673565229562756,0.45011393364080554,0.14271405322246467,0.0866680991045736,0.000493291325203217
-0.21523666543780973,0.22689066174048564,-0.9162738664996143,-0.19603796431865894,-0.3328677302698679,0.02349319892038458,-0.05846003993897367,-0.004760693140692273
-0.8347007552919934,0.7336066328464572,-0.5282080655720457,0.06576561436576293,-0.08499186485028226,0.023238275662408023,0.016721752684051155,-0.007158563751282848
0.007017233366132268,0.18232250261587793,-1.1399129216102173,-0.24709121119382307,-0.3399167163893829,0.04605138003849624,-0.07183578882420172,-0.007054734978191275
-1.0026722964023014,1.70915475360153,-0.2247658099773768,0.38354544788405365,0.13154676876942153,-0.043061183348968905,0.07395740086088269,-0.014152824091095962
-1.4960870105323074,0.765820616042528,-0.4750841220859558,0.23174157516928964,0.10640807068179149,0.1460335789801897,0.08897477423042785,0.0035010262868312944
-0.12459013897777156,0.6537544934582367,-1.1837861907129514,-0.007865489177057648,-0.3518676044662489,0.01730077173452267,-0.01622534386700127,-0.03470731538958901
-0.704356310702936,1.234279618878069,-1.3038519485508204,0.2507301939704552,0.23386779115454628,-0.19802949519423593,0.11107809336399117,-0.01895706937491024
-1.702607261558042,1.781904526526798,-0.16171298240133578,0.5783980310617823,0.3153915387365114,0.024853474954553322,0.1542965506095289,0.014734446119246607
-0.5645159426285388,1.299851788480024,-1.0921088007733823,0.2536934279269789,0.04359954993993497,0.020432246675501097,0.07032328963640348,-0.0009365610986260629
1.6959668552868452,1.0752122788150376,1.6973874456912155,-1.2759989905800702,2.0513534127229454,-0.33501467456997325,-0.32398198686313856,0.007892626211204333
-1.5996593945440283,2.1749489959246797,-1.0081426207565847,0.7177975353870361,0.666509732979249,-0.04500350350105375,-0.015673503090374248,0.0034800164660495174
0.3676327249106368,1.51173283475008,-0.8049756439234047,-0.12552448074966527,0.36883131388891927,-0.06834669485347607,-0.06995208594911162,-0.012096748042205103
-0.9188303739384425,1.4461011475904852,0.34396972509972035,0.22011594683373892,-0.0795110717151075,-0.06933102279934791,-0.005724833448114177,-0.04685171979605117
-1.6341091221243562,-0.731478353302003,-0.23904559075740817,-0.2840905383554586,-0.10010510662605206,-0.03665842775798418,0.012571779576811892,0.11893492425824424
0.11209334165960316,1.6701275973775398,0.11814859392136993,-0.09786986163773106,0.24234102917039443,-0.07614447397767761,-0.11575398768818426,0.001992942729257884
-1.184421401337543,1.378324916176812,-0.5632063326236517,0.3412798935696899,0.23646975293992592,0.04163140722354822,0.10274845156416645,0.0044552293726724465
-0.8694259406419804,1.7283194019025916,-0.5863218499525645,0.36827658548270226,0.2625155771374959,-0.02623776567779406,0.09054942395425618,-0.007759896825457721
-0.8260098348109933,-0.09684521908120833,-1.037482369293284,-0.16406954026881068,-0.11589663354705512,0.09023724684548218,0.008128011879043119,0.003065162362332701
-1.7081863882529396,0.5526178293117873,0.10668957637956754,0.1861004183476669,-0.1122088714935032,-0.09962042767969831,0.07524318871968294,0.0013421382056352795
-0.951648541789996,1.4028000435079064,-0.41787335299619754,0.30440299519984093,0.05337169025880475,-0.0007251095735963082,0.06462994655518259,-0.009011974197211703
-0.3788912125082073,1.2501796859457948,-0.5831321998342733,0.12607642895011714,-0.09063030781592109,-0.0037171224384000634,-0.005561051995936941,-0.01669714159492891
0.8428592000605434,0.780071569136363,0.18594905385970442,0.6047747831664555,0.40587896386325434,-0.034726417342855566,0.3399939336809707,0.010556611053079288
0.3012566832277161,1.012125630654069,-0.8663392954627497,0.025081440888624126,0.3488068525304749,-0.06238702445348241,-0.14289351070138098,0.013459924274008914
0.5404283904572196,0.6345804731466169,-1.0954281752305282,0.08325124234936242,0.37799890769277183,-0.31400254905632907,0.23262681372727206,0.027324430780004145
-1.0882504774340884,0.48337889325576494,-0.06926610049494718,-0.01720954261430381,-0.11339529740574944,0.03830004766425713,-0.01173097659607261,-0.004882581530303119
0.26287934451989636,-0.3691497847412416,-0.9056827759981053,-0.5272055534938106,-0.5376357658227287,0.06953103941655812,-0.16673521158042418,-0.004916335544976677
-0.05068983621253638,0.09844408337851722,-0.9267787283981546,-0.26565636259590125,-0.4425414330648784,-0.0075454028229407916,-0.08350701689004636,0.01462551962874697
-2.042486098249958,1.4069953403636104,0.2650711229426624,0.5009870713587911,0.2229236565446068,-0.031305412142232966,0.14679733588512764,-0.013207272318463685
-0.9291534942044057,1.3613296338868035,-0.8022714001801633,0.2921912743974408,0.22955052565724482,-0.04494803654003417,0.09971303913356355,0.016100010226835708
0.5043223555422527,0.7321543865221621,-1.0939055199320984,-0.1938314632027606,-0.382366776834704,-0.03472624338705433,-0.1016532181595154,-0.005531219713913435
-0.9012077183504981,-0.6960762581502129,-0.6405709922415047,-0.47779962229460515,0.004568600690186491,0.24969109253960725,-0.07810383032743975,-0.014887437030520154
-0.05051732059729402,0.37475182628716397,-1.173607442682522,-0.15656128206583228,-0.3088773690541149,0.02418649408401664,-0.04622189408798773,0.001136290433458592
-0.9541519963585469,0.8455041805050952,-0.6357896552618648,0.1503395226901028,-0.02820746041333,0.006441453193042685,0.052519259978154924,0.009630422292761396
-2.032601909700707,-0.09695236654846628,-0.015476494623009896,-0.05903928003267647,0.2821201337894731,0.1297371196514469,0.06131081798151786,0.008494518393641352
-2.0925446989680316,1.6785516715002016,-0.07261283620294966,0.6458921374278317,0.325270620146102,-0.056987245257707514,0.13700512978018262,0.032783776103514045
-1.3570027330557295,0.8475728552037096,-0.3247487958603744,0.23571172665530257,-0.003162215475294763,-0.062037003763749855,0.26771667084391143,-0.0016056963182780122
0.4709697451726505,1.0253365813148065,-1.5420174470977182,-0.05244625181672483,-0.18358619943569282,-0.0006220301672621516,-0.03963318086362072,-0.02252539052239604
-1.552543406678179,0.3639846878084616,-0.6471747317020299,0.11608833342217584,0.12929987446287447,0.10098980257675641,0.09361958075754065,-0.01676210905840495
-2.004182784255057,0.8461661621456638,-0.005938525144629039,0.31183312924634915,0.23655689180031503,0.03218933742634206,0.1273070402839119,-0.0007206292524825156
-0.838013797458957,0.1986066649637193,-0.3751211422201952,-0.14069726701805832,-0.17441114277956898,0.038952237990455954,-0.03273726142032448,-0.024807666409661727
-0.6259235575844269,-0.5169217776557338,-1.0647333763586524,-0.38269916988086494,-0.13995641921743357,0.15117061050993713,-0.049439399242465494,0.002503667966780098
-1.954234597208193,0.06002617450094313,-0.3108067817411953,0.0225813901714896,0.2964675123475697,0.1730731249830369,0.08622137511021545,0.012037451976240506
-1.1986677538054709,0.5326564689869834,-0.7893488021102906,0.11605463007292609,0.038192968983418805,0.060635443696925945,0.07550563843813177,0.021959311405905263
0.6620086543531555,0.6512161617191751,-0.9439408483580811,-0.2897608114474478,-0.4276453759503031,0.010859695806311026,-0.1468656475854578,-0.027635762968290116
0.722141874180237,0.47294653280847593,-1.6115504598845503,-0.27886503067722035,-0.3817098135514511,0.035080375273857385,-0.10286081403292757,-0.027281287211735013
-0.28589623114217827,0.040818802560158095,-1.1332377097105517,-0.21822254338489352,-0.298664195676849,0.05090989023937456,-0.0418039911477606,0.004041981578458799
-1.008616946829633,0.32037880525865164,-0.7500582139423124,0.010626029995293142,-0.11723624089036627,0.011252766470443647,0.038535121595435914,0.008492645932911236
-1.4770087399019143,0.14024366824565918,0.8240414819973899,-0.24279088924047906,0.10090359459640982,0.19606101128588646,-0.12931529610569656,0.00613406801356053
2.8752825025422704,-2.636368385418186,0.34899203428882625,0.2609358612743155,-0.5421675157026352,0.33863521961103754,0.44832683754529057,-0.0009581736300464878
0.20777904381124532,0.17014743422684994,-0.89528305052287,-0.31034767467943525,-0.5048568530790526,-0.010920300956647436,-0.11760611859486343,0.01705482916895998
-0.496785748713135,0.23782120953281707,-0.3385291386253541,-0.18638210343187228,-0.3674863339011966,-0.01947316620190002,-0.07255165452108589,0.017527643760127973
-0.7425670887656663,-0.5572591725096523,-0.9178844271593847,-0.4090213560246833,-0.06026101130063442,0.2336677078118994,-0.06076493478512266,-0.002685548754516871
0.4507969187859865,-0.03212958095717267,-0.2419549403476188,-0.5300612657364764,-0.6759371282892311,-0.010874770227538563,-0.22703164464819653,-0.005209328379645794
-0.3636665687361512,-0.12438644617390354,-0.8435112925388073,-0.28715808876506266,-0.3618394947300995,0.015157015370484693,-0.06642607880932441,-0.0015107463355726104
-0.20788361535785557,0.3678844749101878,-0.814340762249344,-0.1659982705463181,-0.3168364565163059,-9.752838296528428e-06,-0.05885446072354727,0.032276985322444614
-0.8744930188462247,0.6123826077887251,-0.6140241137513763,0.06052070899734023,-0.13094079246332585,-0.016081211995450914,0.027529371797907126,0.004586386236927183
-0.543108137118247,0.1650236903712874,-0.8061984844351446,-0.15075975807260442,-0.26378188077602055,0.024364030119557904,-0.02899483983602768,0.021973227962364776
-1.0381651336439452,0.7827045216987439,-0.46576879064392696,0.13607780461386357,-0.06521299593028344,0.005363046278750042,0.04306877986515494,-0.004816982723430198
-0.8445103034748246,0.3810914424667026,-0.029022728014504864,-0.12043644079350144,-0.19507011539066665,0.027970636104296332,-0.054164681483850716,-0.013027730679271958
-0.5936251262010095,-0.08172667262688764,-0.35938966618600793,-0.34174449554082786,-0.15258084615966871,-0.0695079078801078,-0.07504547230219796,-0.00023449449907085446
-0.08232099902550466,0.9391278868913782,-0.13625804832804533,-0.23211529429760228,0.11319849051903516,-0.0834045681513913,-0.06480174571729319,0.00025916648655136194
1.1962250094360367,0.025692566339944375,-0.24256747591820635,-0.6927901448063601,-0.8831840587787986,-0.018864075340128836,-0.32346015979521936,-0.02786516635452835
0.07648983601748201,-0.9482928087105558,-0.24664165815490813,-0.8193853266922779,-0.4876024906444016,0.1447311852858726,-0.2512026218050398,0.0025493799943566817
1.1458562299349893,-0.15223430169404417,-0.5112582437038358,-0.7182211641766202,-0.8210357609119533,0.02865173598113339,-0.30614491870370947,0.015657145885778295
0.44735325741844617,-0.18352293797397035,-0.7971578804001518,-0.5794314707595914,-0.393647762268496,0.0740628215262268,-0.19236167061394943,0.015351147942960343
-1.3411410946738422,0.6734382900842808,-0.9110080852753881,0.15985404923008942,0.2919514549595319,0.07452605744665833,0.0883236669259815,0.016262839385881817
-0.9934631477974971,-0.19049497968215948,-0.43021496449801594,-0.2633695020930334,-0.0686332810605211,0.1669482430481958,-0.04511992411919277,0.003897071517046827
-0.6251904381600845,0.18164698178623148,-0.183767262841806,-0.22412550924924357,-0.2623497922057317,0.07504841007150508,-0.08541002348864063,-0.015691282188729123
-0.5212423679319469,1.2886837773687103,0.032038440083840596,0.10302004042683294,-0.15605841267598344,-0.04575581132555497,-0.040601935488460514,-0.006528713509440967
-0.7907452532464212,-0.06197935923232238,0.8461138121387146,-0.4337632208366357,-0.28522289602741396,0.11861596038494361,-0.18713561474192522,-0.029849282512108055
-1.0235541801816728,0.43931543369717135,-0.40908496819045764,-0.006544116415023845,-0.0840668413557067,0.07752666349963303,0.006562640744597295,-0.00016064548968622126
1.0198856791287907,2.1349880864590864,-0.4511161282902488,0.011919232902472996,-0.1914912719631408,-0.06701010406824623,-0.14934459728981134,0.08668747241076023
-0.3851744558880978,0.6067216203242292,-0.47488428423182305,-0.10970304971099451,-0.18627374010669198,0.02434192117482217,-0.019759822498172593,0.003566625682221563
-1.775618366019831,0.03258084202061902,0.39140735854924186,-0.1318761395218726,0.17743374511934418,0.17009482456773845,-0.009716968714953299,-2.9070063863753307e-05
-0.5554854250530873,0.4335173658457761,-0.5117834025824751,-0.09760849923230178,-0.24627886965251314,0.08154665070104246,-0.046396363369749664,-0.0027727628549278024
-0.9492092155797721,0.4499530561352663,-0.5572023584996048,0.007591598075949348,-0.1142374214440589,0.10006740618167047,0.009844009414902497,-0.006379664008414615
-0.8215108267052528,0.42581161741684387,-0.18752620149721477,-0.08473269531963665,-0.19059887103291243,0.04274423221430222,-0.03983441334687418,-0.01622564914518291
-0.8740848967188312,0.36311382524394886,-0.5356621894534066,-0.04501413192573702,-0.1466231159754201,0.13960345636034838,-0.01206839263717485,-0.002341070824144158
0.6990680670851582,0.20763820151999743,-1.2856605038710942,-0.414698239091521,-0.43415454689058647,-0.02569207687078121,-0.14098068741641268,-0.010888515425465822
0.6181445902039875,0.14601000479201806,-0.9297605290728792,-0.425996026307065,-0.5856617604138403,0.012457149657658552,-0.1721562753552461,-0.04020703329107508
-0.9816308105416343,0.04819738537418409,-0.3547283657687296,-0.1743865438440728,-0.1107978880329621,0.08365583512876386,-0.030192758307091505,-0.0010200388664528166
0.3517787839870669,-0.7949609996220065,-1.188292070385294,-0.6772326107993543,-0.528590880488739,0.11485040707658994,-0.18178234606535612,-0.0009504508783812551
-1.903595365676407,-0.1110332935630001,0.26158348657655106,-0.158629958450637,0.2942559897202034,0.24990934356791492,0.0022934486550645738,-0.04113741528464011
-1.865380908241269,-0.20733777062839925,-0.08633649664774971,-0.1557608359535717,0.3156227131909125,0.2625746374669814,0.024487235647495803,-0.04106136417641582
-0.6170760798083463,-0.04523176296597141,-0.9314738358337793,-0.22967091754159666,-0.12172563155804554,0.24754502269783085,-0.04465291216233941,-0.00305827335173524
-2.355432884021165,0.9525190538411439,-0.3081402030101607,0.445107162855229,0.46103174815267417,0.20839456363914674,0.044831494829529715,-0.0025040816753419057
-1.5493883028745712,1.169078050738304,-0.1337309518689005,0.3586375179622018,0.08639522873993448,-0.11312741503464599,0.19683542244689595,-0.008640704928932891
-0.6268300349335101,-1.7525096046059874,0.1346426745948366,1.2706725741104277,0.8255091214652047,0.16209471732828848,-0.20940233803682146,0.11168782943161305
-1.0335251290608576,0.3889429567444506,-0.3712508510984843,-0.016947107820012866,-0.12510477249935376,0.015286059389599614,0.007629232234141054,0.013059237259194034
0.0011495572135895307,1.2781849139621855,0.2609735748279103,-0.06256291213776702,-0.32656184301444163,-0.05315942860867979,-0.13393719699978188,-0.012450519513701758
-0.6073496828464022,-0.2590176784820082,-1.127080218631905,-0.25599358547682177,-0.20946566277125683,0.16074522468240648,-0.029546794739392444,-0.0018518440389195439
-2.79520525877332,-1.4814942419672448,0.3003612072874639,-0.5028175870074134,0.6207000568800615,0.2916213120559475,0.026729579812179504,0.017383108468492857
-2.1709312590973124,0.3931033424113211,0.15973920724429716,0.13103155650001322,0.33884421210966353,0.15179930673610234,0.09068597002238515,0.010998420824579224
0.22113120380632828,0.4379700390232802,1.4151242837113545,-0.8941755629708644,0.42198072849864293,-0.1457410819335815,-0.3352370417264652,0.0016492954817810027
0.2472520122780678,-0.5351039726747839,-0.8571515093042007,-0.6108748482169958,-0.48556812270611077,0.11921149267218704,-0.18346978376840292,0.006214089992393204
-0.5624125888873015,-0.020412540216941003,-0.6068064175811188,-0.2543794860915107,-0.2523427242193673,0.07085286432413204,-0.06335248076125258,-0.0154456903461909
0.25755181334706156,0.5620103335514705,-0.9780981791170708,-0.18843931430446478,-0.4117659163615332,-0.006836722511729871,-0.09229024250995321,0.004800057472071202
-0.9734868370117603,0.3055469849014559,-0.040438927784204486,-0.1178956459804978,-0.15241881053203185,0.05273536544843877,-0.04289080964424361,0.001465597641434761
-1.5402585903019188,1.2913753222039739,0.2813170099044469,0.2424128850092044,0.34232034265930655,-0.03591859105631676,-0.0268111908128931,0.00385754321231793
-0.42184680888091086,0.9264690223860034,-0.3924019053837938,0.024021399223914428,-0.2292358197485501,-0.01794371216343756,-0.0358642252855228,-0.008011138939353409
-1.0347513281928693,0.9578211254208184,-0.03949172441428509,0.13802629086461132,-0.09115582046801438,-0.0016740767278691235,0.011630303424221423,0.007849897512629522
-0.19205039182279468,1.2020443922221882,-0.7622525920666888,0.06897576726462129,-0.06963364024704792,-0.037982627318613515,-0.013016647915671753,-0.005417161454758727
0.21019948714392073,0.6392131624661086,-1.3008867397900028,-0.10179306411203326,-0.3625081240530564,0.0984914291186129,-0.059765809966531344,0.0058713839895643575
-0.3170814146739597,0.2282661101937111,-1.1102740566526776,-0.1540096727641778,-0.24843732594812448,0.06694012259168951,-0.030471848246647146,0.001160042458124869
0.16556317279323904,-0.3234335796001543,-1.1998698458019874,-0.44580568456072955,-0.473477630584206,0.109999327002193,-0.12420262447327493,-0.004010968820839292
-0.09487704920240154,0.17317057816303705,-1.1537745729161095,-0.23310178514184648,-0.27898015889184274,0.016147588154775468,-0.05437463007112079,0.013459531080649035
0.33204707155405055,-0.07649283714965403,-1.1308989809516037,-0.4006172466358979,-0.5263659710636622,0.09296091301153428,-0.13552296810799858,-0.007887140280820406
-1.882515191878098,-1.5741332674717086,-0.19690087059694375,-0.6264831986175917,0.19092678092878354,0.1765478793286612,-0.037254380964712605,-0.00015843926516111387
-1.2725026469342806,0.09349251327936169,-0.15460818745381938,-0.1253734541014716,-0.008352490853194663,0.0971060726073962,-0.00974663297261816,0.004531319603208173
-1.767645914316388,0.01002964110096024,-0.04053669421805359,-0.07511576949561237,0.25398435730814456,0.24163773030229066,0.30635234835263714,0.010167925381437895
-0.4996954570543999,1.0001044315936656,-0.33381175911897465,0.05628900730505958,-0.18926615657623921,-0.04019085847051108,-0.024900348158988794,-0.0329742908486571
-1.9753868524941702,1.916083804283394,0.5116776005899354,0.6168932000792345,0.2810232825909293,-0.071931159703991,0.14904603102948505,-0.03309219648259636
-0.8412014016693267,-1.4848377040772176,-0.8464097505684045,-0.7270178630467685,-0.13703568957374052,0.16933506294948086,-0.10485305552991277,-0.012230353227869608
-1.239732531608809,-0.25721500771073286,-0.8135388589011208,-0.1753473256209231,0.04230660313071831,0.17465012728257326,0.021836514990155965,0.0001951272412858465
-1.5329606757760337,-1.7695863440648545,0.04671239640745094,-0.8643897907939256,0.20156477608342224,0.3236621196880961,-0.1385973318638871,0.01491824436479177
-3.083853739659804,-0.7755771346586089,0.8207121192760943,-0.22246040391817754,0.6273326019886838,0.20311413160894168,0.06752838701188017,0.003637381342744907
-0.6007948840068124,-0.19038401712460026,-0.5764890858709872,-0.31230877512737504,-0.2551806425432835,0.05561344272172076,-0.07044518326325235,-0.0006307764746153435
-0.9728897683917589,1.4240108562824532,-0.1771958546039832,0.2848478821462558,0.0320306822631712,-0.03960916050826501,0.048624397850341124,-0.013877663362362099
-1.0668428708966222,1.9563874798456344,-0.4425804678705912,0.42755932532142316,0.4918252172695603,-0.09827370985632876,0.12177873117854802,-0.0037775725107655916
-0.653116953424265,1.3590190059594416,-0.23615328304070365,0.18616614674230605,-0.044049471264853396,-0.027574513764270503,0.005739625462633502,-0.014067106736601971
-0.27400483004260684,1.7881931294189464,-0.3492615078162912,0.15652478602370173,0.2464314440501645,-0.06794158506034774,-0.008006017411776417,-0.006096949925495211
-2.8393648593170804,-0.7378245139372775,0.7777893918596941,-0.33389570464983337,0.8119295537114335,0.3659222887156525,0.09686365010136101,0.006985770852762123
-4.469078854986595,-2.456579882117654,0.17380165904267833,-0.0796250261749169,0.6135826384508878,-0.3343426021115229,-0.019781737601943024,-0.007829148998223378
-3.87605453499342,-2.642745312863354,0.4721265464671037,-0.5157823630179673,0.30192595881480605,-0.31869081102487906,0.09977261313321478,-0.01026578272608864
-3.554828923336692,-2.85825483474137,0.23210320726416586,-0.6163891317551968,0.20277368126212444,-0.3299517489013456,-0.12527764250314405,-0.009243716832603421
-3.2814466620167058,-3.045788768406502,0.047455958991296766,-0.6710410306923335,0.14974278783528291,-0.2974388343507578,0.09013071726887288,-0.00826834883476008
-3.008719026614384,-3.281113880082202,-0.19337898975863307,-0.564902588005464,0.15210935080480445,-0.28908599368175436,0.06765256788378242,-0.008633759719412082
-3.544244890421685,-4.450237554463302,0.2586938914706295,-0.8238274935192175,-0.1583641370778566,-0.6705505850673614,0.2199032664846156,-0.018232727790878166
-4.557416377261844,-3.853082152087595,0.7328826664693959,-0.39577427744411114,0.18015102292493276,-0.7092674194448034,0.15172872423357833,-0.01815796866435273
-4.756113033549122,-1.850378964376803,0.3695437908836249,0.17954210799839038,0.8005416430538814,-0.09870618065459064,0.03554372562849519,-0.0034619293258666135
-3.8169832904908367,-2.3712519416843887,0.16569526493954198,-0.14529215059172268,0.501680142837436,-0.05929821344621706,0.1981907930943716,-0.005059072727119334
-3.7707884497048574,-2.4319483508538333,-0.03421701185564035,-0.17951642783020322,0.4855430392351047,-0.07061432446788013,0.028043434578915897,-0.002229575910975556
-3.144268103764701,-1.4815568179221397,0.015842216331072342,-0.3927063202669498,0.7967780750679039,0.259047123713416,0.08771829807589634,0.036358451163793416
-3.001686072529973,-1.2479084049540174,0.5551792916935344,-0.3346058114110383,0.8501723262454444,0.317130285128742,0.1398281011779255,0.00621982825280106
-2.242887175347099,-1.7581142595064074,0.4281149621334106,-0.1693107082466812,0.7549156021482588,0.3079681586022146,-0.09218161914146704,0.006322439602223165
-1.804178345842679,-2.0372942913733016,0.2969275086366386,-0.19584147572811866,0.6589528155529794,0.3099019951143457,-0.1777304168364998,0.0063402024261334285
-1.8316444385041033,-2.034540415896465,-0.389562800300151,-0.7683894795052992,0.5073501572671395,0.3592215740786848,0.0904644570590711,0.006231132063610775
-4.503786350655541,-5.210212980680751,1.9985959111110123,-0.7422982965100753,-0.51997277560153,-1.2180916363522787,0.040761639749639325,-0.030304451707869044
-5.653255628334204,-3.5072434847959832,1.7608404286515267,-0.4282637391586533,0.0907306617830444,-1.017638693058801,0.31743137197409405,-0.024233958673189723
-4.568209279005004,-2.7244596137589006,0.4965842407862187,-0.3806940700764188,0.42823086048943454,-0.3683652035171813,0.09946542968413997,-0.0017874544214211178
-1.7413481436523217,-1.2706312176211751,1.2135839839355798,-0.5504376755658401,-0.020689016258123312,0.03742180039722053,0.029328446972364176,-0.0007127727857880929
-5.592189682118187,-3.946969563441187,1.4308931053294138,-0.5742277949795751,0.11749596647708876,-1.0472378575560441,0.28165673027467436,-0.025203259607731794
-4.428347085051347,-4.541968685523035,1.338603932791159,-1.0452199377781801,-0.310279987354421,-1.0398963354627055,0.12776163876418242,-0.025311245981225368
-5.397694024656805,-4.202998428242662,0.7100484624211055,-0.614997879418357,0.10973490985424555,-1.0388938669964578,0.13739455103677833,-0.024264722591260952
-1.7007993694468637,-2.8758896644617717,0.8131613069572452,-0.03919274346938845,0.48467541350331594,0.15132420207626143,-0.2194920898168046,0.0018726521931250008
-3.5055103676618526,-3.2710862834504764,0.5412272507225551,0.5178227440692225,0.21434018203811728,-0.5534426320339052,0.1625524968480545,-0.014993179718442249
-3.8837979362331594,-3.379276531122299,0.6889622461127336,0.7837434274964667,0.6048302637375919,-0.39965149423153845,0.0677964678781516,-0.010617409323650856
-4.096011327904735,-1.8088631291726873,1.1391448888373794,-0.3836024646218121,0.7646104599942333,0.08459222629423313,0.1424153644459585,0.0027871822363170666
-2.553333409715414,-2.754554537171139,0.4709365148845505,-0.8248189847743287,0.31542822257154646,0.11622126573744795,0.009051815531181829,0.0024282107825152515
-1.1157573997339727,1.213699105369083,1.4996218291161911,-0.0020535590061001234,-0.05411598394036582,0.16189990355139738,0.0021604417117130213,0.0016120189755255779
-0.1333331248756358,0.04581770841444631,1.761161606055726,-0.685505034460561,-0.46288006395836606,0.18959722689200478,0.09216533212255587,0.0020807425279696225
1.8727637212049724,2.846491506723365,1.9723727706769396,-0.19164411711096077,-0.7668798092168015,0.05864934808640812,0.17631757013891053,0.0012315676494748463
1.6991402806871727,2.748489443312018,1.6557904824961558,-0.049825873222223295,-1.0460900339640131,-0.1013752792753862,-0.005337552406914857,0.0012820799400907361
2.322348451924614,0.6767711707784265,0.3901606714066744,-1.0531877469773567,-0.35427990190929415,-0.17800041353419824,0.07421304315835207,-0.0023992654961622843
-0.8683229485768874,-1.3026582537063944,2.5357188942203495,-1.0760548432793127,-0.18294224092129388,0.3209877027865669,-0.22859253638966823,0.016606708299300766
-0.826138385471749,-0.21594022328542617,3.050379343107226,-0.7899600022383023,-0.3946733986305436,0.05788990633791717,0.20388994931673743,-0.009380157248238243
0.7458154938797259,-0.7887086542296874,0.6608070892760369,-0.14574633926533653,-0.38822638668679155,0.14782905910056296,-0.2018358314353945,0.0019320197101987814
0.5935655674867846,0.8637626729954097,1.0815594697491788,-0.624064220259879,-0.15931601938096762,-0.3402811296116102,-0.42440496127739546,-0.002958058675859295
1.4438934806158124,1.1368242575795946,1.9949839156136586,-0.2558289509538299,-0.05554440088657305,0.06679635665130365,0.4290228085220042,0.0006275345792146046
-0.7985534838900004,0.42136904724262225,0.9712773075738039,-0.2808971689104642,-0.20944434151508484,0.13322683092174692,-0.06642785654145499,-0.03934024007298871
0.22384253684842992,0.6813848727231631,1.7780973460546523,-0.505658270344834,-0.6704915427219694,0.04946197294483606,-0.05754549536013208,0.01180451305704137
0.5196194767917537,0.6867773618645193,1.6972762437990485,-0.6653481842715946,-0.4525476263309443,-0.10843676230392078,-0.22111057639963047,-0.03589926667129807
0.45948069179729084,0.9394506710739653,1.8602751477197677,-0.5991474072919708,-0.3585188964571242,-0.17844133676177382,-0.12991601985112738,-0.05257799794307017
0.35960701020649377,0.9244877238015146,1.701817539056989,-0.5880465751245236,-0.25912670890257666,-0.2471244878405404,-0.30418378895435877,0.039774276304519164
1.4450081925990426,1.9711723949898932,1.5171752900452458,-0.4279591625763271,-0.5126802790206751,0.2281949690252024,-0.37156501219087074,0.00716323993442599
3.0618155599863126,-0.07143250851006641,0.9585195142274662,1.48083231932682,0.29229567197157497,0.26136278325320494,0.12927390346264425,-0.005068070178442027
-0.3470253598067304,-0.2158788793723293,2.742010227176808,-0.9197670278983605,-0.3252319711039226,-0.06789616435813006,0.1696851507584683,0.0008189786406672169
0.57080994384462,1.0174431412282194,1.6311403493820742,-0.46996527055569787,-0.6909719743552873,-0.31799327575597003,-0.18988441892796326,-0.0024146816612585155
0.7705398988555138,1.39268543214099,1.6075886286493573,-0.5510259263722772,-0.16023547310286948,-0.0013160846780583674,-0.26509306350625733,-0.002544036424139771
-0.09063202739321517,0.40910705073848713,1.855898596820883,-0.5440822082881585,-0.5955043415855094,0.07122139820543183,-0.05609429758002555,0.012558120345544436
0.2893461889952467,0.6663085119854265,1.5961874634719644,-0.5964872071764841,-0.45798303659018746,-0.18732544318060984,-0.48131055777119736,-0.038450690710705164
0.7072317973597545,1.143159982064136,1.7930440874220757,-0.6802679670772882,-0.10335938182459148,-0.3387342019208393,-0.294440945275435,-0.0074853225874953145
1.8851362635095397,-1.0960376836728642,0.5176705792775904,0.6814844644051643,-0.4296257771912883,0.09399597065101416,-0.04160992620717988,-0.001324507223355163
0.9123665045569667,0.8326652336903992,1.8514432960925495,-0.8114164504593752,-0.29965023537740343,-0.508339143553521,-0.18624789800569222,0.11706163780977273
0.7201702700474594,1.1612663728224255,1.8046591046745601,-0.6990341481251764,-0.045386031874998026,-0.366379541380939,-0.31878866578563275,-0.008604464061753442
1.6387938819279446,2.3294128007888197,1.921853085943281,-0.17787131100058948,-1.1973978191806873,0.000441545655979496,0.17038109479531213,0.02222294980140464
0.6589656790531532,-1.2396074800636359,1.1245957701007259,0.05946225408503123,-0.22520303771965824,0.19720950777051946,-0.2507087458023565,0.016711371847531718
3.4582635255227387,0.014008158720695404,0.3442907216312374,0.6869909027343782,-0.1883940116429813,0.11992534830789156,0.30642908681149267,-0.008522032929616766
2.4492203964717625,-0.45915297778621644,0.8341925936495311,1.3695778003848913,-0.3160255366496587,0.0676562056915772,-0.04063268217410928,-0.0028839064052505526
-1.6104823074614554,0.4952883335605539,1.1723470886492013,-0.07033764772582668,-0.004896567236455996,-0.19011922897979738,0.20841894471162853,-0.06824472131717862
-0.6293363362410908,-0.2926763351107406,1.8161104763106861,-0.6530210681124637,-0.6147682919443672,-0.3283795938835395,-0.4117979924713144,-0.006060416197406928
-0.6491875684736075,0.02977505221075183,2.85068260038441,-0.7288163155524522,-0.4042256220301867,0.09358056552922364,-0.0011869795603770773,0.00949415759463664
0.004559615691311563,0.3936512473145697,2.0498661276320544,-0.5845172020095818,-0.4259780165576356,-0.03113394649557659,0.01592524595838148,0.003544355295834265
1.2893735022728139,1.36638444274961,1.723231205442339,-0.11097631197467625,-0.5973265160569413,0.1127012582925065,0.3471047051745889,-0.0019147595807889833
4.105749145231339,2.3664740669057758,-2.183665390343119,3.3127250990454806,-9.733309338855474,-4.911820643404052,1.6328240511521876,-0.13863731335404136
3.610864372733113,1.7779292644220488,-2.2985839123426555,3.275872098081907,-9.133922903498291,-4.158095228552703,0.894068794609079,-0.10041196288103212
0.5252948439653757,1.171909064153367,1.733178659359412,-0.4295857180348571,-0.627782979878965,0.0028044842590154236,-0.20626345260893214,-6.197387076421316e-05
-0.16851795051114354,-0.005005478723805678,1.7531459307517507,-0.6922866595870659,-0.5084146058838475,0.02319170753854946,-0.10868598609742282,0.010956903246264764
-0.5246169763911711,-0.013510386417824776,2.498021336771574,-0.7210725191977413,-0.4035868513071212,0.09652824929887854,0.11016966728864871,0.0003489447827293261
1.7365630071314322,0.38650869614280475,2.577969685385524,3.050921470570415,0.4627232035833574,0.05638628449621863,-0.17877449069345575,0.0005762101608346911
0.6415243159666404,1.0593849391984946,1.6664487383658388,-0.47348901303882496,-0.6690559750102862,0.05976390643091402,0.008516687382103556,-0.00268070926206572
1.112553304425216,1.658604618881216,1.6791553716921317,-0.45939501100570224,-0.49695940743966277,-0.08014553421579378,-0.11392248525550307,-0.00270126310631348
0.5292177685397269,1.620973945511254,2.317489646425465,-0.38541490075911106,-0.4856524926573535,-0.0029968256847521992,-0.0021803488540730197,0.0006241197159354482
4.312849193923172,-3.295416622327345,-1.4080167295899717,-1.6925717131545512,-0.196131258373677,0.6910834572829213,-0.4308936799197451,-0.05968110155904418
2.283312003135295,0.8148869830490787,-0.6226021301916616,-0.253578379580826,-0.38620245670831105,0.23513031609343252,0.1937616566701599,0.043577972362978834
1.967179118505595,-0.9464404437359955,-0.39953075652889736,0.3075980412408427,-0.6715227522666668,-0.006342029060963329,-0.3333243306670897,-0.0011776256708632238
5.686054440064532,-3.00909347566218,-1.3886100162119241,0.7576214531400262,-0.23844207012363425,0.8893533806016221,0.5697599083804169,0.00952273106916635
0.7683036915283467,1.28008205280758,1.4709111021296561,-0.3816041598937463,-0.7738795197734402,0.09578673402563105,-0.2717857790102186,0.031180530329472825
0.08033721168943746,0.4063230928185477,2.2952479707195197,-0.5483905914376255,-0.6791178019861388,0.17684849214720655,0.15962755566644596,-0.0002585386640149551
4.466110669769399,-3.3731243054799696,-0.3096954531841839,2.2926895317973726,-0.27378930679027846,0.31514272014189837,0.21642021972987827,0.0001834799552734348
-5.139726533465881,-4.971643368037807,0.17129260682066716,-0.7959741572771315,-0.2711209531098608,-1.0258439617702586,0.1717889234361029,-0.026625224248105227
-5.849089167001987,-4.649707073914023,0.03230623320604784,-0.5072914903257528,-0.006210029625491392,-1.048863992384104,0.0370197625769564,-0.025538833488068645
-0.3625324801491352,0.238777514299063,2.463062978838051,-0.6405482780566862,-0.5048797540490659,0.10166517952214256,0.09036345719643418,0.0005180766419305248
0.49483759233534713,1.4694105381619331,2.1361257897227306,-0.3696308490786664,-0.6516778034137003,-0.1129415161859856,-0.2784769525302263,-0.0012681176805374337
-0.44723684127445557,-0.19362150818449564,2.7849441120336254,-0.861733519817169,-0.38757940656969675,0.08244860626342433,0.22146557154740887,-0.0003138961311107674
0.7973788464721463,1.226453919665662,2.120236623702069,-0.5143226572943289,-0.6408642657398949,-0.007748997847664163,0.4973623489668106,-0.0023146860576130045
0.1406490776569492,0.33335159114460405,2.591557228393479,-0.7064427331230921,-0.6767176335866092,0.14939603785449682,0.571656527178578,-0.0005088172754751065
0.6983776663519299,0.9438789576470032,2.1194327499916237,-0.5752588989921757,-0.6918416586006559,0.19446426254867374,0.46769144464260437,0.0010410534634936002
-0.24249013353109433,-0.03707092676345571,1.886899332159537,-0.6496456358299809,-0.6713361764282547,0.12605329248228417,-0.07791130098007497,0.0008192283974482387
1.1374836315789814,1.8601047175906174,2.163531632569822,-0.4342685409369176,-0.6029894605858411,0.0355566711440637,-0.08440584008393381,0.001700910826878286
0.43740842223451737,0.957599598253151,1.6279650709604363,-0.546825956639348,-0.40778468576268945,-0.21474943839303504,-0.3784256180655927,-0.0015909935804880749
-0.7971354196058543,-0.5101426307484056,2.5420669340583526,-0.8998966946390589,-0.1741800467626909,0.27553498418448563,0.1184053651893582,0.003909194302232856
1.2651327082840746,-4.515791044223708,-0.5117031227455994,-1.9689536541922603,-2.232835930756494,0.6685800911610846,0.24564203008074467,0.14766414652510412
-4.29634339957834,-4.32065267837227,0.2273971147097414,-0.023171309336301252,0.03278129891212801,-0.8812332580367502,0.13941964391416659,-0.022777247299478668
-1.8741573320570277,-1.6112126504620503,0.5071928127726295,0.9786933059255377,0.8391498533453463,0.16828256294454624,-0.03673624870156683,-0.010930855894053928
-3.422339970097664,-4.911481327664337,0.8889245943265794,0.8883313585981895,0.41519943718297486,-0.7561754082148197,0.0016673681589112976,-0.01928197912689729
0.9484206047409507,0.17814575460700247,0.5372963718285294,0.06071018056730749,-0.5650676256348749,0.03511804681346161,0.10455116728748906,-0.0011348103394226922
3.864356003205743,-2.0532001757360137,0.051565324629436186,1.8639759599026346,-0.42486701804359417,0.09518930351154184,0.16718032548758213,-0.0019800343281912935
2.349764343306197,0.9496899730028887,0.44920121867248264,-0.03764903314508559,-0.17781078423916158,-0.1358651036233553,0.03927009371325147,-0.003170247236924372
2.5659122864506925,0.07217723617783459,-0.07312660509355495,-0.8980993735915309,-0.8848630582717227,0.1406263506868972,0.313724311282961,0.11391409789613989
2.1540890492253646,-0.8348632926511299,1.7739957409680596,2.4868888791275783,0.15457445569347192,-0.04659004389536324,0.001327269131191234,-0.004842293715817032
4.32005447625526,-1.7553054471795941,1.1064512025137898,4.240489757111951,0.6059753420947515,0.08103149888528215,0.050873471552166774,-0.0016557381483512362
1.953439669912377,-0.16414044847181644,1.045021615896201,1.8215688213983305,0.00502196443260659,-0.1561772567170257,-0.25830817955847085,-0.005074644758959433
1.0495468658886666,1.3390833661365515,1.7728776757165272,-0.39852664005619615,-0.153601269351779,-0.2984242909331197,-0.3605593144688324,-0.002055426633580345
2.7945998378659573,-0.8700471810532169,1.0270562184874166,1.5881565238234119,-0.3527069166568395,0.17530742003451635,0.4302741730910854,-0.0012856282782999424
2.8008999646701205,-0.6723851438407619,0.6453258706483528,0.3629669202388153,-0.8020772134648437,0.19630510055832592,0.47833764707403537,-0.00010978708833837815
0.9843237694433914,0.3065665149210649,1.1409227589092354,1.475231120274886,2.079643182520732,-0.23641828524643344,-0.5524478844082755,0.07690167865343417
2.4120469593055813,-0.9068874752352297,1.9010039607419527,2.598447133150332,0.18870974371565596,0.09862262201249922,0.2425652370447169,-0.0016394915970286323
-0.764662659933179,0.8051988445679177,0.4773941610652244,0.23284530362609027,-0.1649496499233455,0.07717702627389407,-0.08891474471260673,0.0003186410984715044
-0.2716772883580617,0.6377810603186698,0.6386763683789696,-0.1512128787450728,-0.43560479658197404,0.07231145095049422,-0.18405174411946154,0.00012594201463191532
-1.1515426326194618,-1.6111526281281852,3.1392789093470523,-1.280535031565451,-0.0033221229762484205,0.45781297549395056,0.27289124031563344,0.006559870343419748
2.0088017347831078,-0.15100560585318915,0.8983005294063429,-0.9768550985176607,-0.9787466188443341,0.014121713695705324,0.800899846007653,-0.006230508400053361
2.436161258660229,-2.9152117725417424,1.3122868576599693,1.2577818783213337,-0.0014153668515190013,0.30981026397599887,0.7044538024402209,-0.0017184914094751538
1.5032887527127963,0.8548923316184729,1.1909261134758788,0.1139755092002306,-0.3461817741150771,-0.03385564629407011,0.13086464365312356,-0.002432091282173348
-0.6347081466682943,-1.217164109535597,0.8416261083766261,-0.25282510812410214,0.7971203418425526,0.27272138243718114,-0.2908808426366303,0.00773430390410933
1.1659289748793773,0.356790788949015,1.8135104855637432,-0.5903651830269263,-0.850940339708754,-0.005841339045126666,1.1487820699028262,-0.007336350590837131
0.2631791260449864,0.9334768792233077,-0.014037617741062672,1.02977755159934,0.14442132365546712,0.04156263383723342,0.09080364840751962,0.0012000403325931814
1.355099610603998,0.32053192927743274,0.01656325753315284,0.9364603819931435,-0.1434299862751219,0.014820887400185183,-0.3286319539224728,0.0016549345548373879
-0.835878045471965,0.22436129569126975,0.33087890524546815,0.9974683891529902,0.2695545016981464,0.19139581568728808,0.10691191896739519,0.030731228195886567
-0.5309395719010376,0.0946256481000197,0.16918835531539783,0.6360289552455796,0.06465945150160755,0.1770193487160974,-0.13322269994474042,0.02612645262539067
-1.2439260236525564,-0.37460831977038195,0.3504847234463267,-0.06503053591861936,0.1189973700169987,0.14203448592018914,0.13145114906821098,0.0019311037114484704
-1.221664617237522,-0.5656048166427463,-0.21844972858837658,0.1960470715982499,0.23203141602971156,0.09757260098818052,-0.4364056274287773,0.003983698090184899
-2.9836213449855262,-0.5618414073766084,1.3918729779213028,-0.28302094813522777,0.736094854795248,0.3468256685129615,0.3320916131893775,-0.004361579380714594
1.4591181481523166,1.5811878494738578,1.846944404927616,-0.4384213858448917,-0.41361240997734716,-0.0789583909285664,0.26954995238456897,0.006299695265829601
-1.1776880872259705,1.122498914103361,0.4083895001790442,0.12893845255555403,0.07231667280106811,-0.05929151335607786,0.10623703932934203,-0.0009759301480610076
-0.8388119163133178,0.9043320417501006,0.17349432128779818,-0.0015927097147501932,-0.03842696434900967,-0.06159375572104065,-0.03610813506354736,-8.752742299315478e-05
-0.5151652611214551,0.7036696004082678,-0.010888915454806776,-0.12458574351858577,-0.14165385462979416,-0.05463197289783526,-0.07397402646476557,-6.742788856621893e-05
-1.3072507934894704,-0.5810904354322028,0.9152479881834296,-0.23577729687433457,0.28231244603840977,0.334743373494315,-0.025674228244586633,0.006910197016978952
-0.007610210938189924,-0.9994531298499855,1.8456862147823883,-0.889046862332554,-0.31949748308582254,0.3273746808208315,-0.0756217814342121,0.005409035219085922
0.694614208820937,1.0277322666924178,0.8747401182624139,0.06899490776713806,-0.6178514269079904,-0.1924360493448081,-0.345157597590575,-0.0021438899928894342
-1.1401769388227991,1.0507432825277834,-0.21470175807421926,0.4046931725089068,0.039817817446559475,0.05042919320923911,-0.02446483214372177,0.0017865410526314452
-0.5518878981850018,0.692803045948137,0.02819166049676981,0.6809313175013303,-0.0012701457807251686,0.03581375949133714,-0.17905443563067477,0.0015223507062751915
-0.16297573297760143,0.5908909243347081,-0.02801601941216985,0.08127828404654715,-0.32562905242566437,0.02013927808686483,-0.42749084745210897,0.0019433979920623918
-0.30890067339758187,0.5342544438611153,-0.5912261471593442,0.18291188415161458,-0.19650271651637816,0.06416228462433475,-0.1323387481502962,0.004282292562754957
-0.02723221502100315,0.47878167611727024,-0.49278189289956575,-0.2057049762746506,-0.4202353239799352,0.05713770073574301,-0.23120288612704795,0.0008546965805474228
-0.07013347392865799,0.3361467468824056,-0.9685277976408091,0.08886353994664846,-0.2543570392632569,0.07772306104842124,-0.1438925989790069,0.002614369822208542
-0.10020259620466646,0.24814096003984226,0.9311862942284093,-0.2666400077811849,-0.35115106556923764,-0.02533833142138022,-0.5030475876389017,0.009759781668437282
-0.8418120511679451,-0.02945160667537599,0.21967663838359353,-0.30168817154096067,-0.15876056179893064,0.25046588434106953,0.4114684314719777,0.0024096518094852705
-1.1510514148620117,-0.37900135350218217,0.15787756105305298,-0.3990775604878622,-0.022174816379429398,0.12728226809370297,-0.07852114012292613,0.0026680298743218442
1.1351485916763975,1.8656461818591317,2.032239982495996,-0.48427637514313504,-0.10117679883259206,0.06824706115890826,-0.17801498698687784,0.002977872499565532
-1.655857297889356,-0.4277129257765445,0.24048420285960925,-0.3266885570845467,0.18594740049027686,0.1665139433835811,-0.012462519339245805,0.0034647048726351615
-0.23639985428540244,0.7204684292841457,1.6541114393386946,-0.40860022466728646,-0.37418722494085777,0.11187984363526823,-0.024895306931430463,0.001804827917791284
0.4880330061630651,1.2139071948495495,1.3410073473093915,-0.2821836604361045,-0.07130331022276248,0.08615145169316053,-0.3375344452106472,0.004492403033205045
-2.757673010073975,-1.5906122944313974,0.986908189674965,-0.706676453530104,0.7192258747616979,0.3652811724945933,-0.07203099901525284,0.006296209443432158
-1.19889535766625,0.8794242418936323,-0.25941739905265565,0.5867954400884,0.35019945172949113,-0.34802746687295655,0.15797667243589164,-0.004477508749079084
-0.1717905310902364,0.34987199572731953,-0.601273178837392,-0.045779774623442133,-0.09894665034175572,-0.34752121577240447,-0.11268784127801207,-0.0040698193343208485
-3.11736014119977,-2.749916262484867,0.9745319047592876,-0.8426272814410056,0.08473928300595379,-0.23731442465717495,-0.014610728498451466,-0.006960362169112904
1.4695788404182848,-0.7278416395933679,-0.015814082555525605,0.43236796338897193,-0.276472950986983,0.07165590164128388,1.3204317386211386,-0.008672992871639413
-1.471656217561475,-2.5426333038181372,0.44386671961208407,-0.6164141223563092,0.33288066867977,0.28118603710178786,-0.15696889249748153,0.0045166655631461265
0.982916815811266,0.40161411551773324,1.034720089923309,-0.24146321787491748,-0.6453089005775393,0.018394891083764225,-0.046621373304066314,-0.0015906377384392457
0.8680868022397066,0.35019675246774734,0.27960894749647736,-0.41067710355263626,-0.6424836047844268,0.010457168735571879,-0.3125004023047811,0.0008217477664044587
-0.6176153819467207,0.26420056626416005,-0.3628208374197188,0.25439064292945823,-0.23561831395636854,-0.13427122148266185,-0.032867822028764086,-0.01188060705591465
-2.2251236447577534,-0.960543117596573,0.48409443932288415,-0.14324867137238104,0.6736980578834364,0.3287888869092281,0.19741702405657374,0.008290974811157028
-2.7341342044230443,-0.9650930156196743,1.0516783677774546,1.348677108434853,1.123201882020386,0.16845526117673362,0.24944985026983815,0.008657335868742953
-1.9887624326297788,-1.2487046681924665,0.7634348628916438,0.41498207597811415,0.6164511633038039,0.17632161770060786,0.09400945297241119,0.011489589417484706
-1.5414570177062035,-0.3561534234727219,0.17925904776833462,-0.325754905543748,0.17745898960541154,0.15280057484106815,-0.046076836149229264,0.003043585294507261
-1.0904521390026956,0.39113648646203236,0.08418615720553717,-0.10829092289535365,0.005804606644359967,0.11567188342449039,0.07371170157807608,-0.0014464910119014324
-0.6084109793781677,0.06091566154186592,-0.35190973546895876,-0.29740358429096947,-0.15676018419695092,0.09133267385409054,-0.35713014864307174,0.0022712428120611177
-0.1566723615358959,-0.19121243341186617,-0.46636127956697804,-0.46408533585255374,-0.29351672179938104,0.13102975198968825,-0.08636303120862603,0.0016061163821335126
-0.5428706766364548,0.35734263095379204,1.001187754480848,-0.38511077808493366,-0.28940011859669795,0.09337648543164269,-0.31778630080596837,0.00798971387881488
-0.3743121607051648,0.5166344222564097,-0.16146160985909774,-0.20740483061667367,-0.168993979325152,0.13916463282075703,-0.0722587614460658,0.004088900857508798
-0.7877564476502313,0.032691641448259964,0.43020935429550133,1.023158465597148,0.23455345020187945,-0.007350095401183078,-0.034693191472836116,-0.00019943293755413576
-0.8291815436407054,0.13451384071287215,-0.058803181111351785,0.24047210333306243,-0.03022519354377423,-0.0007238124324150848,-0.12671608364901066,0.0006715653011818461
-0.1969903553474457,-0.34888370595914475,-0.14291403063879737,0.647697156155186,0.01055909077172881,0.02330258389201868,-0.0019611152216118754,-0.00024134584894460912
-0.49137046097699383,-0.31870846251474577,1.8814062866302033,-0.7391063623661505,-0.49184205519234014,0.0659474841337072,-0.1879999930356694,0.0013783846871364587
-1.9758223948755478,-0.5533556344724652,0.6501319624549844,-0.4049602761440582,0.4154854880937574,0.2608449391337176,0.046826791057485904,0.0041622589178439045
-1.5141550260440308,-0.8340843141442014,0.4155973362321204,-0.5792351897641248,0.2700047299707974,0.277239789868067,0.06203063526215574,0.003846299613784428
-1.1843040437785108,-1.0650776387398064,0.10295153671267318,-0.702169191320413,0.17023795434875127,0.27705717075079345,-0.07885507455302881,0.0038514893086859002
-2.3976883536777076,-2.310269329201401,0.3468892733023471,-0.5871231838888054,0.3370223127529834,0.13995584438627717,-0.21600944523429622,0.0024951272988627637
-2.301282703256428,-2.498691996779665,-0.07273316696810342,-0.3982258165706278,0.42585880821890715,0.1570587969416356,-0.17220044358343084,0.002419665244455287
-2.097075286843096,-2.6860344969522556,-0.349175788365234,-0.3597933902413622,0.42601250636112015,0.1805833974338979,-0.05193489000920748,0.002254780696807453
0.31159364166467474,0.050881353610798034,1.2204913337175036,0.006367565442503488,-0.2973805654326211,0.14084305577364695,-0.19143125392267749,-0.04543531983704029
-1.2144205764607547,0.6782249078154984,0.09413409738994077,0.07582353945086034,-0.12234463323529622,0.01610963731481676,0.00640054290671558,0.00015080278973514128
-0.4183428614104257,-0.5587464561940776,1.2337223635161867,1.6275060504213845,0.4921592806214884,0.09516557953436211,-0.13293513495068884,0.0030818510459380264
0.31506451925261086,0.7248764552351018,1.3444483078852976,-0.11726724887403704,-0.4220352009840369,0.031275444775286376,-0.3894548005587172,-0.002810424857336938
0.0668523922169196,-2.1807724508610793,2.343396093120486,-1.5674787203786513,-0.4373213534916293,0.2694774744680595,0.8572638673177883,-0.0001469297767590541
-0.8152250633478738,0.3471408250585275,-0.10314500119258734,-0.10531093330346322,-0.2535744682610601,0.009390190684415833,0.07114236567090303,0.0012527692597160648
-0.6304829441216158,0.7271549559118811,1.081878696128825,-0.2351066790979084,-0.18581872844965303,0.07820968132991003,0.07236440546398641,0.0018552501651990278
1.711552994997205,-0.8031178775521695,-0.6161489787787451,-1.1151592307709166,-0.9118199241109657,0.11553486459126795,-0.4216861098930208,0.0004911061111979304
0.39236386262825873,1.2337979940998518,1.2437050685060491,-0.46622090367642327,-0.05643421459556645,-0.08860880471667144,-0.3389013658906409,0.0013617766776793231
2.0754246023736322,0.10787459924530605,-0.08172450969320734,-1.0829664678666038,-0.5498051223283025,-0.02990748915394883,-0.4194873918603342,0.00561049347176133
1.2200106354002802,1.673925062860775,1.8376291132465115,-0.3546009868157405,-0.3980421475896738,-0.013819044716882476,-0.05085471889274731,-0.0019556106703630793
0.6262749797101451,1.1507010956810133,1.5286024208030191,-0.6511611237540562,0.01340654332881982,-0.10823849524889638,-0.46356704840566276,-0.0005480903586382972
0.5225361882277091,1.225211633533985,1.218841557395188,-0.4642898837699869,-0.162016509006474,0.06887135386378104,-0.18413203134397252,0.0010545238077011628
-0.9725321081671727,0.7646657076733623,0.9708060209553435,0.30463388923602314,0.0270716358237261,0.14896117828374003,0.11661930779943391,-0.0996636396340562
1.6687634015261013,1.5702199814026276,1.7790937512454263,-0.19479563514612688,-0.23087843462091023,0.03155985219100701,0.07261170970153814,0.0021676313378695125
1.0936524609889322,0.18198821038735893,-0.6726142143614919,-0.4709004981945577,-0.3208171046902017,-0.05083342095656872,-0.7547422238314972,0.04857393783499774
1.8727461985060672,-0.17532793221294724,-0.5002444989531312,-0.7562702153811455,-0.590474279598811,-0.0047796525498081536,-0.40245697062090097,0.04688880688262916
-1.8503756637225537,1.1142602975551876,0.7723040355921218,0.30736452515622587,0.06535001441218441,0.08702858806745471,0.4164919640280249,0.0033268988407437416
-1.3507844141321184,0.6548986956502071,-0.19073335534143493,0.1490053167624801,-0.03236833056463503,0.10936136712772596,0.28915093277626847,0.0035809314278030446
0.49866860218448666,0.39748552780870927,0.10300517044583066,-0.46210001438276965,-0.5702573904488467,0.06151927987146174,-0.12146795375719158,0.0009746596840885863
2.3196756445647866,-1.1173167258063668,-0.15798088180592013,1.2361029810100532,-0.2838116295746306,0.05003776134354001,-0.5149355497464684,0.0022613867079770865
1.418883952727801,1.3740765639650765,2.0297408467222695,-0.6746580876606743,-0.6453235659557793,0.0042005993810380945,-0.3044593023408771,0.002089871041069556
-0.430937333504625,1.6979924163942675,0.2631336200148232,1.028313490422149,0.5637795255494692,0.054864538708217316,0.06241994404376323,0.0034613279072344388
-0.07001386828152799,-0.9043249299306738,-0.028176022692671058,-0.8581708232570797,-0.26796977633406727,0.27230933314292605,-0.26703112104705257,0.007918904715939685
-1.8322383990159827,0.22526288013323964,1.146743447184244,-0.19434293481164175,0.28221149927977973,0.2372985346517024,0.012341646740203395,0.006290097487881852
-3.0123138152891595,-0.49025816195499905,0.3872811142034342,-0.08909913315760758,0.7212625463884453,0.16473271695875855,0.1306339988410388,0.003795848669104928
-2.2993482083480914,0.5690756568232248,0.5358280429954458,0.15237846774018704,0.42612013060499465,0.100051269320505,0.10981764983525263,0.0031753833562657963
0.3457589352775372,0.13801730191865338,1.1606743472180046,0.49715811423569733,-0.27516582076193563,0.03428104467186083,-0.8090497308862895,0.0034233105460703306
0.09126697924988676,0.2700187980812272,0.019436944354718946,1.0014685034159498,-0.009843928926393354,-0.09767940834780073,-0.2932528268955203,-0.004718262569759432
0.35877305347283694,0.0043358930746103756,-0.562081121215312,0.9365210366143032,-0.02684382560321219,-0.03776233369731733,0.07868212963128346,-0.006446551412733592
1.8782108940542224,2.837015883020644,1.788156267072011,-0.10316791647981886,-0.9256537157482216,0.060401180812404975,0.1770731911850242,-0.0037263606668481407
0.14690091564076752,0.5723769508830031,-0.5389539878228682,0.9421449329061953,0.12747044092979967,-0.008996699878520482,0.08933254837120319,-0.01086399149097653
-1.0821286837252044,0.37465365811427764,0.2786274316774612,-0.12238353800167598,-0.11054758486341949,0.09971967391783318,-0.06445426686597257,-0.0018645461466639244
-0.8774507081466922,0.20399123759265886,-0.029371234592914516,-0.18608216424299037,-0.1493736654056549,0.12188101086428584,0.030077127267099005,-0.001255031520250536
1.0453187844949143,0.5985156120030631,-0.1259807933543082,0.4396778551780339,0.2798200784869638,0.03400096152911571,0.025036074736585718,0.0027140653664953457
-0.5996706525895609,-0.319339590874957,-0.29274270648231576,-0.3359561784984726,-0.38610015888954174,-0.011627752249916261,0.48371711782747684,-0.0038845264805354787
-2.290490596063415,1.4581898628755134,0.6691746740529326,0.49685706353759207,0.36887298277805375,0.0761133630070049,0.24584170480487869,0.0004553233048614613
-1.8790114061306156,-3.4021136583659217,1.2167679414052484,1.0471172065588246,0.7820257925730766,0.020491904527267117,0.0887579506281644,-0.004163268209689751
-0.2622988804237948,0.6360366730084958,-0.3979429864169781,-0.10802192072596924,-0.2864135783621747,0.005242946430337184,0.184420400888187,-0.0009906810411235555
-3.5190537981941046,-3.508993716454161,0.3996248199523739,-0.9079175757211261,0.1144376531030781,-0.3401605265166921,0.18326851741204184,-0.011271677361423588
-2.414398376262291,-1.6165768593909062,0.45380784363568044,-0.5953444012598621,0.30131261272422283,0.112107088591042,0.2340497932082645,0.00032707474581384266
-3.762403358308423,-2.1963455502770657,0.8379547638999382,-0.46629011523375746,0.6044752675338083,-0.04688694473199262,0.1618026954622952,-0.0023286348123480426
-2.556982663664807,-3.0649159924907705,0.26872173004429706,-0.28789503453746484,0.45258649127343414,-0.04289203438257427,-0.1312879863701307,-0.0021680875730292724
-2.2638552420759406,-2.1994771378801996,1.1963042108649695,1.1249184313673266,0.9297099309005502,0.103512241470228,-0.01049551672287963,0.00507290555667499
-1.1122341224761252,-3.2033055868849445,0.5585031918766382,1.9656689028688867,1.0582504923615577,0.11458041562484747,-0.21987205477877597,0.005761400969832301
-0.7067775375339174,0.09486589633022752,0.5335063995696776,-0.09108562022251171,-0.07149796235804388,0.12503858938977994,-0.0985171091463309,0.0015476027222836256
-0.19137222459166744,-0.43499065413765287,0.17177312729042402,0.5631544386737879,0.11197386776061984,0.15374080143084998,0.02489043698697274,0.0006886262087949918
0.7320408131612266,0.23944128054806663,1.3840121128106897,-0.37392165179033077,-0.5913578108129351,-0.09723822090216405,-0.019402251886494328,-0.05233446903476152
1.8550763638273013,0.8686823037000949,1.8486200595102331,0.9077014838205101,-0.1594179452266623,0.05782349798755171,0.10736620861814271,0.0006598919374777629
1.712201652875778,2.7517650342983084,2.0207159804147596,-0.14181543295611976,-0.7271856603620699,0.11391051657139603,-0.1684718224827965,0.004444950652948712
-1.0287344591932785,0.3956329712138325,0.6295931173343646,-0.18643444723303973,-0.04517889550478595,0.15292990616407567,0.31117345615584796,0.002533003798141367
-0.2717018569069942,0.07823451687833809,0.855345020983027,-0.5272001848481672,-0.38578880123435655,0.09500716776018686,-0.31207181160673214,0.00662045476454263
0.21888462801988814,0.7116373590435966,2.2070558666327407,-0.6516488378078238,-0.3816916618193606,-0.11938052500142052,-0.018009441678918634,-0.0019099434361813275
2.2226650005156685,1.7770402151832458,2.0211591119012913,1.0789050104797375,-0.6202238269836738,0.03963708288148974,0.06340806255861622,-0.0011294564861858518
1.4631349133175533,1.6920371836438903,1.499313349747714,-0.6800479200652284,0.0026627339145748226,0.09597794351902542,-0.06427295504474144,0.008862729161267261
1.3421320716269405,1.7852844063260476,1.6460886056096038,-0.4472380452711967,-0.6043241061558218,0.0032984789695905134,-0.13603610136272093,0.0036329733714321644
-3.342010866199733,-1.3148886094733496,1.169638297007684,-0.4231578492695294,0.7017075438384883,0.37052659726437476,0.11163767545710955,0.006541778600971667
-0.8869178613677668,-0.3965096486016438,0.2235505308295897,0.7331604277541511,0.4440772224905703,0.18575841916927294,-0.0993373009567879,0.004014089755774999
2.143728237002841,-0.7665587983374852,-0.4551455891968876,-1.23755857333867,-0.9993867366378365,0.0676323829256796,-0.34751727659727444,0.018251213311459007
-1.0797502935110392,1.0062700833832754,0.3780512551500313,0.0460472360760066,0.14110286781065529,0.049148334058523334,0.2540016491091842,0.0013008079503915382
1.1291219995128863,0.014671611254584056,0.2660223740805313,3.3165643441197163,0.8956298770769797,0.04664644820515346,0.46153959957545615,-0.0019723503283944534
1.7145466777287786,0.511169299478433,0.4577450281130382,-0.15678173225081288,-0.6322408738252029,0.0045247375694324465,-0.11950205542081602,0.004098710836785737
-3.7451736479426803,-1.318247699171008,1.1789248663017522,-0.35644892026747643,0.9041272526495105,0.25566845365069457,0.13774745223590942,0.006318343309681202
0.43377851598406697,1.283493546650447,1.8503736035597682,-0.4245221199848494,-0.43511191095129653,-0.015076129344854234,-0.026175619986516054,0.00039453247221084536
-0.10998453028235335,0.6123298934177029,-0.22320376390202268,-0.18954065832854827,-0.3577051794373434,0.05931185300037024,-0.08068063881130075,0.001801915546272317
-0.6465285878147756,-0.1157886548894662,1.1154124478031673,0.3033836247914428,0.031758585032141004,0.07612722674216972,-0.16123099919198824,0.001514787105950465
1.9069424021793207,-1.6051918960603664,0.02337616035978056,-0.746522527540944,-0.8295747751587252,0.14698778538040788,-0.21478023921922848,0.00037905163473062856
-2.517241592492125,-1.6551516038053433,0.7812214863476562,-0.023117185880477734,0.7453825186028479,0.2358589387366396,0.0907553227097185,0.0038114183189845783
-3.3647807526835236,-3.2131851399190032,1.862504882556229,-1.0202065744325133,-0.038502217752014345,-0.3061156335569549,0.4872450557309635,-0.010703381820159999
0.26317666544782625,0.3165020990542664,-0.10662131399935702,-0.024979522658673464,-0.4964895007514305,0.07232368002291442,-0.2552695868820662,0.0018151930909601202
2.0689940786986383,-0.014724983327701975,1.8940394707798451,1.2383997321438014,0.46193105586519456,-0.12097596500789572,0.4824915210007776,-0.0034347159930950026
-0.21352619123690797,0.75793214543739,-0.24522065498514248,-0.14299763628405218,-0.2171114122377369,-0.0017975588716844276,-0.13357780866660962,0.0005360912564777331
-1.4607834253455045,-1.1137400465246279,1.3678616068482539,-0.4565402848443803,0.3421968359015352,0.3324272485004565,-0.17155110992229464,0.008896302560528233
-0.3487918179245692,1.0059600673347102,0.056057640688833336,-0.18154912318520855,0.2195304484448716,-0.15001954522203814,-0.013563913761167168,-0.00035976783736713704
3.526143728670011,-1.419670526771323,0.2412953359987411,0.6222789206085929,-0.2638054365660817,-0.04718038210047101,0.4462571111260565,-0.003085301579833363
0.3926171801038454,0.11289354102734915,-0.4094252191021296,1.584223799345313,0.3924687239370542,0.05990032390151504,-0.006402427045872989,-0.00010340050604941257
-2.04289826367519,-1.320609605810652,1.0825583819788036,0.3239724192413588,0.6389533264061718,0.3309046928244019,0.9913624546442262,-0.00024956437523244627
-2.0980294554670924,-1.2035876036365083,0.6458785723065096,-0.43419287052356015,0.3510470972800337,0.2707586170753959,0.28071225272392736,0.0018461618957203618
-1.6712178914867917,-1.5136567492720523,0.47912861610518176,-0.32775683961019464,0.3099492699369111,0.26778941018646524,0.1460892571441579,0.0023077105496422425
0.847929110380451,-0.19409600259905166,-0.3667588499818529,1.545427880607771,0.30956048422561183,-0.39191207940339373,0.07517369306144327,-0.006684729136185098
-0.7999525350368267,0.7624981663800882,0.14861537779745432,-0.0161808222804536,-0.13339525910970074,-0.006912920495006845,0.2740451284982569,-0.0014586595598895388
-0.5563050470237514,-0.0589207275911046,-0.3073197866731849,-0.33977167583008605,-0.2407319759673553,0.14541466964073688,-0.32553925704287356,0.004088855699365524
-1.3649177663143086,-1.4296064234146022,0.10900503422722163,-0.7755888298287089,0.1315244030213119,0.23335380525665714,-0.10920570235623163,0.0060875906752457755
0.04673719557921848,0.1109417758196978,0.9778209772380699,-0.5635832050337011,-0.5788931206879421,0.16531422260051207,-0.06827177652085412,-0.055899388883290865
-1.8098689428285313,1.1548209241005791,-0.4563784303849408,0.4693814304732631,0.12962256058388347,-0.13381510465064303,0.056179635571817904,-0.0014186912160326106
-2.2384553509506087,-0.5160519073703029,0.3319540601982393,-0.253752857673881,0.4360507214695307,0.13609356126710634,0.10450291147864604,0.0021007325689783723
-1.7577696778350262,-0.7712502788949026,0.2820930341976292,-0.4150369968830023,0.26163355925249543,0.11522936733952335,-0.1883184790316769,0.00244076419548387
-1.753683644163018,-0.8440816345796873,-0.08105204621095079,-0.4402761478141221,0.2782206918650446,0.12364818005990949,-0.20659521123494248,0.003173595621800425
-1.48801205590401,-0.9924637687045026,-0.15123518325188468,-0.5398309240698738,0.19454737463224706,0.14115943197708294,-0.1036501735753079,0.002629922318103488
-1.3331855135172144,-1.0837252953970593,-0.2289453072300572,-0.6070698559738728,0.1305599956592434,0.12259494859510586,-0.3277516735708572,0.003083946592665761
-0.4252225807179358,0.8257324101379658,-0.061095790991434015,-0.1812790145795384,0.10893783651329263,-0.2290792097721491,-0.13858638623972924,-0.0038800229044660814
-1.120910656981358,0.20823266676127522,-0.10354784995949215,-0.11589684670885825,-0.08648790004395451,0.16787926067212625,-0.03866244229774801,0.004263842894663008
-2.4533489071729226,1.0847917763876522,0.8954896377770368,0.3873408565968844,0.3307125385227084,0.15749400705324026,0.35499897629324706,0.003363094215720008
-1.064201152027051,0.899202967851957,-0.5182991720306871,0.18262562670544716,0.0028557858570711515,0.09544762649776622,0.11457915294310549,0.0023114080195200614
-2.0680703874903914,-1.5099274056521668,0.10718621195522897,-0.6483592280924535,0.3856212500580664,0.2547406582069184,0.0017992256619927694,-0.014208641180947165
-1.3375708091669727,-0.2866323825063234,0.35733172164540544,-0.3523543738340556,0.040413004610795014,0.17981115249966512,-0.045665575259011146,-0.0027967317417395003
-0.9593570988566543,-0.5079768678849553,0.18468205462635726,-0.5099181960687572,-0.10482178659253472,0.15416049845431978,-0.4011630299472617,-0.0006081702232146049
-2.663604242449068,0.7808917007149158,0.7183983177226843,0.31325934815810835,0.45056576347369287,0.13255318949869288,0.0722183361591482,0.003200822823021818
-0.3462714740879111,-0.35958523639113543,1.2990572616037321,0.37576292595437605,-0.1241481644376546,0.12637564531710854,-0.22737306596699702,0.03778345966027814
-0.12644105932212743,-0.33304058602797965,2.000680102699694,-0.511842943236267,-0.3377343217719331,0.22017312138895576,0.0444429805999336,0.0028123465008703017
0.994427988763229,0.7790870207194905,1.804100007647638,-0.48838566995212973,-0.29882584580521776,-0.22648445985050633,0.24950170815365721,0.03013216213647067
0.30223476735168464,-0.6178728770526337,0.3279336189959049,-0.851238124248414,-0.5007738007171947,0.1938928825610581,-0.17497967265858583,0.003870504182121984
-0.488409200607357,-0.10588982604702545,-0.34155714807859133,-0.35035485514973996,-0.22640990293902127,0.1954261163521005,0.1307859224957636,0.003293553726333109
1.062729702108566,1.3101142647709885,0.1192016604202814,-0.35513157972305387,-0.4274166733084393,-0.087929770063597,-0.3467610812771333,0.0013084927745180715
-0.6585004477642826,2.0687587293698586,0.3197516625810561,0.2640979975584997,0.30278146178067983,-0.14546656366257307,0.036772584381273246,0.00027047697098992834
1.8039236272056556,0.9637412518744254,1.1319359699455063,0.9668293781743668,0.4353565662250256,0.0380101421012423,-0.5169172662022955,0.003999341022809294
-1.2367788878574217,0.38674951013107184,1.4836236219520698,-0.045119177852452584,0.036596104590239625,0.1608959344513355,0.4894923544266883,6.670243011435636e-05
0.18875663384711996,0.7104226033297002,2.562234493482893,-0.44233867038931146,-0.4276470978340218,0.03433320030913373,-0.22650640521380855,0.0015799490364919381
2.6150976103487613,-0.40908470474581965,0.3790674673327925,2.640306258150444,0.2219893497000829,-0.005104695645284938,-0.5363464091268063,-0.001967938829105125
-2.0369286176927264,-1.8456524499196874,1.3369450652183623,-0.994430004361978,0.3040546864089943,0.21189319902569428,-0.4396550556331517,0.006083542566811295
2.479167960208157,-0.15907612230332047,0.5683280301513759,2.0823559209587144,0.2975876382431838,-0.13334651052137786,-0.27289153398318267,-0.001295816680416237
-0.0474433508560187,-1.9305306983839245,1.281059960186833,-1.1483145793460885,-0.20697832994524065,0.37470226483528,-0.14474000024632516,-0.014754561239975532
0.16566336911191729,1.2584782344831809,2.5451076613082058,-0.3919825703695161,-0.6184542457855771,0.012312646005128951,0.18908832532298708,-0.0009308182508024368
-2.5280875481302933,-2.3322047491570683,0.02585967620426209,0.33584052393235986,0.4791549394844475,-0.06338343487736962,0.12346612504346963,-0.013315052809350282
1.062366945841982,-0.7524358435827244,-0.07452244567367766,-0.3609834145456138,-0.632750739862419,0.22617762871794803,-0.42762554003824355,0.003952049296270062
1.6187431042955995,-1.081408562205611,-0.27797823062101,-0.5385151783538001,-0.8042033764089558,0.23802523649907378,-0.46237516453675814,0.0041108069601651686
3.001157069734992,1.9705026396603293,2.1768101487240212,1.5958048361662942,-0.27541838173057054,-0.05537520842166447,0.8086297610486196,-0.002508408541291886
-0.8367319918170548,1.1813822054119494,0.3175629238275526,0.037022649849028005,0.13146472121610991,0.11266614778403346,0.07241133771363363,0.003601339122125062
0.5172148520451467,0.5498266585809476,0.8996011967855521,-0.14404254266980876,-0.27822573624401514,0.09588470104301237,-0.14946921080164421,0.0028480288878801534
3.438567387457647,0.5540979408559187,1.5560695467814005,2.8183712269868724,0.2100185120628259,-0.09980729980576555,0.3955320733392012,0.018070801276617914
2.2518224115328103,0.2793168712941926,0.4245751660172365,0.95106588970833,-0.44214330338087604,0.0691445620373114,-0.2750336698548152,0.0014347009061918667
5.002293289535887,-1.833891040885672,-0.41937723590092396,2.3256136568868397,-0.36521904626246904,0.22574437801347003,0.6199816568197187,-0.0017448658719885094
-0.03122819702870912,1.1857937021370641,-0.39149108674425787,2.095033243122828,0.5722373613259101,0.10519759160249798,0.2503212765062655,0.0027985411395810337
2.3239308043915017,-0.48366627700401255,0.26116669269144893,0.2680510052657974,-0.7050383641949067,0.11111249489492783,-0.021422907946449583,-0.0001161725415631735
-3.0878640613219406,-2.966729863480606,1.418864950297554,-0.4632263804244702,0.27418001700711,-0.2205459424602523,-0.1317789788393665,-0.008336532207138985
-3.099419377621999,-2.930328117117473,1.0396988403508745,-0.9397081252903532,0.12403558707562087,-0.19844106734381708,-0.03953043220925861,-0.008188137073166573
0.5773172509445161,0.9654620907268254,0.14619974163494676,-0.5136372654616864,0.202455855953687,-0.03546850276570007,-0.11099529588481731,0.00329291064255312
2.0540649931532626,0.14030472131630484,1.8442811749821517,1.511200842876719,0.11610648903956773,-0.011247864001443892,0.2903723633159415,-0.002032939834024222
1.1038734095014555,1.1547665015170647,1.4877427819470106,0.05662453943967568,-0.7887100830859334,-0.17703737631154937,-0.14622400890931506,-0.0035616520764293817
0.18661887875661562,-0.005361310198409805,1.8315188603229124,-0.034780541199527115,-0.28682314659587277,0.18350879486942892,0.01909069362422249,0.007049211131382484
1.9441462822591853,1.8970880194088056,1.6278684781259514,-0.4735004347414974,0.3519003010825892,-0.18396321666873944,-0.11307204170926761,0.00132835787901465
-1.009810620837826,0.07153628177544064,-0.16443283470930925,-0.08672906727180227,-0.15868622615851985,0.13080419685355305,-0.07329320765155659,0.0012848691114317606
-0.5532605585854005,-0.2120455169660946,-0.272377238781016,-0.1167388854349064,-0.26879440749676947,0.11743438537749278,-0.30121773019444903,0.0014629925337188276
-0.4100853479131049,-0.33297520685256,-0.5552864943632192,-0.21613955072667757,-0.3129225065143948,0.13355546919380945,-0.24920907737227904,0.0014927251525126486
-1.8506465639213758,0.5199342407728381,-0.07342683463329393,0.19128436445236874,0.1397597438709811,0.15742362873583518,0.34582847226267255,0.0005638020884945541
0.4497231595540925,-0.6482681331910662,-0.7751562428777485,-0.736963447950389,-0.40997713683629267,0.2812240927645696,0.1255460705689384,0.0036575273592074423
-1.0979034595513313,-0.6842697330093129,0.14239065447658575,-0.5879517074439001,0.1535553261500913,0.27858666126558335,-0.13528613597460806,0.004747072483680605
-0.6365226825536292,-1.087105983123129,-0.628786239648808,-0.7229093252739662,0.0817630969463395,0.34389797151962836,0.20167089161699037,0.013502608073838124
-2.5178029065472263,-2.1088040458144355,-0.3742541591322672,-0.6052096574318105,0.2792347189448092,0.06325130357403211,0.28610081651164837,-0.0010448258656007628
-2.2131435466650546,-2.2742328586472014,-0.4328697466748102,-0.7207099815419102,0.18147249138827992,0.08353176847435975,0.4127115540023543,-0.00478363806419451
-4.115756531930847,-3.4766302293603903,0.786292727334708,0.33076481149524,0.32095998320729935,-0.4855312052091475,0.14409313682052602,-0.02611898057458233
-3.624915673914611,-3.641322526151803,0.8035200401129474,-0.19229000927224266,0.00799226501309572,-0.4848336407700574,0.05950003909860467,-0.030188115460832488
0.1898650584961534,0.640444638575382,2.028423717757459,-0.2997768336375469,-0.6671964083577261,-0.02526646719394321,-0.09050710755985875,-0.0011515451249624821
2.262104999947311,0.5898081872405765,1.8191704628183767,2.094490932924156,0.4280503188458231,-0.28898760104366733,-0.2458029293106343,0.020868103605888016
-3.2462914415163944,-4.387106999891167,1.2648049279559928,0.8638590757067085,0.5280275826712287,-0.5772813316064601,0.05057134258249678,-0.01447565138951764
-0.475995137478625,0.882955306674016,-0.796065806468436,0.0627719325231575,-0.13510446124292985,-0.10692323703534903,-0.021106409360441204,-0.001125059178914921
-1.1708215079212747,-0.6276836456234731,0.20083423763053115,-0.0455341860971776,0.21098038207938552,0.21696338718858338,-0.05033965867629285,0.004231954340750849
0.9050093754632206,-1.9957063398296775,0.28276927415693437,0.674182049031275,0.03953424836104551,0.21528224674703228,-0.33732740692303864,0.003177374722488339
-3.0006839305916784,-2.7896961703253136,0.5849826486615962,-0.8659301578070112,0.2142878979097357,-0.017911216720668963,0.038661101569899686,0.0249950514581369
0.11734938093888861,-0.1502892029122449,-0.02447488364622616,0.9375046301152187,-0.00963818561338651,-0.11286898750654079,0.07285479864616783,0.0019468127603156679
2.5946460541339302,1.375683200382871,1.532185816002316,0.3890930224711868,0.40513992633748447,0.14885294233367063,0.4216063310265939,0.008759241630096708
1.5977510423236405,-0.0947537549907546,0.801867733496186,0.962828978725216,-0.09773166566176872,-0.38928377953960547,-0.27501999205450434,-0.006991884494345908
1.5105306118293715,1.8213967110061753,1.8465050379385222,-0.06632982408997064,-0.5737067795710251,0.10961909109462628,0.21374722756227288,0.0016751626164261879
1.184756529374472,1.187351120090844,1.8226037425019894,0.20523707369106664,-0.4778000262806224,-0.10656352288682182,-0.22786467171059382,-0.0013155574911902328
0.9617663303057421,0.6897046671714264,1.328333509672956,-0.2683159135640479,-0.1958095880220593,-0.018267249256635594,0.012089512515725688,-0.06460609137610228
0.49091421314652833,-0.7756650021012913,0.7246299780585352,-0.9074949277729984,-0.7956493573337317,0.03192698138397424,-0.05901245623659038,0.040974704055131594
0.009890788769422261,-0.7844622009651528,0.614841214507864,0.2674516829434907,-0.2550899670989958,-0.037042401436519816,-0.6228495076382283,0.040866769063698
1.5193855577710065,1.4605460535038188,1.2277164159603726,-0.30311006879246155,-0.2859208721077204,0.019431600621266382,-0.020296546366804512,0.0020431995396239288
3.1312307935379007,-0.9378251426883359,0.27511816446632564,0.8193666591504546,0.03998624948596726,-0.07810026339795663,0.17012344463654172,-0.002914336322657343
0.5980219154345471,1.2039050241782512,2.192241587055438,-0.512881281606798,-0.6664485312548329,-0.17728536717057197,-0.30415020710344,-0.0019522273964939342
-1.0083412021763845,1.2954164707924767,1.079405518896815,0.06331115177008272,-0.01879001517435571,0.06056541833429791,0.18249447756026702,0.0030112031347010707
-0.6980820344173003,0.06075026479344813,0.051766435136969886,-0.062182594534870746,-0.16166130594197264,-0.060333951975696944,0.047840434579937384,-0.0014725484906299064
0.3780029882804839,-0.28060264359764253,1.3334993116530736,-0.6693039642453742,-0.6955694281870691,0.06768199687583608,0.04616026220219031,-0.004533754990225873
0.6163690171848426,-0.6016241568797335,0.9887127577252846,-0.529367681157245,-0.6988954034336535,0.015993193857120325,-0.40478344749130357,0.0001214701754865084
1.4103598095624692,0.9380403322099052,1.2636287118524892,0.4600050983948815,-0.0969343495827327,0.005037294434961389,-0.12561727961815666,0.0014276110953342868
1.122805613476693,1.606527807366735,1.7570340085138658,-0.48166086676465897,-0.5064515503441568,0.016557575701309894,0.05304159804001194,0.0009958879894488115
-1.625328448600288,-4.28540054893763,0.3460421666160075,1.8097367196550416,0.7601421346455219,-0.0975348129796314,-0.19950636191257612,-0.0051232546213596675
-1.5319972224299883,-3.036727362264903,0.42714152412670975,0.7219600913039165,0.9086817561751525,0.2706729974773666,0.3752998130127567,0.23389185008603067
2.212633107714193,-0.19775685098527562,1.1914168195614698,0.9543992656183712,0.03483083922395693,-0.008654310908179414,-0.40165371761100227,0.0012292134338470605
3.4738035321073366,-0.9521547756535543,-0.2885436249696844,-0.35146860997892876,-0.5879549373197053,0.13434246364743302,0.3181269592556898,0.00012059542309171362
-1.9603513031259179,-0.45441480450630034,-0.8099047999528189,-0.07391882314551965,0.2774719700567563,0.16405977059376906,0.2807935555171709,0.028634686762342893
-1.1008914006608252,-0.7718016646771197,-0.31359408806867656,-0.44006635396465626,-0.07530095273101908,0.18312324414439599,0.4466154355593771,0.027251322120963376
0.4767537763535974,0.052939147611623695,0.7008953397048641,-0.2553041538645407,-0.601671232247317,0.028575433245710713,-0.43849360924708297,-0.0014340902056800607
2.5509026485956587,-1.3937402697522627,1.8885176334577025,2.879051573318685,0.31820276350892246,0.04069935234484971,0.37514587218356077,0.0013024210593120002
1.1844381238424193,1.4100882534904142,1.8692409985378293,0.10096924715046166,-0.6409884239890085,-0.10332036931668265,-0.10804112201349084,-0.0016587952725077024
-0.2193065447037612,0.4563512654971798,1.3242783810175893,-0.4542414334316282,-0.430159181421658,0.1462572509948075,-0.1914111520964426,0.0031962555829749637
0.20482495732486009,0.10748093346812769,1.6162034881213312,-0.24899608829954767,-0.5776175594173557,0.049092048607862454,-0.03958637704400169,-0.0002541941127007838
-4.397347445658052,-3.813095960512816,0.6318300164951179,-0.7007004379806101,-0.14860278139328154,-0.8292771892610061,0.19611539639317596,-0.020755895536396483
1.4549935489003327,0.09592329948610129,1.6218560814328393,-0.21249672861835528,-0.5906436553544477,0.11569204926469234,0.7657271463089065,-0.0010671598633616812
-0.39215766867777097,-0.351096041031661,1.4293632593954049,0.22777282012249456,-0.25653777935248295,0.11014106473367705,-0.17518702757661417,0.0012217237911023502
0.2623901441799701,-2.3554945128749045,2.8009419109098785,0.45283878821589973,0.5298522224333415,0.5497112587201833,0.38876476779923996,0.007348783503974617
-1.9326627824177258,0.18825830600538493,0.571538975613974,1.2313946936845224,0.5602946743740194,0.004865951992137865,0.07998571841658833,0.0008544131570000121
-0.6366474491455015,-0.8021573955322078,0.20338116101053438,1.8833303163502246,0.5326939310156049,0.06484622903119869,-0.05967766135119738,-0.0013167064314134264
1.1939841837266403,0.9413082843258211,1.6198545779030746,0.5336953027140363,-0.1451552782851921,0.037129694954971613,-0.1383999284751574,0.0016340576297261176
-0.8680299686587177,-1.1321316064580984,2.6332830219072347,-1.1395164270162108,-0.12392442119517738,0.3579891945530432,0.24096008394834467,0.004789491981110737
-3.817026010163886,-4.386637718718335,1.8405180199150695,-0.02866538420218099,-0.035366662718988,-0.8912267337696772,0.20418233911734576,-0.025020665305899414
-2.000731541802105,-1.6994945279456561,1.4730247273632178,-0.4645905760934589,0.7199106801877816,0.36142942126045663,-0.2126115909357712,0.03809804823047547
1.59069536596025,0.07859871306562727,1.7248370440676266,1.1414355823511868,-0.04621357066651175,0.056108776439086926,0.3948162832728697,-0.0021246069385133636
1.3175369741137202,1.1017565614062859,1.6074151818275548,-0.538420007757801,0.2462797663737654,-0.37990397415679455,-0.1693853436520977,0.009559227933327774
0.550448384582838,1.1473494317298192,1.3292432213962933,-0.5983798860342103,0.07552002748722496,-0.16068596836451546,-0.20278456326271554,0.00019364245550166598
-3.284848752870791,0.10962432079958438,1.5629769127449027,0.009494945908786984,0.8532406003735864,0.28276188257517093,0.3285924848463686,0.00621193669002169
-0.985028362672938,-1.635362435797199,0.06511145655313375,1.1998387314410222,0.6304179363209058,0.11006491313589317,-0.23427417035724787,-0.0013323333156791378
1.543831657580043,-0.3584591768772621,0.2446295330566976,0.19323132277745403,-0.5659838190215459,0.07423692173244943,-0.20777916264407714,0.01969917265727027
1.8588394205498666,-0.11931711243115617,0.13428727202488458,-0.25036885804829134,-0.8959192522519088,0.01225697177436562,-0.11493122881838949,-0.0012605865454868453
-0.42395658384024604,1.1685477894975353,0.31252547700004396,0.5630769690017661,0.15891743853907242,-0.21511754905536562,0.10237415196993319,0.00015384545633404035
0.5028530139092183,0.3095263087521609,-0.15643601317996844,1.5030761300860622,0.3568985117997577,-0.2194474403980377,-0.16852975514423663,-0.003575299314224896
1.5040066243008738,0.9265838149889726,1.312443900792133,-0.5611019209158595,-0.3689649700867417,-0.19800259662327394,0.28293424145551627,0.02441131922006439
2.6946683531685363,1.9768337001687233,1.2315392585559342,0.7092678732459597,-0.291816641531837,0.026970666992175655,0.49410466268738384,-0.0005794971838947178
0.09976443894471151,1.0695845739010892,0.927591035379779,0.3209512165292098,-0.06368413739833885,-0.053822775544333956,-0.1731784217027577,0.002143620348955857
-0.17811776455203282,0.8360146941161222,0.7563541235220891,-0.10525001824221829,-0.563313080315539,0.21461524215481614,1.1119886143040947,-0.002359708373024483
0.583681797095876,0.7006259246020858,1.2948429917854716,-0.5364898843099672,-0.6689868515416406,-0.12653496924037172,-0.03820050190483697,-0.003082107420512888
0.35143334066221343,-0.7052243232062692,0.580481816969133,0.2775125610203979,-0.2701171281731538,0.0925471333446624,-0.5961942756696563,0.002857162694253217
1.0421858541563813,-1.0030733218448113,0.7196934709411748,-0.07288984214168456,-0.5362430330148945,0.15492108306926353,-0.08623789298298803,0.00078452131791382
1.996897123452635,0.29460425754310854,0.543035382192396,-0.9174754058070874,-0.4446946373131242,-0.1631894960912974,0.2677116517884402,-0.002642464337344292
1.6778191353257574,-1.9538598706197428,0.8883129733556814,0.8317375315489933,-0.21020906155744537,0.0976325699771323,-0.03415964005062686,-0.0011883719678117293
3.0197136455777596,-2.7385762388626023,-0.1463035535608795,-0.1374813689442187,-0.7690629339775436,0.19398639701737824,0.3608869297989976,-0.0013880107336752012
0.5819471156376688,1.0583105954929635,1.1163553629097518,-0.6037141334584327,0.022449219973240137,-0.1505236620080896,-0.4047125412755719,0.0014084178098266568
1.1073587062069223,1.386946932029944,0.1415826219036619,-0.4538862066879141,-0.04697306598241453,0.051049654799483396,-0.25546732853802595,0.00467390125856573
0.4137562543191633,0.9503854844038576,1.8443040030268414,-0.49129055150844003,-0.6260526121270191,-0.002747960668335082,-0.09887052277921997,6.002403998514455e-05
1.224063751644068,1.4135460194221796,1.81393498441129,0.0797177349125617,-0.36465840302955305,-0.22123303004280204,-0.5261155749180388,0.009664352148852712
1.2106622266962201,1.4727583993540636,1.7960879568669783,-0.08949153271482792,-0.14093588606685142,-0.10734082670681606,-0.3966181160858189,-0.005286639384755756
0.6998326483417538,1.3039754436965136,1.3719793176785575,-0.4843769958294828,-0.3406057056475236,-0.06393885837393827,-0.5276766901926481,0.0025067511960624534
0.6642715392176726,1.1883348954520163,1.1981400212155593,-0.5723912461396038,-0.056121692676338174,-0.20313611656889324,-0.44110205214831527,5.869708124974352e-06
2.528721906287338,-1.3972315504819603,1.2515714437200012,1.8898588069899334,-0.025202491682510934,-0.09297931589986227,0.19770248058460033,-0.0026724585377502427
-1.9082374406374256,-1.237736120417917,-0.25967507270786966,-0.5473800952076749,0.43629240203705594,0.29264035784486847,0.039069194717368215,0.005671392335015499
1.173717500153666,0.8176309241770345,1.7008747234206294,0.5070955773617443,-0.3342625918242395,-0.15854246764310181,-0.5998861460362962,0.012351113478703414
-2.0816639455961314,-3.100943578761423,1.4306375558383553,1.6199389955545154,0.9845374073518081,-0.023579353222732666,-0.16383580001250955,0.001473454496581114
-3.5606375332831948,-2.0872693939718387,0.32294097516079784,-0.3479699770449722,0.5588513963493783,0.01905149517117021,-0.015444164516780401,-0.00022997496750250417
-2.8734037644948214,-2.3274725349745804,0.692588491476993,-0.7230885016881631,0.24002775379066782,0.021825190868141046,-0.012077147173202485,-0.0011069453813813289
-2.7448857667671054,-2.4996168618378,0.21621134914340268,-0.7380541915715132,0.24302414283042023,0.03435162142700709,-0.04013345861869852,-0.0007767844505817289
0.6748151727280138,0.6768620306322839,2.0722078801202,0.3874400301892681,-0.11475033506311856,-0.062081245733449426,-0.2018036053503721,-0.012214670958630961
0.5668433468002324,0.8101066157880863,1.6414394450024494,-0.5579639324723865,-0.713254393249631,-0.01231407898756861,-0.4729473590829745,0.0013633677255461198
0.6248626236061934,1.4308651870517706,2.1238093160512377,-0.3765175417769859,-0.7989517940810719,-0.22547214433120258,-0.2111151330404579,-0.0034454227361640937
0.5218495851378383,0.78459327718602,1.7729790953723394,-0.611628012128788,-0.5501313803409192,-0.24316076784191834,-0.21378680322752067,-0.003165258693705844
-0.8688566158210425,-0.049407090820247586,-0.4694893619164366,-0.2282851076208435,-0.11443871762724284,-0.06639370166430658,0.0017902092344262602,-0.001115679275951344
0.47624005805830716,1.179450087860454,1.525509979466239,-0.42796542855374803,-0.481668173944572,-0.054206614921708744,-0.30633763949999937,0.0006119545258942251
-1.6806235658365367,0.3674103809579193,-0.20248093125967725,0.0965443411586513,0.12763422575997527,0.11070941129084338,0.26422471561297295,0.0019012123791223028
-0.7877522594153886,-0.2620230028918483,-1.0642028323535462,-0.2329365087925324,-0.13653693006355908,0.11764709274215876,-0.05053673314207613,0.0024007523857900765
0.15420928783590368,0.002027619283100849,1.2623387191115139,0.1997152909397953,-0.2577839385684798,0.12420980173766077,-0.41447153538000686,0.0035128171460488016
0.9077955727347541,1.3334625776105753,2.380900782693019,0.2388689950419803,-0.5742130305390911,-0.02255661087442741,-0.1769957940538145,-8.354202471629701e-05
-0.6004121072097043,-0.28685901836058547,2.4209319698361846,-0.7553496355973333,-0.5207722845106658,0.015993759060131025,0.08773814142068699,-0.0010452191397892765
0.2902101793486562,0.7656917259658643,2.128875655506605,-0.5457788966938437,-0.6544545222685471,-0.18432124073462472,0.17637171659937512,-0.00479461884859809
0.705403793226735,0.8126084090229935,1.9298702806993957,-0.32501002776592547,-0.7573950005076966,-0.09250154715882027,0.19231988448514015,0.012808243917148477
0.5922539423024652,0.9908851285695115,1.4688695606187936,0.4108901068575192,0.013034679743916418,-0.16952271820014142,-0.17436848950970457,-0.001329514571994499
-0.1174626846502096,-0.3811102344550401,2.3571309320005986,-0.9344815810493006,-0.4801113377045304,0.18373209382265357,0.33320140311036295,0.0013363989995435364
1.1851159543225491,1.155818781834966,2.1081863415162982,-0.09649466458913773,-0.29149653332996067,-0.06074257687698406,0.2938185883262644,-0.0027422573207986542
0.8173905587639031,1.1545435156336736,1.737191357837941,-0.6685560961183645,-0.2165635328773224,-0.22928909329393393,-0.3269661263980899,0.0001055348159334526
0.16749908729377883,0.5406532134384884,1.963700189550956,-0.6111667259852981,-0.5517876812185835,0.05545995391891926,-0.09347093289260563,-0.013019037816082282
0.09679165593408763,1.6740413284205502,1.5558295703636966,0.4815535919819169,-0.11123560760612017,0.07665570193299545,-0.06947071424029745,0.0017990257727417117
0.9238721580152344,0.3409978824502033,2.006376617063043,0.8802246170355612,-0.4304611141066305,-0.010615322394450984,-0.10677431079906222,-0.0015378312896425766
1.1334133525363275,0.8128734360812501,1.8758060911412595,0.5355308696129872,-0.3741951479951519,-0.2724538200170544,-0.02901387885893196,-0.0053863527914880084
-1.8359405991717062,-2.5515262511119627,2.6800301491309524,-1.154849053724797,-0.19637533514773906,0.12287176757506317,-0.07318783849620131,-0.0002471796490396677
-1.461582834052034,0.6975013138120829,1.4653771507184694,-0.10715451540759534,0.05437732886128444,0.10151340858221751,0.16646587980908156,0.001792363034547944
0.36679151238848795,1.0445815677711927,1.6279842528636101,-0.5261233921281627,-0.29941997127986525,-0.23380925225290633,-0.41721123239299984,-0.006919020583635024
-0.860962163629705,-0.9092590596614177,2.7787242193123056,-0.9417773950890593,-0.06317569265296244,0.21941532347119752,0.1628533894519836,0.033374853450426546
0.7479884154166742,0.19032777862447683,0.98777706861109,1.8257503238491608,0.8181240633966239,-0.16237758554030174,-0.09786743685665857,-0.0019429231582407782
-1.3965163175742281,0.8669399833268642,1.5050526087421876,-0.028322089262095337,-0.01290460792522559,0.07383734159729255,0.5038738042600188,0.0010017998347770507
0.7559960536926164,0.9793942665197017,1.7778062851418825,-0.29580871651482493,-0.24637499170551674,-0.3578654343495606,-0.3182388513088271,-0.00472770869103896
-0.261573329360344,1.5104640414995345,0.4767295318946623,0.10397864970450481,-0.3935202539431218,0.06927502152330517,-0.05232752191214598,-0.013223548542036922
0.27764690190451546,0.796816104213985,2.242608896576418,-0.5238548351921906,-0.709318843090597,0.10868901424376101,0.2550979387933095,2.452555359437286e-05
3.582408294828655,-0.3626841578958774,1.8623239759742123,3.881351785627797,0.7389985218362907,-0.03157354272183553,0.18062810383758116,-0.0016438201929716162
0.9753595952382119,0.9765123172226542,1.5792971300098781,-0.6843567708344974,-0.36379163915988505,0.08787993931837497,0.16045190566689674,0.001822937278721368
2.713511798292991,-0.6470695934556354,1.3025463016363998,2.573124830322967,0.18005715937135605,-0.4150884669803216,0.21515879710126043,-0.01668739684988377
1.564031964616813,1.14389452315021,1.8810384701865903,0.9865525430766201,-0.11905079448916117,-0.010944141275812167,-0.07041387936139396,0.0005533051426291932
0.8999020124017536,0.8734596010558913,1.7654452241571346,0.26079131955914125,-0.4041515242798406,-0.11885846349454438,-0.2839292641498304,-0.0012481116814575986
-0.4221135105547037,-0.03489680606889771,1.9641467993604715,-0.14329303396337845,-0.23545463457171462,0.12925497061317093,-0.25550483370186955,0.0028835240264711392
0.9002196277513612,1.452466085126357,2.0539719911683236,-0.11840573978948643,-0.64731451086309,-0.35822612612968663,-0.022930999989352364,-0.006499836849782558
0.8159592046531249,0.9785224107934712,2.185096825180813,-0.6657683016990255,-0.692080234599005,-0.10504368877683434,-0.3776172081108143,-0.0004691457130119212
-0.886165029971505,-0.13348713418298705,0.9846658560239262,-0.1901001957274574,-0.2531165512540317,0.07161642513751557,-0.15289965396336824,0.0011374210332958945
0.5609694356289717,0.3598238322813633,1.9243482880457545,0.027389161619000946,-0.5336233341745822,0.17005941246479725,0.24036012206134827,0.0007505635634767501
-1.0833391855636896,-1.372014113179567,1.83581804876091,-0.7551545869229539,0.15799905103685224,0.3750125583504211,-0.18860154710455765,0.02091975459800114
0.4902631676415987,0.42112680073582104,1.8440779073367686,0.3656086359829365,-0.21583972393999495,-0.13097739440289347,-0.40776172024708107,-0.0006522724869306183
1.0312346989778096,0.9992746182508766,1.6219572518589007,0.7134309947595087,0.4348427357409956,0.06266992784131896,-0.582141611662002,0.005510159484767973
0.7002440950118242,1.2638587564165435,1.7415999359877448,-0.4754006799830461,-0.516024163939807,0.0426110531395983,-0.0251486564155796,0.001399573181031966
0.3721265344817286,-0.056788362413429036,1.498555406649505,-0.7305102241320559,-0.8613854281964058,0.06359912837327732,0.001549379514970941,-0.0007086456277093962
-1.3491455398019994,-1.712764089859485,2.5783816425375847,-1.0222200671894153,-0.004523678263606573,0.28349992348795416,-0.07408706648656802,0.014785927582635236
1.586335846456599,1.0809147770872214,1.1964054378330113,-0.511756417752804,0.9060666053961514,0.11979280873768465,-0.09855777012519823,0.008347209677035351
-0.7661687397411435,-1.4834861012143354,2.1859922171981094,-0.3025897462620353,0.2327703953002358,0.31746359061593415,-0.46946779560162394,0.007301134940471152
-1.8071306285286892,-2.008923989842983,1.3736647082680855,-0.34001892707445996,0.49348303093098267,0.30744496113088154,-0.39168365102146707,-0.0048641625533916285
0.8337633260235676,1.214335164985201,2.027136611738237,-0.6430476510268587,-0.3779000064353004,-0.03362706591096666,-0.25945133731364256,0.0019654405630524035
0.8290648543536396,1.3435090376942784,1.7642634696212478,-0.5590757312246634,-0.28838073608363596,0.027474730654773627,0.00017045956684880772,0.0017748247046519183
1.086403927034938,-0.005297161835558564,1.2600896697554569,0.6342074306863253,-0.32725984999019075,-0.4554346166316278,-0.09473446366471559,-0.004527616898630736
0.32633950745543977,0.8398836344539304,2.027084358791052,0.0179371327878771,-0.36292442963726596,0.12403475673621699,-0.26385086923672024,0.003253967801608601
-0.8087415107074003,0.6651079846779462,1.4885992116739557,-0.10311405507158126,-0.14137527972951253,0.01710468845983043,0.06678799791645323,0.00019355946951014267
0.92059977176515,0.6789202586964912,1.5928384482405837,0.7239539618965967,0.1676016393625756,-0.044516564234861444,-0.3823290145599297,0.0018616957548535816
-2.595934971295979,-3.309672577908622,1.9255974551919088,-0.9029779075399091,-0.014711568857501982,-0.12518274269759755,-0.23283110238916932,-0.0014468735795132017
0.9676660345796299,1.1032398593085524,1.7161503514014584,-0.2883045008599441,-0.37770061741659866,-0.2035067973481822,-0.19663823872643754,-0.009567162890015997
0.5071620979629637,1.0677046525117129,1.6505002954735648,-0.5552049050455078,-0.32122734157655947,-0.13974751408438804,-0.3549000829721933,-0.0004991129168611091
1.746258381584818,0.4967343584727361,1.8159910177498242,0.8345634383975934,-0.2854862847762161,0.0344221817792074,0.3431938260775843,-0.0014614500066624139
0.7524886625140358,1.29679280571552,1.0209497263586256,-0.45683291952192984,-0.305564923231779,-0.020107325800197355,-0.533020291133734,0.003377107295875174
1.113953222795946,1.0062794546135438,1.7962135757109943,0.32455148576072484,0.06277858031941244,-0.04381273098386469,-0.3210439639498715,0.0011127126336074199
-1.3515351051785902,-2.5376825190773773,2.0134567116662754,0.11773361938286749,0.5347191717675652,0.29347450865327157,-0.4075796867604069,0.003777509845809452
-1.5484192562491081,0.5313870659973683,0.9857645164897174,0.09992287966251849,0.24660041121749554,0.20695586273828684,-0.012663150955161677,0.00507561403934118
-0.6282498856257788,0.050600027272796125,0.854484392441018,-0.2778247313730022,-0.09974954971041333,0.19264004936579993,-0.34196520018669274,0.00666789261031136
-0.051803088435263225,-0.35476715242742923,0.5857209720686868,-0.23614355689163236,-0.17613241295274515,0.22272084265764336,-0.21482290813346586,0.0063710907045814
2.6167159901698893,-2.0937244897470944,-0.0264230925208902,-0.05924595041877066,-0.6058567061204272,0.3017711376505868,-0.03135075017774183,0.003896122947716043
0.7743286856132713,1.5360835138131788,2.127644130975262,-0.5889663035773655,-0.14759951210335898,-0.23970401935360547,-0.2603705472102501,0.033178240471624335
-3.4095976499595007,-2.1236496993043668,0.43901316965886367,-0.36989096308965563,0.7623405290271605,0.15644583389020184,0.038137377174357584,0.002190264547192705
-2.448261673626491,-2.661990888548678,0.3163644429464564,-0.5990018675146536,0.4810898623236475,0.17507640222841736,0.024822641198745832,0.0014356065213574078
0.5581590942820153,1.2352868624929312,1.687686847630438,-0.3711762094835729,-0.725984589789775,0.07318167403690586,-0.10611408788447754,0.0015328657589124526
-0.6167458046991335,1.1579390787154498,-0.15942112231580483,1.0364410565161215,0.15777421451664803,-0.00818849446829053,0.6173470768472228,0.05391868819269942
-0.06323876573093293,0.8120852551909388,-0.284651118028886,1.0172277482948922,0.017950399988712656,-0.05064952528825026,0.09328707298069534,0.054651679636764844
3.297399722833756,-1.100257399629357,1.244942968076843,3.369576780690229,0.3955501988577672,0.07885223567961545,-0.019855913634075465,-0.010388662853864456
1.0309650035919276,1.495607358525707,1.6922139364123892,-0.4633657257582996,-0.5695814497272464,0.059859201779164456,0.06314323554737852,0.0014160051778119682
0.0173584150818047,0.286093211396112,1.713559744888136,-0.6106504500156126,-0.6195232672875285,0.06028663463459726,-0.2956855003456324,0.001454238388599206
1.554002613500957,1.9560615606508107,1.5321802812678744,-0.09555120906359407,-0.711924088056558,0.0727643079795369,-0.1425415437211503,0.0024076569364611753
-0.5417661044779067,-1.55431866494397,2.619940837138376,-1.127093805447153,-0.017759574077849775,0.34750701902159326,0.15384179515676114,0.018914977881068593
-0.9633096732401488,0.11289898520047356,0.2474639047914251,0.6593860339570521,0.17500738324840528,-0.07294078497224823,-0.09505527447495946,0.0005384615838240954
-0.017396894559128556,-0.42709460724168036,0.30830089788216686,0.6476360612486507,-0.046222526230088566,-0.0897268171783693,-0.38500377036943323,-0.0018926796158486804
1.10193235476834,1.3681008874311382,1.5124480268262352,0.6910002695775279,-0.21486604434811363,0.07759555750855886,-0.13572163150311353,0.002438068917020967
-2.785438409664156,0.7210331163573326,0.7477154841500113,0.3215965332531122,0.49882221974902957,0.13554830647102237,0.25913603672150215,0.007385950168527925
-1.8807982698398216,0.06072982901965412,-0.22036365675395353,-0.0025963168453566787,0.24892423537834094,0.15876462559647544,0.06957756036688598,0.007171321723051157
-0.9612494645597731,-0.3340827989701848,0.04105670596000867,-0.39516329352568985,-0.12735553275621178,0.1465426559793658,-0.13603055987762572,0.009138495010228813
-0.38911251213128867,-0.5892940228535638,0.0015395052250580673,0.9097395167984311,0.3139004946176789,0.04974892257356363,0.09963190904931264,7.423779505260681e-05
-3.0041438075006184,-3.1469645822616297,0.17676186029257296,-0.9298932596388306,0.15561395500194017,-0.1757091117792928,-0.14260756846581263,-0.004957974973954115
-3.658257935482524,-2.8479703252057056,0.07342887695752592,-0.6539813286361342,0.41662274574289054,-0.1670510638479756,0.02469155440627162,-0.004821888691378922
-2.10531868519494,-1.2342150574614084,0.4749643535340987,-0.6276271850406966,0.506447857705524,0.28135143033821625,-0.00014449434847574086,0.011615820949598272
-1.9318956062945045,-1.401451463384233,0.10001233550893592,-0.6845891374761831,0.46944522584864373,0.27898178860166584,-0.1515914828493847,0.011894937457529937
-2.1415181759078408,-2.475201396140842,0.7492821395421887,0.9279948716426,1.0641578163330818,0.2955208095835824,-0.13258185753818305,0.005162784760162351
1.3976819799001368,1.2054935353244227,1.8096441009575723,-0.9213667060089423,1.1720025824271394,-0.0374393470549295,-0.2371517597118821,0.005449729670528408
1.5649696344681399,0.49556675357810553,0.5135879088544141,0.28774583746227755,-0.507176589276038,-0.0642293932374877,-0.36463098565642027,0.0007731329439912617
0.14991405048401546,0.1561008519853224,1.6074290444794646,-0.16612779693133586,-0.4778433357890493,-0.019863617926945087,-0.4425386974607086,0.014671427667130239
-2.8414489919281483,-2.7032861519880136,0.6051485866039723,-0.3777225866986067,0.27469371742560716,-0.17973116365164324,-0.16589152989220704,-0.005053278905117188
1.3397218102003075,1.7150494547981627,1.667703591230996,-0.3756972439424689,-0.11823502373692195,0.08072857180493298,0.1548072370704072,-0.028081111377723494
0.3328421186056002,0.8697280157895133,1.8645052736960128,-0.5153463926476428,-0.5718649983469116,0.06240432748934781,-0.09665850612394217,0.001359120210479991
2.3183285761072074,-1.010965604953101,0.9569830213037852,0.1768557541454451,-0.6675343018536752,-0.010808418216117825,0.334267087246218,-0.005886238479692906
1.3187652882945573,1.437412114373488,1.7425808368073181,-0.03799809767485252,-0.2927246726642933,0.043627562840436784,-0.06988741137262147,0.0021887251834079675
-0.5355629013482461,1.6620306142842056,0.2070884119512062,0.7256825256821173,0.1893805765809194,0.03275876982137908,0.015264169734292295,0.0034092928677627835
0.032614815773021714,1.488172760875407,0.325764907830366,0.13723748063914182,-0.169177413375814,0.0405649241266242,0.00962808101043778,0.0029258502942119025
0.6867514800450022,-1.2427554624652395,1.8281424611104686,4.522343177768862,1.351983625127409,-0.0013041430727373806,0.6079682059802815,-0.005118853334294188
1.4981476047141844,-0.7382824378905825,0.6459827890442671,-0.822690637920744,-0.8354405950071079,0.035881295878460895,0.3061922157876042,0.002066519480355892
1.6382063244218792,-1.0529523671865788,1.1498488458986462,0.6482817757195126,-0.3348676149421839,0.0021034088907141133,0.1584888257856017,-0.0072730480801126846
1.3342681120422653,0.18674980604149752,-0.5657740200391091,0.036882455168647556,-0.8162064559069908,-0.052420980768836736,-0.6190461869494114,0.007253484669378249
-1.682997637697654,0.9933023282837756,0.2682867428177174,0.27266097491531655,0.060104914259527985,0.07806278446943823,0.1159344063250821,-0.024596042614897628
-0.9292705759720443,0.512384786435738,-0.24114061187422695,-0.02323820360378656,-0.1960547767439785,0.058877339335655844,-0.3309294781979621,-0.023710053803026
-0.4058231586996995,0.27494493221609273,-0.13865054321180337,-0.23668087856460182,-0.39227084109006255,0.07468307252467087,-0.24279837932979473,-0.024356910248404185
1.667962985262619,-1.0075308128989549,1.7532579365780594,1.7817932019412126,-0.10078349656737214,0.13561468065439797,0.0549124719013699,-0.002588374449498326
1.7332462994499898,0.7539596920984302,1.465684803194176,-0.7290940577755401,1.2752159762966757,-0.03573044543771763,0.03649586802947988,0.00650164024360914
-5.115091684022211,-2.245393872419527,1.5707191611701128,-0.24057044040831416,0.6080411616941898,-0.3815495432540293,0.264944629745078,-0.009677799546277044
3.7610537656141694,-1.626388582528851,0.6565575545592923,3.2762614343113095,0.14437856126092194,0.12277226279972867,-0.08529902693609397,-0.0013764389100377038
3.8386246405884465,-1.106839387202863,-1.0463872084414543,-0.7437185525711482,-1.293599080458252,0.2324689308732679,0.33298755697225535,-0.000771326750294855
0.8349804068427683,2.75446194367014,-0.8598260528166017,0.49418984979271235,-0.5373532770712252,0.3398228203835837,-0.08051060106444342,0.008376579719649564
1.57734813789467,-1.2670640164816134,0.6240125630449159,0.39561640763780564,-0.4172749822080267,0.2721120010095865,0.6238861507204524,-0.01274985331873327
2.5083814751228775,-1.7669763666849119,0.18472022809829564,-0.2118588066743465,-0.8109079373756775,0.31107615562044866,0.7068102588742099,-0.004377967917707831
-1.037466440292865,1.0714447744963047,0.017001332879840986,0.18088978332313077,-0.1313656092352567,-0.3675910754812669,-0.009929304215188034,-0.005783565721461845
2.8305148718545343,1.2672283587038786,1.9110842402487853,1.0354381218307422,0.5640113034687447,0.20871871201790523,0.6754735783802068,0.00415684164162486
1.5623330569194507,-0.393764980544895,-1.0642252278735334,-0.0008684765955617959,-0.47225053985415477,0.250966689946487,0.5561520492366145,0.00016915653132456413
2.0087786802190415,1.1861005327454492,0.7877168306033225,-0.15802052743817555,-0.5136041858777728,0.0303739329122338,0.6770596443577712,-0.0018216304314610063
-1.0762278325242025,-1.4838444561166504,2.3538539025950165,-1.0543075218886666,0.003980500528686481,0.24629846369797764,-0.2626655048301657,0.016865857998207775
-0.5290350535711649,0.2464128059130483,-0.1458757445904718,-0.3013244973325622,-0.07332216173134677,0.0020992403949442735,-0.17806640135764587,0.01598580114979289
1.148646847350197,1.353109824321033,1.0543402343012538,0.22927966073809233,0.1347968498992871,-0.0073077345719520905,-0.4678292437238934,0.004068453739365037
1.2994983829946372,2.0185345210246766,2.2706865729262593,-0.1873964195920304,-0.7329395363358672,0.019869702098368913,0.40901841019613144,-0.0009809254633572292
1.0317514256574047,1.289980005507771,1.7237200040150966,-0.5419078735941887,-0.5496597323156519,0.04490911694437366,0.2707825341627656,0.0001592035788042734
1.1364332141350477,1.3430914845098971,1.7549682161821367,0.16935129147824277,-0.48346016063097286,-0.1378456757090042,-0.1080874341905627,-0.002137030369640646
0.012944194845917445,1.5737404444373528,-0.047189597678869884,0.013856953044455882,0.023123240401048444,0.040530385805206216,0.2203115009613616,0.0034866428145388937
1.4605543407961896,0.541326796275518,1.3947639916522985,0.08705714937647684,0.015006367355973904,-0.11294471995071345,0.15226003042561215,-0.0019320023856003697
-2.5499569812848235,-2.618379198707912,2.6615327977596914,-1.1710149611633145,-0.005770460539494528,-0.06293005333446829,-0.11829014950150454,-0.003248354828229371
1.5179103378611765,-0.359481423579382,1.590444674154955,1.6890215546563243,-0.14216855871050593,-0.011164937868353968,-0.263697542405644,0.012231791122793193
0.8621453039405065,-0.2476262267036066,1.8220534991628414,0.2686989981861009,-0.43079633719180815,0.03607241077751023,0.13102561895385445,-0.0018563824120109598
1.2380481161636345,-0.3761924639172884,0.8161541702679334,1.1843794032583668,-0.049726435445811706,-0.009166917177571489,-0.24939199146777283,-0.0005857546568677509
-3.000724856460624,0.21965544188976163,0.6599764271877911,0.5754686828106723,0.8667925117069119,0.2805581518806862,0.03611691993491877,0.008242501460950482
-0.8949361271666505,-1.370949024971894,2.4318569741022453,-0.7583974061305974,0.26886606677504726,0.35656370404594256,-0.11066820093103193,-0.00310802253607804
1.530880309115003,-0.3327433316970222,1.6867828038947839,1.5927862697169943,-0.3465060781245785,0.036002673619368014,0.20280156797880072,-0.0029750124745541967
-0.54497653953796,-0.4948345915308793,-0.10866614555179754,-0.5929738296590488,-0.030299024301947988,0.11632384517023008,-0.04727513139085252,0.002451900184905903
3.5951121373134525,-0.3551184595907636,1.461348145646972,3.291657549871292,1.0762675691389723,-0.040102727559509,0.04765360867994498,-0.0006310247353515157
0.009308548650655833,1.4524486057835417,0.35945143036920435,-0.030209350526018353,-0.27293169859231997,0.07681806591905613,-0.14736740236935625,0.0032368849977112814
0.2999274069404208,1.1483573563925005,-0.36277801696675416,-0.11101398535932104,-0.308436778409591,0.1031522406513404,-0.13716994362468626,0.003600616142818866
1.863052808869982,0.7492046619225745,1.1047908639202355,-0.16705763001849375,-0.6857464982180339,-0.011050455228345697,0.35819791167656206,0.0016758824530641848
1.2089772808251278,1.0771634502498977,1.7829665888198891,0.3295466792051068,-0.16072268585637353,-0.04470717825588396,-0.07468053949309311,0.0003155789799100815
-1.8172427098925157,-3.286512259928705,3.2951335916806146,0.5988270013967986,0.37010622866779375,-0.1486380446903658,-0.2538048183994264,-0.00567446974193117
-1.8866586455792507,-2.3617361393336336,2.972406081919176,-1.179762206803228,-0.17841648113486935,0.04304498324424373,0.0859279165697169,-0.001143860785440386
-3.3181068229584487,-1.7289238170594305,1.1136389992019005,-0.5263645838625474,0.505539789752648,0.07306554763221025,0.07773178552322813,-0.0013061593421562988
0.46159119714197683,0.8394708820003949,1.342841396229768,-0.07796549568702266,-0.27115936999325146,0.007890862112987085,-0.3257100009339866,0.002093279484629229
-0.36130557920291284,-0.8296904536698639,2.1166109622551668,-1.0767056030509126,-0.1835162449375852,0.4060104422721172,0.34922967710041886,0.006734123749754824
1.4071321979640112,1.7100586091775405,1.6782938584869058,-0.2585064746769741,-0.4413609931066294,-0.08336811575702757,0.255700449597094,-0.0016088331429343049
1.1725261242715044,0.3379708234844872,2.276826510475331,0.22939824734019368,-0.6033481048144409,0.08279407027980042,0.7754719052964953,-0.002495256331883572
-0.9100492251823852,-1.2912247826466456,2.6695581352878897,-0.9622001073524667,-0.061661174619081445,0.2263551833817061,0.04439858803815407,0.03161779181593779
-0.6105570186395056,-2.582160827986744,2.746632141821269,0.8646394293068244,0.6676533224420251,0.328207646106502,-0.3327283769685486,0.02579120733737923
-1.1734151664233001,-1.8715094936939058,1.8590907373133863,-1.2569693293616133,-0.005710344975513395,0.2588316296173679,-0.11902884355256144,-0.019830892262425803
-0.8613086357812877,-0.4964307081619442,2.118120408300619,-0.7271297970852303,-0.44582247590030816,0.024479014282033792,0.038851318807906245,-0.0015795310843175698
2.299786218492608,1.0101243213469075,1.9015994655350779,1.1813662550128823,0.36753571565853266,-0.008709685546273976,0.24458284834732416,0.003098583257949982
-1.543716436806081,-0.9916271893722276,1.7601914652637816,-0.8376205630932735,0.21135472305175837,0.367223553528985,0.00881677542389053,0.00657122911228416
0.8392478922990176,0.6874505029738381,1.6875441788440277,-0.40366529636901105,-0.28549222823334225,-0.33023124145085353,-0.36531267093633163,-0.00360666021625502
1.4366002751537355,1.214978529449247,1.6625374735693428,0.10779065982147748,0.020519222108478914,-0.015372879054463636,-0.2406261322314337,0.00289280806564145
-0.984673660701398,-1.5548468800347406,2.1353408752173197,-0.8773114965854457,0.15269032474627248,0.40156473412696564,-0.23076354018023307,0.007553881939503387
-1.1094891503775972,-1.4682888649443426,2.147296889454821,-0.9782178796535379,0.11679661798294473,0.40431265897202817,-0.19902268932683065,0.007199401453222538
1.3748774622587887,0.9824266957051127,1.6845469063992309,-0.5222914519978573,-0.8629322896125943,-0.018219301024036984,0.5986943837699713,-0.003706602944448363
0.7748364088693256,1.113168401643737,1.6764783610114051,-0.00726754677292485,-0.5218514097816895,-0.07032907198274634,-0.3365680046462456,-6.03203048133224e-07
0.8261314414106807,0.6023286668898116,0.8850768602614364,0.3478315057630199,-0.4987993731096635,0.07562308991292196,-0.4336121758547472,-0.0014153199190993268
-0.20692304739731457,0.9748875366345123,0.3413962503718157,0.8677958181579677,-0.0225644767411956,0.10238365294146715,-0.1411577843209458,-0.006352550882147379
-5.564561269785459,-3.495488342102505,0.811605360646548,-0.2912968538324647,0.047771266379185856,-1.0126163989665093,0.16648611118449672,-0.023719818431239704
1.436396758734762,0.622755004164302,2.104708948684099,-0.2673200912526991,-0.3558426455423266,-0.0944453801164685,1.246495633437026,-0.003654110907720969
-2.633605951513188,-0.4650153467706199,0.6951814817839298,-0.21453617121861207,0.5411641293332118,0.17625734343182664,-0.13538666033991784,0.0056406672541796385
1.4492231392455845,-0.302111123218248,0.46314820580574084,-0.8392612709234292,-0.9289620767060133,-0.2147473184940762,0.1329243020801172,-0.011224175689536325
-0.672666583461233,-1.7639864444473627,1.677540198462557,-0.8329386062995007,0.11309142432771732,0.4046664407719251,-0.24260151815829947,0.008288158475096386
2.289265068048356,0.6146909247271694,1.4289000801562637,1.0713884896959847,-0.2991318792093555,0.027192374071791467,0.30317641747538665,-0.0017561508546430726
1.3771055123246287,0.38842660045711597,1.9091083262261637,0.14210421568905127,-0.51751117500055,-0.14874531423738208,0.5447027126959266,-0.005448087988754886
0.9205574235919314,1.3478287697728646,1.986050410660774,-0.08280234424396302,-0.5382926922122212,-0.16022387227670257,-0.2397676874054525,-0.0017554235780166637
-2.640624347514135,1.1759834528675566,0.6490826100315724,0.4987395909678402,0.3547631901748097,-0.15755470411425246,0.1069117979673688,-0.0018311876372324736
-0.9089150135622537,0.10920771346327016,-0.15692765737385495,-0.023454060076250446,-0.16170435936424055,-0.13283599228489104,-0.16153690854503605,-0.0015971954226921344
-0.31846751889668845,-0.361138810288618,-0.36116783965775123,0.32219118560074683,-0.1198864813013873,-0.0911888078696578,0.1030389333989532,-0.002821875568537307
-0.00636695397822388,-0.586813219279638,-0.9286011383996459,-0.01297779856219959,-0.27257343371946613,-0.06974804150621577,0.09441640574911969,-0.0027447767802270657
-0.8295754568252856,-0.9762630006627918,2.5952673239607176,-1.0984165335085825,-0.07253261420630193,0.38306496048736843,0.2843146084825102,0.005565709091720142
-1.3507682279080258,0.5423655900191616,0.29959951726724615,0.026050558887139707,-0.0676453038528566,0.03121312131353428,0.15407469698472076,0.0006641824436080328
-1.1277361732973756,0.32951627635331765,-0.1768780241932041,-0.050540260776231576,-0.12111938257215747,0.019505508463682805,-0.12187407422843914,0.001628874877208714
-0.7572476268515702,0.14062158218338816,-0.2158174324157116,-0.20863788615386794,-0.2711892371379314,-0.0014370093528521407,-0.3953388149432917,0.0020120221745215587
-0.526051572113672,-0.007994442807286091,-0.35720148005095215,-0.2858003646320147,-0.32614739925153174,0.032285128179329756,-0.15084886397239006,0.0014801853540735326
-0.12829447383226025,-0.24865292573839037,-0.553750370982798,-0.43623879950609445,-0.4520424338132212,0.046228248490786675,-0.13791507416030446,0.0008201165229130588
-2.3360044580260033,-2.7297449325921783,1.9056586327246363,-1.2144387599044912,-0.0902395392802547,0.018669520536362935,-0.4557463266332749,-0.0036269541835852624
-1.1161331895830824,-1.4058445148834648,2.6137261445669457,-1.1258355064508911,-0.2287394679966044,0.22430896042440115,0.31319835861914225,-0.00021536289326630807
0.2623792585260718,0.7922560545324396,2.2370090176291524,-0.06540155540572078,-0.3875667849719059,-0.04945135443682455,0.2006407425894673,-0.0020597027399259235
0.5070276020494874,-0.38178735436898725,-0.24882467064142696,0.27195696827612437,-0.2575351170370177,-0.03709641179617865,-0.2614538483915282,-0.0006008869960838521
-1.0126261370163614,-1.7080440882301002,2.3093641719064775,-0.4308933857523363,0.3068951675698831,0.39975460129226315,-0.2462360443397879,0.005164599292025065
-3.0002456749742543,-3.840760945186634,0.5959725962773635,0.46051067795449885,0.6023594862937997,-0.33438133677941423,-0.02058528964201137,-0.009365718507725147
-1.2458366840790578,0.5214166426083018,-0.39984632928067837,0.5379594402528016,0.04030126603355981,-0.09708247713604558,0.1510121905394207,-0.0021709375019718005
-0.654787662105684,0.22808918044232507,-0.5098750948990071,0.203317634135031,-0.21234231693196373,-0.09717130905142028,0.01588292297677681,-0.0020274866772292486
-2.021011511663709,0.5900435138996876,-0.20126726266289713,0.23184063615397912,0.29813926361609017,-0.0009637705145896276,0.13496567559183134,0.0005592661638103957
-0.8156869688718552,-0.10270974704424925,-0.20906765789648818,0.16002164521227885,-0.00015282802772921265,-0.021223224313900033,-0.24960345711965273,0.0005928462763570639
-0.6550977341168025,-0.36170282481306937,-0.8149233975814519,0.3194666487747327,0.08688053468054428,0.020035882884469416,-0.03662766858910056,0.0006336481355246864
0.011130635742973238,-0.6178853396167042,-0.6552943163475493,-0.12277218700048224,-0.2439710265327987,0.015346451628490573,-0.15965919065151085,0.0002645332793931178
0.1555778138908648,0.13637547313817533,0.8423422881957583,1.1478401384512948,0.09279970015895996,-0.29643523670863203,-0.2729893926417173,0.00017200737329438703
-1.1001848692844094,-0.48906955464510427,0.8544707651958185,1.5422342224432792,0.6745948490160844,0.07962927743928142,-0.0031564379057535024,0.0030314337307097675
0.23253333199776524,0.3391131287148384,-0.17411187976766013,0.8935006206494622,0.41113228767224835,-0.33732917467074286,-0.1079559422595949,0.0009146940540103091
1.9492745916967849,1.235689519082936,1.8940835412249408,-0.7322514116888338,-0.0689948049554887,-0.031184017818830918,0.9880597813124112,-0.0005494860507186073
-1.3626122379525387,-1.9257719537484523,2.6190531148125635,-1.0122219458364148,0.05742365018266964,0.34756377911980607,-0.12589773137234855,0.004778663762697884
-3.5300479618773077,-4.05776795222187,0.5140138474960049,-0.0009247558165435489,0.17560321673431195,-0.6336841120638943,0.07088713805340129,-0.016363185112409608
1.029175001942044,1.4627403953320746,1.6378028720998938,-0.5035563514286605,-0.4645679077843806,0.0488148167001004,-0.012493301569449312,0.009369473909633465
2.0798765782814614,-0.2195851380850414,1.3936115913211027,1.817288288098815,0.9028736849407644,-0.26067587509394863,-0.41356219088215834,-0.002900314887823345
-1.2835871399710577,-1.8752236927514254,2.587169292159319,-1.0147099457403044,-0.05568536774863736,0.2724087122199056,-0.07474242034493,0.0038736504050976926
0.11458327239412477,1.0311311987452407,-0.010366868935217106,0.8801309809755473,0.49377514870849415,-0.2948351850443379,0.08746032926131558,-0.011999123547712098
0.5904078155630184,0.5284527638848509,-0.10955808608923043,1.7618962730958108,0.7373201197940944,-0.30992920348312814,-0.1214939305968247,-0.010508343513692581
0.8807810045196038,1.5487791401411546,1.938282544152384,-0.2309399163021205,-0.3538193246521828,0.02869695812231204,-0.07888737843006703,-0.029475834093309124
2.084876263906811,1.1360613488715792,1.7482174920338462,1.8563502780438292,-0.03190106413131516,-0.20088157923022093,-0.6629519528046419,0.045669782228377594
-1.4480742174258383,-2.1097532909521544,2.382385444508418,-0.9431435734819944,0.15834448069684703,0.3563513555764694,-0.1984098203776156,0.006693826473674216
-1.5280188433643518,-1.9489133679081665,1.1618522557500475,0.40366129516136173,0.7742086573419253,0.3740198516760896,-0.24187936334244983,0.007240850120017257
1.563402635263055,0.6395748419932664,1.309720631345484,2.095960154525441,0.19072667351838213,-0.03364045406289538,-0.28454747448599566,-0.021350828301929206
1.3015586965083068,1.2956274287713925,2.01993154905081,-0.08456194275979231,-0.5920129231376984,0.13843284687643223,0.5958367128493506,5.817201215146561e-05
-0.002189843745973842,-1.6257547479831915,2.2391268796178347,-1.2988525531214914,-0.34937650691400896,0.4330615834979525,0.6195036263921929,0.005289150848033021
0.0458873402728542,-2.9596186476956907,2.881018234052594,0.33618575549135166,0.3308279793446947,0.4820049537553224,0.6251130555201712,0.0064716398242535885
-1.5761779276966175,-2.160037227387256,2.8655013405876284,-1.0269536781287718,0.06216457940252148,0.23070002659442837,0.052032948745508116,0.016944973466215655
1.5367432926498206,1.9300026879071517,1.4873844671561374,-0.4435009167751668,-0.30139075905818064,-0.05790803104458894,-0.4945419896303114,0.0034881991952004864
1.4592495459962413,0.7828705875053974,1.8306582667786413,-0.24909179889061006,-0.6055353076976498,0.03263289233451986,0.6630094648598599,-0.0018948978127678203
0.8060707470972381,0.08561472684222324,0.6942123768258989,0.7377595395681226,-0.5095559217345587,0.038062234708502604,-0.33971617599279885,0.047067419044275555
-3.1508606172174733,-1.778104400590582,1.3229867828002972,-0.6222682302737489,0.4693641146486499,0.06772054968707143,0.09793255810040173,0.0005860975811338927
0.9525831019161591,1.309769586984688,1.6888820815741683,-0.6177295564319627,-0.29536003993830295,-0.2097807591127928,-0.2875850931046081,0.019848895691188168
2.0071173993238505,-1.3250828158255552,1.5942447937739102,2.9926605497423484,0.4925315745582157,0.015294658192507119,-0.2535473396280515,-0.0012897771388177847
0.5726524110450076,1.3661725455391847,0.732372489900663,0.2409596899975897,0.27978405248729016,0.06354424166195173,0.09253094938266189,0.0031122105427266694
-1.0052818493446525,0.8327086927627163,0.2222303871195965,0.031236395280510993,-0.05882707074890216,-0.08328987352684107,0.09866670602411161,0.0030152338002956236
2.822831344693128,-1.0991560551941395,0.463818447496345,2.0590772641761332,0.18049980588138878,-0.21896622825937875,-0.33095726218365273,-0.005420504686367928
1.8262911035391014,0.8120024370563669,-0.26787081404106367,-0.36484371913979663,-0.6124526000801284,0.002636206905911075,-0.353644539936242,0.002332149190721577
2.7040345282348555,0.4141323339996181,-0.20524856005334471,-0.8261764280912148,-0.9647222989429683,0.050735818784125114,-0.033215640463843434,5.635801389355966e-05
-2.9925623132324355,-5.351846456498915,1.0597399174745434,4.369709606073207,1.8259040829667945,-0.4410407959197697,-0.21968014848711134,-0.035452914155498116
-1.7126019636541137,-1.481027895427144,1.5598115593416924,-0.9115436630149899,0.122228576084605,0.21049575739085594,0.027275816979767734,0.0019750993162942956
-2.524237914987748,-1.9947709871621986,1.8221948998157256,-0.9118221588441884,0.15168847198945423,0.06539656444071076,-0.17327486574731749,0.04051873067743364
2.0892548018140973,0.04456374007631432,1.6040257135665978,2.043096557912333,-0.06138786755365704,-0.1064005181196095,-0.11695656838607063,-0.001875570177179662
1.8707224220926084,1.4471625762296287,2.0114565513477913,-0.28248027593492603,-0.38014079266350087,0.07766141167785942,1.1229405486303605,-0.00025577221043800565
-3.0649776669802433,-4.011327278348793,2.539983339762223,-1.2528303718519556,-0.40001649845213205,-0.5201179739352435,-0.2987193969250378,-0.013187878823168344
-3.2191500535900937,-2.352601424847164,-0.465927793955765,-0.07605398441414735,0.8670636491636851,0.13773054990185368,-0.06835658151360456,0.0031116047579287753
-2.1850078434307076,-2.6713337800427848,0.3572665274163127,-0.5818508224160635,0.3872446967219311,0.12948809039646453,-0.10804030829666607,0.0015047821536678207
-2.6150695843730927,-2.698052940614923,-0.8923465367703585,-0.5088216272046939,0.6068599077685132,0.16564397476738674,-0.026872886117255593,0.0024708963894759617
-2.821733614398181,-2.6201764863678907,-0.8918952850131423,-0.3179865213865713,0.7224263684105309,0.15681060152022147,-0.07124149560547922,0.002842627214609771
-0.5682962761792762,-1.6271766958480438,0.33371150098959984,2.747795487665319,1.0549432428848107,0.1793601257398738,-0.20321690607442316,0.002810724161488135
-0.5598401548752642,-1.1752435215171309,-0.6039970814091569,-0.09736842339959169,0.014076668625095245,0.22405651593028608,-0.1424338878713403,0.0037915658664860455
-0.4692928986346872,-1.2670787270509436,-0.9219092285565113,-0.22017267217440487,-0.027654484497224095,0.23602907916663546,-0.13203845385135332,0.0040426202670909355
-1.8313139052626064,-2.9059972630187687,2.8658605256787713,-0.942235967744748,-0.22573632315996248,-0.09995756110411645,-0.15207015638480156,-0.009632175052074272
-3.7873922413687073,-4.118722388453581,0.5510900389165659,-1.004835347128681,-0.16405945169506692,-0.6610272619046343,0.08281966901790115,-0.01743178136194851
0.5103331696258321,0.7013644686015907,1.857543299717015,-0.3395408212569562,-0.2411844838775881,-0.6128004554813836,-0.42817719925666664,-0.008623204569766375
-1.023285001749483,-1.4725610243262957,2.317975766714248,-0.812783576640947,0.15150277029246173,0.3781184903724311,-0.1823847297303429,-0.004868127808662834
-1.2042514553004005,-2.0750255585943544,2.3188737507351322,-1.133215931021248,0.07415640612909234,0.3877483703429232,-0.06328617068715797,-0.0034439689077274643
-1.018852544195293,0.7180093886420159,-0.12778827402387405,0.3656073227465721,0.07262961147223293,0.026645670680633452,0.08156489848175093,0.05493358623748314
-2.2027018559883076,-3.916140625017629,1.5644192719422545,1.1695543834038147,0.8341995414560488,-0.03664674188134453,-0.24247789439865566,-0.018351660892808045
-0.7850681844039168,-1.5721856618819545,2.331615464579444,-0.4409648550024181,0.06560466065113447,0.25952893087044865,-0.14913915923558524,0.0007721275883144701
-1.0961436067827888,-1.2451310033183431,2.9823706308864497,-1.0410924027405966,0.1543841128951773,0.45760665031096326,0.2437923745612879,-0.0015334021191479028
0.23350482266014777,0.5663623107216896,0.42424887473141176,-0.013179199566482492,-0.34971230321815316,0.05129494104125527,-0.5314133252511415,0.003170537673627634
0.9193279441375113,0.35129621045093035,0.6831311901936225,-0.5993655730224315,-0.7256937731235449,0.09236833839236713,-0.2011355894588169,0.001702595874741316
1.3187684821708479,0.048344589676561175,0.41938718421979143,-0.5455429226621964,-0.7619464998115405,0.1170690335422368,-0.09601642121251755,0.0017391501845618787
-2.828681158820473,-1.292363596508465,1.430581892845995,-0.5834447704454384,0.5390367530223785,0.21140082231480492,-0.0012670719332155533,0.004571053865586549
1.3056767650389085,-3.983303912157387,1.4905671028388912,0.5999896098540584,0.14364803375184795,0.2862491627035974,0.13441065453359627,6.429554972288113e-05
-0.07778331572840719,-0.9277642186034437,0.020014609607399203,1.9628379924539667,0.3815802110949416,-0.044838655363425295,-0.030344488447338065,-0.003610897490058176
-1.7971962300602669,-2.567561310123778,2.2234834712377736,-0.8438344423792824,0.3168713904910242,0.33164218670741086,-0.21285327684419753,0.005325797327494921
-0.9523117768376815,0.516165912383508,0.06127140809627357,0.21621520804756306,-0.004914972759891451,0.04947877378354497,0.1485601505400842,0.000640519755208434
-0.6075963074312408,0.28409138551803226,-0.22284774665666043,0.0859952756164859,-0.11264297639961537,0.04920833883548095,0.011824667808590867,0.0006490324945515702
-4.349922065736643,-3.214742505344118,0.9017057221728814,-0.16266830447538488,0.050654110120774955,-0.6229487750216077,0.1912653637294945,-0.014894786364044729
-3.8197798779874828,-3.589672237030783,0.4575323813004518,-0.2926399229868803,-0.07903938672301189,-0.6072021608463739,0.1351107609581617,-0.013055839803440158
-2.210114780126257,-1.684395404970973,0.1924800682084192,-0.36067754476251174,0.655405452912539,0.2927750143989538,0.041487775260898016,0.006736832902182215
-1.7897898962354086,-1.973372008445575,0.07250628373423643,-0.2882065630319323,0.6044426489589658,0.3003484280139683,0.01953233467699399,0.0062283696621677756
1.888949235256262,1.329644277718608,1.9059456940532822,0.7114908542033652,-0.32319939710552675,-0.10608098162865452,0.11628908914467545,-0.00969257327068771
-2.1070143612526953,-2.9386159221042796,1.041893499832125,0.05855964134988882,0.6398047948662023,0.12501030542917482,0.12720425230145774,0.0011134329795505279
-1.3347246003161317,0.8689363947541995,0.22277856286573142,0.15398133196974909,-0.02019671497815523,-0.016130273960858723,0.3052678704590751,0.00364940319378745
1.6728922794915875,0.6207820934532834,-0.8049639890459519,-0.41539203871266395,-0.5850098951510274,-0.08410038819107638,-1.0768066875633726,0.030581545183338783
2.046980793068211,0.43540864249282707,-0.8298109089009089,-0.5875778080393257,-0.723986914674337,-0.06709527686395614,-0.9892612446951322,0.04013599887160989
1.543367478600592,0.8039769908129897,-0.5792432767542292,-0.7078777542185806,-0.038586993337668796,-0.0029082392623943714,-0.30117283408906287,0.017728513840412533
-0.7060753285927855,-0.6815599482982364,0.15878031161580639,0.7777248521831571,0.315625580509142,0.07646127341610427,-0.19862448643465028,0.0034916264968693177
-0.0927409289491538,-1.0947624115037524,-0.18178284716017237,0.6900368488898575,0.20019025226509893,0.13803766702408382,0.19848996902206026,0.002207536179141486
-1.9877854558489263,-0.44764470238288573,0.21674553618734002,0.14054420001061688,0.36423541844363194,0.10011005515500643,0.10797130758528982,0.004153074939120345
-1.314996280683646,-0.8099233413706413,0.24272867945430587,0.024119418380487232,0.17156107743810692,0.10114856666881689,0.010957633037442979,0.02088300262108714
0.5912237552475421,0.9084757277442564,0.9296283190986966,-0.38295969339566205,-0.7184229657223914,0.10635837849679194,-0.07819516319600407,0.02946250657525538
-1.2645688723232686,1.0736160862938673,1.5009929992192061,-0.043115584656365356,0.11869599914272151,0.15976359861984774,0.2970854240280318,-0.019857915271161698
0.9141866623718903,0.7337821009307176,1.9907551862229136,0.2850472295725041,-0.250504177043075,-0.13208171620134393,-0.0779440147887961,-0.0021932674595261104
1.4519475678840756,0.9612991321260512,1.2295934077455952,0.19820759911667998,-0.4584137572027836,0.017529989584380432,-0.03319645599344566,-0.0551718359949177
0.2635913458461161,0.5240048332681315,1.7758460902115079,-0.3958325667259122,-0.6797803017523739,0.02826232011803461,-0.147291241457374,0.0001998318390425837
-0.6172092811691843,0.6408267378892905,0.6400236545091922,0.7215998769198472,0.13761171556361226,-0.08561534618223435,0.05351012345540274,-0.0011457854771145049
-1.8581832434110097,-3.284528902070206,1.1211596287889232,2.609713151564148,1.3800515038634007,0.035783611816060594,-0.13763069067343436,-0.00041290641830356886
0.31326305528212606,-0.749347368459664,1.7522703695940025,1.2963042750347549,0.3796716166034354,0.12424539230945147,1.0225145143929786,-0.00401946632620532
0.11766541519670207,-0.8123927276895916,0.8404374997191081,1.2514772840764798,0.4175557421163222,0.030781193331882457,-0.0817437205712375,0.00010606607654942255
0.7128785657671727,1.1044273231651962,1.320059791255185,0.29628613236085705,0.43682951124957087,-0.16730342089381467,-0.39194976649693947,0.0013059955691461175
3.4384847069714084,-3.887197453333067,0.4132185700433299,1.6130183060487437,-0.044355095795824175,0.41747451773743594,0.3692801660138658,0.0012673470024439134
-6.308923000027249,-5.303113039335019,1.4106003190604346,-0.787229159936312,0.019641438488068458,-1.2480235207409307,0.24730132289166964,-0.030232454256102315
-6.1488650902735085,-5.434220054171845,1.1780433476314816,-0.8387366601568959,-0.016532707868474356,-1.2402118883744442,0.2329715249457722,-0.030343160312734197
-6.314457361326349,-5.498448718790254,0.522729399462186,-0.732782249388758,0.10283445898886868,-1.2408181643394172,0.08253000042066301,-0.02896323207960765
-5.997345482883576,-5.648661664159047,0.5346979380226894,-0.88034305305078,-0.019028774205099713,-1.2292318441461818,0.14110699637390692,-0.029714110023212937
-5.707026899599469,-5.806744978594376,0.5041339710959885,-0.9634708425533846,-0.10859083594044537,-1.2209622464608234,0.16339191476688206,-0.029917594077741628
-5.535681778814014,-5.891054684898233,0.4540687367582596,-1.080905662027643,-0.18570153323892233,-1.2147832866815724,0.17762051512123336,-0.029924966240753127
-5.797691658350987,-5.91702268535004,-0.23238884902884724,-0.9232703685914628,-0.023753855241596872,-1.2167034892850723,0.02349700310710664,-0.028837440435294615
3.3658263168669853,-0.02192247292975634,0.48860600353865896,-1.778474598090852,2.0197523401689317,-1.0682631891792749,0.41819893696488664,-0.014505722487900675
3.120374500554991,0.0731214145029889,0.2711964763283041,-1.6593983252613864,1.5738978449441325,-0.6812953925725657,0.09475874281499849,-0.010682782234932183
3.704533353087131,-0.2573201741649938,0.029463801186575465,-1.943373236296242,1.3826906515527173,-0.6164561655720481,0.5466892128919989,-0.014800880979657403
0.6898233122009803,-3.4030569438938003,-0.10092701290330919,-1.5832977161337771,-0.6053909173364396,0.19976479091417826,-0.5014560028331211,0.005115447896797301
3.57556458668955,-0.37377300915303524,-0.1137504264811941,-1.562462164022246,1.3983193585636486,-0.46120047494279404,0.1497996629550284,-0.0019418552036730788
2.9301879686476755,1.4591805870474344,1.0783305262155327,-1.3418982251524147,1.5210464062451452,0.1820788763266298,0.33325203060708497,0.00019700995199352337
3.6818803880466353,-0.39827699073284495,1.1431668077292876,-0.9310748759191718,3.1612394808088737,-1.3692592707604068,0.5503414059746622,-0.016087069146337153
-5.614055409753271,-5.057715427631525,0.6457331117652997,-0.43606640679650976,-0.5434539891002891,-1.4806967589982325,0.2564947284407678,-0.037260302641013154
-5.311349999001078,-5.312598034350837,0.23664232567692958,-0.475036750212149,-0.5916850170372875,-1.467703763384088,0.22277452937616218,-0.03684870377697824
-5.020854463003382,-5.596014058928969,-0.19680724278124992,-0.3805657209885801,-0.5844362070226102,-1.4573880986519006,0.16423771078311522,-0.03611894050533632
0.10461375571634687,0.49992894741871746,1.9344471571839508,-0.5964083090358034,-0.5554772538772428,0.3827392388210142,-0.08107742512788636,-0.02167136544304791
0.7280717500598719,1.3646235101464943,2.0516907913405826,-0.4632964918770723,-0.6147948101056778,0.4358416227751702,-0.0368232741795896,-0.04466396779383686
-0.004983278301220878,0.7484357701255273,2.5148850442485293,-0.4482793136176856,-0.8915495193485472,-0.00797359264550981,0.12927371998041215,-0.002415203295510737
0.9354446588263244,1.321882792801323,1.7907429664605174,-0.5604180119752187,-0.5105043545115268,-0.4722616076837685,-0.283263043170989,0.035393700055200684
-0.12347130351385323,0.4382453202649282,2.4746191619805855,-0.628410691450185,-0.5393253813266855,0.11940482671660686,0.15711203091694495,0.0007958685833560799
3.1876469281448196,2.364601341008992,-1.8614489109704466,2.2121260958343947,-8.477164928544633,-4.03546610523537,1.0270656905215791,-0.11000023887714488
0.47017528760379257,0.1994441837586443,0.235573771876266,-0.7651264958496075,0.17919735708079673,0.2549455409238694,-0.874751260058545,0.010165964270664749
-0.3770245790826907,0.601684964658155,0.1759063313517013,-0.40430868730030817,0.5095435865025326,0.25728589127655466,-0.7227366310084121,0.010676108087182718
-0.07423029625282519,0.4549517556089479,0.17961042092228646,-0.535702448063111,0.3888167129197225,0.2506109828302901,-0.8374297403557271,0.010607613206678928
0.801045329571896,-0.02373924275399866,-0.003732741523147221,-0.8590003739904329,0.09073906961848749,0.2646449393950227,-0.9010965211672421,0.010084531233168098
0.497184933447358,0.10813020058097049,1.8857201773959642,-1.346294410165771,0.9513585532810207,0.15479306350685326,-0.2791614751935262,0.01151285570771191
0.8119848544795076,1.5122125439991283,1.9220072720775263,-0.46572165779747793,-0.4949209579690752,-0.07326073664415343,-0.2268766315709499,-0.00017517904899972447
-0.11140286589459059,-0.557324372505631,2.4067028276922495,-0.6408182563480525,-0.4907932026571383,0.1956692429593493,0.3623101123058449,0.0007152289515568314
0.6749044814974176,1.2003360722373795,1.8341252647845017,-0.36411148397652876,-0.9941711337111107,-1.319735155374186,0.12482529803312703,0.09371250283545525
0.9401809806979143,1.6846764870775173,1.5683255712566055,-0.32353652412991996,-0.7088352069731322,0.1560845300006411,-0.3816102816242395,-0.0034654011116559778
0.5604815271183016,1.228598463942099,1.8157744759795087,-0.4749789946503737,-0.50333338283077,-0.24610308409675824,-0.2282813932465318,0.02170907271784352
0.5236380540064705,1.7339586834140406,2.507659709596741,-0.3787812394865106,-0.47397828375896955,-0.0902303295036472,-0.049310016231986005,-0.0010399584560415408
0.14620903114445064,0.8738212119646904,2.186482526180803,-0.5024518926209964,-0.5450181314562019,0.2521784889974614,0.06985968190551486,0.003720741090328948
0.39219309957249104,-0.07842718173932572,1.6163212615616058,-0.8461101924555383,-0.5411471257412099,0.16142914651112955,0.2706280193527838,0.003976388156742977
1.274394963332422,0.9537353458364394,1.3729338963776612,-0.532647898167855,-0.5048546069723726,-0.06572610035865377,0.21827186602994192,-0.008470505942844484
-0.7322497227617354,-0.8869646796666586,1.4699861579296447,-0.525902497036381,-0.1940223029403237,0.10619905367602056,-0.6078811522191393,0.002409242393110543
0.3425439810344313,0.6436630712139647,1.8459068433674723,-0.7333561893792476,-0.13206426222053996,1.1644707947604236,-0.19495330050923382,-0.0747313152102657
0.9680463896384275,1.3917673203732228,1.5225057664373278,-0.5775554704388804,-0.2657235238305558,0.06332130211044915,-0.41237829639000606,0.00462942239059014
0.7282435352789228,1.5475153071890684,2.2548226505303957,-0.4050417966979786,-0.3733440579562027,0.11233119606748905,0.05759548740565454,0.0025747756028752697
1.0152711044390375,1.3571822046708113,1.3402275389890066,-0.45731399082622043,-0.6114650259771609,-0.06851634770092893,-0.1894281383975195,-0.0671014178253017
1.4537674616811072,0.4751857140493797,1.204520174345629,1.2341053342015105,-0.09472970499161316,0.1727060278250086,-0.4627624047568333,-0.018454170366718665
1.0764107039310844,1.7079741182986696,1.5176537305171465,-0.42102071657524537,-0.4872143086315091,-0.17575029422994207,-0.36380264578864535,-0.00022595910394181481
0.5723039860770285,0.7725303317038421,2.1665835585891338,-0.27976429356028854,-0.41814160220007884,-0.10781296596572518,-0.0873376148663754,-0.0016475906712345592
0.9751919059130428,1.8353635629716136,2.5454290728203186,-0.1932740155921329,-0.3645623499228539,-0.12920140057890703,-0.257741400387355,0.013248755169169374
1.5788355267655494,1.5967986405755876,2.0199055785932996,-0.21343039576133277,-0.5248550419120166,-0.013930930330039646,0.3282571098789717,-0.0018952456548777547
0.8612561615780345,1.994442410865175,2.2839898641881153,-0.21615977448912357,-0.7322396478187239,-0.139246503413521,-0.21344354607171562,0.006577290341068353
0.640568216624882,1.1271740570509383,1.890055043511058,-0.5636938725384545,-0.44442977359358526,0.06662482666800913,-0.1637956302442997,0.0023751377318589426
0.4638546519255089,1.0097682252800289,1.7112787325681957,-0.27770546974084265,-0.8204972704618831,-0.058890839357181896,-0.20074380543824713,-0.002572355609215215
0.6107099148615774,0.767040999285594,1.5858643723991104,0.61609706032992,-0.03218313668891994,-0.04140326695150885,-0.30878415742024223,0.0003528047583869398
0.24365928252403632,0.8062096610993681,1.482204848537064,-0.5650112347673205,-0.3112228879691541,-0.3578841082668546,-0.6364137178750362,-0.01823828492226491
0.6148093825517371,0.4534435887594333,1.5331704408929108,0.10271263104189676,-0.7620658281270294,0.004967404152253023,0.12499911998572677,-0.0025051314406475482
0.23471828984422097,0.5539896098501086,1.5532793307077357,-0.5657431300927905,-0.6008204228720396,-1.024681631314745,-0.2599160531030483,0.05079659758218904
0.7334533995697536,0.39580572449798596,1.1745588736818886,-0.637436953417117,-0.7587139210504295,0.1742027320884718,0.2093022934687675,0.0003930674130638665
0.6657601955308206,1.1342247635807923,1.3194602363172594,-0.5211615327201354,-0.36129821316657373,-0.3858609734515187,-0.4318623877333828,-0.0042643124837443746
-0.19647955793712324,-0.49976409387234005,1.4822968268049532,-0.7513564608288802,-0.352807282006482,0.19898550873710477,-0.14153032834448473,0.006162429528585131
-2.2410885428436855,0.37974786274988226,0.7921969309481599,0.017622682291128445,0.44493402076691374,0.21599319789744623,0.18418819043050955,0.007431314566841171
2.6057485673264917,-2.441913236854846,-0.30891343807697524,-1.1132403833810756,-0.9172901272336493,0.3412702214463338,0.2877269645423852,0.004395263829530043
0.8810954881472145,0.8752483243108881,2.181819923304022,0.38939888022110836,0.032332813372759596,-0.010014653468066632,-0.056050516195424616,0.00013599315052259905
0.14321967638964098,0.8930099741682139,2.4385245025016373,-0.47603719615773205,-0.7340934859257074,-0.01752630257545365,0.13913137212420298,-0.003023447576643286
1.5993088152189223,1.7676065686863427,1.623175508386061,-0.6799899061812701,-0.127060260213719,-0.20887427680539353,-0.08305752343246968,-9.647349269582147e-05
-0.26394696353614117,0.2769198529553721,1.0609567554468855,-0.4412615845737919,-0.5557286254600053,0.13255325332506054,-0.4261591856943225,0.0009513707296853089
1.5961069897103497,1.7583304598531626,2.3570745360678282,0.08569909476188269,-0.617398780218826,0.4194944639045202,0.48291169165189957,-0.026382504738611562
0.22621065703179152,0.2746151969316012,2.4043198894956426,-0.40560142606541055,-0.611700750836599,0.06542308522672208,0.19316555898105578,-0.001423102012934357
0.9612195679733718,1.2613943987417016,1.9429463775370166,-0.5825043794756622,-0.498552062099467,0.13441356807306415,0.24854226280013927,0.002403719695756723
0.8517589573653114,1.6676259139984468,2.0174520873078383,-0.4986563973355451,-0.29193375165361163,0.01554707206964791,-0.2693299094800288,0.0021242002659321874
-0.4926221722811613,0.2528614295898164,1.8462731931461847,-0.49275783120018984,-0.5241780942425104,-0.0586646371723086,-0.01775089572457687,-0.0018925686702586425
-0.6591828345306266,-0.07092830222711599,2.2179035055699297,-0.5996783830904825,-0.5687680056601835,0.09993965247834516,0.14922421322185267,-0.0010503254744049849
0.4531264318518773,0.9659334703828056,1.3902046017594845,-0.5552368437865005,-0.25899963127644327,-0.22710144301139662,-0.37775936819181005,-0.0016610009954430933
0.5586118758046242,-0.0729730509897315,1.1558638293754526,0.6807784462179347,-0.2763590569306702,0.025889736942726824,-0.17503085883835112,-0.00020214780029353965
1.288071095823565,-0.4585305427367452,0.8506840782778337,0.21686158477016507,-0.6008666756717415,0.018513972048883234,-0.4581722152207623,0.0006025263533770463
0.1704534490692559,1.1281316880649295,2.318995342764434,-0.4310759107170728,-0.5972354755174785,-0.025164961524053953,-0.09987189123188044,-0.002277735258534745
0.8586003706692606,1.4506973992576664,1.597875086479997,-0.4257910649902958,-0.6005651889695584,-0.2506725942967607,-0.3179744193871846,0.014269616436797427
2.2662899678839166,0.6463888450984475,2.1132879755554277,1.4815823559556498,0.11871300786481655,0.11760240253219721,0.5509323025778053,-0.00026180177911651814
0.4636371067054946,0.9945353304442649,1.429125411853218,-0.4573092102605067,-0.5689845347114186,-0.08670271892998102,-0.3798861202437042,4.69426710023247e-06
0.9313236496217903,1.5309615768592226,1.6747749090652162,-0.5063358306446674,-0.16530028413142078,0.0061035806255115375,-0.536822057672622,0.00361501140681996
-0.2893082340334683,-0.18913736635719666,1.8391610692191769,-0.7874948191019597,-0.3325355757794771,0.11682954721386153,-0.04179961930808176,-0.002138760292410424
0.5018891178791138,0.9751311652770872,1.834267658342056,-0.5687511457307466,-0.4277764700091462,0.0035234156319868732,-0.0817449058754347,0.0017170091953860296
-0.3666098100059939,-0.1406259937331738,1.2826700546425767,0.46582920082387225,0.04379654713444272,0.14551233649311127,-0.17156425656701224,0.004985421948432082
0.36838812686767336,0.9035138676692331,1.5371028151457715,-0.45800944077966443,-0.5743601881747205,-0.0017215430959408662,-0.07250551109739467,0.00024915852246877704
1.1371145689251738,1.6048009345587964,1.7331172931312355,-0.4113699236625295,-0.6744670220179734,0.1567919458762978,0.35529226770667893,0.0011578491955219366
1.1765910195743046,1.7817728798450356,1.5438335219267563,-0.5546681669061333,-0.07338773348985014,-0.09449606734777886,-0.3398052939098625,0.002305812769185681
0.9415856940793941,1.618319055586124,1.8182658664441838,-0.45836525571958164,-0.40461870631247415,1.018930655486938,-0.09042591887752922,-0.07998809810687177
-0.15409856375679995,0.2994356932389752,1.6240416748511193,-0.5536740770629967,-0.5735047256940414,-0.040146337395229666,-0.35672586990740207,-0.0004734532845847155
1.6923575139044227,-0.7999407650838258,2.0879400993354564,1.5163998744820675,0.2060798388440962,0.03532382998960565,0.42472963742844544,-0.0030609626094939947
0.16844190242254317,0.8390926109877405,2.263919918580514,-0.4340951434917509,-0.8438475940529487,-0.09983912695776924,0.28756511811932384,-0.004867468247286092
0.8126340396274494,1.2789095717942183,1.708767372614845,-0.6746792077648751,0.006960835418407793,0.027533210586516366,-0.23193688648598604,0.0035960077821211153
0.19623824200113218,1.2851932341855625,0.7057169138868677,-0.18848917329380777,-0.3828904225868714,0.028185291089102983,-0.2890234732352333,0.001986705679976131
0.5790619929037717,1.024223593523235,1.637596148364472,-0.46136923040362177,-0.7676903616921992,-0.1128392755067802,-0.45012700576143905,-0.00042396791026997504
1.2192737748125406,1.5773310027762626,1.36499763585537,-0.5898522175146993,-0.15697474421557137,-0.1476907730763559,-0.2921301375689477,0.0010112311299917789
1.6520852033613111,2.4437456896908847,1.654110082372486,-0.31041523447051605,-0.6038197370054817,0.9300652232569632,-0.5346195637834634,-0.0724788471903556
0.806930603212231,1.3226889654074199,1.5839996277965422,-0.5300216903184148,-0.2667049525632216,-0.16071206500012572,0.14005603211285944,-0.0023031718252138444
1.4734752999903002,2.066499368230509,1.2959526945053006,-0.3422725360152629,-0.6126978149563955,-0.20580508452780685,-0.4535905645578555,-0.0008404446418202596
0.3930423048293098,1.10251360037787,2.476797333699553,-0.491772958712457,-0.6532223124394073,-0.01529942270144247,0.3994222907083899,-0.0015144186272826026
0.8282222322684766,1.5093867654742807,1.442045247843872,-0.3407170940432622,-0.7181931070211687,-0.1350267360207696,-0.4929819211510639,-3.269627842131666e-05
0.7165751514537195,1.390861686042137,1.7451072910686483,-0.36078486131698306,-0.7500142531638953,0.009975630476354807,-0.03042818790039462,-8.195109221511501e-05
1.170606740979575,1.5480211169621734,1.7204705355613008,-0.6473327640952229,-0.13920359775737995,-0.04201200635979616,-0.27072038622771344,0.0025012665155951927
2.1675926918526187,3.4312308535816087,1.4523138286824604,0.2988872729294019,-1.7289047396938098,-0.16420377145291715,-0.10195381858670663,-0.0037776785546389372
0.8593871173296003,1.8342067615415827,2.7040992964362713,-0.3022476009982581,-0.7761553704700866,0.04233177773276138,0.699286055159296,-0.009062852651393914
0.8748318014755663,1.6281827289160968,1.6176975034510037,-0.24308812358011342,-0.9414001362613372,0.01585227263371269,-0.07250856708499413,-0.004137900660372468
0.09030130101827465,1.078067261047185,1.260943345801789,-0.4074448583148058,-0.1405933798824696,-0.0940995883555614,-0.3797928440919953,0.0009448934160718809
0.9945093015657178,1.3294406659005402,1.4698119778821175,-0.5765231566597244,-0.3294092170991577,-0.12346272333097756,-0.29366073378309077,-0.00030453901057676716
1.5664768137969645,0.39361648480511013,1.5460210420099691,0.648770514553958,-0.06290221023745843,-0.178722999467179,-0.16715506131971128,-0.002929044393329391
1.858930765646663,0.6515203243219236,2.04033781042561,1.329950685134348,-0.15302579178927717,-0.13607267536795278,0.3658928627897681,-0.016663966034816284
1.6652507348159078,1.9559974486716498,1.5446386666355485,-0.7181817067623335,0.15171213848173037,-0.15089503566149087,-0.3647047595220595,-0.013020547737729274
1.5935867241760941,1.9758481256971987,1.4036845717578026,-0.389027585525794,-0.6640883707541638,-0.09438772405884753,0.009481196123148706,-0.00019407026333109132
2.073976600960704,3.1545082117824745,1.6446975420858039,-0.08292000937780472,-0.820853273526957,-0.0757324216903663,-0.014970053834484583,0.0224341541778461
-0.1012743787858338,1.0181737503524564,2.672281466810442,-0.35300045511141925,-0.5693618990047288,-0.09039961691448346,-0.06606024197547393,-0.001731546975269272
1.191609939393822,1.60796661485059,1.3911744108118016,-0.4347319926548949,-0.5475199980867125,-0.04075921861514069,-0.010659708956236916,-2.0106725075175563e-05
0.7408653490339147,1.1129814071959259,2.0291539376823375,-0.5657626213401646,-0.565795146394018,-0.11991797968074622,0.22228150207865782,-0.002768805496899163
0.58946887554527,0.8114599036891857,1.1990873217985136,0.05626423527922658,-0.5248179933523338,-0.34715410802109575,-0.7824872832527064,-0.002879282682888111
1.0000249328271356,1.6065761278322077,1.775507910042126,-0.39108844982049673,-0.7078798180136153,-0.055714511045420106,-0.07328251246224447,0.009090398527992153
0.6066322347406795,1.6481095163458914,0.8768393279233369,-0.24937895930828002,-0.31202322062846455,-0.11796945910014017,-0.546323481405457,0.002853148754636475
1.361482373458952,1.5791603460981527,1.5567009215988128,-0.6656932679627451,-0.10984001624080791,-0.10302597649278042,-0.03655313938995188,0.0021070356363713113
-0.14038608232661054,0.3558012177143894,2.1275413277001483,-0.5740220345147223,-0.5071308776349777,0.09832465954870101,0.018074631734590084,0.0008257479878074266
0.6939480391241684,1.1605140767522386,1.427974622902198,-0.47508585382331764,-0.568237567128309,0.041818027423159806,-0.5121762815743938,0.0033688211327087096
0.25489748462158374,0.836382460632254,1.4214869843798883,-0.42692044101273185,-0.6283249170183955,-0.10453985955930793,-0.3127041649012036,-0.001926933480270187
0.8660524956522656,1.4880136412312364,1.6384558213901457,-0.2868318842385042,-0.49158646628786773,0.4288508967837172,-0.22961865495960507,-0.03655470365635029
-0.1783040347024083,-0.11071607929502676,2.0131667957620247,-0.26559647028598554,-0.559303576282991,-0.055316930176787404,0.08379070845898412,0.004663366110481111
0.9119092104594433,1.6848585029880805,1.9700302762428785,-0.43763437785695525,-0.46349285022567543,0.2612062204103974,-0.09245641789543166,-0.025496347427142678
0.21720170887425042,0.6173055408236369,1.7243755841272048,-0.47738787526137394,-0.8407821090511137,-0.016822845063211286,-0.2177124772423564,0.005059855915055509
0.32261945304639816,0.868652547496305,1.874875862612613,-0.46939987457599774,-0.7221947950397574,-0.6038775972545407,-0.013842821842172897,0.03302310249088171
0.46859872573821154,0.9754097446824678,1.773194507111533,-0.4176594858690203,-0.8499288522541081,-0.2495546408390272,-0.04076079622124298,-0.005779498047947773
-0.5411416010434973,-0.2567289452691035,1.532343270385128,-0.48781361584934935,-0.235957600050945,0.04710043480596978,-0.1941811026011456,0.013141729760068721
1.1328820683289211,2.054535687570782,2.1446458158800366,-0.3382107163030514,-0.608718893194583,0.3856948024454941,0.09555033997388672,-0.03992804815212595
0.7285173864060245,1.3778396351381237,1.6943262972593616,-0.37550771179917397,-0.7874073357296686,-0.1690343632720893,-0.4213274300807703,-0.0014661011328851838
0.15295420273433644,0.5152305491534646,2.007312760845934,-0.4202253745650831,-1.1115188531594355,-0.7535402725365544,0.5414670321284282,0.052632370502619784
1.107238079794463,2.5182199881991036,2.2401595646127195,-0.021538436594736286,-1.1038641365497177,-0.14905140995896315,0.057938764390378344,-0.0371504777928626
0.26752985159385,0.5205333139179686,1.5758197479840088,-0.23105504542512081,-0.702353020807776,-0.02630564579218086,-0.08571556492596583,0.010247521067084483
0.46352106182184205,1.0253988514429129,1.7938442452008563,-0.4283124961669476,-0.7804268663545647,-0.11379298651426517,-0.17401212980073005,0.001647833692769123
0.38890701896375973,1.1461805366694247,2.369939682190782,-0.40257707860534814,-0.8660505653972566,0.04688534298016308,0.1885828518503948,-0.0010462823712019563
0.42820010856597895,0.6513613524315128,1.9343763334014936,-0.5462947725580447,-0.8322320452435612,-0.1921351610029032,0.20515784619010857,-0.005965581065685122
1.734839931170278,1.6467902599745656,1.580666897724803,-0.39902627314425,-0.466234862789234,0.6333539265488886,0.23268744691592458,-0.05249747821123192
0.07236388299218187,0.4756295179300153,1.6295491179644763,-0.5471440695421079,-0.6394529356769549,-0.09801242387491789,-0.46415921534113636,-0.00048372157591452603
-0.09275437025469876,0.6442544617009686,2.471017256853196,-0.4998622177197195,-0.6384652798893894,-0.06522954142687902,-0.0301400490266393,-0.009389634289954363
-0.05382832716044485,0.31725165716822534,1.9089894413291995,-0.5202892093260345,-0.8499460914363675,-0.22483562244922192,0.020326568699326048,0.017290060051242704
2.723566401792128,-1.5757311197346449,0.21398172581514713,0.4016714781861589,-0.8115577628641975,0.11135074998854363,0.13552338908805614,-0.0041254911088065
0.2927182410363903,0.19321552311634638,1.6638189688248628,-0.28036200138231837,-0.49624453709826927,0.12521764414176387,-0.225985709549026,0.0019190978898120227
-1.2570545091805914,-0.63719264781608,2.9212958995552905,-0.7777639844470912,-0.4088062479318199,-0.07794905035046433,0.3700605403388631,-0.005986413698316039
0.00722507936067018,0.5554755650392392,2.0051960634543944,-0.535068081221949,-0.6159058185314943,0.041917934587308185,-0.005741666615526496,-0.00019779427157422974
-0.1248754819898082,0.17804942987037659,1.9083027073170495,-0.6405403552979559,-0.5290856315984582,0.03879878150554943,0.12638301722921413,-0.0010115096308379785
-0.12618607988766015,0.5734547758888113,2.4446929612518167,-0.47721815615050933,-0.8356270662512514,-0.22475263421925257,0.24275339076774793,-0.006690872530736857
0.5621252462015508,0.7513058658141324,1.7642719176628088,-0.6320834249756987,-0.489443954831921,0.05528276011418878,0.03377418751794618,0.004880156718819611
-0.2699043771404113,0.7921787908183293,0.09068818164498385,-0.2128515906226697,-0.02649111921654535,0.07631035466680283,-0.062196439144499675,-0.005678939633853831
-1.5756975446885355,1.5705263161889784,0.6993088625188261,0.2925894382818492,0.41608985531675696,0.07661314149822174,0.3253804491943831,-0.006717680971569364
0.45248199928002536,1.0301106511392386,2.0925666930723072,-0.5936365524775651,-0.4093909554379221,-0.7301831594048531,-0.18762468451781542,0.03805188474025018
-0.029543723250223933,0.6702572113021511,1.748326226099953,-0.4532464818587216,-0.6169633166493165,-0.1425495362063048,-0.26037085006219,0.0012010753762420497
0.18150908695258147,0.8136106832544956,2.2679288845094905,-0.24333703866171355,-0.571720068071714,-0.11068651121592073,0.20246276729762228,-0.004320779188911953
-0.02632060193274578,0.45700656480092183,2.2702815672056005,-0.5006828153735026,-0.7067542556989134,0.018563234399841193,0.12337411553716543,-0.004433727222754156
-0.4000467714902387,0.253678112859431,2.215488533691787,-0.6129261415090945,-0.4827514670452979,0.15738122026129084,-0.32002863509416757,0.004795321513266975
0.053972380255078466,-0.1249542687766029,2.18229107978024,-0.6239468279411778,-0.5152756583977642,0.16999115433593898,0.25306153907043755,0.0006090024047118941
1.0196803328626647,1.1633997949077926,1.8009469904033957,-0.19401670597201162,-0.25221781096806994,-0.4887339146339388,-0.3855143198420475,0.01334591630317866
0.6119710086193082,1.016446227912763,1.5754278524734748,-0.42812218758073173,-0.8466031995212787,-0.12369433763667209,-0.246403139160869,0.011655269757547418
-0.08724442875830293,0.1561143303886852,1.500451080065316,-0.547412227303522,-0.7329063474537544,-0.6127845097747511,-0.03721266401826665,0.06190380207581049
-0.008497887595916303,0.5700318675194881,1.8331160872664587,-0.47451366664901934,-0.69887925541066,-0.16130931810301236,-0.042388706946290974,-0.003892877440890645
0.7564258814909725,0.8572523392764796,1.7374658682268576,-0.6258410876022094,-0.62853533185095,-0.10179014175955184,-0.16909929439500787,-0.021355954022649837
-0.15605852967859904,-0.9885348050178762,1.6150939124732562,-0.27755457706653164,-0.4499879843766874,0.22365850990719446,0.16412420136221853,0.0010920776906105723
-0.02797765874969943,0.19140173821885909,1.8234848060398752,-0.20330295947329938,-0.7010896568612915,-0.05936897095770922,-0.21867078367044282,0.004144035602095413
0.5086443319211461,1.1411964140484612,1.3542464143322246,-0.3933336362269484,-0.5195495311627931,0.13877869640330764,-0.012290575527096215,0.00814532628646582
1.5360597921891823,1.964913988503251,1.8172565224101447,-0.4851906313789604,-0.4899220769746313,0.631308847391496,0.07929342799540144,-0.048074687624149334
0.7172818002905131,1.1982798410070283,1.5152479272407826,-0.40759626011762784,-0.7736419541710123,-0.1988573225337143,-0.28222839533521155,0.020561453596866133
0.8945297166128627,1.2675703156040294,1.5472760581401137,-0.7221218652849057,0.09290955698886966,0.030158726825059868,-0.504212404443777,0.010284175825291491
0.12246087411887517,0.8116126265371278,2.3298843523562405,-0.580652507937564,-0.4402453220188805,0.06711528714980373,0.004346204191678403,0.0004933929016433156
0.18875537330321301,0.6895209311025902,2.110880422678694,-0.5405352912324173,-0.646166004666896,-0.11169387890518702,0.18392292422109974,-0.003769859463105375
1.3986068453046936,1.7536056701578095,1.7656447875614922,-0.47422526852253866,-0.6330975979169184,-0.20980323479191829,0.13742785894090115,-0.007609892840048204
0.04685560655082159,0.22801496063275328,1.6555209247697615,-0.6551643960191937,-0.5442630333981128,0.0941213397121378,-0.2828783530187986,-0.005250057744466858
1.2882367860683592,1.5648131374060443,1.5690552563433855,-0.6337855434222626,-0.16918858411026108,0.24696976354520567,-0.13669994800787016,-0.02445462013905498
-0.3970914129495591,-0.10920777483675309,1.6664783408124078,-0.7156752341399277,-0.3180375954748364,0.17114116261593681,-0.3506185231319068,0.0040117530312670496
1.1668234088019755,1.4151335502622018,1.556106260950289,-0.24082153802624137,-0.6503791805800102,-0.08541222981390244,-0.12782817337001884,-0.0009086133000739927
0.5080262590044191,1.0104365457318547,1.6400805232099018,-0.512614907592465,-0.4875445947246083,-0.0016896159770400357,-0.1804943483168985,0.0009928281072766846
0.5622567810084848,0.8572011764295597,1.9025922096190402,-0.6523765960689937,-0.38715314502777626,-1.1305820818821097,0.19164097427961663,0.09727868643516359
1.8150440546625157,2.8940565895826382,1.8724973910543274,-0.4024257885354414,0.09021452907007284,1.2008554311004536,0.02516374582334379,-0.09068731479211253
2.07961182066056,2.540002189464841,1.7438805073770773,-0.6545114677415841,0.24525576415300174,0.9848617534938615,0.019254059845319912,-0.08385253410887118
0.4381638885525974,1.1728441550213418,1.9887937359529018,-0.4871869269468391,-0.49290712102698253,-0.46243303668577984,-0.17102712017789332,0.025374674376995372
0.6162987632113028,1.3216690695527489,1.921337587797276,-0.41594163661964106,-0.6502029813901653,-0.10022024939403563,-0.03129502272425271,-0.0018445721513422925
1.0830196800784881,1.9993247422461518,2.1106605562642127,-0.4335666694647363,-0.4045495695055982,0.006456739809017803,-0.38203632596940945,0.004067608872809948
-0.01499177570104355,0.716882652057731,2.4364799469451532,-0.38887078886888427,-0.7281630781710804,-0.11344626949824063,0.15880016162974023,-0.003971883747805444
1.5382432937180865,2.3523820702502145,2.0819045459268235,-0.5992159360561256,0.11528613453596671,0.3340907642901446,-0.40855573916990634,-0.0630405781337316
1.1755317844492894,1.8040695680861598,1.6562892494749175,-0.3566480250529486,-0.7287150631669866,-0.04811868608457149,-0.2518886566471426,0.0006750179547664797
1.651135781291351,0.14097550098237108,1.8448257289534682,1.0614636911354909,-0.12781333217676114,0.6076108253842917,0.10797430607418647,-0.03490990477708521
3.4181689205258627,-1.3735776488595641,-0.9946121667131314,-1.573906944247973,-1.5446271172087724,0.2889186184297964,0.538817319101323,0.0007630159859620348
-1.0287563520186482,-1.1706141963286447,2.188023189003988,-0.9828098853856974,-0.3003867509126276,0.0524951053144771,-0.10866729429935895,-0.0002516804608188057
0.6668970933708852,0.9826347081524066,1.9869902701591107,-0.14775412291757936,-0.4215161008073616,-0.15251578285385517,-0.2631726451197452,-0.00176296230089115
1.3688534379888926,2.061967683862367,1.8591567638466613,-0.47981381689777836,-0.31125877282042397,-0.12682010658340326,-0.20080500702182327,0.01656490013479903
0.31995683832150346,0.7608254471204593,1.361461783405176,-0.5216884477434246,-0.4469640907416643,0.2149326806562638,-0.3391573875312813,0.00539620855589385
0.17003583562984,-0.06782125637321906,1.3736451973151103,-0.6674363671226712,-0.7991096124565319,0.0727553302143916,-0.0010015090987115739,0.0017014583724828767
0.46322754914452774,1.0863090451013218,1.934259898516617,-0.3470371337409447,-0.9958339616229523,0.03816889591575277,0.03885906619738276,0.003719588967958495
0.8894926348086207,1.7666705318981535,2.202096520629765,-0.39191506500472084,-0.5798156415752551,-0.3084499678640465,0.15373282038041033,-0.005783621867949165
0.8777960597604421,1.2248284504314095,1.4495523329651434,-0.5174763188781827,-0.556960522458183,-0.8959026795322701,-0.3643577055874531,0.05801919102537292
0.7058571267716909,-0.2497027077160244,2.440668224956018,0.28049487010788504,-0.2766906142192077,0.2194725794837007,0.5309633571153025,-2.072783135140285e-05
1.3920685114946372,1.9992866805321319,1.5802640115007773,-0.47228840674697503,-0.32797399043520653,0.01261709982149511,-0.4199376917747225,0.0035645881838709714
-0.12860924466104,0.03227662516838424,2.115405046197858,-0.7642602654198414,-0.4099372385355864,0.12087795539568368,0.15278944711123518,0.005168750068702995
0.6838224131142882,1.5401620149979558,1.95965479707958,-0.3644935949854913,-0.6728065076346765,-0.15379570916306648,-0.2123164440689565,-0.0019465876127338147
1.1665574093766244,1.8539565835240623,1.9187012217439148,-0.34728098389151085,-0.7998616729977501,-0.1636310901803667,-0.09060391632940414,-0.0025026895480381875
1.1917911472710314,1.8409659918144166,1.5609586444259695,-0.4282907833454002,-0.4503627999471107,0.4692512569472508,-0.5101672732866294,-0.014600224301662228
0.5398816094846954,1.5258988723462732,1.883455918628859,-0.37362207698230226,-0.46171825005567413,0.017940221104627195,-0.21012509223123926,0.0024208434212572853
0.7502048931133164,1.5383265174134637,2.0152690341610437,-0.44593395360215476,-0.4444151598423466,0.5193336007929117,0.012635025982663495,-0.03522110019839059
0.28981002677233303,0.7883201199003329,1.7123874160329007,-0.5367243599918474,-0.5113037017827605,0.10731942752534603,-0.27522274031550875,0.0026011167811017004
0.3991608719104822,1.0986377216359953,2.067793801879758,-0.4871697819068727,-0.5133902940017208,0.28173010863437764,0.07989503989195496,-0.004223126725554459
-0.12388406692371041,0.22684022728084066,1.9945610523896702,-0.5194869200364151,-0.9363188001463454,-0.11407691228923393,0.010518181852066953,-0.004452489745646796
1.2080330085115984,1.2880586825093323,1.5161612834759872,-0.5897402849181205,-0.4608661183583808,-0.14032769353863814,0.3551559020778941,0.030897769590348716
-2.760569272003906,-2.8296732421494055,3.2171416244777333,0.2529363093134499,-4.878368153574756,2.4677992468464027,0.9440010024125629,0.03656003494993207
1.2463427938823395,1.0348642716367369,2.1888391983624147,0.0595765268925581,-0.79347973310464,0.037572091194122734,0.21651426752693034,0.0026742876654037287
-0.4948379868494653,0.2553589833930637,2.696705036585706,-0.6174067239230083,-0.5772909379242297,0.08955405458963955,-0.07073533114170961,0.0006883962751996454
-0.9095563662540105,-0.8749414684496728,2.2811760999388935,-0.8502683764221988,-0.28088916251266105,0.18922994299115237,-0.11427786815259627,-0.06997985443033208
-0.6389887138085257,-0.45384725680969473,2.4860211003493027,-0.44181277111341455,-0.34614758744187213,0.16479642673951428,-0.13072839939375125,-0.0434197653394843
-3.582397324790189,-3.1074891018662214,0.4397451737042373,0.26917023409410945,0.6024589130280577,-0.23259494718686793,0.08406281501281275,-0.006745449937802278
-2.9320313752473814,-3.44360192578088,0.10661719540556236,-0.2359002828375953,0.2915456846623251,-0.21749331215275994,0.01822394775300985,-0.006830705262613712
-0.8422875568600605,-5.187586453245125,-0.1841655241711304,1.743014705448055,0.6387331316456507,-0.21593112215079327,-0.28870089428602097,-0.00835125269647059
-4.0748322024407235,-1.4425421284358844,1.1666678528301504,-0.2359103635486287,0.720662323110553,0.030107095716925207,0.2165828401841649,-0.00018217681223302464
-0.9573598454338269,-1.234267445634782,0.47009731677411337,2.083537126683034,0.7962494135529004,0.0005319726263252974,-0.04339878328461391,-0.0008801533463365692
0.2028031260570035,0.49454454905330403,1.745597703663183,-0.4907432338400805,-0.9140773564240895,-0.19110420182539475,-0.020411961424721185,0.01581203163479473
-0.017804216347368344,0.5685435557746307,1.8598106813443016,-0.5708239885840009,-0.38587094745497214,0.07925375287646494,-0.04788900562391327,0.0016081546464775753
0.8514727718828486,-0.20580400741158864,0.9211112926102285,0.0981864901901684,-0.23930722888420075,0.08710240881777406,-0.40523942818325825,0.0030761564330628603
1.9468258526885966,-0.8396004587508102,0.5177947955492728,-0.31905417836183714,-0.5838421486309912,0.15064629617760467,-0.09400874491325695,0.0019038735399168657
3.3644587115966194,-1.801705780729976,-1.0279408954427405,-1.17614089211883,-1.0811597406171294,0.24882894652584428,0.17539793967084943,0.0014439996719785356
2.170705862777377,1.3416235930460347,2.3667288796176225,1.1793991185514179,-0.5301106739910538,-0.024875029048161922,0.6242868621273634,-0.003376929767365095
0.9632034416206643,1.324802820428801,1.6765954894969677,-0.45649657190327547,-0.7354014565675969,-0.368339827984543,0.08614464122283752,0.02337752641634807
0.5036836635055433,0.6425589020884118,1.7924979298264108,-0.6797486868250739,-0.4380723644047798,0.09757708875168145,0.034706099646105194,0.0014287539438759358
1.9340684030273,1.868544735521597,1.9498850656828746,-0.6113256671634418,-0.7276346602052357,-0.12771701136936495,0.03195920550626736,0.20644077433149935
1.0105366451006856,1.645961979052288,1.756770513952326,-0.17435718707482376,-0.43872664603218803,0.11468541540483855,-0.2633281509328859,0.004123732378939515
-5.491974490029744,-4.077259531563559,0.7242863920168574,-0.026662476627222133,-0.06520069366830392,-1.0410666617947968,0.14958516205669753,-0.024739884542912163
-5.299224654097185,-4.100400142705951,0.6545563163978292,-0.483424156389197,-0.27587247905226053,-1.0276763980731263,0.21028687828350484,-0.02461352200299101
-5.031220781500043,-4.367886456015151,0.5100970725111019,-0.1370573603540806,-0.1864589752951507,-1.0243309362481237,0.17609621773117484,-0.024929434450650337
4.232255217892112,0.03752251243254265,0.01484391791432046,-0.9307369360774156,2.8615259554632253,-0.568001707356864,-0.15768961046592833,0.01125270937611122
4.56987210559797,0.05489727541425727,0.02991114586404716,-2.536818361803487,4.023354091467425,-1.6715633308434554,0.36156000718408726,-0.028021832604471886
4.980914472641616,0.6823780500360399,-0.0954799927110743,-2.5862249748208312,4.121522609998877,-0.9152042501995807,0.34532793912710136,0.007917675498476743
5.190777232546617,0.19323447403542793,-1.5404225486609757,-0.5232980210742079,-1.9965864976702834,0.15187707012688953,0.21647321497744065,-0.00037499253518258487
4.654794737862353,0.34913417105139444,-0.6777831776964262,0.9547346293619567,-1.359467622271251,0.1401408446724953,0.4763137802058513,-0.0006866250254615196
5.971657318214383,-0.840958673431886,-2.2584813480866566,1.3317923061558616,-1.3940756420198368,0.14070025897852242,-0.1357780501183531,0.027550208340801626
4.791951410752916,0.16379258439728098,0.10482818045183938,-1.8859214748169035,4.035384507808729,-1.1784546599575725,0.27166584519209463,-0.013879652937459588
4.518069292597435,0.5386435840738254,0.04962093983697285,-1.972919164815835,3.1218280365104074,-0.49919146954360544,0.3018375288999255,0.0008580795279751078
2.4941360157766903,-2.0843035480825076,-0.8968599960629241,-1.257969306163594,-1.1841597818356773,0.20629859419989371,-0.24096837466013518,0.0005792664757589774
3.847545398857176,-3.4894272990941353,-1.3456008883779957,-0.7114642754860208,-1.0236258652671146,0.45159039430346304,0.2529848335906759,0.0031469656757631913
4.817452659499077,1.0913566318314296,-0.3282721984461974,-1.7847137160776518,2.2590418723026375,0.4798363863961351,0.26348249642718413,0.019148199308500733
3.9175750882674087,-0.6954159379092786,-0.2053890613179806,-1.3030380777631418,1.1938701741882878,-0.13960246727264003,0.32391165359847446,0.03425222685914686
4.198581721975172,0.6103400019846036,-0.2969593196701444,-1.2168268447099382,2.4263836673724186,-0.3187751750700279,-0.3013088210875304,0.00629824924178935
4.5855267034799105,0.5064361212857625,-0.5051910103535993,-1.9516600031562934,2.1012186348301256,-0.2473396966006192,0.23411354487092387,0.004727153500594611
3.77626847678054,-0.4885308559709214,-0.13740724972335672,-1.143413906552792,2.27574598255966,-1.3229692263351494,-0.1474349217871719,-0.013471603269262458
4.531057812186268,0.1829073862773326,0.21389461276527422,-2.013448598509685,3.5632257680640453,-1.3988950238534321,0.4606877995194621,-0.01386606769133972
5.390272431912969,-1.1915001363051614,0.6411383022162002,1.4799872173931876,3.3832539723188364,-0.32493099858453267,0.30254313543433997,0.0043357611742025105
6.431876726776632,-1.7767321527410096,-1.3034183133093542,-0.41705513024395413,2.5784719848562614,-0.23640773021832284,0.3907571661812379,0.004042052827097287
3.6886490241914713,-0.3881328713845516,-0.6484949663484143,-1.848748209607827,0.9942396463570133,-0.09908294234253825,-0.026358550676909166,0.003636001984474728
3.8413688631010126,0.28453422312036225,-0.025539503541170336,-1.782705981399124,2.3792441639033126,-0.39616038322028696,-0.012750325074988987,-0.009590456154791798
3.763603292528052,-0.10056801966455386,-0.05919672186983559,-0.7990612017850259,1.44953863258473,0.11067788012053671,-0.07864839518042861,0.008734730788900066
5.060985176451675,0.9830990011425985,-0.05344178856305112,-1.5485087572074694,2.2854622793656776,0.5463039615638748,0.6348745217834342,0.017995570363014447
5.844424025358763,0.35305819096916663,-0.7950972013442889,-1.4892784351604882,2.201668665198213,0.576491301956315,0.605869455455985,0.017975585603379952
3.384627886586961,-0.20831691224431637,0.04985483879974975,-1.152109934604389,2.3289860154518593,-1.2911326016645839,-0.3350316433290213,-0.012307556753032722
3.455142260757782,0.45071935342146263,0.13657695939028272,-1.508013834647921,2.3419160313571763,-0.862268657314989,-0.20507887440638445,-0.0039167016371173535
5.367597767415918,0.939649510288394,-0.888647810490457,-1.404786257847314,2.3364167322548277,0.40192582110549446,-0.004216253707012569,0.018815550536979087
-0.8136768873954051,1.2635732040083072,-0.4460987923163128,0.21216119534465452,0.022363327312261105,-0.08833480032203384,-0.04629341832292585,0.00275977951814741
1.2119693581907751,-0.170474129869545,-1.0000220855503554,0.823187199335051,-0.10484509483083494,-0.07455806891472319,-0.23021073075488088,0.0057539992738633
4.107440289723428,-1.4791254668014384,-0.9287638584477669,0.9409890209298397,-0.6899156471693773,0.05587120346713917,-0.19414410097905568,-0.0010326080528003526
1.5804922714377485,0.1596165089944092,0.7804220015830178,-0.6456088041433573,-0.6240821349640817,-0.2561170673766552,-0.0677454991837087,-0.013491253062371979
1.0993489732949624,0.08286480775839627,-0.6363002747411689,-0.3736482195957379,-0.31588177961346375,-0.2438132439110782,-0.2425060849865136,-0.010996795076296447
-0.475750396244361,0.7904530404890674,-0.7221660898212154,0.49540027827065714,0.37322188647886256,-0.2426705774334438,0.02412696605379126,-0.009898228200695665
1.2845901705745189,1.5719559911193042,1.9596211527967449,-0.3868717610212017,-0.7600862357012739,0.023055343121205503,0.5588635861900462,0.010941830896728292
0.5461516489242093,-1.3555739438895307,-2.198604688140608,0.3427569532961606,-0.16779950491827644,-0.07758680814464575,-0.10020573655605983,-0.0023884458500416346
-1.2553588256268495,-0.0801290505697002,-1.124067491954072,0.3825753265764765,0.14851409895426454,-0.11866713058764597,0.07526088103430384,-0.0017870844409612558
-0.595801444653374,-0.7091076198649076,-1.3619602017363353,1.2149661702087127,0.3521587394805895,-0.11239965724898324,0.0027790805373960185,-0.0022198115167090917
4.849137872339761,1.2604086169527204,0.2050762242358297,-2.473975343932291,3.316647444900062,-0.039453240960112886,0.6548722917775006,0.010788868862362858
1.0495076271573403,1.4340993972512328,1.5030556339351802,-0.3629012244861124,-0.4042630167216216,-0.02602954174320043,-0.1981429066598148,0.0013478334075196772
3.4424713892117063,-0.3444927848546181,0.4510430662791459,0.28075474158013464,-0.5256311218110481,0.12846429456449726,0.6479395480735918,-0.002423698052454487
4.086113906533338,-0.8895629098345826,-0.31881140583772494,0.3038464376021515,-0.5989912357766848,0.14345409809176823,0.4869247978945058,-0.0019203148992842365
4.100077875134805,-0.0013517105734750458,-0.17693162770867346,-0.2810938954243845,2.6212127471689786,-0.6246772013112549,-0.5897409570697519,0.0008741582724960132
3.5878220374386336,0.9980962124679206,0.22669341413521527,-1.6547144234346296,2.2076757682340675,-0.2417113446634223,-0.05748324029565918,0.006209094759644412
