pl_rade,pl_bmasse,pl_orbper,pl_orbsmax,pl_orbeccen,st_teff,st_mass,st_rad
12.2,4914.89848585,323.21,1.178,0.238,4874.0,2.09,13.76
12.3,4684.8142,516.21997,1.53,0.08,4213.0,2.78,29.79
13.1,1131.15130051,186.76,0.775,0.0,4888.0,1.78,11.55
12.5,2828.6728223,1766.41,2.839,0.3683,5338.0,0.97,0.93
13.5,565.7374,798.5,1.66,0.68,5750.0,1.08,1.13
12.9,1373.01871824,578.38,1.45,0.06,4157.0,1.22,25.92
12.5,2926.24614325,982.85,2.476,0.024,4980.0,2.1,8.8
13.9,280.64248338,30.33,0.194,0.032,4816.0,1.05,12.19
13.4,632.46,452.8,1.333,0.09,5098.0,1.54,4.9
13.9,273.32,883.0,2.08,0.29,5098.0,1.54,4.9
13.4,603.877,406.0,0.92,0.33,29564.0,0.48,0.203
12.6,2511.48007211,270.27,0.877,0.453,4415.0,1.234,18.11
13.2,804.08,1078.0,2.1,0.032,5872.0,1.06,1.21334
14.2,171.621,2391.0,3.6,0.098,5872.0,1.06,1.21334
13.5,521.22,14002.0,11.6,0.16,5872.0,1.06,1.21334
14.1,193.87532827,4.2307966,0.052,0.0063,5761.0,1.07,1.19
1.69,3.5,6.7994,0.044,0.0,3286.0,0.26,0.274
2.16,5.3,33.747,0.13,0.0,3286.0,0.26,0.274
13.9,263.9785,14.651552,0.118,0.0029,5198.0,1.015,0.98
8.51,54.4738,44.3936,0.247,0.088,5198.0,1.015,0.98
13.0,1232.493,4799.0,5.6,0.0913,5198.0,1.015,0.98
1.875,7.99,0.7365474,0.01544,0.05,5172.0,0.905,0.943
7.59,44.812,260.58,0.802,0.063,5198.0,1.015,0.98
13.4,597.83523357,919.86,2.028,0.042,4941.0,1.32,4.94
2.11,5.1,4.215,0.050201,0.12,5577.0,0.942,0.963
4.46,18.2,38.021,0.2175,0.14,5577.0,0.942,0.963
5.11,22.9,123.01,0.476,0.35,5577.0,0.942,0.963
13.4,587.9855,735.1,1.758,0.06,4826.0,1.34,4.87
13.9,276.5121,996.0,2.153,0.08,4826.0,1.34,4.87
12.6,2380.45,116.688,0.481,0.3988,5495.0,1.09,1.89
13.3,787.89662095,696.62,1.912,0.093,4809.0,1.92,10.38
13.9,289.85950718,2051.62,3.929,0.023,4809.0,1.92,10.38
13.5,524.41687155,93.31,0.462,0.062,4847.0,1.51,10.73
13.1,1051.05854195,1005.57,2.104,0.037,4734.0,1.23,11.21
13.1,1017.0,181.4,0.7,0.027,4665.0,1.4,11.0
13.0,1147.36054927,8905.0,8.996,0.015,6140.0,1.218,1.25
4.79,8.99,8.463446,0.07,0.07,3540.0,0.635,0.862
2.79,14.46,18.859023,0.119,0.18,3540.0,0.635,0.862
12.7,2034.112,481.9,1.3,0.2,4095.0,1.14,32.35
13.8,330.5432,268.94,0.78,0.29,4864.0,0.49,0.86
13.8,337.21763,153.22,0.576,0.001,4649.0,1.08,8.95
13.7,352.78,137.48,0.539,0.26,4796.0,1.1,14.7
12.1,6807.63,379.63,1.45,0.15,4137.0,2.8,49.0
12.4,3963.17,621.99,2.01,0.18,4137.0,2.8,49.0
13.0,1334.886,578.2,1.3,0.21,4296.0,0.8,17.3
2.57807,22.2481,41.6855,0.241,0.0,5766.0,1.67,1.08
12.4,3368.9811142,1887.76,4.65,0.59,4500.0,3.75,50.24
14.2,174.80562385,123.05,0.54,0.73,4500.0,1.38,17.85
13.6,432.24663352,307.88,0.83,0.12,5004.0,0.81,0.813064
13.9,289.2253,392.6,1.0,0.2,4414.0,0.74,11.0
13.5,540.311,733.0,1.7,0.76,4534.0,1.09,10.33
13.5,508.5,2590.0,4.2,0.35,4943.0,1.52,7.6
14.0,228.83645304,265.59,0.78,0.27,5012.0,0.909,0.896193
12.4,3305.4154328,1198.48,2.06,0.88,5000.0,0.816,0.804724
8.38,53.0,125.94,0.435,0.31,4324.0,0.7,0.686355
12.5,104.0,237.6,0.68,0.19,4746.0,0.74,0.71
14.1,187.5197,3.48777,0.04,0.02,5393.0,1.47,0.91
14.1,206.5895,1634.0,2.36,0.05,4550.0,0.651,0.639
4.04,15.37,74.2,0.3,0.4,4550.0,0.651,0.639
12.5,3108.3774,714.29999,1.66,0.21,4545.0,2.12,19.17
21.59,3932.0,4.2889731,0.0656,0.066,6935.0,1.41,2.35
12.8,1639.99458012,655.57,1.34,0.5439,4714.0,0.741,0.74
14.0,214.0,1891.0,2.63,0.1,4051.0,0.679,0.747
12.9,1525.5763536,6240.0,5.9,0.43,4051.0,0.69,0.747
14.2,177.34825111,547.0,1.444,0.247,6033.0,1.083,1.414
0.72,0.299,3.1542,0.0229,0.03,3195.0,0.162,0.185
0.743,0.335,4.1244,0.0274,0.08,3195.0,0.162,0.185
0.694,0.263,2.3402,0.0188,0.04,3195.0,0.162,0.185
0.637,0.193,6.7392,0.0381,0.04,3195.0,0.162,0.185
13.9,292.40213444,171.11,0.2,0.27,1800.0,0.035,0.159
13.0,1144.1822652,25.2,0.17,0.58,3807.0,0.9,1.880857
16.7,327.35,1.5089557,0.02752,0.0,5950.0,0.95,1.11
10.87,874.0,13.2406,0.1055,0.53,5075.0,0.89,0.79
16.03,740.51,2.99433,0.0436,0.0,6440.0,1.27,1.37
16.14,291.438,2.828042,0.04016,0.07,5675.0,1.078,1.116
9.92,415.704,4.03519,0.051,0.0,5945.0,1.09,1.01
12.22,2415.4,1.51214,0.027,0.0,6035.0,1.13,1.21
13.11,170.032,5.35227,0.0618,0.33,5650.0,1.098,1.19
11.43,772.29,3.7681,0.0461,0.0,5740.0,1.04,1.59
14.68,1102.82,1.9000693,0.0295,0.08,5440.0,0.95,1.0
14.46,352.78,3.89713,0.0518,0.047,6090.0,1.21,1.65
16.432,1102.82,1.7429935,0.02798,0.0143,5625.0,0.96,0.906
9.41556,1366.669,9.24285,0.09,0.59,5880.0,1.14,1.02
12.2,5403.11,1675.0,2.9,0.6,5880.0,1.14,1.02
14.5717,718.2958,2.72474,0.0417,0.0,6200.0,1.29,1.95
4.88,12.2,9.75598,0.092,0.077,5939.0,1.099,1.136
11.77,889.9,3.6313,0.048,0.16,5900.0,1.14,1.61
3.7,5.7,5.1134,0.056,0.0,4950.0,0.91,0.86
5.0,28.0,11.759,0.098,0.0,4950.0,0.91,0.86
12.11,85.81,4.86069,0.0578,0.0,6040.0,1.09,1.19
14.12,165.26,4.20474,0.0526,0.0,5590.0,1.09,1.79
11.287,3302.11,3.57532,0.0476,0.065,5900.0,1.05,1.08
10.704595,153.82972,5.20851,0.0603,0.047,5150.0,1.01,1.78
10.0881,270.1555,2.85057,0.0386,0.082,5260.0,0.97,0.9
11.32,6883.91,4.2568,0.05783,0.0,6740.0,1.37,1.56
11.309881,921.707,9.06005,0.0844,0.007,5650.0,0.98,0.91
16.36514,266.9772,4.62941,0.0586,0.02,5700.0,1.25,2.15
18.83108758,349.6112477,3.22748,0.0429,0.0,6390.0,1.01,1.65
15.80466279,216.12331676,5.616531,0.066,0.0,6730.0,1.32,1.52
13.34,228.83,9.20205,0.09,0.0,6190.0,1.16,1.17
15.558,148.42,4.0378962,0.04947,0.09,6100.0,1.0,1.186
13.068,940.74,8.886593,0.0855,0.1,6090.0,1.05,1.025
1.68135,4.07660518,0.85359163,0.017016,0.0,5275.0,0.82,0.83
2.83,8.4,3.698,0.046,0.0,5256.0,0.899,0.864273
6.39,69.92,6.21229,0.063,0.0,5080.0,0.88,0.77
11.948794,266.9772,95.272656,0.4021,0.133,5625.0,0.96,0.96
12.4,3823.27330161,4098.1,5.75,0.0,3579.0,0.51,0.424754
4.26,16.8,17.812,0.1423,0.2,6196.0,1.21,1.26
3.31,10.94,10.03,0.0973,0.22,6196.0,1.21,1.26
2.02,4.72,3.1417,0.04467,0.36,6196.0,1.21,1.26
1.86,4.13,5.516,0.0651,0.07,6196.0,1.21,1.26
14.2,171.48,5.203,0.06638,0.06,6500.0,1.41,1.78
8.26,51.79,3.168,0.04789,0.28,6500.0,1.41,1.78
11.6,91.79,16.491,0.1432,0.1,6500.0,1.41,1.78
1.44,2.67,5.59,0.05958,0.42,5138.0,0.9,0.91
3.53,12.2,3.4982,0.04853,0.063,6400.0,1.25,1.38
2.28,5.8,7.6027,0.0779,0.34,6182.09,1.079,1.27
3.74,13.47,36.441,0.2206,0.31,6182.09,1.079,1.27
9.78,68.958,4.92666,0.0607,0.054,6096.0,1.23,1.49
10.8,81.09,62.915,0.3098,0.275,6009.0,0.99,1.24
3.89,14.43,12.733,0.1097,0.25,6092.0,1.1,1.26
12.7,1995.88832,10220.0,8.19,0.39,13500.0,0.69,0.0115
1.047,1.15,6.7987,0.0349,0.0,3648.0,0.287,0.282
1.565,7.67,0.87724,0.0177,0.0,5679.0,0.958,0.98
0.90819,0.688,2.0478,0.0296,0.0,4520.0,0.727,0.655
1.92,4.35,21.1701963,0.1195,0.06,4057.0,0.62,0.58
5.76,11.0,19.49221,0.1493,0.0,6069.0,1.17,1.39
2.586,7.2,13.603,0.098,0.2,4684.0,0.69,0.673
2.69,7.7,65.55,0.28,0.2,4684.0,0.69,0.673
1.606,7.54,0.57130782,0.0132,0.0,5578.0,0.913,0.99
2.712,7.9,13.340603,0.1078,0.18,5578.0,0.913,0.99
2.332,10.4,16.141132,0.1237,0.23,5868.0,0.97,0.999
12.44199,4131.79,3650.0,4.5,0.0,4898.0,0.9,2.7
1.95,8.75,3.5951,0.047,0.06,5430.0,1.05,1.71
3.67,14.67,15.624,0.13,0.07,5430.0,1.05,1.71
3.94,10.18,35.747,0.22,0.15,5430.0,1.05,1.71
1.02,1.03,2.27476,0.01723,0.0,2999.0,0.132,0.170718
3.87,14.3,1219.0,1.137,0.676,2999.0,0.132,0.170718
1.1,1.37,5.4536,0.02971,0.0,2907.0,0.118,0.153162
1.9,4.0,5.7459982,0.0418,0.0,3395.0,0.2952,0.3026
1.04,1.11,3.2073,0.021,0.05,2953.0,0.12,0.156
1.19,1.81,6.6821,0.0342,0.02,2953.0,0.12,0.156
1.16,1.67,13.066,0.054,0.04,2953.0,0.12,0.156
1.19151465,1.83704819,1.62892911,0.0157,0.0118,3229.0,0.1945,0.2211
1.52,2.91,8.929,0.0476,0.19,3090.0,0.198,0.226
2.11,5.12,9.6412,0.0835,0.0,5033.8,0.836,0.837
11.9,96.7,41.38,0.166,0.38,3287.0,0.344045,0.358519
9.71,68.06,532.58,0.912,0.342,3287.0,0.344045,0.358519
2.733,8.41,1.580404531,0.01505,0.0062,3101.0,0.182,0.2162
1.193,1.32,0.5182331,0.00915,0.0,3458.0,0.381,0.391
2.63,7.4,3.6511,0.026,0.04,3236.0,0.178,0.192
2.38,6.27,111.74,0.27,0.0,3296.0,0.21,0.245012
2.61,22.7,35.61253,0.1915,0.188,4640.0,0.73,0.695
1.55,3.03,11.4407,0.072,0.094,3607.0,0.38,0.38
6.67,36.0,7600.0,5.4,0.27,3607.0,0.38,0.38
3.17,10.2,5.2354,0.053,0.06,4347.0,0.69,0.655173
3.25,10.6,8.63182,0.0607,0.073,3500.0,0.4,0.409738
2.5,6.8,25.63058,0.1254,0.099,3500.0,0.4,0.409738
5.92,29.4,603.95116,1.0304,0.373,3500.0,0.4,0.409738
13.8,301.93698665,2288.0,2.41,0.21,3370.0,0.357,0.38
2.43,6.49,17.133,0.092,0.07,3371.0,0.43,0.413049
2.41,6.4,24.329,0.129,0.09,3371.0,0.43,0.413049
2.66,7.56,106.3,0.309,0.14,3371.0,0.43,0.413049
2.03,4.76742611,2.38129,0.034,0.239,5485.0,0.96,2.24104
12.3,4069.15709482,25533.11353,16.761,0.041,5485.0,0.96,2.24104
4.17,16.2,69.971,0.283,0.72,4069.95,0.62,0.709495
13.6,413.1769291,272.7,0.71,0.85,4159.0,0.65,0.728
2.87,8.58136699,121.93268,0.384,0.366,3564.0,0.509,0.46
3.97,14.93793513,579.47495,1.086,0.404,3564.0,0.509,0.46
1.79,3.85,14.237,0.0808,0.0,3342.0,0.35,0.36
1.8,3.88,53.647,0.196,0.0,3342.0,0.35,0.36
3.66,13.0,15.819,0.101,0.08,3542.0,0.53,0.518887
1.51,2.89,18.6498,0.091101,0.1,3382.0,0.29,0.293
1.06,1.18,4.7234,0.036467,0.17,3382.0,0.29,0.293
13.1,1071.04,133.71,0.49,0.511,5540.0,0.9,0.9
2.79,8.2,11.949,0.079,0.22,3910.0,0.47,0.465216
2.18,4.52,2.85310198,0.0316,0.25,3707.0,0.519,0.516
3.14,10.0,15.9407,0.0997,0.0,3707.0,0.519,0.516
1.18,1.78,1.22003,0.0197,0.19,3717.0,0.681,0.5
1.88,4.18,5.974,0.057,0.11,3717.0,0.681,0.5
3.23,10.5,257.8,0.698,0.32,3717.0,0.681,0.5
13.3,794.5,695.69,1.138,0.0826,3496.0,0.402,0.403
13.6,454.49462201,6500.0,5.04,0.217,3496.0,0.402,0.403
3.4,11.44182265,10.66669,0.091,0.929,5257.46,0.89,0.931389
13.3,797.74930157,3771.0,4.11,0.227,3897.0,0.65,0.63
5.19,23.54,30.5987,0.14339,0.06,3466.0,0.42,0.404
4.87,21.09,122.6196,0.36175,0.11,3466.0,0.42,0.404
2.67,7.6,48.1345,0.19394,0.12,3466.0,0.42,0.404
1.63,3.28,13.2543,0.08208,0.21,3466.0,0.42,0.404
1.23,2.02,5.3636,0.03282,0.23,3159.0,0.164,0.119
1.32,2.31,40.54,0.1264,0.17,3159.0,0.164,0.119
2.46,6.6,14.207,0.089,0.31,3526.0,0.47,0.439
1.32,2.3,21.45,0.09673,0.0,3340.0,0.262,0.275
3.25,10.6,24.422,0.142,0.109,4014.0,0.64,0.58
4.57,13.9,3.3366496,0.0355,0.017,3600.0,0.539,0.547
1.264,1.86,1.1980035,0.01589,0.0,3347.0,0.36,0.364
2.63,7.41,15.509,0.0876,0.0,3347.0,0.36,0.364
14.3,146.51889563,203.109,0.3376,0.4279,3141.0,0.123,0.139
14.3,143.97626837,2354.0,1.731,0.089,3141.0,0.123,0.139
2.83,8.4,2.64561,0.0287,0.08,3517.0,0.45,0.43
0.736,0.503,0.3219226,0.0071,0.0,3535.0,0.451,0.457
2.75,8.0,3.0232,0.026,0.07,3324.0,0.27,0.281
1.09,1.75,2.616235,0.0252,0.0,3384.0,0.313,0.32
2.26,5.71,15.04,0.081,0.0,3384.0,0.313,0.32
2.57,7.14,6.905,0.0608,0.121,3867.0,0.63,0.61
1.74,3.69,6.9442,0.0405,0.0,3273.0,0.1842,0.19734
1.39,2.5,2.65033,0.03,0.0,3726.0,0.52,0.5
2.5,6.82,13.727,0.09,0.0,3726.0,0.52,0.5
2.34,6.07,41.78,0.189,0.0,3726.0,0.52,0.5
1.45,2.69,12.9394,0.07879,0.063,3719.0,0.3899,0.3685
2.63,7.6,50.8,0.2324,0.45,4120.0,0.65,0.68
8.4,53.83,749.83,1.4,0.105,4120.0,0.65,0.68
3.33,11.07,20.129,0.111,0.11,3323.0,0.35,0.370328
4.22,16.57,13.352,0.082,0.37,3387.0,0.406,0.407
2.33,6.043,7.3705,0.062,0.04,3461.0,0.48,0.5
6.27,32.422,5094.105,4.819,0.12,3461.0,0.48,0.5
2.14,5.223,36.059,0.178,0.07,3461.0,0.48,0.5
4.17,22.1,2.64388312,0.0291,0.13827,3586.11,0.47,0.455
13.1,1080.6165838,3459.0,3.53,0.146,3563.0,0.486,0.483
2.91,8.8,9.5536,0.068,0.0,3509.0,0.45,0.449
1.289,2.77,1.46712127,0.01714,0.00086,3317.0,0.312,0.3243
2.13,5.2,140.43,0.422,0.45,3728.0,0.51,0.5
2.41,6.37,8.70874,0.0668,0.0,3641.0,0.528,0.529
2.3,5.89,32.761,0.1617,0.0,3641.0,0.528,0.529
4.79,20.5,5.3686,0.0399,0.0342,3500.0,0.295,0.302
2.5,6.81,12.9211,0.0718,0.032,3500.0,0.295,0.302
1.38,2.48,3.1481,0.02799,0.012,3500.0,0.295,0.302
1.49,2.82,14.628,0.078361,0.13,3499.0,0.3,0.31
10.8,81.99972901,600.1,1.112,0.083,3734.0,0.51,0.5
3.33,11.09,4.6938,0.039,0.2,3600.0,0.35,0.36463
12.8,1840.86213334,1051.44521,1.735,0.319,3734.0,0.626,0.69
12.3,4288.14086724,13921.42302,9.726,0.295,3734.0,0.626,0.69
1.78,3.81394088,3.60076,0.039,0.192,3734.0,0.626,0.69
2.47,6.67439655,35.47358,0.181,0.152,3734.0,0.626,0.69
12.0,7977.4930157,17281.66514,10.138,0.381,3563.0,0.456,0.45933
1.93,4.4,17.478,0.08,0.08,3028.0,0.27,0.298255
2.89,8.7,57.32,0.176,0.1,3028.0,0.27,0.298255
2.95,9.0,24.16,0.1344,0.0,3816.0,0.55,0.54
4.32,17.2,38.142,0.163,0.17,3413.0,0.4,0.4183
4.14,16.0,727.562,1.165,0.4,3413.0,0.4,0.4183
3.77,13.64,19.466,0.119,0.12,3837.0,0.57,0.56
3.27,10.75,5.101284,0.04685,0.577,3799.0,0.5271,0.52226
1.53,2.96,2.37756,0.029,0.24,3913.0,0.58,0.56
13.8,314.65012293,3853.0,3.7,0.05,3472.0,0.45,0.441557
13.9,283.82076745,1925.31,2.32,0.029,3467.0,0.45,0.45
13.8,314.65012293,5990.0,4.95,0.092,3467.0,0.45,0.45
12.9,1404.8086,15.76491,0.11,0.04,5182.0,0.93,0.77
13.3,723.2235,61.1166,0.208317,0.0324,3293.74,0.32,0.3
14.0,226.9846,30.0881,0.12959,0.25591,3293.74,0.32,0.3
2.51,6.83,1.93778,0.02080665,0.207,3293.74,0.32,0.3
3.92,14.6,124.26,0.3343,0.055,3293.74,0.32,0.3
1.8,3.9,9.2619,0.0683,0.14,3688.0,0.495,0.468
2.43,6.5,21.784,0.121,0.17,3688.0,0.495,0.468
13.3,718.29219982,284.39,0.63965,0.35,3345.0,0.43599,0.394682
9.6,66.74396547,771.36,0.88,0.46,3154.0,0.15,0.164
3.48,11.9,13.4586,0.0943,0.49,3811.0,0.62,0.626041
4.67,19.66,73.94,0.291,0.44,3785.0,0.6,0.580612
3.07,9.65,18.27,0.1139,0.29,3836.0,0.59,0.57
12.5,2988.54051102,19240.75467,12.319,0.155,4263.0,0.67,0.662662
14.2,172.580825,2965.0,2.921,0.218,3528.0,0.358,0.362
1.44,4.28,1.208974,0.0189,0.0,4236.0,0.62,0.58
1.13,1.86,3.648103,0.0395,0.0,4236.0,0.62,0.58
1.98,3.02,6.20183,0.053,0.0,4236.0,0.62,0.58
16.47720163,6261.2196179,1.744579,0.0338,0.0,7000.0,1.68,1.56
3.66,13.02,3.822,0.039435,0.109,3879.0,0.56,0.56
2.24,5.63,13.8508,0.0905,0.363,3805.0,0.515,0.511
2.46,6.624,15.53,0.091,0.05,3656.0,0.426,0.427
1.48,2.78,11.2201,0.068,0.0,3433.0,0.33,0.351
0.93,0.95,12.761418,0.067,0.24,3328.0,0.255,0.265
2.77,8.11,39.6299,0.1752,0.0,3450.0,0.47,0.463
14.784671,166.86075,4.46529976,0.05561,0.0,5980.0,1.151,1.174
4.36,25.0,4.888,0.05258,0.251,4653.0,0.811,0.683
13.2,851.78013076,3361.0,4.1,0.652,4653.0,0.811,0.683
10.749,67.059,3.2130598,0.0384,0.0,4650.0,0.733,0.701
14.258,270.462,2.91625,0.04383,0.0133,5653.0,1.32,1.756
12.3,4538.421,446.27,1.258,0.6616,5653.0,1.32,1.756
15.91678,1093.3352,4.62767,0.0596,0.11,6600.0,2.65,1.82
11.88154,616.5902,10.8635,0.0965,0.19,5568.0,1.0,1.07
14.68376472,1341.56043,2.77596727,0.0413,0.0462,6140.0,1.218,1.158
11.76945,184.3414,10.33852,0.0892,0.35,5246.0,0.99,0.87
13.1,1080.6,5584.0,5.6,0.39,5336.96,0.92,0.838682
10.70457657,55.5246227,5.5080291,0.0559,0.03,4870.0,0.77,0.717
11.29865255,88.03846874,4.00878322,0.04599,0.07,4962.0,0.807,0.773
10.659759,2866.81223114,5.6335158,0.06814,0.5172,6380.0,1.33,1.39
9.718,2302.899,2.875317,0.0361,0.015,4595.0,0.756,0.694
12.44199,1547.8321,4.12448,0.05037,0.23,5588.0,1.24,1.21
12.89035,785.0401,3.21222,0.0414,0.02,5302.0,1.13,1.11
15.334,664.237,1.212884,0.0232,0.106,5905.0,1.13,1.203
14.5717,238.3725,3.35524,0.04651,0.07,6373.0,1.37,1.38
12.722215,180.84527,3.65281514,0.0466,0.023,5519.0,1.012,0.919
7.06167,22.2481,4.23452,0.04748,0.12,5079.0,1.12,0.87
11.43,197.05,3.039577,0.04,0.0,5316.0,0.916,0.864673
13.585,198.953,3.257215,0.0434,0.051,5680.0,1.025,1.103
13.11453,279.6904,5.72319,0.0667,0.09,6087.0,1.45,1.3
10.53646,206.5895,2.8997,0.03866,0.0,5185.0,1.06,0.87
16.14096,263.7989,2.8106,0.0419,0.04,6304.0,1.55,1.31
12.21781,721.4741,5.00542,0.061,0.25,6065.0,1.31,1.39
22.19382,216.1244,2.1500082,0.03397,0.159,6001.0,1.132,1.367
20.73665,292.4036,3.47447,0.04995,0.0,6446.0,1.82,1.79
13.417173,1058.3739,5.452654,0.06774,0.432,6442.0,1.392,1.53
14.930388,335.62848,3.646706,0.04978,0.02,6096.0,1.236,1.435
14.313893,587.413406,1.32734683,0.0241,0.063,5620.0,1.03,1.041
13.204,371.528,2.797436,0.0379,0.058,5500.0,0.929,0.877
9.247,84.857,4.640382,0.0523,0.067,5330.0,0.886,0.923
17.609,190.372,3.54387,0.0509,0.0,6430.0,1.404,1.625
14.28,213.255,3.056536,0.04438,0.0,5860.0,1.248,1.596
17.03768,152.5584,4.45724,0.0608,0.0,6080.0,1.03,1.94
22.97845,378.2177,2.69405,0.04258,0.0,6390.0,2.56,2.05
14.348,331.801,4.641878,0.0575,0.0,5743.0,1.178,1.53
13.63,210.395,3.3326414,0.0444,0.0,5693.0,1.03,1.08
13.922,111.871,4.301219,0.0507,0.044,5295.0,0.942,0.949
13.0,1271.3,872.2,1.752,0.494,5295.0,0.942,0.949
15.984,283.492,3.128992,0.0452,0.049,6330.0,1.259,1.319
14.392,156.684,4.463129,0.0577,0.123,6120.0,1.284,1.396
17.82231,699.226,2.69155,0.04378,0.0,6820.0,2.22,2.06
13.56289,311.4734,2.78849,0.04073,0.0,5960.0,1.04,1.12
14.437192,429.0705,3.1220109,0.0453,0.115,6280.0,1.273,1.698
13.50682174,97.57332095,4.21802091,0.05042,0.07,5453.0,0.961,0.995
11.309881,259.98494,2.7535953,0.03694,0.047,5131.0,0.887,0.893
14.773462,471.65972,1.9616241,0.03159,0.134,5956.0,1.093,1.209
10.581296,241.5508,3.799847,0.04117,0.074,4390.0,0.645,0.617
14.84069045,189.42573057,3.5852313,0.04628,0.17,5804.0,1.028,1.105
16.92559,734.1873,2.79083,0.0423,0.29,6566.0,1.42,1.47
19.50366,448.1403,2.4653,0.0406,0.0,6330.0,2.77,1.85
14.93036229,118.2321674,4.0138379,0.04994,0.073,6078.0,1.031,1.53
12.58768533,489.45574678,4.1419771,0.05064,0.03,5678.0,1.008,1.1038
16.58932,419.5356,3.85298,0.05239,0.0,6570.0,1.79,1.62
18.28184752,182.43350562,4.7947813,0.06277,0.25,6212.0,1.435,2.197
10.07687365,335.9446262,1.90231289,0.0301,0.113,5587.0,1.004,0.938
12.02723629,241.86741773,2.6453235,0.03772,0.101,5629.0,1.023,1.17
12.5428494,195.1466419,3.377728,0.04294,0.069,5400.0,0.925,0.9661
19.08889413,184.34047606,4.007232,0.05387,0.101,6457.0,1.298,1.735
18.05766791,176.07693748,2.60544751,0.04042,0.304,5872.0,1.297,1.666
17.82231,248.86089,2.972086,0.04363,0.09,6002.0,1.255,1.881
23.9872187,143.02278315,4.8101069,0.06505,0.0,6640.0,1.73,2.62
12.016048,230.10892,2.29840551,0.02996,0.041,4508.0,0.6785,0.6701
18.786284,1137.8314,4.7869491,0.06555,0.0,7394.0,1.648,1.926
16.92559,584.8072,2.20474,0.03809,0.0,6389.0,1.56,2.0
20.96083,2154.8874,2.74432452,0.04739,0.0,8450.0,1.89,1.858
15.6926,406.8224,3.07634,0.04496,0.0,6200.0,1.27,1.57
15.614137,238.05467,3.92281072,0.05287,0.084,6350.0,1.281,1.338
14.594,589.55,3.446459,0.0444,0.12,5870.0,0.986,1.038
10.861521,167.17858,3.312846,0.04491,0.501,5880.0,1.101,1.105
18.03,263.7989,3.619188,0.0507,0.34,6563.0,1.33,1.54
7.76,759.6137,3.142702,0.0441,0.085,6357.0,1.16,1.17
13.585308,172.58169,3.0440499,0.04057,0.181,5523.0,0.962,0.887
11.646151,340.39593,2.7667641,0.03815,0.142,5346.0,0.967,0.933
12.385945,689.6911,1.74748753,0.02712,0.126,5311.0,0.871,0.922
14.5717,1039.3041,2.686502,0.03744,0.0,5738.0,0.97,1.238
8.709393,425.25654,16.254611,0.1308,0.029,5846.0,1.131,1.091
14.896761,629.144485,0.83784,0.0174,0.166,5600.0,1.037,1.02
12.57647635,435.42491759,1.35413379,0.02317,0.0,5227.0,0.904,0.876
10.682177,870.8542,4.7228124,0.05025,0.079,4803.0,0.759,0.689
20.84874,467.2101,2.1605156,0.03397,0.114,5780.0,1.121,1.199
15.636555,718.2958,1.3484978,0.0238,0.0,6125.0,1.07,1.12
14.12334,194.82979,4.2986432,0.05163,0.176,5715.0,0.994,1.107
19.61575,206.5895,3.3023881,0.04735,0.245,6071.0,1.299,2.04
16.8135,168.4499,4.637038,0.0611,0.581,6438.0,1.415,1.74
13.383546,213.58176,3.1810781,0.04131,0.202,5498.0,0.929,0.922
14.022459,207.54299,4.6058749,0.05475,0.158,5670.0,1.032,1.073
15.48,340.382,3.547851,0.0485,0.0,6351.0,1.209,1.404
13.170575,224.38798,3.1743516,0.04354,0.096,5943.0,1.093,1.061
18.38276,279.6904,3.37796,0.0478,0.233,6050.0,1.275,1.87
14.000041,292.4036,2.8126548,0.04024,0.471,5700.0,1.099,1.097
13.78707,378.85336,2.5495551,0.03727,0.08,5659.0,1.062,1.022
16.02887,299.07803,2.1061607,0.03166,0.108,5380.0,0.955,0.98
16.409976,388.38826,1.8209993,0.03199,0.306,6300.0,1.317,1.433
12.92,1022.14128,4.175186,0.0523,0.105,5950.0,1.1,1.1
6.792654,31.46517,4.3315366,0.04913,0.0,5326.0,0.843,0.877
6.882326,23.51942,4.375021,0.05036,0.0,5732.0,0.89,1.105
17.59813,200.2329,4.5776348,0.06007,0.275,6572.0,1.379,1.621
11.433,420.471,2.516729,0.0362,0.013,5403.0,1.001,0.925
17.71022,505.3497,3.2642736,0.04997,0.312,6460.0,1.561,2.26
14.90797,3082.951,4.193649,0.0583,0.38,6424.0,1.496,1.71
15.6926,597.5204,2.292102,0.03689,0.229,6060.0,1.273,1.48
13.22662,82.95363,4.3888497,0.04944,0.173,5099.0,0.837,0.812
11.960003,177.9848,2.7439004,0.03649,0.279,5080.0,0.86,0.847
14.414774,222.481,4.1876244,0.05511,0.24,6450.0,1.272,1.315
10.121727,54.98459,4.7423729,0.05367,0.559,5495.0,0.917,0.853
12.520453,117.27927,3.9228038,0.04269,0.088,4512.0,0.674,0.6564
8.9672,77.23269,3.1316666,0.03769,0.162,4546.0,0.7279,0.7152
8.574885,112.19399,4.1480467,0.04515,0.071,4405.0,0.7133,0.6977
10.223,75.323,4.763387,0.0542,0.019,5304.0,0.936,0.871
12.66617,123.9537,3.8297015,0.05046,0.516,5990.0,1.168,1.117
15.80469,244.09344,3.3488702,0.04639,0.33,5758.0,1.187,1.44
15.490838,711.9392,1.36665436,0.02498,0.246,6010.0,1.111,1.046
15.02006,189.10885,3.8537768,0.04753,0.33,5644.0,0.964,1.101
11.37711541,239.32479047,2.5441765,0.037,0.0,5621.0,1.05,1.23
14.022459,292.72143,4.2042001,0.05412,0.092,6214.0,1.1955,1.126
18.920792,191.33366,4.324799,0.06043,0.019,6536.0,1.573,2.201
12.767051,1000.21101,2.350621,0.03493,0.028,5587.0,1.026,0.96
12.273855,327.3649,4.2180896,0.05798,0.168,7175.0,1.461,1.433
12.621334,256.17098,5.416081,0.06112,0.129,5670.0,1.038,1.036
12.3,4036.441,1422.0,2.504,0.083,5670.0,1.038,1.036
11.186582,101.38777,3.3252725,0.03623,0.0,3724.0,0.574,0.57
12.923977,210.40346,3.560829,0.04708,0.191,5688.0,1.097,1.46
13.394755,1080.622,7.817953,0.07908,0.092,5542.0,1.076,1.664
11.825495,56.89157,3.2768837,0.04163,0.298,5416.0,0.896,0.933
13.529263,305.1168,3.0566527,0.04026,0.136,5627.0,0.931,1.07
18.819911,305.1168,4.908897,0.06562,0.151,6554.0,1.564,2.113
16.824709,260.93843,3.105161,0.04497,0.062,6277.0,1.257,1.31
15.815899,1694.0339,3.1414391,0.04714,0.064,6626.0,1.411,1.841
18.887165,460.8535,1.6091788,0.03032,0.057,6594.0,1.435,1.441
13.809488,410.0007,3.5862202,0.05071,0.036,6147.0,1.351,1.748
10.592505,183.38791,2.2252577,0.03211,0.519,5137.0,0.892,0.8785
6.310667,38.1396,3.185315,0.04012,0.17,4985.0,0.849,0.815
15.513256,4100.007,1.8882378,0.03632,0.18,7930.0,1.78,1.881
11.478016,117.5971,3.7955202,0.03745,0.0,3405.0,0.4861,0.4783
8.0973816,39.855882,7.3279474,0.066517,0.013,4656.1,0.7311,0.7214
11.56766808,464.02947422,1.73185606,0.02384,0.044,3776.9,0.601,0.5758
9.90873894,156.05374784,2.7886556,0.032742,0.064,3790.4,0.6017,0.5848
12.09449018,835.570882,1.9416423,0.02658,0.062,4016.0,0.662,0.6259
13.05846252,436.69623122,3.0876262,0.03607,0.045,4071.0,0.655,0.6428
9.785457,43.86054,3.583893,0.04667,0.376,5679.0,1.056,1.086
13.85,266.02371,1.915291,0.0312,0.075,5599.0,1.1,1.56
13.7,381.3940884,5681.0,6.11,0.42,5419.0,0.94,1.0179
13.5,511.7063,157.57001,0.68,0.09,4891.0,2.28,10.06
13.7,390.92894061,383.0,1.06,0.38,5533.0,1.08,1.04
5.39,25.1,49.748,0.2699,0.051,5911.0,1.06,1.109
5.24,23.9,122.744,0.4929,0.119,5911.0,1.06,1.109
9.4,64.4,2205.0,3.381,0.095,5911.0,1.06,1.109
10.6,79.4575,70.46,0.3,0.11,5108.0,0.57,0.86
8.47,54.0311,20.8133,0.15,0.12,5655.0,1.06,1.23
14.2,130.3103,4.11377,0.05,0.0,5301.0,0.76,0.82
12.9,1570.0802,127.58,0.51,0.05,4790.0,1.45,10.3
12.6,2593.4928,778.09998,1.81,0.21,4745.0,3.21,9.82
13.1,113.9,3090.942,4.074,0.11,5436.0,0.95,0.961488
12.8,1808.44363583,252.06,1.05,0.11,4990.0,2.42,8.6
13.8,305.1168,6.4947,0.0807,0.037,4985.0,1.66,4.55
5.83,28.6047,47.84,0.25,0.0,5250.0,0.8,0.88
14.1,197.046,4.5557,0.0498,0.086,5017.0,0.794,0.73
13.3,116.0,5.8881,0.07,0.09,6489.0,1.335,1.581047
13.2,918.52409623,1919.0,3.27,0.31,6072.0,1.28,2.22
3.35,11.2,120.878,0.439,0.19,4792.0,0.77,0.753113
9.2,62.1,55.851,0.2674,0.123,4952.0,0.82,0.78
3.69,13.2,13.8992,0.1058,0.29,4952.0,0.82,0.78
13.6,472.61321,1032.3,2.01,0.132,4912.0,1.01,1.97
12.8,1766.80811451,199.68,0.715,0.047,4738.0,1.22,11.12
5.44,25.42627256,10.02245,0.091,0.455,5671.0,1.01,1.27399
11.9,8419.59232984,77114.07158,35.731,0.126,5671.0,1.01,1.27399
14.1,203.41018048,2412.0,3.38,0.0,5792.0,0.89,0.94
12.5,3178.28407,1535.0,2.655,0.48,5874.0,1.05,1.05
12.4,3623.2438398,1888.0,3.34,0.185,5509.0,1.39,2.66
2.44,12.6,9.55237,0.0907,0.093,6327.0,1.091,1.296
4.35,15.2,21.05704,0.1536,0.22,6327.0,1.091,1.296
13.8,298.75,989.2,2.015,0.15,6218.0,1.11,1.1
12.1,6006.9568923,3626.0,4.48,0.571,5362.0,0.89,0.91
12.8,1825.2885414,1075.3799,2.051,0.104,5641.0,0.99,1.863076
9.6,66.741,48.056,0.269,0.05,5797.0,1.12,1.169193
4.7,19.89605828,18.3267,0.1407,0.34,5752.92,1.105215,1.169193
10.9,82.95,10.8985,0.102,0.53,6255.73,1.22,1.20664
13.1,953.485221,2990.0,3.7,0.52,4556.03,0.74,0.66355
1.615,3.24,3.795963,0.04527,0.045,5660.0,0.869,0.877
2.071,4.94,6.203449,0.062,0.034,5660.0,0.869,0.877
3.083,9.71,19.590025,0.1367,0.058,5660.0,0.869,0.877
2.017,4.72,29.54115,0.1758,0.051,5660.0,0.869,0.877
13.3,715.11391575,1129.0,2.0,0.85,5122.0,0.843,0.79
13.3,767.24162,437.7,1.32,0.032,4878.0,1.59,5.74
13.6,451.3186,394.48123,1.04,0.13,5600.0,1.1,1.05
13.8,314.64,1624.0,2.659,0.239,5551.0,0.95,1.05
13.9,273.3338,68.27,0.33,0.12,5844.0,1.2,1.07
4.31,17.162,7.8543,0.079,0.25,5783.0,1.047,1.294595
5.27,24.154,30.93,0.196,0.15,5783.0,1.047,1.294595
13.2,950.30693693,520.1,1.259,0.338,5694.0,0.98,1.089
11.1,85.8141,5.239891,0.0615,0.0,5824.0,1.13,1.22
14.3,143.02278315,283.8,0.95,0.442,4840.0,1.41,11.16
12.1,6935.33366915,17132.15854,12.518,0.056,5185.97,0.88,0.869694
12.4,3524.59,835.477,2.14,0.462,4445.0,2.17,20.9
3.2,10.3,10.18271,0.113,0.2,6200.0,1.21,1.19
2.05,4.55,2.541,0.035,0.093,5732.0,0.997,0.968
2.11384817,10.5,6.744,0.068,0.045,5732.0,0.997,0.968
11.9,8612.83200129,24469.67342,16.714,0.401,5718.0,1.02,1.16626
12.6,2598.56505563,17244.90764,13.38,0.285,5905.64,1.07,1.47368
12.6,2531.50326176,1169.13202,2.148,0.214,5512.0,0.96,0.9
12.2,5740.93451564,26472.44623,17.25,0.558,5512.0,0.96,0.9
12.9,1398.452,1056.4,2.5,0.26,4884.0,1.94,8.03
12.9,1525.5763536,810.0,1.91,0.13,6557.0,1.4,1.45
12.2,5031.22368281,466.63,1.33,0.36,3657.0,1.4,65.8
13.1,1086.97315194,2615.0,3.9,0.2,4750.0,1.15,9.85
12.9,1589.15,613.2,1.7,0.24,4155.0,1.8,39.0
13.1,1035.80277841,317.58639,1.022,0.28,6774.0,1.41,1.5
12.1,6299.67685515,5429.93477,6.805,0.164,6774.0,1.41,1.5
13.9,255.53403923,228.53731,0.923,0.169,4672.0,2.009,6.84
13.2,114.41,663.2,1.24,0.14,4462.0,0.585,0.53
13.8,295.57,1818.0,2.44,0.2,4462.0,0.585,0.53
12.7,2002.329,610.2,1.6,0.28,4181.0,1.49,25.11
11.72459381,508.5254512,225.5504,0.791,0.0,6610.0,1.28,1.482
13.6,464.02947422,937.70001,1.73,0.23,4836.0,0.6,0.76
13.4,117.59651059,444.0,1.05,0.1,4895.0,0.8,0.76
13.9,262.20975,1121.79,2.067,0.079,5844.0,0.936,1.473
13.7,349.6,493.7,1.16,0.144,5135.0,0.853,0.840622
13.4,603.8739733,4352.0,5.0,0.05,5135.0,0.9,0.840622
12.6,2510.52658689,32669.22247,20.247,0.144,5757.15,1.03,1.19568
12.9,1551.00262616,1617.7,2.885,0.379,6123.0,1.22,1.24
14.0,127.1313628,223.92,0.771,0.228,6123.0,1.22,1.24
12.3,4068.2036096,26500.0,18.2,0.29,6123.0,1.22,1.24
6.09,30.82935548,10.49488,0.088,0.232,5019.17,0.83,0.727007
12.5,3279.67133183,15319.22517,11.364,0.211,5019.17,0.83,0.727007
12.6,2685.65003915,3700.0,5.0,0.487,5957.0,1.18,1.213
13.6,444.962,670.0,1.65,0.0,4819.0,0.83,4.89
13.4,669.34662514,2621.75,3.787,0.157,5732.0,1.053,1.074
12.8,1789.3829,433.70001,1.09,0.19,4312.0,0.72,20.58
8.59,55.30242,25.8,0.18,0.15,5990.0,1.077,1.2
12.778238,680.15279098,6.1349779,0.0713,0.3136,5742.0,1.27,2.04
12.4,3747.19691853,5103.0,6.28,0.26,5742.0,1.27,2.04
14.1,198.0,1945.0,3.16,0.041,5303.0,0.91,2.00971
5.38,25.0,37.91,0.229,0.3,5303.0,0.91,2.00971
12.7,2080.0,711.0,1.93,0.4,4970.0,1.91,10.09
12.7,2034.1018048,2142.0,4.21,0.483,4879.0,2.16,10.37
13.6,479.9233,63.33,0.33,0.03,6027.0,1.62,1.07
3.23,10.48833743,4.36305,0.054,0.376,5986.0,1.1,1.80185
12.5,3135.69506346,36336.70679,22.21,0.174,5986.0,1.1,1.80185
10.1,73.10053361,84.96276,0.406,0.228,4956.0,1.241,2.16627
14.0,238.37130525,270.66,0.86,0.34,5873.0,1.15,1.30446
13.2,947.1334,58.83,0.297,0.07,5920.0,1.01,1.001848
12.4,3465.60094993,14901.99295,10.817,0.165,4703.93,0.75,0.751364
11.9,8646.20398403,1757.39151,3.496,0.597,4882.0,1.82,6.47
13.2,945.22168242,557.69994,1.349,0.446,5900.0,1.05,1.07
4.07,15.57359194,4.15466,0.051,0.149,5900.0,1.05,1.07
12.7,2281.37230545,2822.72698,3.982,0.115,5900.0,1.05,1.07
13.5,530.77343969,524.0,1.36,0.103,4875.0,1.2,4.21
13.4,622.9468,133.60001,0.54,0.04,4835.0,0.67,11.02
10.3,75.32571,960.41,1.837,0.035,5638.0,0.897,0.979
13.3,772.3269,262.70862,0.84,0.38,5645.0,1.2,1.2
13.2,899.45439181,1708.0,2.8145,0.031,5748.0,1.02,1.11
12.7,107.74382997,1257.25303,2.249,0.548,5568.0,0.96,1.369794
5.67,27.333243,65.78395,0.287,0.24,4595.32,0.73,0.735766
13.5,562.24127,453.019,1.084,0.303,4965.0,0.828,0.76
13.0,1204.25787,921.538,1.74,0.159,4965.0,0.828,0.76
13.9,282.8687,298.2,0.87,0.57,4875.0,0.65,0.85
12.1,6293.0024586,3420.0,4.85,0.85,6210.0,1.212,1.248
13.3,797.74930157,1840.0,2.9,0.7,5646.0,0.99,1.175816
13.7,365.49,10.70871,0.0925,0.029,5387.0,0.92,0.85
13.4,572.094,896.0,2.01,0.181,4846.0,1.34,4.44
13.1,1052.0173,2613.0,4.1,0.563,5671.0,1.35,2.39
12.4,3480.2385,471.60001,1.25,0.27,4175.0,2.24,38.41
12.8,1887.90073758,908.0,1.98,0.25,5766.0,0.973,1.34
13.6,473.547,1544.0,2.62,0.22,6289.0,1.231,1.29577
13.6,451.3186,649.0,1.44,0.33,5799.0,0.95,0.955014
14.3,133.4886,3568.0,4.49,0.49,5799.0,0.95,0.955014
13.3,794.575,5769.0,6.15,0.61,5805.0,0.93,0.989538
3.16,10.1,3.2696,0.0444,0.45,5966.0,1.095,1.164285
5.91,29.29,1291.5646,2.3928,0.11,5966.0,1.095,1.164285
2.97,9.09,12.089,0.1046,0.092,5576.0,1.046,1.158
3.37,11.31,58.883,0.3007,0.055,5576.0,1.046,1.158
7.59,44.8,966.5,1.941,0.092,5576.0,1.046,1.158
1.33,2.34,4.3203,0.0527,0.2,5576.0,1.046,1.158
2.24,5.63,26.915,0.1784,0.081,5576.0,1.046,1.158
13.5,511.7063,258.17999,0.81,0.23,5736.0,1.1,1.22
13.9,260.0,5000.0,5.8,0.12,5585.0,1.1,1.25
13.3,731.0053361,4055.0,5.4,0.16,6040.64,1.28,1.35743
2.857,6.1,15.923475568,0.124695,0.0,5712.0,1.02,1.08
12.8,1744.56012602,2422.32597,4.172,0.164,4992.0,1.646,3.93038
12.3,4164.18778851,1187.59765,2.327,0.344,6097.0,1.18,1.67754
1.664,4.72,11.57797,0.0964,0.0,5664.0,0.87,1.058
2.916,11.24,27.59221,0.1721,0.0,5664.0,0.87,1.058
2.562,8.82,107.245,0.425,0.0,5664.0,0.87,1.058
13.3,680.1562,464.29999,1.29,0.25,4989.0,1.48,3.78
13.9,266.97586188,4540.0,5.13,0.103,5773.19,0.875104,1.193078
8.18,50.85254512,142.22895,0.534,0.651,5835.31,1.004,1.04198
9.32,63.566,330.0,0.89,0.36,5181.0,0.68,0.88
1.31,4.04,1.62116,0.02732,0.0,5799.0,1.04,1.59
12.6,2434.56559762,479.9,1.2163,0.477,5799.0,1.04,1.59
3.35,11.2,14.1815,0.10519,0.071,5035.0,0.771,0.781
3.13,9.96,53.753,0.2554,0.156,5035.0,0.771,0.781
13.9,274.91,19.382,0.154,0.02,6255.0,1.29,1.67
12.8,1630.4,931.0,2.03,0.12,6255.0,1.29,1.67
13.2,889.9195396,4218.0,5.15,0.02,5867.0,1.3,1.25
12.1,6315.5682755,1124.79139,2.949,0.099,4700.0,2.69,11.47
11.500434,131.89945,11.53533,0.1097,0.251,5521.0,1.324,2.336
12.2,4862.7746271,2744.0,5.15,0.65,4815.0,2.4,12.4
4.07,15.57359194,9.02378,0.085,0.472,5610.0,0.99,0.95
13.4,572.0911326,14386.0,11.8,0.77,5610.0,1.06,0.95
3.77,13.63483866,15.5083,0.1238,0.16,5885.38,1.051904,1.389372
14.3,143.34133,94.44,0.415,0.04,5600.0,1.07,1.387236
13.6,422.7139,201.99,0.689,0.048,5600.0,1.07,1.387236
13.7,375.0394,1069.8,2.09,0.074,5600.0,1.07,1.387236
14.1,209.7678,5000.0,5.0,0.26,5600.0,1.07,1.387236
12.4,3591.4609991,662.37,1.54,0.46,5870.0,1.09,1.03
10.9,82.63538582,108.45299,0.474,0.13,6245.0,1.21,1.47
12.7,2256.5816897,351.43394,1.039,0.158,6245.0,1.21,1.47
12.4,3464.64746471,10159.64279,9.811,0.277,6245.0,1.21,1.47
12.9,1433.40611557,1928.0,2.93,0.53,5421.0,0.9,1.04
13.1,975.7381,1299.0,2.78,0.0,4922.0,3.5,4.63
13.5,530.7761,386.29999,1.06,0.5,5940.0,1.07,1.04
13.7,384.5743,2.1974,0.0379,0.07,6380.0,1.51,1.647304
12.9,1382.55357045,1039.15,1.988,0.197,5507.0,0.968,0.916
15.69257298,1938.7532827,117000.0,63.0,0.19,6791.0,1.32,1.68398
4.77,20.34101805,40.43914,0.242,0.821,6126.0,1.16,1.64802
12.8,1913.3366,103.95,0.45,0.31,6014.0,1.2,1.05
13.2,888.01256916,176.13,0.762,0.111,4757.0,1.9,9.9
12.6,2510.8444153,15732.45889,20.0,0.52,5338.0,0.97,0.93
13.4,658.5404593,2751.53433,4.89,0.078,4823.75,2.058,6.930587
2.42,6.44,5.77152,0.0634,0.172,5765.0,1.02,1.152288
2.23,5.59,13.5052,0.1117,0.305,5765.0,1.02,1.152288
13.4,674.0,44.236,0.2388,0.4686,5441.0,0.927,0.937948
12.7,2080.0,1008.0,1.922,0.133,5441.0,0.927,0.937948
4.94,21.6,86.58,0.3193,0.063,4090.0,0.58,0.628304
13.7,385.0,528.4,1.32,0.26,5883.0,1.11,0.98
13.7,356.28743,676.6,1.7,0.155,4946.0,1.43,5.01
12.8,1633.6462,116.596,0.522,0.207,5972.0,1.38,2.29
13.3,731.009,491.54,1.36,0.23,5972.0,1.38,2.29
13.9,270.144,1027.0,2.45,0.52,6308.0,1.22,1.21
13.7,390.9309,328.55,0.993,0.587,6032.0,1.21,1.34
12.8,1640.0028,5062.0,6.15,0.125,6032.0,1.21,1.34
13.7,381.3940884,331.9,1.11,0.12,5025.0,1.64,3.86
8.29466,120.7754,2.87589,0.04364,0.0,6179.0,1.42,1.41
13.6,422.7139,4.07182,0.053,0.0167,5856.0,1.2,1.44
12.3,4003.68444298,16521.52778,12.404,0.357,5352.05,0.93,0.89
13.3,762.7881768,562.0,1.4,0.2,4153.0,1.3,16.2
13.2,874.0325,428.5,1.262,0.031,4947.0,1.46,4.67
13.3,772.32302901,5894.0,6.7,0.38,5961.0,1.17,0.96
6.94,38.45723725,21.89288,0.16,0.496,6091.98,1.14,1.17184
12.8,1636.18063924,18144.76236,14.131,0.138,6091.98,1.14,1.17184
13.2,845.74563,2918.92,4.187,0.532,5907.0,1.147,1.128
13.4,594.02427,686.5,1.66,0.04,5027.0,1.3,5.14
3.05,9.82,11.62071,0.1049,0.046,6310.0,1.15,1.43
5.94,9.67,19.502104,0.1482,0.074,6310.0,1.15,1.43
1.77,6.519,4.7559804,0.05245,0.058,5131.0,0.829,0.855
2.526,6.792,17.180546,0.1235,0.096,5131.0,0.829,0.855
4.77,20.34101805,7.29903,0.068,0.065,4837.0,0.79,0.745171
4.36,17.48056238,15.27018,0.111,0.511,4837.0,0.79,0.745171
11.9,8725.66108578,40654.64809,21.449,0.152,4837.0,0.79,0.745171
13.2,937.5985,499.39999,1.28,0.34,6124.0,1.25,1.28
2.46,6.6,18.56,0.134,0.344,5374.0,0.91,0.95
13.7,376.9444907,3280.0,4.158,0.058,5468.0,0.89,0.85
12.5,2892.2385037,5163.0,7.46,0.2,4909.0,2.07,8.56
12.8,1706.7471,163.94,0.6,0.61,5743.0,1.18,1.32
13.3,778.6835,408.60001,1.29,0.46,5589.0,1.96,2.3
13.2,819.97,3452.0,5.36,0.06,5605.0,1.718,1.76
14.0,238.37130525,352.65,1.04,0.21,6239.0,1.221,1.76439
13.8,314.6517,194.3,0.63,0.17,5905.0,1.15,1.38
13.9,261.0,391.9,1.02,0.16,5900.0,0.92,1.38
2.67,7.62788177,1.87567,0.03,0.194,5771.84,1.03,1.01906
12.8,1878.04805696,17202.19446,13.183,0.071,5771.84,1.03,1.01906
4.12,15.89142035,21.85849,0.167,0.109,6419.19,1.29,2.75716
12.8,1661.6069118,7841.5839,8.415,0.391,6419.19,1.29,2.75716
12.5,2997.75753482,133.40355,0.502,0.647,5453.0,0.94,0.95
12.5,3098.82696825,4818.25358,5.486,0.261,5453.0,0.94,0.95
14.0,235.18,842.2,1.88,0.22,5900.0,1.25,2.16
1.87,4.15,4.6455,0.05,0.0,4850.0,0.772,0.72
6.17,31.49679513,811.3,1.57,0.089,4903.69,0.785167,0.774528
12.4,3391.2461,359.51001,1.12,0.85,6090.0,1.38,1.9
13.5,486.2799,521.0,1.5,0.29,4860.0,1.3,4.5
12.3,4449.62,820.2,2.1,0.13,4069.0,1.8,50.3
2.24,5.65,10.924709,0.09,0.11,4757.0,0.79,0.762
2.93,8.91,21.583298,0.141,0.04,4757.0,0.79,0.762
13.7,359.13,12.62,0.11,0.02,6123.0,1.125,1.12
13.4,603.9,248.4,0.8,0.075,6123.0,1.125,1.12
13.3,704.94694,1184.1,2.32,0.024,5534.0,1.19,2.13
14.0,244.09344,351.0,1.032,0.184,5534.0,1.19,2.13
13.8,296.85322,577.2,1.492,0.095,4915.0,1.33,3.49
13.0,1150.5446,2149.0,3.584,0.099,4915.0,1.33,3.49
3.23,10.49,9.6392,0.0952,0.0,5773.0,1.13,1.33
14.1,181.16219199,279.3,0.85,0.044,4786.0,1.06,10.95
10.9,82.6358,75.523,0.36,0.25,5757.0,1.11,1.48
12.8,1875.1876013,990.0,2.12,0.6,5981.0,1.63,1.72
12.5,3127.4472,8.4282,0.08,0.28,4723.0,0.42,0.75
13.9,249.051588,75.2203,0.362,0.7441,5522.0,1.12,1.76
13.3,699.54383,1272.0,2.39,0.08,5522.0,1.12,1.76
5.0,22.1,17.24,0.14,0.2,5841.0,1.2,1.639984
14.3,140.79869,280.17,0.87,0.238,5859.0,1.12,1.11
4.16,16.14,40.0,0.23,0.088,5790.0,0.99,1.023606
12.3,4195.3349724,653.9,1.362,0.479,4663.0,0.77,0.78
12.5,3019.3698665,5387.0,5.556,0.196,4663.0,0.77,0.78
13.3,116.0,1207.0,2.16,0.08,5390.0,0.926,0.946
3.66,13.0,75.74,0.341,0.12,5390.0,0.926,0.946
1.83,4.0,12.458,0.103,0.12,5390.0,0.926,0.946
3.23,10.52012027,41.763,0.2292,0.086,5393.43,0.921146,1.001813
12.1,5943.3912109,2342.6,3.54,0.6708,5870.0,1.06,1.06419
13.2,918.5287,434.5,1.13,0.2,5426.0,1.02,0.95
12.7,2040.0,270.0,0.94,0.63,6317.0,1.5,1.93
13.0,1207.7479466,5144.0,5.42,0.734,5127.0,0.81,0.797485
13.6,444.00628458,417.67,1.22,0.01,4919.0,1.39,4.63
12.1,6833.3107505,466.08,1.156,0.079,5518.0,0.93,0.835
13.2,905.81095995,1820.0,2.877,0.182,5474.0,0.96,0.95271
13.9,270.15414595,20.6532,0.1512,0.149,4851.0,1.08,9.7
3.05,9.53485221,15.1479,0.1192,0.12,5778.33,0.986073,1.209505
12.6,2424.3950886,58.11187,0.292,0.53,5491.0,0.98,1.711479
12.2,5500.33841154,1753.1096,2.842,0.21,5491.0,0.98,1.711479
11.1,85.8141,6.404,0.07,0.11,5570.0,1.07,1.09
12.7,2154.87659946,14773.93272,10.961,0.187,4905.0,0.8,0.777826
12.5,2793.7257,533.0,1.36,0.64,4374.0,1.86,21.66
12.4,3591.4609991,10256.0,8.8,0.68,4866.12,0.85,0.77494
13.2,804.42369812,225.67372,0.765,0.294,6300.0,1.17,1.935709
12.6,2437.42605328,1818.82339,3.075,0.246,6300.0,1.17,1.935709
14.1,209.7678,1145.0,2.24,0.11,5842.0,1.1,1.24
12.5,3219.6179,359.89999,1.31,0.17,4326.0,6.73,13.58
13.2,832.7146,550.0,1.32,0.59,5671.0,1.53,2.47
12.5,2796.8899816,1515.0,2.518,0.358,5467.0,0.92,1.01
12.26262489,1036.12060682,21.2164294,0.1632,0.6772,6046.0,1.285,1.517
13.4,585.12209729,322.03,1.158,0.208,4683.0,2.0,13.5
13.0,1334.8793094,582.0,1.7,0.4,4308.0,1.8,26.6
12.3,4703.8604236,1175.0,2.4,0.51,5635.0,1.09,1.75
14.1,190.06234,298.43,0.975,0.11,5013.0,1.39,4.19
13.9,276.5121,623.8,1.42,0.13,5904.0,0.98,1.18
4.0,15.1,44.505,0.246,0.0593,5627.0,1.0,0.971489
13.5,537.1327,410.10001,1.14,0.1,4901.0,1.7,3.26
7.87,47.6725,110.9,0.5137,0.3,4949.0,1.47,2.62
12.6,2552.1749,71.484,0.34,0.11,5588.0,1.24,1.08
13.9,291.12,3.092514,0.0443,0.022,6168.0,1.21,1.266865
13.3,697.31902,213.72,0.843,0.081,5131.0,1.75,4.06
13.1,1048.8337431,2278.0,3.87,0.148,5603.0,1.49,3.13
12.0,7216.92963775,394.73,1.448,0.247,4917.0,2.6,9.2
3.53,12.214,105.911,0.343,0.101,3534.0,0.484,0.481
13.5,535.54355,510.9,1.4,0.107,4961.0,1.41,4.16
12.5,2980.91262925,7593.40512,7.427,0.726,5386.0,0.94,1.059423
13.2,807.2882,564.1,1.592,0.022,4945.0,1.69,4.71
3.28,10.80616584,10.2851,0.088,0.224,5078.0,0.85,0.87
12.5,3177.64841319,28982.41764,17.53,0.194,5078.0,0.85,0.87
13.2,858.1366989,6896.1,6.74,0.444,4918.0,0.86,0.79
14.0,127.132,956.0,1.85,0.26,5736.0,1.03,1.5
13.1,1103.1824007,624.87404,1.46,0.383,5948.0,1.06,1.23
12.5,2958.98246917,4667.97841,5.585,0.051,5948.0,1.06,1.23
3.49,20.4,17.471291,0.1322,0.061,5784.0,0.996,0.96
12.1,98.52680617,286.6,0.94,0.0,4971.0,1.35,4.86
11.8,95.3485221,484.3,1.334,0.0,4971.0,1.35,4.86
14.3,143.02278315,836.4,1.92,0.0,4971.0,1.35,4.86
12.1,6674.396547,803.0,2.1,0.1,3860.0,1.84,88.475
13.8,321.0083,6.83776,0.077,0.229,5923.0,1.3,2.0
13.6,413.1769291,4060.0,4.6,0.07,4848.0,0.8,0.743303
2.6,24.1,4.1374354,0.048,0.34,5145.0,0.863,0.767
13.9,265.70588,1019.74,2.1,0.251,6117.0,1.189,1.27
14.2,166.218,3.0965828,0.0426,0.0103,5790.0,1.04,1.15043
13.2,912.16752809,3810.0,4.89,0.252,5790.0,1.04,1.15043
13.1,1080.622,766.0,1.82,0.04,4940.0,1.36,5.13
13.6,476.72,461.2,1.203,0.137,5746.0,1.09,1.125296
11.9,9333.03117155,14583.81038,12.027,0.034,5897.32,1.07,1.94492
2.85,8.5,14.288,0.111,0.189,5726.0,0.83,1.04
2.54,7.0,33.688,0.197,0.16,5726.0,0.83,1.04
12.66617,359.1479,2.21857567,0.03126,0.0,5052.0,0.79,0.75
4.06,15.5,11.724128,0.092,0.136,4610.0,0.77,0.79
12.9,1598.67688721,1143.59858,2.406,0.559,5360.0,1.415,2.58658
13.5,537.0,2887.5,3.965,0.3342,5560.0,0.996,1.14
5.53,26.2,17.11625,0.1298,0.163,5560.0,0.996,1.14
3.48,11.9,88.69,0.3886,0.058,5560.0,0.996,1.14
13.4,630.89255,1176.45,2.231,0.224,5656.0,1.069,1.376
13.0,1137.82569706,4885.0,5.5,0.57,5988.0,0.91,1.53
12.5,2966.61035094,1603.38923,2.749,0.213,6010.0,1.07,1.40223
3.41,10.0,8.8803256,0.0804,0.031,5348.0,0.81,0.94
3.195,8.0,28.579743,0.1752,0.034,5348.0,0.81,0.94
2.995,2.8,38.353037,0.2132,0.031,5348.0,0.81,0.94
13.0,112.2,101.12,0.407,0.031,5348.0,0.81,0.94
13.2,915.34581216,2898.0,3.71,0.0,5348.0,0.81,0.94
3.74,13.5,284.0,0.812,0.03,5348.0,0.81,0.94
14.2,177.9848,24.3556,0.15,0.05,4976.0,0.66,0.74
4.27,16.9,74.72,0.32,0.13,5166.0,0.8,0.857922
5.25,24.0,525.8,1.18,0.32,5166.0,0.8,0.857922
13.4,666.17168,340.94,1.063,0.082,5041.0,1.38,4.41
12.4,3561.90295725,13092.18348,11.116,0.251,5861.32,1.06,1.14911
13.0,1264.9634,18.20132,0.14,0.01,5751.0,1.21,1.48
12.9,1493.7935129,1392.0,2.65,0.2,5879.0,1.27,1.42
12.4,3623.2438398,3413.7,4.71,0.56292,6072.0,1.16,1.71
12.6,2701.5414595,402.0,1.1,0.2,4263.0,1.1,32.3
13.2,819.97,1333.0,2.37,0.48,6254.0,1.28,1.31
13.9,251.0,1035.7,2.07,0.22,6150.0,1.11,1.105
7.43,43.22466335,99.62167,0.426,0.373,5796.02,1.04,0.92
13.6,435.41,466.2,1.305,0.063,6188.0,1.365,1.79647
3.43,11.66,11.8482,0.0974,0.36,5494.0,0.875,0.921637
3.89,14.44,33.9239,0.1964,0.1,5494.0,0.875,0.921637
13.5,508.21017,606.3,1.565,0.087,4982.0,1.39,4.92
13.7,385.84562,852.5,1.96,0.243,4982.0,1.39,4.92
12.1,6849.20217085,256.26,0.81,0.426,5764.23,1.06,1.04
13.1,982.08977763,1299.22,2.39,0.171,5764.23,1.06,1.04
18.2370116,323.54931833,3.3088775,0.05208,0.03,6442.0,1.721,2.554
1.72,7.42,0.926118,0.018,0.0,5596.0,0.9,1.13
13.1,1106.04285636,512.5352,1.771,0.732,5174.32,2.817,10.5852
12.6,2378.9456264,2481.07227,5.067,0.202,5174.32,2.817,10.5852
12.7,1999.1507,1120.0,2.2,0.71,5945.0,1.23,1.19
12.9,1466.7780983,2041.11539,3.185,0.1,5767.0,1.03,1.1
4.31,17.16273398,34.95875,0.211,0.059,5767.0,1.03,1.1
12.2,4868.17771002,7325.64666,7.457,0.253,5767.0,1.03,1.1
10.1,73.1009,1733.0,2.55,0.37,5026.0,0.58,0.78
13.9,124.58873554,25.33798,0.177,0.145,6133.55,1.16,1.87741
13.6,435.41,279.8,0.896,0.27,6176.0,1.22,1.33
6.47,34.2,96.045,0.461,0.23,5635.0,1.42,2.221489
13.4,647.10188,673.2,1.74,0.1,4842.0,1.55,6.12
14.01122587,6197.6539365,11100.0,10.75,0.069,6500.0,1.31,1.31116
16.36511182,3527.8953177,2290.0,3.74,0.283,6500.0,1.31,1.31116
2.25,6.1,6.441008,0.0629,0.231,4819.0,0.8,0.769
1.21,1.93,5.3135,0.0529,0.1,5256.0,0.7,0.833609
2.17,5.33,13.8905,0.1004,0.09,5256.0,0.7,0.833609
3.25,10.61,29.158,0.1647,0.11,5256.0,0.7,0.833609
3.83,14.03,85.5073,0.3374,0.06,5256.0,0.7,0.833609
13.6,472.83,597.0643,1.3649,0.95,5782.13,1.04,1.12681
14.2,177.9848,160.07,0.586,0.197,5726.0,1.05,0.89
14.0,232.0159,1155.7,2.112,0.27,5710.0,0.94,0.901
2.34302132,14.8,16.20166,0.117,0.0,5106.0,0.8208,0.7827
1.45,2.7,18.314,0.1257,0.064,5368.0,0.79,0.93
2.04,4.8,89.68,0.3625,0.077,5368.0,0.79,0.93
2.03,4.77,147.02,0.509,0.29,5401.0,0.813,0.93
2.28,5.82,647.6,1.3541,0.45,5368.0,0.79,0.93
14.3,146.20106722,129.36,0.53,0.37,6134.0,1.15,1.16
12.5,3146.4,875.5,2.1,0.08,4035.0,1.6,51.1
13.7,397.2875,380.85001,0.95,0.75,4802.0,0.39,0.76
13.7,379.48711796,358.27,1.063,0.02,4860.0,1.25,4.98
15.58051,232.0159,3.52474859,0.04707,0.0,6091.0,1.23,1.19
14.3,153.1,649.918,1.487,0.24,5790.0,1.04,1.05971
13.6,410.0007,442.19,1.13,0.48,5538.0,1.01,1.07
13.6,481.5100366,355.5,1.079,0.071,4912.0,1.33,4.54
12.8,1760.76937478,223.8,0.768,0.084,6273.0,1.2,1.206
14.0,212.9461,1558.0,2.656,0.68,5652.0,1.03,1.13
3.66,13.0,25.201,0.143,0.15,4127.0,0.61,0.574175
14.2,162.0933,2.24571,0.03,0.0,6239.0,1.55,1.16
13.3,759.6137,380.7,1.19,0.076,5003.0,1.56,5.27
12.8,1655.88600047,882.70001,1.89,0.42,5979.0,1.57,1.51
13.1,1112.3994245,17000.0,13.0,0.53,5729.54,1.048132,1.433902
2.99,9.2170238,11.12214,0.099,0.413,5840.0,1.05,1.08287
1.745,8.83,1.008035,0.02012,0.0,5978.0,1.068,1.1011
4.71,19.95,4.78503,0.056798,0.0,5978.0,1.068,1.1011
9.52,65.9,84.288,0.362,0.4,5605.0,0.89,0.825605
12.1,5914.78665427,1854.84424,3.08,0.161,6215.0,1.115,2.04
2.697,17.7,25.1292,0.1726,0.0,5871.0,1.09,1.044
13.0,111.23994245,566.0,1.31,0.47,5113.0,0.92,0.85
13.7,400.4,1311.0,2.56,0.07,5999.0,1.3,1.800029
13.0,1334.8793094,1359.0,2.57,0.31,5909.0,1.22,1.394
3.18,10.26,35.45,0.198,0.09,5103.0,0.82,0.76
3.03,9.44,154.43,0.528,0.12,5103.0,0.82,0.76
13.8,333.7215,148.60001,0.61,0.38,4639.0,0.81,9.83
14.1,181.1631,118.45,0.46,0.37,5399.0,0.74,0.93
2.8,8.23,22.6786,0.1455,0.12,5430.0,0.8,0.914378
4.34,17.37,53.7357,0.2586,0.07,5430.0,0.8,0.914378
13.6,459.57987652,7.1270166,0.07359,0.1284,5622.0,1.045,1.2245
12.9,1388.91013859,5138.7,5.922,0.3918,5622.0,1.045,1.2245
12.3,4402.55909376,1301.36009,2.446,0.311,5966.0,1.14,1.27
2.61,7.31005336,2.52221,0.038,0.399,5966.0,1.14,1.27
14.2,166.54208527,2560.19774,3.758,0.156,5930.64,1.08,1.32619
9.32,63.566,225.7,0.69,0.3,4730.0,0.76,0.85
12.5,3057.50927534,5478.68861,5.935,0.768,5362.0,0.92,1.91
1.602,4.74,3.092926,0.03876,0.0,4699.0,0.81,0.778
1.511,4.36,6.76458,0.0653,0.062,4699.0,0.81,0.778
1.61,16.17,46.859,0.237,0.138,4699.0,0.81,0.778
1.31,7.3,22.717,0.1463,0.148,4699.0,0.81,0.778
3.28,10.80622,94.2,0.3753,0.0,4913.0,0.794,0.77
12.7,108.0622,2247.0,3.11,0.06,4913.0,0.794,0.77
14.0,247.90615746,275.5,0.94,0.11,4831.0,1.46,11.22
13.8,317.83,2093.3,3.2,0.4,4820.0,1.0,2.9
4.898,17.6,6.034468,0.06356,0.05,5540.0,1.02,1.059
4.59,19.06970442,3.83483,0.049,0.091,5891.0,1.04,1.56
12.2,5102.41724598,4789.87297,5.657,0.811,5891.0,1.04,1.56
12.2,5288.6912,672.09998,1.6,0.14,3787.0,2.2,54.92
9.32,63.566,1728.0,2.729,0.187,5683.0,0.91,0.98
13.7,381.3940884,2266.4,3.396,0.054,5921.0,1.016,1.068
13.6,460.8,3724.7,4.94,0.51,5940.0,1.16,1.679696
13.1,1010.6994,218.47,0.74,0.404,5960.0,1.13,1.41647
13.1,982.05,456.1,1.25,0.08,6304.0,1.25,1.13864
9.17,60.5,14.2767,0.1228,0.115,5080.0,1.212,2.943
12.0,7278.2705203,10090.0,10.15,0.14,5847.0,1.351,1.947
13.5,511.7063,1173.0,2.306,0.123,5620.0,1.19,1.850575
13.5,495.8148,871.0,1.83,0.08,4806.0,1.07,4.1
13.4,581.62598481,3999.0,5.14,0.16,5701.0,1.21,1.85
12.8,1649.52943233,14892.0,10.8,0.56,4751.0,0.76,0.71
12.6,2660.2371,572.38,1.34,0.73,5790.0,1.12,1.13
0.91,4.1,10.6413,0.0952,0.06,5784.0,1.013,1.147
2.42,10.4,36.57669,0.217,0.02,5784.0,1.013,1.147
2.4,4.2,138.0731,0.53,0.04,5784.0,1.013,1.147
12.7,2075.73732612,1202.05199,2.375,0.476,6097.0,1.23,1.54
14.0,222.481,26.6904,0.191,0.104,5894.0,1.31,1.93
13.4,673.79622284,872.6,1.9,0.03,5038.0,1.57,5.69
12.3,4338.2,528.07,1.167,0.8191,5027.0,0.75,0.743475
13.2,845.42356262,735.74,1.6,0.07348,5994.0,1.16,1.08
13.5,485.32641,1211.17,2.37,0.406,5843.0,1.208,1.49
13.7,359.1479,141.63,0.567,0.13,6101.0,1.21,1.53
12.7,2089.644,192.0,0.747,0.05,4791.0,1.5,10.9
13.5,565.7374,2058.0,2.827,0.359,4981.0,0.71,0.68
2.0,8.32,17.667087,0.1162,0.072,4684.0,0.67,0.71
1.87,3.41,29.79749,0.1646,0.063,4684.0,0.67,0.71
0.75,0.55,3.97664,0.04298,0.07,4684.0,0.67,0.71
0.818,0.72,7.90754,0.068,0.07,4684.0,0.67,0.71
1.137,0.77,12.1621839,0.0906,0.07,4684.0,0.67,0.71
1.982,4.15,7.4341325,0.0706,0.0,5075.0,0.849,0.772
12.4,3786.607641,1535.11912,2.694,0.282,6040.0,1.1,1.53
2.52,6.89,13.671,0.0932,0.3,3933.0,0.578,0.57
12.8,1906.98,4100.0,5.7,0.56,4769.0,1.47,12.73
12.8,1655.82,501.75,1.16,0.15,4297.0,0.82,25.456816
12.2,5050.3187,745.70001,1.92,0.4,3926.0,8.76,71.23
12.9,1589.142035,3668.0,4.92,0.04,5802.0,1.11,1.3
9.35,63.88350981,515.4,1.3,0.11,5776.49,1.10394,1.387296
12.3,4096.8287,535.59998,1.29,0.35,4052.0,1.61,40.0
3.46,11.8,2.0455,0.034,0.22,6034.0,1.22,1.412551
12.5,2884.92845034,6134.427,6.248,0.341,5160.0,0.86,0.83
13.9,290.81445,1802.29,2.971,0.042,6125.0,1.076,1.23
2.54535814,8.7,7.0491423,0.076,0.0,6353.0,1.251,1.4182
1.36354953,4.3,3.04405,0.0443,0.0,6353.0,1.251,1.4182
13.3,794.5710175,457.01,1.49,0.04,4766.0,2.12,13.76
6.9,38.13940884,41.83156,0.242,0.05,5920.58,1.08,0.995896
12.2,5252.75008249,26308.65619,17.848,0.051,5920.58,1.08,0.995896
1.24,2.14,2.76953,0.02933,0.039,3803.0,0.439,0.439
1.533,3.09,5.70588,0.04749,0.038,3803.0,0.439,0.439
11.9,9045.39646322,10942.29013,10.087,0.922,6057.62,1.12,1.455981
14.3,133.4886,3.4442,0.04,0.0,5186.0,0.77,0.94
16.14096,371.8611,4.12688,0.0568,0.091,6801.0,1.43,1.56
13.5,495.8,428.1,1.271,0.06,4846.0,1.23,3.18
13.5,495.81231492,2198.14,3.242,0.141,5737.0,0.944,0.923
11.02963701,266.97586188,28.842438,0.1985,0.085,6047.0,1.255,1.624
14.1,196.73578393,18.01939,0.125,0.047,4875.0,0.81,0.891767
8.24,51.48846,36.07,0.198,0.015,4875.0,0.8,0.891767
12.7,2063.65984665,5019.54244,5.362,0.343,4875.0,0.81,0.891767
12.9,1525.5763536,654.5,1.552,0.182,5966.0,1.16,1.27
2.69,6.2,22.891054,0.1357,0.0071,6189.0,1.227,1.425
4.13,9.2,55.99712,0.308,0.0039,6189.0,1.227,1.425
3.11,5.8,84.2899,0.411,0.0054,6189.0,1.227,1.425
12.8,1859.29618095,385.92,1.034,0.063,5602.0,0.974,1.048
12.8,1906.970442,9090.0,8.5,0.15,5602.0,0.974,1.048
12.2,99.7981198,14.23283,0.118,0.104,5919.87,1.08,1.07094
13.0,1207.7479466,1333.0,2.45,0.95,5664.0,1.1,1.48
1.75,3.72,3.1649,0.042,0.195,5766.0,0.98,1.08
2.26,5.72,6.1245,0.065,0.088,5766.0,0.98,1.08
2.06,4.91,11.681,0.1,0.093,5766.0,0.98,1.08
13.8,311.4734,6.0881,0.06,0.09,4503.0,0.82,0.69
2.83,8.4,8.7836,0.066,0.0,3703.49,0.5,0.478214
13.5,490.09386,380.2,1.18,0.149,4972.0,1.53,6.48
12.9,1420.69297929,1365.0,2.294,0.453,5560.0,0.86,0.85
13.3,772.3269,2443.0,3.43,0.08,5505.0,0.84,0.95
13.5,498.99059899,892.7,1.913,0.05,4845.0,1.17,4.5
13.9,284.77425267,312.08,1.117,0.269,4853.0,1.91,10.9
12.8,1739.47487151,20608.14049,13.39,0.261,4678.0,0.75,0.574666
12.6,2622.08435775,2539.0,3.49,0.186,5680.0,0.98,1.019
12.9,1484.25866069,11320.0,9.9,0.21,5680.0,0.98,1.019
13.6,467.20775829,1157.0,2.34,0.76,5882.0,1.12,1.61
14.3,149.37,1684.0,2.69,0.18,5400.0,0.92,0.91
13.5,491.68301,847.0,1.85,0.061,4895.0,1.17,4.4
14.1,197.0546,466.0,1.26,0.3,6130.0,1.7,1.75
3.22,10.47,16.5535,0.1254,0.1,5898.0,0.96,1.073694
3.85,14.16,51.2053,0.2663,0.04,5898.0,0.96,1.073694
3.46,11.82,271.6737,0.8098,0.24,5898.0,0.96,1.073694
1.601,4.844,0.95965451,0.01814,0.0,5338.0,0.864,0.871
2.983,11.41,29.846511,0.1794,0.04,5338.0,0.864,0.871
2.61,7.3,8.3967,0.077,0.35,5338.0,0.864,0.871
3.97,14.9,91.9,0.3797,0.128,5338.0,0.864,0.871
13.2,905.49313154,157.35,0.594,0.028,4580.0,1.13,10.22
13.4,657.90480249,2372.0,3.41,0.07,5727.0,0.94,1.111044
14.3,152.5584,3.38773,0.04,0.0,5000.0,0.47,0.84
13.6,476.7426105,621.62,1.44,0.59,5544.0,1.03,1.1112
13.7,400.46379282,330.0,1.074,0.049,5025.4,1.52,4.17
13.9,282.86728223,810.2,1.955,0.081,5025.4,1.52,4.17
9.32,63.5656814,89.9,0.452,0.191,5025.4,1.52,4.17
9.07303305,74.1,18.712024,0.145,0.0,6128.0,1.1642,1.266
12.5,104.56607,18.1991,0.1508,0.399,5935.0,1.38,1.97
12.5,2892.1,388.0,1.1,0.34,6250.0,1.25,1.4367
13.4,638.8383,551.40002,1.6,0.15,4861.0,1.84,5.39
13.5,556.2025,916.0,2.24,0.13,4861.0,1.78,5.29
13.9,260.6206,1049.0,2.07,0.27,5879.0,1.14,1.38
8.42,53.5,214.67,0.7181,0.036,5836.0,1.07,1.38
6.07,30.7,117.87,0.4817,0.027,5836.0,1.07,1.38
4.26,16.8,49.175,0.2687,0.09,5836.0,1.07,1.38
6.88,37.9,676.8,1.543,0.031,5836.0,1.07,1.38
13.6,120.6,5700.0,6.36,0.032,5836.0,1.07,1.38
13.0,1195.0408,82.467,0.389,0.389,6060.0,1.15,1.759974
2.29,5.84,9.8991,0.088,0.0,5666.0,0.94,0.897
2.54,11.32,46.9622,0.25,0.153,5666.0,0.94,0.897
14.0,238.37130525,273.1,0.98,0.139,4770.0,1.69,10.86
12.7,2097.6674862,490.0,1.3,0.2,3940.0,1.14,38.4
10.1,72.46524,62.25,0.295,0.645,5221.0,0.799,0.871954
14.0,214.53525,154.378,0.53364,0.054,5698.64,0.85,0.949168
14.1,207.22516,885.5,1.71,0.125,5698.64,0.85,0.949168
14.0,221.20968,1862.0,2.807,0.16,5698.64,0.85,0.949168
13.2,854.9627,55.01292,0.277,0.6745,5329.0,0.94,0.91
13.1,1013.8777,2720.0,3.74,0.03,5329.0,0.94,0.91
8.56,54.98431441,1211.0,2.108,0.298,5049.8,0.851785,0.83061
14.0,127.132,363.20001,1.02,0.41,5981.0,1.37,1.49
14.1,206.58846455,14.3099,0.115,0.256,5697.0,0.98,2.857838
12.5,3299.05886466,2127.60566,3.226,0.357,5697.0,0.98,2.857838
12.5,3082.31534,685.25,1.623,0.017,5338.0,1.207,2.029
12.3,4481.3805387,2088.8,3.28,0.642,5998.0,1.07,1.17
1.99,4.62,5.63692,0.05895,0.101,5205.0,0.86,0.783742
2.65,7.49,14.0309,0.1083,0.078,5205.0,0.86,0.783742
2.12,5.16,33.874,0.1949,0.159,5205.0,0.86,0.783742
2.85,8.5,3.2498,0.041,0.14,5576.0,0.87,0.744665
2.13,5.2,51.76,0.247,0.02,4956.0,0.77,0.716684
2.56,7.1,197.8,0.6,0.29,4956.0,0.77,0.716684
13.2,858.141,578.6,1.4,0.24,4869.0,2.0,8.56
12.9,1484.2661,264.14999,0.85,0.25,6165.0,1.45,1.21
13.5,541.26177712,526.5239,1.28,0.899,5688.0,1.008,1.077514
13.5,508.528,857.5,1.67,0.2,5405.0,0.83,0.82
13.3,708.7609,431.88,1.17,0.52,5596.0,1.25,1.42
13.3,689.66,6700.0,6.95,0.24,5582.0,0.99,1.49795
13.9,257.4423,832.97,1.662,0.042,5717.0,0.883,0.846
3.89,14.4,149.61,0.554,0.19,5727.0,1.015,0.999
4.12,15.8915,15.56,0.12,0.0,5686.0,0.93,1.02
13.4,612.45841,356.21,1.157,0.147,4943.0,1.63,5.14
14.2,175.75910907,308.92072,0.882,0.742,5508.0,0.96,1.0
12.6,2500.67390628,9295.9735,8.54,0.149,5508.0,0.96,1.0
13.2,810.4665,36.9987,0.238,0.0796,6093.0,1.32,1.6
14.1,184.34047606,472.0,1.26,0.41,5752.0,1.2,1.32
3.52,12.19,5.8854,0.0644,0.07,5869.0,1.03,1.075139
2.91,8.81,13.1354,0.11,0.07,5869.0,1.03,1.075139
13.5,568.89,963.6,1.92,0.778,5566.0,0.98,1.26442
9.03,60.16491745,225.79,0.6793,0.067,5466.0,0.82,0.89
14.2,174.48779544,345.43,0.902,0.019,5466.0,0.82,0.89
14.3,137.62039,44.073,0.237,0.607,5294.0,0.92,0.94
11.9,8445.3364308,20324.58153,15.369,0.565,6114.04,1.15,1.28194
10.0,71.8,3.023573,0.0398,0.063,5285.0,0.92,0.914196
5.02,22.2481,4.0845,0.05,0.04,5657.0,0.96,1.08
13.0,111.42,1353.6,2.395,0.249,5657.0,0.96,1.08
13.4,631.2072163,371.74,1.129,0.266,4898.0,1.39,5.03
13.1,1069.49258955,3184.2,4.725,0.187,4898.0,1.39,5.03
13.4,661.71874337,360.08,1.207,0.071,4866.0,1.81,7.3
13.5,483.73483545,677.53,1.84,0.161,4866.0,1.81,7.3
12.6,2330.0,712.13,1.93,0.2,4380.0,2.1,23.47
12.3,4417.837,434.0,1.14,0.23,4076.0,1.05,42.4
12.6,2351.9302118,778.51,1.814,0.211,5733.0,1.312,1.901
12.9,1414.33641115,10418.0,10.4,0.41,5805.0,1.38,2.05
2.06,4.88,7.34013,0.0652,0.055,4593.0,0.686,0.679
2.6,7.27,38.06,0.1951,0.55,4593.0,0.686,0.679
3.24,10.59,151.92,0.4894,0.055,4593.0,0.686,0.679
13.5,513.29545,400.5,1.167,0.066,4802.0,1.32,5.01
6.2,31.783,4.94737,0.06,0.09,5602.0,1.03,1.02
13.5,519.96988,2447.1,3.833,0.266,6102.0,1.253,1.351
13.2,931.2419,8619.9,9.02,0.0,6099.0,1.31,1.42
12.8,1859.29618095,1240.0,2.339,0.482,6050.0,1.1,1.02
1.31,5.3,5.969362,0.0652,0.0,5968.0,1.04,1.146
1.41,10.4,28.0694,0.1831,0.0,5968.0,1.04,1.146
3.62,12.77,14.0726,0.1059,0.09,5358.0,0.8,0.916136
3.87,14.31,95.9446,0.3809,0.14,5358.0,0.8,0.916136
13.7,384.5743,119.27,0.52,0.27,6136.0,1.204,1.32
2.45,7.8,14.339156,0.1202,0.08,6203.0,1.126,1.194
4.49,18.4,40.87,0.2416,0.07,6203.0,1.126,1.194
13.5,494.54348,637.1,1.57,0.092,4871.0,1.27,4.06
13.8,334.67499,872.2,1.93,0.183,4871.0,1.27,4.06
13.1,1017.0509024,772.5,1.757,0.41,6297.0,1.21,1.91
12.9,1357.12729789,1827.0,3.18,0.705,6012.0,1.29,1.52
12.8,1837.0574,139.35,0.53,0.076,4830.0,1.01,9.09
13.7,371.22357938,768.7,1.79,0.11,4807.0,1.29,5.43
12.5,104.88,492.3,1.2,0.096,5902.0,0.961,1.01
3.71,13.3,29.04992,0.229,0.68,8500.0,1.89,1.751
12.8,1880.90851263,5859.08992,6.426,0.273,5743.0,1.03,1.77793
12.6,2425.0429,177.11,0.64,0.07,4673.0,1.93,10.64
12.7,2199.3836,299.36,1.086,0.05,4658.0,1.9,13.2
12.7,2065.895,495.4,1.5,0.27,4348.0,1.7,27.0
13.8,336.8998,201.9,0.77,0.26,6245.0,1.5,2.57
13.3,797.7533,600.1,1.6,0.03,6245.0,1.5,2.57
2.42763557,10.0,5.2549,0.06,0.0,5934.0,1.0269,1.0072
3.246,14.19,29.986175,0.1922,0.031,6081.0,1.05,1.129
12.1,5965.63919939,5138.0,6.15,0.607,6255.0,1.157,1.401
12.0,7923.46218651,74839.94555,36.984,0.773,6255.0,1.19,1.401
13.3,731.0,589.64,1.64,0.02,4892.63,2.0,8.9
12.6,2707.58019923,14306.88519,11.842,0.15,5930.46,1.08,1.23227
2.14,21.755,7.1079475,0.072,0.24,5553.0,0.956,0.934
2.692,15.539,20.5438281,0.146,0.21,5553.0,0.956,0.934
1.073,1.25,4.209075,0.0503,0.16,5688.0,0.99,0.912
12.31,79.4575,2.81805,0.04,0.0,4812.0,0.42,0.77
14.2,168.4499,358.0,0.94,0.24,5449.0,0.65,0.83
2.91575244,10.5,9.058807,0.083,0.0,5513.0,0.9406,0.9598
3.06451296,11.1,21.4027,0.148,0.0,5513.0,0.9406,0.9598
4.41,17.8,45.791,0.246,0.12,5676.0,0.95,0.882858
13.2,813.64072192,623.0,1.51,0.11,5078.0,1.64,5.44
14.2,155.7367,21.998,0.14,0.17,5769.0,1.1,1.12
13.6,411.58985,577.6,1.301,0.27,5612.0,0.874,0.88
13.4,645.1949,5370.0,5.75,0.17,5612.0,0.874,0.88
12.8,1906.9,480.5,1.2,0.07,4323.0,1.1,21.4
12.4,3478.94974302,2269.81726,3.395,0.471,5716.0,1.01,1.13
13.5,560.64930995,10478.84437,9.408,0.207,5716.0,1.01,1.13
13.1,973.0,352.2,1.08,0.17,6330.0,1.36,1.55
12.9,1540.0,2374.0,3.86,0.76,6330.0,1.36,1.55
13.3,762.7881768,2476.0,3.53,0.06,5746.0,0.96,1.02
12.6,2510.8444153,1103.0,2.18,0.03,5950.0,1.12,1.02
12.8,1639.99458012,7832.0,7.27,0.62,5022.0,0.83,0.79099
11.9,8981.83078182,663.87,2.03,0.28,3802.0,2.49,86.4
13.4,626.1251,6.27711,0.07,0.12,5932.0,1.28,1.19
12.2,4776.96095721,16000.0,13.2,0.45,5883.41,1.171665,1.255733
13.1,982.08977763,1193.3,2.482,0.19,4842.0,1.68,7.72
3.17,10.2,8.667,0.0785,0.1,5385.0,0.86,0.886947
3.46,11.8,31.56,0.186,0.13,5385.0,0.86,0.886947
4.45,18.1,197.0,0.63,0.07,5385.0,0.86,0.886947
12.8,1900.0,851.8,1.76,0.4,5737.0,1.0,0.976919
13.0,1239.5307873,2124.54,3.318,0.175,5732.0,1.078,0.984
11.99360935,201.82103844,56.4,0.336,0.21,6070.0,1.6,2.5
13.5,561.92344,858.0,1.88,0.124,4934.0,1.21,4.96
13.2,949.67128012,3549.0,4.607,0.2393,5929.0,1.033,1.36
12.1,6165.8710958,35500.0,21.5,0.114,5929.0,1.033,1.36
12.8,1737.88572948,39.44603,0.228,0.419,5688.0,1.01,1.22
12.2,5085.254512,2690.0,3.8,0.16,5570.0,1.0,0.944723
13.0,1321.53051631,1257.99159,2.229,0.261,5387.0,0.93,0.909
12.8,1630.77755632,17071.78045,12.688,0.089,5387.0,0.93,0.909
2.884,10.48,15.611,0.131,0.03,6252.6,1.2,1.22
13.5,118.54999581,65.94,0.3388,0.124,6148.0,1.19,1.22
13.2,810.46243785,5823.0,6.7,0.18,6148.0,1.19,1.22
13.1,978.9164,188.3,0.65,0.19,5601.0,1.14,1.53
13.3,715.09,379.1,1.03,0.28,5601.0,1.014,1.53
13.7,353.42696,1750.0,2.99,0.126,4917.0,1.16,2.58
2.79,10.2,6.398042,0.0604,0.09,4511.0,0.73,0.65
2.39,9.7,18.87974,0.1242,0.08,4511.0,0.73,0.65
13.5,532.36258173,51.63564,0.28,0.636,6068.0,1.1,1.510576
12.5,2753.98314665,2448.48726,3.678,0.377,6068.0,1.1,1.510576
12.6,2597.92939882,1270.55195,2.438,0.752,6024.0,1.196,0.97
5.12,23.0,15.017,0.121,0.1,5783.0,1.039,1.333
14.0,126.0,3449.0,4.5,0.2,5783.0,1.039,1.333
14.2,155.7367,3.50927,0.05,0.03,6117.0,1.29,1.23
12.8,1716.2733978,4356.0,5.3,0.39,5697.46,1.06,0.940904
13.8,317.83,341.2,1.032,0.097,4867.0,1.26,3.4
12.8,1792.5612,7900.0,8.4,0.489,4867.0,1.26,3.4
13.2,810.46243785,422.82,1.2025,0.105,6122.0,1.295,1.55
12.6,2698.36317543,6717.0,7.39,0.08,6122.0,1.295,1.55
9.6,66.7443,3.97097,0.05,0.09,5644.0,0.99,1.37
13.1,994.80291391,415.891,1.091,0.8782,4664.0,1.0,8.33
4.12,15.9,5.7361,0.06,0.09,5341.0,1.37,0.97
2.89646124,10.9,6.527363,0.073,0.211,6007.0,1.1973,1.3174
14.1,203.41018048,273.1,0.9,0.259,4862.0,1.28,11.06
13.6,425.8922,1807.0,2.98,0.575,5748.0,1.08,1.05
11.56766808,1323.46926959,111.436765,0.4603,0.93183,5565.0,1.05,1.05
1.621,5.61,0.71957926,0.01657,0.0,5959.0,1.15,1.199
12.8,1609.80088146,1752.92067,2.905,0.924,5837.0,1.06,1.062
12.8,1748.0562385,6383.78352,6.462,0.203,5177.91,0.88,0.814842
12.0,7505.2000029,10839.83341,9.95,0.313,6013.24,1.11,1.6542
12.6,2301.07766668,1002.7,1.946,0.525,5755.0,0.99,0.91
13.5,525.68818518,183.93,0.648,0.04,4797.0,1.07,11.13
12.0,7668.5638041,1021.20159,3.233,0.097,4140.0,4.3,83.8
12.0,7185.78245386,622.97802,2.325,0.095,4140.0,4.3,83.8
13.3,740.5439,705.0,1.58,0.07,4953.0,2.53,5.26
13.5,534.25,441.47,1.18306,0.162,5935.0,1.08,1.1826
13.4,622.603,220.078,0.74345,0.3663,5935.0,1.08,1.1826
9.58,66.6,158.991,0.533,0.2,4914.0,0.8,0.783181
14.1,127.76701961,2.985628,0.0406,0.012,5442.0,1.0,0.94
13.6,476.7426105,8241.0,8.0,0.76,5442.0,1.0,0.94
14.0,216.1244,1313.0,2.45,0.15,6136.0,1.13,1.19
6.16,31.46517,799.52,1.373,0.5,5186.0,0.758,0.8
13.4,645.1949,227.0,0.76,0.3,6064.0,1.34,1.38
12.5,2877.30056857,25775.78859,15.947,0.219,4927.56,0.81,0.780347
13.6,470.3884,2.1378431,0.0346,0.0119,5939.0,1.21,1.46
14.3,143.0235,1628.0,2.73,0.059,5863.0,1.019,1.053
2.16,7.25,3.98442,0.049,0.075,5863.0,1.019,1.053
12.5,3117.26101586,1488.79123,2.763,0.821,6210.0,1.26,1.88
3.03,9.43,31.1515,0.1916,0.067,5610.0,0.967,1.237
12.3,4210.59073594,1644.69097,2.97,0.73,6389.05,1.28,1.50225
13.0,1144.188,1270.0,2.72,0.17,4805.0,1.66,8.8
12.4,3941.092,13.481,0.117,0.05,5770.0,1.12,1.55
12.7,2142.16346318,484.17,1.618,0.78,4989.0,2.41,9.0
12.4,3877.5065654,7596.0,10.14,0.19,4989.0,2.41,9.0
12.7,2005.49724817,3006.0,3.77,0.72,4980.0,0.8,0.798557
12.6,2511.79790052,18538.79293,13.895,0.156,5785.33,1.04,1.032
13.8,324.1866,3.414884,0.0479,0.031,5392.0,1.26,2.2
2.49,17.2,146.05,0.58,0.24,5861.0,1.25,1.543
13.4,642.01338214,2166.0,3.27,0.2,5955.0,1.27,1.1
7.39794,34.9613,11.8143,0.1066,0.22,5576.0,1.157,1.747
12.6,2653.8805,256.78,0.917,0.677,6291.0,1.86,2.13257
12.8,1748.0562385,3391.2,4.713,0.185,6314.0,1.21,1.28588
4.43,17.98,49.77,0.25,0.31,5599.0,0.84,0.920286
13.7,352.7913,1179.0,2.2,0.12,5577.0,1.03,1.67
13.0,1195.0408,325.803,0.97,0.35,5744.0,1.15,1.14
13.0,1166.4361,11611.2975,10.5,0.46,5744.0,1.15,1.14
14.3,143.34061156,144.72,0.508,0.118,5033.8,0.836,0.837
1.69,3.49611248,2.45946,0.035,0.549,5408.0,0.94,0.911435
12.3,4154.01727949,14010.2941,11.154,0.109,5408.0,0.94,0.911435
1.88,4.2,7.3426,0.0756,0.295,5977.0,1.04,1.18484
2.56,7.1,13.18,0.112,0.2,5977.0,1.04,1.18484
2.89,8.7,45.85,0.2565,0.09,5977.0,1.04,1.18484
1.46954368,2.8,1.0376109,0.02061,0.0,5908.0,1.0844,1.0311
3.11976057,18.4,3.6451389,0.04726,0.0,5908.0,1.0844,1.0311
14.0,222.472,30.052,0.189,0.2,5793.0,1.0,1.0
13.4,578.426,192.9,0.654,0.06,5793.0,1.0,1.0
14.2,169.0,2164.0,3.48,0.39,5631.0,1.2,1.903
13.7,400.4658,1576.0,2.74,0.14,4798.0,1.11,4.2
13.3,676.97450691,824.61,2.07,0.22,4867.0,1.74,10.71
12.5,2831.85110637,2492.19,4.33,0.05,4867.0,1.74,10.71
13.7,400.4658,464.4,1.36,0.119,4918.0,1.54,5.08
13.1,1096.5135,1785.0,3.33,0.284,4918.0,1.54,5.08
12.4,3378.5329,482.0,1.28,0.11,4218.0,3.7,41.01
4.27174254,42.9,55.082694,0.262,0.197,5097.0,0.848,0.868
12.8,1913.64483855,2041.54152,3.166,0.049,5722.0,1.01,1.088
3.76,13.6,2946.0,2.94,0.132,3719.0,0.3899,0.3685
13.0,1188.6842,4375.0,5.15,0.06,5312.0,0.7,0.84
13.7,403.6441,362.5,1.11,0.17,5020.0,1.37,4.75
13.0,1207.7479466,638.9,1.41,0.3,3943.0,0.91,35.0
14.0,227.88411,498.04,1.332,0.685,5733.0,1.27,1.94
2.93,8.9,8.1245,0.0777,0.138,5845.0,0.89,1.16
1.69,3.5,19.88,0.141,0.293,5845.0,0.89,1.16
3.61,12.7,103.5,0.424,0.27,5845.0,0.89,1.16
13.7,362.3262,514.0,1.24,0.41,4725.0,0.96,7.43
12.1,6707.76852973,6449.08337,6.925,0.357,5874.1,1.06,1.26356
2.12,8.3,9.4897116,0.0805,0.05,5212.0,0.85,0.728
13.4,624.21812,433.8,1.26,0.079,4925.0,1.41,4.6
12.5,3082.9355479,5384.0,5.97,0.852,5759.0,0.97,1.01
13.3,740.5439,968.8,1.864,0.226,5271.0,0.92,0.93
14.3,139.8452,439.29999,1.11,0.09,5282.0,0.76,0.98
13.8,308.29355479,310.4,1.08,0.2,4886.0,1.76,11.21
5.44,25.5,17.0503,0.12,0.034,4929.0,0.85,0.822539
13.7,390.9309,841.0,1.98,0.25,4862.0,1.46,5.52
13.0,1229.99593509,2960.0,3.87,0.115,5661.0,0.94,1.38268
13.9,270.15414595,321.82,0.9,0.188,5661.0,0.94,1.38268
12.6,2606.1,184.2,0.81,0.02,4780.0,2.1,10.305119
3.64,12.9,55.199,0.243,0.18,4006.0,0.63,0.513922
13.4,629.3034,144.3,0.72,0.09,4945.0,2.42,11.6
13.5,495.8148,499.48,1.134,0.549,5180.0,0.78,0.831075
13.2,851.7844,232.08,0.706,0.163,5530.0,0.87,0.971958
1.829,4.0,7.610303,0.06899,0.17,4930.0,0.761,0.742
2.4,6.35,14.245648,0.10479,0.17,4930.0,0.761,0.742
13.4,616.58710958,1481.6,2.84,0.21,4823.0,1.39,5.27
2.469,9.7,9.1004157,0.0792,0.215,5048.0,0.8,0.758
13.2,114.4188,57.435,0.25,0.17,3901.0,0.69,0.65
13.0,1239.537,6.673892,0.0696,0.14399,5544.0,1.01,1.07
13.6,416.3573,147.747,0.549,0.1566,5544.0,1.01,1.07
14.1,187.5197,981.8,1.94,0.185,5544.0,1.01,1.07
4.94,21.61233168,50.65905,0.234,0.304,4316.0,0.67,0.772319
12.0,7627.881768,22000.0,17.0,0.36,6655.0,1.4,1.59186
13.9,263.79757781,159.986,0.492,0.305,4050.0,0.62,0.6186
3.61,12.7,41.516,0.217,0.16,4881.0,0.79,0.773404
12.6,2589.98368864,26125.56497,15.898,0.138,4836.0,0.78,0.697551
2.77,8.1,60.722,0.256,0.17,4086.3,0.61,0.626646
7.94,48.4,3477.768,3.805,0.16,4086.3,0.61,0.626646
12.0,7500.7504052,31000.0,22.1,0.55,7201.0,1.52,1.51987
13.5,530.77343969,4650.0,5.05,0.078,5748.0,0.96,1.02786
2.64,6.9,15.57209,0.1303,0.05,6290.0,1.22,1.3
2.74,5.97,31.70591,0.2093,0.044,6290.0,1.22,1.3
3.65,6.53,278.3618,1.17,0.063,6290.0,1.22,1.3
5.19,7.62,393.0,0.68,0.065,6290.0,1.22,1.3
9.47,25.0,542.0797,1.394,0.052,6290.0,1.22,1.3
3.89,14.4,34.15,0.176,0.25,4010.0,0.62,0.603999
5.11,22.9,17.818,0.112,0.5,4015.5,0.58,0.595456
13.6,451.0,345.72,0.89,0.52,4962.0,0.78,0.75
12.2,4780.1632,9017.76,7.7,0.14,4813.0,0.78,0.754089
2.87,8.62,7.76,0.063,0.2,4021.0,0.57,0.564998
3.57,12.44,15.144,0.099,0.2,4021.0,0.57,0.564998
12.2,5625.5628039,33000.0,24.8,0.42,8100.0,1.9,1.64915
13.3,762.7881768,3274.0,4.0,0.03,4799.0,0.8,0.66
12.6,2585.53409095,5138.43727,5.062,0.362,4171.0,0.65,0.723643
12.7,2151.69831539,2675.57603,4.55,0.118,4769.0,1.75,4.93
14.2,130.0,32.03,0.178,0.05,4640.0,0.73,0.68
14.2,167.4,431.7,1.01,0.27,4640.0,0.73,0.68
14.2,162.09248757,30.014,0.17,0.054,4352.0,0.72,0.750378
12.5,2917.56,124.6,0.565,0.23,4830.0,1.54,10.275655
22.75427,1021.18779,0.9809734,0.01782,0.0,4590.0,0.781,0.7242
14.3,136.03124,28.125,0.177,0.14,5460.0,0.93,0.952252
13.9,249.17872,67.3,0.316,0.12,5460.0,0.93,0.952252
12.7,1938.7532827,1089.6,2.82,0.09,5000.0,2.5,8.93
12.9,1589.142035,310.9,0.799,0.948,4300.0,0.705,0.69
9.9872018,71.4,6.9594731,0.0748,0.064,5675.0,1.22,1.38
7.93595834,48.3,14.334892,0.1228,0.077,5675.0,1.22,1.38
12.3,4309.11754211,2523.64713,4.807,0.586,4985.0,2.316,8.69
13.7,365.50266805,89.23,0.42,0.13,4840.0,1.28,5.45
12.7,2204.77565936,3128.41,4.55,0.3,4840.0,1.28,5.45
12.9,1430.2278315,3649.0,3.99,0.65,4105.0,0.65,0.633112
4.55,18.8,87.19,0.335,0.21,4146.0,0.66,0.681296
13.3,762.792,822.3,2.1,0.07,4850.0,1.74,5.77
13.5,568.91284853,926.4,2.02,0.42,4891.0,1.28,4.53
13.4,667.415,111.7,0.36,0.29,3191.0,0.49,0.478625
2.53625843,8.9,10.751014,0.093,0.0,5618.0,0.9373,0.9603
2.52442508,10.7,19.60562,0.139,0.2,5618.0,0.9373,0.9603
12.6,2451.7283316,1852.14387,3.729,0.36,4672.0,2.009,6.84
12.5,3171.92750186,5160.0,5.9,0.011,5980.0,1.01,1.32164
13.4,668.07531151,455.73816,1.36,0.081,4883.0,1.613,3.94
13.7,346.4347,5.0505,0.06,0.02,5519.0,0.97,0.89
3.0,379.0,7.713057,0.0787,0.32,5991.0,1.094,1.08
12.1,6547.2651842,24955.45756,15.037,0.23,4497.0,0.71,0.688488
3.82838127,8.3,20.772858,0.145,0.0,5649.0,0.942,0.9593
3.42855926,7.0,52.56363,0.269,0.0,5649.0,0.942,0.9593
2.4801338,19.1,10.288914,0.091,0.29,5216.0,0.9342,0.8418
2.75,8.0,16.432,0.124,0.0,5216.0,0.9342,0.8418
12.1,6098.17364511,1062.26506,2.491,0.63,5020.0,1.81,5.34
12.7,2177.12458795,2656.0,3.96,0.169,5978.0,1.19,1.39484
12.2,5403.082919,18600.0,15.8,0.31,8000.0,1.9,1.93986
2.2,5.46,36.116,0.1417,0.079,3347.0,0.291,0.299
13.1,1052.01202717,27000.0,18.0,0.84,5794.0,1.07,1.53
12.7,1970.5361234,302.79999,0.92,0.14,6167.0,1.34,1.13
2.004,3.55,3.585287,0.04888,0.0,6354.0,1.204,1.258
1.979,3.8,5.973865,0.0687,0.0,6354.0,1.204,1.258
2.001,7.1,11.230511,0.1046,0.0,6354.0,1.204,1.258
13.0,3000.0,69000.0,38.0,0.5,7204.58,1.5,1.49338
13.0,3000.0,37000.0,24.0,0.6,7204.58,1.5,1.49338
13.11453,3178.3,20815.6,16.4,0.15,7400.0,1.51,1.49338
13.6,464.02947422,3.986,0.0435,0.27,4203.0,0.69,0.65
12.7,2002.329,734.0,2.038,0.18,4740.1,2.1,10.267424
3.773,25.2,19.30553,0.137,0.31,5533.0,0.88,0.956
3.88,21.8,1.6739035,0.0301,0.0,5945.0,1.15,1.24
2.0,4.66,14.6762429,0.1124,0.1,4927.0,0.82,0.76
1.79,3.86,1.9741954,0.0242,0.09,3712.0,0.51,0.48
3.4,15.4,8.26726,0.0796,0.0,5373.0,0.94,0.905
15.98,266.9772,3.313959,0.0475,0.0,6061.0,1.3,1.81
5.33,59.4,4.733999,0.0581,0.18,5599.0,1.17,1.76
2.592,15.9,13.86375,0.10207,0.13,5010.0,0.738,0.713
1.837,5.35,5.3518963,0.0565,0.134,5775.0,0.84,1.25
3.34,11.1,15.6748,0.11565,0.069,5775.0,0.84,1.25
12.14,410.0007,5.817685,0.0642,0.0,5660.0,1.04,1.24
10.59248676,638.83509807,11.390931,0.0944,0.079,4899.0,0.863,0.832
11.80305668,321.00669107,20.2729914,0.1415,0.063,5870.0,0.918,0.855
0.69,0.257,4.655411,0.048,0.06,4348.35,0.694512,0.6694
2.03,4.78,1.2916,0.0189,0.06,3778.0,0.54,0.51
2.06,4.9,5.444017,0.0492,0.15,3778.0,0.54,0.51
2.54,6.99,50.92092,0.245,0.2,4726.29,0.756446,0.734626
2.53,6.94,7.727283,0.0698,0.07,4740.0,0.76,0.71
2.44,5.2,8.28246,0.0792,0.5,5672.0,0.965,1.117
7.16,51.0,5.185738,0.0525,0.22,4526.0,0.71,0.675
1.16,1.65,2.2193023,0.0373,0.21,4009.0,0.63,0.59
2.76,8.05,30.951524,0.1649,0.06,4035.0,0.62,0.59
2.9,8.75,6.413651,0.049,0.08,3570.0,0.39,0.388
2.18,5.39,21.750264,0.121,0.08,3654.47,0.494727,0.402049
1.97,4.54,7.385655,0.0656,0.06,4339.0,0.69,0.65
8.37,52.9,3.588163,0.0411,0.12,4575.0,0.72,0.66
1.42,2.6,5.675819,0.056,0.23,4469.51,0.711248,0.777569
1.04,1.12,8.239493,0.057,0.13,3459.09,0.360031,0.36001
1.25,2.1,2.49412,0.032,0.17,4356.47,0.69563,0.744261
1.69,7.9,0.3693038,0.00936,0.0,5120.0,0.803,0.7595
14.5717,155.7367,9.1751,0.0916,0.29,4840.0,1.08,3.85
1.014,4.3,7.97525,0.0707,0.14,4500.0,0.742,0.677
3.0,18.1,17.30723,0.1185,0.047,4500.0,0.742,0.677
1.565,3.0,25.575,0.1538,0.071,4500.0,0.742,0.677
0.64,158.915,0.179719,0.0058,0.0,3697.0,0.463,0.29
1.51,3.1,2.35309,0.03385,0.048,5356.3,0.935,0.863
2.299,6.31,3.56004,0.04461,0.045,5356.3,0.935,0.863
2.39,7.92,5.40479,0.05893,0.043,5356.3,0.935,0.863
3.39,12.97,8.26146,0.0782,0.077,5356.3,0.935,0.863
2.904,1.63,12.75758,0.10447,0.062,5356.3,0.935,0.863
3.013,4.32,41.96797,0.23109,0.059,5356.3,0.935,0.863
9.11,123.00021,28.380619,0.1796,0.12,5370.0,0.96,0.88
4.81,20.7,8.36802,0.0627,0.14,3789.0,0.47,0.45
13.56286665,295.58041851,6.569188,0.068,0.0,5585.0,0.96,1.06
1.51,4.97,0.2803244,0.00747,0.0,4570.0,0.708,0.681
7.0,8.0,7.7485,0.0683,0.092,4570.0,0.708,0.681
2.05,5.77,2.6446,0.0248,0.129,3385.0,0.331,0.33
2.19,7.49,4.00498,0.0327,0.075,3385.0,0.331,0.33
1.47286006,2.77,0.961939,0.01575,0.38,3690.0,0.563,0.578
6.08,30.8,25.942,0.165,0.2,5334.0,0.89,0.86
5.16,23.3,66.5,0.309,0.5,5334.0,0.89,0.86
2.36509493,6.5,9.978541,0.0932,0.48,6310.0,1.084,1.499
2.23,5.6,17.96753,0.119,0.18,4320.0,0.71,0.66
2.37,8.92,32.939623,0.1429,0.2,3457.0,0.359,0.411
2.65,7.51,8.962,0.06,0.47,3457.0,0.359,0.411
2.46597575,11.41003981,8.865663,0.0756,0.075,5365.0,0.735,0.719
2.69,7.7,6.8941,0.0706,0.4,5528.0,0.96,1.06
2.71257333,20.97667486,4.7369696,0.05174,0.071,5128.0,0.823,0.789
7.0,30.8,7.9193,0.07487,0.1,5322.0,0.88,0.82
4.1,11.0,11.906,0.0982,0.1,5322.0,0.88,0.82
1.044,6.2,2.50827,0.03478,0.44,5350.0,0.892,0.824
1.73,6.9,3.2253993,0.0382,0.02,4491.0,0.711,0.682
2.85,12.4,7.3744897,0.0662,0.03,4491.0,0.711,0.682
1.26549392,2.14,9.6952,0.0824,0.23,5026.0,0.793,0.765
3.17214154,10.2,7.055908,0.0738,0.28,5783.0,1.076,1.253
1.67462172,3.45,4.19097,0.04878,0.37,5500.0,0.881,0.872
1.84,4.04,9.325038,0.076,0.1,4222.06,0.676023,0.646783
2.49,6.76,15.50192,0.107,0.21,4222.06,0.676023,0.646783
1.33162691,2.33,0.669561,0.01419,0.19,5117.0,0.851,0.818
1.75,8.0,2.1748,0.028,0.0,4503.0,0.7,0.72
2.3,444.962,0.381073,0.009,0.19,3879.0,0.595292,0.58
2.275,7.5,15.3889274,0.1186,0.021,5942.0,0.94,1.072
3.60929179,12.7,15.8723,0.1409,0.23,5520.0,1.482,1.7
1.53899305,2.98,3.27109,0.04095,0.22,5288.0,0.856,0.889
1.0,2.55,0.584216,0.0131,0.0,5315.0,0.87,0.79
2.03,7.0,8.32727,0.0769,0.0,5315.0,0.87,0.79
11.209,126.49634,11.168454,0.10356,0.258,6154.0,1.188,1.161
1.315,2.4,2.467583,0.03293,0.0,4796.0,0.79,0.71
1.272,4.6,7.06024,0.0664,0.0,4796.0,0.79,0.71
2.363,10.3,24.3681,0.1516,0.18,4796.0,0.79,0.71
16.06246934,434.15360396,2.18053332,0.03552,0.03,6180.0,1.256,1.236
14.5717,273.3338,3.20466,0.046,0.0,5630.0,1.19,1.59
5.638,20.6,20.8895961,0.1673,0.0498,5726.0,1.091,1.185
7.93,16.4,42.34732,0.262,0.0282,5726.0,1.091,1.185
3.44,24.5,3.48456408,0.0287,0.428,3207.0,0.2634,0.2932
2.71257333,7.81,4.01392,0.04606,0.21,5003.0,0.809,0.797
18.41635529,546.66486004,2.62669762,0.04392,0.053,6860.0,1.637,1.755
9.26982704,68.96876432,11.6334681,0.1086,0.274,5490.0,1.107,1.663
2.513,15.4,50.819172,0.2573,0.08,5368.0,0.88,0.85
2.231,5.61,5.840002,0.05023,0.5,3660.0,0.496,0.473
2.668,7.6,19.660302,0.11283,0.45,3660.0,0.496,0.473
1.70824866,7.3418362,2.36902,0.03359,0.16,5420.0,0.901,0.92
0.705,0.29013072,7.814,0.0679,0.042,4285.0,0.686,0.703
2.93,8.9,14.697,0.1035,0.047,4285.0,0.686,0.703
2.73,14.3,19.482,0.1249,0.043,4285.0,0.686,0.703
4.74,30.2,6.771347,0.06702,0.251,5246.0,0.88,0.876
2.18575124,7.4,6.326768,0.0664,0.52,5680.0,0.974,0.973
2.32,5.99,2.260455,0.0214,0.0,3214.0,0.257,0.288
7.5,37.1,19.89526,0.1461,0.35,5500.0,1.03,1.28
2.78,8.15,4.795069,0.04771,0.078,4140.0,0.63,0.607
2.59,9.68,3.471745,0.03817,0.0,4975.0,0.83,0.787
3.53,15.68,7.138048,0.0824,0.0,4975.0,0.83,0.787
2.48,6.5,10.45582,0.1178,0.0,4975.0,0.83,0.787
1.95,10.7,14.76289,0.18041,0.0,4975.0,0.83,0.787
9.494023,100.11645,14.893291,0.1206,0.478,5695.0,1.056,1.07
13.33871,232.0159,3.2588321,0.04217,0.066,5358.0,0.94,0.86
3.06,10.9,9.21165,0.0923,0.0,6302.0,1.194,1.511
11.276254,246.00042,48.36685,0.305,0.0,6302.0,1.194,1.511
1.589,6.49,2.225177,0.03261,0.0,5520.0,0.934,0.899
2.63,24.5,16.9841,0.13,0.04,5725.0,1.0,1.09
10.054473,106.47305,4.024867,0.0451,0.0,4444.0,0.74,0.7
2.078,5.11,10.0546535,0.0747,0.107,3844.0,0.549,0.546
1.582,2.68,24.646729,0.1357,0.048,3844.0,0.549,0.546
1.458,2.2,44.55603,0.2014,0.091,3844.0,0.549,0.546
11.646151,184.02357,4.098503,0.04839,0.0,5425.0,0.9,0.844
11.88154,563.83042,1.25785,0.022,0.0,5280.0,0.91,0.78
12.8,1681.31227303,871.32,1.882,0.8435,5959.0,1.15,1.199
5.299,15.0,8.992,0.0795,0.03,5271.0,0.83,0.86
3.134,8.1,20.66093,0.13843,0.049,5271.0,0.83,0.86
3.484,6.7,31.71701,0.18422,0.05,5271.0,0.83,0.86
1.212,2.1,4.34934,0.04899,0.043,5271.0,0.83,0.86
2.05124347,4.86,2.2979749,0.02839,0.44,3750.0,0.578,0.595
8.675766,82.6358,12.4551225,0.1016,0.0697,5282.0,0.901,0.822
5.04,1175.971,5.424865,0.0409,0.0,3540.0,0.56,1.05
13.75,539.67534,2.9956348,0.0442,0.0,6168.0,1.16,1.42
1.32,2.3,2.399964,0.031,0.13,4402.71,0.701968,0.619575
1.93,4.38,5.608352,0.055,0.12,4402.71,0.701968,0.619575
1.43,4.3,1.422614,0.02288,0.093,4916.0,0.79,0.718
3.2,7.9,5.340888,0.05528,0.089,4916.0,0.79,0.718
4.02,15.23,9.79692,0.0883,0.11,5679.0,0.958,0.98
2.67,11.1,2.1408093,0.0321,0.0,5662.0,0.962,0.945
1.54,7.3,4.01593,0.04994,0.197,5731.0,1.03,1.06
2.29,8.3,10.56103,0.09514,0.161,5731.0,1.03,1.06
6.27704,28.6047,4.60543,0.05708,0.0,4881.0,0.66,2.97
2.1,5.06,10.003417,0.078,0.08,4014.73,0.635026,0.569359
10.55,196.0,20.35847252,0.1208,0.042,3711.0,0.562,0.541
4.51,18.5,3.471149,0.03784,0.07,3840.6,0.571,0.542
6.71,36.4,1.7292684,0.0224,0.1,4103.0,0.503,0.445
2.6116925,7.33,9.7833,0.0761,0.24,3990.0,0.615,0.643
4.43,44.0,2.849271,0.03486,0.07,4300.0,0.688,0.715
2.30905002,5.94,9.0073,0.0752,0.25,4413.0,0.699,0.671
7.655747,135.39558,3.00265,0.045,0.0,5500.0,0.97,1.12
2.49,21.3,5.06963,0.05983,0.0,5887.0,1.11,1.67
4.03523305,15.3,28.6781,0.1867,0.24,5700.0,1.056,1.533
1.08,1.28,5.577212,0.04,0.11,3360.47,0.271365,0.330989
1.16,1.65,15.189034,0.078,0.11,3360.47,0.271365,0.330989
1.01,1.01,7.760178,0.05,0.11,3360.47,0.271365,0.330989
1.29,2.21,24.158868,0.106,0.11,3360.47,0.271365,0.330989
2.4996027,603.877,8.2000844,0.0753,0.29,5160.0,0.847,0.792
4.15,5.9,10.995039,0.0987,0.032,5897.0,1.06,1.269
1.97,4.54,6.102325,0.059,0.06,4674.13,0.745273,0.634663
1.244,2.08,2.74697,0.03014,0.07,3910.0,0.484,0.424
1.483,2.8,9.99767,0.07131,0.06,3910.0,0.484,0.424
1.4,3.2,0.68453862616,0.013,0.24,4232.0,0.7,0.71
1.23,2.04,4.6122,0.0345,0.26,3537.0,0.258,0.256
0.615,0.17,1.096026,0.01462,0.15,3691.0,0.347,0.318
2.6,7.27,13.733314,0.096,0.07,4484.0,0.629,0.619
1.3,2.24,2.900706,0.035,0.19,4421.98,0.704613,0.634754
1.1,1.37,1.419549,0.0164,0.09,3622.0,0.292,0.284
3.31,11.0,10.1346454,0.0525,0.16,3566.0,0.41,0.4
13.45077684,174.48779544,8.407115,0.0854,0.207,4673.0,1.17,4.14
5.06645928,34.00763955,10.1367349,0.0986,0.119,6260.0,1.246,1.518
11.88151954,276.51071409,18.24783,0.153,0.22,6069.0,1.44,2.55
12.6,2669.7586188,522.2,1.43,0.21,6069.0,1.44,2.55
12.442,8654.15,1.217514,0.02466,0.0099,6516.0,1.335,1.471
15.13212395,65.15482343,4.73620865,0.0623,0.0,5375.0,1.44,2.69
19.95202,301.9385,5.031623,0.06708,0.0,6279.0,1.591,2.37
19.537287,408.09372,1.7100566,0.03005,0.0,5720.0,1.239,1.52
19.50366,416.3573,3.32944,0.04613,0.0,6003.0,2.06,1.78
15.860735,874.0325,0.9689951,0.02044,0.0,6236.0,1.211,1.36
17.59813,375.0394,2.8717518,0.0455,0.0,6670.0,1.524,1.908
15.13215,540.311,4.11379,0.05497,0.0,6327.0,1.54,1.93
19.514869,1074.90106,3.4741085,0.0542,0.0,8720.0,1.76,1.565
17.777474,1242.7153,3.6127647,0.05224,0.0,7598.0,1.458,1.638
14.829507,298.12454,2.255251,0.03302,0.0,5899.0,0.944,0.996
12.71098411,1458.83238813,5.55149296,0.0665,0.0319,6426.0,1.268,1.338
17.48604,616.5902,2.70339,0.04123,0.0,6304.0,1.96,1.7
19.044091,286.68266,2.9895932,0.04317,0.0,6206.0,1.201,1.603
14.5717,165.2716,7.8457,0.07939,0.22,6102.0,1.42,1.73
13.0,1179.1493,1276.0,2.39,0.21,6272.0,1.126,1.529
17.9344,441.7837,2.73477,0.04415,0.0,6768.0,1.76,1.81
18.15858,209.7678,3.24406,0.0455,0.04,5754.0,0.81,1.46
21.70058664,915.34581216,1.4811235,0.03368,0.0,9270.0,2.32,2.418
12.1,5768.58558705,3552.0,5.14,0.85,4829.0,1.42,5.86
6.4,33.6,440.7813,1.19671,0.0,6340.0,1.07,1.24
4.6,19.2,572.3847,1.55346,0.0,6065.0,0.98,1.03
2.91,8.8,8.5399,0.07006,0.0,4135.0,0.629,0.619
3.56,12.4,29.671,0.16071,0.0,4135.0,0.629,0.619
13.78707,349.613,17.855182,0.154,0.34,6635.0,1.5,1.4
10.54,460.83,86.647661,0.382,0.772,5520.0,0.99,1.13
16.948008,2949.4624,1.763588,0.03641,0.00064,7650.0,1.72,1.74
12.03844527,346.43296363,67.1277,0.363,0.16,6160.0,1.407,1.667
9.86,69.92224954,33.95,0.2305,0.24,6160.0,1.407,1.667
3.438,9.5,10.91647,0.09586,0.05561,5466.0,0.99,0.897
14.0,214.1,22.26492,0.154121003,0.05724,5466.0,0.99,0.897
1.9,4.6,20.4415,0.14728,0.014,5833.0,1.02,0.972
1.9,9.0,13.6088,0.112293,0.0114,5833.0,1.02,0.972
8.86,71.0,134.4628,0.52661,0.0,5922.0,1.076,1.143
5.44,15.0,284.215,0.86695,0.0,5922.0,1.076,1.143
1.13,2.23,34.169,0.19924,0.0,5233.0,0.901,0.835
2.58,11.02,7.685,0.0634,0.0,4413.0,0.681,0.667
2.80224517,7310.053361,19.00547,0.5,0.36,5900.0,0.91,1.2
10.67,3178.28407,46.14827,0.2668,0.034,5880.0,1.325,2.064
1.19,9.2,21.185,0.14247,0.0,6001.0,0.858,1.255
1.21,10.36,31.828,0.18688,0.0,6001.0,0.858,1.255
1.31,2.27,7.008151,0.074,0.0,6080.0,1.2,1.2
1.19,1.81,8.719375,0.089,0.0,6080.0,1.2,1.2
2.87,8.6,59.73667,0.32,0.0,6080.0,1.2,1.2
2.66,7.56,91.93913,0.42,0.0,6080.0,1.2,1.2
2.88,8.65,124.9144,0.48,0.0,6080.0,1.2,1.2
7.718,15.0,210.73514,0.71704,0.0292,6031.13,1.242,1.185
11.252,203.0,331.60296,0.97062,0.0276,6031.13,1.242,1.185
11.09691,613.4119,141.241671,0.534,0.496,5830.0,1.01,0.96
0.51,99.2,0.412,0.008,0.0,3515.0,0.41,0.4
2.22,5.56,6.8430344,0.0678,0.0,5241.0,0.879,0.874
2.34,6.08,24.278553,0.1456,0.0,4324.0,0.76,0.788
1.71,10.5,3.743208,0.05119,0.25,6182.0,1.277,1.52
4.32,15.6,10.423648,0.1013,0.43,6182.0,1.277,1.52
11.27,106.0,22.342989,0.1684,0.022,6182.0,1.277,1.52
6.56,35.0,54.32031,0.3046,0.019,6182.0,1.277,1.52
4.3,17.1,4.2881785,0.0504,0.12,5295.0,0.928,0.818
14.1,209.8,21.512,0.1467,0.38,5295.0,0.928,0.818
11.54527,346.4347,1.706291,0.0269,0.0,5165.0,0.892,0.907
2.54,7.0,121.54,0.311,0.23,3550.0,0.281,0.291
1.47,3.24,0.8374907,0.01685,0.0,5708.0,0.91,1.065
2.355,11.29,45.294301,0.241,0.136,5708.0,0.91,1.065
3.49,12.0,151.06,0.5379,0.19,5708.0,0.91,1.065
1.34,4.01,6.88734,0.07309,0.13,5837.0,1.13,1.51
2.2,7.05,12.8159,0.11061,0.02,5825.0,1.08,1.49
1.61,3.0,35.3331,0.21747,0.38,5825.0,1.08,1.49
5.27,24.14271827,60.888588,0.312391586,0.026437,5884.0,1.097,1.5
4.76,20.3,120.0181272,0.5326,0.0,6453.0,1.4,1.51
3.15,10.1,14.30511983,0.11147,0.0,5491.0,0.9,0.88
1.57799279,3.11,9.18186,0.08296,0.0,5376.0,0.93,0.836475
1.71,3.57,4.336429331,0.0564,0.0,6144.0,1.22,1.57
1.78,3.82,3.554856915,0.04333,0.0,6109.0,1.11,1.17
6.28,32.5,5.28789787,0.06791,0.0,4972.0,1.11,3.39
1.5,2.86,6.49801525,0.06717,0.0,5782.0,1.0,1.06
1.54,2.99,19.76172042,0.1464,0.0,5328.0,0.78,0.74
1.44,2.67,5.185002073,0.048,0.0,4587.0,0.73,0.7
1.28,2.18,12.43931193,0.09755,0.0,5066.0,0.81,0.78
2.17,5.35,11.35011917,0.0796,0.0,4027.0,0.59,0.57
5.77,51.1,3.4876812,0.0474,0.086,5667.0,1.17,1.56
1.25,3.78,6.02976,0.0684,0.0,5667.0,1.17,1.56
2.32,5.99,34.2685705,0.193,0.0,5253.0,0.86,0.82
2.87,8.6,5.753221974,0.0633,0.0,5416.0,0.91,0.88
1.29,2.21,5.50860439,0.06066,0.0,5556.0,0.95,0.91
2.15,5.27,18.93054959,0.137,0.0,4954.0,0.81,0.76
2.39,6.3,16.57110363,0.121,0.0,5388.0,0.88,0.84
3.55,12.3,16.00494214,0.1345,0.0,6769.0,1.49,1.81
2.18,5.39,1.954524342,0.03044,0.0,5821.0,0.99,1.0
3.68,13.1,105.6551369,0.43519,0.0,5821.0,0.99,1.0
1.99,4.62,7.23400469,0.07196,0.0,5473.0,0.93,0.87
2.58,7.18,49.1013514,0.253,0.0,5518.0,0.91,0.88
1.46,2.73,1.411229847,0.0221,0.0,4433.0,0.7,0.67
0.46,1.1,5.286965,0.05521,0.1,4909.0,0.803,0.724
0.567,1.7,7.071392,0.06702,0.094,4909.0,0.803,0.724
1.154,3.0,10.311767,0.08618,0.092,4909.0,0.803,0.724
2.17,4.7,16.1456994,0.1162,0.089,4909.0,0.803,0.724
0.861,4.3,27.453592,0.1656,0.1,4909.0,0.803,0.724
2.28,5.82,96.9151496,0.37594,0.0,5227.0,0.87,0.8
2.33,6.04,13.47469571,0.1034,0.0,5431.0,0.89,0.86
2.36,6.17,10.99469878,0.0805,0.0,4445.0,0.71,0.68
2.63,7.41,62.1387714,0.30284,0.0,5494.0,0.93,0.89
3.91,14.5,66.4162133,0.3033,0.0,5143.0,0.81,0.78
1.98,4.58,37.3229493,0.21607,0.0,6089.0,1.09,1.13
2.21,5.52,36.5156053,0.1977,0.0,4948.0,0.79,0.75
0.89,0.64,1.907805199,0.02911,0.0,5436.0,0.91,0.82
1.33,2.33,2.51462432,0.0354,0.0,5522.0,0.9,0.87
1.26,2.13,4.417696479,0.047,0.0,5030.0,0.82,0.77
3.4857,11.67,15.9653287,0.133,0.171,6047.0,1.212,1.492
5.4539,58.47,179.60978,0.6679,0.103,6047.0,1.212,1.492
2.48,6.71,19.32952416,0.1338,0.0,4983.0,0.8,0.76
0.87,0.59,1.22621732,0.0218,0.0,6011.0,1.09,1.12
1.87,4.16,3.290117953,0.0361,0.0,4647.0,0.77,0.71
2.51,6.85,7.56052806,0.0761,0.0,5547.0,0.94,0.92
2.26,5.73,12.12400943,0.0965,0.0,5198.0,0.83,0.8
1.17,1.71,2.714077555,0.03883,0.0,5763.0,0.98,0.97
3.01,9.32,122.8808058,0.47726,0.0,5533.0,0.95,0.89
1.28,2.18,1.063788673,0.0198,0.0,5105.0,0.82,0.78
3.53,12.2,148.4603382,0.5238,0.0,5335.0,0.87,0.83
1.4162338,2.59,7.127659798,0.0692,0.0,5159.0,0.868,0.821
1.46,2.73,0.934884242,0.01714,0.0,4870.0,0.79,0.74
3.1,19.6,11.427548,0.094,0.0,5711.0,0.818,1.349
3.13,7.14430805,23.668205,0.153,0.0,5711.0,0.818,1.349
3.58,5.54022107,51.755394,0.257,0.0,5711.0,0.818,1.349
2.08,4.98,201.1214,0.67249,0.0,5694.0,0.98,0.96
2.94,8.96,24.7576421,0.1688,0.0,5957.0,1.06,1.08
2.19,5.43,10.13202575,0.0756,0.0,4815.0,0.75,0.72
2.55,7.04,38.5053398,0.2159,0.0,5629.0,0.92,0.9
2.67,7.61,6.77408868,0.0741,0.0,5985.0,1.08,1.11
2.69,7.7,26.41045478,0.1616,0.0,5301.0,0.86,0.82
1.71,3.57,14.37508035,0.11858,0.0,5913.0,1.04,1.04
2.09,5.02,56.1886887,0.29871,0.0,5754.0,1.08,1.13
0.99,0.937,3.18897601,0.04413,0.0,5754.0,1.08,1.13
1.61,3.22,6.92101021,0.059,0.0,4651.0,0.75,0.7
0.95,0.809,3.273460736,0.0349,0.0,3864.0,0.51,0.49
2.53,10.8,5.4122034,0.06016,0.02,5933.0,0.991,1.026
1.44,5.6,7.12592,0.07229,0.02,5933.0,0.991,1.026
1.6,3.19,15.3787546,0.12353,0.0,6010.0,1.09,1.13
1.48,2.79,21.1284569,0.15264,0.0,6010.0,1.09,1.13
3.4,11.5,25.96200249,0.18395,0.0,6675.0,1.43,1.73
2.93,8.91,34.8538276,0.20988,0.0,5888.0,1.03,1.03
2.3,5.9,180.921729,0.6135,0.0,5818.0,0.937,0.848
0.98,0.904,2.414351654,0.0315,0.0,4529.0,0.74,0.69
2.63,7.41,4.30655689,0.05542,0.0,6209.0,1.22,1.34
1.23,2.04,2.295036233,0.0335,0.0,5723.0,0.98,0.94
3.01,9.32,27.495606,0.1629,0.0,6127.0,1.12,1.2
3.36,11.2,14.08827448,0.1138,0.0,5987.0,1.07,1.1
2.72,7.85,110.96546,0.3679,0.0,4644.0,0.73,0.69
1.73,3.64,3.764191048,0.044,0.0,4906.0,0.75,0.72
0.82,5.3,6.16486,0.06491,0.0,5858.0,1.0,1.04
2.5,10.44,13.5708,0.10987,0.0,5858.0,1.0,1.04
0.95,8.1,23.9802,0.16063,0.0,5858.0,1.0,1.04
2.56,11.17,43.8445,0.24006,0.0,5858.0,1.0,1.04
2.38,6.26,46.8779367,0.2495,0.0,5797.0,0.99,0.99
1.98,4.58,2.757982666,0.0388,0.0,6067.0,1.09,1.07
1.76,3.75,9.30412078,0.0748,0.0,4597.0,0.75,0.7
1.49,2.83,14.07971466,0.1176,0.0,5945.0,1.09,1.14
1.55,3.02,16.54080322,0.1183,0.0,5153.0,0.85,0.79
3.73,13.4,3.609308907,0.0455,0.0,5635.0,0.94,0.93
1.6,3.19,2.37030743,0.0344,0.0,5635.0,0.94,0.93
2.36,6.17,1.931559839,0.0298,0.0,5762.0,0.98,0.98
0.8,0.437,0.762129261,0.0164,0.0,5592.0,0.95,0.93
1.74682428,3.7,5.425839901,0.06069,0.0,5594.0,0.981,0.934
3.63,12.8,16.92344113,0.13038,0.0,5806.0,1.01,1.01
1.6,3.19,23.8990296,0.16587,0.0,5722.0,0.99,0.98
1.536,3.8,3.1800218,0.04544,0.1,5854.0,1.238,1.447
1.597,10.0,4.901452,0.06064,0.08,5854.0,1.238,1.447
0.86,7.7,7.95839,0.08377,0.11,5854.0,1.238,1.447
2.903,14.1,14.749143,0.12638,0.1,5854.0,1.238,1.447
1.73,3.64,6.2216147,0.06753,0.0,6261.0,1.21,1.32
2.38,6.26,6.1799844,0.0629,0.0,5215.0,0.86,0.81
1.58,3.12,1.569066502,0.02742,0.0,6199.0,1.2,1.32
2.3,5.9,8.67888593,0.0805,0.0,5792.0,1.0,1.0
1.64,3.33,4.02582254,0.0483,0.0,5792.0,1.0,1.0
1.48770949,2.82,2.504760027,0.0352,0.0,5509.0,0.924,1.116
1.25,2.1,5.94566534,0.0536,0.0,4002.0,0.6,0.57
1.42,2.6,1.52372816,0.0208,0.0,3959.0,0.56,0.54
0.8,0.437,6.14727918,0.0611,0.0,4868.0,0.79,0.74
2.77,8.1,34.3511874,0.2101,0.0,5816.0,1.02,1.02
1.9,4.27,3.00725242,0.0388,0.0,5612.0,0.94,0.92
1.63,3.29,13.24503188,0.1092,0.0,5758.0,1.08,1.36
8.65,56.0,49.183921,0.292,0.22,5854.0,1.247,2.192
8.18,50.9,190.323494,0.721,0.04,5854.0,1.247,2.192
3.28,10.8,77.2548396,0.3781,0.0,5956.0,1.1,1.16
1.01,1.01,3.856918547,0.04662,0.0,5345.0,0.88,0.84
1.12,1.46,1.543206604,0.02571,0.0,5923.0,1.03,1.14
3.36,11.2,33.4177993,0.1899,0.0,5049.0,0.81,0.77
1.11,1.41,2.05333679,0.0324,0.0,6113.0,1.12,1.28
7.22,41.2,219.3217528,0.73361,0.0,6000.0,1.11,1.14
3.26817741,10.7,56.7771,0.29798,0.0,5816.0,1.05,1.0783
2.44,6.53,18.78425728,0.1198,0.0,4350.0,0.7,0.66
2.94,8.96,161.5163345,0.503,0.0,4350.0,0.7,0.66
0.61,0.165,0.693842855,0.01554,0.0,5589.0,0.96,0.94
1.42,2.6,23.12748644,0.16163,0.0,5975.0,1.08,1.08
1.83,4.01,5.132485618,0.0497,0.0,3753.0,0.52,0.49
2.49,4.9,6.4816307,0.0701,0.11,5950.0,1.094,1.387
2.65,8.2,21.22265,0.1546,0.098,5950.0,1.094,1.387
2.25,5.69,198.680179,0.63323,0.0,5321.0,0.86,0.82
3.29265785,10.9,42.42720032,0.22622,0.0,5330.0,0.869,1.013
1.46,2.73,1.434741564,0.0252,0.0,5851.0,1.01,1.03
2.07,4.94,58.6017925,0.2996,0.0,5862.0,0.99,1.0
1.95,4.46,25.0824626,0.17543,0.0,6166.0,1.13,1.2
1.96,4.5,89.722292,0.41037,0.0,6166.0,1.13,1.2
3.18,10.2,78.1000231,0.3625,0.0,6112.0,1.14,1.21
1.21,1.92,4.27103091,0.0514,0.0,5658.0,0.94,0.92
1.24,2.07,2.892217506,0.034,0.0,4306.0,0.66,0.63
3.26,10.7,187.747029,0.5791,0.0,5211.0,0.82,0.79
1.3,2.24,2.543072855,0.0358,0.0,5794.0,0.99,0.99
2.83,8.4,2.168452593,0.0337,0.0,5837.0,1.01,1.0
1.8,1.9,10.3039,0.091,0.045,5663.0,0.961,1.065
2.87,2.9,13.0241,0.107,0.026,5663.0,0.961,1.065
3.12,7.3,22.6845,0.155,0.004,5663.0,0.961,1.065
4.19,8.0,31.9996,0.195,0.012,5663.0,0.961,1.065
2.49,2.0,46.6888,0.25,0.013,5663.0,0.961,1.065
3.33,25.0,118.3807,0.466,0.15,5663.0,0.961,1.065
1.83,4.01,12.691112,0.107,0.0,5960.0,0.989,1.149
2.21,5.52,31.719775,0.198,0.0,5960.0,0.989,1.149
1.75,3.71,6.42200058,0.06745,0.0,6247.0,1.21,1.34
2.47,6.66,81.3151059,0.3483,0.0,5614.0,0.94,0.91
2.66,7.56,51.3285623,0.2731,0.0,5724.0,0.96,0.94
2.27,5.77,19.79191978,0.15336,0.0,6092.0,1.11,1.15
1.23,2.04,5.03728015,0.06321,0.0,6417.0,1.3,1.41
2.01,4.7,4.421572182,0.0471,0.0,4299.0,0.71,0.68
1.65,3.36,1.252752174,0.0239,0.0,6104.0,1.11,1.17
1.34,2.36,0.571038518,0.01285,0.0,5268.0,0.86,0.82
1.46,2.73,4.51005748,0.0511,0.0,5406.0,0.88,0.84
2.19,5.43,37.6467384,0.2466,0.0,5893.0,1.05,1.06
1.58,3.12,3.341815,0.046,0.0,5952.0,1.171,1.157
7.0840758,222.4798849,224.77833,0.751,0.176,5914.0,1.118,1.145
2.66,7.56,9.69312032,0.0754,0.0,4781.0,0.73,0.7
2.0,4.66,8.79617863,0.0872,0.0,6077.0,1.1,1.15
3.02,9.38,14.36267939,0.1239,0.0,6496.0,1.34,1.54
2.81,8.3,42.3004954,0.2415,0.0,5931.0,1.12,1.17
1.35,2.39,14.97435694,0.11056,0.0,5374.0,0.87,0.83
1.7,3.53,23.5540725,0.2134,0.0,8480.0,1.6,1.73
2.54,6.99,41.6977827,0.233,0.0,5641.0,0.95,0.93
1.11,1.41,4.79028459,0.05485,0.0,5612.0,0.95,0.93
2.74,7.95,38.6715075,0.2079,0.0,5688.0,0.96,0.97
1.92,4.35,8.3265153,0.0812,0.0,6083.0,1.11,1.17
2.36,6.17,8.408878,0.076,0.0,5544.0,0.782,0.841
2.4,6.35,28.574263,0.172,0.0,5544.0,0.782,0.841
1.38,2.48,2.949029052,0.0369,0.0,4904.0,0.78,0.74
1.91,4.31,13.15141081,0.11818,0.0,6231.0,1.29,1.59
2.04,4.82,42.1917357,0.2315,0.0,5544.0,0.92,0.89
1.67,3.43,4.33946454,0.0497,0.0,5500.0,0.93,0.9
1.28,2.18,2.852348975,0.0305,0.0,3658.0,0.35,0.34
1.84,4.04,17.6700642,0.1348,0.0,5683.0,0.95,0.94
1.73,3.64,108.593329,0.41251,0.0,5798.0,0.92,0.93
1.45,2.7,199.66876,0.6193,0.0,5678.0,0.794,0.921
1.96,4.5,5.12330347,0.0556,0.0,5664.0,0.97,0.95
3.65,12.9,61.6178167,0.302,0.0,5543.0,0.94,0.91
2.96,9.06,24.3397804,0.16481,0.0,5831.0,1.0,1.0
2.73,7.9,76.5369586,0.35367,0.0,5831.0,1.0,1.0
1.82,11.7,4.754,0.05123,0.0,4725.0,0.75,0.69
2.18,8.7,8.92507,0.07796,0.0,4725.0,0.75,0.69
0.8,0.437,5.45298175,0.05963,0.0,5403.0,0.9,0.81
0.79239584,0.422,3.266639948,0.04238,0.0,5450.0,0.944,0.842
0.64472273,0.202,4.272250175,0.05068,0.0,5450.0,0.944,0.842
1.59,3.15,3.53232449,0.0459,0.0,5851.0,1.03,1.04
2.35,6.12,62.8916228,0.2881,0.0,5298.0,0.87,0.83
1.97,4.54,11.55562343,0.0983,0.0,5569.0,0.93,0.9
2.64,7.46,17.13263989,0.1242,0.0,5281.0,0.84,0.81
1.85,4.08,76.957857,0.3436,0.0,5656.0,0.96,0.94
1.64,3.33,2.361724329,0.0299,0.0,4512.0,0.72,0.68
2.2,5.48,23.9210791,0.1871,0.0,6807.0,1.5,1.84
1.7,3.53,3.17060005,0.0415,0.0,5582.0,0.95,0.92
1.19,1.81,0.813166719,0.01664,0.0,5550.0,0.94,0.91
1.26,1.09,5.188549,0.053,0.0,4605.0,0.77,0.667
1.6,2.8,8.041,0.06482,0.0,4660.0,0.56,0.54
2.53,3.9,11.776,0.08358,0.0,4660.0,0.56,0.54
2.77,8.1,24.0862707,0.1478,0.0,4850.0,0.76,0.73
0.82,0.477,2.344511944,0.03496,0.0,5791.0,1.01,1.07
1.47,2.76,18.3027248,0.1343,0.0,5685.0,0.97,0.96
1.67,3.43,2.888904849,0.0371,0.0,5053.0,0.81,0.77
3.6,12.6,210.630591,0.6477,0.0,5053.0,0.81,0.77
1.99,4.62,17.14647302,0.1291,0.0,5753.0,0.98,0.96
1.4,2.54,3.97076766,0.0443,0.0,5064.0,0.79,0.75
1.23,2.04,2.352265797,0.0325,0.0,4692.0,0.74,0.7
2.61,7.32,10.62784997,0.0961,0.0,5941.0,1.09,1.14
1.69,3.5,1.104463509,0.0188,0.0,5054.0,0.81,0.77
1.44,2.67,3.73089898,0.0473,0.0,5833.0,1.02,1.01
1.09,1.32,2.403679,0.036,0.0,5979.0,1.042,1.205
2.6,7.27,8.990889,0.087,0.0,5979.0,1.042,1.205
1.02,1.04,2.787868386,0.0382,0.0,4754.0,0.76,0.72
2.22,5.56,65.6478424,0.3197,0.0,5470.0,0.88,0.85
0.87,0.59,1.646801908,0.0223,0.0,3964.0,0.55,0.53
1.73,3.64,1.755835327,0.0277,0.0,5470.0,0.91,0.88
2.34,6.08,5.1856142,0.0631,0.0,6327.0,1.26,1.43
2.36,6.17,8.45808312,0.0875,0.0,6327.0,1.26,1.43
2.03,4.78,33.469743,0.2006,0.0,5842.0,1.03,1.03
1.32,2.3,11.89520511,0.09704,0.0,5778.0,1.0,1.0
1.09,1.32,4.45743164,0.0448,0.0,4679.0,0.76,0.71
2.34,6.08,13.5396293,0.12643,0.0,6203.0,1.41,1.95
2.37,6.21,22.70816791,0.1603,0.0,6217.0,1.19,1.28
3.42,11.6,5.968734,0.069,0.0,6142.0,1.198,1.454
2.3,5.9,13.07163,0.116,0.0,6142.0,1.198,1.454
2.14,5.22,7.97034958,0.0755,0.0,5519.0,0.92,0.89
2.13,5.18,10.71252541,0.0784,0.0,4253.0,0.59,0.57
2.21,5.52,32.5637069,0.19,0.0,5390.0,0.89,0.84
1.81,3.93,59.284064,0.2832,0.0,5225.0,0.861,0.859
1.03,1.08,6.11786898,0.06868,0.0,6302.0,1.22,1.35
1.12,1.46,3.97599768,0.04635,0.0,5183.0,0.85,0.79
1.55,3.02,9.478522,0.0914,0.0,6080.0,1.13,1.18
3.36093385,11.2,29.96870041,0.1969,0.0,6249.0,1.13,1.076
1.69,3.5,33.2406882,0.1975,0.0,5446.0,0.9,0.86
1.71,3.57,1.003933739,0.0175,0.0,4971.0,0.79,0.75
2.5,6.8,55.8226539,0.2663,0.0,5157.0,0.87,0.82
0.94,0.779,6.11009134,0.06931,0.0,6191.0,1.24,1.23
8.059,29.875,18.7959228,0.1445,0.0493,6150.0,1.129,1.606
12.341,584.78,50.790391,0.2804,0.0323,6150.0,1.129,1.606
2.41,6.39,9.98969327,0.088,0.0,5069.0,0.8,0.76
2.56,7.08,1.44259224,0.0284,0.0,7044.0,1.58,1.95
3.2,10.3,26.0204423,0.168,0.0,5558.0,0.92,0.89
0.89,0.64,0.7698536,0.0156,0.0,5252.0,0.86,0.82
1.59,3.15,6.89225223,0.0732,0.0,5936.0,1.04,1.04
2.99,9.22,37.94563,0.2181,0.0,5453.0,0.9,0.86
2.45,6.57,24.1738579,0.1589,0.0,5844.0,1.01,1.02
1.9,4.27,106.247547,0.4301,0.0,5712.0,0.98,0.97
1.07,1.24,31.80634,0.1596,0.0,4990.0,0.8,0.75
1.32,2.3,2.685057492,0.03497,0.0,5212.0,0.84,0.81
1.96,4.5,7.518496,0.073,0.0,5274.0,0.811,1.094
7.68,45.7,20.17202,0.141,0.0,5274.0,0.811,1.094
1.99,4.62,16.8601286,0.1246,0.0,6077.0,1.09,1.14
1.57,3.09,4.89337519,0.0621,0.0,6176.0,1.17,1.3
1.83,4.01,8.93484887,0.0928,0.0,6688.0,1.336,1.347
2.41,6.39,11.17394617,0.0981,0.0,5924.0,1.04,1.05
2.82,8.35,28.5057189,0.1793,0.0,5765.0,1.0,0.99
2.68,7.65,53.5991044,0.2863,0.0,5983.0,1.05,1.07
1.33,2.33,104.3518976,0.4297,0.0,5622.0,0.96,0.87
2.23,5.6,16.07677615,0.1281,0.0,5635.0,0.95,0.93
2.61,7.32,18.87064068,0.1401,0.0,5975.0,1.06,1.09
2.08,4.98,17.1369543,0.135,0.0,5913.0,1.04,1.06
1.77,3.78,3.78858982,0.0467,0.0,6012.0,1.11,1.16
3.6,12.6,2.422082,0.035,0.0,5595.0,0.918,0.839
0.92,0.721,4.125103,0.049,0.0,5595.0,0.918,0.839
1.33,2.33,10.45843441,0.0845,0.0,4730.0,0.76,0.72
1.51,2.89,5.60014851,0.0587,0.0,5308.0,0.85,0.81
2.36,6.17,25.2034787,0.1693,0.0,5438.0,0.86,0.83
1.32,2.3,2.832652134,0.04004,0.0,5908.0,1.08,1.21
1.51,2.89,16.22371307,0.1212,0.0,5590.0,0.94,0.92
2.08,4.98,8.49642241,0.0726,0.0,4965.0,0.74,0.71
2.23,5.6,66.1849031,0.3179,0.0,5756.0,0.98,0.97
1.25,2.1,2.03231845,0.02869,0.0,4708.0,0.78,0.72
1.47,2.76,7.6847716,0.0732,0.0,5517.0,0.93,0.9
1.15,1.6,15.0447198,0.11309,0.0,5889.0,0.94,1.17
19.660586,137.30256,4.4379629,0.0553,0.0,5947.0,1.166,1.483
2.15,8.5,6.312501,0.055,0.0,4096.0,0.654,0.534
1.53,2.96,12.794585,0.088,0.0,4096.0,0.654,0.534
1.06,1.2,1.118549717,0.0188,0.0,4612.0,0.74,0.7
2.29,5.86,15.18725932,0.1183,0.0,6177.0,1.15,1.24
2.94,8.96,28.6851324,0.179,0.0,5834.0,1.03,1.04
1.06,1.2,0.588000765,0.0114,0.0,4105.0,0.64,0.61
3.05,9.53,85.7350285,0.3877,0.0,5825.0,1.03,1.03
1.41,2.57,1.078390352,0.0196,0.0,5226.0,0.84,0.81
1.64,3.33,1.216997663,0.0201,0.0,4877.0,0.8,0.75
1.62,3.26,13.68237119,0.1156,0.0,5909.0,1.06,1.06
2.32,5.99,11.08507637,0.0901,0.0,5001.0,0.8,0.76
1.51,2.89,25.369116,0.17515,0.0,6210.0,1.23,1.38
2.34,6.08,3.177422,0.039,0.0,5311.0,0.859,0.701
2.27,5.77,41.008011,0.216,0.0,5311.0,0.859,0.701
1.7,3.53,8.07124073,0.0753,0.0,5568.0,0.94,0.92
2.55,7.04,11.01816836,0.09763,0.0,5705.0,0.96,0.94
2.14,5.22,12.94130146,0.1082,0.0,6051.0,1.1,1.15
1.19,1.81,5.34982412,0.06026,0.0,6050.0,1.14,1.21
2.36,6.17,18.82634264,0.128,0.0,5130.0,0.85,0.8
1.22,1.98,4.76703963,0.0528,0.0,5616.0,0.95,0.93
1.39,2.51,4.37034536,0.0519,0.0,5743.0,0.99,0.98
1.99,4.62,2.032325072,0.0326,0.0,5905.0,1.06,1.08
1.44,2.67,22.9221266,0.15698,0.0,5986.0,1.06,1.1
2.12,5.14,16.10467749,0.14146,0.0,5944.0,1.25,1.94
2.34,6.08,5.766193,0.064,0.0,6050.0,0.982,1.216
5.87,29.0,12.465988,0.108,0.0,6050.0,0.982,1.216
2.2,5.48,21.587475,0.155,0.0,6050.0,0.982,1.216
2.6,27.7,37.993273,0.227,0.0,6050.0,0.982,1.216
1.75,36.0,56.268,0.28575,0.0,5917.0,1.03,0.949
1.52,2.92,7.42693741,0.0734,0.0,5842.0,1.0,0.99
1.88,4.19,12.00096042,0.0906,0.0,5194.0,0.87,0.82
0.79,0.418,1.916944254,0.02801,0.0,5239.0,0.84,0.8
1.22,1.98,16.301259,0.1186,0.0,4870.0,0.8,0.75
1.33,2.33,13.32351601,0.11625,0.0,6155.0,1.18,1.22
1.82,3.97,7.01075434,0.0771,0.0,6140.0,1.13,1.19
1.45,2.7,17.2923453,0.13945,0.0,5923.0,1.02,1.02
2.29,5.86,94.2887577,0.38555,0.0,5747.0,0.97,0.95
1.54,2.99,0.577369579,0.01186,0.0,5063.0,0.78,0.74
1.4,2.54,86.828989,0.3006,0.0,3784.0,0.54,0.51
2.94,55.3,17.232366,0.135,0.0,6089.0,1.079,1.264
1.48,2.79,26.695074,0.181,0.0,6089.0,1.079,1.264
2.71,7.8,9.95661537,0.0921,0.0,5961.0,1.06,1.08
1.42,2.6,10.41725184,0.0914,0.0,5778.0,1.01,1.0
1.93,4.38,26.7839183,0.16545,0.0,5471.0,0.92,0.89
2.6,7.27,45.1263042,0.263,0.0,6198.0,1.16,1.25
2.81,8.3,11.94014029,0.096,0.0,4967.0,0.8,0.76
0.79,0.418,4.16055856,0.04836,0.0,5541.0,0.93,0.9
2.14,5.22,31.0571618,0.1803,0.0,5337.0,0.86,0.82
2.86,8.55,84.5733226,0.3778,0.0,5472.0,0.94,0.9
1.93,4.38,4.14787559,0.0541,0.0,6386.0,1.3,1.48
2.9,8.75,5.19104016,0.0625,0.0,6564.0,1.4,1.57
0.73,0.315,3.410493,0.039,0.0,4984.0,0.706,0.636
1.75,3.71,13.821375,0.1,0.0,4984.0,0.706,0.636
1.11,1.41,30.950851,0.17,0.0,4984.0,0.706,0.636
1.15,1.6,4.8663815,0.05791,0.0,5682.0,0.98,0.96
2.63,7.41,18.5525701,0.1336,0.0,5261.0,0.84,0.8
2.26,5.73,13.62798432,0.1039,0.0,4895.0,0.77,0.74
1.75,3.71,16.8320729,0.1256,0.0,5667.0,0.96,0.94
1.35,2.39,3.70428172,0.0502,0.0,6680.0,1.46,1.77
1.44,2.67,4.35409304,0.0484,0.0,5306.0,0.86,0.83
1.44,2.67,2.936584681,0.0372,0.0,5306.0,0.86,0.83
1.36,2.42,11.32271513,0.0848,0.0,4611.0,0.73,0.69
2.33,6.04,13.71220213,0.1091,0.0,5303.0,0.86,0.82
1.18,1.76,7.46725407,0.0806,0.0,6149.0,1.21,1.21
2.38,6.26,24.3347127,0.167,0.0,6202.0,1.19,1.28
2.37,6.21,4.164389,0.041,0.0,3810.0,0.542101,0.512
0.74,0.33,5.774464,0.051,0.0,3810.0,0.542101,0.512
1.92,4.35,2.607543834,0.0393,0.0,5717.0,0.99,0.98
1.84,4.04,45.0904643,0.2478,0.0,5545.0,0.92,0.89
1.67,3.43,15.0540329,0.1078,0.0,5949.0,1.06,1.09
1.33,2.33,68.8861915,0.31444,0.0,5850.0,0.97,1.1
1.55,3.02,9.99113313,0.0833,0.0,4985.0,0.78,0.75
1.3,2.24,3.60084276,0.0422,0.0,4985.0,0.78,0.75
1.31,2.27,5.72717226,0.0575,0.0,4985.0,0.78,0.75
2.32,5.99,36.2919336,0.2226,0.0,6018.0,1.08,1.12
1.49,2.83,12.4127754,0.10733,0.0,6129.0,1.17,1.36
1.52,2.92,2.668313762,0.0376,0.0,5502.0,0.9,0.87
0.86,0.566,0.984940167,0.01824,0.0,5839.0,0.99,0.99
1.43,2.63,0.663085258,0.0141,0.0,5053.0,0.8,0.77
1.52,4.11726105,10.495711,0.099,0.07,6239.0,1.108,1.358
1.58,1.27942148,21.869741,0.162,0.19,6239.0,1.108,1.358
2.5,54.59018723,100.283134,0.448,0.02,6239.0,1.108,1.358
1.77,3.78,19.1187753,0.1444,0.0,5961.0,1.06,1.08
2.26,5.73,48.4308991,0.239,0.0,5006.0,0.82,0.77
1.82,3.97,8.67900242,0.083,0.0,5771.0,0.99,0.98
1.14,1.55,4.55139967,0.0499,0.0,5213.0,0.84,0.8
1.18,1.76,0.968526023,0.01839,0.0,5791.0,0.99,0.98
1.35,2.39,6.49441289,0.0612,0.0,4630.0,0.71,0.69
2.58,7.18,28.474748,0.16431,0.0,5044.0,0.8,0.76
1.68023962,3.46,4.86631012,0.0506,0.0,4996.0,0.791,0.831
3.01,9.32,13.0313945,0.1057,0.0,6096.0,1.15,1.2
2.03,4.78,40.9903986,0.2383,0.0,5904.0,1.06,1.09
1.63,3.29,37.3331536,0.23611,0.0,5998.0,1.1,1.15
1.4,2.54,14.435889,0.125,0.47,6106.0,1.248,1.359
2.66,7.56,29.393195,0.2,0.03,6106.0,1.248,1.359
2.64,7.46,48.630408,0.28,0.03,6106.0,1.248,1.359
3.32,11.0,6.03356196,0.07045,0.0,5047.0,1.28,3.38
1.48,2.79,3.0255955,0.04233,0.0,6143.0,1.13,1.23
2.37,6.21,51.1309704,0.2705,0.0,5926.0,1.06,1.09
2.49,6.76,28.625653,0.1857,0.0,5566.0,0.94,0.91
1.42,2.6,6.98152703,0.08161,0.0,6179.0,1.45,2.17
1.48,2.79,3.65691115,0.0488,0.0,6296.0,1.23,1.36
1.19,1.81,12.5720095,0.10863,0.0,6188.0,1.14,1.21
1.6,3.19,40.8365012,0.21857,0.0,5578.0,0.94,0.92
1.01,1.01,3.23941344,0.04417,0.0,6074.0,1.11,1.16
1.75,3.71,23.4774101,0.1785,0.0,6221.0,1.21,1.33
1.421,3.79,15.0,0.12545,0.0,6072.0,1.184,1.659
1.521,3.38,22.8,0.16517,0.037,6072.0,1.184,1.659
1.87,4.16,66.5579057,0.33982,0.0,6227.0,1.2,1.32
1.64,3.33,3.11602791,0.0415,0.0,5353.0,0.87,0.83
1.55,3.02,2.131946513,0.0335,0.0,5504.0,0.92,0.89
1.91,4.31,12.9460978,0.1062,0.0,6175.0,1.16,1.25
1.21,1.92,0.664073806,0.0143,0.0,5123.0,0.84,0.79
0.97,0.871,14.7967458,0.12758,0.0,6170.0,1.2,1.28
2.15,5.27,11.25402929,0.0991,0.0,5753.0,1.0,0.98
1.54,2.99,11.47685909,0.0976,0.0,5715.0,0.96,0.94
1.12,1.46,2.76122421,0.04135,0.0,6132.0,1.2,1.29
1.52,2.92,7.99019627,0.0785,0.0,6080.0,1.1,1.17
2.4,20.0,15.79,0.13,0.01,5770.0,1.178,1.653
2.52,43.0,82.2,0.39,0.2,5770.0,1.178,1.653
12.6,2637.9757781,2646.0,4.0,0.15,5770.0,1.178,1.653
1.42,2.6,4.69500134,0.0557,0.0,5660.0,0.95,0.93
1.66,3.39,8.63043276,0.0779,0.0,5216.0,0.84,0.8
1.82,3.97,3.27646405,0.0443,0.0,5556.0,0.95,0.93
0.97,0.871,5.57654784,0.06763,0.0,6241.0,1.18,1.28
3.19,10.3,115.6862258,0.4684,0.0,5776.0,0.99,0.97
1.55,3.02,3.81371974,0.0464,0.0,5486.0,0.92,0.89
0.91,0.693,8.3839865,0.0896,0.0,5359.0,0.87,0.83
0.97,0.871,1.68189002,0.0283,0.0,5818.0,0.99,0.99
1.31,2.27,7.12811928,0.0814,0.0,6339.0,1.45,2.0
2.98,9.17,19.9400874,0.1357,0.0,5609.0,0.94,0.91
1.02,1.04,8.457458,0.079,0.15,5884.0,0.927,1.127
2.9,8.75,27.50868,0.178,0.0,5879.0,1.0,1.17
1.64,3.33,87.517905,0.377,0.8,5884.0,0.927,1.127
1.37,2.45,22.2419092,0.16005,0.0,6130.0,1.29,1.79
1.4,2.54,9.08237046,0.0815,0.0,5188.0,0.85,0.81
1.43,2.63,8.83922659,0.0795,0.0,5236.0,0.86,0.82
1.42,2.6,7.56127224,0.0751,0.0,5771.0,1.01,1.0
2.29,5.86,16.1288853,0.1202,0.0,5259.0,0.85,0.81
1.88,4.19,13.5630972,0.1109,0.0,5701.0,0.97,0.96
1.91,4.31,16.29595382,0.123,0.0,5727.0,0.98,0.97
2.47,6.66,18.01621096,0.1369,0.0,5884.0,1.06,1.08
0.52,0.0933,2.104338119,0.025,0.0,3468.0,0.35,0.34
2.37,6.21,28.8432647,0.1679,0.0,5235.0,0.85,0.8
2.41,16.13,16.092,0.12789,0.0,5685.0,1.02,1.03
0.84,8.25,25.5169,0.17391,0.0,5685.0,1.02,1.03
1.44,2.67,0.679336272,0.01452,0.0,5549.0,0.91,0.88
1.24,2.07,11.1726994,0.10082,0.0,5748.0,1.05,1.4
1.22,1.98,2.53573424,0.03753,0.0,5748.0,1.05,1.4
9.65837605,67.5,197.5110016,0.68434,0.0,5616.0,1.032,1.674
2.1,5.06,5.448325286,0.06053,0.0,5719.0,0.99,0.92
1.02732734,1.07,1.116119981,0.02103,0.0,5721.0,0.983,0.905
1.76,3.75,3.833091178,0.04619,0.0,5453.0,0.92,0.85
5.11,22.9,5.424749281,0.0504,0.0,4188.0,0.6,0.59
1.38,2.48,0.84338011,0.01617,0.0,4861.0,0.8,0.75
1.84398883,4.06,6.566060066,0.0635,0.0,4818.0,0.809,0.856
3.54,12.3,87.9732136,0.39765,0.0,5884.0,1.04,1.12
1.56,3.05,0.568874427,0.0128,0.0,5144.0,0.83,0.79
3.11,9.85,213.257663,0.6085,0.0,4598.0,0.73,0.7
1.34,2.36,2.886762645,0.0296,0.33,3655.0,0.56,0.54
1.21,1.92,6.178196,0.067,0.0,6003.0,0.929,1.178
1.28,2.18,6.414914,0.068,0.0,6003.0,0.929,1.178
1.55,3.02,18.010199,0.136,0.0,6003.0,0.929,1.178
1.18,1.76,110.2869374,0.43927,0.0,6023.0,1.03,1.1
1.7,3.53,0.868386528,0.0163,0.0,4817.0,0.8,0.74
4.92,21.5,11.12830484,0.0781,0.0,4094.0,0.54,0.53
2.4,6.35,2.226491086,0.0267,0.0,4094.0,0.54,0.53
2.62843782,7.41,5.720920086,0.0501,0.0,3640.0,0.513,0.503
1.61,3.22,0.962867382,0.0183,0.0,5488.0,0.9,0.87
2.15492527,5.29,6.459980011,0.0652,0.0,5704.0,0.897,0.804
1.52,2.92,0.929906678,0.01911,0.0,6169.0,1.18,1.4
1.51,2.89,4.115844679,0.0466,0.0,4776.0,0.78,0.73
2.86,8.55,33.8786838,0.2004,0.0,5550.0,0.93,0.91
4.18,16.3,42.3514267,0.2743,0.0,6725.0,1.45,1.74
1.8,3.89,14.88801098,0.11151,0.0,5885.0,1.02,1.03
0.98,0.904,4.52158888,0.052,0.0,5780.0,1.0,0.99
2.17,5.35,9.33646594,0.0747,0.0,4500.0,0.72,0.69
1.76,3.75,8.129976,0.083,0.0,5736.0,1.02,1.425
2.84,8.45,31.517586,0.204,0.0,5736.0,1.02,1.425
1.65,3.36,10.10769068,0.0889,0.0,5608.0,0.97,0.94
1.05,1.16,0.789161653,0.0142,0.0,4508.0,0.72,0.69
1.37,2.45,11.87456832,0.09915,0.0,5581.0,0.95,0.9
2.81,8.3,109.6471842,0.4382,0.0,5628.0,0.94,0.92
2.29,5.86,15.64591713,0.1229,0.0,5614.0,0.94,0.91
1.45,2.7,6.26406846,0.0615,0.0,4903.0,0.77,0.74
1.98,4.58,23.198681,0.15845,0.0,5512.0,0.94,1.3
1.71,3.57,5.77721211,0.06272,0.0,5512.0,0.94,1.3
2.41,6.39,24.4002549,0.1441,0.0,4523.0,0.7,0.67
0.92,0.721,0.935118057,0.01937,0.0,5909.0,1.04,1.05
0.71,0.285,1.341555127,0.02356,0.0,5586.0,0.94,0.93
2.0,4.66,5.317429,0.06,0.0,5983.0,0.956,1.176
1.26,2.13,10.105785,0.092,0.0,5983.0,0.956,1.176
1.55,3.02,0.665026916,0.01523,0.0,6331.0,1.27,1.42
2.99,9.22,132.9968322,0.47267,0.0,4662.0,0.79,0.72
1.66,3.39,2.215710358,0.0313,0.0,5527.0,0.93,0.9
1.93,4.38,3.35183158,0.0449,0.0,5759.0,0.95,0.93
1.84,4.04,4.7683049,0.05501,0.0,5981.0,1.09,1.13
2.36,6.17,44.6169557,0.26412,0.0,6449.0,1.32,1.55
1.58,3.12,3.40165668,0.044,0.0,6133.0,1.14,1.21
1.03,1.08,14.00947528,0.104,0.0,5193.0,0.82,0.79
1.94,4.42,27.5722742,0.1834,0.0,5911.0,1.04,1.04
0.7,0.271,2.12823928,0.03421,0.0,6086.0,1.16,1.28
1.81,3.93,6.00253,0.067,0.0,6090.0,1.047,1.275
1.16,1.65,11.448708,0.103,0.0,6090.0,1.047,1.275
2.52,6.9,4.4968604,0.0413,0.0,3827.0,0.55,0.53
1.73,3.64,1.766789062,0.0222,0.0,3827.0,0.55,0.53
0.65,0.208,0.916140768,0.0156,0.0,4439.0,0.7,0.67
0.89,0.64,1.877882748,0.02883,0.0,6118.0,1.11,1.16
1.8,3.89,24.7543966,0.153,0.0,4776.0,0.76,0.72
2.97,9.11,76.613377,0.3521,0.0,6168.0,1.16,1.24
1.46,2.73,1.289588112,0.0224,0.0,5352.0,0.88,0.83
1.53,2.96,0.634002937,0.0136,0.0,5106.0,0.82,0.78
1.28,2.18,3.0091324,0.041,0.0,5597.0,0.93,0.9
1.12,1.46,7.06317341,0.0656,0.0,5181.0,0.82,0.79
2.83,8.4,59.4970952,0.26657,0.0,4709.0,0.78,0.72
2.05,19.8,11.5789,0.106,0.0,6165.0,1.204,1.355
1.99,4.62,16.399235,0.133,0.0,6165.0,1.204,1.355
3.4,11.5,40.5286413,0.2866,0.0,6778.0,1.51,1.83
0.86,0.566,3.57554956,0.04304,0.0,5131.0,0.83,0.79
2.6,7.27,136.205626,0.4626,0.0,4857.0,0.8,0.74
1.25,2.1,2.94194094,0.0363,0.0,4839.0,0.76,0.72
2.15,5.27,13.32196237,0.1284,0.0,6805.0,1.49,1.79
0.92,0.721,7.69993485,0.07839,0.0,5770.0,1.0,1.05
0.8,0.437,4.77468005,0.05701,0.0,5770.0,1.0,1.05
1.43,2.63,2.164570968,0.0273,0.0,4070.0,0.62,0.6
0.92,0.721,1.574090272,0.0236,0.0,4106.0,0.62,0.6
1.65,3.36,0.675649486,0.0153,0.0,5906.0,1.07,1.08
2.69,7.7,25.873148,0.1741,0.0,5761.0,0.99,0.99
1.47,2.76,8.436387,0.077,0.0,5187.0,0.85,0.802
1.88,4.19,18.735753,0.13,0.0,5187.0,0.85,0.802
1.84,4.04,20.2641684,0.15763,0.0,6202.0,1.19,1.29
1.27,2.15,7.44142113,0.08084,0.0,6202.0,1.19,1.29
0.73,0.315,3.4462039,0.04214,0.0,5361.0,0.87,0.83
0.64,0.196,2.00541269,0.02937,0.0,5361.0,0.87,0.83
1.27,2.15,1.311555568,0.024,0.0,5677.0,0.98,0.97
1.16,1.65,1.29123275,0.02598,0.0,6299.0,1.22,1.33
2.29,5.86,10.65276707,0.0918,0.0,5323.0,0.85,0.81
1.74,3.68,3.3004192,0.0471,0.0,6704.0,1.47,1.78
1.05,1.16,5.30880656,0.0598,0.0,5659.0,0.98,0.97
1.25,2.1,0.740928422,0.0153,0.0,5218.0,0.86,0.82
2.2,5.48,11.95398936,0.0885,0.0,4407.0,0.7,0.67
1.3,2.24,0.881841146,0.0171,0.0,5188.0,0.83,0.79
0.64,0.07,10.3134,0.0753,0.02,3841.0,0.535,0.535
1.51,2.3,13.7815,0.0913,0.017,3841.0,0.535,0.535
1.51,2.1,23.0923,0.1288,0.01,3841.0,0.535,0.535
0.797,0.43,38.23,0.1803,0.112,3841.0,0.535,0.535
1.43,2.63,10.3108245,0.0917,0.0,5570.0,0.96,0.94
2.25,5.69,25.3842686,0.1728,0.0,5747.0,0.96,0.94
1.88,4.19,16.3583055,0.14023,0.0,6161.0,1.36,1.72
1.41,2.57,13.9093583,0.11397,0.0,6370.0,1.26,1.44
1.94,4.42,15.36262753,0.1126,0.0,4919.0,0.78,0.74
0.85,0.543,2.88879862,0.04262,0.0,5732.0,1.15,1.29
1.24,2.07,6.73972381,0.068,0.0,5733.0,1.02,1.03
0.93,0.749,2.279526656,0.031,0.0,5046.0,0.82,0.77
2.59,7.22,12.2854603,0.0882,0.0,4098.0,0.63,0.61
2.26,5.73,5.53608151,0.0519,0.0,4098.0,0.63,0.61
2.86,8.55,20.9568158,0.126,0.0,4098.0,0.63,0.61
2.46,6.62,37.6327084,0.1861,0.0,4098.0,0.63,0.61
1.77,3.78,99.2530951,0.38249,0.0,5078.0,0.81,0.74
2.94,7.0,15.771044,0.127,0.0,5594.0,1.078,1.3
3.38,13.0,157.072878,0.586,0.0,5594.0,1.078,1.3
1.695,2.0,7.305699922,0.0755533961,0.0,5622.0,1.078,1.045
13.7,378.0,2047.635373,3.23579639,0.013121,5622.0,1.078,1.045
1.18,1.76,6.48021673,0.0662,0.0,5753.0,0.98,0.98
1.68,3.46,54.4092333,0.30045,0.0,5840.0,1.03,1.1
1.96,4.5,15.1410397,0.1189,0.0,5479.0,0.88,0.85
0.8,0.437,2.44357812,0.0337,0.0,5697.0,0.95,0.92
1.39,2.51,3.93766373,0.05474,0.0,6481.0,1.64,2.55
0.8,0.437,3.78470649,0.04974,0.0,6138.0,1.17,1.23
2.07,4.94,18.2206421,0.1406,0.0,6195.0,1.18,1.27
1.72,3.61,47.449955,0.25861,0.0,6026.0,1.09,1.12
0.9,0.666,2.78815679,0.03909,0.0,6126.0,1.13,1.18
1.03,1.08,4.13827595,0.05087,0.0,6126.0,1.13,1.18
1.25,2.1,1.638653058,0.0276,0.0,5735.0,0.97,0.96
12.733,2669.66,6.790123,0.0771,0.035,6395.0,1.512,2.048
1.61,3.22,3.25427,0.045,0.0,6077.0,1.044,1.288
1.8,3.89,91.353282,0.414,0.0,6077.0,1.044,1.288
1.62,3.26,9.06689421,0.0771,0.0,5044.0,0.83,0.78
1.68,3.46,11.20066445,0.0975,0.0,5964.0,1.07,1.1
0.76,0.363,2.03387914,0.0322,0.0,5416.0,0.9,0.87
2.14,5.22,5.19492202,0.064,0.0,6060.0,1.11,1.15
2.01,4.7,15.9314739,0.1143,0.0,5261.0,0.84,0.8
3.96,14.9,28.2274184,0.1778,0.0,5925.0,1.05,1.07
1.1,1.37,11.62905828,0.0987,0.0,5892.0,1.05,1.12
2.25,5.69,20.0711504,0.1502,0.0,6010.0,1.1,1.15
0.89,0.64,2.99793191,0.04218,0.0,6170.0,1.21,1.35
1.04,1.12,0.764864926,0.01553,0.0,5160.0,0.83,0.79
0.69,0.257,3.107675,0.039,0.0,4910.0,0.878,0.787
1.41,2.57,7.010606,0.067,0.0,4910.0,0.878,0.787
1.78,3.82,60.866168,0.2543,0.0,4092.0,0.63,0.6
2.82,8.35,86.1150888,0.4001,0.0,5664.0,0.95,0.92
0.83,0.498,3.6146051,0.04608,0.0,5880.0,1.06,1.27
1.82,3.97,13.1829642,0.1066,0.0,5196.0,0.84,0.8
1.23,2.04,3.51576315,0.0426,0.0,4951.0,0.8,0.75
1.29,2.21,0.63642408,0.01416,0.0,5267.0,0.89,0.84
0.88,0.615,1.49514952,0.0257,0.0,6019.0,1.09,1.15
1.0,0.972,20.3505213,0.14062,0.0,5839.0,1.02,1.02
1.66,3.39,22.4764425,0.131,0.0,4770.0,0.77,0.72
2.86,8.55,42.5215895,0.2391,0.0,5796.0,1.01,1.01
1.99,4.62,2.024152,0.032,0.0,5790.0,0.978,1.269
2.86,8.55,4.761702,0.057,0.0,5790.0,0.978,1.269
2.16,5.31,41.809118,0.242,0.0,5790.0,0.978,1.269
1.28,2.18,6.69960006,0.0671,0.0,5187.0,0.82,0.79
0.93,0.749,6.9131112,0.07576,0.0,6335.0,1.25,1.42
2.02,4.74,18.6051942,0.1499,0.0,6194.0,1.15,1.23
1.06,1.2,23.955378,0.1586,0.0,4939.0,0.79,0.75
1.16,1.65,29.6091744,0.19068,0.0,5838.0,1.02,1.07
0.94,0.779,14.4541302,0.11435,0.0,5718.0,0.97,0.95
1.56,3.05,14.2563227,0.1187,0.0,5831.0,1.02,1.02
1.1,1.37,0.968972376,0.0197,0.0,5793.0,1.01,1.01
1.64,3.33,10.67607169,0.11051,0.0,6184.0,1.28,1.36
1.29,2.21,4.48487493,0.055,0.0,5902.0,1.05,1.07
2.41,6.39,16.007583,0.127,0.0,5848.0,0.982,1.359
3.37,11.3,27.082511,0.181,0.0,5848.0,0.982,1.359
1.18,1.76,2.46050993,0.0304,0.0,4796.0,0.77,0.72
1.47,2.76,5.86601526,0.0648,0.0,5806.0,1.03,1.03
2.22,5.56,23.9109011,0.1696,0.0,6031.0,1.09,1.13
1.56,3.05,4.13592271,0.0516,0.0,6097.0,1.14,1.19
1.11,1.41,8.05333618,0.0917,0.0,6291.0,1.47,2.04
0.86,0.566,4.45343281,0.05456,0.0,6356.0,1.21,1.32
1.31,2.27,9.705716,0.0907,0.0,5972.0,1.06,1.09
1.37,2.45,10.9295461,0.0951,0.0,5557.0,0.93,0.9
0.94,0.779,2.31942009,0.0346,0.0,5530.0,0.97,0.96
1.46,2.73,8.07392849,0.0594,0.0,3578.0,0.46,0.43
1.33,2.33,5.885273,0.066,0.0,6075.0,1.154,1.235
1.35,2.39,10.104665,0.094,0.0,6075.0,1.154,1.235
1.26,2.13,39.859484,0.23431,0.0,5698.0,0.98,0.96
1.31,2.27,39.4419839,0.2346,0.0,5802.0,1.0,1.0
3.93,14.7,81.4162941,0.40814,0.0,6394.0,1.34,1.44
0.97,0.871,2.41811321,0.03783,0.0,6289.0,1.19,1.27
2.18,5.39,33.42035034,0.20906,0.0,5810.0,1.03,1.05
0.96,0.84,10.60052251,0.09587,0.0,6150.0,1.13,1.26
0.82,0.477,0.689967832,0.01405,0.0,4865.0,0.81,0.75
2.9,8.75,56.6747285,0.2836,0.0,5722.0,0.97,0.95
1.61,3.22,12.27065865,0.1058,0.0,5774.0,0.95,0.93
1.68,3.46,13.2274528,0.1176,0.0,5979.0,1.08,1.1
2.65,37.1,22.951,0.17308,0.43,6022.0,1.32,1.85
4.32,79.4,42.882,0.26244,0.11,6022.0,1.32,1.85
1.71,3.57,54.5094166,0.2401,0.0,4524.0,0.71,0.68
3.35,11.2,35.622233,0.2101,0.0,5782.0,1.0,0.99
2.7,7.75,42.913751,0.25764,0.0,6101.0,1.41,2.06
2.67,7.61,47.1611696,0.262,0.0,5665.0,0.97,0.94
1.88,4.19,47.0319479,0.2447,0.0,5448.0,0.9,0.86
2.16,5.31,49.276764,0.2149,0.0,4075.0,0.62,0.6
1.14,1.55,18.1373829,0.1132,0.0,4231.0,0.64,0.62
1.99,4.62,51.1110243,0.26391,0.0,5866.0,1.01,1.01
2.76,8.05,47.9872764,0.24869,0.0,5653.0,0.96,0.94
1.36,2.42,62.8691611,0.2829,0.0,4828.0,0.78,0.74
3.71,13.3,31.158799,0.2,0.0,5948.0,1.079,1.208
3.13,9.96,76.732171,0.364,0.0,5948.0,1.079,1.208
1.96,4.5,29.9633247,0.1614,0.0,4422.0,0.7,0.67
2.03,4.78,29.3494775,0.1715,0.0,4919.0,0.79,0.74
3.82,14.0,65.6488341,0.3094,0.0,5756.0,1.0,1.0
1.86,4.12,25.15864,0.1694,0.0,5679.0,0.96,0.95
1.66,3.39,31.7785901,0.20066,0.0,5828.0,1.02,1.01
1.0,0.972,5.32786292,0.06101,0.0,5828.0,1.02,1.01
1.77,3.78,31.8277111,0.1939,0.0,4726.0,0.75,0.71
1.55,3.02,31.1750448,0.17981,0.0,5884.0,1.01,1.02
3.3,10.9,47.0569043,0.2388,0.0,5332.0,0.86,0.82
1.73,3.64,8.23984869,0.0817,0.0,5893.0,1.04,1.05
1.15,1.6,3.54553021,0.0466,0.0,5893.0,1.04,1.05
3.33187146,11.1,19.59059906,0.1456,0.0,5794.0,1.072,1.496
2.8,8.25,21.8635301,0.1466,0.0,5507.0,0.92,0.89
1.53,2.96,12.610584,0.113,0.0,6012.0,1.145,1.468
2.43,6.48,33.416423,0.216,0.0,6012.0,1.145,1.468
1.07,1.24,16.2950903,0.116,0.0,4961.0,0.8,0.76
1.41,2.57,3.63899398,0.0453,0.0,5660.0,0.95,0.93
1.88,4.19,11.6044881,0.0981,0.0,5533.0,0.934,1.166
1.9,4.27,38.1312831,0.2322,0.0,6159.0,1.16,1.25
1.19,1.81,14.4273551,0.11606,0.0,6046.0,1.09,1.09
2.16,5.31,36.4333452,0.2108,0.0,5870.0,1.04,1.04
2.92,8.85,82.177374,0.373,0.0,6214.0,1.18,1.28
1.67,3.43,10.35863224,0.0932,0.0,5663.0,0.98,0.96
1.18,1.76,11.55530021,0.0911,0.0,5100.0,0.81,0.78
1.73,3.64,26.0840594,0.1681,0.0,5904.0,1.04,1.06
1.83,4.01,14.53261362,0.11341,0.0,5796.0,0.99,0.98
1.8,3.89,1.729366,0.028,0.0,5272.0,0.86,0.851
3.6,12.6,4.180043,0.05,0.0,5272.0,0.86,0.851
8.68,56.3,51.84688575,0.2607,0.0,5172.0,0.86,0.81
1.67,3.43,22.12679948,0.1525,0.0,5156.0,0.85,0.81
1.23,2.04,5.94220998,0.059,0.0,4908.0,0.8,0.75
1.01,1.01,12.25383217,0.09968,0.0,5381.0,0.88,0.84
1.52,2.92,9.5085156,0.0958,0.0,6337.0,1.25,1.4
2.11,5.1,30.4549136,0.1939,0.0,5730.0,0.94,0.92
1.47,2.76,19.9157725,0.14732,0.0,6087.0,1.11,1.12
2.32,5.99,54.6495759,0.2846,0.0,5965.0,1.08,1.12
2.13,5.18,7.31946363,0.0898,0.0,6541.0,1.38,1.63
7.97,48.7,35.8007112,0.2588,0.0,5745.0,1.801,3.955
1.86,4.12,39.8189932,0.24153,0.0,5820.0,1.05,1.31
1.65156749,3.37,6.158269882,0.06959,0.0,5710.0,1.003,1.524
1.77,3.78,82.294751,0.3679,0.0,5655.0,0.93,0.9
4.21,16.5,29.198943,0.184,0.0,5381.0,1.013,0.953
1.61,3.22,55.328328,0.281,0.0,5381.0,1.013,0.953
3.96,14.9,160.018032,0.571,0.0,5381.0,1.013,0.953
3.04,9.48,92.4362973,0.3729,0.0,5515.0,0.9,0.87
1.51,2.89,16.5861762,0.127,0.0,5728.0,1.0,0.99
2.44,6.53,61.569765,0.3045,0.0,5626.0,0.991,1.389
1.49,2.83,16.75255007,0.1262,0.0,4712.0,0.77,0.72
1.41,2.57,15.0217983,0.1197,0.0,5863.0,1.06,1.29
3.07,9.64,91.080482,0.3982,0.0,5659.0,0.96,0.94
2.94,8.96,85.273256,0.3677,0.0,5831.0,1.03,1.04
2.22,5.56,64.6588017,0.3211,0.0,6182.0,1.18,1.27
1.66,3.39,8.74199772,0.0817,0.0,5675.0,0.96,0.95
1.33,2.33,48.051405,0.2528,0.0,5256.0,0.86,0.81
1.19,1.81,44.2008,0.23225,0.0,5097.0,0.82,0.78
10.76,209.76,4.942782,0.05714,0.06,5515.0,1.018,0.992
1.25,2.1,3.428054,0.044,0.0,5560.0,0.956,0.939
3.69,13.2,7.381998,0.073,0.0,5560.0,0.956,0.939
2.79,8.2,12.56093,0.104,0.0,5560.0,0.956,0.939
3.12,9.91,30.826557,0.189,0.0,5560.0,0.956,0.939
1.2,1.87,15.0330105,0.1236,0.0,5845.0,1.0,1.0
1.56,3.05,14.5564533,0.11592,0.0,6229.0,1.2,1.3
3.18,10.2,41.7083629,0.2482,0.0,6666.0,1.44,1.72
2.27,5.77,96.16987,0.3771,0.0,5069.0,0.77,0.74
2.13,5.18,82.304003,0.3704,0.0,5393.0,0.85,0.81
0.93,0.749,30.8609366,0.18298,0.0,5686.0,0.93,0.86
1.32,2.3,14.0329154,0.1168,0.0,5676.0,0.95,0.93
0.84,0.52,16.0506213,0.11946,0.0,5410.0,0.89,0.85
1.33,2.33,20.7056504,0.1629,0.0,6158.0,1.14,1.22
1.85,4.08,25.4338197,0.1707,0.0,5780.0,1.0,0.99
3.06,9.59,15.228958,0.116,0.0,5460.0,0.87,0.83
2.09,5.02,24.674612,0.16,0.0,5460.0,0.87,0.83
3.36,11.2,84.703921,0.4089,0.0,6200.0,1.19,1.28
1.68,3.46,23.2382792,0.1753,0.0,6064.0,1.17,1.29
1.18,1.76,20.35972599,0.13693,0.0,4372.0,0.73,0.67
8.594,48.30991786,160.8842,0.56971,0.306,5491.0,0.943,0.95
12.419572,1678.1424,217.83184,0.753,0.401,6145.0,1.196,1.289
1.1758241,1.74,10.514181,0.0997,0.32,6145.0,1.196,1.289
9.55,66.2,214.3114164,0.75235,0.0,6511.0,1.3,1.41
1.75,3.71,7.25931979,0.0718,0.0,5904.0,1.04,1.07
9.76,68.7,5.546083665,0.078,0.0,7010.0,1.58,1.95
3.05,9.53,5.11177904,0.0593,0.0,6846.0,1.54,1.88
2.9,8.75,9.6310258,0.0905,0.0,6432.0,1.06,1.345
7.06,39.6,240.7989397,0.7655,0.0,5644.0,0.94,0.91
2.79,8.2,18.207973,0.124,0.0,5088.0,0.779,0.724
2.39,6.3,88.255055,0.356,0.0,5088.0,0.779,0.724
5.77,28.1,0.653553572,0.0129,0.0,4677.0,0.76,0.71
2.5,6.8,47.14840805,0.23476,0.0,5042.0,0.81,0.76
1.73,3.64,1.847889171,0.0288,0.0,5706.0,0.96,0.93
1.58,3.12,0.93875077,0.01867,0.0,5708.0,0.97,0.96
3.54,12.3,70.9674603,0.3392,0.0,6179.0,1.17,1.25
0.91,0.693,2.416601183,0.03557,0.0,5748.0,1.07,1.04
2.43,6.48,3.908632005,0.0418,0.0,4601.0,0.73,0.69
4.77,20.4,160.129918,0.6276,0.0,6224.0,1.21,1.32
1.46,2.73,1.791110205,0.0296,0.0,5857.0,1.03,1.03
2.1,5.06,5.33905686,0.0525,0.0,5048.0,0.81,0.77
2.92,8.85,18.870227,0.129,0.0,5404.0,0.756,0.892
2.53,6.94,46.90232,0.237,0.0,5404.0,0.756,0.892
1.64,3.33,2.5904434,0.03553,0.0,5477.0,0.92,0.88
1.65,3.36,5.3227406,0.05744,0.0,5477.0,0.92,0.88
3.27870115,10.8,9.20761013,0.08276,0.0,5678.0,1.015,1.303
1.11,1.41,1.138543376,0.02204,0.0,6260.0,1.16,1.27
1.35,2.39,1.093663559,0.0206,0.0,5559.0,0.91,0.88
3.46,11.8,308.5471,0.93416,0.0,6431.0,1.31,1.51
1.89,4.23,5.71668872,0.0599,0.0,5442.0,0.9,0.86
2.55,7.04,138.9442,0.5329,0.0,6021.0,1.08,1.11
3.14,10.0,364.758031,0.8507,0.0,4434.0,0.71,0.67
1.18,1.76,1.444453798,0.0245,0.0,5079.0,0.81,0.77
2.82,8.35,175.138819,0.6095,0.0,5837.0,1.03,1.03
2.7,7.75,133.3036741,0.4765,0.0,5176.0,0.84,0.8
2.26,5.73,33.040532,0.198,0.0,5690.0,0.933,1.001
2.95,9.01,62.303276,0.303,0.0,5690.0,0.933,1.001
3.84,14.1,20.54981883,0.14354,0.0,5769.0,0.98,0.98
1.5,2.86,3.93276465,0.04766,0.0,5769.0,0.98,0.98
1.5,2.86,9.91935684,0.08832,0.0,5769.0,0.98,0.98
2.49,6.76,125.4131177,0.4426,0.0,4540.0,0.74,0.69
1.16,1.65,8.40691199,0.07555,0.0,5282.0,0.86,0.81
0.76,0.363,3.95116882,0.04765,0.0,5564.0,0.94,0.99
0.65,0.208,2.89223021,0.0387,0.0,5564.0,0.94,0.99
0.87,0.59,5.99273738,0.0629,0.0,5564.0,0.94,0.99
0.76,0.363,5.10115756,0.05649,0.0,5564.0,0.94,0.99
2.71,7.8,6.96710269,0.0867,0.0,6561.0,1.39,1.65
1.78,3.82,168.811174,0.54465,0.0,4886.0,0.81,0.74
2.7,7.75,163.692349,0.5442,0.0,5201.0,0.84,0.8
3.13,9.96,19.5974971,0.1366,0.0,5623.0,0.95,0.93
0.9,0.666,0.692979676,0.01556,0.0,6078.0,1.12,1.18
2.64,7.46,124.828679,0.4679,0.0,5706.0,0.99,0.97
2.57,7.13,214.886545,0.6687,0.0,5324.0,0.88,0.84
2.09,5.02,5.931194,0.056,0.0,4508.0,0.635,0.62
2.24,5.65,52.661793,0.242,0.0,4508.0,0.635,0.62
3.02,9.38,225.582809,0.7681,0.0,5991.0,1.07,1.11
2.66,7.56,24.4973698,0.1772,0.0,6136.0,1.14,1.22
2.47,6.66,184.771853,0.6011,0.0,5202.0,0.85,0.78
1.15,1.6,4.24261881,0.0481,0.0,5288.0,0.85,0.81
2.9,8.75,198.088774,0.59527,0.0,5297.0,0.84,0.81
1.61,3.22,8.10501635,0.0805,0.0,5866.0,1.04,1.06
1.96,4.5,8.82713457,0.0829,0.0,5608.0,0.97,0.95
1.53,2.96,3.74032496,0.049,0.0,6099.0,1.11,1.17
0.68,0.244,3.50470358,0.04278,0.0,5101.0,0.83,0.79
0.72,0.299,0.971915428,0.01835,0.0,5316.0,0.86,0.82
2.3,5.9,4.973456,0.054,0.0,5094.0,0.864,0.807
2.55,7.04,15.906801,0.117,0.0,5094.0,0.864,0.807
0.89,0.64,3.03195744,0.04175,0.0,5815.0,1.02,1.02
1.09,1.32,1.005207007,0.0194,0.0,5957.0,1.07,1.11
3.55,12.3,64.2737752,0.3308,0.0,5760.0,1.02,1.05
0.75,0.347,3.43276598,0.0442,0.0,5765.0,1.0,0.99
1.47,2.76,18.0540381,0.1327,0.0,5528.0,0.93,0.9
1.19,1.81,1.538188437,0.0241,0.0,4940.0,0.76,0.73
0.79,0.418,0.539915238,0.01198,0.0,5254.0,0.84,0.81
2.73,7.9,153.979578,0.552,0.0,5655.0,0.95,0.93
1.3,2.24,20.925392,0.15157,0.0,5956.0,1.09,1.19
1.68,3.46,5.79180156,0.06669,0.0,6319.0,1.25,1.4
1.32,2.3,1.732342,0.028,0.0,5774.0,0.95,1.044
2.24,5.65,13.5405,0.11,0.0,5774.0,0.95,1.044
1.46,2.73,7.02573474,0.0706,0.0,5866.0,1.02,1.03
1.07,1.24,26.548955,0.16699,0.0,5550.0,0.92,0.89
1.52,2.92,3.38555488,0.04287,0.0,6297.0,1.23,1.39
0.94,0.779,5.49548621,0.05838,0.0,5618.0,0.97,0.95
1.2,1.87,2.6157554,0.0364,0.0,5808.0,1.01,1.0
1.29,2.21,6.9424334,0.0743,0.0,5892.0,1.06,1.08
1.31,2.27,2.55314213,0.0366,0.0,5667.0,0.95,0.92
1.04,1.12,6.98471973,0.07211,0.0,5876.0,1.05,1.06
1.13,1.51,6.30560247,0.0657,0.0,4862.0,0.78,0.74
1.04,1.12,1.450886907,0.0252,0.0,5545.0,0.9,0.86
0.84,0.52,0.849907889,0.014,0.0,4584.0,0.75,0.7
2.12,5.14,16.709184,0.111,0.0,4623.0,0.655,0.624
1.9,4.27,28.551383,0.158,0.0,4623.0,0.655,0.624
2.11,5.1,56.6449279,0.33571,0.0,6228.0,1.47,2.15
0.8,0.437,6.28385491,0.06865,0.0,6022.0,1.12,1.23
1.49,2.83,4.83817712,0.0316,0.0,3208.0,0.28,0.3
0.6,0.156,9.32807355,0.08307,0.0,5645.0,0.94,0.91
1.61,3.22,13.3997099,0.1168,0.0,6069.0,1.1,1.13
1.79,3.86,3.5827463,0.0445,0.0,5538.0,0.94,0.91
1.52,2.92,15.6049212,0.12208,0.0,6681.0,1.45,1.75
1.33,2.33,9.4060467,0.08747,0.0,5933.0,1.08,1.22
0.76,0.363,7.84931739,0.07419,0.0,5817.0,0.96,0.99
1.09,1.32,0.991665274,0.0205,0.0,6166.0,1.18,1.25
2.38,6.26,10.139623,0.082,0.0,4625.0,0.628,0.663
3.41,11.5,43.595792,0.218,0.0,4625.0,0.628,0.663
1.14,1.55,7.61760804,0.07116,0.0,6053.0,1.11,1.16
1.27,2.15,8.18504949,0.0794,0.0,6082.0,1.1,1.16
1.54,2.99,3.05710069,0.04,0.0,6213.0,1.18,1.28
3.17,10.2,174.509835,0.55494,0.0,4995.0,0.81,0.77
1.06,1.2,2.71603809,0.0396,0.0,5946.0,1.06,1.08
1.23,2.04,4.56380468,0.051,0.0,5203.0,0.84,0.8
1.9,4.27,66.373379,0.3237,0.0,5706.0,0.95,0.92
1.06,1.2,2.94654179,0.04136,0.0,6377.0,1.25,1.39
0.95,0.809,4.34195123,0.05207,0.0,5940.0,1.07,1.09
1.62,3.26,122.363553,0.4823,0.0,5767.0,0.99,0.99
8.4493,105.833,228.776,0.7048,0.0069,4450.0,0.6897,0.6489
1.715,3.59,4.309397,0.05511,0.0,5471.0,1.003,1.118
3.76,13.6,13.699429,0.1192,0.0,5471.0,1.003,1.118
3.13,9.96,386.370548,0.98141,0.0,5214.0,0.86,0.82
1.94206512,4.43,7.298049927,0.06961,0.0,5119.0,0.818,0.834
0.82,0.477,2.20921951,0.03281,0.0,5869.0,1.04,1.07
1.34,2.36,11.17931605,0.09744,0.0,6296.0,1.22,1.36
1.29,2.21,2.27163926,0.0351,0.0,6241.0,1.21,1.31
1.41,2.57,0.683684256,0.01406,0.0,4976.0,0.81,0.76
1.08,1.28,85.7565495,0.36567,0.0,5280.0,0.86,0.82
2.07,4.94,196.435224,0.6421,0.0,5422.0,0.9,0.86
0.92,0.721,13.6473676,0.11978,0.0,6116.0,1.14,1.21
1.73,3.64,16.4735686,0.1126,0.0,4992.0,0.75,0.72
2.22,5.56,114.34219,0.4679,0.0,6132.0,1.18,1.27
2.12,2.63,4.921355,0.054,0.0,5078.0,0.853,0.806
2.05,3.61,7.06424,0.068,0.0,5078.0,0.853,0.806
1.61,3.22,8.70181574,0.0777,0.0,5383.0,0.91,0.87
2.09,5.02,44.9851885,0.2323,0.0,5295.0,0.825,0.8
0.81,0.457,5.1762429,0.0586,0.0,5605.0,0.94,0.93
1.03,1.08,3.91795101,0.0482,0.0,5643.0,0.96,0.94
2.08,4.98,1.5184299,0.02755,0.0,6005.0,1.08,1.12
1.49,2.83,3.9466141,0.0471,0.0,5121.0,0.79,0.76
2.06,4.9,47.3126192,0.2788,0.0,5865.0,1.04,1.05
1.02,1.04,6.76284377,0.07318,0.0,6266.0,1.21,1.34
1.2,1.87,27.4785572,0.17707,0.0,6167.0,1.15,1.22
1.26,2.13,6.10826019,0.07109,0.0,6620.0,1.41,1.65
0.76,0.363,23.6225913,0.15413,0.0,5852.0,1.0,1.0
1.26,2.13,6.919798,0.069,0.0,5816.0,1.053,0.958
3.03,9.43,19.446355,0.137,0.0,5816.0,1.053,0.958
1.61,3.22,101.951829,0.4322,0.0,6157.0,1.15,1.23
2.16,5.31,92.263714,0.4204,0.0,6158.0,1.15,1.24
1.47,2.76,10.8118737,0.10136,0.0,6436.0,1.31,1.5
1.31,2.27,4.36128348,0.0518,0.0,5772.0,1.0,1.0
6.59,35.3,3.290314,0.0327,0.0,3768.0,0.541,0.552
6.06,30.6,287.378949,0.87762,0.0,5677.0,0.96,0.94
2.02,4.74,4.13962966,0.0537,0.0,6826.0,1.51,1.85
3.69,13.2,7.20283653,0.0643,0.0,5445.0,0.87,0.84
6.43,33.8,76.378033,0.2952,0.0,3724.0,0.55,0.52
0.77,0.381,3.87595807,0.0485,0.0,5776.0,1.01,1.01
1.05,1.16,7.810937,0.078,0.0,5776.0,0.882,0.917
2.26,5.73,21.347262,0.152,0.0,5776.0,0.882,0.917
2.19,5.43,509.997402,1.1218,0.0,4736.0,0.66,0.63
1.35,2.39,4.09513932,0.0511,0.0,5679.0,0.97,0.95
2.47,6.66,448.303558,0.6762,0.0,6137.0,1.12,1.19
1.58,3.12,186.404271,0.3875,0.0,6256.0,1.2,1.32
3.19,10.3,374.876239,1.0525,0.0,5474.0,0.92,0.89
3.64,12.9,469.63111,1.12664,0.0,5347.0,0.89,0.85
3.23,10.5,425.47785,1.12191,0.0,5797.0,1.01,1.02
0.89,0.64,6.10960324,0.0596,0.0,5789.0,1.02,1.02
1.87,4.16,259.33683,0.745,0.0,5710.0,0.97,0.95
2.58,7.18,9.878482,0.0932,0.0,6150.0,1.12,1.18
1.41,2.57,5.03503,0.058,0.0,5888.0,1.036,1.148
2.73,7.9,10.945723,0.097,0.0,5888.0,1.036,1.148
2.45,6.57,28.986769,0.187,0.0,5888.0,1.036,1.148
4.24,16.7,94.886902,0.4025,0.0,5888.0,0.966,1.097
4.82,20.7,7.5844126,0.0836,0.0,6324.0,1.27,1.43
3.11,9.85,19.672266,0.1473,0.0,6152.0,1.12,1.19
2.95,9.01,32.657212,0.2065,0.0,6152.0,1.12,1.19
3.2,10.3,12.2057513,0.1016,0.0,5355.0,0.88,0.84
2.66,7.56,6.6513802,0.0678,0.0,5355.0,0.88,0.84
2.32,5.99,5.342657,0.0531,0.0,4916.0,0.845,0.855
1.88,4.19,21.0907758,0.142,0.0,5499.0,0.89,0.86
1.78,3.82,16.1779561,0.1285,0.0,5812.0,1.02,1.02
1.23,2.04,4.48558383,0.0295,0.0,3299.0,0.24,0.26
11.8739,483.0,1107.5923,2.7205,0.0581,6210.0,1.2207,1.7903
1.017,1.03,8.689099,0.0514,0.0,3240.0,0.1977,0.2317
1.06,1.2,19.53527,0.0649,0.0,3240.0,0.1977,0.2317
2.32,5.99,8.180848,0.072,0.0,5211.0,0.746,0.77
2.23,5.6,15.31299,0.11,0.0,5211.0,0.746,0.77
0.96,0.84,1.53818001,0.0167,0.01,3410.0,0.326,0.334
1.84,4.04,9.87863917,0.0692,0.13,3713.0,0.522,0.503
1.6,3.19,38.09722,0.1654,0.0,3638.0,0.404,0.382
2.17,5.35,140.2524,0.4706,0.0,4807.0,0.719,0.693
9.180171,158.915,1047.8356,2.026,0.26,5597.0,1.011,1.179
2.213,5.4,11.8728787,0.1029,0.19,6148.0,1.03,1.03
4.574,47.8,31.562,0.1974,0.838,5569.0,1.03,1.1
14.0,126.4,1919.0,3.053,0.527,5569.0,1.03,1.1
2.27,5.77,7.650254,0.072,0.0,5413.0,0.811,0.742
2.38,6.26,34.260281,0.195,0.0,5413.0,0.811,0.742
1.73,3.64,1.554003928,0.02449,0.0,5350.0,0.88,0.83
12.9,1586.59940774,239.5044,0.8,0.05541,6305.24,1.1366,1.491
3.87,17.0,175.06,0.633,0.057,5100.0,0.841,0.762
3.30395896,10.9,17.6046,0.1072,0.0,3844.0,0.610816,0.62859
3.03320653,9.45,14.3868,0.1137,0.0,5735.81,0.944,1.072
2.83910787,8.44,11.9548,0.096,0.0,5049.84,0.842,0.777785
2.88273782,8.66,25.8476,0.1761,0.0,6293.0,1.23,1.14586
3.23564749,10.5,40.7157,0.2383,0.0,6293.0,1.23,1.14586
2.98385261,9.19,83.5781,0.35905,0.0,5941.54,1.09,1.08751
4.34764405,17.4,15.434,0.124,0.0,5542.0,0.98,1.01738
2.78043818,8.15,9.51216,0.0745,0.0,4303.0,0.67,0.714145
1.90120972,4.27,1.609320045,0.0228,0.0,4224.0,0.609,0.603
1.22,1.98,4.72941177,0.0468,0.0,4224.0,0.609,0.603
1.718,3.6,4.3931539,0.04825,0.0,4884.0,0.777,0.749
1.674,3.44,7.406106,0.0684,0.0,4884.0,0.777,0.749
1.238,2.06,21.80379,0.1404,0.0,4884.0,0.777,0.749
10.16,321.00669107,1071.23205,1.883,0.29,4884.0,0.777,0.749
3.3564801,11.2,20.4998,0.1528,0.0,5838.0,1.05,1.51889
1.32557381,2.32,4.16787,0.04946,0.0,5135.55,0.866,0.929771
2.97022762,9.11,150.878,0.55374,0.0,6131.95,1.16,1.08841
2.9355194,8.93,33.7888,0.21363,0.0,6014.95,1.11,1.13166
3.2057749,10.4,62.5611,0.3017,0.0,5473.91,0.96,0.877273
3.12483349,9.93,63.0382,0.32185,0.0,5853.19,1.06,1.12865
3.3769596,11.3,29.9221,0.1954,0.0,5878.3,1.07,1.06066
2.70216183,7.76,22.064,0.1599,0.0,6013.72,1.11,1.24959
3.30422249,10.9,147.974,0.5302,0.0,5754.0,1.03,0.834976
2.0692036,4.93,9.75376,0.0892,0.0,5501.0,0.96,0.873196
1.46,2.73,4.425391,0.056,0.0,6282.0,1.113,1.107
2.69,7.7,13.193242,0.116,0.0,6282.0,1.113,1.107
1.35954736,2.42,8.77424,0.07642,0.0,5021.0,0.834,0.723259
2.55321772,7.05,69.8956,0.32,0.0,5756.4,0.893,0.759
2.88940836,8.7,14.8334,0.1134,0.0,5619.12,0.99,0.842301
1.87477762,4.17,15.0337,0.1182,0.0,5429.0,0.95,0.900327
2.87084792,8.6,47.7055,0.2253,0.0,4706.54,0.75,0.666755
2.57673985,7.16,20.4905,0.1485,0.0,5484.0,0.96,0.835451
1.42553017,2.62,9.30987,0.08827,0.0,5714.96,1.02,1.19951
1.65623882,3.38,5.77954,0.0532,0.0,4132.0,0.65,0.726119
1.26174569,2.13,5.62012,0.0577,0.0,4632.11,0.814,0.746
0.94678642,0.799,8.483,0.0784,0.0,5731.43,1.023,0.996208
1.13,1.51,3.250619,0.04,0.0,4997.0,0.825,0.763
1.21,1.92,6.195469,0.062,0.0,4997.0,0.825,0.763
1.25,2.1,8.348125,0.075,0.0,4997.0,0.825,0.763
2.2,5.48,13.767102,0.105,0.0,4997.0,0.825,0.763
2.58,7.18,87.090195,0.359,0.0,4997.0,0.825,0.763
2.81109223,8.3,234.636,0.7097,0.0,5404.0,0.94,0.862346
1.83470985,4.02,3.8482,0.0495,0.0,6000.0,1.11,1.13152
1.11177184,1.42,5.95966,0.0646,0.0,5146.0,0.87,0.866139
1.28938413,2.21,12.0999,0.1011,0.0,5432.34,0.95,0.878295
0.97698289,0.894,5.363709927,0.0588,0.0,5553.0,0.941,1.098
1.17986031,1.76,3.89526,0.0449,0.0,4954.0,0.82,0.756284
1.11948901,1.46,4.7329,0.0529,0.0,5473.19,0.96,0.987155
2.80982017,8.29,65.9409,0.3244,0.0,5712.0,1.02,1.19811
1.25954761,2.12,33.4969,0.2008,0.0,4681.53,0.747,0.772344
1.07315686,1.25,1.2107,0.02065,0.0,4975.03,0.822,0.741698
1.56671124,3.08,3.49082,0.0418,0.0,5575.53,0.81,0.725
14.68,778.65,1.4857108,0.02591,0.011,5781.0,1.04,1.01034
3.2,82.6,7.930592,0.08,0.0,5679.0,1.066,1.035
2.86,8.55,16.665863,0.131,0.0,5679.0,1.066,1.035
2.90129941,8.76,234.239,0.76094,0.0,6031.0,1.12,1.0937
2.22186207,5.57,169.134,0.5738,0.0,5146.0,0.87,0.840217
1.60190793,3.2,18.5012,0.1275,0.0,5093.0,0.85,0.725742
11.94877343,1322.16617312,988.88112,2.027,0.92,5746.0,1.132,1.697
2.03,4.47,9.03502,0.08,0.033,6312.0,1.139,1.259
9.96,1462.0106722,737.1131,1.64,0.4,6157.0,1.088,1.117
3.12424875,9.93,65.70459747,0.32704,0.0,5918.0,1.003,1.043
2.34,6.08,4.166972,0.05,0.0,5642.0,0.978,0.839
2.56,7.08,11.463462,0.098,0.0,5642.0,0.978,0.839
1.89,4.23,39.595519,0.223,0.0,5642.0,0.978,0.839
3.19744103,3.49494179,14.91110039,0.11583,0.0,5650.0,0.932,0.899
1.923,4.36,21.06080055,0.1463,0.0,5706.0,0.94,1.034
2.28372556,5.83,13.81499958,0.0903,0.0,3732.0,0.515,0.509
1.71673535,3.59,18.01160049,0.14185,0.0,6477.0,1.3,1.459
3.26437302,10.7,10.27530003,0.10549,0.0,6150.0,1.448,2.086
4.14042267,16.0,35.59730148,0.22429,0.0,6212.0,1.082,1.209
2.4247685,6.46,35.58100128,0.18836,0.0,4894.0,0.753,0.684
2.98929758,9.21,30.65279961,0.2014,0.0,6200.0,1.158,1.64
2.5685207,7.12,135.1880035,0.48418,0.0,5731.0,0.846,0.906
3.95000623,14.8,6.149559975,0.06868,0.0,5687.0,1.08,1.775
2.35,6.12,2.940309,0.04,0.0,5526.0,1.081,1.085
2.86,8.55,6.388996,0.068,0.0,5526.0,1.081,1.085
2.25,5.69,14.627119,0.118,0.0,5526.0,1.081,1.085
2.76,8.05,35.118736,0.211,0.0,5526.0,1.081,1.085
3.21585295,10.4,12.70639992,0.1043,0.0,5573.0,0.939,0.839
3.11856756,9.9,4.592380047,0.0519,0.0,5351.0,0.89,0.796
2.86719266,8.58,9.178569794,0.0819,0.0,5506.0,0.876,0.788
2.88046569,8.65,39.75289917,0.2249,0.0,6072.0,0.96,1.01
2.83677238,8.43,6.45442009,0.0683,0.0,6092.0,1.016,0.943
2.8125177,8.31,16.71990013,0.13263,0.0,6020.0,1.049,1.085
2.50861954,6.84,18.39629936,0.12794,0.0,5316.0,0.876,0.804
3.17321625,10.2,9.029299736,0.0796,0.0,5349.0,0.824,0.82
2.95501875,9.04,4.782999992,0.0535,0.0,5170.0,0.891,0.807
3.89404186,14.4,4.220970154,0.0418,0.0,3837.0,0.544,0.517
1.29,2.21,4.263742,0.048,0.0,6031.0,1.067,0.949
2.43,6.48,8.005777,0.074,0.0,6031.0,1.067,0.949
4.48524519,18.4,13.81019974,0.1131,0.0,5942.0,1.009,1.142
2.93295657,8.92,21.76129913,0.1399,0.0,4859.0,0.781,0.72
4.09903273,15.7,32.31240082,0.2015,0.0,5821.0,1.043,1.494
3.63582354,12.8,9.229579926,0.0933,0.0,6320.0,1.273,1.252
3.08851092,9.74,6.796850204,0.0714,0.0,6061.0,1.05,0.97
1.19429134,1.84,7.71792984,0.0621,0.0,3975.0,0.535,0.509
3.8765856,14.3,37.81029892,0.2188,0.0,6085.0,0.976,0.973
5.395,25.1,64.61750031,0.297,0.0,5043.0,0.834,0.881
2.82472883,8.37,7.674630165,0.0781,0.0,6063.0,1.079,1.001
2.43056832,6.48,7.343709946,0.0697,0.0,5757.0,0.865,0.762
1.96,4.5,13.98179,0.1,0.0,4880.0,0.602,0.622
1.49,2.83,44.000529,0.214,0.0,4880.0,0.602,0.622
2.19,5.43,247.35373,0.677,0.0,4880.0,0.602,0.622
3.32321414,11.0,8.172400475,0.0779,0.0,5705.0,0.943,0.905
1.273,2.16,2.757590055,0.0296,0.0,3683.0,0.454,0.424
2.1782413,5.38,49.47819901,0.2587,0.0,5776.0,0.939,0.849
1.59887007,3.18,7.649710178,0.084,0.0,5855.0,1.266,1.613
3.76754004,13.6,37.10110092,0.20945,0.0,5986.0,0.886,0.85
1.92872921,4.38,3.016190052,0.0408,0.0,5611.0,0.995,1.4
8.93504475,59.1,321.2120056,0.94082,0.0,6018.0,1.09,1.286
4.26508,16.8,6.230319977,0.066,0.0,5477.0,0.983,0.865
2.71275017,7.81,5.823520184,0.0615,0.0,5774.0,0.916,0.864
1.61301783,3.23,14.53409958,0.0956,0.0,3957.0,0.551,0.553
2.56,7.08,11.903515,0.105,0.0,6064.0,0.969,1.01
3.1,9.8,34.035257,0.213,0.0,6064.0,0.969,1.01
6.00434637,30.1,205.9120026,0.6785,0.0,5644.0,0.981,0.969
1.82417378,3.98,7.017310143,0.0712,0.0,6052.0,0.974,0.967
4.54060463,18.7,56.35850143,0.2698,0.0,5446.0,0.824,0.821
2.22678077,5.59,16.00460052,0.1179,0.0,5180.0,0.86,0.769
2.43996509,6.53,8.195949554,0.0718,0.0,4723.0,0.734,0.747
5.91688317,29.4,24.81209946,0.1668,0.0,6086.0,1.003,0.921
1.47199944,2.77,2.355750084,0.0319,0.0,4915.0,0.781,0.812
2.94660251,8.99,19.65640068,0.1335,0.0,5288.0,0.828,0.74
2.57059831,7.13,9.977210045,0.0919,0.0,5557.0,1.035,1.616
0.9037791,0.676,3.720230103,0.0429,0.0,5017.0,0.76,0.797
1.43,290.537,5.433074,0.058,0.0,5232.0,0.86,0.891
2.6,1.33,12.759712,0.102,0.0,5232.0,0.86,0.891
2.51,1.72,25.751974,0.163,0.0,5232.0,0.86,0.891
1.45,0.52075,51.16579,0.25654,0.0,5295.0,0.87,0.83
2.28995546,5.86,38.3260994,0.2084,0.0,5229.0,0.821,0.903
1.39109603,2.51,4.043540001,0.0413,0.0,3871.0,0.573,0.532
2.76022913,8.05,29.53910065,0.204,0.0,6572.0,1.298,1.238
1.14651332,1.59,1.480280042,0.0257,0.0,5897.0,1.026,1.259
4.55527871,18.8,70.46829987,0.3512,0.0,6461.0,1.162,1.131
2.49508857,6.78,10.41889954,0.0917,0.0,5692.0,0.946,1.064
2.27904508,5.81,105.0149994,0.4161,0.0,5868.0,0.915,1.042
3.01299077,9.34,59.65829849,0.2873,0.0,5243.0,0.887,0.831
2.23346338,5.62,15.13589954,0.1286,0.0,6050.0,1.24,1.572
4.465,18.2,89.1934967,0.40598,0.0,6071.0,1.061,1.295
3.5,5.84,36.8601,0.21101,0.0,5732.0,0.921,1.324
8.73,14.7,49.40926,0.25655,0.0,5732.0,0.921,1.324
2.84141754,8.45,16.84189987,0.1261,0.0,5602.0,0.941,1.009
4.05537256,15.5,88.64399719,0.3815,0.0,5661.0,0.941,0.934
2.68609988,7.68,3.215090036,0.04391,0.0,5541.0,0.942,0.934
3.50469499,12.1,40.80970001,0.24831,0.0,6183.0,1.241,1.3
3.18179549,10.2,59.77080154,0.29496,0.0,6214.0,1.101,1.122
3.64762153,12.9,85.65399933,0.39565,0.0,5818.0,1.149,1.647
2.61157023,7.33,35.01190186,0.2093,0.0,5872.0,1.041,1.153
2.13189678,5.19,12.18420029,0.10301,0.0,5771.0,0.984,1.068
3.01665969,9.36,10.08740044,0.0956,0.0,6310.0,1.143,1.095
3.03295685,9.44,16.34359932,0.1264,0.0,5730.0,1.008,1.056
2.9,8.75,9.576694,0.085,0.0,5676.0,0.852,1.066
2.88,8.65,20.552802,0.142,0.0,5676.0,0.852,1.066
3.95,14.8,96.678988,0.397,0.0,5676.0,0.852,1.066
3.60600667,12.7,109.4449997,0.4276,0.0,5403.0,0.868,0.868
2.38091029,6.26,4.88752985,0.0574,0.0,5568.0,1.053,0.957
2.22927435,5.6,5.756229877,0.05825,0.0,4931.0,0.794,0.734
1.31946731,2.3,8.277440071,0.07595,0.0,5129.0,0.887,1.781
2.79936489,8.24,13.59049988,0.1072,0.0,5442.0,0.887,0.974
2.70422447,7.77,19.58550072,0.13917,0.0,5618.0,0.911,0.996
3.16305828,10.1,78.5460968,0.35722,0.0,5808.0,1.058,1.397
2.31898181,5.99,39.31370163,0.227,0.0,6060.0,1.008,0.925
2.37850461,6.25,2.800120115,0.0343,0.0,4786.0,0.686,0.704
2.83137505,8.4,80.23190308,0.3543,0.0,5436.0,0.92,0.888
1.64,3.33,2.735926,0.036,0.0,5302.0,0.893,0.759
2.0,4.66,6.40013,0.064,0.0,5302.0,0.893,0.759
3.1446145,10.0,31.58889961,0.20989,0.0,5866.0,1.02,1.367
3.12103321,9.91,7.720860004,0.0761,0.0,5887.0,0.985,1.177
2.51990972,6.89,4.1957798,0.0488,0.0,5229.0,0.878,1.005
3.79037518,13.8,8.779999733,0.0787,0.0,5191.0,0.85,0.764
1.79426276,3.87,9.762980461,0.0821,0.0,5052.0,0.773,0.816
1.66301611,3.4,13.36019993,0.1002,0.0,4500.0,0.768,0.688
2.75047868,8.0,29.4557991,0.1879,0.0,6036.0,1.018,0.949
3.05774442,9.58,23.3593998,0.1637,0.0,6244.0,1.069,1.009
2.30911251,5.94,16.85589981,0.1082,0.0,3967.0,0.593,0.587
4.12801189,15.9,11.9296999,0.1028,0.0,5831.0,1.016,0.921
2.0,6.9,3.504725,0.0447,0.0,5345.0,0.972,1.108
5.49,17.3,7.64159,0.0752,0.0,5345.0,0.972,1.108
6.98,16.4,14.85888,0.1172,0.0,5345.0,0.972,1.108
1.5,2.86,13.817124,0.109,0.0,5731.0,0.95,1.063
3.01,9.32,41.885775,0.229,0.0,5731.0,0.95,1.063
0.99679734,0.961,4.562029839,0.05098,0.0,5343.0,1.33,2.506
2.70926154,7.8,10.44089985,0.0915,0.0,5738.0,0.936,0.981
2.91,8.8,116.583183,0.4572,0.0,5738.0,0.936,0.981
1.671,3.43,15.45020008,0.0662,0.0,4245.0,0.649,0.637
2.322,6.0,33.13610077,0.1748,0.0,4245.0,0.649,0.637
1.59615726,3.18,12.28849983,0.1017,0.0,5109.0,0.929,1.671
1.54502915,3.0,8.847940445,0.0699,0.0,3867.0,0.581,0.552
2.35560189,6.15,9.033320427,0.0813,0.0,5311.0,0.884,0.788
2.70393215,7.77,10.86060047,0.0988,0.0,6455.0,1.087,1.496
3.02511302,9.4,23.3404007,0.1467,0.0,5530.0,0.773,0.892
1.513,2.9,3.7572999,0.04444,0.0,4901.0,0.807,0.716
1.27,2.15,3.137873,0.04,0.0,5333.0,0.81,0.749
1.99,4.62,4.302149,0.049,0.0,5333.0,0.81,0.749
3.91815325,14.6,101.1330032,0.4137,0.0,5492.0,0.921,1.016
3.84829873,14.1,76.42230225,0.3462,0.0,5561.0,0.946,1.19
2.3249424,6.01,7.165219784,0.0765,0.0,6174.0,1.162,1.103
1.413,2.58,2.818160057,0.0364,0.0,5167.0,0.812,0.787
2.36961357,6.21,2.935359955,0.03765,0.0,4922.0,0.79,0.823
1.76,3.75,0.626281766,0.0133,0.0,4922.0,0.79,0.823
2.7489262,7.99,12.19139957,0.0984,0.0,5516.0,0.856,0.967
1.9679397,4.53,91.50099945,0.35647,0.0,5051.0,0.786,0.706
2.27349126,5.79,44.29919815,0.2348,0.0,5316.0,0.878,0.915
1.71360684,3.58,4.644909859,0.055,0.0,6047.0,1.021,1.129
3.90351256,14.5,16.48690033,0.1337,0.0,6090.0,1.173,1.071
2.58,7.18,9.825792,0.096,0.0,6250.0,1.114,1.146
3.43,11.6,20.684342,0.157,0.0,6250.0,1.114,1.146
3.11883067,9.9,31.03249931,0.1964,0.0,5841.0,1.047,0.931
2.59248115,7.24,16.45809937,0.1244,0.0,5475.0,0.946,0.884
2.64755943,7.5,22.13339996,0.1416,0.0,5165.0,0.782,0.702
2.0861268,5.0,21.10339928,0.15332,0.0,6000.0,1.068,1.126
2.38127597,6.26,95.61100006,0.4267,0.0,6002.0,1.135,1.081
1.42200732,2.61,1.025869966,0.0187,0.0,5123.0,0.828,0.847
1.47519116,2.78,1.615360022,0.0213,0.0,3821.0,0.49,0.486
1.85644292,4.1,3.700619936,0.04647,0.0,5423.0,0.915,1.404
2.11598626,5.13,10.2737999,0.0924,0.0,5806.0,0.996,0.899
2.47887001,6.71,5.186719894,0.0559,0.0,5230.0,0.873,0.777
2.06,4.9,5.687945,0.064,0.0,5888.0,0.99,0.958
2.27,35.7,11.637071,0.103,0.0,5888.0,0.99,0.958
3.32992941,11.1,56.49330139,0.31769,0.0,6160.0,1.443,2.046
1.97019818,4.54,5.78387022,0.0655,0.0,6063.0,1.117,1.012
1.22719556,2.02,3.138789892,0.037,0.0,5242.0,0.684,0.722
1.30027362,2.24,6.892129898,0.07545,0.0,6164.0,1.286,1.446
1.4593834,2.73,4.603010178,0.04911,0.0,4821.0,0.765,0.788
1.22,1.98,0.766691517,0.015,0.0,4821.0,0.765,0.788
3.53387773,12.2,11.96409988,0.0997,0.0,5903.0,0.922,0.961
2.55303229,7.05,5.254169941,0.0602,0.0,6123.0,1.053,0.987
2.06673842,4.92,5.906089783,0.065,0.0,5966.0,1.049,0.961
1.66049425,3.4,12.14680004,0.11082,0.0,5877.0,1.187,1.963
1.9493759,4.46,5.056759834,0.0583,0.0,5926.0,1.03,0.939
2.36,6.17,10.687576,0.092,0.0,5788.0,0.872,0.873
1.97,8.8,20.303005,0.141,0.0,5788.0,0.872,0.873
2.49,6.76,29.022358,0.179,0.0,5788.0,0.872,0.873
2.77771129,8.13,131.1900024,0.46206,0.0,4898.0,0.774,0.803
1.48912557,2.82,25.88599968,0.1606,0.0,5190.0,0.823,0.899
2.35388681,6.14,14.02639961,0.116,0.0,5970.0,1.057,1.131
2.70909809,7.8,25.54339981,0.17871,0.0,5422.0,1.02,1.782
3.03648191,9.46,3.924510002,0.0478,0.0,5776.0,0.939,0.849
2.43836702,6.52,11.60649967,0.0885,0.0,4703.0,0.686,0.701
1.76378826,3.76,14.82009983,0.11054,0.0,4825.0,0.785,0.732
2.74516914,7.97,11.12969971,0.0989,0.0,6122.0,1.041,0.964
1.4088539,2.57,5.604020119,0.05835,0.0,4847.0,0.756,0.737
2.38685349,6.29,57.29290009,0.2597,0.0,4806.0,0.709,0.729
1.17,1.71,1.6329,0.026,0.0,5208.0,0.763,0.806
2.02,4.74,20.729042,0.139,0.0,5208.0,0.763,0.806
0.72909663,0.313,1.385800004,0.0206,0.0,4239.0,0.611,0.6
3.90012032,14.5,12.02289963,0.1016,0.0,5982.0,0.967,0.879
1.88610592,4.22,7.970940113,0.0762,0.0,5237.0,0.927,0.826
1.51862272,2.92,48.88819885,0.2395,0.0,4821.0,0.765,0.788
2.58746104,7.21,39.83110046,0.20894,0.0,5026.0,0.8,0.759
1.216205,1.96,0.727330983,0.0115,0.0,3460.0,0.385,0.356
1.73447868,3.66,1.302000046,0.0215,0.0,4948.0,0.782,0.816
1.96065412,4.5,8.94340992,0.08308,0.0,6074.0,0.873,1.005
2.42168247,6.44,88.07160187,0.3575,0.0,4939.0,0.785,0.819
1.58313575,3.13,2.729599953,0.0394,0.0,5887.0,1.09,1.235
1.66,3.39,3.59645081,0.0473,0.0,5887.0,1.09,1.235
1.07,1.24,3.8867907,0.0343,0.0,3788.0,0.478,0.472
1.25,2.1,7.267302,0.0451,0.0,3788.0,0.478,0.472
1.4,2.54,13.342996,0.0781,0.0,3788.0,0.478,0.472
1.27,2.15,22.407704,0.11,0.0,3788.0,0.478,0.472
1.17,1.71,129.9441,0.432,0.04,3755.0,0.544,0.523
1.13863767,1.55,12.73719978,0.10625,0.0,5420.0,0.874,0.868
2.20677414,5.5,40.0306015,0.24082,0.0,5855.0,1.161,1.373
2.203,5.49,16.05730057,0.1199,0.0,5644.0,0.9,0.806
2.26309256,5.74,44.99760056,0.23678,0.0,5871.0,1.097,0.983
0.75408365,0.353,3.881510019,0.049,0.0,5854.0,1.03,0.979
1.57686072,3.11,2.524009943,0.0344,0.0,5420.0,0.849,0.871
2.08215108,4.99,11.66009998,0.1016,0.0,5791.0,1.03,1.083
1.15985997,1.65,9.887359619,0.0872,0.0,5693.0,0.911,0.816
3.14950109,10.1,211.0339966,0.62348,0.0,4658.0,0.743,0.686
1.11955354,1.46,8.167360306,0.07976,0.0,5808.0,0.987,0.902
0.74,0.33,1.716828304,0.028,0.0,5808.0,0.987,0.902
1.41,2.57,4.938864,0.059,0.0,6105.0,1.081,1.287
2.67,7.61,10.640263,0.099,0.0,6105.0,1.081,1.287
2.10143764,5.07,3.606940031,0.0452,0.0,5508.0,0.955,0.84
2.42172881,6.44,1.952700019,0.0308,0.0,5741.0,1.02,0.946
2.38421141,6.28,3.825910091,0.0465,0.0,5223.0,0.913,0.885
1.62573811,3.28,0.558842003,0.0128,0.0,5151.0,0.903,0.792
2.21110724,5.52,56.57320023,0.2633,0.0,4701.0,0.758,0.775
3.22686692,10.5,34.45859909,0.2039,0.0,6161.0,0.95,0.862
0.853,2.4,6.99205,0.0758,0.098,6104.0,1.187,1.477
0.624086,0.179,2.377569914,0.03472,0.0,5615.0,1.022,0.936
2.92019781,8.86,4.445879936,0.0521,0.0,5918.0,0.956,0.865
2.06512018,4.92,10.61340046,0.0957,0.0,5865.0,1.023,1.388
1.68,3.46,2.061897,0.032,0.0,6021.0,1.021,1.141
3.19,10.3,5.996553,0.066,0.0,6021.0,1.021,1.141
2.11686218,5.13,6.309219837,0.054,0.0,4380.0,0.524,0.53
2.98104391,9.17,159.3939972,0.53325,0.0,5135.0,0.812,0.874
1.48674404,2.81,13.78730011,0.11636,0.0,5691.0,1.068,1.458
3.25107395,10.6,103.427002,0.4438,0.0,6208.0,1.086,1.024
1.81406781,3.95,8.988320351,0.0845,0.0,5984.0,0.993,0.906
1.51110555,2.89,2.522559881,0.036,0.0,5591.0,0.977,0.86
2.58158428,7.18,24.2758007,0.16,0.0,5745.0,0.928,0.837
2.92454357,8.88,19.94750023,0.1421,0.0,5749.0,0.961,0.864
1.32578716,2.32,11.39169979,0.0956,0.0,5557.0,0.897,1.249
2.94360686,8.98,37.30369949,0.2082,0.0,5646.0,0.864,0.817
1.21,1.92,10.399931,0.088,0.0,5235.0,0.803,0.75
2.38,22.7,20.134866,0.137,0.0,5235.0,0.803,0.75
0.86867375,0.587,4.820590019,0.05712,0.0,6046.0,1.024,1.396
1.52139156,2.93,4.02229023,0.0473,0.0,5516.0,0.873,0.827
1.83707938,4.03,6.331230164,0.0633,0.0,5383.0,0.851,0.759
1.70557445,3.55,4.179369926,0.0504,0.0,5633.0,0.973,1.162
1.20117759,1.87,2.762660027,0.0385,0.0,5772.0,0.999,0.901
1.21,1.92,5.05368985,0.0576,0.0,5772.0,0.999,0.901
2.11934728,5.14,6.070290089,0.0615,0.0,5076.0,0.86,0.763
3.09935997,9.8,44.87020111,0.2529,0.0,6122.0,1.07,0.996
2.81407954,8.32,24.22030067,0.1546,0.0,5165.0,0.859,0.761
0.93353523,0.76,4.765620232,0.05063,0.0,5702.0,0.837,1.125
1.55098292,3.02,4.095779896,0.0457,0.0,4791.0,0.759,0.742
2.209,6.1,9.28699,0.0846,0.41,5541.0,0.936,0.859
3.68,13.1,28.731,0.1765736996,0.21,5544.0,0.936,0.859
1.56,3.05,2.019999,0.03,0.0,5106.0,0.834,0.795
1.46,2.73,3.763024,0.045,0.0,5106.0,0.834,0.795
1.62314676,3.27,2.986229897,0.042,0.0,6173.0,1.104,1.041
1.47418907,2.77,3.484129906,0.0453,0.0,5696.0,1.022,0.921
1.17563613,1.74,3.822220087,0.0385,0.0,3729.0,0.52,0.514
2.28642395,5.85,17.0678997,0.1321,0.0,6347.0,1.053,0.996
1.3904994,2.51,4.577020168,0.0436,0.0,3805.0,0.526,0.497
1.4460734,2.69,3.42392993,0.0451,0.0,5788.0,1.038,1.015
2.77615754,8.13,7.362689972,0.0738,0.0,5868.0,0.987,0.894
0.86973029,0.589,5.652450085,0.05444,0.0,5159.0,0.752,0.8
1.15547044,1.63,14.86390018,0.10371,0.0,5159.0,0.752,0.8
1.09217411,1.33,2.391609907,0.0306,0.0,4935.0,0.663,0.685
1.34,2.36,9.939632,0.087,0.0,5282.0,0.857,0.789
1.86,4.12,17.738506,0.128,0.0,5282.0,0.857,0.789
2.28,5.82,5.945041017,0.06104,0.0,5215.0,0.84,0.8
1.184,1.78,5.688769817,0.0536,0.0,4234.0,0.636,0.639
1.011,1.01,5.990799904,0.0636,0.0,5721.0,0.954,0.972
1.35670508,2.41,6.059219837,0.06489,0.0,5734.0,0.977,0.962
1.51852059,2.92,14.1960001,0.1209,0.0,6214.0,1.169,1.076
2.9429803,8.97,30.82789993,0.1954,0.0,5982.0,1.047,0.96
3.21798413,10.4,13.83539963,0.114,0.0,6020.0,1.03,1.057
2.61757235,7.35,31.25429916,0.2053,0.0,6246.0,1.18,1.092
1.88971288,4.23,12.90240002,0.103,0.0,5530.0,0.882,0.788
2.29763023,5.89,47.0564003,0.2524,0.0,5889.0,0.967,0.924
2.62390658,7.38,37.88660049,0.2107,0.0,5513.0,0.868,0.818
2.74,7.95,9.926746,0.09,0.0,5479.0,1.028,1.007
2.79,8.2,21.2234,0.15,0.0,5479.0,1.028,1.007
1.02,1.04,6.47027579,0.0686,0.0,5487.0,0.94,0.94
2.95415848,9.03,30.2541008,0.2043,0.0,6277.0,1.239,1.161
2.89459458,8.72,20.03479958,0.15865,0.0,6120.0,1.251,2.0
1.41,2.57,3.15722086,0.0454,0.0,6120.0,1.251,2.0
2.29064904,5.86,13.22259998,0.1077,0.0,5931.0,0.953,0.863
1.95958179,4.5,52.60969925,0.2846,0.0,5881.0,1.109,1.294
2.65446572,7.53,15.33170033,0.1216,0.0,5726.0,1.018,1.285
3.00177922,9.28,46.71640015,0.2588,0.0,5856.0,1.057,1.092
2.31495961,5.97,42.87770081,0.2197,0.0,5256.0,0.768,0.832
3.40627075,11.5,73.75039673,0.38733,0.0,6056.0,1.408,2.481
1.992,4.63,19.57783,0.194,0.43,5720.0,1.01,0.92
3.07250761,9.65,59.36249924,0.30883,0.0,5786.0,1.006,1.471
2.39,6.3,11.38848,0.106,0.0,6335.0,1.051,1.147
2.75,8.0,50.697494,0.286,0.0,6335.0,1.051,1.147
1.52955541,2.95,13.02680016,0.10233,0.0,5083.0,0.844,0.844
2.65323514,7.53,38.5760994,0.23329,0.0,6167.0,1.174,1.221
1.51482218,2.91,0.524177015,0.0123,0.0,5278.0,0.911,0.815
1.17984089,1.76,4.943290234,0.05605,0.0,5661.0,0.964,1.008
0.91307734,0.702,1.419759989,0.02466,0.0,5925.0,0.968,1.035
2.50271696,6.82,3.951400042,0.0463,0.0,5570.0,0.845,0.899
3.16615594,10.2,126.5569992,0.52662,0.0,6501.0,1.419,1.854
3.0229133,9.39,9.688599586,0.0915,0.0,6457.0,1.19,1.196
1.82828927,4.0,13.06260014,0.0938,0.0,4522.0,0.646,0.655
1.16480773,1.68,2.790659904,0.0334,0.0,4353.0,0.648,0.603
1.51,2.89,2.092281,0.032,0.0,6089.0,0.94,1.025
2.59,7.22,17.308032,0.131,0.0,6089.0,0.94,1.025
2.4,6.35,52.814973,0.275,0.0,6089.0,0.94,1.025
1.54732469,3.01,4.950610161,0.0525,0.0,5431.0,0.802,0.717
2.64976949,7.51,31.33510017,0.2054,0.0,6404.0,1.175,1.142
2.1170287,5.13,4.626049995,0.0516,0.0,5834.0,0.852,0.797
1.54869189,3.02,4.850180149,0.05975,0.0,6032.0,1.055,0.973
2.75971163,8.05,9.842579842,0.0918,0.0,5585.0,1.064,0.972
1.289,2.21,6.080039978,0.0597,0.0,4991.0,0.767,0.804
2.48812698,6.75,3.035190105,0.0394,0.0,5505.0,0.887,0.873
1.0101666,1.01,6.963630199,0.07375,0.0,6040.0,0.984,1.686
1.03283226,1.09,15.57129955,0.1022,0.0,3872.0,0.585,0.557
2.21964541,5.56,2.208280087,0.0352,0.0,6028.0,1.194,1.454
2.03,4.78,8.307872,0.077,0.0,5329.0,0.867,0.775
1.55,3.02,34.096863,0.197,0.0,5329.0,0.867,0.775
1.52696349,2.95,10.77690029,0.0871,0.0,5455.0,0.759,0.852
2.32107188,6.0,20.65780067,0.1435,0.0,5468.0,0.923,1.306
1.23923346,2.07,27.21080017,0.1724,0.0,5973.0,0.922,1.305
1.28574667,2.2,6.245659828,0.0607,0.0,4858.0,0.786,0.707
1.80235934,3.9,5.883430004,0.0625,0.0,5840.0,0.942,0.849
1.16654878,1.69,14.26519966,0.11959,0.0,5825.0,1.049,1.291
1.08940238,1.32,5.943719864,0.0563,0.0,4391.0,0.671,0.682
0.94374867,0.79,2.186619997,0.0299,0.0,4904.0,0.745,0.772
2.05124311,4.86,9.328619957,0.0856,0.0,5749.0,0.961,0.864
1.14315727,1.57,6.38669014,0.0617,0.0,5071.0,0.768,0.811
1.9,4.27,20.739886,0.138,0.0,5128.0,0.839,0.782
2.24,5.65,47.427737,0.24,0.0,5128.0,0.839,0.782
2.66065673,7.56,122.0800018,0.4545,0.0,5132.0,0.805,0.77
1.30749704,2.26,2.297940016,0.0354,0.0,6371.0,1.117,1.072
1.6187808,3.25,5.604710102,0.0588,0.0,5401.0,0.871,0.777
1.21463929,1.95,7.991459846,0.0783,0.0,5700.0,1.003,1.006
0.74437023,0.337,1.962260008,0.02915,0.0,5726.0,0.915,0.979
1.7810587,3.83,2.440829992,0.0322,0.0,4803.0,0.752,0.698
1.35415138,2.4,41.86869812,0.22971,0.0,5852.0,0.928,0.837
1.10479327,1.39,8.617429733,0.0763,0.0,5009.0,0.797,0.84
0.73022577,0.315,7.281690121,0.06686,0.0,4970.0,0.996,1.806
1.50004034,2.86,7.281099796,0.0696,0.0,5008.0,0.844,0.788
1.68161001,3.47,6.647520065,0.0717,0.0,6046.0,1.111,1.007
1.02,1.04,5.599308,0.06,0.02,6004.0,0.857,1.12
1.23,5.3,10.349695,0.09,0.08,6004.0,0.857,1.12
1.22,1.98,15.677563,0.119,0.03,6004.0,0.857,1.12
0.91,0.693,25.209715,0.164,0.38,6004.0,0.857,1.12
0.802,2.02,7.54425,0.08006,0.067,5818.0,1.12,1.384
0.868,2.11,11.3295,0.10493,0.043,5818.0,1.12,1.384
1.66,3.39,4.53702121,0.0486,0.0,4805.0,0.769,0.688
2.67,7.61,10.84969477,0.0914,0.0,5251.0,0.869,0.778
2.82,8.35,17.790037,0.131,0.0,5574.0,0.995,0.94
2.47,6.66,49.567416,0.259,0.0,5574.0,0.995,0.94
1.53,2.96,1.31184443,0.02342,0.0,5636.0,0.97,0.93
2.21,5.52,33.0257179,0.2049,0.0,5819.0,1.049,0.99
9.23,62.5,453.54212,1.3292,0.0,5874.0,1.519,3.006
0.77,0.381,3.82315697,0.0511,0.0,6202.0,1.213,1.122
2.33,6.04,7.32851947,0.0689,0.0,5135.0,0.812,0.874
6.81,37.3,1.992812339,0.0238,0.0,3638.0,0.45,0.42
2.27,5.77,3.42064689,0.0426,0.0,5370.0,0.877,0.966
1.89,4.23,19.5489666,0.1307,0.0,5549.0,0.776,0.732
1.23,2.04,2.345863002,0.0318,0.0,4769.0,0.799,0.714
1.33,2.33,3.64830183,0.0427,0.0,4769.0,0.799,0.714
2.66,7.56,5.644914154,0.0571,0.0,4769.0,0.799,0.714
1.92,4.35,8.74292005,0.0765,0.0,4769.0,0.799,0.714
1.53,2.96,11.49500229,0.1038,0.0,6033.0,1.127,1.788
4.62,19.3,10.161023528,0.0918,0.0,6032.0,0.999,1.06
3.11,9.85,23.637604,0.158,0.0,5644.0,0.96,0.967
3.25,10.6,67.093408,0.316,0.0,5644.0,0.96,0.967
3.27,10.7,1.73513619,0.0286,0.0,5751.0,1.028,1.071
0.98,0.904,4.06844957,0.0504,0.0,5751.0,1.028,1.071
1.47,2.76,13.26079792,0.1065,0.0,5478.0,0.914,1.053
2.57,7.13,22.79020351,0.1528,0.0,5478.0,0.914,1.053
0.91,0.693,15.6112238,0.1169,0.0,5383.0,0.874,0.842
4.15,16.1,26.6565737,0.1943,0.0,5159.0,1.373,3.062
0.51,0.087,4.61225043,0.053,0.0,5495.0,0.932,0.961
4.28,16.9,73.7578875,0.3259,0.0,5029.0,0.847,0.93
2.26,5.73,32.376183,0.1789,0.0,4580.0,0.748,0.675
2.81,8.3,92.7297248,0.3608,0.0,4580.0,0.748,0.675
2.28,5.82,26.7575866,0.1815,0.0,6215.0,1.111,1.052
0.6,0.156,3.03267135,0.0405,0.0,5640.0,0.962,0.921
3.29,10.8,8.7396758,0.0713,0.0,4406.0,0.632,0.628
1.773,9.7,3.6961049,0.04565,0.083,5495.0,0.929,0.9164
2.894,11.1,10.8540774,0.0936,0.076,5495.0,0.929,0.9164
2.606,13.4,77.611455,0.3474,0.082,5495.0,0.929,0.9164
0.821,0.76,6.0984882,0.0637,0.092,5495.0,0.929,0.9164
0.952,1.4,19.578328,0.1387,0.094,5495.0,0.929,0.9164
4.71,19.96,34.94,0.2055,0.15,5495.0,0.948,0.9639
2.13,5.18,8.594805,0.08,0.0,5678.0,0.972,0.944
1.59,3.15,10.222157,0.09,0.0,5678.0,0.972,0.944
2.73,7.9,6.383159135,0.0562,0.0,3757.0,0.581,0.576
1.57,3.09,20.6180348,0.1228,0.0,3757.0,0.581,0.576
1.04,1.12,1.090011003,0.0197,0.0,5081.0,0.864,0.77
1.82,3.97,14.092583189,0.1084,0.0,5081.0,0.864,0.77
2.46,6.62,25.672083,0.175,0.0,6065.0,1.098,1.229
2.85,8.5,151.884058,0.573,0.0,6065.0,1.098,1.229
1.63,3.29,4.069427,0.045,0.0,4668.0,0.683,0.667
1.85,4.08,16.282493,0.113,0.0,4668.0,0.683,0.667
2.57,7.13,3.162697,0.043,0.0,5821.0,1.06,1.114
2.47,749.9,5.370647,0.061,0.0,5821.0,1.06,1.114
1.44,33.9,11.32972,0.1,0.0,5821.0,1.06,1.114
2.53,6.94,14.400974,0.117,0.0,5812.0,1.038,1.238
1.79,3.86,25.660593,0.173,0.0,5812.0,1.038,1.238
1.51,2.89,2.75564,0.032,0.0,4321.0,0.592,0.546
1.64,3.33,20.306546,0.122,0.0,4321.0,0.592,0.546
1.2,1.87,7.781987,0.078,0.0,5764.0,0.957,1.185
1.77,3.78,13.137471,0.111,0.0,5764.0,0.957,1.185
1.19,1.81,23.44281,0.163,0.0,5764.0,0.957,1.185
1.57,3.09,1.611865,0.029,0.0,5920.0,1.313,1.588
1.5,2.86,3.071571,0.044,0.0,5920.0,1.313,1.588
3.31,11.0,5.868075,0.068,0.0,5920.0,1.313,1.588
1.63,3.29,4.22864,0.054,0.0,6092.0,1.082,1.314
1.39,2.51,7.466623,0.079,0.0,6092.0,1.082,1.314
1.2,1.87,11.131786,0.103,0.0,6092.0,1.082,1.314
1.48,2.79,16.259458,0.132,0.0,6092.0,1.082,1.314
2.26,5.73,16.087845,0.122,0.0,5513.0,0.971,0.935
3.1,9.8,41.749882,0.231,0.0,5513.0,0.971,0.935
1.639,7.5,2.7858212,0.0434,0.0,6305.0,1.408,1.902
2.94,8.96,2.453234,0.032,0.0,4559.0,0.77,0.65
3.62,12.8,7.972513,0.07,0.0,4559.0,0.77,0.65
1.26,2.13,4.138575,0.048,0.0,5123.0,0.867,0.816
1.29,18.3,6.04045,0.062,0.0,5123.0,0.867,0.816
1.09,1.32,16.257582,0.133,0.0,5852.0,1.166,1.455
2.74,7.95,31.805174,0.207,0.0,5852.0,1.166,1.455
1.62,3.26,2.46236,0.036,0.0,5696.0,1.07,1.195
2.34,6.08,4.822962,0.057,0.0,5696.0,1.07,1.195
2.61,7.32,15.660544,0.13,0.0,6169.0,1.11,1.352
2.13,5.18,28.7798,0.194,0.0,6169.0,1.11,1.352
1.62,3.26,9.360672,0.084,0.0,5739.0,0.788,1.027
1.77,3.78,14.667108,0.113,0.0,5739.0,0.788,1.027
2.39,23.6,30.864423,0.185,0.0,5739.0,0.788,1.027
1.75,3.71,68.16101,0.314,0.0,5739.0,0.788,1.027
2.35,6.12,7.693641,0.079,0.0,6091.0,1.126,1.26
3.04,9.48,17.406669,0.136,0.0,6091.0,1.126,1.26
2.23,5.6,5.374943,0.065,0.0,6171.0,1.342,1.799
1.85,4.08,8.586004,0.089,0.0,6171.0,1.342,1.799
1.32,2.3,3.88689525,0.0534,0.0,6341.0,1.37,1.76
1.48,2.79,3.619337,0.046,0.0,5502.0,1.019,1.063
3.14,10.0,44.699576,0.248,0.0,5502.0,1.019,1.063
2.66,7.56,124.5244647,0.49884,0.0,5542.0,1.01,1.02
2.95,9.01,4.585512,0.057,0.0,5786.0,1.164,1.491
3.58,12.5,22.714613,0.165,0.0,5786.0,1.164,1.491
2.81,19.1,47.903645,0.272,0.0,5786.0,1.164,1.491
2.1,9.1,289.863876,0.812,0.72,5596.0,0.857,0.869
0.81,0.457,4.159807,0.046,0.0,4632.0,0.729,0.666
1.57,3.09,9.034199,0.076,0.0,4632.0,0.729,0.666
0.98,0.904,28.122397,0.163,0.0,4632.0,0.729,0.666
1.33,2.33,45.902733,0.226,0.0,4632.0,0.729,0.666
1.71,5.95575,2.795906,0.037,0.0,5243.0,0.854,0.821
2.93,9.3,5.690586,0.059,0.0,5243.0,0.854,0.821
2.73,3.61,10.04156,0.087,0.0,5243.0,0.854,0.821
2.63,7.86706,18.369917,0.13,0.0,5243.0,0.854,0.821
3.16,10.1,3.936981,0.048,0.0,5433.0,0.933,0.869
4.64,19.4,10.08881,0.091,0.0,5433.0,0.933,0.869
3.69,13.2,28.081912,0.18,0.0,5433.0,0.933,0.869
2.99,7.4,7.38449,0.07525,0.078,5803.0,1.125,1.72
3.44,5.1,9.84564,0.09117,0.15,5803.0,1.125,1.72
5.24,8.0,14.78869,0.11956,0.037,5803.0,1.125,1.72
4.6,4.8,19.72567,0.14481,0.051,5803.0,1.125,1.72
1.39,2.51,3.132924,0.038,0.0,5018.0,0.777,0.676
3.12,9.91,5.925003,0.058,0.0,5018.0,0.777,0.676
2.3,5.9,11.349393,0.089,0.0,5018.0,0.777,0.676
1.97,4.54,18.643577,0.124,0.0,5018.0,0.777,0.676
1.2,1.87,6.738975,0.056,0.0,3682.0,0.593,0.48
1.84,4.04,18.794234,0.111,0.0,3682.0,0.593,0.48
1.55,24.0,3.940997,0.047,0.0,5571.0,0.904,0.802
2.27,45.2,5.349555,0.058,0.0,5571.0,0.904,0.802
1.22,1.98,8.109044,0.076,0.0,5571.0,0.904,0.802
3.11,9.85,9.488015,0.09,0.0,5854.0,0.954,1.091
3.04,9.48,54.418694,0.29,0.0,5854.0,0.954,1.091
1.53,2.96,2.566546,0.038,0.0,6043.0,1.006,1.014
2.7,7.75,4.134444,0.052,0.0,6043.0,1.006,1.014
4.04,15.4,11.094286,0.101,0.0,6043.0,1.006,1.014
2.2,5.48,6.252972,0.062,0.0,5120.0,0.808,0.728
4.92,21.5,16.068638,0.117,0.0,5120.0,0.808,0.728
3.85,14.2,41.194912,0.22,0.0,5120.0,0.808,0.728
1.638,2.56,7.1,0.07212,0.017,5828.0,1.078,1.548
3.005,7.81,10.74,0.09501,0.021,5828.0,1.078,1.548
2.206,4.44,15.27,0.12012,0.01,5828.0,1.078,1.548
4.26,16.8,32.625555,0.191,0.0,5588.0,0.784,0.817
2.04,4.82,91.773242,0.38,0.0,5588.0,0.784,0.817
1.73,35.4,10.065275,0.074,0.0,3767.0,0.58,0.49
1.93,24.1,19.271566,0.114,0.0,3767.0,0.58,0.49
3.08,9.69,4.431222,0.054,0.0,5847.0,0.97,0.968
3.83,14.0,11.379349,0.101,0.0,5847.0,0.97,0.968
2.43,6.48,8.472382,0.077,0.0,5360.0,0.855,0.758
2.71,7.8,60.418955,0.287,0.0,5360.0,0.855,0.758
3.7,13.2,2.711506,0.04,0.0,6224.0,1.129,1.113
3.51,12.1,7.21205,0.077,0.0,6224.0,1.129,1.113
2.23,5.6,3.340222,0.037,0.0,4255.0,0.581,0.554
1.28,2.18,7.824904,0.065,0.0,4255.0,0.581,0.554
2.05,4.86,20.060548,0.122,0.0,4255.0,0.581,0.554
2.22,5.56,46.183669,0.213,0.0,4255.0,0.581,0.554
1.57,3.09,8.295611,0.065,0.0,3750.0,0.596005,0.51
2.0,4.66,23.968127,0.132,0.0,3750.0,0.596005,0.51
1.41,2.57,4.715106,0.05,0.0,4861.0,0.696,0.725
2.08,4.98,8.103636,0.071,0.0,4861.0,0.696,0.725
1.73,3305.02,2.090876,0.034,0.0,5751.0,1.229,1.43
2.39,152.522,6.155557,0.069,0.0,5751.0,1.229,1.43
3.07,23.1,13.233549,0.115,0.0,5751.0,1.229,1.43
5.6,169.7,23.654,0.17286,0.0,5800.0,1.06,0.96
2.0,13.5,50.447,0.28635,0.0,5800.0,1.06,0.96
2.33,6.04,11.763051,0.095,0.0,4914.0,0.757,0.763
2.51,6.85,56.228098,0.268,0.0,4914.0,0.757,0.763
2.348,11.14,8.14,0.08045,0.023,6028.0,1.06,1.099
2.514,9.99,12.33,0.10612,0.014,6028.0,1.06,1.099
1.67,293.959,4.244384,0.051,0.0,5897.0,1.046,1.289
2.78,26.2118,18.998355,0.138,0.0,5897.0,1.046,1.289
1.37,2.45,4.144495,0.048,0.0,4985.0,0.868,0.739
2.2,102.3,7.953528,0.074,0.0,4985.0,0.868,0.739
2.33,6.04,12.718092,0.094,0.0,4699.0,0.671,0.668
2.57,7.13,36.065978,0.189,0.0,4699.0,0.671,0.668
2.61,7.32,8.20395,0.075,0.0,5020.0,0.748,0.85
2.0,4.66,14.496481,0.109,0.0,5020.0,0.748,0.85
2.45,6.57,5.715442,0.062,0.0,5228.0,0.904,0.842
1.99,4.62,20.026218,0.142,0.0,5228.0,0.904,0.842
2.76,8.05,4.311792,0.05,0.0,5554.0,0.933,0.803
2.05,4.86,9.767292,0.087,0.0,5554.0,0.933,0.803
2.31,15.2,20.050401,0.14,0.0,5554.0,0.933,0.803
2.57,146.78,7.49019,0.071,0.0,5100.0,0.856,0.795
2.18,26.7,17.460812,0.124,0.0,5100.0,0.856,0.795
3.03,21.6,36.277108,0.202,0.0,5100.0,0.856,0.795
1.75,1806.36,3.219821056,0.04053,0.0,5174.0,0.86,0.8
2.34,6.08,4.60182,0.052,0.0,5206.0,0.853,0.831
1.5,2.86,11.187161,0.095,0.0,5206.0,0.853,0.831
1.64,3.33,3.33616,0.042,0.0,5100.0,0.887,0.768
4.09,15.7,9.439452,0.084,0.0,5100.0,0.887,0.768
4.5,50.0,20.4737,0.14081,0.102,5094.0,0.884,0.791
3.02,9.38,6.308205,0.066,0.0,5190.0,0.838,0.831
4.07,15.6,16.239494,0.123,0.0,5190.0,0.838,0.831
1.09,1.32,3.306539,0.035,0.0,3568.0,0.510238,0.482
1.51,2.89,7.113702,0.058,0.0,3568.0,0.510238,0.482
1.57,3.09,15.368459,0.097,0.0,3568.0,0.510238,0.482
2.748,8.7,6.238297,0.0695,0.0029,6354.0,1.165,1.316
5.217,15.2,12.7207,0.1117,0.0061,6354.0,1.165,1.316
10.0,71.9,122.4,0.4164221832,0.13,6354.0,1.165,1.316
1.13,1.51,4.148141,0.048,0.0,5160.0,0.806,0.805
2.28,5.82,7.156804,0.069,0.0,5160.0,0.806,0.805
2.18,5.39,17.648312,0.127,0.0,5160.0,0.806,0.805
1.33,2.33,4.790936,0.053,0.0,5526.0,0.891,0.89
2.77,8.1,16.514043,0.122,0.0,5526.0,0.891,0.89
2.77,8.1,30.133001,0.182,0.0,5526.0,0.891,0.89
2.77,8.1,99.640161,0.404,0.0,5526.0,0.891,0.89
1.23,2.04,6.668391,0.058,0.0,4208.0,0.61,0.549
2.15,5.27,10.848463,0.08,0.0,4208.0,0.61,0.549
1.63,3.29,3.783986,0.046,0.0,5208.0,0.86,0.786
2.65,7.51,10.281951,0.089,0.0,5208.0,0.86,0.786
3.17,10.2,18.119869,0.13,0.0,5208.0,0.86,0.786
3.87,14.3,5.826662,0.064,0.0,5957.0,0.849,0.91
2.15,3.2,12.412183,0.105,0.0,5957.0,0.849,0.91
2.5,6.8,18.746477,0.139,0.0,5957.0,0.849,0.91
1.55,3.02,5.714606,0.063,0.0,5573.0,0.867,0.933
2.99,9.22,9.946047,0.092,0.0,5573.0,0.867,0.933
1.32,2.3,1.045622658,0.0192,0.0,5431.0,0.9,0.86
1.59,3.15,1.620493,0.027,0.0,5551.0,1.037,1.301
2.15,5.27,3.38802,0.045,0.0,5551.0,1.037,1.301
2.48,6.71,5.839172,0.064,0.0,5551.0,1.037,1.301
2.35,6.12,10.681572,0.096,0.0,5551.0,1.037,1.301
2.61,7.32,2.382667,0.034,0.0,5180.0,0.916,1.037
5.41,25.2,6.581484,0.066,0.0,5180.0,0.916,1.037
4.95,21.7,24.664551,0.16,0.0,5180.0,0.916,1.037
4.06,15.5,13.19722,0.103,0.0,4942.0,0.82,0.915
3.61,12.7,33.653079,0.193,0.0,4942.0,0.82,0.915
2.8,8.25,8.115317,0.079,0.0,5938.0,0.867,0.898
2.7,7.75,36.924931,0.217,0.0,5938.0,0.867,0.898
2.78,5.12,12.28,0.08551,0.021,3914.0,0.544,0.512
2.72,6.2,17.2559,0.10725,0.013,3914.0,0.544,0.512
1.07,1.24,3.543919,0.039,0.0,4486.0,0.593,0.571
2.41,6.39,46.827915,0.22,0.0,4486.0,0.593,0.571
2.01,4.7,8.187399,0.075,0.0,5250.0,1.013,0.862
1.74,3.68,76.050178,0.332,0.0,5250.0,1.013,0.862
2.18,5.39,10.381227,0.088,0.0,5098.0,0.834,0.794
2.0,4.66,24.570858,0.156,0.0,5098.0,0.834,0.794
1.36,2.42,13.060855,0.108,0.0,5841.0,0.816,0.881
1.64,3.33,21.853722,0.152,0.0,5841.0,0.816,0.881
2.67,7.61,16.568087,0.12,0.0,5265.0,0.793,0.785
2.47,6.66,47.332773,0.242,0.0,5265.0,0.793,0.785
3.33,11.1,40.806231,0.249,0.0,6158.0,1.426,1.55
2.83,8.4,140.101261,0.566,0.0,6158.0,1.426,1.55
1.86,4.12,6.846262,0.069,0.0,5835.0,0.97,1.103
2.63,7.41,17.028937,0.127,0.0,5835.0,0.97,1.103
2.49,6.76,43.130617,0.236,0.0,5835.0,0.97,1.103
2.59,7.22,67.831024,0.319,0.0,5835.0,0.97,1.103
2.48,6.71,6.61833,0.071,0.0,5885.0,0.947,1.028
3.89,14.4,107.723601,0.457,0.0,5885.0,0.947,1.028
1.98,37.9,3.353728,0.037,0.0,4258.0,0.541571,0.555
2.13,5.18,6.87745,0.06,0.0,4258.0,0.541571,0.555
2.27,5.77,28.464515,0.154,0.0,4258.0,0.541571,0.555
2.55,7.04,25.934138,0.18,0.0,6081.0,1.109,1.274
3.38,11.4,83.446393,0.391,0.0,6081.0,1.109,1.274
2.47,6.66,5.326718,0.061,0.0,5847.0,0.92,0.959
1.69,3.5,8.127899,0.081,0.0,5847.0,0.92,0.959
4.0,2895.31,15.3348,0.118,0.0,5400.0,0.65,0.59
4.9,4385.87,31.3309,0.191,0.0,5400.0,0.65,0.59
2.7061946,7.78,6.546289921,0.06578,0.0,5251.0,0.926,0.817
2.01,4.7,11.476094,0.107,0.0,6067.0,1.17,1.461
1.77,3.78,25.262887,0.18,0.0,6067.0,1.17,1.461
1.23,2.04,10.43547805,0.08784,0.0,5555.0,0.9,0.87
0.95,0.809,7.41086267,0.06993,0.0,5555.0,0.9,0.87
0.66,0.219,5.24972541,0.05554,0.0,5555.0,0.9,0.87
1.43,78.0,2.971353,0.038,0.0,5297.0,0.91,0.929
1.79,97.8,6.057342,0.061,0.0,5297.0,0.91,0.929
2.25,5.69,10.937304,0.091,0.0,5297.0,0.91,0.929
1.5,2.86,2.936532,0.037,0.0,5626.0,0.756,0.815
1.98,4.58,8.014927,0.073,0.0,5626.0,0.756,0.815
1.54,2.99,11.634788,0.101,0.0,6023.0,0.883,1.007
1.84,4.04,33.197861,0.204,0.0,6023.0,0.883,1.007
2.34,6.08,10.300682,0.098,0.0,6165.0,1.189,1.383
3.38,11.4,16.088134,0.132,0.0,6165.0,1.189,1.383
3.33,11.1,35.676062,0.224,0.0,6165.0,1.189,1.383
2.87,731.209,14.12841,0.119,0.0,6105.0,0.845,1.046
2.9,16.6,31.884,0.18619,0.0,5693.0,1.1,1.03
2.8,16.3,48.648,0.24666,0.0,5693.0,1.1,1.03
2.92,87.3,17.324,0.14168,0.0,5946.0,1.12,1.69
3.36,64.2,33.006,0.21781,0.0,5946.0,1.12,1.69
3.955,56.0,30.1556,0.202,0.696,4965.0,1.227,2.861
3.268,34.9,51.111,0.287,0.616,4965.0,1.227,2.861
3.62,4180.93,12.309681,0.112,0.0,6363.0,1.2,1.746
4.3,49.4,35.736,0.2236,0.0,6689.45,1.1,1.07
3.1,37.5,54.414,0.2901,0.0,6689.45,1.1,1.07
4.13,56.0,98.3531,0.439,0.0,6689.45,1.164,1.43
1.959,1.63,5.91,0.05687,0.0,4499.3,0.684,0.664
1.857,2.06,8.99,0.07519,0.017,4499.3,0.684,0.664
1.45,2.7,2.139542,0.032,0.0,5744.0,0.962,0.886
2.01,4.7,4.807091,0.056,0.0,5744.0,0.962,0.886
2.82,324.0,14.646008,0.117,0.0,5723.0,0.95,0.899
5.31,161.124,36.337373,0.215,0.0,5723.0,0.95,0.899
5.93747806,654.0,148.2720032,0.5456,0.0,5717.0,0.984,0.884
1.01,1.01,9.220524,0.082,0.0,5602.0,0.86,0.904
1.2,1.87,13.638723,0.106,0.0,5602.0,0.86,0.904
2.46,61.0,24.806,0.15837,0.0,5656.0,0.97,0.89
3.1,56.2,44.347,0.23332,0.0,5656.0,0.97,0.89
2.13,5.18,11.008151,0.082,0.0,4351.0,0.596,0.566
1.82,3.97,92.743711,0.341,0.0,4351.0,0.596,0.566
2.24,5.65,12.699149,0.104,0.0,5615.0,0.766,0.814
2.61,7.32,37.514456,0.213,0.0,5615.0,0.766,0.814
1.34,2.36,2.633867,0.036,0.0,5411.0,0.915,0.808
1.12,1.46,6.186676,0.064,0.0,5411.0,0.915,0.808
1.24,2.07,1.796302,0.027,0.0,5580.0,0.83,0.863
1.37,2.45,3.468095,0.042,0.0,5580.0,0.83,0.863
1.33,2.33,5.914323,0.061,0.0,5580.0,0.83,0.863
1.77,3.78,29.221289,0.176,0.0,5580.0,0.83,0.863
2.33,83.0,20.342199,0.145,0.0,5806.0,0.963,1.032
3.26,66.0,44.851896,0.246,0.0,5806.0,0.963,1.032
1.67,3.43,6.097326,0.065,0.0,5918.0,0.842,1.091
2.85,8.5,19.305772,0.14,0.0,5918.0,0.842,1.091
2.67,7.61,56.633742,0.287,0.0,5918.0,0.842,1.091
2.49,3.7,34.5383,0.21183,0.0,5990.0,1.08,1.0
11.23,157.18,125.8723,0.50155,0.0,5990.0,1.08,1.0
2.94,17.4,330.0716,0.9342,0.0,5990.0,1.061,0.985
2.55,5.0,10.33974,0.08482,0.0,5378.0,0.761,0.732
2.34,4.5,13.28613,0.10027,0.0,5378.0,0.761,0.732
2.25,5.69,14.589347,0.11,0.0,5147.0,0.756,0.743
2.7,7.75,36.77031,0.205,0.0,5147.0,0.756,0.743
0.86,0.566,0.764017553,0.0154,0.0,5142.0,0.84,0.755
2.16,5.31,3.546511,0.047,0.0,6002.0,1.023,1.016
1.88,4.19,5.700786,0.065,0.0,6002.0,1.023,1.016
1.32,2.3,2.580827,0.035,0.0,5299.0,0.865,0.826
1.47,2.76,3.715335,0.045,0.0,5299.0,0.865,0.826
2.23,5.6,7.055679,0.068,0.0,5299.0,0.865,0.826
2.67,7.61,11.97901,0.097,0.0,5299.0,0.865,0.826
2.35,6.12,20.834237,0.141,0.0,5299.0,0.865,0.826
3.07,9.64,19.254196,0.144,0.0,5804.0,0.934,0.957
3.83,14.0,54.155743,0.286,0.0,5804.0,0.934,0.957
1.77,3.78,3.701212,0.048,0.0,5913.0,0.947,0.976
2.71,7.8,6.6264,0.071,0.0,5913.0,0.947,0.976
1.22,1.98,12.645164,0.099,0.0,5603.0,0.89,0.898
1.17,1.71,21.526258,0.142,0.0,5603.0,0.89,0.898
1.36,2.42,33.884054,0.192,0.0,5603.0,0.89,0.898
1.61,3.22,10.864384,0.079,0.33,3740.0,0.498,0.48
2.0,4.66,5.8416366,0.0521,0.33,3740.0,0.498,0.48
2.09,5.02,19.850291,0.118,0.33,3740.0,0.498,0.48
1.53,2.96,34.14211,0.169,0.33,3740.0,0.498,0.48
1.8,3.89,63.33627,0.255,0.33,3740.0,0.498,0.48
2.87,48.5,38.871826,0.217,0.0,5619.0,0.927,0.915
6.54,42.1,74.920137,0.336,0.0,5619.0,0.927,0.915
1.96,4.5,10.475464,0.08,0.0,4465.0,0.66,0.582
1.93,4.38,22.92881,0.136,0.0,4465.0,0.66,0.582
2.5,6.8,77.473633,0.305,0.0,4465.0,0.66,0.582
1.32,2.3,2.927128,0.04,0.0,5617.0,1.004,1.032
2.65,7.51,6.885875,0.07,0.0,5617.0,1.004,1.032
1.86,4.12,15.054786,0.118,0.0,5617.0,1.004,1.032
1.87,4.16,38.285489,0.22,0.0,5617.0,1.004,1.032
3.9,11.3,29.33434,0.18,0.042,5498.0,0.99,0.95
12.3,640.0,60.323105,0.3,0.0111,5498.0,0.99,0.95
8.8,23.1,143.34394,0.5,0.022,5498.0,0.99,0.95
1.67,3.43,10.446347,0.094,0.0,5986.0,1.07,0.9
2.25,5.69,40.714955,0.232,0.0,5986.0,1.07,0.9
1.35,2.39,2.508553,0.036,0.0,5815.0,1.022,0.9
1.35,2.39,5.419026,0.06,0.0,5815.0,1.022,0.9
1.75,3.71,13.751243,0.112,0.0,5815.0,1.022,0.9
4.06,15.5,30.184104,0.193,0.0,5740.0,1.021,1.22
0.89,0.64,1.937055,0.024,0.0,3944.0,0.575,0.485
1.14,1.55,7.061149,0.057,0.0,3944.0,0.575,0.485
2.86,8.55,3.295709,0.039,0.0,4731.0,0.737,0.687
2.17,5.35,5.315946,0.054,0.0,4731.0,0.737,0.687
2.75,8.0,9.653471,0.08,0.0,4731.0,0.737,0.687
1.2,1.87,1.499146953,0.02317,0.0,4817.0,0.8,0.73
3.6,10.5,5.487,0.05746,0.005,5080.0,0.76,0.8
3.3,6.0,8.291,0.07568,0.0,5080.0,0.76,0.8
2.76,6.2,16.74,0.12091,0.0,5090.0,0.827,0.792
1.7938153,3.87,3.20538,0.04017,0.0,4974.0,0.82,0.827279
1.52,2.92,4.646186,0.05,0.0,4954.0,0.75,0.719
2.35,6.12,7.240193,0.067,0.0,4954.0,0.75,0.719
2.47,6.66,17.326644,0.12,0.0,4954.0,0.75,0.719
2.27,5.77,44.840975,0.227,0.0,4954.0,0.75,0.719
2.43,7.44,10.4208,0.09359,0.0,5367.0,0.907,0.814
2.2,3.64,13.0729,0.10896,0.0,5367.0,0.907,0.814
2.12,5.14,9.694928,0.09,0.0,5895.0,0.92,0.941
2.16,5.31,15.38231,0.123,0.0,5895.0,0.92,0.941
1.56,3.05,5.923653,0.059,0.0,4713.0,0.816,0.721
2.51,6.85,105.356383,0.401,0.0,4713.0,0.816,0.721
5.5,36.7418,20.8613,0.16,0.0,6340.0,1.21,1.22
5.3,1493.7,42.6318,0.26,0.0,6340.0,1.21,1.22
3.9,2161.244,87.6451,0.4,0.0,6340.0,1.21,1.22
1.19,1.81,13.930698,0.111,0.0,5797.0,0.854,0.876
3.38,11.4,56.47542,0.281,0.0,5797.0,0.854,0.876
2.47,7.0,92.876125,0.392,0.0,5797.0,0.854,0.876
1.7,3.53,9.176092,0.087,0.0,5905.0,0.994,1.188
1.43,2.63,19.738286,0.145,0.0,5905.0,0.994,1.188
2.05,4.86,232.040326,0.7326,0.0,5903.0,0.974,1.156
1.29,2.21,1.772419,0.031,0.0,6115.0,1.314,1.467
3.15,10.1,19.747412,0.153,0.0,6115.0,1.314,1.467
2.53,6.94,14.970418,0.125,0.0,5727.0,1.114,1.536
2.57,7.13,32.273273,0.208,0.0,5727.0,1.114,1.536
0.83,0.498,2.461069,0.035,0.0,5378.0,0.99,0.95
2.9,8.75,5.960392,0.064,0.0,5378.0,0.99,0.95
3.77,13.7,96.101141,0.402,0.0,5796.0,0.831,1.037
4.15,16.1,265.469335,0.791,0.0,5796.0,0.831,1.037
1.06,1.2,2.240508,0.027,0.0,4204.0,0.587,0.52
1.16,1.65,6.827766,0.058,0.0,4204.0,0.587,0.52
2.09,109.8,5.524242,0.061,0.0,5497.0,0.865,0.941
1.72,3.61,8.77501,0.083,0.0,5497.0,0.865,0.941
4.71,19.9,4.662715,0.056,0.0,5746.0,1.073,1.189
3.68,13.1,11.815007,0.105,0.0,5746.0,1.073,1.189
1.63,3.29,4.362705,0.051,0.0,5526.0,0.933,0.903
2.63,7.41,6.941357,0.069,0.0,5526.0,0.933,0.903
2.29,5.86,31.781925,0.191,0.0,5526.0,0.933,0.903
2.2,1303.0,5.90124,0.05,0.0,3900.0,0.58,0.53
2.0,158.9,8.7522,0.09,0.0,3900.0,0.58,0.53
2.7,39.9089,22.7802,0.13,0.0,3900.0,0.58,0.53
1.5,4.08181,2.896,0.033,0.0,3900.0,0.58,0.53
0.82,1862.11,0.74296,0.013,0.0,3900.0,0.58,0.53
1.14,1.55,8.371554,0.085,0.0,6435.0,1.072,1.108
1.37,2.45,17.934937,0.142,0.0,6435.0,1.072,1.108
1.77,3.78,4.915379,0.057,0.0,5740.0,1.024,1.194
2.32,5.99,13.093921,0.11,0.0,5740.0,1.024,1.194
1.01,1.01,1.653888,0.027,0.0,5388.0,0.908,0.89
1.67,3.43,4.337234,0.051,0.0,5388.0,0.908,0.89
1.381,3.9,1.678328,0.02778,0.095,6004.0,1.015,1.12
1.57,6.8,3.5538229,0.0458,0.095,6004.0,1.015,1.12
1.14,2414.4,4.385315,0.05,0.0,5194.0,0.901,0.84
3.15,6.2,51.805612,0.26,0.0,5194.0,0.901,0.84
2.03862444,235.014,13.97939968,0.10972,0.0,5191.0,0.844,0.826
2.91,8.8,4.544439,0.053,0.0,5752.0,0.914,1.003
2.54,6.99,12.762172,0.105,0.0,5752.0,0.914,1.003
2.79,8.2,38.715185,0.22,0.0,5752.0,0.914,1.003
1.52,44.6,2.248329,0.032,0.0,5105.0,0.91,0.801
1.4,17.4,4.580358,0.051,0.0,5105.0,0.91,0.801
1.21,6.9,6.766888,0.066,0.0,5105.0,0.91,0.801
1.11,1.41,2.549575,0.029,0.0,3799.0,0.591913,0.492
1.03,20.3,5.212333,0.047,0.0,3799.0,0.591913,0.492
1.73,3.64,13.969457,0.09,0.0,3799.0,0.591913,0.492
2.3,28.5,34.921,0.2199,0.0,6064.0,1.15,1.06
5.4,39.4,71.312,0.354,0.0,6064.0,1.15,1.06
1.4,2.54,7.416397,0.061,0.0,4257.0,0.602,0.523
1.93,4.38,18.684737,0.113,0.0,4257.0,0.602,0.523
1.74,3.68,5.66793,0.0677,0.0,5904.0,1.291,1.82
3.2,0.39,13.17562,0.1189,0.0,5904.0,1.291,1.82
5.35,3.91,21.77596,0.1662,0.0,5904.0,1.291,1.82
4.02,5.57,31.7844,0.2138,0.0,5904.0,1.291,1.82
4.46,9.6,41.02902,0.2535,0.0,5904.0,1.291,1.82
1.35,2.39,8.25978,0.075,0.0,5117.0,0.848,0.722
1.95,4.46,15.955387,0.116,0.0,5117.0,0.848,0.722
1.82,3.97,8.457496,0.065,0.0,4347.0,0.653,0.492
1.84,4.04,17.28111,0.105,0.0,4347.0,0.653,0.492
1.64,3.33,32.134328,0.159,0.0,4347.0,0.653,0.492
1.17,1.71,7.626324,0.07,0.0,4955.0,0.743,0.72
1.09,1.32,15.995622,0.114,0.0,4955.0,0.743,0.72
1.18,1.76,34.21154,0.189,0.0,4955.0,0.743,0.72
1.32,28.2,12.551158,0.087,0.0,4259.0,0.601,0.534
1.11,1.41,24.08821,0.135,0.0,4259.0,0.601,0.534
1.12,1.46,5.470319,0.061,0.0,5828.0,1.022,1.068
1.43,2.63,12.758005,0.107,0.0,5828.0,1.022,1.068
1.41,2.57,25.09849,0.168,0.0,5828.0,1.022,1.068
3.39,11.4,6.562331,0.075,0.0,5877.0,1.367,1.854
3.07,9.64,67.844469,0.356,0.0,5877.0,1.367,1.854
1.02,1.04,2.024823,0.033,0.0,5867.0,1.09,1.304
2.1,5.06,9.600001,0.092,0.0,5867.0,1.09,1.304
2.37,6.21,20.678772,0.154,0.0,5867.0,1.09,1.304
1.54,2.99,3.292781,0.045,0.0,5684.0,1.081,1.761
2.05,4.86,9.693201,0.093,0.0,5684.0,1.081,1.761
2.44,30.6,13.726976,0.117,0.04,5923.0,1.105,1.735
2.34,6.08,24.310856,0.172,0.03,5923.0,1.105,1.735
3.0,9.27,44.431014,0.257,0.03,5923.0,1.105,1.735
1.56,8.5,9.341,0.08979,0.05,5999.0,1.14,1.735
1.42,2.6,4.977656,0.055,0.0,5631.0,0.87,0.802
1.15,7.3,6.988055,0.069,0.0,5631.0,0.87,0.802
1.17,14.7,10.558345,0.091,0.0,5631.0,0.87,0.802
8.564,69.92,288.822,1.0896,0.182,5913.0,1.0479,1.1618
2.53,6.94,14.844387,0.134,0.0,6620.0,1.65,1.85
3.37,11.3,22.824669,0.178,0.0,6620.0,1.65,1.85
1.18,1.76,5.195528,0.06,0.0,6012.0,0.976,1.024
1.7,3.53,8.01041,0.08,0.0,6012.0,0.976,1.024
1.85,4.08,27.666313,0.182,0.0,6012.0,0.976,1.024
1.99,4.62,42.473269,0.242,0.0,6012.0,0.976,1.024
2.25,5.69,15.170318,0.128,0.0,6175.0,1.213,1.472
1.96,4.5,26.234138,0.185,0.0,6175.0,1.213,1.472
2.49,6.76,39.459357,0.242,0.0,6175.0,1.213,1.472
0.88,0.615,1.644224613,0.02909,0.0,6366.0,1.26,1.34
2.41,6.39,8.96855,0.088,0.0,5807.0,1.055,1.433
2.02,4.74,23.22182,0.167,0.0,5807.0,1.055,1.433
2.61,7.32,21.963945,0.153,0.0,5774.0,0.931,0.976
2.95,9.01,125.596809,0.488,0.0,5774.0,0.931,0.976
0.74,0.48,7.415563,0.066,0.0,4504.0,0.61,0.623
1.2,2.2,9.387427,0.077,0.0,4504.0,0.61,0.623
2.66,7.56,6.511127,0.071,0.0,6033.0,0.943,1.021
3.07,9.64,23.851549,0.168,0.0,6033.0,0.943,1.021
1.97,4.54,12.79836,0.11,0.0,6088.0,0.922,1.005
1.75,3.71,27.320871,0.183,0.0,6088.0,0.922,1.005
3.04,9.48,85.517344,0.3802,0.0,5592.0,1.0,1.451
1.52,2.92,7.05677,0.076,0.0,6177.0,1.189,1.359
1.33,2.33,17.265427,0.138,0.0,6177.0,1.189,1.359
1.9,94.5,5.929778,0.065,0.0,5956.0,1.083,0.927
1.96,4.5,12.247629,0.105,0.0,5956.0,1.083,0.927
8.16,40.363,131.458,0.60347,0.042,5606.0,0.8877,1.0284
1.85,16.9,11.189562,0.104,0.0,6186.0,1.19,1.534
3.1,6.1,17.849,0.1385,0.0,6492.3,1.0,1.25
2.8,14.9,26.136,0.1786,0.0,6492.3,1.0,1.25
3.06,4.8,37.054919,0.214,0.0,5643.0,0.81,0.854
3.19,11.1,57.24809,0.287,0.0,5643.0,0.81,0.854
2.72,7.85,142.544247,0.5177,0.0,5225.0,0.81,0.78
0.86,0.566,10.05537,0.085,0.0,5212.0,0.798,0.781
1.24,2.07,16.332995,0.118,0.0,5212.0,0.798,0.781
0.80628032,0.449,6.887279987,0.06574,0.0,5208.0,0.796,0.772
0.89,0.64,5.795278,0.051,0.0,3903.0,0.553,0.504
1.38,2.48,8.410894,0.065,0.0,3903.0,0.553,0.504
1.84,4.04,5.47666,0.054,0.0,4648.0,0.652,0.674
1.31,2.27,16.934402,0.115,0.0,4648.0,0.652,0.674
1.24,2.07,24.209842,0.146,0.0,4648.0,0.652,0.674
1.46,2.73,11.03189,0.102,0.0,6184.0,0.933,1.066
2.71,7.8,25.762294,0.179,0.0,6184.0,0.933,1.066
1.57,3.09,4.612696,0.057,0.0,6133.0,1.163,1.335
1.81,3.93,13.121632,0.115,0.0,6133.0,1.163,1.335
1.84,4.04,6.475434,0.063,0.0,5036.0,0.794,0.834
2.67,7.61,16.85837,0.12,0.0,5036.0,0.794,0.834
3.43,11.6,49.499875,0.246,0.0,5036.0,0.794,0.834
2.72,7.85,34.060467,0.21,0.0,5908.0,0.94,0.954
2.85,8.5,83.488369,0.381,0.0,5908.0,0.94,0.954
3.53,12.2,25.563222,0.178,0.0,6248.0,0.827,1.086
4.3,2.9,57.68802,0.307,0.0,6248.0,0.827,1.086
4.01,2.7,77.095691,0.372,0.0,6248.0,0.827,1.086
1.498,3.83,13.86825,0.11419,0.0,5979.0,1.034,1.634
3.679,7.13,16.21865,0.12692,0.0,5979.0,1.034,1.634
1.65,3.36,3.289672,0.044,0.0,6053.0,0.994,1.058
2.1,5.06,7.186434,0.075,0.0,6053.0,0.994,1.058
1.45,2.7,8.486616,0.086,0.0,6169.0,1.191,1.343
2.52,6.9,55.188023,0.3,0.0,6169.0,1.191,1.343
0.88,0.615,10.327186,0.087,0.0,5788.0,0.904,0.722
1.45,2.7,37.866281,0.207,0.0,5788.0,0.904,0.722
1.16,1.65,3.614568,0.048,0.0,5593.0,1.226,1.485
1.69,66.4,7.542427,0.079,0.0,5593.0,1.226,1.485
2.05,4.86,11.932125,0.107,0.0,5593.0,1.226,1.485
1.55,3.02,25.745718,0.178,0.0,6108.0,1.076,1.284
2.15,5.27,59.980627,0.312,0.0,6108.0,1.076,1.284
2.04,4.82,10.664903,0.098,0.0,6012.0,1.02,1.048
1.64,3.33,17.784129,0.137,0.0,6012.0,1.02,1.048
1.46,2.73,3.281959,0.045,0.0,6209.0,1.088,1.048
1.79,3.86,12.51616,0.11,0.0,6209.0,1.088,1.048
1.3,2.24,37.815724,0.201,0.0,4710.0,0.768,0.695
1.2,1.87,53.578637,0.253,0.0,4710.0,0.768,0.695
3.26,10.7,26.84768,0.186,0.0,5502.0,1.165,2.019
3.88,14.3,72.379334,0.36,0.0,5502.0,1.165,2.019
1.13,1.51,2.732756,0.03,0.0,3591.0,0.5,0.471
1.41,2.57,14.871572,0.094,0.0,3591.0,0.5,0.471
0.3098,0.79,13.36702,0.1019,0.098,5357.0,0.79,0.789
0.755,1.3,21.301848,0.139,0.099,5357.0,0.79,0.789
2.03,2.0,39.7922622,0.2109,0.1,5357.0,0.79,0.789
0.37,8.1,51.196,0.25,0.0,5288.0,0.8,0.772
1.59,3.15,4.57953,0.054,0.0,5852.0,0.982,0.9
1.91,4.31,19.02293,0.14,0.0,5852.0,0.982,0.9
1.89,4.23,34.763278,0.2,0.0,5666.0,0.876,0.992
1.78,3.82,67.968015,0.313,0.0,5666.0,0.876,0.992
1.36,2.42,6.849692,0.075,0.0,6509.0,1.202,1.137
2.09,5.02,20.053763,0.154,0.0,6509.0,1.202,1.137
1.69,3.5,30.092568,0.201,0.0,6509.0,1.202,1.137
1.36,2.42,5.535309,0.06,0.0,5787.0,0.981,0.845
1.24,2.07,16.725948,0.126,0.0,5787.0,0.981,0.845
1.03,1.08,1.897806,0.029,0.0,5977.0,1.033,0.911
1.1,1.37,3.282807,0.042,0.0,5977.0,1.033,0.911
1.31,2.27,5.028219,0.056,0.0,5977.0,1.033,0.911
1.45,2.7,12.125934,0.101,0.0,5826.0,0.891,0.837
2.65,7.51,19.986326,0.141,0.0,5826.0,0.891,0.837
1.07,1.24,4.920199,0.057,0.0,5900.0,0.968,1.175
1.79,3.86,14.172327,0.115,0.0,5900.0,0.968,1.175
1.39,2.51,12.509529,0.109,0.0,5949.0,1.043,1.224
2.06,4.9,27.014976,0.182,0.0,5949.0,1.043,1.224
0.75,0.347,16.092361,0.112,0.0,4661.0,0.78,0.671
0.7,0.271,28.906009,0.166,0.0,4661.0,0.78,0.671
1.66,3.39,20.09838,0.152,0.0,6054.0,1.125,1.306
2.29,5.86,62.784697,0.326,0.0,6054.0,1.125,1.306
4.3,122.0,105.599,0.4632,0.032,5623.0,0.941,1.752
1.19,1.81,3.930821,0.05,0.0,6045.0,0.99,1.224
1.27,2.15,7.630004,0.078,0.0,6045.0,0.99,1.224
0.99,0.937,5.629021,0.066,0.0,6152.0,1.144,1.568
1.12,1.46,13.391635,0.117,0.0,6152.0,1.144,1.568
1.0667865,1.23,8.256299973,0.08364,0.0,6197.0,1.198,2.188
1.32,2.3,5.262155,0.055,0.0,5600.0,1.002,0.945
1.59,3.15,12.162701,0.097,0.0,5600.0,1.002,0.945
1.32,2.3,12.904532,0.095,0.0,4710.0,0.669,0.672
1.24,2.07,31.200751,0.172,0.0,4710.0,0.669,0.672
1.12,1.46,22.597053,0.148,0.0,5577.0,0.882,0.882
1.13,1.51,45.348269,0.236,0.0,5577.0,0.882,0.882
2.73,12.8,10.043686,0.097,0.0,6326.0,0.992,1.126
3.04,13.2,15.163161,0.127,0.0,6326.0,0.992,1.126
2.6186448,7.36,56.4159,0.2872,0.0,5829.0,1.05,1.157
1.39,2.51,12.31043,0.096,0.0,5178.0,0.825,0.767
1.58,3.12,25.193458,0.155,0.0,5178.0,0.825,0.767
1.03,1.08,6.791636,0.068,0.0,5774.0,0.85,1.046
0.89,0.64,11.837549,0.098,0.0,5774.0,0.85,1.046
0.81,0.457,3.173315,0.036,0.0,4498.0,0.635,0.586
0.86,0.566,13.297004,0.093,0.0,4498.0,0.635,0.586
1.51,2.89,3.244107,0.041,0.0,5376.0,0.765,0.792
1.46,2.73,14.51143,0.11,0.0,5376.0,0.765,0.792
13.9,6388.1,21.08721,0.164,0.112,6350.0,1.29,1.4
0.82,0.477,6.738088,0.065,0.0,5166.0,0.787,0.776
0.79,0.418,13.060022,0.101,0.0,5166.0,0.787,0.776
2.5,1100.0,7.4175,0.083,0.46,5038.0,1.27,2.879
2.88,450.0,20.501,0.164,0.27,5038.0,1.27,2.879
1.0,0.972,5.341853,0.059,0.0,5938.0,0.874,1.129
1.1,1.37,10.423118,0.093,0.0,5938.0,0.874,1.129
1.29,2.21,9.182417,0.091,0.0,6189.0,1.256,1.382
1.33,2.33,14.613612,0.124,0.0,6189.0,1.256,1.382
1.6,3.19,8.005013,0.083,0.0,6402.0,0.87,1.132
1.66,3.39,12.130686,0.11,0.0,6402.0,0.87,1.132
1.50066814,2.86,5.613580227,0.05904,0.0,6398.0,1.141,1.101
1.03,1.08,7.054346,0.061,0.0,4262.0,0.622827,0.556
1.32,2.3,34.989262,0.177,0.0,4262.0,0.622827,0.556
3.5,75.5,42.994,0.24067,0.0,5656.0,0.85,1.06
5.3,17.9,88.505,0.38946,0.0,5656.0,0.85,1.06
2.46,6.62,22.250949,0.144,0.0,5307.0,0.844,0.767
6.18,31.6,135.498527,0.48,0.0,5307.0,0.844,0.767
0.93,0.749,4.081423,0.044,0.0,4493.0,0.649,0.613
1.01,1.01,11.419412,0.087,0.0,4493.0,0.649,0.613
0.88,0.615,6.83437001,0.0618,0.0,4557.0,0.72,0.67
0.96,0.84,14.425281,0.103,0.0,5502.0,0.902,0.68
1.43,2.63,26.67569,0.155,0.0,5502.0,0.902,0.68
1.89,4.23,58.034616,0.261,0.0,5502.0,0.902,0.68
4.002,24.472,3.21346,0.0456,0.0,5857.0,1.223,1.487
13.11,699.2,6.87349,0.08,0.0,6510.0,1.48,2.13
1.65,3.36,9.024389,0.087,0.0,5886.0,1.08,1.145
1.49,2.83,17.340824,0.134,0.0,5886.0,1.08,1.145
1.71,3.57,14.383035,0.122,0.0,6117.0,1.173,1.333
2.15,5.27,47.318218,0.269,0.0,6117.0,1.173,1.333
2.27,5.77,184.256405,0.66886,0.0,6184.0,1.17,1.29
1.22,1.98,4.028751,0.051,0.0,6090.0,1.072,1.264
1.56,3.05,6.124821,0.068,0.0,6090.0,1.072,1.264
1.38,2.48,8.921099,0.087,0.0,6090.0,1.072,1.264
1.46,2.73,11.242861,0.102,0.0,6090.0,1.072,1.264
1.25,2.1,7.031462,0.076,0.0,6090.0,1.299,1.329
1.75,3.71,54.280749,0.297,0.0,6090.0,1.299,1.329
1.42,2.6,13.61159129,0.12178,0.0,6209.0,1.25,1.45
1.27,2.15,11.829851,0.102,0.0,5654.0,0.86,0.884
1.72,3.61,14.751166,0.118,0.0,5654.0,0.86,0.884
2.08,4.98,10.613839,0.095,0.0,5818.0,0.873,0.893
4.66,19.6,29.726682,0.188,0.0,5818.0,0.873,0.893
1.43,6.35,2.42629,0.03599,0.0,5538.0,1.07,1.07
0.85,2.71,4.62332,0.05531,0.0,5538.0,1.07,1.07
1.19,1.93,0.6693124,0.01531,0.0,5487.0,0.99,1.04
12.3,4000.0,3000.0,3.27090369,0.221479,5476.0,1.0,1.01
0.82,5.0,2.46502,0.03592,0.0,6104.0,1.08,1.23
1.199,6.0,68.9583216,0.3192,0.69,5421.0,0.913,0.897
14.46,177.98,1.8555582,0.03101,0.0,5750.0,1.15,1.29
2.838,8.44,17.833648,0.1226,0.17,6273.0,1.214,1.352
2.401,25.6,3.005156,0.0375,0.146,4974.0,0.87,0.82
4.421,26.4,7.834435,0.0739,0.108,4974.0,0.87,0.82
3.319,15.2,58.02035,0.279,0.128,4974.0,0.87,0.82
3.28,10.8,31.509728,0.186,0.016,4974.0,0.87,0.82
15.031269,299.07803,1.7208604,0.02897,0.0038,5750.0,1.167,1.287
4.347,67.0,66.262,0.3553,0.1181,4700.0,0.82,0.7761
1.71,3.5,4.7,0.0543,0.0,5536.0,0.89,0.946
3.01,29.9,7.171,0.07195,0.0,5536.0,0.89,0.946
1.21,119.9,4.176,0.0426,0.0,4362.0,0.67,0.643
2.01,4.7,8.708,0.0695,0.0,4362.0,0.67,0.643
2.48,58.2,6.319,0.0674,0.0,5718.0,1.0,1.075
2.352,6.13,12.209,0.10454,0.0,5718.0,1.0,1.075
1.61,3.22,3.07644709,0.0407,0.0,5670.0,0.949,1.022
2.31,11.0,12.331,0.1006,0.0,5177.0,0.9,0.806
2.69,7.7,15.943,0.1194,0.0,5177.0,0.9,0.806
13.45,349.6112477,86.67856,0.39249,0.2,5820.0,0.98,1.09
5.22108654,23.7,12.21829987,0.10632,0.0,5822.0,0.957,1.081
10.8,794.5,69.7546,0.37,0.833,6430.0,1.39,1.74
12.6,2320.1,675.47,1.68,0.184,6430.0,1.39,1.74
0.78,0.705944,1.2137672,0.0116,0.04,3068.0,0.13,0.17
0.73,60.337,0.45328509,0.006,0.0,3068.0,0.13,0.17
0.57,0.357785,1.865169,0.0154,0.02,3068.0,0.13,0.17
4.16,16.1,704.1984,1.219,0.041,5308.0,0.794,0.757
12.89,136.66,7.8914483,0.082,0.0,5972.0,1.15,1.24
13.361,189.101,2.6843285,0.03585,0.019,5560.0,0.85,0.95
9.98,327.35,3.3118644,0.044,0.0,5460.0,1.01,0.94
10.962,79.45,3.79701816,0.0464,0.33,5170.0,0.93,0.86
12.22,108.06,3.21751883,0.0414,0.18,5725.0,0.91,0.92
13.79,92.17,10.290994,0.091,0.57,5800.0,0.96,1.35
12.11,403.63,3.52563254,0.0433,0.22,5150.0,0.87,0.8
13.663771,1026.5909,3.0240949,0.046,0.017,6041.0,1.32,1.42
3.25,10.6,35.968,0.2244,0.0,5884.0,1.166,1.485
1.75,3.71,110.979,0.4757,0.0,5884.0,1.166,1.485
0.764,0.37,6.803,0.0719,0.0,6004.0,1.071,1.092
0.668,0.229,8.703,0.0847,0.0,6004.0,1.071,1.092
1.11,1.41,11.922,0.1045,0.0,6004.0,1.071,1.092
12.834305,1719.4603,52.501129,0.301,0.5134,4995.0,1.32,4.06
16.25,896.24,5.33408384,0.0679,0.119,6360.0,1.46,2.26
12.67,908.96,12.8747099,0.1143,0.131,5977.0,1.198,1.38
22.31,266.97,8.6001536,0.0948,0.114,6161.0,1.538,3.21
2.73,7.9,64.00205,0.339,0.19,4651.0,0.729,0.697
2.33,6.04,16.79713874,0.11452,0.0,4685.0,0.75,0.71
2.14,5.22,66.65062,0.288,0.02,4551.0,0.707,0.68
1.12,1.46,35.23319,0.166,0.03,3748.0,0.544,0.52
2.24,5.65,178.1396,0.563,0.03,5431.0,0.884,0.866
12.22,317.82,3.2467293,0.0446,0.066,5800.0,1.12,1.35
1.86,4.12,101.11141,0.242,0.34,4134.0,0.575,0.559
1.64,3.33,207.2482,0.64,0.1,4340.0,0.572,0.55
1.34,2.36,112.3053,0.409,0.04,4402.0,0.609,0.598
2.33,6.04,177.6693,0.495,0.11,4723.0,0.738,0.706
0.403,0.0374,3.6001053,0.04178,0.16,5046.0,0.758,0.752
0.497,0.0793,4.5458841,0.04881,0.31,5046.0,0.758,0.752
0.53,0.2,6.189392,0.06,0.18,5046.0,0.758,0.752
0.546,0.1,7.743493,0.0696,0.1,5046.0,0.758,0.752
0.741,0.332,9.740486,0.0811,0.29,5046.0,0.758,0.752
1.58,3.12,2.984151,0.0217,0.0,3157.0,0.18,0.21
2.51,6.85,4.871229,0.0301,0.0,3157.0,0.18,0.21
1.25,2.1,8.15275,0.0439,0.0,3157.0,0.18,0.21
1.5,2.86,1.565409,0.0182,0.0,3359.0,0.22,0.24
1.11,1.41,3.036179,0.0283,0.0,3359.0,0.22,0.24
1.35,2.39,5.148921,0.0403,0.0,3359.0,0.22,0.24
18.49,435.41,7.79430132,0.0769,0.123,5493.0,1.0,1.05
12.0,6992.26,2500.0,4.2,0.65,6635.0,1.5,1.4
2.056,4.88,12.58242,0.1027,0.03,5649.18,1.02,1.467
2.764,8.07,33.6727,0.1979,0.05,5649.18,1.02,1.467
10.76,160.497,2.455239,0.03,0.11,3820.0,0.59,0.55
6.14,19.4,28.454851,0.20092,0.02,6197.21,1.19,1.64162
2.62,12.5,15.413135,0.13351,0.02,6197.21,1.19,1.64162
0.837,17.6,7.51464,0.0827,0.14,6197.21,1.19,1.64162
1.63,3.29,384.843,1.046,0.0,5757.0,1.037,1.11
6.204,16.0,240.503,0.7903,0.0359,5527.0,0.944,0.833
2.37,5.4,10.5737534,0.09528,0.32,5687.0,1.03,1.066
12.9,1433.40611557,524.19,1.287,0.0053,5687.0,1.03,1.066
13.3,734.18362017,4073.0,5.1,0.089,5687.0,1.03,1.066
2.98467257,9.19,10.6906004,0.0996,0.0,6474.0,1.148,1.242
4.2,16.4,20.74028413,0.17012,0.0,6117.21,1.15,2.21562
9.057,1907.0,33.60134,0.1968,0.01,5155.0,0.902,0.938
13.5,119.499,57.011,0.2799,0.0146,5155.0,0.902,0.938
1.64,3.33,6.766589,0.067,0.0,5309.0,0.883,0.79
5.52,26.1,220.1303357,0.75318,0.0,6146.0,1.17,1.26
2.58,7.18,8.313783059,0.07895,0.0,5634.0,0.98,0.91
3.0,53.9,84.6866,0.4172,0.042,7500.0,1.59,1.57
4.0,6.0,207.62,0.7584,0.11,7500.0,1.59,1.57
3.05,9.53,8.981016833,0.07925,0.0,5661.0,0.87,0.9
3.3,10.9,7.256965224,0.07931,0.0,5933.0,1.21,1.59
2.95,9.01,9.940672466,0.09195,0.0,6310.0,1.23,1.29
2.85,8.5,51.07926307,0.26769,0.0,5927.0,1.04,1.05
1.25,2.1,3.709213846,0.04658,0.0,5927.0,1.04,1.05
2.25,5.69,24.99324193,0.16848,0.0,5809.0,1.05,1.37
3.05,2.07,49.4643,0.2877,0.021,5636.0,0.957,0.936
4.65,3.17,303.227,0.9638,0.044,5636.0,0.957,0.936
7.04,19.02,187.366,0.6992,0.024,5636.0,0.957,0.936
3.22,10.5,4.176255514,0.04823,0.0,4996.0,0.85,0.78
4.08,15.6,14.55731705,0.12048,0.0,5816.0,1.06,1.34
3.06,9.59,5.660672935,0.06092,0.0,5785.0,0.99,1.08
2.49,6.76,3.105508189,0.03989,0.0,5009.0,0.86,0.79
3.08,9.69,14.00640607,0.1126,0.0,5837.0,1.03,1.09
2.07,4.94,11.11990653,0.0911,0.0,5240.0,0.87,0.79
2.71,7.8,13.2217576,0.1032,0.0,5210.0,0.85,0.8
2.12,5.14,12.49341307,0.09636,0.0,5247.0,0.86,0.81
1.88,3.94,4.778,0.05394,0.0,5194.0,0.88,0.89
2.71,14.61,9.67395,0.08633,0.0,5194.0,0.88,0.89
2.04,7.93,42.8961,0.23302,0.0,5194.0,0.88,0.89
13.4,657.0,982.0,1.898274748,0.003142,5194.0,0.88,0.89
13.8,298.5809968,5219.681854,5.719187877,0.015283,5190.0,0.916,0.836
2.78,8.15,4.919583795,0.06024,0.0,6322.0,1.25,1.34
2.5,6.8,10.06082567,0.08926,0.0,5802.0,1.01,1.09
2.36,6.17,56.35418576,0.25787,0.0,4871.0,0.75,0.72
3.21,10.4,30.229104,0.19471,0.0,6346.0,1.28,1.47
2.28,5.82,10.045569313,0.09036,0.0,5668.0,0.96,0.87
2.68,7.65,38.6519976,0.21864,0.0,5444.0,0.91,0.88
2.77513568,8.12,2.418390036,0.03445,0.0,5422.0,0.874,0.887
7.72,46.1,17.276296119,0.12109,0.0,5014.0,0.82,0.76
2.579,9.77,7.2,0.05929,0.0,4095.6,0.607,0.618
2.444,8.38,10.91,0.07821,0.008,4095.6,0.607,0.618
1.6,235.982,2.576549,0.031,0.0,4252.0,0.549,0.559
1.56,1.03815,18.596108,0.116,0.0,4252.0,0.549,0.559
8.92,59.0,4.225384512,0.05191,0.0,5582.0,1.04,1.03
5.23,23.8,3.413036221,0.0427,0.0,5346.0,0.86,0.83
1.21936414,1.98,5.896609783,0.0614,0.0,5392.0,0.888,1.087
2.32,5.99,8.30864937,0.0747,0.0,5293.0,0.86,0.82
6.04,30.4,3.573203671,0.0457,0.0,5834.0,1.09,1.11
3.03,9.43,9.61375356,0.0897,0.0,5744.0,0.98,0.96
2.17,5.35,5.632528453,0.0598,0.0,5312.0,0.87,0.83
15.984034,670.93913,3.5484657,0.0538,0.0,6297.0,1.374,1.793
1.71,8.9,7.81254,0.077,0.0,6225.0,1.24,1.58
2.17,8.2,9.37647,0.087,0.0,6225.0,1.24,1.58
2.58,7.18,8.508324398,0.08361,0.0,5813.0,1.02,1.03
4.3,17.1,5.640677572,0.0627,0.0,5904.0,1.03,1.04
1.68119739,3.47,3.622760057,0.0467,0.0,5794.0,1.032,1.216
4.77,20.4,4.28686431,0.0535,0.0,6125.0,1.15,1.22
1.59,3.15,9.549275422,0.0646,0.0,3519.0,0.33,0.33
2.6,7.27,27.52197994,0.1445,0.0,3931.0,0.55,0.53
2.73,7.9,6.8834055,0.07437,0.0,6236.0,1.19,1.19
1.3,5.69692195,3.568096926,0.04781,0.0,6113.0,1.16,1.32
1.64,3.33,25.30889748,0.17274,0.0,6025.0,1.16,1.25
2.49,6.76,41.74600392,0.23702,0.0,6060.0,1.1,1.2
7.1,2.1,45.154,0.2514,0.04,6018.0,1.04,0.94
9.0,4.0,85.312,0.384,0.014,6018.0,1.04,0.94
9.7,7.6,130.194,0.509,0.008,6018.0,1.04,0.94
2.47,6.66,19.55659418,0.1352,0.0,5746.0,0.91,1.41
6.35,33.1,296.637865,0.85672,0.0,5770.0,1.0,1.2
4.20964327,16.5,26.62949944,0.17177,0.0,5866.0,0.958,1.417
2.69,7.7,34.43587975,0.21395,0.0,5997.0,1.17,1.3
2.2,5.48,28.86235584,0.1779,0.0,5849.0,1.02,1.06
1.72,3.61,5.65179605,0.06559,0.0,6106.0,1.28,1.44
1.46,2.73,19.96371318,0.1333,0.0,5293.0,0.9,0.83
5.74,27.9,24.85462415,0.1992,0.0,7099.0,1.62,2.02
2.67,7.61,60.92832271,0.28682,0.0,5690.0,0.95,0.98
2.11,5.1,8.512035877,0.07996,0.0,5842.0,0.96,0.88
2.1,5.06,24.3078946,0.15932,0.0,5260.0,0.89,0.8
2.1,135.0,7.8773565,0.0637,0.0,4075.0,0.54,0.52
1.84,45.4,16.3850021,0.10379,0.012,4075.0,0.54,0.52
1.95,88.8775,36.445171,0.182,0.0,4263.0,0.577,0.556
1.66,3.39,19.67416124,0.14628,0.0,6112.0,1.1,1.09
1.07,1.24,5.21104261,0.06035,0.0,6112.0,1.1,1.09
3.18,10.2,22.20813214,0.17116,0.0,6406.0,1.34,1.46
6.91,38.2,38.58422849,0.25029,0.0,6392.0,1.54,1.98
1.96,4.5,5.835983111,0.06159,0.0,5515.0,0.93,0.86
1.91,4.31,7.97419807,0.07955,0.0,6014.0,1.09,1.1
0.96,0.84,1.88897906,0.03046,0.0,6014.0,1.09,1.1
2.63,7.41,18.68404933,0.14386,0.0,5573.0,0.95,1.15
1.99,4.62,5.458498316,0.06518,0.0,5894.0,1.15,1.14
2.84,8.45,13.28535633,0.11646,0.0,6388.0,1.28,1.45
2.08,4.98,19.78297415,0.14219,0.0,5807.0,1.01,1.06
1.86,4.12,1.980357663,0.0309,0.0,6087.0,1.07,1.14
2.0,4.66,12.8345022,0.1075,0.0,6087.0,1.07,1.14
2.79502603,8.22,35.86619949,0.2134,0.0,6078.0,1.005,1.189
2.89,111.0,18.6489525,0.1361,0.0,5858.0,0.98,0.89
3.17,36.0,38.5583038,0.22091,0.0,5858.0,0.98,0.89
2.12,166.503,9.751962,0.091,0.0,6085.0,0.966,0.958
3.01,9.32,39.30941904,0.21491,0.0,5697.0,0.97,0.89
2.78,8.15,29.88485741,0.17446,0.0,4893.0,0.78,0.75
2.57,7.13,12.92491623,0.10151,0.0,5192.0,0.87,0.79
3.38,11.4,28.51120525,0.16704,0.0,4758.0,0.78,0.72
2.24,5.65,15.95994513,0.1272,0.0,5884.0,1.05,0.98
1.227,2.02,7.378689766,0.0761,0.0,5936.0,1.075,0.965
2.36,6.17,4.903321551,0.06011,0.0,6123.0,1.18,1.27
3.1,9.8,1.827082299,0.02835,0.0,5524.0,0.92,0.89
1.41,2.57,3.247555219,0.04317,0.0,5763.0,1.07,0.99
2.215,12.9,81.73778,0.3554,0.21,5534.0,0.892,0.8717
8.373123,308.2951,125.63243,0.4988,0.39,5820.0,1.048,0.952
13.3,762.792,1000.0,2.42,0.5,5820.0,1.048,0.952
2.1,0.98,8.0109434,0.0619,0.022,3705.0,0.51,0.5
1.23,0.7,12.0717249,0.0809,0.0,3705.0,0.51,0.5
1.53,12.0946,20.995694,0.126,0.0,4252.0,0.518,0.554
2.71,7.8,172.7049784,0.58822,0.0,5946.0,1.02,1.08
3.36,11.2,5.08005848,0.06447,0.0,6166.0,1.41,2.06
1.57,3.09,13.14497566,0.10703,0.0,5526.0,0.93,0.9
2.5,6.8,13.89961966,0.1023,0.0,4671.0,0.7,0.67
2.12,5.14,21.41616926,0.15482,0.0,6206.0,1.16,1.22
2.69,7.7,13.24934059,0.11248,0.0,5882.0,1.04,1.07
7.0,39.1,4.147020258,0.0502,0.0,5967.0,1.11,1.15
4.0,15.1,6.010384289,0.058,0.0,4828.0,0.78,0.73
2.57,11.0,42.9495649,0.23236,0.0,5360.0,0.88,0.84
2.93,8.91,117.040498,0.45332,0.0,5360.0,0.88,0.84
4.2,16.4,24.61480613,0.1575,0.0,5312.0,0.859,0.986
2.43,43.0,27.9481449,0.1593,0.0,4362.0,0.62,0.58
2.21,69.8,42.1516418,0.2095,0.0,4362.0,0.62,0.58
1.59,3.15,2.211099,0.029,0.0,4503.0,0.631,0.619
1.55,3.02,4.617534,0.048,0.0,4503.0,0.631,0.619
1.59,3.15,10.198545,0.081,0.0,4503.0,0.631,0.619
4.42,17.9,8.600104109,0.0747,0.0,5322.0,0.87,0.83
2.73,7.9,12.3764661,0.0893,0.0,4286.0,0.65,0.63
3.95,14.8,5.263415765,0.0612,0.0,5863.0,1.03,1.04
4.74139884,116.00736855,4.030467,0.04766,0.0,5191.0,0.889,0.902
11.57887706,2129.4503269,328.24017,0.898,0.346,5191.0,0.889,0.902
4.29,17.0,1.902208556,0.03022,0.0,5447.0,0.93,0.92
2.83,8.4,16.21775407,0.1201,0.0,5894.0,1.03,1.04
2.24,5.65,11.72292176,0.09833,0.0,5740.0,1.0,0.98
2.67,7.61,3.705989551,0.0469,0.0,6068.0,1.11,1.16
2.37,6.21,29.00790538,0.1759,0.0,5242.0,0.85,0.81
3.61,12.7,17.58752333,0.1277,0.0,5630.0,0.96,0.95
6.51,22.1,10.5016,0.1028,0.04,4840.0,1.32,4.23
9.8,181.0,21.40239,0.1652,0.0,4840.0,1.32,4.23
12.8,1784.0,1002.0,2.16,0.2,4819.44,1.29,4.21799
1.72,3.61,18.47764449,0.0899,0.17,3556.0,0.34,0.33
6.96,38.7,58.3620495,0.29256,0.0,5646.0,0.96,0.94
2.68,7.65,5.350161983,0.05947,0.0,5646.0,0.96,0.94
5.21,23.7,18.009314436,0.1333,0.0,5575.0,0.93,0.9
3.09,9.75,22.18432708,0.1418,0.0,5066.0,0.8,0.77
4.63,19.4,3.750832285,0.0484,0.0,5626.0,0.95,0.92
3.64,12.9,4.243747226,0.0501,0.0,5735.0,0.98,0.95
2.15,5.27,18.42794624,0.1247,0.0,5132.0,0.83,0.79
2.25,5.69,16.54297375,0.1229,0.0,5148.0,0.84,0.79
2.26,5.73,11.02347475,0.0794,0.0,3768.0,0.55,0.53
3.16,10.1,34.18890521,0.19784,0.0,5616.0,0.95,0.93
3.135,25.06,5.72,0.05988,0.0162,5187.9,0.859,0.826
2.196,6.86,11.6,0.09588,0.0725,5187.9,0.859,0.826
2.45,6.57,4.301662003,0.0497,0.0,5496.0,0.93,0.9
2.64,7.46,4.798599388,0.0546,0.0,5527.0,0.93,0.9
2.58,7.18,17.20523483,0.1192,0.0,5212.0,0.83,0.79
2.79,8.2,22.18329658,0.14527,0.0,5746.0,0.99,1.02
2.39,6.3,7.65880414,0.0723,0.0,5612.0,0.95,0.91
2.39,6.3,9.37891944,0.0788,0.0,5710.0,0.97,0.95
3.27,10.7,29.91136794,0.179,0.0,5672.0,0.99,0.97
2.55,7.04,25.69578251,0.1348,0.0,4984.0,0.78,0.73
2.0,4.66,1.616883696,0.0266,0.0,5334.0,0.87,0.83
2.0,4.66,9.66857723,0.0854,0.0,5636.0,0.99,0.96
2.78,35.5,10.2184954,0.09291,0.04,5843.0,0.95,1.03
2.86,53.0,15.5741568,0.12307,0.0,5843.0,0.95,1.03
2.94,245.343,40.101371,0.236,0.0,6099.0,1.024,1.127
1.61,597.796,4.45814897,0.0533,0.0,6100.0,1.017,1.083
2.57,7.13,8.222419656,0.0683,0.0,4298.0,0.67,0.64
2.63,7.41,40.6069821,0.2259,0.0,5772.0,1.0,1.0
3.68,13.1,18.49235668,0.1254,0.0,5564.0,0.93,0.91
2.28,5.82,6.5100253,0.0689,0.0,5523.0,0.94,0.91
4.21,16.5,35.1810304,0.2281,0.0,6195.0,1.17,1.24
2.83,8.4,2.752359753,0.03841,0.0,5593.0,0.96,0.93
2.79,8.2,2.104722184,0.0331,0.0,5575.0,0.94,0.92
2.23,5.6,10.94027841,0.0952,0.0,5549.0,0.92,0.89
2.63,7.41,4.221625357,0.052,0.0,5835.0,1.01,1.0
2.27,5.77,16.54964934,0.1196,0.0,5296.0,0.88,0.83
1.11727238,1.45,3.52466011,0.0426,0.0,5372.0,0.832,0.916
1.1,4.1,11.8681707,0.09943,0.0,6074.0,1.04,0.94
1.98,3.81,17.9801235,0.13114,0.0,6074.0,1.04,0.94
4.02,15.2,5.85296257,0.0647,0.0,6000.0,1.1,1.15
3.39,11.4,81.1694299,0.3554,0.0,5677.0,0.97,0.94
2.39,6.3,2.820192408,0.0397,0.0,5913.0,1.04,1.04
2.87,8.6,21.21708973,0.1508,0.0,5967.0,1.08,1.1
2.18,5.39,13.64618192,0.1089,0.0,5485.0,0.91,0.87
3.708,17.4,25.3029092,0.1582,0.0,5138.5,0.93,0.821
1.009,3.3,12.38602,0.0983,0.0,5138.5,0.93,0.821
3.46,11.8,21.30022655,0.15161,0.0,6267.0,1.21,1.32
2.37,6.21,13.02365861,0.10916,0.0,5683.0,0.97,0.95
1.5,2.86,3.70175428,0.04487,0.0,5307.0,0.87,0.86
3.02420941,9.4,86.4945,0.36672,0.0,5245.0,0.9,0.900316
2.84,8.45,15.65562652,0.1128,0.0,5127.0,0.83,0.79
14.616536,212.31044,3.2346996,0.04852,0.0,5647.0,1.209,1.391
1.71,4.19,7.1334,0.07255,0.0,5905.0,1.041,1.257
1.9,3.85,8.9187,0.08422,0.039,5905.0,1.041,1.257
1.99,4.16,11.8981,0.10203,0.002,5905.0,1.041,1.257
2.9,8.75,23.67517607,0.1536,0.0,5279.0,0.84,0.81
1.9,4.27,5.378868441,0.05494,0.0,5160.0,0.85,0.79
2.09,5.02,15.28469497,0.1224,0.0,6062.0,1.08,1.13
2.65,7.51,21.05358596,0.16052,0.0,5808.0,1.01,1.01
6.5,34.5,127.9075774,0.53439,0.0,5808.0,1.01,1.01
1.32,2.3,6.2171292,0.07117,0.0,5808.0,1.01,1.01
2.59,7.22,25.85501786,0.1735,0.0,5890.0,1.02,1.03
1.44,2.67,3.383538066,0.04244,0.0,5462.0,0.91,0.88
0.86,0.566,2.358951515,0.03336,0.0,5462.0,0.91,0.88
3.31,11.0,24.31575992,0.17,0.0,6161.0,1.13,1.22
0.87,0.59,0.638163204,0.0137,0.0,5196.0,0.84,0.8
2.76001201,8.05,39.67679977,0.21507,0.0,5244.0,0.808,0.888
3.64,12.9,6.412515037,0.0685,0.0,5820.0,1.0,1.01
3.35,11.2,6.521210666,0.0682,0.0,5971.0,1.09,1.14
2.15,5.27,59.87756,0.24861,0.25,4017.0,0.635,0.62
4.19,16.3,6.996926554,0.0719,0.0,5943.0,1.1,1.13
3.3,10.9,151.86392,0.5594,0.0,5943.0,1.1,1.13
1.65,3.36,2.437033302,0.0351,0.0,5761.0,1.01,1.01
2.84,8.45,3.722156413,0.0452,0.0,5693.0,0.98,0.96
2.29,5.86,15.77979614,0.1232,0.0,5723.0,0.98,0.96
2.39,6.3,14.03491514,0.1027,0.0,5268.0,0.85,0.81
1.74,3.68,10.35584657,0.085,0.0,4655.0,0.73,0.69
2.43,6.48,9.99761851,0.0927,0.0,5753.0,0.98,0.97
3.41,11.5,90.4113556,0.4024,0.0,5753.0,0.98,0.97
2.653,7.52,51.06740189,0.2749,0.0,6004.0,1.061,0.977
1.32,2.3,1.682696148,0.0219,0.0,3712.0,0.51,0.48
2.6,7.27,3.595769645,0.0449,0.0,5860.0,1.05,1.08
3.16,10.1,5.404272197,0.06014,0.0,5980.0,1.09,1.11
1.69,3.5,1.208465026,0.02216,0.0,5980.0,1.09,1.11
4.17,16.2,11.67894236,0.1021,0.0,6122.0,1.041,0.964
1.31,9.0,5.714932,0.0553,0.0,4925.0,0.69,0.64
0.54,4.0,12.4417,0.0929,0.0,4925.0,0.69,0.64
1.95,14.0,18.16406,0.12,0.0,4925.0,0.69,0.64
1.61,36.0,122.3874,0.427,0.0,4925.0,0.69,0.64
1.41,35.0,267.291,0.718,0.0,4925.0,0.69,0.64
3.32,11.0,12.91375431,0.1053,0.0,6155.0,1.15,1.22
2.3,5.9,2.628113746,0.031,0.0,4521.0,0.72,0.68
2.13,5.18,14.28226676,0.0978,0.0,4201.0,0.64,0.61
3.01,9.32,9.07097734,0.0854,0.0,5443.0,0.9,0.86
2.31,5.95,14.58649607,0.11638,0.0,6117.0,1.1,1.18
1.99,4.62,7.75192492,0.08137,0.0,5789.0,1.04,0.96
1.05,1.16,4.1653651,0.05379,0.0,5789.0,1.04,0.96
2.29,5.86,14.48585199,0.10913,0.0,5813.0,1.01,1.05
3.73,13.4,40.6994443,0.22661,0.0,6424.0,1.3,1.49
1.38,2.48,7.2385854,0.07107,0.0,5444.0,0.93,0.84
6.11,120.0,9.4341505,0.08,0.45,5576.0,0.984,0.901
3.18,10.2,161.4743937,0.56201,0.0,5829.0,1.02,1.04
2.9,8.75,17.97979059,0.14017,0.0,6185.0,1.24,1.33
2.21,5.52,30.99660733,0.1885,0.0,5322.0,0.91,0.84
1.63,3.29,8.50340718,0.08185,0.0,5899.0,1.02,1.15
2.296,5.89,23.78319931,0.16246,0.0,5877.0,0.997,1.265
1.89,4.23,5.16950177,0.05765,0.0,6075.0,1.03,1.24
2.64,7.46,23.44971004,0.18332,0.0,6174.0,1.33,1.51
4.45,18.1,16.080661147,0.1185,0.0,5203.0,0.85,0.8
4.75,20.2,23.20584623,0.16619,0.0,6096.0,1.64,2.56
1.83,4.01,6.07972888,0.06695,0.0,5382.0,0.88,0.93
2.38,6.26,10.21420496,0.09358,0.0,5896.0,1.14,1.29
2.56,7.08,22.24813967,0.15418,0.0,5653.0,1.01,0.94
1.85,4.08,9.48961571,0.0895,0.0,5713.0,1.02,1.13
2.9,8.75,4.41745855,0.05631,0.0,6570.0,1.4,1.66
10.16,321.0083,16.33889626,0.13485,0.37,4908.0,1.0,2.52
3.15,10.1,3.173917103,0.04641,0.0,6747.0,1.49,1.81
2.1,5.06,3.275822621,0.04541,0.0,6170.0,1.13,1.21
1.99,4.62,15.87364565,0.11251,0.0,5634.0,0.93,0.91
1.17,1.71,16.2254649,0.12237,0.0,6020.0,1.03,1.07
4.00135002,15.1,29.6663,0.18291,0.0,5906.74,1.07,1.54571
3.22,10.5,17.4211749,0.13324,0.0,5741.0,1.05,0.98
2.26,5.73,29.90722674,0.17522,0.0,5871.0,0.97,0.94
1.42,2.4,2.15491,0.035,0.028,6211.0,1.25,1.41
2.58,5.4,5.859944,0.068,0.02,6211.0,1.25,1.41
1.52,4.14,8.13123,0.084,0.014,6211.0,1.25,1.41
13.9,260.0,258.8,0.8539307544,0.283,6220.0,1.248,1.437
2.96,9.06,3.032145588,0.0421,0.0,5849.0,1.08,1.35
2.37,6.21,21.38521506,0.14078,0.0,5522.0,0.92,0.87
2.49,6.76,4.182002531,0.04958,0.0,5490.0,0.97,0.88
1.95,4.46,14.70748976,0.11945,0.0,5665.0,1.02,1.19
0.78,0.399,0.900376476,0.01855,0.0,5665.0,1.02,1.19
2.07,4.94,13.72465129,0.11664,0.0,5865.0,1.04,1.11
2.71,7.8,46.4063358,0.25697,0.0,6170.0,1.15,1.24
3.12,9.91,1.260259094,0.02231,0.0,5281.0,0.86,0.82
1.41,2.57,5.25449393,0.0602,0.0,5550.0,1.05,0.954
3.52,12.2,24.54350418,0.17337,0.0,5808.0,1.01,1.01
1.63,3.29,1.287076762,0.0188,0.0,4103.0,0.63,0.6
2.5,6.8,17.671796,0.1204,0.0,4870.0,0.79,0.74
2.8,8.25,17.815815,0.1352,0.0,5962.0,1.038,0.966
2.57,7.13,9.27358194,0.0759,0.0,4779.0,0.75,0.71
3.07,9.64,6.029301321,0.0585,0.0,4483.0,0.7,0.67
2.18,5.39,21.67697486,0.1408,0.0,4897.0,0.79,0.74
2.6,7.27,4.99678284,0.0559,0.0,5264.0,0.86,0.82
2.66,7.56,2.525593315,0.0374,0.0,5754.0,1.01,1.02
2.6,7.27,16.01310205,0.1148,0.0,4913.0,0.79,0.74
2.4,6.35,4.49876092,0.0542,0.0,5887.0,1.03,1.05
4.73,20.1,41.43962808,0.2288,0.0,5327.0,0.91,0.87
2.7,7.75,8.35390639,0.0768,0.0,5352.0,0.87,0.82
4.83,20.8,4.125546869,0.0529,0.0,6038.0,1.15,1.2
2.94,8.96,15.7259,0.1171,0.0,5331.0,0.865,0.778
2.69,7.7,4.280958588,0.0503,0.0,5624.0,0.97,0.95
2.5,6.8,38.3774623,0.2163,0.0,5627.0,0.95,0.92
6.54,34.8,3.728731093,0.0455,0.0,5355.0,0.88,0.84
1.69,3.5,2.243381847,0.028,0.0,4192.0,0.6,0.57
2.44,6.53,2.33743801,0.0325,0.0,4945.0,0.79,0.75
3.04,9.48,11.59822172,0.0798,0.0,3701.0,0.51,0.49
5.38,25.0,6.57531678,0.067,0.0,5723.0,1.0,0.99
5.14,23.1,7.27503724,0.0732,0.0,5520.0,0.94,0.91
3.01,9.32,12.39358604,0.0983,0.0,5403.0,0.87,0.84
2.357,8.03,5.39875259,0.06135,0.09,5847.0,1.057,1.2564
0.979,1.3,9.605027,0.09008,0.099,5847.0,1.057,1.2564
13.9,267.0,632.62,1.469,0.102,5847.0,1.057,1.2564
11.2,86.4493267,3455.0,4.6,0.33,5847.0,1.057,1.2564
2.42,6.44,3.689926291,0.0469,0.0,5890.0,1.08,1.11
3.08,9.69,26.39435646,0.1635,0.0,5021.0,0.8,0.76
7.37,42.6,12.611906672,0.1058,0.0,5559.0,0.92,0.89
1.97,4.54,2.539183179,0.0355,0.0,5703.0,0.96,0.95
3.36,11.2,6.770302008,0.064,0.0,5493.0,0.89,0.86
10.58,78.8,1.6255222,0.0265,0.0,5963.0,1.11,1.16
3.52,12.2,20.50586978,0.1326,0.0,4841.0,0.77,0.73
9.76,68.7,3.895936844,0.046,0.0,5715.0,0.98,0.96
2.89,8.7,22.36656079,0.1449,0.0,5518.0,0.91,0.88
2.24,5.65,13.722341,0.094,0.16,5638.0,0.81,0.93
1.71,3.57,242.4613,0.64,0.14,5638.0,0.81,0.93
5.95,29.6,7.748094374,0.081,0.0,5913.0,1.11,1.16
2.09,5.02,8.114379,0.0649,0.0,3715.0,0.53,0.5
3.11,9.85,21.81293494,0.1495,0.0,5440.0,0.9,0.86
10.18,73.8,15.37563332,0.1121,0.0,4881.0,0.76,0.72
2.8,8.25,6.365841612,0.0659,0.0,5700.0,0.97,0.95
9.21,62.3,3.040330424,0.0374,0.0,5181.0,0.84,0.8
6.14,31.3,4.190425575,0.0535,0.0,5903.0,1.06,1.08
4.13,16.0,3.709870645,0.0471,0.0,5513.0,0.92,0.88
3.68,13.1,16.32976218,0.1255,0.0,5612.0,0.94,0.91
18.180998,140.16303,4.8854892,0.06067,0.0,5933.0,1.359,1.966
5.99,30.0,80.8720639,0.3577,0.0,5692.0,0.98,0.96
2.84,8.45,10.35533177,0.0895,0.0,5343.0,0.88,0.84
9.17,61.8,10.526294063,0.088,0.0,5419.0,0.9,0.86
8.2,51.1,4.583521756,0.0535,0.0,6185.0,1.18,1.27
2.61,7.32,3.76182115,0.047,0.0,5616.0,0.97,0.96
2.11,5.1,56.0560538,0.232,0.0,3722.0,0.53,0.51
1.33,2.33,2.237492751,0.0325,0.0,5099.0,0.8,0.76
2.93,8.91,3.167891938,0.0426,0.0,5692.0,0.97,0.96
2.92,8.85,16.08524954,0.1173,0.0,5071.0,0.8,0.77
1.88,4.19,4.347285527,0.0524,0.0,5611.0,0.94,0.91
3.41,11.5,23.58914398,0.1429,0.0,5222.0,0.84,0.8
3.41,11.5,21.02247699,0.13615,0.0,5148.0,0.84,0.78
4.85,21.0,226.89047,0.66479,0.0,5148.0,0.84,0.78
2.48,6.71,7.411141,0.0748,0.0,5785.0,0.98,0.99
9.67,67.6,8.098887986,0.0832,0.0,5995.0,1.09,1.12
3.75,13.5,10.00652995,0.0933,0.0,5871.0,1.04,1.04
2.9,8.75,10.37168453,0.08628,0.0,5099.0,0.83,0.78
1.39281536,2.52,3.96999,0.04548,0.0,5012.0,0.83,0.742183
2.42,6.44,4.40840023,0.052,0.0,5485.0,0.88,0.85
8.52,54.5,5.007317779,0.0556,0.0,5777.0,0.99,0.98
8.41,53.4,4.708326542,0.0539,0.0,5618.0,0.95,0.92
2.64,7.46,5.392025388,0.0583,0.0,5075.0,0.82,0.78
2.63,7.41,4.093573252,0.0514,0.0,5863.0,1.03,1.05
2.82,8.35,105.144749,0.4471,0.0,5863.0,1.03,1.05
3.29,10.8,3.314946338,0.0433,0.0,5437.0,0.9,0.86
10.8,521.76244,39.64372,0.2238,0.231,5395.0,0.95,0.88
3.08,9.7,207.541,0.6744,0.436,5395.0,0.95,0.88
3.26,10.7,21.80451088,0.1406,0.0,5452.0,0.88,0.85
2.53,6.94,5.154484417,0.0546,0.0,5441.0,0.89,0.86
3.34,11.1,5.743477265,0.0625,0.0,5660.0,0.95,0.93
3.58,12.5,3.166353714,0.0432,0.0,5633.0,0.94,0.91
1.56926,3.09,2.85188338,0.03997,0.0,5620.0,1.047,1.411
2.18,5.39,9.467814048,0.0691,0.0,3631.0,0.49,0.46
1.27,2.15,0.893041236,0.0143,0.0,3631.0,0.49,0.46
2.82,8.35,20.83424726,0.1483,0.0,5418.0,0.9,0.86
3.56,12.4,6.104852856,0.0583,0.0,5326.0,0.85,0.78
2.95,9.01,11.51516988,0.0965,0.0,5107.0,0.85,0.8
2.93,8.91,3.60147201,0.0428,0.0,5217.0,0.86,0.81
1.96,4.5,28.59915399,0.1422,0.0,3813.0,0.51,0.48
2.5,6.8,24.58721573,0.1552,0.0,5327.0,0.86,0.82
3.32,11.0,12.53248465,0.1054,0.0,5601.0,0.93,0.9
10.76,200.22,7.340711,0.0781,0.0,6000.0,1.18,1.12
4.57,18.9,3.584101216,0.0462,0.0,5438.0,0.91,0.87
2.97,9.11,7.03902374,0.0744,0.0,6129.0,1.16,1.24
3.24,10.6,8.360868238,0.0744,0.0,4642.0,0.76,0.71
1.21,1.92,3.179262921,0.04166,0.0,5486.0,0.94,0.85
1.62,3.26,12.06222443,0.09735,0.0,5594.0,0.94,0.93
2.16,5.31,9.93143556,0.0915,0.0,5849.0,1.04,1.04
1.11,1.41,3.48159251,0.0435,0.0,5418.0,0.91,0.93
5.27,24.1,35.61760587,0.1916,0.0,5096.0,0.82,0.78
2.52,6.9,7.40742793,0.0745,0.0,5934.0,1.07,1.1
3.1,9.8,17.31716585,0.1054,0.0,5009.0,0.79,0.75
11.77,3209.9,8.8849116,0.0818,0.57,5200.0,0.91,0.89
3.07,9.64,9.42887179,0.08742,0.0,6160.0,1.15,1.23
1.62,3.26,4.08899022,0.05009,0.0,6160.0,1.15,1.23
2.46,6.62,17.44490636,0.1263,0.0,5387.0,0.87,0.84
2.81,8.3,18.82747265,0.1353,0.0,5373.0,0.87,0.83
1.91,4.31,5.747725012,0.054,0.0,4346.0,0.68,0.65
2.01,4.7,14.5596237,0.116,0.0,5935.0,1.06,1.08
1.76,3.75,1.269090374,0.02156,0.0,5043.0,0.82,0.77
1.26,2.13,2.853133644,0.037,0.0,5043.0,0.82,0.77
1.12,1.46,1.224866322,0.0219,0.0,5282.0,0.82,0.79
1.36,2.42,1.022678821,0.019,0.0,6014.0,1.08,1.13
2.48,6.71,12.1097104,0.10754,0.0,6228.0,1.16,1.42
1.69,3.5,4.75793986,0.05768,0.0,6228.0,1.16,1.42
2.12,5.14,20.4966197,0.1527,0.0,6228.0,1.16,1.42
1.53,2.96,8.1934719,0.0829,0.0,6228.0,1.16,1.42
2.27,5.77,41.805985,0.2329,0.0,5860.0,1.04,1.04
15.24424,638.8383,1.5449298,0.0274,0.0,6409.0,1.2,1.32
3.06,9.59,8.70419416,0.08087,0.0,5322.0,0.89,0.85
1.48,2.79,2.46697439,0.03489,0.0,5322.0,0.89,0.85
2.03,4.78,10.12804789,0.0874,0.0,5706.0,0.95,0.93
1.22,1.98,1.19655156,0.0205,0.0,5166.0,0.84,0.8
1.42,2.6,4.09667624,0.0466,0.0,4999.0,0.8,0.843
1.67,3.43,6.50327035,0.0634,0.0,4999.0,0.8,0.843
1.64,3.33,7.33683936,0.0724,0.0,5557.0,0.92,0.89
2.43,6.48,27.6655226,0.1754,0.0,5901.0,1.05,1.06
3.39,11.4,6.10027804,0.066,0.0,5992.0,1.1,1.15
6.64,35.7,161.5280101,0.5874,0.0,5694.0,0.96,0.94
1.79,3.86,11.3910025,0.092,0.0,5108.0,0.82,0.78
2.92,8.85,7.42608998,0.0778,0.0,6186.0,1.19,1.28
1.79,3.86,15.9870174,0.1297,0.0,6186.0,1.19,1.28
10.761,136.661,3.57878087,0.04501,0.0,5520.0,0.95,0.99
2.3,5.9,18.92540274,0.1694,0.0,5598.0,0.94,0.92
1.2,1.87,1.475322314,0.0309,0.0,5598.0,0.94,0.92
1.4,2.54,4.15244722,0.0616,0.0,5598.0,0.94,0.92
1.82,3.97,8.73485836,0.0843,0.0,5906.0,1.03,1.05
1.82,3.97,12.99207337,0.11153,0.0,5714.0,0.98,1.11
1.43,2.63,3.749100061,0.04682,0.0,5850.0,1.04,1.01
3.17,10.2,11.0895723,0.1082,0.0,6403.0,1.57,2.42
1.19,1.81,0.974868926,0.01834,0.0,5468.0,0.92,0.84
1.28,2.18,4.89718784,0.0523,0.0,5071.0,0.83,0.78
1.47,2.76,5.72812599,0.0519,0.0,4043.0,0.58,0.56
1.68,3.46,3.75574426,0.0453,0.0,5102.0,0.81,0.77
0.92,0.721,7.09714223,0.0533,0.0,3804.0,0.46,0.44
1.201,1.68,0.35500745,0.00901,0.0,5058.0,0.779,0.7475
0.89,0.64,0.677375164,0.015,0.0,5769.0,1.01,1.02
2.89,8.7,13.2140732,0.1019,0.0,5162.0,0.81,0.78
3.21,10.4,158.6853308,0.54494,0.0,5867.0,0.98,1.01
0.78,0.399,4.29264638,0.04958,0.0,5521.0,0.93,0.89
2.33153725,6.04,7.05395,0.06903,0.0,5411.49,0.94,0.872088
1.58,3.12,31.5922646,0.22111,0.0,5674.0,1.0,1.32
1.55,3.02,17.157236,0.1309,0.0,5676.0,1.016,1.487
2.43,6.48,53.5293487,0.25483,0.0,4838.0,0.81,0.74
1.28,2.18,0.928310498,0.0159,0.0,4248.0,0.65,0.62
2.55,7.04,8.39846269,0.0835,0.0,6159.0,1.16,1.23
2.12,5.14,8.63847725,0.0951,0.0,5870.0,1.01,1.02
3.51,7.6,13.48451,0.11929,0.022,6389.0,1.244,1.316
3.76,4.6,27.4026,0.19144,0.038,6389.0,1.244,1.316
7.15,5.3,52.0897,0.2937,0.051,6389.0,1.244,1.316
3.53,3.8,81.0665,0.39445,0.025,6389.0,1.244,1.316
2.18,5.39,13.73469807,0.101,0.0,5208.0,0.84,0.8
3.05,9.53,14.5539759,0.1256,0.0,6383.0,1.3,1.47
1.96,4.5,11.30119217,0.0988,0.0,5971.0,1.09,1.12
1.37,2.45,4.24153639,0.0491,0.0,5745.0,0.98,0.97
2.11,5.1,11.13125132,0.10036,0.0,5839.0,1.19,1.38
1.68,3.46,29.6193421,0.1803,0.0,5631.0,0.94,0.96
1.3,2.24,6.40087618,0.07317,0.0,5475.0,0.93,1.09
2.17,5.35,27.07237711,0.181,0.0,5680.0,0.96,0.95
2.39,6.3,13.71933369,0.1174,0.0,6224.0,1.19,1.29
6.88,37.9,133.4605235,0.5167,0.0,5681.0,0.95,0.93
2.78068551,8.15,15.19419956,0.1214,0.0,5588.0,1.031,1.593
15.871944,187.5197,3.5224991,0.0474,0.0,6213.0,1.213,1.486
2.67,6.93,7.05246,0.0648,0.0049,4540.0,0.73,0.678
2.74,6.74,9.52355,0.0792,0.0079,4540.0,0.73,0.678
1.53,6.75,3.07222,0.0372,0.0041,4540.0,0.73,0.678
1.6,4.13,4.64489,0.0491,0.0035,4540.0,0.73,0.678
1.21,4459.73,0.9867873,0.0175,0.186,4540.0,0.73,0.678
2.85,8.5,14.13176026,0.1106,0.0,5315.0,0.85,0.82
2.0,4.66,11.41928253,0.0795,0.0,4435.0,0.67,0.63
3.54,12.3,40.0587473,0.2265,0.0,5507.0,0.93,0.9
3.79,13.8,50.28638192,0.26721,0.0,5919.0,1.05,1.12
1.94,4.42,14.37457351,0.11287,0.0,5817.0,1.01,1.05
1.14,1.55,9.65185017,0.08654,0.0,5817.0,1.01,1.05
2.89,8.7,30.8638931,0.19852,0.0,6112.0,1.19,1.65
1.14,1.55,8.09219642,0.07684,0.0,5770.0,0.99,1.16
1.46,2.73,0.631332353,0.01314,0.0,4653.0,0.76,0.71
3.01,9.32,55.63934,0.2901,0.0,5734.0,0.99,0.98
2.42,17.2,5.955,0.0522,0.0,4385.0,0.64,0.59
2.37,4.3,12.04,0.08347,0.0,4385.0,0.64,0.59
1.21,1.92,20.837846,0.128,0.0,4500.0,0.648,0.595
1.93,4.38,4.59725385,0.055,0.0,5803.0,1.03,1.04
2.7,7.75,23.58447697,0.15911,0.0,5747.0,1.01,1.24
3.55,12.3,10.11716531,0.1024,0.0,6761.0,1.45,1.71
2.14,5.22,19.12947337,0.1439,0.0,5743.0,0.95,0.93
2.12,5.14,6.1469851,0.0695,0.0,6162.0,1.15,1.22
4.11,15.8,8.57503552,0.09473,0.0,5028.0,1.25,3.42
10.24,74.5,10.506825646,0.0895,0.0,5286.0,0.9,0.85
9.03,60.2,3.990106229,0.0493,0.0,5861.0,1.03,1.03
5.11,22.9,10.035385814,0.0886,0.0,5638.0,0.94,0.92
2.76,8.05,33.1995648,0.1894,0.0,5279.0,0.86,0.81
4.07,12.15,26.44,0.1683,0.0033,5401.0,0.91,0.898
5.34,13.9,51.54,0.2626,0.007,5401.0,0.91,0.898
1.77,885.098,2.382961,0.034,0.0,5428.0,0.946,0.945
2.47,254.02,5.902206,0.063,0.0,5428.0,0.946,0.945
4.84,20.9,75.732,0.3395,0.0014,5401.0,0.91,0.898
6.09,30.8,127.8338098,0.56004,0.0,6260.0,1.23,1.36
1.31,2.27,1.92279873,0.029,0.0,5191.0,0.84,0.8
1.77,3.78,3.222969273,0.04078,0.0,5928.0,1.06,1.08
1.57,3.09,4.16809082,0.0507,0.0,5643.0,0.98,0.96
1.87,4.16,4.51436633,0.055,0.0,6035.0,1.15,1.22
1.53,2.96,3.77360059,0.0453,0.0,5976.0,1.03,1.08
1.84,4.04,8.1818246,0.0759,0.0,5976.0,1.03,1.08
1.25,2.1,4.48758907,0.05202,0.0,6079.0,1.05,1.15
5.63,27.0,51.92927591,0.2742,0.0,5602.0,0.93,0.91
1.51,2.89,0.567857136,0.01228,0.0,5039.0,0.81,0.77
2.11,5.1,6.88337562,0.0678,0.0,5698.0,0.98,0.97
2.83,2.94,9.77,0.07295,0.0,4082.0,0.66,0.61
2.36,2.03,20.09,0.11796,0.0,4082.0,0.66,0.61
1.94,4.1,5.169796,0.051,0.0,4648.0,0.58,0.594
1.7,3.53,11.29695137,0.1033,0.0,6037.0,1.07,1.11
1.27,2.15,5.62153941,0.05984,0.0,5732.0,0.99,0.97
2.06,4.9,7.1396941,0.075,0.0,5596.0,0.92,0.9
2.02,4.74,18.7546998,0.1139,0.0,4339.0,0.64,0.62
2.02,4.74,13.32388301,0.0862,0.0,4554.0,0.7,0.66
2.79,8.2,11.41909375,0.107,0.0,5954.0,1.08,1.11
2.73,7.9,11.36112327,0.1013,0.0,5895.0,1.03,1.04
2.56,7.08,16.56059504,0.1144,0.0,5403.0,0.85,0.81
2.73,7.9,15.74957994,0.1266,0.0,5770.0,0.98,0.96
2.57,7.13,37.8144514,0.2316,0.0,6058.0,1.22,1.31
2.23,40.0,8.726,0.0827,0.0,6039.0,1.0,1.43
2.36,20.2,12.883,0.1072,0.0,6039.0,1.0,1.43
1.38,2.48,4.224537,0.052,0.0,6031.0,1.06,1.169
2.6,7.27,27.434389,0.181,0.0,6031.0,1.06,1.169
2.2,5.48,44.552169,0.25,0.0,6031.0,1.06,1.169
5.23,23.8,124.4198398,0.479,0.0,5324.0,0.85,0.81
1.6,3.19,1.21956827,0.0204,0.0,4848.0,0.78,0.73
2.59,7.22,2.053879821,0.0313,0.0,5830.0,1.02,1.03
1.68,3.46,2.613020856,0.0298,0.0,4128.0,0.59,0.57
2.04,4.82,0.927859821,0.01668,0.0,4913.0,0.79,0.75
2.48,6.71,19.80792185,0.1399,0.0,5579.0,0.94,0.91
1.18,1.76,2.343231895,0.0315,0.0,4940.0,0.83,0.77
1.7,3.53,6.91134416,0.07586,0.0,5695.0,1.01,1.2
8.08167508,298.75870258,394.62508,1.137,0.078,5950.0,1.259,1.822
1.778,1.84,8.3,0.07885,0.02,5505.2,0.928,0.875
1.978,2.15,12.51,0.10363,0.027,5505.2,0.928,0.875
1.2,8.69679,17.91323,0.13,0.0,5436.0,0.947,0.893
1.27,0.6,25.216751,0.163,0.0,5436.0,0.947,0.893
1.78,3.82,7.19303878,0.0744,0.0,5932.0,1.06,1.09
1.68,3.46,8.50699658,0.0802,0.0,5455.0,0.89,0.85
2.54,6.99,44.9309804,0.27967,0.0,6100.0,1.19,1.16
1.69,3.5,7.16892463,0.079,0.0,6350.0,1.3,1.55
8.35,52.7,7.886631104,0.0762,0.0,5835.0,1.03,1.03
9.3,63.3,8.027680595,0.0787,0.0,5535.0,0.96,0.93
6.8,37.2,85.35129427,0.3751,0.0,5773.0,0.99,0.99
4.87,21.1,76.13602028,0.33939,0.0,5653.0,0.96,0.91
3.09,9.75,20.38177573,0.13157,0.0,5020.0,0.81,0.77
3.24,10.6,5.101379454,0.058,0.0,5836.0,1.04,1.06
2.28,5.82,3.949631375,0.0463,0.0,5047.0,0.82,0.78
2.21,5.52,3.148664534,0.039,0.0,5333.0,0.88,0.84
2.9,8.75,15.59461874,0.122,0.0,5678.0,0.96,0.95
2.4,6.35,5.83376092,0.0687,0.0,5754.0,1.0,1.0
1.62,3.26,2.42150341,0.0382,0.0,6213.0,1.27,1.195
2.49,6.76,14.16399294,0.1057,0.0,5570.0,0.93,0.92
0.89,0.64,6.20920207,0.061,0.0,5440.0,0.782,0.885
1.63,3.29,2.617032536,0.0331,0.0,4751.0,0.75,0.71
4.64,19.4,150.242127,0.5375,0.0,5541.0,0.92,0.91
2.05,4.86,5.03251791,0.0575,0.0,5614.0,0.93,0.89
3.61,12.7,40.4287755,0.2244,0.0,5664.0,0.97,0.95
13.49,324.2,114.73635,0.481,0.036,5600.0,1.1,1.82
6.14,6.4,191.2318,0.676,0.039,5600.0,1.1,1.82
2.78,8.15,21.3587621,0.1539,0.0,5857.0,1.01,1.02
3.74,13.5,22.0459018,0.1572,0.0,5993.0,1.11,1.14
1.99,4.62,2.578855068,0.0362,0.0,5902.0,1.05,1.08
3.75,13.5,20.5533844,0.1542,0.0,6163.0,1.18,1.27
3.94,14.7,40.0686727,0.2234,0.0,6020.0,1.09,1.13
2.9,8.75,27.5073799,0.1771,0.0,5958.0,1.06,1.11
1.43,2.63,5.14438011,0.0549,0.0,5060.0,0.81,0.77
2.12,5.14,18.45847097,0.1301,0.0,5261.0,0.85,0.81
1.93,4.38,25.9422033,0.165,0.0,5044.0,0.81,0.77
2.57,7.13,33.3855938,0.2012,0.0,5792.0,1.02,1.02
13.1,965.14699656,1403.0,2.466329866,0.41,5466.0,0.99,0.897
2.66,7.56,7.71468975,0.0915,0.0,6761.0,1.46,1.74
2.87,8.6,11.8061737,0.1216,0.0,6900.0,1.714,2.599
1.78,3.82,4.44448017,0.0552,0.0,5961.0,1.06,1.09
1.23,2.04,3.989539666,0.04741,0.0,5476.0,0.9,0.87
1.78,3.82,12.98495573,0.10288,0.0,6116.0,1.06,1.09
1.23,2.04,5.69919514,0.06116,0.0,5715.0,1.0,0.94
2.5,6.8,18.11472949,0.14403,0.0,6187.0,1.21,1.35
1.52,2.92,6.24146367,0.06428,0.0,6098.0,1.1,1.16
1.84,4.04,20.42228798,0.15431,0.0,6194.0,1.19,1.29
1.13,1.51,7.63846023,0.0801,0.0,6194.0,1.19,1.29
1.76,3.75,70.6979061,0.31481,0.0,5875.0,0.97,0.9
1.09,1.32,3.744439,0.04975,0.0,5961.0,1.14,1.25
8.89,58.6,52.75875577,0.2944,0.0,5954.0,1.09,1.13
6.41,33.6,53.44945593,0.2881,0.0,5887.0,1.06,1.07
2.81,8.3,13.7521072,0.1015,0.0,4747.0,0.75,0.72
3.03,9.43,6.33855761,0.0699,0.0,5820.0,1.0,0.99
2.78,8.15,9.803224,0.0916,0.0,5603.0,0.87,0.85
1.54,2.99,2.806242328,0.0328,0.0,4315.0,0.65,0.61
2.53,6.94,144.547396,0.56378,0.0,5262.0,0.84,0.81
3.15,10.1,29.5422566,0.1792,0.0,5510.0,0.877,0.803
2.39,6.3,8.0472642,0.077,0.0,5839.0,1.03,1.04
1.49,2.83,5.8706191,0.0545,0.0,4223.0,0.65,0.62
2.68,7.65,19.17891293,0.1392,0.0,5595.0,0.93,0.91
8.29,43.4,19.23891,0.143,0.0609,5774.0,1.022,0.958
8.08,29.9,38.9853,0.227,0.06691,5774.0,1.022,0.958
1.64,8.41466053,1.592851,0.0273,0.0,5777.0,1.07,1.02
1.32,2.3,14.44912,0.1201380843,0.0,6015.0,1.12,1.29
2.08,4.98,6.9913086,0.0679,0.0,4836.0,0.78,0.73
1.37,2.45,3.517494394,0.0378,0.0,4184.0,0.59,0.57
2.54,6.99,40.1099547,0.223,0.0,5647.0,0.95,0.93
2.01,4.7,10.3507721,0.09081,0.0,5682.0,0.98,0.97
2.53,6.94,62.9228557,0.30249,0.0,5682.0,0.98,0.97
1.77,3.78,3.021668632,0.0417,0.0,6160.0,1.16,1.25
1.41,2.57,5.082746517,0.05689,0.0,5461.0,0.95,0.86
2.11,5.1,41.6979976,0.22363,0.0,6035.0,1.06,1.02
1.2,1.87,15.86621821,0.1225,0.0,6106.0,1.08,1.38
1.22,1.98,1.340597468,0.02526,0.0,5973.0,1.11,1.12
1.47,2.76,13.93290318,0.11873,0.0,6154.0,1.17,1.23
15.322703,257.4423,6.24658,0.0731,0.0519,4550.0,1.31,6.3
0.82,0.477,2.364369015,0.03752,0.0,6230.0,1.26,1.5
2.6,7.27,20.310501,0.15594,0.0,6112.0,1.34,1.99
2.8,8.25,2.534756273,0.0339,0.0,5998.0,1.07,1.11
2.06,4.9,10.29672521,0.1009,0.0,4687.0,0.63,0.61
3.8580709,14.2,5.939119816,0.0699,0.0,6068.0,1.294,1.797
1.38,2.48,4.40966548,0.05454,0.0,5877.0,1.1,1.15
1.5,2.86,4.59489604,0.05655,0.0,6173.0,1.21,1.38
1.76,3.75,32.2968798,0.1885,0.0,5248.0,0.85,0.81
1.91,4.31,2.970414375,0.0378,0.0,5418.0,0.8,0.76
1.74,3.68,4.85386933,0.0569,0.0,6028.0,1.11,1.14
2.25,5.69,11.04603384,0.0981,0.0,6113.0,1.15,1.21
3.51,64.3,13.749,0.12232,0.17,5883.0,1.21,1.7
2.6,6.1,26.723,0.19054,0.04,5883.0,1.21,1.7
2.067,11.8666806,49.3568,0.28682,0.07,5904.34,1.07,1.81719
2.42,6.44,6.53192704,0.065,0.0,5403.0,0.89,0.85
3.8,13.8,100.8274113,0.4029,0.0,5403.0,0.89,0.85
2.87,8.6,51.300634,0.2716,0.0,5663.0,0.93,0.91
1.42,2.6,0.938466832,0.01795,0.0,5671.0,0.95,0.93
1.38,2.48,6.93366476,0.07592,0.0,5988.0,1.11,1.26
3.07,9.64,61.0370117,0.31318,0.0,6167.0,1.14,1.23
2.34,6.08,33.8678531,0.1805,0.0,4673.0,0.77,0.72
2.31,5.95,52.0688601,0.2739,0.0,5806.0,1.01,1.01
1.72,3.61,9.1149903,0.0866,0.0,5743.0,0.99,0.99
1.59,3.15,3.932461302,0.0444,0.0,4700.0,0.73,0.7
1.11,1.41,0.921032135,0.01982,0.0,5869.0,1.01,1.02
1.478,4.66,4.72673978,0.05343,0.0,5669.0,0.911,0.919
2.13,5.18,71.4517775,0.34593,0.0,6335.0,1.25,1.4
1.33,2.33,8.03755877,0.0719,0.0,5241.0,0.86,0.81
1.37,2.45,1.921437396,0.02876,0.0,5331.0,0.87,0.84
2.46,6.62,14.20443009,0.1041,0.0,5346.0,0.87,0.84
2.09,5.02,55.6738309,0.2658,0.0,5001.0,0.81,0.77
1.35,2.39,4.88083852,0.0527,0.0,4830.0,0.78,0.73
1.45,2.7,10.56134221,0.0954,0.0,5482.0,0.92,0.89
3.72,13.4,67.668827,0.3214,0.0,6095.0,1.15,1.22
2.67,7.61,153.343364,0.5545,0.0,6095.0,1.15,1.22
2.22,5.56,52.6298417,0.2689,0.0,5533.0,0.92,0.89
1.75,3.71,14.878296,0.1153,0.0,5471.0,0.88,0.85
3.51,10.84,2.50806,0.03377,0.0,4781.0,0.81,0.76
12.5,3126.0,820.3,1.596806621,0.345931,4781.0,0.81,0.76
3.34,11.1,59.6225257,0.3059,0.0,5769.0,0.97,0.96
3.08,9.69,17.42395198,0.1311,0.0,5539.0,0.89,0.86
2.13,5.18,44.96417488,0.22737,0.0,4861.0,0.81,0.75
5.93,29.5,49.7701438,0.2559,0.0,5612.0,0.93,0.91
2.63,7.41,43.3167737,0.2288,0.0,5409.0,0.86,0.83
2.63,7.41,31.0033814,0.2037,0.0,5718.0,0.97,0.97
1.93,4.38,11.79162572,0.1002,0.0,5665.0,0.94,0.93
2.28,5.82,26.9644317,0.1773,0.0,5508.0,0.9,0.87
1.85,4.08,7.76846622,0.0749,0.0,5679.0,0.96,0.94
2.91,8.8,8.689307296,0.07739,0.0,5403.0,0.89,0.86
2.97,9.11,20.99757968,0.1394,0.0,5211.0,0.817,0.895
3.42,13.0,11.5231,0.10232,0.0,5699.0,1.08,1.41
8.98,59.6,98.7180406,0.3982,0.0,5857.0,1.02,1.02
5.59,26.7,71.52530845,0.3091,0.0,4834.0,0.77,0.73
7.65,45.4,130.3546919,0.5183,0.0,5730.0,1.0,0.99
4.21,16.5,88.40655258,0.392,0.0,5416.0,0.95,0.99
1.19,1.81,9.10967112,0.0862,0.0,5416.0,0.95,0.99
2.32,5.99,16.78176602,0.1202,0.0,4990.0,0.82,0.76
3.13,9.96,14.53244172,0.1083,0.0,5350.0,0.89,0.84
3.0,9.27,5.248672631,0.06017,0.0,6040.0,1.1,1.15
5.5,25.9,5.907413537,0.0559,0.0,4963.0,0.81,0.75
2.06,4.9,9.7678805,0.08631,0.0,5421.0,0.91,0.86
4.38,17.6,14.80074836,0.1633,0.0,7005.0,1.6,2.01
2.67,8.46,16.2385,0.1261,0.0,5690.0,1.0,1.02
2.29,5.86,3.12686223,0.03807,0.0,4755.0,0.77,0.72
2.55,7.04,16.87727414,0.12585,0.0,5582.0,0.96,0.9
1.97,4.54,12.05707239,0.09874,0.0,5478.0,0.93,0.86
2.66,7.56,9.97683705,0.0849,0.0,5461.0,0.91,0.87
2.12,5.14,13.5225106,0.1073,0.0,5427.0,0.93,0.84
3.38,11.4,134.2527298,0.50998,0.0,5886.0,1.05,1.15
4.13,16.0,99.747622,0.3907,0.0,5840.0,1.02,1.02
2.35,6.12,13.22713379,0.1027,0.0,5178.0,0.84,0.8
3.65,12.9,198.7112502,0.6253,0.0,5178.0,0.84,0.8
2.0,4.66,3.692983728,0.0389,0.0,4598.0,0.76,0.7
1.69,3.5,5.709404918,0.052,0.0,4598.0,0.76,0.7
2.07,4.94,34.1731714,0.19726,0.0,5214.0,0.92,0.82
0.99,0.937,1.682934604,0.0265,0.0,5214.0,0.92,0.82
1.48,3.51,2.58664,0.03563,0.0,5779.0,0.94,0.98
2.609,7.31,16.736525,0.139,0.34,4290.0,0.67,0.71
2.13,5.18,9.59070716,0.08679,0.0,5431.0,0.88,0.85
4.65,19.5,7.03932553,0.0734,0.0,6146.0,1.15,1.22
1.96,4.5,49.6077331,0.2489,0.0,5213.0,0.86,0.78
1.57,3.09,4.194496514,0.0419,0.0,3687.0,0.52,0.5
1.48,2.79,1.970342457,0.02898,0.0,4897.0,0.8,0.75
10.69,80.2,5.05821338,0.0567,0.0,4883.0,0.951,1.667
3.96,14.9,105.9564148,0.4217,0.0,5232.0,0.87,0.83
2.62,7.37,26.85328322,0.162,0.0,5315.0,0.87,0.83
2.99,9.22,49.6221509,0.2726,0.0,6002.0,1.07,1.09
2.72,7.85,8.0880135,0.0753,0.0,5310.0,0.87,0.83
1.99,3.55,1.54168,0.02614,0.0,5539.0,0.99,1.11
2.67,7.61,11.55102504,0.09993,0.0,5935.0,1.05,1.06
2.31,5.95,4.469757736,0.0535,0.0,5718.0,0.98,0.96
2.25,5.69,15.7738221,0.1277,0.0,6139.0,1.16,1.29
2.36,6.17,60.0855082,0.3148,0.0,6052.0,1.13,1.08
2.12,5.14,43.0342272,0.23688,0.0,5610.0,0.96,0.93
2.98,9.17,116.331901,0.44664,0.0,5434.0,0.91,0.85
2.36,6.17,56.4349938,0.29131,0.0,5642.0,0.96,0.98
3.26,10.7,105.3033148,0.4238,0.0,5637.0,0.97,0.91
2.07,4.94,17.76080053,0.1085,0.0,4005.0,0.55,0.53
2.21,5.52,7.964315352,0.0734,0.0,5074.0,0.82,0.78
1.48,6.15,4.60358,0.05071,0.0,4782.0,0.79,0.73
2.6,7.27,9.91723428,0.08595,0.0,5948.0,1.05,1.08
1.53,2.96,0.538354308,0.01232,0.0,5948.0,1.05,1.08
2.54,6.99,82.5342519,0.3104,0.0,4392.0,0.64,0.61
1.62,3.26,20.16034462,0.13372,0.0,4944.0,0.8,0.74
2.97,9.11,22.08557563,0.13,0.0,3843.0,0.57,0.54
1.6,3.19,1.151166506,0.0177,0.0,3934.0,0.56,0.54
2.7,7.75,28.26731672,0.1701,0.0,5206.0,0.83,0.8
1.98,4.58,3.770590584,0.0474,0.0,6014.0,1.09,1.14
1.36,2.42,2.707306716,0.04022,0.0,6150.0,1.22,1.56
2.32,5.99,5.65377733,0.0626,0.0,6058.0,1.12,1.18
2.34,6.08,5.991857017,0.06918,0.0,6237.0,1.29,1.65
1.63,4.07,1.40152604,0.0208,0.0,3842.0,0.614,0.604
0.837,0.46,2.253114,0.0223,0.031,3415.0,0.2923,0.3155
1.329,2.0,3.6906764,0.0309,0.002,3415.0,0.2923,0.3155
1.627,1.64,7.450729,0.0494,0.006,3415.0,0.2923,0.3155
1.49,2.82,12.8278,0.0712,0.012,3415.0,0.2923,0.3155
1.48,2.8,23.064,0.1052,0.044,3415.0,0.2923,0.3155
1.73,5.6,24.73723,0.0946,0.043,3096.0,0.1844,0.2159
1.272,1.91,3.77794,0.027,0.05,3096.0,0.1844,0.2159
0.685,0.35,0.8602325,0.01239,0.033,3490.0,0.345,0.329
0.941,1.4,3.694284,0.0327,0.039,3490.0,0.345,0.329
0.981,0.907,4.9652229,0.04,0.036,3490.0,0.345,0.329
1.088,1.58,3.814334,0.0404,0.0,3643.0,0.502,0.501
1.382,3.28,2.1555098,0.02656,0.015,3664.0,0.538,0.539
2.046,4.55,6.226185,0.05387,0.089,3664.0,0.538,0.539
2.5,5.96,12.566287,0.08604,0.112,3664.0,0.538,0.539
1.732,5.79,29.31773,0.15135,0.014,3664.0,0.538,0.539
3.69,13.15,3.71778,0.02262,0.076,2861.0,0.1118,0.1405
1.286,2.37,0.462929709,0.00624,0.0,3080.0,0.151,0.189
0.991,0.941,2.029088,0.02037,0.0,3300.0,0.262,0.2789
4.25,28.38,4.052032,0.04056,0.022,4123.0,0.542,0.536
1.212,1.94,0.9479981,0.00978,0.0,2960.0,0.139,0.182
2.488,7.16,4.98991,0.02961,0.0001,2960.0,0.139,0.182
1.032,0.91,2.75485,0.01992,0.0011,2960.0,0.139,0.182
3.71,13.3,14.4399,0.0876,0.183,3475.0,0.43,0.431
1.34,2.73,5.3587635,0.0381,0.18,3562.0,0.257,0.271
1.147,1.54,3.1239035,0.02661,0.223,3340.0,0.257,0.265
1.325,2.46,0.76837931,0.01195,0.0,3358.0,0.381,0.38
2.39,8.04,12.252284,0.0757,0.024,3358.0,0.381,0.38
4.72,29.32,0.792052,0.01679,0.0,5443.0,1.02,0.949
9.976,257.431,3.91405,0.0464,0.0,5000.0,0.87,0.82
17.90074218,1175.971,2.14877381,0.040352,0.00034,7490.0,1.9,2.082
16.98160576,532.36258173,2.8240932,0.0474,0.0,7800.0,1.75,1.79
13.4,572.0911326,77.48,0.384,0.0,6000.0,1.26,2.13
14.90797,258.07796,2.647298,0.0326,0.016,3916.0,0.617,0.573
13.89913607,687.14846,0.7668944,0.0143,0.0,4567.0,0.696,0.7
9.157753,109.33352,35.45533,0.201,0.13,5050.0,0.862,0.832
11.747032,66.10864,7.532806,0.0757,0.0,5690.0,1.021,1.589
12.800678,1538.2972,4.119027,0.0549,0.086,5819.0,1.3,1.788
4.976796,29.24036,3.5357173,0.0403,0.0,5187.0,0.898,0.842
12.32987877,238.68913366,3.27623,0.0441,0.0,5600.0,0.995,0.954
14.57167491,211.99154747,4.84532,0.0523,0.0,5550.0,1.002,1.213
13.89913607,242.82090295,3.24253,0.0391,0.0,5650.0,1.025,1.337
13.56286665,129.99181846,3.05125,0.0448,0.0,5610.0,1.003,1.392
17.878355,235.1942,4.511164,0.063,0.0,6478.0,1.64,1.702
11.99360935,947.12865286,54.18915,0.313,0.432,5980.0,1.47,1.78
14.90794433,750.07504052,1.5433897,0.0236,0.0,4660.0,0.72,0.86
14.20177855,194.82881349,4.0764326,0.0504,0.0,6057.0,1.01,1.24
13.60770257,165.27077164,3.4678796,0.0479,0.0,5820.0,1.26,1.64
11.46678726,203.09235207,2.823093,0.0388,0.0,5321.0,0.91,0.86
14.88552637,92.80589484,4.5199279,0.049,0.0,5550.0,0.96,1.16
15.64773706,188.47224535,3.3704181,0.0446,0.0,5700.0,1.07,1.77
10.40193409,305.11527072,98.29838,0.408,0.294,5455.0,0.94,0.913
18.04645893,355.96781584,4.162734,0.064,0.0,5710.0,0.96,1.7
15.91675259,181.16219199,3.31211,0.044,0.0,5680.0,1.07,1.85
18.38272835,1153.71711741,2.827972,0.048,0.0,7437.0,1.6,1.47
10.9,152.0,25.241192,0.16,0.192,4717.0,0.789,0.753
12.11690814,1516.04150139,180.52797,0.697,0.3086,6310.0,1.46,1.88
12.195371,466.25427307,58.20472,0.3077,0.386,6053.0,1.16,1.16
3.18,20.6,1.3373508,0.019,0.0,5143.0,0.75,0.84
12.733424,72.78307,3.3569866,0.0382,0.0,4987.0,0.661,0.739
14.863134,425.57437,0.882059,0.01677,0.0,4730.0,0.767,0.754
12.21781,295.5819,2.4997,0.035,0.01,5241.0,0.89,0.98
11.99363,921.707,4.43527,0.058,0.06,6330.0,1.34,1.38
12.3,4497.2945,3225.0,3.12,0.12,40000.0,0.419,0.188
13.3,730.978,3160.0,3.3,0.15,32780.0,0.459,0.151
14.011,197.046,3.101278,0.0434,0.0,5950.0,1.14,1.17
11.421971,174.799,4.0144463,0.0473,0.0,5040.0,0.82,0.83
12.251,400.449,1.4324752,0.02289,0.0,4790.0,0.779,0.774
13.45,375.02,1.689868,0.03035,0.6,6210.0,1.305,1.32
12.666,320.995,3.9791,0.051,0.0,5924.0,1.14,1.14
15.244,327.351,3.67724,0.051,0.0,6325.0,1.33,1.64
15.278,441.77,1.2119189,0.02383,0.0,6050.0,1.228,1.363
21.96960217,1017.0509024,43500.0,20.8,0.17,4109.0,0.982,1.26
6.18,169.0,138.317,0.652,0.0702,6407.0,1.528,1.734
9.33708092,87.08498352,282.52542,0.833,0.215,5734.0,0.966,0.949
11.9,8581.366989,44000.0,27.0,0.52,5169.0,1.36,1.25646
14.2,171.6282,4.4264,0.06,0.0,6174.0,1.24,1.15
13.4,597.5204,2.1461,0.03176,0.011,5300.0,0.935,0.827
12.6,2475.8957,4850.0,5.5,0.71,5300.0,0.935,0.827
1.02,1.055,11.18465,0.04848,0.0,2900.0,0.1221,0.141
0.692,0.26,5.12338,0.02881,0.0,2900.0,0.1221,0.141
12.811887,411.27202,1.4200242,0.02332,0.0,5013.0,0.838,0.803
17.295487,233.92288,1.645321,0.0286,0.0,6124.0,1.156,1.254
14.056,792.635,1.33711647,0.02153,0.0,4645.0,0.743,0.776
12.285064,1369.8473,2.5079204,0.03783,0.0,6007.0,1.145,1.272
12.722215,1938.763,1.8053564,0.02803,0.0,5215.0,0.896,0.849
12.408363,1373.0256,2.8792319,0.04127,0.0,5747.0,1.128,1.076
11.903958,212.31044,3.506195,0.0423,0.0,5052.0,0.822,0.722
19.0553,597.5204,2.032046,0.0352,0.0,6387.0,1.409,1.564
14.403565,117.91493,3.71495,0.0474,0.0,5738.0,1.029,1.315
11.309881,378.2177,1.540731,0.0234,0.0,4309.0,0.719,0.696
13.0,1334.886,4343.5,5.3,0.0,3904.0,0.44,0.193119
1.11,1.4,9.8658,0.0496,0.116,3192.0,0.168,0.1967
1.84,4.57,5.0066338,0.0464,0.25,4041.0,0.577,0.569
1.83,4.0,10.77,0.05366,0.33,3071.0,0.1774,0.2113
7.22979255,147.15455244,23.624,0.163,0.105,5844.0,1.035,1.016
12.9,1554.18091023,1010.0,2.0,0.566,5844.0,1.035,1.016
10.92875618,346.43296363,44.40523,0.274,0.127,6410.0,1.406,2.136
11.25,942.0,200.452,0.90281,0.0271,6050.0,1.2384,1.3842
12.520453,617.22586,15.168865,0.1207,0.575,5788.0,1.026,1.088
13.29385111,1582.78546686,165.7719,0.641,0.9412,6166.0,1.271,1.397
10.87271128,162.09248757,21.61389,0.157,0.428,6130.0,1.117,1.288
17.26183028,201.50321004,3.66003639,0.04922,0.039,5993.0,1.187,1.863
11.2089807,1951.46641898,76.8,0.369,0.448,5951.0,1.13,1.06
12.6,2548.98382414,155.3,0.591,0.254,5951.0,1.13,1.06
6.21,19.2,4.21285367,0.0622,0.406,4900.0,1.17,3.13
12.18416202,1379.37528638,16.24921,0.1291,0.6058,5756.0,1.082,1.086
3.51,12.1,3.685504,0.04641,0.04,5638.0,0.992,0.909
5.63,27.0,6.210291,0.06572,0.013,5638.0,0.992,0.909
13.31626907,1017.0509024,1.44044527,0.02065,0.009,3572.0,0.563,0.5299
11.5004142,4049.13390518,69.048,0.33,0.018,5757.0,1.01,1.15
10.71,5380.0,175.532,0.553,0.51,4505.0,0.73,0.72
10.8615023,409.99864503,11.364929,0.106,0.124,6150.0,1.239,1.489
5.03,22.3,10.508843,0.08432,0.131,3998.0,0.724,0.911
9.16,6170.0,8.5821566,0.0815,0.029,5800.0,0.98,1.06
2.87,16.9,9.139703,0.09103,0.18,6146.0,1.204,1.264
6.48,34.3,35.806,0.2263,0.237,6146.0,1.204,1.264
2.265,10.15,4.11296,0.052,0.177,5328.0,0.94,0.84
3.1,9.78,7.972,0.08,0.14,5328.0,0.94,0.84
2.587,13.5,6.443868,0.06152,0.047,4734.0,0.748,0.726
2.651,2.5,12.226574,0.09429,0.088,4734.0,0.748,0.726
1.791,9.95,0.6047328,0.01159,0.0,3875.0,0.604,0.581
14.57167491,1064.72516345,4.0782387,0.0561,0.025,6311.0,1.35,1.81
2.46,8.9,2.22816,0.033,0.0,5635.0,0.97,1.05
2.91,8.78,4.579,0.0534,0.0,5635.0,0.97,1.05
3.27,10.71,8.665,0.0817,0.0,5635.0,0.97,1.05
3.66,19.8,4.074554,0.0453,0.052162,4360.0,0.745,0.697
13.0,336.0,8.3501898,0.0731,0.0398,4360.0,0.745,0.697
9.91994792,58.79825529,8.0277327,0.0815,0.062,6320.0,1.119,1.202
1.9,3.5,4.1727,0.05106,0.027,5770.0,1.022,0.968
2.879,6.32,6.2574,0.0669,0.11,5770.0,1.022,0.968
4.627,8.35,12.5199,0.1062,0.042,5770.0,1.022,0.968
2.639,6.07,18.801,0.14,0.0425,5770.0,1.022,0.968
3.73591482,9.7,26.321,0.174,0.001,5770.0,1.022,0.968
2.53,5.6,39.545,0.229,0.04,5770.0,1.022,0.968
8.77663189,28.28672822,7.0643971,0.071,0.037,5350.0,0.911,0.934
2.562,32.0,8.953487683,0.07994,0.0,5030.0,0.85,0.76
3.072,10.0,9.686760378,0.080799,0.0,4738.0,0.75,0.73
17.02644168,374.71969185,2.103189,0.0364,0.011,6054.0,1.467,1.961
2.39,6.8,5.748433803,0.056027,0.0,4534.0,0.71,0.69
8.71664516,120.0,2.3106446,0.034,0.0,5394.0,0.9835,0.9608
10.5140239,75.96098927,3.671463,0.04988,0.03,5710.0,1.23,1.45
2.415,6.28,2.4919863,0.0287,0.0,3476.0,0.512,0.508
1.52,3.51,4.1572888,0.04869,0.067,5737.0,0.886,1.179
2.918,7.39,25.502672,0.1632,0.032,5737.0,0.886,1.179
2.72,7.85,5.07803,0.0392,0.0,3403.0,0.312,0.334
2.91,1112.3994245,91.68278,0.387,0.21,5592.0,0.93,1.031
3.65,15.4,24.245586,0.1288,0.087,3553.0,0.485,0.476
10.92875618,220.57291446,14.256,0.117,0.065,5823.0,1.058,1.072
8.88,58.48042689,30.356,0.194,0.027,5823.0,1.058,1.072
2.539,6.98,14.175685,0.1074,0.055,5660.0,0.869,0.877
1.69,6.69,3.444714,0.03845,0.049,3997.0,0.63,0.619
1.21,3.76,0.764597,0.0139,0.25,4089.0,0.59,0.58
2.11,8.32,3.294736,0.037,0.15,4089.0,0.59,0.58
2.467,6.6,6.400316483,0.060694,0.0,4599.0,0.73,0.721
2.45109846,9.1,5.904137,0.061,0.0,5213.0,0.8889,0.8649
3.43139739,5.4,18.654874,0.132,0.0,5213.0,0.8889,0.8649
3.5141875,14.5,37.92548,0.212,0.0,5213.0,0.8889,0.8649
6.8084859,27.4,4.3601561,0.051,0.0,5205.0,0.9042,0.8686
3.2710301,11.9,13.079151,0.109,0.0,5497.0,1.0062,0.9785
2.726,9.5,4.65382,0.05186,0.194,5320.0,0.859,0.848
2.759,6.63,9.15059,0.0814,0.066,5320.0,0.859,0.848
2.93,13.6,19.98,0.137,0.168,5320.0,0.859,0.848
11.6,141.0,3.4779792,0.0408,0.0,4775.0,0.746,0.715
2.41,8.56,3.127463,0.0367,0.0,4227.0,0.679,0.672
2.76,13.2,7.493134,0.0657,0.0,4227.0,0.679,0.672
3.12,11.84,16.608164,0.1116,0.0,4227.0,0.679,0.672
2.52,4.46,10.8945,0.073,0.039,3563.0,0.437,0.4232
1.98,3.17,18.8027,0.105,0.071,3563.0,0.437,0.4232
1.74,3.68,32.509,0.1513,0.087,3563.0,0.437,0.4232
9.1,96.4,8.1577094,0.0711,0.105,5300.0,0.96,0.92
2.40144286,6.4,4.2529913,0.0496,0.0,5499.0,0.9027,0.8521
4.26,24.1,3.3159765,0.041,0.345,4985.0,0.828,0.8
11.09689089,70.55790635,4.631296,0.0549,0.055,5690.0,1.06,1.06
12.21778896,5879.8255295,14.47567,0.095,0.013,3799.0,0.54,0.573
2.66146528,10.6,9.61419,0.085,0.0,5457.0,0.8784,0.8426
4.96846551,44.1,2.6998279,0.0374,0.0,5388.0,0.9552,0.9583
11.1,85.7,416.0,1.07,0.0,5388.0,0.9552,0.9583
10.12369881,63.9,3.915292,0.051,0.0,5718.0,1.1578,1.5566
14.3,147.0,159.9,0.61,0.0,5718.0,1.1578,1.5566
15.69257298,451.31633794,3.1968838,0.047,0.024,6280.0,1.38,1.7
14.11645916,95.3,3.9443736,0.051,0.0,5567.0,1.1576,1.7031
9.65807033,99.0,4.537143,0.057,0.0,5752.0,1.2187,1.4536
3.42,22.4,2.1097019,0.026,0.059,5397.0,0.97,0.9
15.647764,753.2571,4.720219,0.0626,0.073,6274.0,1.464,1.925
7.661,11.3,95.4001,0.4607,0.0331,5723.2,1.0936,1.313
10.3,75.4,215.79,0.794,0.037,5723.2,1.0936,1.313
1.8,11.1,0.84742346,0.0171,0.0,5464.0,0.913,0.83
1.6,6.4,4.841962,0.0546,0.0,5464.0,0.913,0.83
6.2163865,45.8,25.8401,0.173,0.0,5735.0,1.0363,1.0235
10.3,75.2,232.0,0.75,0.38,5735.0,1.0363,1.0235
25.0,593.0,4.42587,0.05778,0.0023,6117.0,1.312,1.53
2.22,7.6,2.1664,0.03587,0.1353,6117.0,1.312,1.53
5.63,27.0,47.56,0.239,0.0,4635.0,0.7941,0.7558
3.10083009,12.5,1.21687,0.0207,0.0,4635.0,0.7941,0.7558
1.19880592,2.0,1.4520527,0.02122,0.0,4115.0,0.6045,0.614
1.62,3.48,1.0697568,0.019,0.0,4884.0,0.798,0.793
11.89,25.1,6.9561063,0.071,0.17,5510.0,0.987,0.923
3.83,9.5,12.99894,0.107,0.2,5840.0,0.9903,1.019
2.61,14.0,34.5633,0.205,0.2,5840.0,0.9903,1.019
16.70138124,991.62462984,2.650237,0.046,0.0022,7690.0,1.9,1.92
2.24,9.6,18.840942,0.14,0.17,6008.0,1.1,1.17
3.04,9.4,5.13967,0.0553,0.0,5230.0,0.876,0.82
2.75,10.6,9.428089,0.083,0.0,5230.0,0.876,0.82
4.2427861,38.5,27.644,0.192,0.157,5841.0,1.2313,1.6184
2.30381001,30.0,23.540678,0.147,0.0,5224.0,0.7663,0.7511
1.41792246,3.58,0.4702743,0.0116,0.0,5460.0,0.9513,0.9105
2.749,19.5,8.112245,0.0567,0.36,3412.0,0.372,0.38
2.61143902,15.2,16.537944,0.127,0.0,5801.0,1.0022,1.0162
1.672,4.82,11.06201,0.061,0.0,3185.0,0.249,0.275
1.92,9.0,5.97114713,0.050748,0.0,3834.0,0.489,0.491
1.401,3.04,1.8805201,0.02107,0.0099,3376.0,0.3527,0.3714
2.126,4.1,15.532477,0.08608,0.111,3376.0,0.3527,0.3714
2.18,7.32,2.527093,0.0285,0.3,3709.0,0.471,0.469
2.47,7.24,18.08816,0.106,0.5,3709.0,0.471,0.469
4.058,18.05,6.36338574,0.064,0.041,5100.0,0.87,0.84
3.334,21.13,15.5381747,0.116,0.172,5100.0,0.87,0.84
11.99360935,279.68899816,10.1802117,0.0818,0.055,5597.0,0.947,1.048
14.067295,797.7533,5.857487,0.07037,0.262,6255.0,1.351,1.526
21.05046575,581.62598481,1.90261131,0.03712,0.01,7299.0,1.88,1.942
2.89,28.1,3.6457974,0.0445,0.0,5146.0,0.88,0.849
7.5,36.6,8.0637926,0.076,0.0,5146.0,0.88,0.849
14.414774,375.0394,2.0845435,0.03138,0.0,5404.0,0.948,1.167
18.18,1110.0,3.7628396,0.056,0.24,7287.0,1.661,1.62
14.19902343,387.0,5.33175,0.069,0.0,5982.0,1.5055,2.195
16.690201,387.7526,4.231306,0.058,0.0,6495.0,1.4352,1.648
1.759,4.9,0.98934551,0.01544,0.0,3550.0,0.502,0.45
2.54,7.4,7.331602,0.0694,0.178,4850.0,0.83,0.81
14.1,191.0,500.0,1.27,0.0,5497.0,0.9867,1.0561
2.2963977,13.0,2.6800535,0.0376,0.0,5497.0,0.9867,1.0561
2.06,41.31769291,10.98462,0.103,0.59,6170.0,1.21,1.316
11.06326395,200.23189641,40.74976,0.249,0.09,6170.0,1.21,1.316
1.421,3.07,0.66913923,0.01164,0.0,3470.0,0.466,0.462
12.172974,251.40353,2.2554477,0.03524,0.0,5880.0,1.147,1.288
3.66,14.6,16.736888935,0.129365,0.0,5759.0,1.03,1.0
5.27,28.24,3.7701389,0.0445,0.122,5005.0,0.828,0.812
13.8,316.55709337,386.25,0.974,0.111,5005.0,0.828,0.812
1.9,6.36,3.1342791,0.033548,0.097,3690.0,0.513,0.515
3.09,48.8,2.500311,0.0229,0.0,3185.0,0.255,0.2775
5.06,19.1,24.28336,0.1652,0.05,5775.0,1.02,0.93
10.816685,1722.6386,9.47725,0.0914,0.3806,5645.0,1.128,1.777
3.435,10.4,13.727012643,0.113496,0.0,5777.0,1.04,1.09
5.05,26.78,3.49151,0.0391,0.057,3980.0,0.646,0.6243
3.18175535,12.3,7.073076,0.073,0.0,5636.0,1.0373,1.4286
12.5,2800.0,571.25,1.37,0.3685,5636.0,1.0373,1.4286
2.36507598,9.7,21.269084,0.154,0.3,5815.0,1.0861,1.131
1.39,57.0,2.38839,0.0291,0.14,3985.0,0.58,0.55
2.12,14.0,4.4929,0.0443,0.019,3985.0,0.58,0.55
2.52,15.0,9.0497,0.0707,0.062,3985.0,0.58,0.55
2.9507845,19.5,37.46852,0.215,0.327,5970.0,0.9382,1.3137
2.47852533,16.6,5.3846104,0.059,0.0,5621.0,0.9483,0.9715
3.62,6.9,20.705074685,0.141409,0.0,5169.0,0.88,0.81
3.14,10.8,18.85019,0.1177,0.0,4065.0,0.606,0.597
8.04728896,96.0,10.2405549,0.08,0.0,5284.0,0.9218,0.8288
1.21612741,1.4,2.799868,0.0378,0.0,5785.0,0.9196,0.9356
1.754,4.64,3.238486,0.037,0.00032,4316.0,0.647,0.662
2.695,5.2,6.557569,0.0592,0.0068,4316.0,0.647,0.662
2.301,3.48,9.96318,0.0783,0.00038,4316.0,0.647,0.662
2.417,5.63,15.23335,0.1039,0.00045,4316.0,0.647,0.662
2.939,4.4,20.71663,0.1275,0.00043,4316.0,0.647,0.662
3.29701268,8.7,8.765528,0.082,0.0,5631.0,0.9698,1.3162
2.448,6.5,8.021522331,0.074984,0.0,5165.0,0.87,0.78
1.464,5.6,0.437811822,0.010789,0.0,5165.0,0.87,0.78
1.642,4.0,7.094570865,0.072502,0.0,5690.0,1.01,0.957
2.079,5.738,10.64387,0.075,0.0,3863.0,0.556,0.547
2.99,10.32,6.293287,0.06,0.0,4687.0,0.756,0.715
4.29,8.0,12.885779,0.097,0.0,4687.0,0.756,0.715
1.49681583,2.44,0.54937097,0.0122,0.0,4914.0,0.8048,0.746
6.9559,46.1687,4.532,0.0539,0.1543,4994.0,0.822,0.745
11.14172682,308.9292116,3.7130765,0.04389,0.052,4766.0,0.817,0.769
12.778238,731.0053361,4.860674,0.061,0.043,5734.0,1.04,1.51
7.5406241,67.4,38.8,0.212,0.0,4927.0,0.8414,0.8049
2.7438269,16.0,22.808533,0.151,0.0,5165.0,0.8801,0.8123
8.00321222,38.45723725,20.380799,0.1597,0.0,6380.0,1.307,1.577
2.59987579,8.0,1.7727471,0.03089,0.0,6237.0,1.2518,1.6454
12.3485023,89.4,9.5739181,0.1,0.276,6039.0,1.4643,2.032
3.46,73.2,1.2436258,0.0213,0.03,4985.0,0.837,0.808
18.49481816,360.09958513,1.36414864,0.02398,0.033,5359.0,0.987,1.041
9.75181321,68.6,63.48347,0.337,0.57,6341.0,1.287,1.36
5.65,13.7,4.508,0.0423,0.0,3554.0,0.495,0.506
9.39553231,129.0,45.52234,0.269,0.485,6241.0,1.2484,1.6131
11.09689089,212.94503269,29.090312,0.1525,0.044,3926.0,0.632,0.607
13.97759893,638.83509807,0.94667944,0.01932,0.0,5814.0,1.072,1.08
1.36,3.17,10.215213,0.0675,0.15,3801.0,0.417,0.418
9.07927437,54.03082919,104.854,0.4254,0.09,5255.0,0.936,0.82
11.4,88.99195396,273.69,0.807,0.096,5255.0,0.936,0.82
13.67495645,7024.0077947,4.0337142,0.0613,0.341,7700.0,1.86,2.3
2.7,11.0,3.09833,0.04271,0.0,5611.0,1.082,1.134
8.14,81.7,9.127055,0.0878,0.063,5611.0,1.082,1.134
11.99360935,2034.1018048,17.305904,0.16,0.597,7130.0,1.59,2.02
11.4,164.0,52.9786,0.303,0.275,6423.0,1.32,1.31
10.4,4990.0,2890.0,4.37,0.651,6423.0,1.32,1.31
1.39,5.8,5.84889,0.0698,0.3,6423.0,1.32,1.31
11.81426566,408.7273314,141.834025,0.5516,0.212,5929.0,1.112,1.079
3.309,9.2,3.348237,0.029322,0.0789,3297.0,0.3041,0.3273
2.93,8.91,5.582796,0.041232,0.00033,3297.0,0.3041,0.3273
5.33275337,34.4,15.3444,0.128,0.0,5626.0,1.1832,1.7457
11.89272852,1144.1822652,8.8720982,0.0892,0.394,5977.0,1.199,1.459
14.20177855,254.2627256,5.71548654,0.066,0.076,6490.0,1.174,1.241
10.32347122,248.22398587,3.8608576,0.0473,0.109,5132.0,0.92,0.87
16.64533634,486.27746271,5.303468,0.06919,0.054,6164.0,1.57,3.2
2.59,6.7,10.35504,0.08781,0.0114,5187.0,0.849,0.758
3.54,7.2,21.01447,0.1407,0.036,5187.0,0.849,0.758
3.27,7.3,35.12803,0.1982,0.027,5187.0,0.849,0.758
1.301,4.7,3.0223753,0.03863,0.0,5187.0,0.849,0.758
3.6831179,37.0,124.72997,0.472,0.0,5081.0,0.9027,0.8481
3.25,10.6,12.836,0.097,0.0,4426.0,0.745,0.729
2.3,15.8,53.81149,0.257,0.0,4426.0,0.745,0.729
1.25,4.1,17.66484,0.101,0.0,3759.0,0.44,0.44
1.33,7.4,28.17232,0.137,0.0,3759.0,0.44,0.44
1.243,2.08,3.1190633,0.025,0.15,3300.0,0.231,0.235
1.914,4.32,6.38784,0.04,0.1,3300.0,0.231,0.235
13.57407563,263.79757781,2.4545467,0.03515,0.033,5627.0,0.961,0.932
14.54925695,324.18497514,6.209959,0.076,0.472,6400.0,1.309,1.97
2.122,6.8,5.7998164,0.0377,0.32,3131.0,0.211,0.245
2.08874836,4.5,16.34136,0.127,0.0,5968.0,1.0251,1.1174
2.735,9.37,9.229198,0.07803,0.067,4580.0,0.744,0.709
7.35,58.3,95.85284,0.3715,0.3125,4580.0,0.744,0.709
2.19,6.37,7.851928,0.057,0.0,3342.0,0.34,0.34
3.147,20.1,18.261608,0.1322,0.21,5635.0,0.896,0.95
12.24020692,1805.26535176,10.261128,0.1117,0.214,6206.0,1.71,2.75
10.5,116.0,26.20518,0.172,0.29,5983.0,0.99,1.39
14.35870428,899.45439181,3.3773512,0.05064,0.057,6630.0,1.516,1.612
16.28664896,292.40213444,3.8240801,0.0513,0.117,6280.0,1.233,1.396
10.76062147,260.61929374,8.60077,0.075,0.07,5673.0,1.12,1.41
10.1,177.98390792,34.525528,0.2069,0.0046,5026.0,0.77,0.748
8.0,18.75187601,17.16073,0.1293,0.16,5026.0,0.77,0.748
12.50922246,329.58805806,8.2148282,0.0896,0.045,6270.0,1.42,1.82
11.32107051,875.61726129,260.79,0.828,0.3683,5695.0,1.111,1.636
19.83989584,298.75870258,2.1225735,0.03319,0.0,5966.0,1.082,1.248
3.51,26.0,1.1947268,0.02234,0.0,5634.0,1.032,1.043
3.03,13.8,10.695264,0.08911,0.032,5298.0,0.825,0.858
10.95117414,287.31687993,11.9126075,0.09564,0.022,5169.0,0.841,0.808
13.4,117.27868218,24.6744,0.15544,0.0622,5144.0,0.823,0.794
11.1529358,203.41018048,8.001968,0.0854,0.174,6101.0,1.296,1.564
14.36991326,502.16888306,3.5315902,0.05009,0.0,6248.0,1.343,1.573
2.194,5.45,35.189346,0.145,0.496,3430.0,0.328,0.313
1.77,19.5,13.635109,0.1363,0.3,3491.0,0.454,0.464
16.47720163,278.09985612,30.033302,0.1992,0.334,5730.0,1.168,1.459
12.8,1783.01736327,966.5,2.018,0.194,5730.0,1.168,1.459
0.994,2.31,11.30717,0.0924,0.0,4664.0,0.703,0.662
1.874,18.1,20.225528,0.1362,0.0,4664.0,0.703,0.662
9.97599282,50.85254512,17.10197,0.127,0.057,5525.0,0.95,0.9
11.2089807,1900.61387386,22.65398,0.158,0.676,5581.0,0.99,1.05
16.11851425,394.10722468,3.3312029,0.0473,0.086,6480.0,1.271,1.38
8.60849718,71.51139158,4.0197517,0.04871,0.0,5306.0,0.954,0.886
10.83908434,206.58846455,5.1750073,0.05649,0.061,5360.0,0.897,0.846
1.44,2.67,5.436098,0.0341,0.0,3212.0,0.179,0.211
10.42435205,2955.8041851,13.33668,0.112,0.112,5651.0,1.041,1.102
7.48759911,61.65871096,4.3136193,0.04818,0.13,5002.0,0.802,0.711
11.72459381,1830.69162432,5.4693827,0.05263,0.342,3707.0,0.645,0.622
1.559,3.37,1.273099,0.0212,0.18,5059.0,0.781,0.756
2.18,6.7,8.465651,0.0749,0.36,5059.0,0.79,0.733
12.25141591,235.19302118,4.6612061,0.059,0.18,6033.0,1.26,1.417
11.48920522,624.85064816,2.13570304,0.02793,0.0,3943.0,0.635,0.6113
2.86,15.6,3.0766891,0.02267,0.17,3100.0,0.166,0.204
4.26,16.8,2.702969,0.033,0.08,3530.0,0.548,0.567
9.86390302,953.485221,8.275479,0.0831,0.32,5808.0,1.118,1.236
15.02003414,294.62693329,5.842641,0.0684,0.055,5707.0,1.158,2.369
10.36830715,105.83685953,4.3474032,0.0543,0.0,5607.0,1.131,1.75
1.534,6.2,0.22419578,0.0063,0.0,4109.0,0.661,0.651
2.363,4.8,15.66858,0.105,0.301,4375.0,0.642,0.631
9.60609646,124.90656395,69.33684,0.347,0.17,5730.0,1.034,1.006
11.24,222.0,106.14468,0.45,0.098,6021.0,1.079,1.065
2.83,13.31,3.73659,0.0482,0.087,6005.0,1.05,1.31
3.18,10.22,16.553,0.129,0.29,6005.0,1.05,1.31
12.1393261,766.60211768,11.23479,0.1093,0.0341,6016.4,1.163,1.72
11.14172682,1531.93292174,10.655669,0.1166,0.195,7360.0,1.859,2.36
6.06,34.62,3.738252,0.0491,0.089,5905.0,1.12,1.26
2.74,317.83,4.93777,0.05741,0.0,5875.0,1.036,0.881
11.2089807,203.41018048,7.18585,0.073,0.0,5831.0,1.007,1.119
8.67575106,26.69758619,23.2856,0.1511,0.17,5096.0,0.849,0.785
10.13291855,208.8132634,49.2519,0.249,0.157,5096.0,0.849,0.785
11.54525012,743.71847238,64.5949,0.327,0.021,5802.0,1.11,1.7
11.25381662,415.40172795,94.1022,0.3715,0.364,4870.0,0.771,0.771
12.7,2297.89938261,1920.0,2.78,0.287,4870.0,0.771,0.771
10.92875618,63.88350981,5.983944,0.0672,0.0,5611.0,1.13,1.686
7.16253867,43.86032017,18.38818,0.1528,0.0,6095.0,1.407,1.867
13.64132951,260.61929374,2.9887615,0.04145,0.0,5771.0,1.063,1.095
19.66055215,167.17774208,3.4579667,0.0495,0.098,6333.0,1.27,1.64
17.37392009,200.23189641,3.39775,0.048,0.08,6120.0,1.33,1.81
14.4595851,79.45710175,4.5207265,0.0571,0.0,5936.0,1.215,1.477
12.07207221,69.28659273,5.45664,0.0635,0.0,5760.0,1.15,1.726
12.10569916,1112.3994245,61.6277,0.3,0.522,5579.0,0.93,1.07
1.71,4.23,13.475853,0.0943,0.0,4026.0,0.616,0.607
18.10250383,122.6817651,4.880974,0.0607,0.18,6100.0,1.16,1.336
2.77,8.8,3.6977104,0.0345,0.425,3514.0,0.3917,0.398
1.28,1.48,3.35992,0.03197,0.0167,3506.0,0.386,0.38
2.33,6.2,5.66051,0.04526,0.0044,3506.0,0.386,0.38
2.0,4.2,11.38194,0.0721,0.0066,3506.0,0.386,0.38
13.72,228.0,2.499387,0.036,0.164,5665.0,1.07,1.25
17.26183028,139.84449908,4.8084983,0.0569,0.0,5764.0,1.063,1.069
18.11371281,309.88269682,1.96229325,0.03185,0.0,6280.0,1.118,1.245
15.27784069,225.65816897,4.039709,0.0493,0.0,5721.0,0.977,1.229
2.34,6.54,17.61745,0.123,0.0,5213.0,0.8,0.85
12.84549188,117.59651059,3.5514058,0.0475,0.0,5910.0,1.135,1.265
1.42,4.53,4.5117244,0.0503,0.0,5152.0,0.832,0.78
1.88,3.72,39.361826,0.213,0.0,5152.0,0.832,0.78
9.6397234,54.03082919,6.2996431,0.0654,0.13,5271.0,0.939,0.873
18.6405349,444.9597698,1.60200105,0.02871,0.11,6240.0,1.229,1.241
12.32987877,368.68095212,1.8237146,0.0261,0.0,4738.0,0.71,0.7
13.15934334,533.95172376,2.3505614,0.03386,0.0,5691.0,0.936,1.073
13.4,638.0,3.601501,0.048,0.035,5940.0,1.03,1.08
9.292245,96.61983573,3.2783662,0.04489,0.14,5906.0,1.122,1.458
12.55405838,953.485221,3.122832,0.0384,0.0,4672.0,0.77,0.76
13.75341932,1058.36859531,3.007812,0.0434,0.089,6000.0,1.21,1.545
16.43236571,197.05361234,3.9014971,0.0505,0.0,5760.0,1.12,1.668
13.56286665,270.15414595,2.9919987,0.039,0.0,5378.0,0.96,0.97
7.16,68.2,1.266938,0.0249,0.09,6177.0,1.29,1.31
13.65253849,327.36325921,3.7065585,0.04756,0.24,5890.0,1.044,0.985
13.7646283,378.21580433,3.971281,0.0505,0.18,6190.0,1.088,1.346
11.39953337,211.35589065,2.59261842,0.02709,0.029,3388.8,0.3939,0.3697
3.82,30.3,0.8831331,0.01714,0.0,5068.0,0.861,0.849
13.89913607,95.3485221,3.246456,0.043,0.0,5720.0,1.04,1.39
12.24020692,536.17652261,1.4338647,0.02285,0.021,4072.0,0.643,0.672
4.94057819,40.4,5.70439,0.0638,0.39,5614.0,1.0678,1.5326
3.2,57.2,0.777038,0.0159,0.0,5251.0,0.88,0.87
15.55806521,176.07693748,3.6525145,0.047,0.054,5850.0,1.041,1.549
4.26,20.1,3.7852503,0.049,0.0,6241.0,1.2,1.1
12.97999965,721.47048389,2.0180231,0.03144,0.0,5609.0,1.016,0.952
12.80065596,1598.3590588,18.09547,0.153,0.815,6532.0,1.445,1.83
12.22899794,530.77343969,5.8768918,0.0675,0.0,5706.0,1.186,1.419
10.64,797.74930157,32.600268,0.2001,0.59,6300.0,1.04,1.474
13.7646283,397.28550875,3.6515568,0.0515,0.25,6370.0,1.363,1.56
14.67255574,193.87532827,3.8795105,0.0502,0.13,6020.0,1.121,1.256
10.5700688,99.16246298,2.21778105,0.03138,0.078,4930.0,0.837,0.788
15.9727975,435.42491759,2.30458952,0.03559,0.047,6450.0,1.131,1.448
23.53885947,375.03752026,3.119999,0.04289,0.0,5810.0,1.081,1.228
5.3,26.4,4.417965,0.0485,0.035,4969.0,0.78,0.719
11.02963701,565.73456446,3.8212867,0.0481,0.105,5550.0,1.015,0.918
8.29464572,82.63538582,3.936551,0.043,0.05,3870.0,0.63,0.6
13.69737442,114.41822652,3.2974839,0.0431,0.159,5593.0,0.98,1.11
12.80065596,69.28659273,3.3462406,0.048,0.22,5703.0,1.32,1.735
13.08088048,311.47183886,3.246075,0.0456,0.0,5950.0,1.199,1.302
12.59889431,324.18497514,9.088516,0.0813,0.0,5321.0,0.867,0.791
11.32107051,222.4798849,2.154849,0.027,0.03,3660.0,0.53,0.51
10.77183045,236.78216321,9.45469,0.099,0.087,5259.9,1.441,2.9
12.0,85.3,3.438753,0.03845,0.14,3913.0,0.64,0.62
5.14,14.95,4.6747373,0.043,0.11,3576.0,0.52,0.5
18.49481816,330.54154328,2.8989727,0.0421,0.0,5772.0,1.181,1.468
13.13692538,352.78953177,3.2443141,0.04611,0.0,5859.0,1.242,1.538
10.87271128,187.51876013,11.88865,0.099,0.221,5905.0,0.89,1.2
13.59649359,171.62733978,2.04360352,0.0325,0.083,5622.0,1.096,1.055
5.53,53.7,1.55745774,0.02539,0.0232,5300.0,0.9,0.92
11.67975789,99.7981198,4.123596,0.0529,0.22,5731.0,1.16,1.445
6.43,32.59,4.5445828,0.0361,0.06,3180.0,0.298,0.302
15.27784069,260.61929374,4.33454,0.05354,0.05,6000.0,1.138,1.502
14.28024141,129.03833324,3.4936264,0.0463,0.0,5725.0,1.088,1.392
12.31866979,1233.17421916,7.433234,0.0795,0.259,6100.0,1.208,1.319
12.27383387,55.61997123,6.607662,0.0743,0.0,5975.0,1.254,1.501
14.4595851,187.51876013,3.6089254,0.0494,0.16,5840.0,1.24,1.626
7.9,44.0,4.353326,0.041,0.23,3476.0,0.49,0.47
3.02,11.0,1.348335,0.0229,0.03,4960.0,0.88,0.83
5.93,20.31,5.414654,0.058,0.03,4960.0,0.88,0.83
6.18,38.15,14.70886,0.113,0.07,4960.0,0.88,0.83
13.3,692.0,762.0,1.57,0.26,4960.0,0.88,0.83
17.71018951,276.51071409,1.8020932,0.03289,0.0,5891.0,1.19,1.83
1.32,2.08,3.307441,0.0322,0.032,3392.0,0.408,0.41
2.08,6.57,13.175682,0.0809,0.056,3392.0,0.408,0.41
13.04725353,232.01473711,3.1774835,0.04469,0.0,6060.0,1.178,1.112
1.362,13.71,4.040295,0.05727,0.126,6169.0,1.098,1.117
2.328,9.72,9.573083,0.1017,0.16,6169.0,1.098,1.117
12.07,743.71847238,56.3987,0.303,0.7484,6096.0,1.23,1.293
13.57407563,457.67290608,3.8016122,0.05222,0.0,6202.0,1.313,1.438
13.30506009,136.66621501,4.0664428,0.04823,0.0,5281.0,0.905,0.859
16.11851425,365.50266805,4.6174141,0.06311,0.039,6860.0,1.572,1.605
13.67495645,788.21444936,3.5819194,0.04,0.041,3794.0,0.61,0.63
2.64,6.7,5.197576,0.0554,0.13,5291.0,0.833,0.866
5.09,14.1,16.067541,0.117,0.19,5291.0,0.833,0.866
10.68215861,165.27077164,3.4913885,0.05018,0.17,6370.0,1.382,1.434
1.28,3.07,0.490047,0.0113,0.0,4850.0,0.78,0.731
1.49,2.83,4.8494,0.052,0.0,4850.0,0.78,0.731
3.29,9.9,12.46103,0.098,0.0,4850.0,0.78,0.731
2.47,13.58,15.070425,0.1116,0.22,5063.0,0.816,0.8441
2.137,3.33,16.336351,0.0849,0.0,3307.0,0.306,0.326
1.251,1.55,7.587266,0.05092,0.0,3307.0,0.306,0.326
2.329,7.3,5.5382592,0.0519,0.0,3866.0,0.587,0.598
2.349,4.8,10.688662,0.0804,0.0,3866.0,0.587,0.598
2.01,4.7,5.424019,0.04753,0.29,3528.0,0.487,0.4684
15.10970598,304.1617855,4.378081,0.0579,0.045,4974.0,1.36,3.52
11.2089807,95.3485221,30.08364,0.201,0.15,6219.0,1.19,1.29
13.09208946,87.72064033,4.6182621,0.05389,0.074,5347.0,0.9,0.89
2.4,4.11,7.446295,0.0523,0.07,3501.0,0.345,0.365
12.40834163,552.06794296,3.9393792,0.0522,0.03,6151.0,1.47,1.96
13.26022417,252.35575516,2.8807198,0.04036,0.0,5640.0,1.056,1.062
14.01122587,1872.00931723,101.94054,0.416,0.24,5545.0,0.93,1.014
14.60530185,397.28550875,3.9540709,0.05448,0.083,6206.0,1.378,1.634
2.483,7.7,2.56699,0.03957,0.078,6210.0,1.247,1.309
4.03,23.2,5.18553,0.06323,0.023,6210.0,1.247,1.309
2.65,140.0,2.4261516,0.0338,0.84,5315.0,0.875,0.93
11.17,821.0,82.819093,0.3593,0.04987,5315.0,0.875,0.93
11.26,643.0,41.2871975,0.2219,0.293,5315.0,0.875,0.93
8.2,20.0,104.61611,0.456,0.09,6260.0,1.11,1.04
1.84,4.7,1.8587033,0.0274,0.0,5490.0,0.93,0.85
2.93,3.7,9.192463,0.0795,0.0,5490.0,0.93,0.85
3.93,10.2,16.364962,0.1168,0.0,5490.0,0.93,0.85
12.17,637.0,15.266446,0.118,0.461,5433.0,0.949,0.86
11.85910158,473.56432643,9.95581,0.0994,0.101,4896.0,1.31,3.55
1.11,1.83,0.30110032,0.0056255,0.0,3258.0,0.2619,0.2869
12.53,732.0,225.1064,0.768,0.76,6096.0,1.192,1.152
12.8,1833.86990839,3990.0,5.219,0.122,6096.0,1.192,1.152
2.92922558,8.9,13.11881173651,0.1376,0.0,7746.12,2.018,1.57458
6.8,959.84178914,82.6869,0.349,0.25,5170.0,0.89,0.81
9.42,2946.26933289,482.8191,1.152,0.21,5170.0,0.89,0.81
2.45,5.53,3.9812999,0.04747,0.0,5966.0,0.9,1.08
11.67975789,4096.80816623,7.24599,0.0888,0.325,6264.0,1.765,2.738
3.2,123.0,271.9445,0.847,0.117,5800.0,1.1,1.05
8.18255591,1229.99593509,22.09341,0.173,0.074,6560.0,1.41,1.72
12.53164042,155.41809102,2.9089165,0.034,0.023,3793.0,0.576,0.585
3.41,9.1,13.6308205,0.111,0.0,5289.0,0.901,0.98
10.9175472,61.65871096,6.235633,0.074,0.12,6070.0,1.391,1.857
15.22179579,1687.66884117,1.7452851,0.03216,0.024,6740.0,1.452,1.55
12.44196858,734.18362017,4.28088,0.0555,0.0,6058.0,1.242,1.409
14.35870428,308.29355479,3.5658116,0.0492,0.1,6390.0,1.25,1.451
2.85372018,20.8,6.866196,0.077,0.0,6174.0,1.2793,1.4877
11.09691,486.2799,10.33111,0.097,0.153,5735.0,1.14,1.66
8.7,86.7,1.5227591,0.01808,0.008,3260.0,0.34,0.358
12.87,227.0,10.60057,0.098,0.408,5805.0,1.03,1.0
12.34108775,572.0911326,7.479182,0.0726,0.182,5380.0,0.912,0.912
8.54124329,88.99195396,21.491984,0.1515,0.319,5640.0,1.005,1.055
1.166,1.42,0.548177,0.01189,0.063,4440.0,0.74,0.678
11.07447293,211.03806225,2.543371,0.0307,0.074,3793.0,0.632,0.656
10.76062147,642.01338214,10.24368,0.093,0.385,5909.0,1.02,0.92
3.48935569,16.14568308,23.443162,0.1481,0.0,4780.0,0.789,0.844
11.98240037,921.7023803,30.158577,0.2157,0.745,6160.0,1.469,2.333
4.74,20.2,5.4588385,0.06519,0.0,6150.0,1.24,1.241
3.86,14.2,17.8999,0.1439,0.0,6150.0,1.24,1.241
11.88151954,1036.12060682,20.33003,0.158,0.091,6300.0,1.24,1.4
13.34989601,330.54154328,3.8922295,0.0522,0.15,6060.0,1.25,1.53
11.54525012,147.15455244,1.2652328,0.0159,0.33,3322.0,0.335,0.35
11.6,343.0,1.630757,0.0199,0.02,3430.0,0.392,0.394
1.98,5.3,1.54285047,0.0195,0.0,3544.0,0.42,0.421
10.72699453,81.99972901,4.5661061,0.0557,0.066,5723.0,1.105,1.209
9.86,657.0,4.291452,0.0469,0.0,4230.0,0.739,0.708
12.778238,743.71847238,4.0966692,0.05593,0.035,6500.0,1.389,1.785
11.60129502,3651.84839643,4.1509768,0.05134,0.1585,5790.0,1.037,1.021
12.64373023,412.85910069,2.02191,0.0279,0.034,3919.0,0.596,0.611
11.9,170.4,2.930289,0.034,0.38,3586.0,0.54,0.52
9.30345398,127.1313628,6.387597,0.052,0.0,3659.0,0.53,0.54
9.86390302,190.6970442,2.262196,0.0295,0.0,4610.0,0.67,0.65
13.09208946,1182.32167404,5.858858,0.073,0.33,6240.0,1.483,2.19
5.82,61.5,2.3266508,0.0296,0.0,3927.0,0.639,0.612
16.6117094,184.02264765,5.4233207,0.0604,0.055,5692.0,0.998,1.462
15.07607904,270.15414595,4.9394392,0.0628,0.13,5990.0,1.35,1.842
10.60369574,130.94530368,3.792622,0.04041,0.054,3747.0,0.612,0.588
10.2,127.4,3.317921,0.0369,0.03,3751.0,0.61,0.58
12.41955062,2094.48920213,7.581367,0.0796,0.0165,6220.0,1.167,1.263
14.70618268,155.10026262,3.62156552,0.04856,0.072,6094.0,1.165,1.245
10.3,58.7,10.590547,0.098,0.13,6000.0,1.146,1.051
3.52,11.8,4.77271,0.057,0.14,6000.0,1.146,1.051
0.903,0.674,1.2391491,0.01223,0.0,3216.0,0.159,0.1895
9.10169233,8899.195396,5.377219,0.0619,0.094,5820.0,1.066,1.474
2.018,2.89,1.548352,0.0225,0.0,4169.0,0.631,0.623
11.30986153,419.53349724,75.12375,0.332,0.018,5700.0,0.89,1.058
9.75,112.0,8.79758977,0.0712,0.072,3790.0,0.619,0.594
12.17295304,1147.36054927,14.574071,0.1291,0.298,6466.0,1.349,1.496
12.22899794,1910.14872607,6.9839095,0.0723,0.151,5925.0,1.026,1.233
17.14974047,285.72773789,2.6085846,0.03935,0.062,6237.0,1.194,1.393
1.397,2.02,0.4465697,0.01064,0.0,5342.0,0.806,0.843
2.865,5.93,10.778838,0.0889,0.023,5342.0,0.806,0.843
2.615,13.33,25.71268,0.1587,0.111,5342.0,0.806,0.843
2.517,12.4,77.144,0.33,0.074,5342.0,0.806,0.843
10.78,624.0,2.002849,0.0272,0.0,3996.0,0.666,0.646
2.314,9.4,3.3903473,0.04201,0.0,5327.0,0.858,0.82
2.474,4.8,7.885385,0.07374,0.0,5327.0,0.858,0.82
3.584,4.9,13.731468,0.1067,0.0,5327.0,0.858,0.82
3.247,8.9,21.489936,0.1439,0.0,5327.0,0.858,0.82
3.66,13.0,45.37,0.2366,0.0,5327.0,0.858,0.82
8.29464572,28.60455663,4.3416612,0.0368,0.0,3310.0,0.36,0.35
10.42,588.0,2.2035373,0.0272,0.0,3896.0,0.556,0.54
11.43318,464.98529,1.651144,0.02734,0.072,5640.0,0.998,1.088
4.91,20.0,47.73022,0.249,0.14,5485.0,0.905,0.938
10.3,124.0,2.94815527,0.03379,0.128,3713.0,0.6,0.57
1.77,3.78,10.441989,0.06008,0.24,3225.0,0.2653,0.2992
1.528,3.72,6.340758,0.064,0.061,5615.0,0.87,0.87
2.272,6.4,16.213362,0.1197,0.046,5615.0,0.87,0.87
1.26,2.12,2.76369,0.03608,0.0,5185.0,0.821,0.833
2.86,5.0,12.927748,0.1009,0.067,5185.0,0.821,0.833
1.91,4.29,29.65,0.1756,0.096,5185.0,0.821,0.833
3.43,11.61,62.98,0.2901,0.071,5185.0,0.821,0.833
5.62,23.66,6.1406325,0.064,0.25,5715.0,0.901,1.082
2.46,9.5,2.6278838,0.0344,0.3,4850.0,0.778,0.773
3.08,10.3,15.61031,0.1223,0.2,5770.0,0.97,1.427
11.46678726,6995.40323807,7.148972,0.0804,0.0339,5920.0,1.334,2.26
11.8,219.0,2.36712341,0.02789,0.045,3541.0,0.518,0.487
1.65,3.36,10.904821,0.05722,0.15,3229.0,0.2101,0.2432
13.67495645,371.85923619,4.023687,0.055,0.0,6110.0,1.31,1.51
12.3,149.0,14.547952,0.1212,0.48,5561.0,1.13,2.02
11.92,254.0,2.576184,0.02949,0.04,3635.0,0.514,0.489
2.64,12.5,7.501428,0.0763,0.164,6047.0,1.107,1.662
2.82,9.3,12.563636,0.1079,0.332,6047.0,1.107,1.662
14.3474953,333.71982735,2.392679,0.036,0.036,6110.0,1.31,1.51
18.97680433,138.25535705,4.6615983,0.0678,0.39,6850.0,1.449,1.732
10.4,135.0,3.0446899,0.03275,0.059,3467.0,0.503,0.476
3.76,13.6,5.0988179,0.04825,0.22,3708.0,0.577,0.55
9.2362001,96.30200732,6.402513,0.0708,0.42,6400.0,1.313,1.415
11.88154,2011.8639,3.4095675,0.0486,0.072,6250.0,1.311,1.345
11.59,2493.0,9.485236,0.0761,0.02,3977.0,0.644,0.609
10.89,3179.0,6.8500246,0.05763,0.34,3539.0,0.531,0.49
11.29,331.0,1.79058695,0.02292,0.05,3444.0,0.458,0.457
19.2794468,181.16219199,5.003777,0.06608,0.013,6460.0,1.536,2.082
11.93756445,2606.1929374,6.961508,0.0753,0.078,6020.0,1.165,1.312
8.47398941,54.0,14.844261,0.131,0.2,5910.0,1.03,0.897
2.378,8.71,1.527561,0.01944,0.0,3521.0,0.419,0.43
16.39873876,222.16205649,3.985413,0.0542,0.0,5943.0,1.18,1.7
10.98480109,235.19302118,18.18424,0.134,0.67,5463.0,0.97,1.01
5.09,61.0,5.056973,0.0633,0.091,5940.0,1.323,1.721
2.58606487,10.0,3.945152,0.048,0.0,5597.0,0.9245,0.9882
11.67975789,197.05361234,131.125,0.512,0.537,5890.0,1.047,1.385
9.52763359,66.74396547,80.389,0.402,0.04,6400.0,1.338,1.517
13.6,460.85119015,242.4,0.838,0.022,6400.0,1.338,1.517
0.982,0.911,4.7185898,0.0319,0.88,3110.0,0.223,0.231
5.31,50.9,3.633581,0.0376,0.0,3810.0,0.54,0.54
5.25,23.6,1.977143,0.025,0.0,3514.0,0.42,0.42
13.11450742,392.20025424,11.2365985,0.1041,0.46,6295.0,1.181,1.28
10.39072511,8365.24367224,4.808264,0.0629,0.067,6330.0,1.41,1.84
9.5836785,53.39517238,3.37077196,0.02604,0.029,3007.0,0.207,0.2276
0.914,0.704,9.977219,0.0677,0.075,3459.0,0.415,0.421
2.6,7.27,16.051137,0.0929,0.068,3459.0,0.415,0.421
1.073,1.25,37.42396,0.1633,0.042,3459.0,0.415,0.421
0.953,0.818,27.80978,0.134,0.059,3459.0,0.415,0.421
2.049,4.85,9.531361,0.07928,0.54,4622.0,0.732,0.674
2.701,7.76,51.69906,0.2447,0.089,4622.0,0.732,0.674
2.474,6.68,84.8396,0.3405,0.073,4622.0,0.732,0.674
13.2,224.0,2.65206166,0.02603,0.078,3363.0,0.344,0.351
2.01,4.7,12.92063621,0.06191,0.0,3099.0,0.19,0.222
16.53324653,130.30964687,3.4373125,0.0428,0.055,5714.0,0.885,1.5
10.9,159.04,2.89055,0.03294,0.0601,3775.0,0.612,0.591
10.7,224.95,4.17232,0.04007,0.0372,3503.0,0.521,0.497
1.992,5.72,4.884765,0.0618,0.046,5585.0,0.956,0.949
3.56,12.4,6.2340258,0.0439,0.4,3185.0,0.318,0.319
11.3,194.78,3.33708,0.03664,0.1198,3927.0,0.6,0.582
11.5,668.74,1.252995,0.01913,0.0271,3717.0,0.624,0.609
7.31,18.1,11.530869,0.1019,0.0572,5720.0,1.063,1.035
10.81,131.0,22.5687423,0.1595,0.0091,5720.0,1.063,1.035
10.52,190.0,48.864468,0.2672,0.04,5720.0,1.063,1.035
2.81,9.83,1.2392495,0.018,0.0,3657.0,0.505,0.505
13.0,1287.20504835,149.4,0.439,0.445,3657.0,0.505,0.505
2.5,10.5,17.46819,0.122,0.39,5278.0,0.8,0.78
8.33948164,79.77493016,3.4716826,0.03418,0.083,3266.0,0.442,0.425
2.28,9.79,5.6057,0.06,0.04,5450.0,0.917,0.897
2.63,9.32,12.2737,0.1011,0.04,5450.0,0.917,0.897
1.36,2.47,2.3260155,0.0208,0.055,3370.0,0.22,0.232
1.5,2.87,7.61,0.046,0.065,3370.0,0.22,0.232
1.798,5.0,8.24662,0.0653,0.052,3725.0,0.542,0.547
2.047,6.9,15.665323,0.1001,0.089,3725.0,0.542,0.547
15.4,878.0,4.633611,0.06,0.21,6643.0,1.4,1.71
2.734,19.1,8.0240015,0.0578,0.19,3370.0,0.397,0.413
1.93,9.67,2.7970365,0.038,0.0,5558.0,0.91,0.907
11.13051784,9.5,139.29931,0.602,0.032,6294.0,1.28,1.474
12.94637271,18.6,232.0157,0.863,0.028,6294.0,1.28,1.474
6.71,36.4,83.8911,0.423,0.0,5907.0,1.32,1.94
2.94,7.6,11.197259,0.0903,0.2,4869.0,0.776,0.77
2.62,23.5,34.976145,0.193,0.22,4869.0,0.776,0.77
1.704,4.53,3.81673,0.0422,0.053,4552.0,0.678,0.665
2.587,9.6,8.59545,0.075,0.078,4552.0,0.678,0.665
9.16894621,120.45696625,8.3249113,0.0888,0.0,5995.0,1.142,1.052
3.64,41.8,0.765548,0.0155,0.0,5257.0,0.97,0.97
14.06727078,349.6112477,3.2797178,0.04435,0.15,5842.0,1.081,1.308
11.99363,301.9385,10.62656,0.092,0.125,6261.0,1.28,1.39
13.125739,211.99261,3.739494,0.04666,0.024,5570.0,0.968,0.918
3.186,16.137,3.183792,0.041657,0.132,5626.0,0.95,1.028
1.93,5.1,4.6780691,0.041,0.58,3572.0,0.418,0.419
3.89,826.358,4.32421,0.04866,0.34,4969.0,0.822,0.894
4.67,37.0,10.156272,0.08598,0.32,4969.0,0.822,0.894
9.550068,55.30242,3.6849729,0.04963,0.14,5710.0,1.201,1.892
12.4,3591.4609991,1700.0,2.52,0.628,4435.0,0.734,0.671
1.116,1.374,1.510826,0.01154,0.00622,2566.0,0.0898,0.1192
1.097,1.308,2.421937,0.0158,0.00654,2566.0,0.0898,0.1192
0.788,0.388,4.049219,0.02227,0.00837,2566.0,0.0898,0.1192
0.92,0.692,6.101013,0.02925,0.0051,2566.0,0.0898,0.1192
1.045,1.039,9.20754,0.03849,0.01007,2566.0,0.0898,0.1192
1.129,1.321,12.352446,0.04683,0.00208,2566.0,0.0898,0.1192
0.755,0.326,18.772866,0.06189,0.00567,2566.0,0.0898,0.1192
12.7,1938.763,193.2,0.66,0.08,4679.0,1.04,9.99
13.3,794.5,198.4,0.69,0.06,4806.0,1.15,6.85
12.5,3178.0,559.3,1.37,0.048,4806.0,1.15,6.85
12.5,104.88337431,691.9,1.22,0.05,3734.0,0.498,0.495
13.1,1086.9786,562.0,1.414,0.098,4776.0,1.19,5.9
12.8,1716.282,26.468,0.21,0.036,5130.0,1.87,6.26
12.4,3426.2074,101.54,0.422,0.28,4300.0,0.97,16.21
1.05,1.16,4.90634,0.0259,0.03,3034.0,0.097,0.12
1.02,1.05,11.416,0.0455,0.04,3034.0,0.097,0.12
0.954,0.82,26.13,0.0791,0.07,3034.0,0.097,0.12
12.66617,266.9772,3.03007,0.03925,0.0,5230.0,1.04,0.85
15.24424,473.5667,2.47063,0.03568,0.0,5850.0,1.36,1.12
14.975,607.03,1.30618581,0.02282,0.0,5650.0,0.928,0.829
18.04649,247.9074,3.55395,0.05084,0.0,6200.0,1.08,1.66
13.383546,568.9157,1.48224686,0.02459,0.0,5171.0,0.901,0.868
13.1,1017.056,1170.0,1.7,0.0,29300.0,0.5,0.23
9.41,13.1,24.140006,0.1685,0.0079,4970.0,1.1,1.32
5.08,4.7,8.249164,0.0824,0.0094,4970.0,1.1,1.32
6.53,6.0,12.401394,0.1081,0.0087,4970.0,1.1,1.32
10.17,15.3,48.677714,0.2689,0.0124,4970.0,1.1,1.32
14.0,222.481,4.927,0.057,0.0,4250.0,1.0,2.0
16.623,271.415,2.5199454,0.03889,0.0,6110.0,1.24,1.47
12.106,1001.12,3.0927616,0.03781,0.0473,4675.0,0.75,0.698
14.90797,400.4658,2.84938,0.04574,0.0,6900.0,0.77,1.57
16.02887,162.0933,3.58572,0.05057,0.0,6380.0,1.41,1.31
14.90794433,197.68926915,2.709813,0.041,0.0,5990.0,1.08,1.375
17.127,473.547,0.925542,0.01985,0.0,6110.0,1.22,1.436
12.745,404.263,1.7554137,0.02918,0.0,5475.0,1.076,0.963
10.76064,572.094,7.87288,0.075,0.0,5070.0,0.89,0.9
12.10569916,613.40882551,9.28969,0.0901,0.023,6002.0,1.175,1.47
10.48039695,33.02237149,5.7214875,0.055,0.052,4425.0,0.683,0.657
12.44199,251.0857,3.72247,0.0435,0.0,4800.0,1.42,0.89
15.793481,150.96925,4.54216874538,0.05885,0.0,5890.0,1.318,1.608
15.008851,562.24127,1.5487743,0.02851,0.012,5940.0,1.289,1.43
13.67495645,203.41018048,6.6132,0.065,0.0,6250.0,1.25,1.426
11.88154,95.349,10.02165,0.09459,0.3,6040.0,1.29,1.22
16.14096,163.36462,4.0460435,0.05453,0.0,6410.0,1.32,1.696
15.6926,390.9309,2.49979,0.0363,0.058,5650.0,1.02,1.2
22.02564708,467.2101,1.091418901,0.0234,0.0447,6265.0,1.325,1.69
15.58048317,1541.4755,3.61126721,0.0514,0.057,6450.0,1.393,1.68443
19.52604438,371.85923619,1.27492504,0.02571,0.0085,6628.0,1.33,1.461
15.13212395,285.72917,2.97764359,0.04263,0.0,5740.0,1.166,1.285
13.89916,190.698,3.37265,0.0449,0.017,6050.0,1.07,1.02
10.51358773,90.3,3.28883,0.0449,0.18,5800.0,1.12,1.27
14.694999,52.346601,4.17806203,0.0484,0.0,5620.0,0.95,1.333
10.42437,317.83,5.748145,0.0628,0.096,5900.0,1.0,0.9
13.67498,114.4188,4.35301,0.05362,0.0,5950.0,0.72,1.37
9.97601,390.9309,11.55098,0.1012,0.0,5625.0,1.04,0.96
13.74221034,86.76715511,5.3220125,0.0608,0.0,5990.0,1.06,1.561
10.09929161,136.0305582,7.1335164,0.0674,0.0163,4686.0,0.789,0.758
1.841,6.26,1.01153624,0.01833,0.0,4686.0,0.789,0.758
12.8,1639.99458012,1816.6,2.71,0.12,4686.0,0.789,0.758
13.56289,368.6828,2.176423,0.0345,0.17,5700.0,1.16,1.44
14.5717,603.877,1.4013794,0.0243,0.0,5675.0,0.98,0.96
16.81347105,479.92089457,5.21536178778,0.0661,0.0,6250.0,1.41,2.39014
8.9672,37.18611,5.924262,0.062,0.0,5310.0,0.92,0.8
15.46842,2809.6172,2.24375,0.037,0.09,6475.0,1.62,1.4
14.23540549,775.5052,2.23598448,0.0323,0.047,5300.0,0.9,0.87
13.56289,854.9627,3.310651,0.0469,0.0,5900.0,1.25,1.37
17.14977,266.9772,2.052868,0.0347,0.0,6010.0,1.33,1.64
9.52765,139.8452,2.2783152,0.0316,0.0,5200.0,0.81,0.81
10.0881,282.8687,1.7690381,0.0261,0.0,4900.0,0.76,0.68
12.498035,87.40325,4.60273,0.0549,0.0,5702.0,1.044,1.429
8.47398941,91.21675281,8.803809,0.08215,0.208,5555.0,0.954,0.912
13.9,124.58873554,34.524,0.2044,0.1809,5555.0,0.954,0.912
15.24421375,314.96795134,1.332813,0.024,0.0,5750.0,1.05,1.08
15.80469,171.6282,3.7521,0.05165,0.0,6300.0,1.18,1.48
11.99363,2688.8418,5.644207,0.0694,0.3775,6218.0,1.394,1.651
13.30506009,100.43377661,4.5334775,0.055,0.0,5871.0,1.081,1.181
17.37395,123.9537,3.332609,0.048,0.009,5914.0,1.336,1.73
10.76062147,198.96058278,3.811678,0.044,0.0,4774.0,0.8,0.823
13.45077684,276.8285425,3.110413,0.043,0.0,5660.0,1.09,1.24
6.15,42.0,3.8361629,0.046,0.16,5036.0,0.8712,0.8268
11.19,182.43442,3.951623,0.0499,0.0,5772.0,1.06,1.1
11.99363,886.7457,3.656333,0.0517,0.0,6350.0,1.38,1.39
15.46842,174.8065,3.840401,0.0538,0.0,6120.0,1.41,2.11
13.67498,394.1092,3.1186,0.0415,0.0,5700.0,1.78,1.14
12.21781,88.35674,3.7684952,0.0452,0.0,5298.0,0.87,0.868
11.209,1652.716,9.62468,0.0871,0.434,5300.0,0.95,1.11
12.643752,676.9779,1.7771255,0.02818,0.0,5806.0,0.946,0.932
14.12334,209.13214,3.465509,0.04823,0.0,5599.0,1.248,1.75
7.06167,32.10083,5.44354,0.0641,0.0,6050.0,1.19,1.22
16.8135,133.4886,4.153658,0.0519,0.0,6000.0,1.08,1.12
14.616536,178.30263,5.6114118,0.0681,0.0,6110.0,1.337,2.011
20.96083,247.9074,3.73543,0.0515,0.0,6550.0,2.28,1.49
10.98482,344.52772,3.8186244,0.0504,0.0,5965.0,1.171,1.637
17.59813,149.3801,5.477433,0.0694,0.0,6900.0,1.49,1.91
13.4508,1172.7927,1.38665318,0.0248,0.0,5800.0,1.05,1.11
16.10730527,104.88337431,4.2337005,0.05503,0.0,6399.0,1.24,1.347
13.540472,314.6517,3.0652907,0.04403,0.0,6229.0,1.212,1.204
16.869545,271.74465,3.899052,0.0535,0.0,5941.0,1.345,1.925
20.28829,527.5978,3.3448285,0.0558,0.0,9360.0,2.07,1.67
13.89913607,3241.8497514,0.94145223,0.02024,0.0051,6432.0,1.294,1.319
13.89916,286.047,3.409264,0.048,0.0,6600.0,1.3,1.19
9.52765,47.03884,3.3769848,0.0451,0.0,5638.0,1.076,1.34
14.90797,181.1631,5.1817,0.0627,0.0,6000.0,1.23,1.65
14.01125,311.4734,9.38755,0.0904,0.24,5900.0,1.12,1.5
12.44199,1341.2426,5.026799,0.06,0.33,6361.0,1.22,1.47
18.38276,254.264,5.147878,0.0653,0.0,6150.0,1.54,2.83
14.81827249,458.6263913,5.748916,0.072,0.0,6850.0,1.5,1.83
18.14733975,632.47852993,2.724033,0.05053,0.0,8000.0,2.03,2.36
15.86070769,366.77398168,0.78883852,0.01652,0.0126,5616.0,0.965,1.006
12.89035,317.83,5.367753,0.0663,0.0,6400.0,1.35,1.6
13.78707,731.009,2.8786765,0.0408,0.0,5910.0,1.09,1.32
14.78464554,35.59678158,6.2463475,0.0668,0.081,6080.0,1.018,1.213
15.47960235,373.13054982,3.183387,0.047,0.0,6405.0,1.29,1.409
10.31226224,33.05415433,5.051928,0.063,0.0,6300.0,1.3,1.578
14.44837612,403.32424848,5.167228,0.065,0.0,6050.0,1.36,2.112
12.116929,295.89973,2.152175,0.03144,0.0054,5180.0,0.895,0.866
15.46839337,98.841,4.89964477,0.05999,0.0,5940.0,1.2,1.242
11.99,95.345,4.322482,0.052,0.0,5800.0,1.01,1.06
13.78707,212.9461,3.53269,0.047,0.02,6000.0,1.46,1.24
10.783,280.95,2.9444256,0.0376,0.062,5150.0,0.78,0.765
15.46842,394.1092,2.34121,0.03651,0.0,6075.0,1.43,1.42
13.80946422,179.25522155,3.7648337,0.0473,0.0,5697.0,0.962,0.884
13.56289,270.1555,2.7566,0.04,0.0,6034.0,0.86,1.22
13.66374747,282.54945382,3.40883495,0.0442,0.0,6084.0,0.993,1.083
8.63093,73.1009,3.92273,0.0457,0.03,4800.0,0.77,0.79
15.91678,772.3269,1.84683,0.0315,0.0,6400.0,1.62,1.44
17.363,151.916,3.4059096,0.04659,0.0,6302.0,1.163,1.252
10.76064,835.8929,2.71866,0.0394,0.0,6140.0,0.72,0.95
17.855937,665.21819,1.21987,0.0239,0.0,7430.0,1.495,1.444
11.209,177.9848,4.31768,0.0524,0.04,5700.0,0.96,0.91
14.5717,225.6593,3.16158,0.04317,0.0,5990.0,1.05,1.08
14.874343,750.39663,1.53736596,0.02677,0.0,5959.0,1.081,0.985
13.002,572.07,3.577469,0.0446,0.0,5800.0,0.925,1.003
13.78707,1093.3352,6.87188,0.07522,0.03,6180.0,1.76,1.52
14.336311,89.31023,4.0552941,0.04828,0.0,5485.0,0.913,0.939
15.12091496,381.3940884,1.338230994,0.02261,0.0053,5436.0,0.899,0.912
12.3299,270.1555,3.0524,0.04022,0.0,5545.0,0.81,0.83
13.1,1010.6994,421.0,1.07,0.294,5545.0,0.93,0.87
12.576498,167.49641,4.9816819,0.0561,0.062,5315.0,0.951,0.892
10.424,565.714,0.813475,0.0142,0.0,4400.0,0.58,0.6
12.3299,276.5121,2.423804,0.03453,0.0,5420.0,0.935,0.906
10.603714,306.38812,3.126089,0.03963,0.0,5150.0,0.85,0.855
13.159366,607.0553,1.43036763,0.02335,0.0,5600.0,0.828,0.858
12.86,374.0,4.159151,0.052,0.0006,5565.0,1.058,1.156
3.65,15.5,9.030501,0.085,0.001,5565.0,1.058,1.156
1.83,9.0,0.78961,0.01673,0.0,5565.0,1.058,1.156
16.8135,254.264,2.14363,0.03444,0.0,5920.0,0.88,1.58
12.44199,117.5971,2.78174,0.0379,0.0,5600.0,0.92,0.97
12.184,502.15,1.6284279,0.0267,0.038,5700.0,0.96,1.029
13.069694,466.828704,1.9551,0.0293,0.009,5400.0,0.892,0.843
14.24,146.2,1.7497798,0.0272,0.0,5000.0,0.87,0.79
12.038466,677.61356,3.3098443,0.04101,0.03,4953.0,0.839,0.798
17.71022,187.5197,3.69364,0.04988,0.07,6100.0,1.08,1.76
14.72860064,186.2474465,4.465631,0.0558,0.0,6096.0,1.071,1.09
10.53646,143.0235,4.6171,0.05614,0.0,5600.0,0.71,0.96
11.76945,204.68252,2.83891856,0.03769,0.0,5600.0,0.886,0.927
16.02887,308.2951,5.01718,0.0562,0.0,5800.0,1.06,1.22
8.687,274.276,7.919585,0.0697,0.1,4650.0,0.719,0.613
12.5428494,148.42586607,3.3610026,0.04217,0.054,5438.0,0.854,0.79
9.86392,174.8065,4.305,0.05548,0.0,5900.0,1.19,1.17
15.80469,851.7844,3.8559,0.0521,0.0,6250.0,1.82,1.55
14.79588,165.2716,4.41195,0.0571,0.0,6230.0,1.11,1.23
15.80469,117.5971,4.37808,0.0574,0.0,5550.0,1.28,1.86
14.247,403.945,1.5732918,0.02648,0.0,5400.0,1.004,1.058
12.464,492.62,2.3114243,0.0334,0.0,5600.0,0.93,1.01
15.6926,746.9005,4.08605,0.0546,0.0,6600.0,1.33,1.76
12.89035,136.6669,4.61442,0.05179,0.0,5200.0,0.91,0.88
14.79588,343.2564,5.0843,0.06206,0.0,5910.0,1.49,1.79
11.21,82.58,3.86813881,0.0453,0.0,4792.0,0.83,0.801
14.90797,305.1168,4.9546416,0.0617,0.034,6400.0,1.276,1.432
13.047,187.512,3.7130203,0.04853,0.0,5763.0,1.106,1.215
13.22662,441.7837,2.90367,0.046,0.0,6050.0,0.76,1.82
14.45961,731.009,2.21673,0.03711,0.0,6250.0,2.78,2.18
15.91678,908.9938,4.08722,0.05512,0.0,6030.0,2.52,2.55
15.24424,228.8376,2.13775,0.03443,0.0,5990.0,0.98,1.42
14.235,340.06,2.484193,0.0375,0.0,6100.0,1.14,1.26
20.78145022,284.13859586,1.80988198,0.033,0.0,6329.0,1.458,1.756
13.56,529.31142902,1.360029395,0.023233633,0.01353,5617.0,0.903,0.91
21.63337,352.7913,2.17518,0.03488,0.0,6100.0,1.87,2.46
17.14974047,270.15414595,3.662392,0.0519,0.0,6600.0,1.39,1.51
12.66617,807.2882,8.15872,0.0801,0.31,5600.0,1.34,1.03
12.5,3003.37,4323.0,5.28,0.0,5690.0,1.04,0.96
11.197791,170.99254,3.06785234,0.0344,0.002,4143.0,0.577,0.586
16.017661,231.69807,2.7164762,0.03908,0.066,5870.0,1.08,1.283
18.15858,371.8611,2.70579,0.0447,0.0,6480.0,1.48,2.1
11.65736,95.349,4.971252,0.059,0.0,5510.0,1.11,1.05
10.72,220.0,8.52349648,0.0778,0.0,5280.0,0.853,0.768
13.89916,402.05495,2.6556777,0.039,0.0,6112.0,1.09,0.935
15.524465,692.8694,1.682795,0.02946,0.0,6450.0,1.204,1.627
16.36514,133.4886,4.954,0.06431,0.0,6430.0,0.94,1.8
11.65736,1875.197,3.3564227,0.0427,0.193,5130.0,0.92,0.88
18.27067,200.2329,3.916243,0.0562,0.0,6430.0,1.55,1.98
11.54527,425.8922,2.798581,0.037,0.0,4920.0,0.84,0.86
16.376349,255.85315,2.1746742,0.0348,0.0,6280.0,1.19,1.341
17.900773,467.2101,2.7325321,0.04211,0.0,6700.0,1.334,1.524
17.71022,158.915,3.95019,0.055,0.0,6170.0,1.67,1.48
14.1,196.411,2.00839,0.0335,0.0,6040.0,1.24,1.35
13.78707,457.6752,2.18467,0.03416,0.0,5830.0,1.46,1.23
13.45,152.55,3.4252602,0.0453,0.0,5540.0,1.06,1.05
12.77826,432.2488,2.07276,0.03303,0.0,5640.0,1.18,1.08
12.823096,293.03926,2.96264036,0.03762,0.0,5473.0,0.809,0.741
11.43318,772.3269,5.75251,0.0717,0.0,6150.0,1.21,1.64
10.4,4386.054,1.4079405,0.0204,0.0,4710.0,0.518,0.0131
16.7,1274.44,3.352057,0.047,0.1,6250.0,1.2,1.15
15.277867,355.9696,1.0187068,0.01855,0.0,5000.0,0.82,0.752
11.5609626,188.15536,2.663416,0.0282,0.012,4251.0,0.65,0.61
12.9934728,232.33373,1.7522239,0.0234,0.057,4591.0,0.73,0.66
1.21,1.91,4.8869,0.0375,0.15,3342.0,0.294,0.307
1.66,3.41,17.8719,0.089,0.11,3342.0,0.294,0.307
2.69,7.7,217.21,0.47,0.55,3342.0,0.294,0.307
1.24,2.53,0.5734745,0.01,0.0,3542.0,0.405,0.406
2.043,6.26,6.00127,0.05706,0.41,4716.0,0.688,0.689
12.77826,263.7989,3.94153,0.0488,0.0,5750.0,0.88,0.88
11.130537,199.91507,2.61585906,0.03666,0.0,5290.0,0.96,0.998
10.9,82.63538582,18.22,0.1347,0.15,5325.0,0.98,1.02
13.6,438.60320166,120.059,0.4737,0.149,5325.0,0.98,1.02
13.0,1179.14338997,4696.0,5.46,0.091,5325.0,0.98,1.02
14.79585452,4217.58296089,3.19152309,0.04815,0.2791,6970.0,1.449,1.523
14.01125,451.3186,4.12508,0.05524,0.0,6397.0,1.1,1.45
12.78,378.2,4.1877558,0.0515,0.0,5430.0,1.04,1.13
23.20263,1398.452,3.7650007,0.0815,0.0,6720.0,1.47,1.93
15.389957,225.34147,2.8641424,0.04421,0.038,6250.0,1.405,1.48
0.913,0.7,2.02087,0.01634,0.06,3151.0,0.142,0.157
1.05,1.14,3.05989,0.02156,0.0,3151.0,0.142,0.157
1.03,1.09,4.65626,0.02851,0.07,3151.0,0.142,0.157
13.4,572.07,380.8,1.2,0.25,4553.0,1.5,13.9
12.7,2056.3601,628.96,1.46,0.1,4055.0,1.13,45.1
12.6,2479.0,605.2,1.7,0.08,4092.1,1.7,47.2
18.49485,2765.1071409,8682.0,10.07,0.105,8038.68,1.789,1.54416
12.5,2765.1071409,1202.0,2.7,0.307,8038.68,1.789,1.54416
14.12331568,762.7881768,33200.0,26.0,0.44,8038.68,1.789,1.54416
12.7,1938.7,522.3,1.4,0.19,4126.0,1.4,38.3
12.7,2129.461,417.9,1.3,0.11,4406.0,1.7,21.0
13.8,317.828407,2680.0,3.53,0.06,5020.38,0.82,0.759106
12.7,2065.8846455,25450.0,15.76,0.25,4700.0,0.8,0.713
12.7,2285.18624633,585.82,1.878,0.076,4877.0,2.57,12.35
12.7,2097.6674862,913.0,2.13,0.15,4775.0,1.27,4.74
13.7,357.87478628,414.88,1.319,0.16,4879.0,1.78,12.38
12.8,1662.56039702,966.49,2.318,0.065,4879.0,1.78,12.38
13.6,425.89006538,555.1,1.32,0.204,4742.0,0.99,11.2
12.5,2790.43,428.5,1.19,0.144,4330.0,1.23,31.88
12.4,3756.73177074,510.8544,1.453,0.701,4504.0,1.54,11.79
12.2,4958.1231492,25000.0,19.4,0.455,4504.0,1.54,11.79
13.3,689.6911,1253.68,2.5,0.04,4840.0,1.33,4.68
13.3,762.8,357.8,1.1,0.09,4538.2,1.5,11.4
13.3,696.04421133,402.4,1.24,0.195,4910.0,1.57,5.04
12.0,7057.73298,529.93,1.765,0.126,4887.0,2.61,12.24
12.0,7838.32346,3180.6,5.829,0.179,4887.0,2.61,12.24
14.0,233.92170755,278.59,0.838,0.18,4724.0,1.01,10.99
13.7,355.96781584,187.01,0.699,0.105,4769.0,1.3,11.87
13.0,1160.39151396,1569.81,3.691,0.149,5075.0,2.72,13.84
2.0189,3.63,6.2678399,0.06839,0.0,5998.0,1.07,1.17
3.72,13.38,124.64,0.506,0.22,5998.0,1.07,1.19
13.5,486.2799,3117.0,4.43,0.4,6212.0,1.19,1.255735
13.7,347.995,39.849,0.2245,0.046,5817.0,1.0,1.3617
5.68,27.442,102.036,0.4206,0.048,5817.0,1.0,1.3617
1.75,3.71,12.904,0.1061,0.082,5817.0,1.0,1.3617
12.8,1891.0,3.3124568,0.049,0.011,6466.27,1.32,1.42588
1.81,3.93,636.13,1.334,0.16,5310.0,0.783,0.83
1.18,1.75,20.0,0.133,0.06,5310.0,0.783,0.83
1.19,1.83,49.41,0.243,0.23,5310.0,0.783,0.83
12.1,6547.0,305.5,1.17,0.031,4388.0,2.3,26.8
14.0,218.531,4.617033,0.05922166,0.0215,6156.77,1.3,1.56
12.3,4443.24112986,241.258,0.827774,0.2596,6156.77,1.3,1.56
12.5,3257.74117175,1276.46,2.51329,0.2987,6156.77,1.3,1.56
14.2,162.09248757,385.2,1.18,0.32,4836.0,1.48,11.22
13.4,616.90493799,136.97,0.625,0.059,4841.0,1.74,10.86
