source_row,pl_name,discoverymethod
4725,11 Com b,Radial Velocity
3674,11 UMi b,Radial Velocity
4703,14 And b,Radial Velocity
5246,14 Her b,Radial Velocity
5247,16 Cyg B b,Radial Velocity
1216,17 Sco b,Radial Velocity
4704,18 Del b,Radial Velocity
1401,24 Boo b,Radial Velocity
108,24 Sex b,Radial Velocity
5254,24 Sex c,Radial Velocity
1724,2MASS J19383260+4603591 b,Eclipse Timing Variations
4709,4 UMa b,Radial Velocity
2131,47 UMa b,Radial Velocity
2139,47 UMa c,Radial Velocity
2138,47 UMa d,Radial Velocity
5266,51 Peg b,Radial Velocity
550,55 Cnc B b,Radial Velocity
551,55 Cnc B c,Radial Velocity
273,55 Cnc b,Radial Velocity
274,55 Cnc c,Radial Velocity
275,55 Cnc d,Radial Velocity
276,55 Cnc e,Radial Velocity
277,55 Cnc f,Radial Velocity
4708,6 Lyn b,Radial Velocity
2136,61 Vir b,Radial Velocity
2137,61 Vir c,Radial Velocity
5271,61 Vir d,Radial Velocity
3961,7 CMa b,Radial Velocity
3965,7 CMa c,Radial Velocity
3795,70 Vir b,Radial Velocity
4730,75 Cet b,Radial Velocity
1273,75 Cet c,Radial Velocity
5801,8 UMi b,Radial Velocity
5280,81 Cet b,Radial Velocity
2238,91 Aqr b,Radial Velocity
4963,AF Lep b,Imaging
402,AU Mic b,Transit
445,AU Mic c,Transit
3550,BD+03 2562 b,Radial Velocity
5283,BD+14 4559 b,Radial Velocity
2851,BD+15 2375 b,Radial Velocity
2230,BD+15 2940 b,Radial Velocity
2152,BD+20 2457 b,Radial Velocity
2161,BD+20 2457 c,Radial Velocity
2166,BD+20 274 b,Radial Velocity
6304,BD+20 594 b,Transit
5002,BD+37 3172 b,Radial Velocity
5009,BD+42 2315 b,Radial Velocity
1179,BD+45 564 b,Radial Velocity
1717,BD+48 738 b,Radial Velocity
3608,BD+48 740 b,Radial Velocity
5461,BD+49 828 b,Radial Velocity
4108,BD+55 362 b,Radial Velocity
2017,BD+63 1405 b,Radial Velocity
5441,BD-06 1339 c,Radial Velocity
2140,BD-08 2823 c,Radial Velocity
3679,BD-10 3166 b,Radial Velocity
4027,BD-11 4672 b,Radial Velocity
4026,BD-11 4672 c,Radial Velocity
3664,BD-13 2130 b,Radial Velocity
4762,BD-14 3065 b,Transit
4816,BD-17 63 b,Radial Velocity
4637,BD-210397 b,Radial Velocity
1661,BD-210397 c,Radial Velocity
1601,BEBOP-3 b,Radial Velocity
5585,Barnard b,Radial Velocity
5576,Barnard c,Radial Velocity
840,Barnard d,Radial Velocity
5586,Barnard e,Radial Velocity
122,CD-35 2722 B b,Radial Velocity
4711,CI Tau c,Radial Velocity
2256,CoRoT-1 b,Transit
93,CoRoT-10 b,Transit
266,CoRoT-11 b,Transit
94,CoRoT-12 b,Transit
95,CoRoT-13 b,Transit
2200,CoRoT-14 b,Transit
2159,CoRoT-16 b,Transit
2188,CoRoT-17 b,Transit
2196,CoRoT-18 b,Transit
5294,CoRoT-19 b,Transit
2292,CoRoT-2 b,Transit
1305,CoRoT-20 b,Transit
3739,CoRoT-20 c,Radial Velocity
3794,CoRoT-21 b,Transit
2661,CoRoT-22 b,Transit
2141,CoRoT-23 b,Transit
2743,CoRoT-24 b,Transit
2750,CoRoT-24 c,Transit
5442,CoRoT-25 b,Transit
2237,CoRoT-26 b,Transit
2303,CoRoT-27 b,Transit
900,CoRoT-28 b,Transit
2763,CoRoT-29 b,Transit
98,CoRoT-3 b,Transit
4045,CoRoT-30 b,Transit
4046,CoRoT-31 b,Transit
4335,CoRoT-35 b,Transit
4336,CoRoT-36 b,Transit
5251,CoRoT-4 b,Transit
2168,CoRoT-5 b,Transit
2146,CoRoT-6 b,Transit
5255,CoRoT-7 b,Transit
5259,CoRoT-7 c,Radial Velocity
1055,CoRoT-8 b,Transit
5264,CoRoT-9 b,Transit
1645,DE CVn b,Eclipse Timing Variations
5053,DMPP-1 b,Radial Velocity
1392,DMPP-1 c,Radial Velocity
5058,DMPP-1 d,Radial Velocity
1275,DMPP-1 e,Radial Velocity
5059,DMPP-2 b,Radial Velocity
201,DMPP-2 c,Radial Velocity
5674,DMPP-2 d,Radial Velocity
5065,DMPP-3 A b,Radial Velocity
975,DMPP-4 b,Radial Velocity
2044,DMPP-6 b,Radial Velocity
5072,DMPP-6 c,Radial Velocity
2346,DMPP-7 b,Radial Velocity
930,DMPP-8 b,Radial Velocity
5076,DMPP-9 b,Radial Velocity
2299,DP Leo b,Eclipse Timing Variations
4009,EPIC 201170410.02,Transit
170,EPIC 201595106 b,Transit
4014,EPIC 201757695.02,Transit
6338,EPIC 211822797 b,Transit
3793,EPIC 211945201 b,Transit
1437,EPIC 212737443 b,Transit
624,EPIC 212737443 c,Transit
5158,EPIC 220674823 b,Transit
5159,EPIC 220674823 c,Transit
4539,EPIC 229004835 b,Transit
3945,EPIC 248847494 b,Transit
3925,EPIC 249893012 b,Transit
3932,EPIC 249893012 c,Transit
3933,EPIC 249893012 d,Transit
1031,G 192-15 b,Radial Velocity
4953,G 192-15 c,Radial Velocity
5617,G 261-6 b,Radial Velocity
935,G 9-40 b,Transit
1157,GJ 1061 b,Radial Velocity
1678,GJ 1061 c,Radial Velocity
596,GJ 1061 d,Radial Velocity
327,GJ 1132 b,Transit
272,GJ 1132 c,Radial Velocity
5117,GJ 1137 c,Radial Velocity
3559,GJ 1148 b,Radial Velocity
1822,GJ 1148 c,Radial Velocity
278,GJ 1214 b,Transit
4600,GJ 1252 b,Transit
5492,GJ 1265 b,Radial Velocity
1625,GJ 1289 b,Radial Velocity
6306,GJ 143 b,Transit
1536,GJ 15 A b,Radial Velocity
3942,GJ 15 A c,Radial Velocity
6340,GJ 160.2 b,Radial Velocity
5514,GJ 163 b,Radial Velocity
2246,GJ 163 c,Radial Velocity
2247,GJ 163 d,Radial Velocity
2154,GJ 179 b,Radial Velocity
3914,GJ 180 b,Radial Velocity
6215,GJ 180 c,Radial Velocity
697,GJ 180 d,Radial Velocity
4408,GJ 2030 b,Radial Velocity
4414,GJ 2030 c,Radial Velocity
4042,GJ 2056 b,Radial Velocity
5695,GJ 2126 b,Radial Velocity
4460,GJ 229 A c,Radial Velocity
6214,GJ 229 b,Radial Velocity
4979,GJ 251 b,Radial Velocity
646,GJ 251 c,Radial Velocity
1542,GJ 27.1 b,Radial Velocity
6277,GJ 273 b,Radial Velocity
6289,GJ 273 c,Radial Velocity
63,GJ 3021 b,Radial Velocity
3921,GJ 3082 b,Radial Velocity
472,GJ 3090 b,Transit
552,GJ 3090 c,Radial Velocity
3599,GJ 3138 b,Radial Velocity
6267,GJ 3138 c,Radial Velocity
3604,GJ 3138 d,Radial Velocity
5030,GJ 317 b,Radial Velocity
1595,GJ 317 c,Radial Velocity
4415,GJ 3222 b,Radial Velocity
623,GJ 328 b,Radial Velocity
3588,GJ 3293 b,Radial Velocity
3587,GJ 3293 c,Radial Velocity
3615,GJ 3293 d,Radial Velocity
3614,GJ 3293 e,Radial Velocity
1653,GJ 3323 b,Radial Velocity
3607,GJ 3323 c,Radial Velocity
1623,GJ 3341 b,Radial Velocity
1078,GJ 3378 b,Radial Velocity
4511,GJ 338 B b,Radial Velocity
306,GJ 3470 b,Radial Velocity
418,GJ 3473 b,Transit
419,GJ 3473 c,Radial Velocity
6320,GJ 3512 b,Radial Velocity
4958,GJ 3512 c,Radial Velocity
2194,GJ 3634 b,Radial Velocity
452,GJ 367 b,Transit
2002,GJ 3779 b,Radial Velocity
461,GJ 3929 b,Transit
471,GJ 3929 c,Radial Velocity
5542,GJ 3942 b,Radial Velocity
5700,GJ 3988 b,Radial Velocity
4903,GJ 3998 b,Radial Velocity
4905,GJ 3998 c,Radial Velocity
868,GJ 3998 d,Radial Velocity
4368,GJ 411 b,Radial Velocity
4107,GJ 414 A b,Radial Velocity
6225,GJ 414 A c,Radial Velocity
6224,GJ 422 b,Radial Velocity
6279,GJ 4276 b,Radial Velocity
3909,GJ 433 b,Radial Velocity
5950,GJ 433 c,Radial Velocity
3920,GJ 433 d,Radial Velocity
279,GJ 436 b,Radial Velocity
1002,GJ 463 b,Radial Velocity
5057,GJ 480 b,Radial Velocity
436,GJ 486 b,Radial Velocity
5891,GJ 514 b,Radial Velocity
1752,GJ 536 b,Radial Velocity
4981,GJ 536 c,Radial Velocity
1698,GJ 581 b,Radial Velocity
4952,GJ 581 c,Radial Velocity
5304,GJ 581 e,Radial Velocity
3606,GJ 625 b,Radial Velocity
4627,GJ 649 b,Radial Velocity
60,GJ 674 b,Radial Velocity
5300,GJ 676 A b,Radial Velocity
4432,GJ 676 A c,Radial Velocity
738,GJ 676 A d,Radial Velocity
574,GJ 676 A e,Radial Velocity
4416,GJ 680 b,Radial Velocity
5959,GJ 682 b,Radial Velocity
3953,GJ 682 c,Radial Velocity
3845,GJ 685 b,Radial Velocity
4041,GJ 687 b,Radial Velocity
5897,GJ 687 c,Radial Velocity
6246,GJ 720 A b,Radial Velocity
4705,GJ 724 b,Radial Velocity
4124,GJ 740 b,Radial Velocity
4644,GJ 832 b,Radial Velocity
4631,GJ 849 b,Radial Velocity
4632,GJ 849 c,Radial Velocity
3680,GJ 86 b,Radial Velocity
5308,GJ 876 b,Radial Velocity
104,GJ 876 c,Radial Velocity
5311,GJ 876 d,Radial Velocity
5314,GJ 876 e,Radial Velocity
1777,GJ 887 b,Radial Velocity
750,GJ 887 c,Radial Velocity
4431,GJ 896 A b,Astrometry
5906,GJ 9066 c,Radial Velocity
4643,GJ 9404 b,Radial Velocity
3773,GJ 96 b,Radial Velocity
1209,GJ 9689 b,Radial Velocity
1731,GJ 9714 b,Radial Velocity
1480,GJ 9773 b,Radial Velocity
357,GJ 9827 b,Transit
358,GJ 9827 c,Transit
359,GJ 9827 d,Transit
6272,GPX-1 b,Transit
3901,Gl 378 b,Radial Velocity
3862,Gl 49 b,Radial Velocity
4036,Gl 686 b,Radial Velocity
1288,Gl 725 A b,Radial Velocity
853,Gliese 12 b,Transit
5622,Gliese 48 b,Radial Velocity
287,HAT-P-1 b,Transit
567,HAT-P-11 b,Transit
363,HAT-P-11 c,Radial Velocity
280,HAT-P-12 b,Transit
281,HAT-P-13 b,Transit
282,HAT-P-13 c,Radial Velocity
283,HAT-P-14 b,Transit
5321,HAT-P-15 b,Transit
5322,HAT-P-16 b,Transit
284,HAT-P-17 b,Transit
285,HAT-P-17 c,Radial Velocity
286,HAT-P-18 b,Transit
4695,HAT-P-19 b,Transit
71,HAT-P-2 b,Transit
2187,HAT-P-20 b,Transit
5333,HAT-P-21 b,Transit
3689,HAT-P-22 b,Transit
2186,HAT-P-23 b,Transit
3690,HAT-P-24 b,Transit
3824,HAT-P-25 b,Transit
288,HAT-P-26 b,Transit
2325,HAT-P-27 b,Transit
1513,HAT-P-28 b,Transit
3695,HAT-P-29 b,Transit
22,HAT-P-3 b,Transit
289,HAT-P-30 b,Transit
5301,HAT-P-31 b,Transit
290,HAT-P-32 b,Transit
1877,HAT-P-33 b,Transit
3831,HAT-P-34 b,Transit
5305,HAT-P-35 b,Transit
3834,HAT-P-36 b,Transit
2148,HAT-P-37 b,Transit
2278,HAT-P-38 b,Transit
2287,HAT-P-39 b,Transit
2202,HAT-P-4 b,Transit
3722,HAT-P-40 b,Transit
5448,HAT-P-41 b,Transit
2240,HAT-P-42 b,Transit
4148,HAT-P-43 b,Transit
2258,HAT-P-44 b,Transit
2263,HAT-P-44 c,Radial Velocity
2257,HAT-P-45 b,Transit
231,HAT-P-46 b,Transit
3660,HAT-P-49 b,Transit
3703,HAT-P-5 b,Transit
2792,HAT-P-50 b,Transit
4700,HAT-P-51 b,Transit
569,HAT-P-52 b,Transit
5516,HAT-P-53 b,Transit
2770,HAT-P-54 b,Transit
1608,HAT-P-55 b,Transit
1153,HAT-P-56 b,Transit
5812,HAT-P-57 b,Transit
4078,HAT-P-58 b,Transit
4079,HAT-P-59 b,Transit
3704,HAT-P-6 b,Transit
818,HAT-P-60 b,Transit
1570,HAT-P-61 b,Transit
1522,HAT-P-62 b,Transit
6292,HAT-P-63 b,Transit
4087,HAT-P-64 b,Transit
342,HAT-P-65 b,Transit
2821,HAT-P-66 b,Transit
29,HAT-P-67 b,Transit
4055,HAT-P-68 b,Transit
3975,HAT-P-69 b,Transit
6348,HAT-P-7 b,Transit
1790,HAT-P-70 b,Transit
1,HAT-P-8 b,Transit
3841,HAT-P-9 b,Transit
2143,HATS-1 b,Transit
1628,HATS-10 b,Transit
3777,HATS-11 b,Transit
1637,HATS-12 b,Transit
2840,HATS-13 b,Transit
2841,HATS-14 b,Transit
3449,HATS-15 b,Transit
3450,HATS-16 b,Transit
2794,HATS-17 b,Transit
573,HATS-18 b,Transit
4685,HATS-2 b,Transit
3561,HATS-22 b,Transit
3567,HATS-23 b,Transit
3842,HATS-24 b,Transit
3528,HATS-25 b,Transit
3529,HATS-26 b,Transit
3536,HATS-27 b,Transit
1477,HATS-28 b,Transit
5433,HATS-29 b,Transit
5431,HATS-3 b,Transit
3442,HATS-30 b,Transit
3620,HATS-31 b,Transit
1842,HATS-32 b,Transit
1213,HATS-33 b,Transit
3625,HATS-34 b,Transit
3630,HATS-35 b,Transit
3762,HATS-36 b,Transit
4040,HATS-37 A b,Transit
850,HATS-38 b,Transit
3642,HATS-39 b,Transit
922,HATS-4 b,Transit
3648,HATS-40 b,Transit
3649,HATS-41 b,Transit
5555,HATS-42 b,Transit
225,HATS-43 b,Transit
152,HATS-44 b,Transit
5444,HATS-45 b,Transit
3801,HATS-46 b,Transit
3941,HATS-47 b,Transit
393,HATS-48 A b,Transit
4020,HATS-49 b,Transit
2264,HATS-5 b,Transit
3594,HATS-50 b,Transit
5562,HATS-51 b,Transit
1805,HATS-52 b,Transit
5423,HATS-53 b,Transit
4554,HATS-54 b,Transit
3905,HATS-55 b,Transit
5942,HATS-56 b,Transit
5941,HATS-57 b,Transit
3910,HATS-58 A b,Transit
3790,HATS-59 b,Transit
2116,HATS-59 c,Radial Velocity
319,HATS-6 b,Transit
3880,HATS-60 b,Transit
1032,HATS-61 b,Transit
3884,HATS-62 b,Transit
3885,HATS-63 b,Transit
245,HATS-64 b,Transit
3893,HATS-65 b,Transit
3894,HATS-66 b,Transit
3899,HATS-67 b,Transit
3900,HATS-68 b,Transit
3813,HATS-69 b,Transit
3802,HATS-7 b,Transit
3886,HATS-70 b,Transit
1155,HATS-71 b,Transit
394,HATS-72 b,Transit
1490,HATS-74 A b,Transit
454,HATS-75 b,Transit
4231,HATS-76 b,Transit
5863,HATS-77 b,Transit
2817,HATS-8 b,Transit
6312,HATS-9 b,Transit
5089,HD 100508 b,Radial Velocity
5315,HD 100655 b,Radial Velocity
4649,HD 100777 b,Radial Velocity
2737,HD 10180 e,Radial Velocity
5317,HD 10180 f,Radial Velocity
2744,HD 10180 h,Radial Velocity
3711,HD 101930 b,Radial Velocity
3718,HD 102117 b,Radial Velocity
3717,HD 102195 b,Radial Velocity
1649,HD 102272 b,Radial Velocity
838,HD 102329 b,Radial Velocity
6280,HD 102843 b,Radial Velocity
4931,HD 102888 b,Radial Velocity
3799,HD 102956 b,Radial Velocity
3725,HD 103197 b,Radial Velocity
2689,HD 103720 b,Radial Velocity
2262,HD 103774 b,Radial Velocity
4362,HD 103891 b,Radial Velocity
3889,HD 103949 b,Radial Velocity
5326,HD 104067 b,Radial Velocity
1300,HD 104067 c,Radial Velocity
1172,HD 10442 b,Radial Velocity
5325,HD 104985 b,Radial Velocity
1563,HD 105618 b,Radial Velocity
5654,HD 105618 c,Radial Velocity
4363,HD 105779 b,Radial Velocity
5328,HD 106252 b,Radial Velocity
603,HD 106270 b,Radial Velocity
350,HD 106315 b,Transit
351,HD 106315 c,Transit
5331,HD 10647 b,Radial Velocity
4392,HD 106515 A b,Radial Velocity
4438,HD 10697 b,Radial Velocity
66,HD 107148 b,Radial Velocity
6308,HD 107148 c,Radial Velocity
5559,HD 108147 b,Radial Velocity
4592,HD 108202 b,Radial Velocity
3983,HD 108236 b,Transit
6261,HD 108236 c,Transit
3986,HD 108236 e,Transit
253,HD 108236 f,Transit
5451,HD 108341 b,Radial Velocity
3800,HD 108863 b,Radial Velocity
3726,HD 108874 b,Radial Velocity
5330,HD 108874 c,Radial Velocity
1882,HD 109246 b,Radial Velocity
2268,HD 109271 b,Radial Velocity
2269,HD 109271 c,Radial Velocity
4135,HD 109286 b,Radial Velocity
72,HD 109749 b,Radial Velocity
4305,HD 10975 b,Radial Velocity
4474,HD 109988 b,Radial Velocity
2162,HD 110014 b,Radial Velocity
4015,HD 110082 b,Transit
6291,HD 110113 b,Transit
4003,HD 110113 c,Radial Velocity
4479,HD 110537 b,Radial Velocity
5661,HD 11112 b,Radial Velocity
4437,HD 111232 b,Radial Velocity
4486,HD 111232 c,Radial Velocity
5517,HD 111591 b,Radial Velocity
4575,HD 111998 b,Radial Velocity
941,HD 112300 b,Radial Velocity
5613,HD 112570 b,Radial Velocity
781,HD 112640 b,Radial Velocity
4410,HD 113337 b,Radial Velocity
5670,HD 113337 c,Radial Velocity
1180,HD 11343 c,Radial Velocity
5296,HD 113538 b,Radial Velocity
2673,HD 113538 c,Radial Velocity
3577,HD 113996 b,Radial Velocity
1052,HD 114082 b,Transit
5298,HD 114386 b,Radial Velocity
5090,HD 114386 c,Radial Velocity
3872,HD 114729 b,Radial Velocity
2129,HD 114783 b,Radial Velocity
4577,HD 114783 c,Radial Velocity
4491,HD 11505 b,Radial Velocity
5302,HD 11506 b,Radial Velocity
5303,HD 11506 c,Radial Velocity
1199,HD 11506 d,Radial Velocity
4424,HD 115404 A b,Radial Velocity
5680,HD 115404 A c,Radial Velocity
6330,HD 115954 b,Radial Velocity
5306,HD 116029 b,Radial Velocity
3877,HD 117207 b,Radial Velocity
5796,HD 11755 b,Radial Velocity
3817,HD 117618 b,Radial Velocity
5309,HD 118203 b,Radial Velocity
4887,HD 118203 c,Radial Velocity
2201,HD 11964 b,Radial Velocity
2071,HD 11964 c,Radial Velocity
1980,HD 11977 b,Radial Velocity
702,HD 120084 b,Radial Velocity
3731,HD 121504 b,Radial Velocity
748,HD 12235 b,Radial Velocity
4429,HD 12235 c,Radial Velocity
5679,HD 122562 c,Radial Velocity
1263,HD 124330 b,Radial Velocity
5482,HD 12484 b,Radial Velocity
1485,HD 125271 b,Radial Velocity
664,HD 125390 b,Radial Velocity
4439,HD 125612 b,Radial Velocity
4447,HD 125612 c,Radial Velocity
4448,HD 125612 d,Radial Velocity
5186,HD 126105 b,Radial Velocity
3784,HD 12648 b,Radial Velocity
3876,HD 126525 b,Radial Velocity
5320,HD 12661 b,Radial Velocity
802,HD 12661 c,Radial Velocity
5318,HD 126614 b,Radial Velocity
4498,HD 127506 b,Radial Velocity
947,HD 128311 b,Radial Velocity
2807,HD 128311 c,Radial Velocity
3603,HD 128356 b,Radial Velocity
213,HD 128717 b,Astrometry
2179,HD 129445 b,Radial Velocity
2847,HD 130322 b,Radial Velocity
3805,HD 131496 b,Radial Velocity
5501,HD 13167 b,Radial Velocity
5327,HD 13189 b,Radial Velocity
5329,HD 132406 b,Radial Velocity
2189,HD 132563 b,Radial Velocity
2793,HD 133131 A b,Radial Velocity
2798,HD 133131 A c,Radial Velocity
1279,HD 133131 B b,Radial Velocity
5332,HD 134060 b,Radial Velocity
3853,HD 134060 c,Radial Velocity
1407,HD 134606 b,Radial Velocity
965,HD 134606 c,Radial Velocity
4684,HD 134606 d,Radial Velocity
4689,HD 134606 e,Radial Velocity
4688,HD 134606 f,Radial Velocity
2091,HD 134987 b,Radial Velocity
2169,HD 134987 c,Radial Velocity
764,HD 135625 b,Radial Velocity
4865,HD 135694 b,Transit
4499,HD 135872 b,Radial Velocity
4405,HD 136118 b,Radial Velocity
4105,HD 136352 b,Radial Velocity
2082,HD 136352 c,Radial Velocity
4109,HD 136352 d,Radial Velocity
5299,HD 136418 b,Radial Velocity
4134,HD 136925 b,Radial Velocity
1816,HD 13724 c,Radial Velocity
3643,HD 137388 b,Radial Velocity
6247,HD 137496 b,Transit
4218,HD 137496 c,Radial Velocity
3996,HD 13808 b,Radial Velocity
1483,HD 13808 c,Radial Velocity
5450,HD 13908 b,Radial Velocity
2393,HD 13908 c,Radial Velocity
3644,HD 13931 b,Radial Velocity
4454,HD 139357 b,Radial Velocity
3895,HD 1397 b,Transit
5524,HD 14067 b,Radial Velocity
4406,HD 140901 b,Radial Velocity
4582,HD 140901 c,Radial Velocity
1203,HD 141004 b,Radial Velocity
2766,HD 141399 b,Radial Velocity
2767,HD 141399 c,Radial Velocity
1257,HD 141399 d,Radial Velocity
771,HD 141399 e,Radial Velocity
5214,HD 141937 b,Radial Velocity
4413,HD 142 A d,Radial Velocity
5310,HD 142 b,Radial Velocity
4504,HD 142 c,Radial Velocity
3650,HD 142022 A b,Radial Velocity
5307,HD 142245 b,Radial Velocity
896,HD 142415 b,Radial Velocity
1741,HD 143105 b,Radial Velocity
3878,HD 143361 b,Radial Velocity
4962,HD 143811 AB b,Imaging
4412,HD 144899 b,Radial Velocity
3651,HD 145377 b,Radial Velocity
4715,HD 145457 b,Radial Velocity
6321,HD 145675 c,Radial Velocity
4420,HD 145934 b,Radial Velocity
1287,HD 1461 b,Radial Velocity
2805,HD 1461 c,Radial Velocity
2170,HD 147018 b,Radial Velocity
2175,HD 147018 c,Radial Velocity
5554,HD 147379 b,Radial Velocity
2178,HD 147513 b,Radial Velocity
806,HD 14787 b,Radial Velocity
1898,HD 147873 b,Radial Velocity
3602,HD 147873 c,Radial Velocity
5359,HD 148156 b,Radial Velocity
2066,HD 148164 b,Radial Velocity
82,HD 148164 c,Radial Velocity
5363,HD 148427 b,Radial Velocity
291,HD 149026 b,Radial Velocity
73,HD 149143 b,Radial Velocity
4422,HD 149806 b,Radial Velocity
1526,HD 150010 b,Radial Velocity
3806,HD 1502 b,Radial Velocity
2288,HD 150706 b,Radial Velocity
4421,HD 151450 b,Radial Velocity
4423,HD 151450 c,Radial Velocity
3883,HD 152079 b,Radial Velocity
5368,HD 152581 b,Radial Velocity
4965,HD 152843 b,Transit
4968,HD 152843 c,Transit
369,HD 15337 b,Transit
370,HD 15337 c,Transit
784,HD 153557 b,Radial Velocity
4427,HD 153557 c,Radial Velocity
4428,HD 153557 d,Radial Velocity
265,HD 153950 b,Radial Velocity
1582,HD 154088 b,Radial Velocity
5094,HD 154345 b,Radial Velocity
5614,HD 154391 b,Radial Velocity
3658,HD 154672 b,Radial Velocity
5374,HD 154857 b,Radial Velocity
2315,HD 154857 c,Radial Velocity
2088,HD 155193 b,Radial Velocity
5373,HD 155358 b,Radial Velocity
5375,HD 155358 c,Radial Velocity
4435,HD 155918 b,Radial Velocity
5572,HD 155918 c,Radial Velocity
4442,HD 156098 b,Radial Velocity
4441,HD 156098 c,Radial Velocity
4458,HD 156279 b,Radial Velocity
4449,HD 156279 c,Radial Velocity
5379,HD 156411 b,Radial Velocity
5378,HD 156668 b,Radial Velocity
4064,HD 156668 c,Radial Velocity
1358,HD 156846 b,Radial Velocity
3662,HD 158038 b,Radial Velocity
3656,HD 158996 b,Radial Velocity
4590,HD 15906 b,Transit
4594,HD 15906 c,Transit
2394,HD 159243 b,Radial Velocity
5467,HD 159243 c,Radial Velocity
5336,HD 159868 b,Radial Velocity
1756,HD 159868 c,Radial Velocity
6259,HD 1605 b,Radial Velocity
80,HD 1605 c,Radial Velocity
4343,HD 160691 d,Radial Velocity
5890,HD 161178 b,Radial Velocity
3669,HD 16141 b,Radial Velocity
3668,HD 16175 b,Radial Velocity
5343,HD 162020 b,Radial Velocity
924,HD 163607 b,Radial Velocity
5350,HD 163607 c,Radial Velocity
99,HD 16417 b,Radial Velocity
2113,HD 164509 b,Radial Velocity
1381,HD 164595 b,Radial Velocity
5098,HD 164604 b,Radial Velocity
5099,HD 164604 c,Radial Velocity
5353,HD 164922 b,Radial Velocity
3984,HD 164922 c,Radial Velocity
5910,HD 164922 d,Radial Velocity
6329,HD 164922 e,Radial Velocity
4656,HD 165131 b,Radial Velocity
189,HD 165155 b,Radial Velocity
2853,HD 1666 b,Radial Velocity
2274,HD 166724 b,Radial Velocity
4716,HD 167042 b,Radial Velocity
5174,HD 16760 b,Radial Velocity
4655,HD 167677 b,Radial Velocity
1420,HD 167768 b,Radial Velocity
6328,HD 168009 b,Radial Velocity
4457,HD 168443 b,Radial Velocity
4459,HD 168443 c,Radial Velocity
5358,HD 168746 b,Radial Velocity
4443,HD 168863 b,Radial Velocity
3676,HD 1690 b,Radial Velocity
5579,HD 16905 b,Radial Velocity
5428,HD 169830 b,Radial Velocity
4463,HD 169830 c,Radial Velocity
1328,HD 170469 b,Radial Velocity
5360,HD 17092 b,Radial Velocity
5364,HD 171028 b,Radial Velocity
4386,HD 171238 b,Radial Velocity
5025,HD 17156 b,Radial Velocity
4718,HD 173416 b,Radial Velocity
5970,HD 174205 b,Radial Velocity
4821,HD 175167 b,Radial Velocity
983,HD 175541 b,Radial Velocity
3560,HD 17674 b,Radial Velocity
3555,HD 177565 b,Radial Velocity
5369,HD 177830 b,Radial Velocity
113,HD 177830 c,Radial Velocity
5372,HD 178911 B b,Radial Velocity
67,HD 179949 b,Radial Velocity
5519,HD 180053 b,Radial Velocity
1451,HD 18015 b,Radial Velocity
1866,HD 180314 b,Radial Velocity
4037,HD 180617 b,Radial Velocity
690,HD 180902 b,Radial Velocity
4451,HD 181234 b,Radial Velocity
3737,HD 181342 b,Radial Velocity
4452,HD 18143 b,Radial Velocity
5592,HD 18143 c,Radial Velocity
5051,HD 181433 d,Radial Velocity
1458,HD 181720 b,Radial Velocity
5380,HD 183263 b,Radial Velocity
4468,HD 183263 c,Radial Velocity
4869,HD 183579 b,Transit
5580,HD 184010 b,Radial Velocity
169,HD 184010 c,Radial Velocity
1825,HD 184010 d,Radial Velocity
1581,HD 18438 b,Radial Velocity
3736,HD 185269 b,Radial Velocity
845,HD 185283 b,Radial Velocity
5565,HD 18599 b,Transit
5337,HD 187085 b,Radial Velocity
2120,HD 187123 b,Radial Velocity
5339,HD 187123 c,Radial Velocity
5341,HD 18742 b,Radial Velocity
68,HD 188015 b,Radial Velocity
4456,HD 188641 b,Radial Velocity
4216,HD 189567 b,Radial Velocity
4217,HD 189567 c,Radial Velocity
292,HD 189733 b,Radial Velocity
2037,HD 190007 b,Radial Velocity
5611,HD 190228 b,Radial Velocity
5181,HD 190360 b,Radial Velocity
5182,HD 190360 c,Radial Velocity
5183,HD 190360 d,Radial Velocity
5344,HD 190647 b,Radial Velocity
5345,HD 190984 b,Radial Velocity
4426,HD 191806 b,Radial Velocity
1127,HD 191939 b,Transit
4544,HD 191939 c,Transit
5862,HD 191939 d,Transit
1742,HD 191939 e,Radial Velocity
1244,HD 191939 f,Radial Velocity
1064,HD 191939 g,Radial Velocity
5346,HD 192263 b,Radial Velocity
2205,HD 192310 b,Radial Velocity
5351,HD 192310 c,Radial Velocity
5429,HD 192699 b,Radial Velocity
5610,HD 194490 b,Radial Velocity
5440,HD 195019 b,Radial Velocity
699,HD 196050 b,Radial Velocity
794,HD 196067 b,Radial Velocity
4365,HD 19615 b,Radial Velocity
2145,HD 196885 A b,Radial Velocity
5354,HD 197037 b,Radial Velocity
2077,HD 199509 b,Radial Velocity
2130,HD 19994 b,Radial Velocity
3860,HD 20003 b,Radial Velocity
1404,HD 20003 c,Radial Velocity
3742,HD 200964 b,Radial Velocity
1839,HD 200964 c,Radial Velocity
5054,HD 202206 b,Radial Velocity
1934,HD 202206 c,Radial Velocity
5109,HD 202772 A b,Transit
507,HD 20329 b,Transit
5691,HD 203387 b,Radial Velocity
4445,HD 203387 c,Radial Velocity
0,HD 2039 b,Radial Velocity
1119,HD 204313 b,Radial Velocity
5365,HD 204313 c,Radial Velocity
4462,HD 204313 e,Radial Velocity
3684,HD 204941 b,Radial Velocity
869,HD 205158 b,Radial Velocity
97,HD 205739 b,Radial Velocity
3897,HD 206255 b,Radial Velocity
1709,HD 206610 b,Radial Velocity
5612,HD 206893 b,Imaging
255,HD 206893 c,Imaging
524,HD 207496 b,Transit
3859,HD 20781 b,Radial Velocity
3864,HD 20781 c,Radial Velocity
6290,HD 20781 d,Radial Velocity
3881,HD 20781 e,Radial Velocity
758,HD 20782 b,Radial Velocity
78,HD 207832 b,Radial Velocity
2286,HD 207832 c,Radial Velocity
827,HD 207897 b,Transit
5370,HD 20794 b,Radial Velocity
4820,HD 20794 d,Radial Velocity
5462,HD 20794 e,Radial Velocity
1549,HD 20794 f,Radial Velocity
5047,HD 208487 b,Radial Velocity
2249,HD 208527 b,Radial Velocity
2085,HD 20868 b,Radial Velocity
1426,HD 208897 b,Radial Velocity
293,HD 209458 b,Radial Velocity
6260,HD 210193 b,Radial Velocity
1812,HD 210277 b,Radial Velocity
5376,HD 210702 b,Radial Velocity
4065,HD 211403 b,Radial Velocity
83,HD 211810 b,Radial Velocity
1396,HD 211970 b,Radial Velocity
3691,HD 212301 b,Radial Velocity
1128,HD 212771 b,Radial Velocity
3696,HD 213240 b,Radial Velocity
4069,HD 213472 b,Radial Velocity
4465,HD 213519 b,Radial Velocity
3971,HD 213885 b,Transit
3974,HD 213885 c,Radial Velocity
580,HD 21411 b,Radial Velocity
6252,HD 214823 b,Radial Velocity
4857,HD 21520 b,Transit
4650,HD 215497 c,Radial Velocity
5459,HD 216435 b,Radial Velocity
5338,HD 216437 b,Radial Velocity
5886,HD 216520 b,Radial Velocity
4044,HD 216520 c,Radial Velocity
5480,HD 216536 b,Radial Velocity
5340,HD 216770 b,Radial Velocity
3863,HD 21693 b,Radial Velocity
5342,HD 21693 c,Radial Velocity
5095,HD 217107 b,Radial Velocity
5348,HD 217107 c,Radial Velocity
5347,HD 217786 b,Radial Velocity
4466,HD 217786 c,Radial Velocity
4472,HD 217958 b,Radial Velocity
3705,HD 218566 b,Radial Velocity
712,HD 219077 b,Radial Velocity
3568,HD 219134 b,Radial Velocity
5748,HD 219134 c,Radial Velocity
3574,HD 219134 d,Radial Velocity
3575,HD 219134 f,Radial Velocity
984,HD 219134 g,Radial Velocity
870,HD 219134 h,Radial Velocity
4314,HD 219139 b,Radial Velocity
5418,HD 219415 b,Radial Velocity
4946,HD 219666 b,Transit
906,HD 219828 b,Radial Velocity
4433,HD 219828 c,Radial Velocity
3639,HD 220074 b,Radial Velocity
3967,HD 220197 b,Radial Velocity
5513,HD 220689 b,Radial Velocity
2177,HD 220773 b,Radial Velocity
2760,HD 220842 b,Radial Velocity
64,HD 221287 b,Radial Velocity
84,HD 221416 b,Transit
4131,HD 221420 b,Radial Velocity
1795,HD 221585 b,Radial Velocity
1780,HD 222076 b,Radial Velocity
3655,HD 222155 b,Radial Velocity
4856,HD 222237 b,Radial Velocity
1004,HD 222582 b,Radial Velocity
259,HD 224018 b,Radial Velocity
5587,HD 224018 c,Transit
4986,HD 224018 d,Transit
6276,HD 224538 b,Radial Velocity
74,HD 224693 b,Radial Velocity
1916,HD 22532 b,Radial Velocity
2124,HD 22781 b,Radial Velocity
5460,HD 23079 b,Radial Velocity
3891,HD 23127 b,Radial Velocity
75,HD 231701 b,Radial Velocity
1914,HD 233604 b,Radial Velocity
5896,HD 233832 b,Radial Velocity
4543,HD 23472 b,Transit
4547,HD 23472 c,Transit
4552,HD 23472 d,Transit
4553,HD 23472 e,Transit
4548,HD 23472 f,Transit
1071,HD 235088 b,Transit
1529,HD 23596 b,Radial Velocity
4103,HD 238090 b,Radial Velocity
1266,HD 238914 b,Radial Velocity
2160,HD 240210 b,Radial Velocity
3706,HD 240237 b,Radial Velocity
3654,HD 24040 b,Radial Velocity
4067,HD 24040 c,Radial Velocity
1583,HD 24064 b,Radial Velocity
5882,HD 24085 b,Radial Velocity
4455,HD 25015 b,Radial Velocity
3892,HD 25171 b,Radial Velocity
4797,HD 25463 b,Transit
1856,HD 25463 c,Transit
1020,HD 25723 b,Radial Velocity
4471,HD 25912 b,Radial Velocity
4473,HD 25912 c,Radial Velocity
468,HD 260655 b,Transit
469,HD 260655 c,Transit
1323,HD 26161 b,Radial Velocity
3712,HD 2638 b,Radial Velocity
5966,HD 2685 b,Transit
69,HD 27442 b,Radial Velocity
6229,HD 27631 b,Radial Velocity
555,HD 278555 b,Transit
5361,HD 27894 b,Radial Velocity
5470,HD 27894 c,Radial Velocity
4450,HD 27894 d,Radial Velocity
6315,HD 27969 b,Radial Velocity
5086,HD 28109 b,Transit
1554,HD 28109 c,Transit
5091,HD 28109 d,Transit
5070,HD 28185 b,Radial Velocity
1084,HD 28185 c,Radial Velocity
4475,HD 28192 b,Radial Velocity
5362,HD 28254 b,Radial Velocity
4959,HD 28471 b,Radial Velocity
4960,HD 28471 c,Radial Velocity
4967,HD 28471 d,Radial Velocity
3665,HD 285507 b,Radial Velocity
96,HD 285968 b,Radial Velocity
3746,HD 28678 b,Radial Velocity
4398,HD 29021 b,Radial Velocity
5367,HD 290327 b,Radial Velocity
1585,HD 29399 b,Radial Velocity
4671,HD 2952 b,Radial Velocity
188,HD 29985 b,Radial Velocity
5366,HD 30177 b,Radial Velocity
5193,HD 30177 c,Radial Velocity
3713,HD 30562 b,Radial Velocity
2674,HD 30669 b,Radial Velocity
3747,HD 30856 b,Radial Velocity
5371,HD 31253 b,Radial Velocity
3869,HD 31527 b,Radial Velocity
195,HD 31527 c,Radial Velocity
3870,HD 31527 d,Radial Velocity
340,HD 3167 b,Transit
341,HD 3167 c,Transit
355,HD 3167 d,Radial Velocity
514,HD 3167 e,Radial Velocity
4719,HD 32518 b,Radial Velocity
5421,HD 32963 b,Radial Velocity
3719,HD 330075 b,Radial Velocity
1462,HD 331093 b,Radial Velocity
4348,HD 33142 b,Radial Velocity
1456,HD 33142 c,Radial Velocity
4364,HD 33142 d,Radial Velocity
1913,HD 332231 b,Transit
1750,HD 33283 b,Radial Velocity
5476,HD 33564 b,Radial Velocity
1594,HD 33844 b,Radial Velocity
5432,HD 33844 c,Radial Velocity
3720,HD 34445 b,Radial Velocity
3573,HD 34445 c,Radial Velocity
3580,HD 34445 d,Radial Velocity
5454,HD 34445 e,Radial Velocity
5453,HD 34445 f,Radial Velocity
3581,HD 34445 g,Radial Velocity
2756,HD 35759 b,Radial Velocity
1520,HD 35843 b,Radial Velocity
6302,HD 35843 c,Transit
830,HD 360 b,Radial Velocity
4628,HD 36384 b,Radial Velocity
5377,HD 3651 b,Radial Velocity
1847,HD 37124 b,Radial Velocity
5335,HD 37124 c,Radial Velocity
1466,HD 37124 d,Radial Velocity
1761,HD 37605 b,Radial Velocity
79,HD 37605 c,Radial Velocity
4068,HD 3765 b,Radial Velocity
1222,HD 38283 b,Radial Velocity
4477,HD 38529 b,Radial Velocity
4478,HD 38529 c,Radial Velocity
3898,HD 38801 b,Radial Velocity
178,HD 39091 b,Radial Velocity
2076,HD 39194 b,Radial Velocity
5064,HD 39194 c,Radial Velocity
6341,HD 39194 d,Radial Velocity
6269,HD 39855 b,Radial Velocity
2243,HD 40307 f,Radial Velocity
2250,HD 40307 g,Radial Velocity
3569,HD 40956 b,Radial Velocity
3727,HD 40979 b,Radial Velocity
4485,HD 4113 b,Radial Velocity
6244,HD 42012 b,Radial Velocity
3728,HD 4203 b,Radial Velocity
2328,HD 4203 c,Radial Velocity
5352,HD 4208 b,Radial Velocity
2831,HD 42618 b,Radial Velocity
5355,HD 4308 b,Radial Velocity
5357,HD 4313 b,Radial Velocity
4484,HD 43197 b,Radial Velocity
4476,HD 43197 c,Radial Velocity
1700,HD 43691 b,Radial Velocity
1307,HD 44219 b,Radial Velocity
5400,HD 45184 b,Radial Velocity
3882,HD 45184 c,Radial Velocity
2174,HD 45350 b,Radial Velocity
5402,HD 45364 b,Radial Velocity
4555,HD 45364 c,Radial Velocity
5487,HD 45652 b,Radial Velocity
780,HD 457 b,Radial Velocity
70,HD 46375 b,Radial Velocity
3732,HD 47186 b,Radial Velocity
2144,HD 47186 c,Radial Velocity
4665,HD 4732 b,Radial Velocity
4664,HD 4732 c,Radial Velocity
4680,HD 47366 b,Radial Velocity
4681,HD 47366 c,Radial Velocity
65,HD 47536 b,Radial Velocity
4002,HD 4760 b,Radial Velocity
5407,HD 48265 b,Radial Velocity
5703,HD 48265 c,Radial Velocity
4778,HD 48948 b,Radial Velocity
4782,HD 48948 c,Radial Velocity
4783,HD 48948 d,Radial Velocity
1787,HD 4917 b,Radial Velocity
5408,HD 49674 b,Radial Velocity
1548,HD 50499 b,Radial Velocity
626,HD 50499 c,Radial Velocity
183,HD 50554 b,Radial Velocity
3043,HD 50554 c,Transit
3959,HD 50554 d,Transit
663,HD 51608 b,Radial Velocity
879,HD 51608 c,Radial Velocity
5410,HD 52265 b,Radial Velocity
969,HD 5278 b,Transit
2094,HD 5278 c,Radial Velocity
3754,HD 5319 b,Radial Velocity
3770,HD 5319 c,Radial Velocity
5171,HD 5388 b,Radial Velocity
81,HD 55696 b,Radial Velocity
2843,HD 5583 b,Radial Velocity
5449,HD 5608 b,Radial Velocity
5443,HD 564 b,Radial Velocity
4430,HD 56414 b,Transit
4480,HD 56957 b,Radial Velocity
5412,HD 5891 b,Radial Velocity
3485,HD 59686 A b,Radial Velocity
4125,HD 60292 b,Radial Velocity
2812,HD 60532 b,Radial Velocity
2813,HD 60532 c,Radial Velocity
5493,HD 6061 b,Transit
2644,HD 60779 b,Transit
4636,HD 62364 b,Radial Velocity
4481,HD 62364 c,Radial Velocity
2220,HD 62509 b,Radial Velocity
4487,HD 62549 b,Radial Velocity
1366,HD 63433 b,Transit
5024,HD 63433 c,Transit
5640,HD 63433 d,Transit
5381,HD 63454 b,Radial Velocity
1736,HD 63765 b,Radial Velocity
450,HD 63935 b,Transit
451,HD 63935 c,Radial Velocity
3896,HD 64114 b,Radial Velocity
1615,HD 64121 b,Radial Velocity
3637,HD 6434 b,Radial Velocity
847,HD 65216 b,Radial Velocity
3826,HD 65216 c,Radial Velocity
5547,HD 66141 b,Radial Velocity
5384,HD 66428 b,Radial Velocity
4469,HD 66428 c,Radial Velocity
2854,HD 67087 b,Radial Velocity
2758,HD 67087 c,Radial Velocity
5220,HD 6718 b,Radial Velocity
3598,HD 68402 b,Radial Velocity
5702,HD 68475 b,Radial Velocity
4623,HD 6860 b,Radial Velocity
3638,HD 68988 b,Radial Velocity
6216,HD 68988 c,Radial Velocity
4238,HD 69123 b,Radial Velocity
5386,HD 69830 b,Radial Velocity
62,HD 69830 c,Radial Velocity
5389,HD 69830 d,Radial Velocity
5391,HD 70573 b,Radial Velocity
3812,HD 70642 b,Radial Velocity
951,HD 715 b,Transit
801,HD 72490 b,Radial Velocity
1309,HD 72659 b,Radial Velocity
5077,HD 72659 c,Radial Velocity
4434,HD 72892 b,Radial Velocity
982,HD 73256 c,Radial Velocity
4490,HD 73267 b,Radial Velocity
184,HD 73267 c,Radial Velocity
4798,HD 73344 b,Transit
5649,HD 73344 c,Radial Velocity
4884,HD 73344 d,Radial Velocity
826,HD 73526 b,Radial Velocity
2399,HD 73526 c,Radial Velocity
1519,HD 73534 b,Radial Velocity
4361,HD 73583 b,Transit
4367,HD 73583 c,Transit
5397,HD 74156 b,Radial Velocity
1402,HD 74156 c,Radial Velocity
4496,HD 7449 b,Radial Velocity
4641,HD 74698 b,Radial Velocity
4642,HD 74698 c,Radial Velocity
3646,HD 75289 b,Radial Velocity
4587,HD 75302 b,Radial Velocity
722,HD 75784 b,Radial Velocity
5528,HD 75784 c,Radial Velocity
5403,HD 75898 b,Radial Velocity
612,HD 75898 c,Radial Velocity
3652,HD 76700 b,Radial Velocity
4729,HD 76920 b,Radial Velocity
3721,HD 77338 b,Radial Velocity
5892,HD 77946 b,Transit
4304,HD 79181 b,Radial Velocity
5406,HD 79498 b,Radial Velocity
294,HD 80606 b,Radial Velocity
55,HD 80653 b,Transit
4470,HD 80869 b,Radial Velocity
6111,HD 80883 b,Radial Velocity
4492,HD 80913 b,Radial Velocity
4385,HD 81040 b,Radial Velocity
4721,HD 81688 b,Radial Velocity
4461,HD 81817 b,Radial Velocity
4493,HD 81817 c,Radial Velocity
3653,HD 82886 b,Radial Velocity
2314,HD 82943 b,Radial Velocity
2322,HD 82943 c,Radial Velocity
1176,HD 8326 b,Radial Velocity
1745,HD 83443 b,Radial Velocity
5557,HD 83443 c,Radial Velocity
2182,HD 8535 b,Radial Velocity
5413,HD 85390 b,Radial Velocity
1154,HD 8574 b,Radial Velocity
4500,HD 86065 b,Radial Velocity
5486,HD 86081 b,Radial Velocity
295,HD 86226 b,Radial Velocity
412,HD 86226 c,Transit
4495,HD 86264 b,Radial Velocity
4853,HD 86728 b,Radial Velocity
4497,HD 8673 b,Radial Velocity
1107,HD 86950 b,Radial Velocity
3471,HD 87646 b,Radial Velocity
4926,HD 87816 b,Radial Velocity
1065,HD 87816 c,Radial Velocity
4387,HD 87883 b,Radial Velocity
4501,HD 88072 b,Radial Velocity
884,HD 88133 b,Radial Velocity
819,HD 88986 b,Radial Velocity
5382,HD 89307 b,Radial Velocity
3740,HD 89345 b,Transit
3825,HD 89744 b,Radial Velocity
680,HD 89839 b,Radial Velocity
112,HD 90156 b,Radial Velocity
3597,HD 9174 b,Radial Velocity
3850,HD 92788 b,Radial Velocity
6223,HD 92788 c,Radial Velocity
5385,HD 93083 b,Radial Velocity
4502,HD 93351 b,Radial Velocity
4407,HD 93351 c,Radial Velocity
6218,HD 93385 b,Radial Velocity
601,HD 93385 c,Radial Velocity
4204,HD 93385 d,Radial Velocity
4780,HD 93963 A b,Transit
4779,HD 93963 A c,Transit
102,HD 9446 b,Radial Velocity
1895,HD 9446 c,Radial Velocity
5671,HD 94771 b,Radial Velocity
3775,HD 94834 b,Radial Velocity
4925,HD 94890 b,Radial Velocity
4932,HD 94890 c,Radial Velocity
2041,HD 95089 b,Radial Velocity
3760,HD 95089 c,Radial Velocity
3682,HD 95127 b,Radial Velocity
5080,HD 95338 b,Radial Velocity
6322,HD 95544 b,Radial Velocity
4371,HD 95735 c,Radial Velocity
1572,HD 95872 b,Radial Velocity
3764,HD 96063 b,Radial Velocity
5390,HD 96127 b,Radial Velocity
1871,HD 96167 b,Radial Velocity
1431,HD 96700 b,Radial Velocity
4210,HD 96700 c,Radial Velocity
4211,HD 96700 d,Radial Velocity
4004,HD 96992 b,Radial Velocity
1384,HD 97037 b,Radial Velocity
5392,HD 97658 b,Radial Velocity
629,HD 98219 b,Radial Velocity
6235,HD 98649 b,Radial Velocity
1639,HD 98736 b,Radial Velocity
1551,HD 99109 b,Radial Velocity
4306,HD 99283 b,Radial Velocity
4597,HD 99492 b,Radial Velocity
5398,HD 99706 b,Radial Velocity
5714,HIP 10090 b,Radial Velocity
669,HIP 10090 c,Radial Velocity
2304,HIP 105854 b,Radial Velocity
2068,HIP 107772 b,Radial Velocity
2816,HIP 107773 b,Radial Velocity
5469,HIP 109384 b,Radial Velocity
1820,HIP 109600 b,Radial Velocity
5647,HIP 113103 b,Transit
5655,HIP 113103 c,Transit
842,HIP 114933 b,Radial Velocity
4880,HIP 116454 b,Transit
5399,HIP 12961 b,Radial Velocity
76,HIP 14810 b,Radial Velocity
1855,HIP 14810 c,Radial Velocity
77,HIP 14810 d,Radial Velocity
4444,HIP 19976 b,Radial Velocity
4527,HIP 21152 b,Imaging
4320,HIP 34222 b,Radial Velocity
3890,HIP 35173 b,Radial Velocity
4446,HIP 35965 b,Radial Velocity
4047,HIP 38594 b,Radial Velocity
1337,HIP 38594 c,Radial Velocity
4657,HIP 39017 b,Imaging
1726,HIP 39330 b,Radial Velocity
335,HIP 41378 b,Transit
336,HIP 41378 c,Transit
337,HIP 41378 d,Transit
338,HIP 41378 e,Transit
339,HIP 41378 f,Transit
4052,HIP 4845 b,Radial Velocity
4053,HIP 48714 b,Radial Velocity
2163,HIP 5158 b,Radial Velocity
2185,HIP 5158 c,Radial Velocity
5874,HIP 54373 b,Radial Velocity
229,HIP 54373 c,Radial Velocity
5100,HIP 54515 b,Imaging
4586,HIP 54597 b,Radial Velocity
5567,HIP 55507 b,Radial Velocity
4464,HIP 56640 b,Radial Velocity
5409,HIP 57274 c,Radial Velocity
2289,HIP 57274 d,Radial Velocity
5898,HIP 5763 b,Radial Velocity
2253,HIP 63242 b,Radial Velocity
4028,HIP 65 A b,Transit
5481,HIP 65407 b,Radial Velocity
2761,HIP 65407 c,Radial Velocity
1610,HIP 65891 b,Radial Velocity
4694,HIP 66074 b,Astrometry
410,HIP 67522 b,Transit
543,HIP 67522 c,Transit
4440,HIP 67537 b,Radial Velocity
4922,HIP 67851 b,Radial Velocity
4923,HIP 67851 c,Radial Velocity
4576,HIP 70849 b,Radial Velocity
1146,HIP 71135 b,Radial Velocity
2784,HIP 74890 b,Radial Velocity
967,HIP 75092 b,Radial Velocity
105,HIP 79431 b,Radial Velocity
4785,HIP 8152 b,Transit
4784,HIP 8152 c,Transit
5497,HIP 8541 b,Radial Velocity
5196,HIP 8923 b,Radial Velocity
6270,HIP 90988 b,Radial Velocity
5468,HIP 91258 b,Radial Velocity
4357,HIP 94235 b,Transit
4453,HIP 948 b,Radial Velocity
489,HIP 9618 b,Transit
490,HIP 9618 c,Transit
4758,HIP 97166 b,Transit
4763,HIP 97166 c,Radial Velocity
4411,HIP 97233 b,Radial Velocity
1334,HIP 98599 b,Radial Velocity
5693,HIP 99770 b,Imaging
5712,HN Lib b,Radial Velocity
3911,HR 5183 b,Radial Velocity
3663,HR 810 b,Radial Velocity
1218,HR 858 b,Transit
4939,HR 858 c,Transit
1478,HR 858 d,Transit
1718,HR 8799 c,Imaging
2153,HR 8799 d,Imaging
5411,HR 8799 e,Imaging
4720,HS Psc b,Radial Velocity
6213,IC 4651 9122 b,Radial Velocity
4995,K2-10 b,Transit
4118,K2-100 b,Transit
4163,K2-101 b,Transit
4191,K2-104 b,Transit
5020,K2-105 b,Transit
15,K2-107 b,Transit
6091,K2-108 b,Transit
4609,K2-110 b,Transit
5169,K2-111 b,Transit
5163,K2-111 c,Radial Velocity
5498,K2-113 b,Transit
4842,K2-114 b,Transit
4849,K2-115 b,Transit
3634,K2-116 b,Transit
3786,K2-117 b,Transit
3781,K2-117 c,Transit
5541,K2-118 b,Transit
6108,K2-119 b,Transit
4625,K2-12 b,Transit
6116,K2-121 b,Transit
6145,K2-122 b,Transit
11,K2-123 b,Transit
3849,K2-124 b,Transit
3618,K2-125 b,Transit
5,K2-126 b,Transit
18,K2-127 b,Transit
3624,K2-128 b,Transit
5553,K2-129 b,Transit
5552,K2-130 b,Transit
1149,K2-131 b,Transit
3565,K2-132 b,Transit
568,K2-136 b,Transit
177,K2-136 c,Transit
1140,K2-136 d,Transit
4097,K2-137 b,Transit
5434,K2-138 b,Transit
4111,K2-138 c,Transit
4114,K2-138 d,Transit
4115,K2-138 e,Transit
4117,K2-138 f,Transit
946,K2-138 g,Transit
1614,K2-139 b,Transit
2835,K2-14 b,Transit
168,K2-140 b,Transit
362,K2-141 b,Transit
270,K2-141 c,Transit
6120,K2-146 b,Transit
5925,K2-146 c,Transit
1147,K2-147 b,Transit
5667,K2-157 c,Radial Velocity
4907,K2-157 d,Radial Velocity
4824,K2-167 b,Transit
2836,K2-17 b,Transit
321,K2-18 b,Transit
361,K2-18 c,Radial Velocity
4834,K2-180 b,Transit
6167,K2-181 b,Transit
4837,K2-182 b,Transit
5130,K2-19 b,Transit
1249,K2-19 c,Transit
5060,K2-19 d,Transit
4401,K2-199 b,Transit
937,K2-199 c,Transit
4871,K2-203 b,Transit
5284,K2-204 b,Transit
4877,K2-208 b,Transit
3609,K2-21 b,Transit
3611,K2-21 c,Transit
5290,K2-211 b,Transit
3769,K2-216 b,Transit
323,K2-22 b,Transit
5238,K2-222 b,Transit
4882,K2-225 b,Transit
5256,K2-226 b,Transit
5262,K2-229 b,Transit
21,K2-229 c,Transit
271,K2-232 b,Transit
5563,K2-233 b,Transit
4974,K2-233 c,Transit
4973,K2-233 d,Transit
4813,K2-237 b,Transit
3743,K2-238 b,Transit
2502,K2-24 b,Transit
1382,K2-24 c,Transit
4330,K2-25 b,Transit
987,K2-250 b,Transit
4812,K2-260 b,Transit
4817,K2-261 b,Transit
5227,K2-263 b,Transit
3887,K2-264 b,Transit
2110,K2-264 c,Transit
4825,K2-265 b,Transit
3751,K2-266 c,Transit
3757,K2-266 d,Transit
3756,K2-266 e,Transit
6351,K2-27 b,Transit
4850,K2-277 b,Transit
6346,K2-28 b,Transit
5235,K2-280 b,Transit
3782,K2-284 b,Transit
1496,K2-285 b,Transit
1591,K2-285 c,Transit
3868,K2-285 d,Transit
3867,K2-285 e,Transit
367,K2-287 b,Transit
2785,K2-29 b,Transit
797,K2-290 b,Transit
3830,K2-290 c,Transit
6268,K2-291 b,Transit
6278,K2-292 b,Transit
3819,K2-295 b,Transit
4652,K2-3 b,Transit
4574,K2-3 c,Transit
4573,K2-3 d,Transit
5525,K2-30 b,Transit
3613,K2-31 b,Transit
3787,K2-312 c,Radial Velocity
4085,K2-32 b,Transit
4092,K2-32 c,Transit
4093,K2-32 d,Transit
4086,K2-32 e,Transit
4818,K2-321 b,Transit
4019,K2-329 b,Transit
566,K2-33 b,Transit
333,K2-34 b,Transit
6359,K2-35 b,Transit
3629,K2-35 c,Transit
4604,K2-36 b,Transit
4605,K2-36 c,Transit
4809,K2-360 c,Radial Velocity
5195,K2-370 b,Transit
4517,K2-38 b,Transit
6275,K2-38 c,Transit
3796,K2-39 b,Transit
3610,K2-4 b,Transit
4756,K2-419 A b,Transit
2,K2-43 b,Transit
16,K2-45 b,Transit
4830,K2-54 b,Transit
5006,K2-55 b,Transit
4829,K2-57 b,Transit
3548,K2-60 b,Transit
1408,K2-66 b,Transit
4886,K2-7 b,Transit
1346,K2-72 b,Transit
3546,K2-72 c,Transit
3552,K2-72 d,Transit
3551,K2-72 e,Transit
4833,K2-77 b,Transit
5168,K2-79 b,Transit
3553,K2-81 b,Transit
6131,K2-83 b,Transit
3537,K2-83 c,Transit
9,K2-85 b,Transit
3444,K2-88 b,Transit
3451,K2-89 b,Transit
3843,K2-90 b,Transit
1198,K2-90 c,Transit
3452,K2-91 b,Transit
4156,K2-95 b,Transit
4836,K2-97 b,Transit
4841,K2-98 b,Transit
1810,K2-99 b,Transit
1488,K2-99 c,Radial Velocity
2167,KELT-1 b,Transit
353,KELT-11 b,Transit
5452,KELT-12 b,Transit
5507,KELT-14 b,Transit
3791,KELT-15 b,Transit
686,KELT-16 b,Transit
3626,KELT-18 b,Transit
3714,KELT-2 A b,Transit
360,KELT-20 b,Transit
3617,KELT-21 b,Transit
5861,KELT-23 A b,Transit
4827,KELT-24 b,Transit
5505,KELT-3 b,Transit
329,KELT-4 A b,Transit
3659,KELT-6 b,Transit
5767,KELT-6 c,Radial Velocity
320,KELT-7 b,Transit
322,KELT-8 b,Transit
354,KELT-9 b,Transit
2070,KIC 3526061 b,Radial Velocity
726,KIC 5437945 b,Transit
1319,KIC 9663113 b,Transit
958,KOBE-1 b,Radial Velocity
1788,KOBE-1 c,Radial Velocity
186,KOI-12 b,Transit
5456,KOI-1257 b,Transit
2772,KOI-13 b,Transit
2106,KOI-134 b,Transit
1986,KOI-134 c,Transit Timing Variations
5904,KOI-142 b,Transit
1051,KOI-142 c,Transit Timing Variations
1372,KOI-1599.01,Transit
1144,KOI-1599.02,Transit
4058,KOI-1783.01,Transit
4063,KOI-1783.02,Transit
4112,KOI-1831 d,Transit
1298,KOI-1833 d,Transit
1651,KOI-2513.01,Transit
1557,KOI-319 b,Transit
1552,KOI-3503 b,Transit
6053,KOI-3503 c,Transit
633,KOI-351 b,Transit
2267,KOI-351 c,Transit
5706,KOI-351 d,Transit
2266,KOI-351 e,Transit
2255,KOI-351 f,Transit
5023,KOI-351 g,Transit
1247,KOI-351 h,Transit
6118,KOI-3680 b,Transit
910,KOI-4777.01,Transit
6208,KOI-7368 b,Transit
1134,KOI-7913 b,Transit
557,KOI-94 b,Transit
563,KOI-94 c,Transit
512,KOI-94 d,Transit
564,KOI-94 e,Transit
131,KOI-984 b,Transit
4358,KOI-984 c,Transit Timing Variations
3657,KPS-1 b,Transit
2305,Kapteyn c,Radial Velocity
1792,Kepler-10 b,Transit
4898,Kepler-10 c,Transit
5699,Kepler-10 d,Radial Velocity
1537,Kepler-100 b,Transit
1232,Kepler-100 c,Transit
2718,Kepler-100 d,Transit
4682,Kepler-100 e,Radial Velocity
1332,Kepler-1000 b,Transit
6179,Kepler-1001 b,Transit
4017,Kepler-1001 c,Transit
3023,Kepler-1002 b,Transit
2967,Kepler-1003 b,Transit
2978,Kepler-1004 b,Transit
3030,Kepler-1005 b,Transit
3008,Kepler-1006 b,Transit
2984,Kepler-1007 b,Transit
772,Kepler-1008 b,Transit
3009,Kepler-1009 b,Transit
2666,Kepler-101 b,Transit
652,Kepler-101 c,Transit
1711,Kepler-1010 b,Transit
3018,Kepler-1011 b,Transit
5589,Kepler-1012 b,Transit
3049,Kepler-1013 b,Transit
5598,Kepler-1014 b,Transit
3029,Kepler-1015 b,Transit
228,Kepler-1016 b,Transit
3401,Kepler-1016 c,Transit
2970,Kepler-1017 b,Transit
2977,Kepler-1018 b,Transit
1621,Kepler-1019 b,Transit
1158,Kepler-102 b,Transit
4583,Kepler-102 c,Transit
5657,Kepler-102 d,Transit
5965,Kepler-102 e,Transit
5730,Kepler-102 f,Transit
1863,Kepler-1020 b,Transit
3003,Kepler-1021 b,Transit
6139,Kepler-1022 b,Transit
5677,Kepler-1023 b,Transit
955,Kepler-1024 b,Transit
3034,Kepler-1025 b,Transit
5616,Kepler-1026 b,Transit
3016,Kepler-1027 b,Transit
28,Kepler-1028 b,Transit
2988,Kepler-1029 b,Transit
215,Kepler-103 b,Transit
1053,Kepler-103 c,Transit
264,Kepler-1030 b,Transit
121,Kepler-1031 b,Transit
5664,Kepler-1032 b,Transit
2962,Kepler-1033 b,Transit
3039,Kepler-1034 b,Transit
3015,Kepler-1035 b,Transit
586,Kepler-1036 b,Transit
882,Kepler-1037 b,Transit
1981,Kepler-1038 b,Transit
1738,Kepler-1038 c,Transit
817,Kepler-1039 b,Transit
584,Kepler-104 b,Transit
5710,Kepler-104 c,Transit
5854,Kepler-104 d,Transit
2963,Kepler-1040 b,Transit
918,Kepler-1041 b,Transit
35,Kepler-1042 b,Transit
5645,Kepler-1043 b,Transit
5599,Kepler-1044 b,Transit
2972,Kepler-1045 b,Transit
6146,Kepler-1046 b,Transit
2991,Kepler-1047 b,Transit
3416,Kepler-1047 c,Transit
836,Kepler-1048 b,Transit
2956,Kepler-1049 b,Transit
4839,Kepler-105 b,Transit
4844,Kepler-105 c,Transit
6178,Kepler-1050 b,Transit
3242,Kepler-1050 c,Transit
2983,Kepler-1051 b,Transit
3011,Kepler-1052 b,Transit
1831,Kepler-1052 c,Transit
5656,Kepler-1053 b,Transit
2961,Kepler-1054 b,Transit
2968,Kepler-1055 b,Transit
1378,Kepler-1056 b,Transit
2994,Kepler-1057 b,Transit
218,Kepler-1058 b,Transit
2995,Kepler-1059 b,Transit
1746,Kepler-106 b,Transit
2699,Kepler-106 c,Transit
120,Kepler-106 d,Transit
678,Kepler-106 e,Transit
2966,Kepler-1060 b,Transit
803,Kepler-1061 b,Transit
1083,Kepler-1062 b,Transit
2047,Kepler-1063 b,Transit
2981,Kepler-1064 b,Transit
939,Kepler-1065 b,Transit
3433,Kepler-1065 c,Transit
1316,Kepler-1066 b,Transit
812,Kepler-1067 b,Transit
5813,Kepler-1067 c,Transit
3019,Kepler-1068 b,Transit
3038,Kepler-1069 b,Transit
4653,Kepler-107 b,Transit
4651,Kepler-107 c,Transit
4634,Kepler-107 d,Transit
6256,Kepler-107 e,Transit
6169,Kepler-1070 b,Transit
1602,Kepler-1071 b,Transit
2975,Kepler-1072 b,Transit
6194,Kepler-1073 b,Transit
3440,Kepler-1073 c,Transit
2111,Kepler-1073 d,Transit
593,Kepler-1074 b,Transit
752,Kepler-1075 b,Transit
3067,Kepler-1076 b,Transit
3068,Kepler-1077 b,Transit
3073,Kepler-1078 b,Transit
3074,Kepler-1079 b,Transit
2379,Kepler-108 b,Transit
2372,Kepler-108 c,Transit
1269,Kepler-1080 b,Transit
3077,Kepler-1081 b,Transit
1014,Kepler-1082 b,Transit
3082,Kepler-1083 b,Transit
5834,Kepler-1084 b,Transit
1486,Kepler-1085 b,Transit
5833,Kepler-1085 c,Transit
3088,Kepler-1086 b,Transit
3363,Kepler-1086 c,Transit
3087,Kepler-1087 b,Transit
3089,Kepler-1088 b,Transit
5729,Kepler-1089 b,Transit
4599,Kepler-109 b,Transit
651,Kepler-109 c,Transit
1671,Kepler-1090 b,Transit
4193,Kepler-1090 c,Transit
607,Kepler-1091 b,Transit
3096,Kepler-1092 b,Transit
3102,Kepler-1093 b,Transit
3385,Kepler-1093 c,Transit
3103,Kepler-1094 b,Transit
3110,Kepler-1095 b,Transit
1511,Kepler-1096 b,Transit
3109,Kepler-1097 b,Transit
3117,Kepler-1098 b,Transit
2097,Kepler-1099 b,Transit
2254,Kepler-11 b,Transit
2272,Kepler-11 c,Transit
1148,Kepler-11 d,Transit
2259,Kepler-11 e,Transit
5757,Kepler-11 f,Transit
2265,Kepler-11 g,Transit
34,Kepler-110 b,Transit
5718,Kepler-110 c,Transit
3116,Kepler-1100 b,Transit
30,Kepler-1101 b,Transit
683,Kepler-1102 b,Transit
3121,Kepler-1103 b,Transit
5802,Kepler-1104 b,Transit
43,Kepler-1105 b,Transit
3127,Kepler-1106 b,Transit
1687,Kepler-1107 b,Transit
5835,Kepler-1108 b,Transit
3133,Kepler-1109 b,Transit
2348,Kepler-111 b,Transit
4702,Kepler-111 c,Transit
3134,Kepler-1110 b,Transit
1612,Kepler-1111 b,Transit
2998,Kepler-1112 b,Transit
788,Kepler-1113 b,Transit
5819,Kepler-1114 b,Transit
725,Kepler-1115 b,Transit
1255,Kepler-1116 b,Transit
38,Kepler-1117 b,Transit
1200,Kepler-1118 b,Transit
6202,Kepler-1119 b,Transit
5297,Kepler-112 b,Transit
2466,Kepler-112 c,Transit
3012,Kepler-1120 b,Transit
619,Kepler-1121 b,Transit
963,Kepler-1122 b,Transit
3013,Kepler-1123 b,Transit
175,Kepler-1124 b,Transit
1759,Kepler-1125 b,Transit
223,Kepler-1126 b,Transit
3924,Kepler-1126 c,Transit
5212,Kepler-1127 b,Transit
3025,Kepler-1128 b,Transit
608,Kepler-1129 b,Transit
3410,Kepler-1129 c,Transit
2711,Kepler-113 b,Transit
6126,Kepler-113 c,Transit
3032,Kepler-1130 b,Transit
757,Kepler-1130 c,Transit
4232,Kepler-1130 d,Transit
3033,Kepler-1131 b,Transit
3037,Kepler-1132 b,Transit
6155,Kepler-1133 b,Transit
3045,Kepler-1134 b,Transit
3046,Kepler-1135 b,Transit
1640,Kepler-1136 b,Transit
2958,Kepler-1137 b,Transit
2964,Kepler-1138 b,Transit
2965,Kepler-1139 b,Transit
42,Kepler-114 b,Transit
2427,Kepler-114 c,Transit
5820,Kepler-114 d,Transit
977,Kepler-1140 b,Transit
6193,Kepler-1141 b,Transit
1367,Kepler-1142 b,Transit
909,Kepler-1143 b,Transit
637,Kepler-1143 c,Transit
6088,Kepler-1144 b,Transit
2986,Kepler-1145 b,Transit
1433,Kepler-1146 b,Transit
2987,Kepler-1147 b,Transit
2993,Kepler-1148 b,Transit
2992,Kepler-1149 b,Transit
754,Kepler-115 b,Transit
1295,Kepler-115 c,Transit
1108,Kepler-1150 b,Transit
2980,Kepler-1151 b,Transit
3144,Kepler-1152 b,Transit
1344,Kepler-1153 b,Transit
639,Kepler-1154 b,Transit
694,Kepler-1154 c,Transit
3101,Kepler-1155 b,Transit
3100,Kepler-1156 b,Transit
970,Kepler-1157 b,Transit
3108,Kepler-1158 b,Transit
572,Kepler-1159 b,Transit
1521,Kepler-116 b,Transit
2495,Kepler-116 c,Transit
3107,Kepler-1160 b,Transit
6161,Kepler-1161 b,Transit
6170,Kepler-1162 b,Transit
3970,Kepler-1162 c,Transit
3115,Kepler-1163 b,Transit
6181,Kepler-1164 b,Transit
3271,Kepler-1165 b,Transit
4165,Kepler-1165 c,Transit
3119,Kepler-1166 b,Transit
3120,Kepler-1167 b,Transit
3126,Kepler-1168 b,Transit
3125,Kepler-1169 b,Transit
2720,Kepler-117 b,Transit
2714,Kepler-117 c,Transit
6195,Kepler-1170 b,Transit
3131,Kepler-1171 b,Transit
3132,Kepler-1172 b,Transit
711,Kepler-1173 b,Transit
1008,Kepler-1174 b,Transit
1041,Kepler-1175 b,Transit
4,Kepler-1176 b,Transit
3142,Kepler-1177 b,Transit
631,Kepler-1178 b,Transit
3143,Kepler-1179 b,Transit
2462,Kepler-118 b,Transit
1416,Kepler-118 c,Transit
3054,Kepler-1180 b,Transit
3055,Kepler-1181 b,Transit
6163,Kepler-1181 c,Transit
3062,Kepler-1182 b,Transit
777,Kepler-1183 b,Transit
6162,Kepler-1184 b,Transit
6166,Kepler-1185 b,Transit
3145,Kepler-1186 b,Transit
1533,Kepler-1187 b,Transit
579,Kepler-1188 b,Transit
3056,Kepler-1189 b,Transit
5292,Kepler-119 b,Transit
2409,Kepler-119 c,Transit
760,Kepler-1190 b,Transit
589,Kepler-1191 b,Transit
5855,Kepler-1192 b,Transit
3069,Kepler-1193 b,Transit
3070,Kepler-1194 b,Transit
622,Kepler-1195 b,Transit
960,Kepler-1196 b,Transit
783,Kepler-1197 b,Transit
5749,Kepler-1198 b,Transit
3078,Kepler-1199 b,Transit
556,Kepler-12 b,Transit
1027,Kepler-120 b,Transit
2332,Kepler-120 c,Transit
653,Kepler-1200 b,Transit
728,Kepler-1201 b,Transit
3079,Kepler-1202 b,Transit
3083,Kepler-1203 b,Transit
3084,Kepler-1204 b,Transit
3091,Kepler-1205 b,Transit
3090,Kepler-1206 b,Transit
1491,Kepler-1207 b,Transit
1060,Kepler-1208 b,Transit
3097,Kepler-1209 b,Transit
923,Kepler-121 b,Transit
6240,Kepler-121 c,Transit
795,Kepler-1210 b,Transit
1446,Kepler-1211 b,Transit
5822,Kepler-1212 b,Transit
3104,Kepler-1213 b,Transit
5836,Kepler-1214 b,Transit
1374,Kepler-1215 b,Transit
3112,Kepler-1216 b,Transit
3111,Kepler-1217 b,Transit
1289,Kepler-1218 b,Transit
2038,Kepler-1219 b,Transit
2491,Kepler-122 b,Transit
2627,Kepler-122 c,Transit
4654,Kepler-122 d,Transit
1994,Kepler-122 e,Transit
2059,Kepler-122 f,Transit
1102,Kepler-1220 b,Transit
3122,Kepler-1221 b,Transit
1931,Kepler-1222 b,Transit
5731,Kepler-1223 b,Transit
1938,Kepler-1224 b,Transit
1429,Kepler-1225 b,Transit
3128,Kepler-1226 b,Transit
5739,Kepler-1227 b,Transit
1270,Kepler-1228 b,Transit
3135,Kepler-1229 b,Transit
5324,Kepler-123 b,Transit
5764,Kepler-123 c,Transit
3139,Kepler-1230 b,Transit
742,Kepler-1231 b,Transit
5775,Kepler-1232 b,Transit
3050,Kepler-1233 b,Transit
3051,Kepler-1234 b,Transit
3058,Kepler-1235 b,Transit
3057,Kepler-1236 b,Transit
3064,Kepler-1237 b,Transit
3071,Kepler-1238 b,Transit
1136,Kepler-1239 b,Transit
766,Kepler-124 b,Transit
2345,Kepler-124 c,Transit
2020,Kepler-124 d,Transit
1321,Kepler-1240 b,Transit
5826,Kepler-1241 b,Transit
3075,Kepler-1242 b,Transit
3076,Kepler-1243 b,Transit
5848,Kepler-1244 b,Transit
41,Kepler-1245 b,Transit
972,Kepler-1245 c,Transit
3085,Kepler-1246 b,Transit
862,Kepler-1247 b,Transit
5719,Kepler-1248 b,Transit
3092,Kepler-1249 b,Transit
2358,Kepler-125 b,Transit
5724,Kepler-125 c,Transit
3093,Kepler-1250 b,Transit
5760,Kepler-1251 b,Transit
3098,Kepler-1252 b,Transit
3099,Kepler-1253 b,Transit
1465,Kepler-1254 b,Transit
6014,Kepler-1254 c,Transit
1419,Kepler-1254 d,Transit
3105,Kepler-1255 b,Transit
3106,Kepler-1256 b,Transit
3113,Kepler-1257 b,Transit
1538,Kepler-1258 b,Transit
767,Kepler-1259 b,Transit
2524,Kepler-126 b,Transit
5727,Kepler-126 c,Transit
859,Kepler-126 d,Transit
3114,Kepler-1260 b,Transit
3118,Kepler-1261 b,Transit
1600,Kepler-1262 b,Transit
6,Kepler-1263 b,Transit
3124,Kepler-1264 b,Transit
1912,Kepler-1265 b,Transit
3129,Kepler-1266 b,Transit
4239,Kepler-1266 c,Transit
1493,Kepler-1267 b,Transit
3130,Kepler-1268 b,Transit
5720,Kepler-1269 b,Transit
2603,Kepler-127 b,Transit
5566,Kepler-127 c,Transit
2362,Kepler-127 d,Transit
3137,Kepler-1270 b,Transit
3140,Kepler-1271 b,Transit
5740,Kepler-1272 b,Transit
3141,Kepler-1273 b,Transit
934,Kepler-1274 b,Transit
610,Kepler-1275 b,Transit
3060,Kepler-1276 b,Transit
3061,Kepler-1277 b,Transit
5786,Kepler-1278 b,Transit
3065,Kepler-1279 b,Transit
582,Kepler-128 b,Transit
4744,Kepler-128 c,Transit
3066,Kepler-1280 b,Transit
581,Kepler-1281 b,Transit
3072,Kepler-1282 b,Transit
5828,Kepler-1283 b,Transit
3081,Kepler-1284 b,Transit
1047,Kepler-1285 b,Transit
1817,Kepler-1286 b,Transit
1236,Kepler-1287 b,Transit
1352,Kepler-1288 b,Transit
3086,Kepler-1289 b,Transit
1174,Kepler-129 b,Transit
4088,Kepler-129 c,Transit
1120,Kepler-129 d,Radial Velocity
1704,Kepler-1290 b,Transit
47,Kepler-1291 b,Transit
212,Kepler-1292 b,Transit
3094,Kepler-1293 b,Transit
5751,Kepler-1294 b,Transit
3193,Kepler-1295 b,Transit
3194,Kepler-1296 b,Transit
3200,Kepler-1297 b,Transit
1807,Kepler-1298 b,Transit
833,Kepler-1299 b,Transit
2410,Kepler-130 b,Transit
2302,Kepler-130 c,Transit
1482,Kepler-130 d,Transit
3206,Kepler-1300 b,Transit
1471,Kepler-1301 b,Transit
3215,Kepler-1302 b,Transit
227,Kepler-1303 b,Transit
3216,Kepler-1304 b,Transit
843,Kepler-1305 b,Transit
1589,Kepler-1306 b,Transit
3222,Kepler-1307 b,Transit
3230,Kepler-1308 b,Transit
3231,Kepler-1309 b,Transit
2724,Kepler-131 b,Transit
599,Kepler-131 c,Transit
3237,Kepler-1310 b,Transit
857,Kepler-1311 b,Transit
3181,Kepler-1311 c,Transit
1184,Kepler-1311 d,Transit
3238,Kepler-1312 b,Transit
4260,Kepler-1312 c,Transit
3244,Kepler-1313 b,Transit
5721,Kepler-1314 b,Transit
1165,Kepler-1315 b,Transit
1317,Kepler-1315 c,Transit
1185,Kepler-1316 b,Transit
3149,Kepler-1317 b,Transit
3150,Kepler-1318 b,Transit
5752,Kepler-1319 b,Transit
154,Kepler-132 b,Transit
2030,Kepler-132 c,Transit
2554,Kepler-132 d,Transit
3275,Kepler-132 e,Transit
3154,Kepler-1320 b,Transit
3155,Kepler-1321 b,Transit
3186,Kepler-1321 c,Transit
4266,Kepler-1321 d,Transit
3160,Kepler-1322 b,Transit
1445,Kepler-1322 c,Transit
1324,Kepler-1323 b,Transit
5788,Kepler-1324 b,Transit
988,Kepler-1325 b,Transit
1029,Kepler-1326 b,Transit
3164,Kepler-1327 b,Transit
3170,Kepler-1328 b,Transit
3171,Kepler-1329 b,Transit
2417,Kepler-133 b,Transit
2498,Kepler-133 c,Transit
3178,Kepler-1330 b,Transit
5830,Kepler-1331 b,Transit
3177,Kepler-1332 b,Transit
1251,Kepler-1333 b,Transit
260,Kepler-1334 b,Transit
3184,Kepler-1335 b,Transit
5851,Kepler-1336 b,Transit
791,Kepler-1336 c,Transit
3188,Kepler-1337 b,Transit
1093,Kepler-1338 b,Transit
3189,Kepler-1339 b,Transit
236,Kepler-134 b,Transit
2621,Kepler-134 c,Transit
724,Kepler-1340 b,Transit
3195,Kepler-1341 b,Transit
616,Kepler-1342 b,Transit
3201,Kepler-1343 b,Transit
3202,Kepler-1344 b,Transit
3209,Kepler-1345 b,Transit
1864,Kepler-1346 b,Transit
3208,Kepler-1347 b,Transit
3218,Kepler-1348 b,Transit
1584,Kepler-1349 b,Transit
2545,Kepler-135 b,Transit
824,Kepler-135 c,Transit
3217,Kepler-1350 b,Transit
3422,Kepler-1350 c,Transit
3223,Kepler-1351 b,Transit
3232,Kepler-1352 b,Transit
3233,Kepler-1353 b,Transit
3241,Kepler-1354 b,Transit
2105,Kepler-1355 b,Transit
3240,Kepler-1356 b,Transit
1076,Kepler-1357 b,Transit
829,Kepler-1358 b,Transit
3245,Kepler-1359 b,Transit
2537,Kepler-136 b,Transit
2534,Kepler-136 c,Transit
3246,Kepler-1360 b,Transit
1808,Kepler-1361 b,Transit
3151,Kepler-1362 b,Transit
1715,Kepler-1363 b,Transit
5217,Kepler-1364 b,Transit
220,Kepler-1365 b,Transit
1403,Kepler-1365 c,Transit
3156,Kepler-1366 b,Transit
5215,Kepler-1367 b,Transit
3165,Kepler-1368 b,Transit
5839,Kepler-1369 b,Transit
2519,Kepler-137 b,Transit
1970,Kepler-137 c,Transit
5840,Kepler-1370 b,Transit
3192,Kepler-1370 c,Transit
3173,Kepler-1371 b,Transit
5934,Kepler-1371 c,Transit
5859,Kepler-1372 b,Transit
3179,Kepler-1373 b,Transit
3180,Kepler-1374 b,Transit
1091,Kepler-1375 b,Transit
759,Kepler-1376 b,Transit
3190,Kepler-1377 b,Transit
3191,Kepler-1378 b,Transit
45,Kepler-1379 b,Transit
2107,Kepler-138 b,Transit
902,Kepler-138 c,Transit
5687,Kepler-138 d,Transit
2420,Kepler-138 e,Transit Timing Variations
3197,Kepler-1380 b,Transit
3204,Kepler-1381 b,Transit
262,Kepler-1382 b,Transit
3203,Kepler-1383 b,Transit
3211,Kepler-1384 b,Transit
3210,Kepler-1385 b,Transit
1427,Kepler-1386 b,Transit
3219,Kepler-1387 b,Transit
31,Kepler-1388 b,Transit
851,Kepler-1388 c,Transit
3377,Kepler-1388 d,Transit
856,Kepler-1388 e,Transit
3227,Kepler-1389 b,Transit
2473,Kepler-139 b,Transit
1659,Kepler-139 c,Transit
1329,Kepler-139 d,Transit
5684,Kepler-139 e,Radial Velocity
3225,Kepler-1390 b,Transit
3198,Kepler-1391 b,Transit
3199,Kepler-1392 b,Transit
3205,Kepler-1393 b,Transit
1460,Kepler-1394 b,Transit
5956,Kepler-1395 b,Transit
3214,Kepler-1396 b,Transit
3212,Kepler-1397 b,Transit
3213,Kepler-1398 b,Transit
3220,Kepler-1398 c,Transit
13,Kepler-1399 b,Transit
2195,Kepler-14 b,Transit
2489,Kepler-140 b,Transit
2622,Kepler-140 c,Transit
3221,Kepler-1400 b,Transit
3228,Kepler-1401 b,Transit
3229,Kepler-1402 b,Transit
3235,Kepler-1403 b,Transit
1487,Kepler-1404 b,Transit
3236,Kepler-1405 b,Transit
864,Kepler-1406 b,Transit
3243,Kepler-1407 b,Transit
5873,Kepler-1408 b,Transit
3417,Kepler-1409 b,Transit
2540,Kepler-141 b,Transit
2483,Kepler-141 c,Transit
5881,Kepler-1410 b,Transit
3147,Kepler-1411 b,Transit
1573,Kepler-1412 b,Transit
3148,Kepler-1413 b,Transit
1106,Kepler-1414 b,Transit
3153,Kepler-1415 b,Transit
7,Kepler-1416 b,Transit
3159,Kepler-1417 b,Transit
1892,Kepler-1418 b,Transit
5920,Kepler-1419 b,Transit
789,Kepler-142 b,Transit
1308,Kepler-142 c,Transit
2007,Kepler-142 d,Transit
1388,Kepler-1420 b,Transit
1350,Kepler-1421 b,Transit
3163,Kepler-1422 b,Transit
5940,Kepler-1423 b,Transit
1379,Kepler-1424 b,Transit
3421,Kepler-1425 b,Transit
242,Kepler-1426 b,Transit
3176,Kepler-1427 b,Transit
3182,Kepler-1428 b,Transit
3183,Kepler-1429 b,Transit
2638,Kepler-143 b,Transit
2486,Kepler-143 c,Transit
3168,Kepler-1430 b,Transit
3169,Kepler-1431 b,Transit
823,Kepler-1432 b,Transit
3187,Kepler-1433 b,Transit
6141,Kepler-1434 b,Transit
3296,Kepler-1435 b,Transit
1662,Kepler-1436 b,Transit
1230,Kepler-1437 b,Transit
3301,Kepler-1438 b,Transit
2087,Kepler-1439 b,Transit
1339,Kepler-144 b,Transit
600,Kepler-144 c,Transit
135,Kepler-1440 b,Transit
899,Kepler-1441 b,Transit
3295,Kepler-1442 b,Transit
3300,Kepler-1443 b,Transit
6103,Kepler-1444 b,Transit
3305,Kepler-1445 b,Transit
6114,Kepler-1446 b,Transit
1361,Kepler-1447 b,Transit
3311,Kepler-1448 b,Transit
3312,Kepler-1449 b,Transit
2428,Kepler-145 b,Transit
1338,Kepler-145 c,Transit
3317,Kepler-1450 b,Transit
3318,Kepler-1451 b,Transit
3323,Kepler-1452 b,Transit
6143,Kepler-1453 b,Transit
3427,Kepler-1454 b,Transit
6151,Kepler-1455 b,Transit
1302,Kepler-1456 b,Transit
3329,Kepler-1457 b,Transit
3330,Kepler-1458 b,Transit
828,Kepler-1459 b,Transit
5988,Kepler-146 b,Transit
2747,Kepler-146 c,Transit
1278,Kepler-1460 b,Transit
3336,Kepler-1461 b,Transit
1126,Kepler-1462 b,Transit
3248,Kepler-1463 b,Transit
1214,Kepler-1464 b,Transit
6183,Kepler-1464 c,Transit
3252,Kepler-1465 b,Transit
3253,Kepler-1466 b,Transit
1778,Kepler-1467 b,Transit
5996,Kepler-1468 b,Transit
3257,Kepler-1468 c,Transit
5989,Kepler-1468 d,Transit
3259,Kepler-1469 b,Transit
2553,Kepler-147 b,Transit
2599,Kepler-147 c,Transit
3267,Kepler-1470 b,Transit
3276,Kepler-1471 b,Transit
3913,Kepler-1471 c,Transit
3282,Kepler-1472 b,Transit
3281,Kepler-1473 b,Transit
3283,Kepler-1474 b,Transit
3268,Kepler-1475 b,Transit
3269,Kepler-1476 b,Transit
3290,Kepler-1477 b,Transit
3291,Kepler-1478 b,Transit
3390,Kepler-1479 b,Transit
2392,Kepler-148 b,Transit
2349,Kepler-148 c,Transit
3474,Kepler-148 d,Transit
3389,Kepler-1480 b,Transit
3391,Kepler-1481 b,Transit
2072,Kepler-1482 b,Transit
3398,Kepler-1483 b,Transit
3406,Kepler-1484 b,Transit
3405,Kepler-1485 b,Transit
3407,Kepler-1486 b,Transit
3413,Kepler-1487 b,Transit
1133,Kepler-1487 c,Transit
3419,Kepler-1488 b,Transit
4318,Kepler-1488 c,Transit
222,Kepler-1489 b,Transit
2574,Kepler-149 b,Transit
2628,Kepler-149 c,Transit
6286,Kepler-149 d,Transit
6152,Kepler-1490 b,Transit
3424,Kepler-1491 b,Transit
6054,Kepler-1491 c,Transit
3425,Kepler-1492 b,Transit
1968,Kepler-1493 b,Transit
3431,Kepler-1494 b,Transit
1242,Kepler-1495 b,Transit
1648,Kepler-1496 b,Transit
1565,Kepler-1497 b,Transit
6190,Kepler-1498 b,Transit
6189,Kepler-1499 b,Transit
2197,Kepler-15 b,Transit
6187,Kepler-150 b,Transit
6135,Kepler-150 c,Transit
2748,Kepler-150 d,Transit
2397,Kepler-150 e,Transit
3347,Kepler-1500 b,Transit
3346,Kepler-1501 b,Transit
6200,Kepler-1502 b,Transit
172,Kepler-1503 b,Transit
3354,Kepler-1504 b,Transit
3355,Kepler-1505 b,Transit
3362,Kepler-1506 b,Transit
3361,Kepler-1507 b,Transit
1721,Kepler-1508 b,Transit
1697,Kepler-1509 b,Transit
731,Kepler-151 b,Transit
2445,Kepler-151 c,Transit
3366,Kepler-1510 b,Transit
3367,Kepler-1511 b,Transit
3374,Kepler-1512 b,Transit
4699,Kepler-1513 b,Transit
6129,Kepler-1514 b,Transit
4062,Kepler-1514 c,Transit
1603,Kepler-1515 b,Transit
3415,Kepler-1516 b,Transit
5980,Kepler-1517 b,Transit
6158,Kepler-1518 b,Transit
647,Kepler-1518 c,Transit
873,Kepler-1519 b,Transit
5998,Kepler-152 b,Transit
2418,Kepler-152 c,Transit
3432,Kepler-1520 b,Transit
736,Kepler-1521 b,Transit
3348,Kepler-1522 b,Transit
1001,Kepler-1523 b,Transit
3356,Kepler-1524 b,Transit
6021,Kepler-1525 b,Transit
3368,Kepler-1526 b,Transit
1802,Kepler-1527 b,Transit
3375,Kepler-1528 b,Transit
3376,Kepler-1529 b,Transit
2716,Kepler-153 b,Transit
981,Kepler-153 c,Transit
3379,Kepler-1530 b,Transit
3380,Kepler-1530 c,Transit
4249,Kepler-1530 d,Transit
3384,Kepler-1531 b,Transit
3395,Kepler-1532 b,Transit
6065,Kepler-1533 b,Transit
3383,Kepler-1534 b,Transit
3402,Kepler-1535 b,Transit
2090,Kepler-1536 b,Transit
1476,Kepler-1537 b,Transit
3411,Kepler-1538 b,Transit
1097,Kepler-1539 b,Transit
1874,Kepler-154 b,Transit
6041,Kepler-154 c,Transit
3470,Kepler-154 d,Transit
6038,Kepler-154 e,Transit
3270,Kepler-154 f,Transit
1577,Kepler-1540 b,Transit
3337,Kepler-1541 b,Transit
6102,Kepler-1542 b,Transit
8,Kepler-1542 c,Transit
56,Kepler-1542 d,Transit
2108,Kepler-1542 e,Transit
3249,Kepler-1543 b,Transit
2284,Kepler-1544 b,Transit
956,Kepler-1545 b,Transit
3254,Kepler-1546 b,Transit
1534,Kepler-1547 b,Transit
3255,Kepler-1548 b,Transit
1175,Kepler-1549 b,Transit
1834,Kepler-155 b,Transit
5837,Kepler-155 c,Transit
3261,Kepler-1550 b,Transit
1006,Kepler-1551 b,Transit
3262,Kepler-1552 b,Transit
1473,Kepler-1553 b,Transit
3277,Kepler-1554 b,Transit
1024,Kepler-1555 b,Transit
3284,Kepler-1556 b,Transit
3293,Kepler-1557 b,Transit
3292,Kepler-1558 b,Transit
3297,Kepler-1559 b,Transit
244,Kepler-156 b,Transit
2614,Kepler-156 c,Transit
6171,Kepler-1560 b,Transit
3303,Kepler-1561 b,Transit
3302,Kepler-1562 b,Transit
3308,Kepler-1563 b,Transit
3307,Kepler-1564 b,Transit
3309,Kepler-1565 b,Transit
3313,Kepler-1566 b,Transit
3314,Kepler-1567 b,Transit
3321,Kepler-1568 b,Transit
1743,Kepler-1569 b,Transit
2423,Kepler-157 b,Transit
2593,Kepler-157 c,Transit
6196,Kepler-157 d,Transit
3325,Kepler-1570 b,Transit
3324,Kepler-1571 b,Transit
3326,Kepler-1572 b,Transit
132,Kepler-1573 b,Transit
1701,Kepler-1574 b,Transit
3334,Kepler-1575 b,Transit
3338,Kepler-1576 b,Transit
2057,Kepler-1577 b,Transit
3250,Kepler-1578 b,Transit
2109,Kepler-1579 b,Transit
1268,Kepler-158 b,Transit
6055,Kepler-158 c,Transit
181,Kepler-1580 b,Transit
176,Kepler-1581 b,Transit
3258,Kepler-1582 b,Transit
1841,Kepler-1583 b,Transit
3263,Kepler-1584 b,Transit
6112,Kepler-1585 b,Transit
1044,Kepler-1586 b,Transit
3272,Kepler-1587 b,Transit
6051,Kepler-1588 b,Transit
3279,Kepler-1589 b,Transit
2623,Kepler-159 b,Transit
2754,Kepler-159 c,Transit
6128,Kepler-1590 b,Transit
1915,Kepler-1591 b,Transit
3286,Kepler-1592 b,Transit
6142,Kepler-1593 b,Transit
6148,Kepler-1594 b,Transit
1550,Kepler-1595 b,Transit
3298,Kepler-1596 b,Transit
1664,Kepler-1597 b,Transit
3304,Kepler-1598 b,Transit
6164,Kepler-1599 b,Transit
2125,Kepler-16 b,Transit
219,Kepler-160 b,Transit
4011,Kepler-160 c,Transit
3496,Kepler-1600 b,Transit
4267,Kepler-1600 c,Transit
53,Kepler-1601 b,Transit
3310,Kepler-1602 b,Transit
3316,Kepler-1603 b,Transit
1814,Kepler-1604 b,Transit
2117,Kepler-1605 b,Transit
3322,Kepler-1606 b,Transit
3327,Kepler-1607 b,Transit
714,Kepler-1608 b,Transit
3328,Kepler-1609 b,Transit
2715,Kepler-161 b,Transit
5750,Kepler-161 c,Transit
971,Kepler-1610 b,Transit
3903,Kepler-1610 c,Transit
3247,Kepler-1611 b,Transit
2081,Kepler-1612 b,Transit
3256,Kepler-1613 b,Transit
1304,Kepler-1614 b,Transit
1469,Kepler-1615 b,Transit
6081,Kepler-1616 b,Transit
254,Kepler-1617 b,Transit
1762,Kepler-1618 b,Transit
3274,Kepler-1619 b,Transit
2424,Kepler-162 b,Transit
2727,Kepler-162 c,Transit
1959,Kepler-1620 b,Transit
6173,Kepler-1621 b,Transit
3288,Kepler-1622 b,Transit
3287,Kepler-1623 b,Transit
6106,Kepler-1624 b,Transit
3345,Kepler-1625 b,Transit
3351,Kepler-1626 b,Transit
3365,Kepler-1627 b,Transit
2054,Kepler-1628 b,Transit
3512,Kepler-1629 b,Transit
2467,Kepler-163 b,Transit
2103,Kepler-163 c,Transit
656,Kepler-1630 b,Transit
3382,Kepler-1631 b,Transit
3381,Kepler-1632 b,Transit
3387,Kepler-1633 b,Transit
949,Kepler-1634 b,Transit
3397,Kepler-1635 b,Transit
1492,Kepler-1636 b,Transit
1728,Kepler-1637 b,Transit
6119,Kepler-1638 b,Transit
1330,Kepler-1639 b,Transit
2629,Kepler-164 b,Transit
2704,Kepler-164 c,Transit
1632,Kepler-164 d,Transit
3917,Kepler-164 e,Transit
1798,Kepler-1640 b,Transit
5992,Kepler-1641 b,Transit
5991,Kepler-1641 c,Transit
1455,Kepler-1642 b,Transit
1380,Kepler-1642 c,Transit
1435,Kepler-1643 b,Transit
3360,Kepler-1644 b,Transit
6022,Kepler-1645 b,Transit
5219,Kepler-1646 b,Transit
782,Kepler-1647 b,Transit
6096,Kepler-1649 b,Transit
1411,Kepler-1649 c,Transit
2705,Kepler-165 b,Transit
5226,Kepler-165 c,Transit
3544,Kepler-1650 b,Transit
3549,Kepler-1651 b,Transit
3591,Kepler-1652 b,Transit
6134,Kepler-1653 b,Transit
5543,Kepler-1654 b,Transit
1063,Kepler-1655 b,Transit
5972,Kepler-1656 b,Transit
4377,Kepler-1656 c,Radial Velocity
2723,Kepler-166 b,Transit
2371,Kepler-166 c,Transit
5228,Kepler-166 d,Transit
1875,Kepler-1660 AB b,Eclipse Timing Variations
3926,Kepler-1661 b,Transit
6265,Kepler-1663 b,Transit
4016,Kepler-1664 b,Transit
1757,Kepler-1665 b,Transit
4035,Kepler-1666 b,Transit
908,Kepler-1666 c,Transit
4051,Kepler-1667 b,Transit
4059,Kepler-1668 b,Transit
1225,Kepler-1669 b,Transit
4164,Kepler-1669 c,Transit
5810,Kepler-1669 d,Transit
562,Kepler-167 b,Transit
510,Kepler-167 c,Transit
558,Kepler-167 d,Transit
508,Kepler-167 e,Transit
1900,Kepler-1670 b,Transit
1733,Kepler-1671 b,Transit
1461,Kepler-1672 b,Transit
1444,Kepler-1673 b,Transit
3981,Kepler-1674 b,Transit
3982,Kepler-1675 b,Transit
2013,Kepler-1676 b,Transit
1952,Kepler-1677 b,Transit
258,Kepler-1678 b,Transit
5783,Kepler-1679 b,Transit
6242,Kepler-168 b,Transit
1204,Kepler-168 c,Transit
1674,Kepler-1680 b,Transit
687,Kepler-1681 b,Transit
865,Kepler-1682 b,Transit
6133,Kepler-1683 b,Transit
197,Kepler-1684 b,Transit
3990,Kepler-1685 b,Transit
3991,Kepler-1686 b,Transit
3999,Kepler-1687 b,Transit
5806,Kepler-1688 b,Transit
4000,Kepler-1689 b,Transit
2635,Kepler-169 b,Transit
5849,Kepler-169 c,Transit
1210,Kepler-169 d,Transit
1751,Kepler-169 e,Transit
2636,Kepler-169 f,Transit
611,Kepler-1690 b,Transit
4007,Kepler-1691 b,Transit
4008,Kepler-1692 b,Transit
583,Kepler-1693 b,Transit
1963,Kepler-1693 c,Transit
4012,Kepler-1694 b,Transit
1129,Kepler-1695 b,Transit
979,Kepler-1696 b,Transit
191,Kepler-1697 b,Transit
1854,Kepler-1698 b,Transit
1740,Kepler-1699 b,Transit
6249,Kepler-17 b,Transit
1535,Kepler-170 b,Transit
2659,Kepler-170 c,Transit
4034,Kepler-1700 b,Transit
953,Kepler-1701 b,Transit
6172,Kepler-1702 b,Transit
6006,Kepler-1704 b,Transit
4275,Kepler-1705 b,Transit
1430,Kepler-1708 b,Transit
4224,Kepler-1709 b,Transit
6020,Kepler-171 b,Transit
2383,Kepler-171 c,Transit
2643,Kepler-171 d,Transit
6205,Kepler-1710 b,Transit
5981,Kepler-1711 b,Transit
4184,Kepler-1712 b,Transit
618,Kepler-1713 b,Transit
5829,Kepler-1714 b,Transit
1252,Kepler-1715 b,Transit
4155,Kepler-1716 b,Transit
4310,Kepler-1717 b,Transit
648,Kepler-1718 b,Transit
6013,Kepler-1719 b,Transit
1613,Kepler-172 b,Transit
723,Kepler-172 c,Transit
2474,Kepler-172 d,Transit
6089,Kepler-172 e,Transit
6360,Kepler-1720 b,Transit
4270,Kepler-1721 b,Transit
4237,Kepler-1722 b,Transit
4274,Kepler-1723 b,Transit
6347,Kepler-1724 b,Transit
1025,Kepler-1725 b,Transit
4273,Kepler-1726 b,Transit
4247,Kepler-1727 b,Transit
4262,Kepler-1728 b,Transit
4264,Kepler-1729 b,Transit
2481,Kepler-173 b,Transit
2590,Kepler-173 c,Transit
4269,Kepler-1730 b,Transit
4176,Kepler-1731 b,Transit
5245,Kepler-1732 b,Transit
1375,Kepler-1733 b,Transit
1424,Kepler-1734 b,Transit
755,Kepler-1735 b,Transit
5285,Kepler-1736 b,Transit
117,Kepler-1737 b,Transit
4227,Kepler-1738 b,Transit
4228,Kepler-1739 b,Transit
2732,Kepler-174 b,Transit
5994,Kepler-174 c,Transit
866,Kepler-174 d,Transit
993,Kepler-1740 b,Transit
4151,Kepler-1741 b,Transit
4149,Kepler-1742 b,Transit
4150,Kepler-1743 b,Transit
1686,Kepler-1744 b,Transit
4158,Kepler-1745 b,Transit
4157,Kepler-1746 b,Transit
6232,Kepler-1747 b,Transit
1502,Kepler-1748 b,Transit
4145,Kepler-1749 b,Transit
6130,Kepler-175 b,Transit
2482,Kepler-175 c,Transit
1449,Kepler-1750 b,Transit
811,Kepler-1751 b,Transit
5872,Kepler-1752 b,Transit
3,Kepler-1753 b,Transit
5590,Kepler-1754 b,Transit
904,Kepler-1755 b,Transit
6343,Kepler-1756 b,Transit
4170,Kepler-1757 b,Transit
4171,Kepler-1758 b,Transit
1373,Kepler-1759 b,Transit
6250,Kepler-176 b,Transit
2733,Kepler-176 c,Transit
994,Kepler-176 d,Transit
1881,Kepler-176 e,Transit
4196,Kepler-1760 b,Transit
1655,Kepler-1761 b,Transit
4177,Kepler-1762 b,Transit
4185,Kepler-1763 b,Transit
4186,Kepler-1764 b,Transit
1109,Kepler-1765 b,Transit
798,Kepler-1766 b,Transit
5210,Kepler-1767 b,Transit
5643,Kepler-1768 b,Transit
4213,Kepler-1769 b,Transit
4056,Kepler-177 b,Transit
6067,Kepler-177 c,Transit
1872,Kepler-1770 b,Transit
4136,Kepler-1771 b,Transit
5694,Kepler-1772 b,Transit
1719,Kepler-1773 b,Transit
957,Kepler-1774 b,Transit
4200,Kepler-1775 b,Transit
4223,Kepler-1776 b,Transit
4197,Kepler-1777 b,Transit
4214,Kepler-1778 b,Transit
5688,Kepler-1779 b,Transit
1813,Kepler-178 b,Transit
2398,Kepler-178 c,Transit
2435,Kepler-178 d,Transit
643,Kepler-1780 b,Transit
173,Kepler-1781 b,Transit
4219,Kepler-1782 b,Transit
625,Kepler-1783 b,Transit
4220,Kepler-1784 b,Transit
1481,Kepler-1785 b,Transit
4137,Kepler-1786 b,Transit
6101,Kepler-1787 b,Transit
4180,Kepler-1788 b,Transit
39,Kepler-1789 b,Transit
2350,Kepler-179 b,Transit
6097,Kepler-179 c,Transit
4187,Kepler-1790 b,Transit
4188,Kepler-1791 b,Transit
4192,Kepler-1792 b,Transit
5213,Kepler-1793 b,Transit
1618,Kepler-1794 b,Transit
1495,Kepler-1795 b,Transit
5846,Kepler-1796 b,Transit
4201,Kepler-1797 b,Transit
4202,Kepler-1798 b,Transit
1902,Kepler-1799 b,Transit
2133,Kepler-18 b,Transit
2132,Kepler-18 c,Transit
2142,Kepler-18 d,Transit
1580,Kepler-180 b,Transit
2728,Kepler-180 c,Transit
1177,Kepler-1800 b,Transit
4141,Kepler-1801 b,Transit
3931,Kepler-1801 c,Transit
1228,Kepler-1802 b,Transit
4233,Kepler-1802 c,Transit
578,Kepler-1804 b,Transit
1362,Kepler-1805 b,Transit
834,Kepler-1806 b,Transit
1077,Kepler-1807 b,Transit
2039,Kepler-1808 b,Transit
1604,Kepler-1809 b,Transit
6274,Kepler-181 b,Transit
1867,Kepler-181 c,Transit
4152,Kepler-1810 b,Transit
6123,Kepler-1811 b,Transit
4153,Kepler-1812 b,Transit
4160,Kepler-1813 b,Transit
4159,Kepler-1814 b,Transit
6050,Kepler-1814 c,Transit
4161,Kepler-1815 b,Transit
4166,Kepler-1816 b,Transit
4173,Kepler-1817 b,Transit
644,Kepler-1818 b,Transit
4172,Kepler-1819 b,Transit
5805,Kepler-182 b,Transit
2729,Kepler-182 c,Transit
4178,Kepler-1820 b,Transit
4179,Kepler-1821 b,Transit
4208,Kepler-1822 b,Transit
4209,Kepler-1823 b,Transit
4215,Kepler-1824 b,Transit
592,Kepler-1825 b,Transit
964,Kepler-1826 b,Transit
667,Kepler-1827 b,Transit
4221,Kepler-1828 b,Transit
4222,Kepler-1829 b,Transit
2436,Kepler-183 b,Transit
2600,Kepler-183 c,Transit
5804,Kepler-1830 b,Transit
40,Kepler-1831 b,Transit
1220,Kepler-1832 b,Transit
4225,Kepler-1833 b,Transit
4138,Kepler-1834 b,Transit
3940,Kepler-1834 c,Transit
954,Kepler-1835 b,Transit
659,Kepler-1836 b,Transit
1559,Kepler-1837 b,Transit
4142,Kepler-1838 b,Transit
4143,Kepler-1839 b,Transit
1685,Kepler-184 b,Transit
2670,Kepler-184 c,Transit
976,Kepler-184 d,Transit
809,Kepler-1840 b,Transit
4146,Kepler-1841 b,Transit
4147,Kepler-1842 b,Transit
5761,Kepler-1843 b,Transit
5785,Kepler-1844 b,Transit
4154,Kepler-1845 b,Transit
1897,Kepler-1846 b,Transit
4167,Kepler-1847 b,Transit
1852,Kepler-1848 b,Transit
585,Kepler-1849 b,Transit
5827,Kepler-185 b,Transit
1066,Kepler-185 c,Transit
1272,Kepler-1850 b,Transit
5857,Kepler-1851 b,Transit
959,Kepler-1852 b,Transit
5732,Kepler-1853 b,Transit
1116,Kepler-1854 b,Transit
1713,Kepler-1855 b,Transit
4162,Kepler-1856 b,Transit
5762,Kepler-1857 b,Transit
5776,Kepler-1858 b,Transit
4181,Kepler-1859 b,Transit
727,Kepler-1859 c,Transit
1950,Kepler-186 b,Transit
2245,Kepler-186 c,Transit
2251,Kepler-186 d,Transit
2244,Kepler-186 e,Transit
2751,Kepler-186 f,Transit
4182,Kepler-1860 b,Transit
4283,Kepler-1861 b,Transit
1474,Kepler-1862 b,Transit
4284,Kepler-1863 b,Transit
5787,Kepler-1864 b,Transit
4287,Kepler-1865 b,Transit
4288,Kepler-1866 b,Transit
4294,Kepler-1867 b,Transit
4295,Kepler-1868 b,Transit
4259,Kepler-1869 b,Transit
1857,Kepler-1869 c,Transit
44,Kepler-187 b,Transit
2739,Kepler-187 c,Transit
5722,Kepler-1870 b,Transit
4299,Kepler-1871 b,Transit
4300,Kepler-1872 b,Transit
4307,Kepler-1873 b,Transit
4308,Kepler-1874 b,Transit
1454,Kepler-1875 b,Transit
1844,Kepler-1876 b,Transit
5780,Kepler-1877 b,Transit
1360,Kepler-1878 b,Transit
4322,Kepler-1879 b,Transit
2532,Kepler-188 b,Transit
6073,Kepler-188 c,Transit
1238,Kepler-1880 b,Transit
4321,Kepler-1881 b,Transit
130,Kepler-1882 b,Transit
4327,Kepler-1883 b,Transit
5770,Kepler-1884 b,Transit
1253,Kepler-1885 b,Transit
672,Kepler-1886 b,Transit
4271,Kepler-1887 b,Transit
5948,Kepler-1888 b,Transit
745,Kepler-1889 b,Transit
2513,Kepler-189 b,Transit
1562,Kepler-189 c,Transit
4277,Kepler-1890 b,Transit
1290,Kepler-1891 b,Transit
4278,Kepler-1892 b,Transit
52,Kepler-1893 b,Transit
50,Kepler-1894 b,Transit
5895,Kepler-1894 c,Transit
4285,Kepler-1895 b,Transit
4290,Kepler-1896 b,Transit
4289,Kepler-1897 b,Transit
933,Kepler-1898 b,Transit
4258,Kepler-1899 b,Transit
682,Kepler-19 b,Transit
5495,Kepler-19 c,Transit Timing Variations
912,Kepler-190 b,Transit
5763,Kepler-190 c,Transit
5216,Kepler-1900 b,Transit
5949,Kepler-1901 b,Transit
1137,Kepler-1902 b,Transit
4296,Kepler-1903 b,Transit
804,Kepler-1904 b,Transit
5957,Kepler-1905 b,Transit
4301,Kepler-1906 b,Transit
4302,Kepler-1907 b,Transit
6147,Kepler-1907 c,Transit
4309,Kepler-1909 b,Transit
2649,Kepler-191 b,Transit
2514,Kepler-191 c,Transit
1211,Kepler-191 d,Transit
1062,Kepler-1910 b,Transit
4286,Kepler-1911 b,Transit
1168,Kepler-1912 b,Transit
4303,Kepler-1913 b,Transit
224,Kepler-1914 b,Transit
1423,Kepler-1915 b,Transit
251,Kepler-1916 b,Transit
4311,Kepler-1917 b,Transit
4312,Kepler-1918 b,Transit
4317,Kepler-1919 b,Transit
2663,Kepler-192 b,Transit
2685,Kepler-192 c,Transit
1104,Kepler-192 d,Transit
846,Kepler-1920 b,Transit
4325,Kepler-1921 b,Transit
1428,Kepler-1921 c,Transit
54,Kepler-1922 b,Transit
1059,Kepler-1923 b,Transit
4229,Kepler-1924 b,Transit
4230,Kepler-1925 b,Transit
4263,Kepler-1926 b,Transit
4236,Kepler-1927 b,Transit
6206,Kepler-1928 b,Transit
4244,Kepler-1929 b,Transit
2683,Kepler-193 b,Transit
2329,Kepler-193 c,Transit
2086,Kepler-1930 b,Transit
4248,Kepler-1931 b,Transit
4250,Kepler-1932 b,Transit
916,Kepler-1933 b,Transit
4323,Kepler-1934 b,Transit
4324,Kepler-1935 b,Transit
1468,Kepler-1936 b,Transit
1152,Kepler-1937 b,Transit
4328,Kepler-1938 b,Transit
785,Kepler-1939 b,Transit
1567,Kepler-194 b,Transit
1377,Kepler-194 c,Transit
1356,Kepler-194 d,Transit
2079,Kepler-1940 b,Transit
1183,Kepler-1941 b,Transit
4234,Kepler-1942 b,Transit
4235,Kepler-1943 b,Transit
4241,Kepler-1944 b,Transit
4242,Kepler-1945 b,Transit
4243,Kepler-1946 b,Transit
665,Kepler-1947 b,Transit
709,Kepler-1948 b,Transit
6032,Kepler-1949 b,Transit
6345,Kepler-195 b,Transit
6003,Kepler-195 c,Transit
4257,Kepler-1950 b,Transit
841,Kepler-1951 b,Transit
4261,Kepler-1952 b,Transit
6156,Kepler-1953 b,Transit
4268,Kepler-1954 b,Transit
196,Kepler-1955 b,Transit
1038,Kepler-1956 b,Transit
1341,Kepler-1957 b,Transit
4272,Kepler-1958 b,Transit
4279,Kepler-1959 b,Transit
1114,Kepler-196 b,Transit
2665,Kepler-196 c,Transit
4256,Kepler-196 d,Transit
4280,Kepler-1960 b,Transit
6113,Kepler-1961 b,Transit
893,Kepler-1962 b,Transit
5979,Kepler-1963 b,Transit
139,Kepler-1964 b,Transit
929,Kepler-1965 b,Transit
1264,Kepler-1966 b,Transit
4291,Kepler-1967 b,Transit
4298,Kepler-1968 b,Transit
4297,Kepler-1969 b,Transit
5241,Kepler-197 b,Transit
620,Kepler-197 c,Transit
2356,Kepler-197 d,Transit
2650,Kepler-197 e,Transit
4265,Kepler-1972 b,Transit
6175,Kepler-1972 c,Transit
1629,Kepler-1977 b,Transit
658,Kepler-1978 b,Transit
2587,Kepler-198 b,Transit
1173,Kepler-198 c,Transit
182,Kepler-198 d,Transit
1803,Kepler-1980 b,Transit
1011,Kepler-1981 b,Transit
3973,Kepler-1982 b,Transit
3962,Kepler-1983 b,Transit
3919,Kepler-1984 b,Transit
3929,Kepler-1985 b,Transit
1560,Kepler-1986 b,Transit
3930,Kepler-1987 b,Transit
3928,Kepler-1987 c,Transit
597,Kepler-1987 d,Transit
5803,Kepler-1987 e,Transit
3907,Kepler-1988 b,Transit
6144,Kepler-1989 b,Transit
6188,Kepler-199 b,Transit
1779,Kepler-199 c,Transit
1729,Kepler-1990 b,Transit
3966,Kepler-1990 c,Transit
3912,Kepler-1991 b,Transit
858,Kepler-1991 c,Transit
235,Kepler-1992 b,Transit
6037,Kepler-1993 b,Transit
3918,Kepler-1994 b,Transit
5738,Kepler-1995 b,Transit
2067,Kepler-1996 b,Transit
3906,Kepler-1996 c,Transit
6104,Kepler-1997 b,Transit
3916,Kepler-1998 b,Transit
6207,Kepler-1999 b,Transit
948,Kepler-20 b,Transit
4526,Kepler-20 c,Transit
1391,Kepler-20 d,Transit
5707,Kepler-20 e,Transit
4579,Kepler-20 f,Transit
3582,Kepler-20 g,Radial Velocity
2651,Kepler-200 b,Transit
2555,Kepler-200 c,Transit
3976,Kepler-2000 b,Transit
3955,Kepler-2000 c,Transit
861,Kepler-2001 b,Transit
2022,Kepler-2001 c,Transit
2652,Kepler-201 b,Transit
5741,Kepler-201 c,Transit
2558,Kepler-202 b,Transit
2755,Kepler-202 c,Transit
5997,Kepler-203 b,Transit
59,Kepler-203 c,Transit
605,Kepler-203 d,Transit
2569,Kepler-204 b,Transit
5777,Kepler-204 c,Transit
2576,Kepler-205 b,Transit
2660,Kepler-205 c,Transit
1832,Kepler-206 b,Transit
2589,Kepler-206 c,Transit
2539,Kepler-206 d,Transit
2330,Kepler-207 b,Transit
2405,Kepler-207 c,Transit
733,Kepler-207 d,Transit
1432,Kepler-208 b,Transit
5815,Kepler-208 c,Transit
6019,Kepler-208 d,Transit
1235,Kepler-208 e,Transit
2602,Kepler-209 b,Transit
2608,Kepler-209 c,Transit
4619,Kepler-21 b,Transit
5974,Kepler-210 b,Transit
1005,Kepler-210 c,Transit
2448,Kepler-211 b,Transit
58,Kepler-211 c,Transit
5858,Kepler-212 b,Transit
1265,Kepler-212 c,Transit
2753,Kepler-213 b,Transit
2447,Kepler-213 c,Transit
2337,Kepler-214 b,Transit
2658,Kepler-214 c,Transit
2684,Kepler-215 b,Transit
5742,Kepler-215 c,Transit
1436,Kepler-215 d,Transit
2556,Kepler-215 e,Transit
5242,Kepler-216 b,Transit
2669,Kepler-216 c,Transit
2675,Kepler-217 b,Transit
2563,Kepler-217 c,Transit
3331,Kepler-217 d,Transit
1706,Kepler-218 b,Transit
158,Kepler-218 c,Transit
1150,Kepler-218 d,Transit
1342,Kepler-219 b,Transit
2338,Kepler-219 c,Transit
6099,Kepler-219 d,Transit
5737,Kepler-22 b,Transit
6036,Kepler-220 b,Transit
6356,Kepler-220 c,Transit
6031,Kepler-220 d,Transit
2564,Kepler-220 e,Transit
5791,Kepler-221 b,Transit
2691,Kepler-221 c,Transit
2456,Kepler-221 d,Transit
5779,Kepler-221 e,Transit
2692,Kepler-222 b,Transit
2363,Kepler-222 c,Transit
5225,Kepler-222 d,Transit
3460,Kepler-223 b,Transit
3458,Kepler-223 c,Transit
3466,Kepler-223 d,Transit
5211,Kepler-223 e,Transit
2406,Kepler-224 b,Transit
2697,Kepler-224 c,Transit
2344,Kepler-224 d,Transit
1899,Kepler-224 e,Transit
2084,Kepler-225 b,Transit
1579,Kepler-225 c,Transit
2353,Kepler-226 b,Transit
2709,Kepler-226 c,Transit
5790,Kepler-226 d,Transit
2710,Kepler-227 b,Transit
6210,Kepler-227 c,Transit
2412,Kepler-228 b,Transit
1694,Kepler-228 c,Transit
6357,Kepler-228 d,Transit
5237,Kepler-229 b,Transit
2717,Kepler-229 c,Transit
2609,Kepler-229 d,Transit
1680,Kepler-23 b,Transit
6186,Kepler-23 c,Transit
4733,Kepler-23 d,Transit
2722,Kepler-230 b,Transit
606,Kepler-230 c,Transit
2470,Kepler-231 b,Transit
6132,Kepler-231 c,Transit
1256,Kepler-232 b,Transit
729,Kepler-232 c,Transit
2740,Kepler-233 b,Transit
2642,Kepler-233 c,Transit
2582,Kepler-234 b,Transit
2741,Kepler-234 c,Transit
628,Kepler-235 b,Transit
2476,Kepler-235 c,Transit
1383,Kepler-235 d,Transit
2411,Kepler-235 e,Transit
5723,Kepler-236 b,Transit
793,Kepler-236 c,Transit
2475,Kepler-237 b,Transit
2610,Kepler-237 c,Transit
2384,Kepler-238 b,Transit
737,Kepler-238 c,Transit
2361,Kepler-238 d,Transit
2333,Kepler-238 e,Transit
1702,Kepler-238 f,Transit
6136,Kepler-239 b,Transit
2484,Kepler-239 c,Transit
1453,Kepler-24 b,Transit
4804,Kepler-24 c,Transit
2562,Kepler-24 d,Transit
2655,Kepler-24 e,Transit
1336,Kepler-240 b,Transit
6174,Kepler-240 c,Transit
6105,Kepler-241 b,Transit
2368,Kepler-241 c,Transit
209,Kepler-242 b,Transit
2367,Kepler-242 c,Transit
2596,Kepler-243 b,Transit
2492,Kepler-243 c,Transit
2601,Kepler-244 b,Transit
2021,Kepler-244 c,Transit
2098,Kepler-244 d,Transit
598,Kepler-245 b,Transit
5792,Kepler-245 c,Transit
6075,Kepler-245 d,Transit
5843,Kepler-245 e,Transit
2708,Kepler-246 b,Transit
2499,Kepler-246 c,Transit
1506,Kepler-247 b,Transit
1088,Kepler-247 c,Transit
2216,Kepler-247 d,Transit
2004,Kepler-248 b,Transit
6044,Kepler-248 c,Transit
1922,Kepler-249 b,Transit
2726,Kepler-249 c,Transit
2425,Kepler-249 d,Transit
3856,Kepler-25 b,Transit
3851,Kepler-25 c,Transit
5496,Kepler-25 d,Radial Velocity
2591,Kepler-250 b,Transit
1982,Kepler-250 c,Transit
1806,Kepler-250 d,Transit
6159,Kepler-251 b,Transit
2746,Kepler-251 c,Transit
689,Kepler-251 d,Transit
2500,Kepler-251 e,Transit
5841,Kepler-252 b,Transit
2752,Kepler-252 c,Transit
6201,Kepler-253 b,Transit
2657,Kepler-253 c,Transit
2677,Kepler-253 d,Transit
2664,Kepler-254 b,Transit
2375,Kepler-254 c,Transit
2426,Kepler-254 d,Transit
2508,Kepler-255 b,Transit
878,Kepler-255 c,Transit
2946,Kepler-255 d,Transit
1079,Kepler-256 b,Transit
2668,Kepler-256 c,Transit
1197,Kepler-256 d,Transit
2607,Kepler-256 e,Transit
1681,Kepler-257 b,Transit
1099,Kepler-257 c,Transit
2364,Kepler-257 d,Transit
210,Kepler-258 b,Transit
2515,Kepler-258 c,Transit
2682,Kepler-259 b,Transit
5223,Kepler-259 c,Transit
2839,Kepler-26 b,Transit
2844,Kepler-26 c,Transit
6211,Kepler-26 d,Transit
2507,Kepler-26 e,Transit
5275,Kepler-260 b,Transit
1277,Kepler-260 c,Transit
5249,Kepler-261 b,Transit
2520,Kepler-261 c,Transit
2647,Kepler-262 b,Transit
5291,Kepler-262 c,Transit
2387,Kepler-263 b,Transit
2648,Kepler-263 c,Transit
2380,Kepler-264 b,Transit
1217,Kepler-264 c,Transit
2521,Kepler-265 b,Transit
2407,Kepler-265 c,Transit
5716,Kepler-265 d,Transit
2654,Kepler-265 e,Transit
892,Kepler-266 b,Transit
854,Kepler-266 c,Transit
2401,Kepler-267 b,Transit
5743,Kepler-267 c,Transit
5798,Kepler-267 d,Transit
2388,Kepler-268 b,Transit
2376,Kepler-268 c,Transit
2408,Kepler-269 b,Transit
1009,Kepler-269 c,Transit
2128,Kepler-27 b,Transit
2126,Kepler-27 c,Transit
1112,Kepler-27 d,Transit
6326,Kepler-270 b,Transit
2561,Kepler-270 c,Transit
6281,Kepler-271 b,Transit
5903,Kepler-271 c,Transit
1793,Kepler-271 d,Transit
2478,Kepler-272 b,Transit
5356,Kepler-272 c,Transit
2538,Kepler-272 d,Transit
2402,Kepler-273 b,Transit
6266,Kepler-273 c,Transit
743,Kepler-274 b,Transit
2616,Kepler-274 c,Transit
6239,Kepler-275 b,Transit
2336,Kepler-275 c,Transit
5753,Kepler-275 d,Transit
2374,Kepler-276 b,Transit
2065,Kepler-276 c,Transit
5758,Kepler-276 d,Transit
2208,Kepler-277 b,Transit
2414,Kepler-277 c,Transit
1417,Kepler-278 b,Transit
696,Kepler-278 c,Transit
2381,Kepler-279 b,Transit
673,Kepler-279 c,Transit
5747,Kepler-279 d,Transit
6117,Kepler-279 e,Transit
6061,Kepler-28 b,Transit
1887,Kepler-28 c,Transit
2335,Kepler-280 b,Transit
2496,Kepler-280 c,Transit
2503,Kepler-281 b,Transit
2440,Kepler-281 c,Transit
4253,Kepler-281 d,Transit
1781,Kepler-282 b,Transit
2567,Kepler-282 c,Transit
5437,Kepler-282 d,Transit
1667,Kepler-282 e,Transit
5439,Kepler-283 b,Transit
5766,Kepler-283 c,Transit
2439,Kepler-284 b,Transit
6295,Kepler-284 c,Transit
2434,Kepler-285 b,Transit
5774,Kepler-285 c,Transit
5424,Kepler-286 b,Transit
2382,Kepler-286 c,Transit
2431,Kepler-286 d,Transit
2568,Kepler-286 e,Transit
2389,Kepler-287 b,Transit
2433,Kepler-287 c,Transit
2504,Kepler-288 b,Transit
2430,Kepler-288 c,Transit
2573,Kepler-288 d,Transit
4826,Kepler-289 b,Transit
4823,Kepler-289 c,Transit
4949,Kepler-289 e,Transit
3980,Kepler-29 b,Transit
4049,Kepler-29 c,Transit
2390,Kepler-290 b,Transit
2351,Kepler-290 c,Transit
3948,Kepler-290 d,Transit
2343,Kepler-291 b,Transit
2511,Kepler-291 c,Transit
1858,Kepler-292 b,Transit
2625,Kepler-292 c,Transit
2395,Kepler-292 d,Transit
1873,Kepler-292 e,Transit
5955,Kepler-292 f,Transit
2342,Kepler-293 b,Transit
2512,Kepler-293 c,Transit
6317,Kepler-294 b,Transit
6219,Kepler-294 c,Transit
2429,Kepler-295 b,Transit
1226,Kepler-295 c,Transit
2580,Kepler-295 d,Transit
1716,Kepler-296 b,Transit
5888,Kepler-296 c,Transit
2849,Kepler-296 d,Transit
2855,Kepler-296 e,Transit
719,Kepler-296 f,Transit
1138,Kepler-297 b,Transit
2396,Kepler-297 c,Transit
2422,Kepler-298 b,Transit
2517,Kepler-298 c,Transit
5844,Kepler-298 d,Transit
2639,Kepler-299 b,Transit
2421,Kepler-299 c,Transit
5814,Kepler-299 d,Transit
5800,Kepler-299 e,Transit
1046,Kepler-30 b,Transit
2224,Kepler-30 c,Transit
6025,Kepler-30 d,Transit
2518,Kepler-300 b,Transit
2416,Kepler-300 c,Transit
2415,Kepler-301 b,Transit
2640,Kepler-301 c,Transit
5853,Kepler-301 d,Transit
2001,Kepler-302 b,Transit
5902,Kepler-303 b,Transit
5821,Kepler-303 c,Transit
6342,Kepler-304 b,Transit
46,Kepler-304 c,Transit
5725,Kepler-304 d,Transit
48,Kepler-304 e,Transit
2413,Kepler-305 b,Transit
5735,Kepler-305 c,Transit
4748,Kepler-305 d,Transit
5756,Kepler-305 e,Transit
2403,Kepler-306 b,Transit
2359,Kepler-306 c,Transit
5755,Kepler-306 d,Transit
1170,Kepler-306 e,Transit
996,Kepler-307 b,Transit
944,Kepler-307 c,Transit
2365,Kepler-308 b,Transit
2581,Kepler-308 c,Transit
6323,Kepler-309 b,Transit
2404,Kepler-309 c,Transit
2172,Kepler-31 b,Transit
2134,Kepler-31 c,Transit
6168,Kepler-31 d,Transit
2560,Kepler-310 b,Transit
2366,Kepler-310 c,Transit
1683,Kepler-310 d,Transit
2373,Kepler-311 b,Transit
2566,Kepler-311 c,Transit
3937,Kepler-311 d,Transit
1732,Kepler-312 b,Transit
2432,Kepler-312 c,Transit
2331,Kepler-313 b,Transit
2565,Kepler-313 c,Transit
2571,Kepler-314 b,Transit
5638,Kepler-314 c,Transit
2437,Kepler-315 b,Transit
2617,Kepler-315 c,Transit
2572,Kepler-316 b,Transit
2438,Kepler-316 c,Transit
5641,Kepler-317 b,Transit
2578,Kepler-317 c,Transit
1818,Kepler-318 b,Transit
5825,Kepler-318 c,Transit
5831,Kepler-319 b,Transit
2095,Kepler-319 c,Transit
2579,Kepler-319 d,Transit
2024,Kepler-32 b,Transit
5221,Kepler-32 c,Transit
2150,Kepler-32 d,Transit
2135,Kepler-32 e,Transit
2151,Kepler-32 f,Transit
2630,Kepler-320 b,Transit
2624,Kepler-320 c,Transit
2584,Kepler-321 b,Transit
2377,Kepler-321 c,Transit
2585,Kepler-322 b,Transit
198,Kepler-322 c,Transit
4593,Kepler-323 b,Transit
4645,Kepler-323 c,Transit
5845,Kepler-324 b,Transit
962,Kepler-324 c,Transit
4246,Kepler-324 e,Transit
2523,Kepler-325 b,Transit
2592,Kepler-325 c,Transit
2078,Kepler-325 d,Transit
867,Kepler-326 b,Transit
2501,Kepler-326 c,Transit
5726,Kepler-326 d,Transit
1345,Kepler-327 b,Transit
1886,Kepler-327 c,Transit
1470,Kepler-327 d,Transit
2334,Kepler-328 b,Transit
5685,Kepler-328 c,Transit
5746,Kepler-329 b,Transit
2385,Kepler-329 c,Transit
1859,Kepler-33 b,Transit
2157,Kepler-33 c,Transit
2165,Kepler-33 d,Transit
2164,Kepler-33 e,Transit
2171,Kepler-33 f,Transit
1231,Kepler-330 b,Transit
1292,Kepler-330 c,Transit
2339,Kepler-331 b,Transit
2606,Kepler-331 c,Transit
778,Kepler-331 d,Transit
5633,Kepler-332 b,Transit
2637,Kepler-332 c,Transit
2646,Kepler-332 d,Transit
2354,Kepler-333 b,Transit
2612,Kepler-333 c,Transit
5773,Kepler-334 b,Transit
36,Kepler-334 c,Transit
2613,Kepler-334 d,Transit
5676,Kepler-335 b,Transit
2645,Kepler-335 c,Transit
5795,Kepler-336 b,Transit
1397,Kepler-336 c,Transit
1503,Kepler-336 d,Transit
2620,Kepler-337 b,Transit
2516,Kepler-337 c,Transit
705,Kepler-338 b,Transit
2282,Kepler-338 c,Transit
2297,Kepler-338 d,Transit
2631,Kepler-338 e,Transit
2522,Kepler-339 b,Transit
5818,Kepler-339 c,Transit
5809,Kepler-339 d,Transit
2173,Kepler-34 b,Transit
1484,Kepler-340 b,Transit
2340,Kepler-340 c,Transit
1223,Kepler-341 b,Transit
2370,Kepler-341 c,Transit
2633,Kepler-341 d,Transit
2634,Kepler-341 e,Transit
2510,Kepler-342 b,Transit
6115,Kepler-342 c,Transit
2641,Kepler-342 d,Transit
3408,Kepler-342 e,Transit
2355,Kepler-343 b,Transit
6137,Kepler-343 c,Transit
2509,Kepler-344 b,Transit
1609,Kepler-344 c,Transit
1592,Kepler-345 b,Transit
2386,Kepler-345 c,Transit
5715,Kepler-346 b,Transit
221,Kepler-346 c,Transit
5660,Kepler-347 b,Transit
2557,Kepler-347 c,Transit
3944,Kepler-347 d,Transit
5630,Kepler-348 b,Transit
5990,Kepler-348 c,Transit
2378,Kepler-349 b,Transit
741,Kepler-349 c,Transit
2158,Kepler-35 b,Transit
2550,Kepler-350 b,Transit
661,Kepler-350 c,Transit
5781,Kepler-350 d,Transit
2549,Kepler-351 b,Transit
2369,Kepler-351 c,Transit
1139,Kepler-351 d,Transit
5793,Kepler-352 b,Transit
1040,Kepler-352 c,Transit
1763,Kepler-352 d,Transit
2442,Kepler-353 b,Transit
2479,Kepler-353 c,Transit
6140,Kepler-354 b,Transit
914,Kepler-354 c,Transit
5817,Kepler-354 d,Transit
2449,Kepler-355 b,Transit
2451,Kepler-355 c,Transit
2450,Kepler-356 b,Transit
2452,Kepler-356 c,Transit
2457,Kepler-357 b,Transit
1376,Kepler-357 c,Transit
2471,Kepler-357 d,Transit
2458,Kepler-358 b,Transit
2472,Kepler-358 c,Transit
2463,Kepler-359 b,Transit
2480,Kepler-359 c,Transit
2570,Kepler-359 d,Transit
4057,Kepler-36 b,Transit
5759,Kepler-36 c,Transit
2487,Kepler-360 b,Transit
5842,Kepler-360 c,Transit
2577,Kepler-361 b,Transit
1056,Kepler-361 c,Transit
6082,Kepler-362 b,Transit
2533,Kepler-362 c,Transit
2477,Kepler-363 b,Transit
2464,Kepler-363 c,Transit
1786,Kepler-363 d,Transit
5860,Kepler-364 b,Transit
1546,Kepler-364 c,Transit
1978,Kepler-365 b,Transit
2595,Kepler-365 c,Transit
2543,Kepler-366 b,Transit
1650,Kepler-366 c,Transit
2544,Kepler-367 b,Transit
2485,Kepler-367 c,Transit
753,Kepler-368 b,Transit
10,Kepler-368 c,Transit
5734,Kepler-369 b,Transit
2551,Kepler-369 c,Transit
1754,Kepler-37 b,Transit
901,Kepler-37 c,Transit
2193,Kepler-37 d,Transit
1753,Kepler-37 e,Transit
1364,Kepler-370 b,Transit
6160,Kepler-370 c,Transit
2552,Kepler-371 b,Transit
684,Kepler-371 c,Transit
2575,Kepler-372 b,Transit
2443,Kepler-372 c,Transit
1019,Kepler-372 d,Transit
6093,Kepler-373 b,Transit
5744,Kepler-373 c,Transit
5754,Kepler-374 b,Transit
2444,Kepler-374 c,Transit
2493,Kepler-374 d,Transit
2494,Kepler-375 b,Transit
6125,Kepler-375 c,Transit
2605,Kepler-376 b,Transit
2459,Kepler-376 c,Transit
2100,Kepler-377 b,Transit
6094,Kepler-377 c,Transit
2460,Kepler-378 b,Transit
2583,Kepler-378 c,Transit
1876,Kepler-379 b,Transit
2465,Kepler-379 c,Transit
2225,Kepler-38 b,Transit
2525,Kepler-380 b,Transit
5765,Kepler-380 c,Transit
5771,Kepler-381 b,Transit
2535,Kepler-381 c,Transit
1413,Kepler-381 d,Transit
891,Kepler-382 b,Transit
5794,Kepler-382 c,Transit
2546,Kepler-383 b,Transit
2611,Kepler-383 c,Transit
1760,Kepler-384 b,Transit
5799,Kepler-384 c,Transit
5807,Kepler-385 b,Transit
5797,Kepler-385 c,Transit
1294,Kepler-385 d,Transit
2588,Kepler-386 b,Transit
2446,Kepler-386 c,Transit
2453,Kepler-387 b,Transit
2618,Kepler-387 c,Transit
2454,Kepler-388 b,Transit
2619,Kepler-388 c,Transit
2461,Kepler-389 b,Transit
1121,Kepler-389 c,Transit
5993,Kepler-39 b,Transit
2468,Kepler-390 b,Transit
6042,Kepler-390 c,Transit
4978,Kepler-391 b,Transit
4983,Kepler-391 c,Transit
2490,Kepler-392 b,Transit
2594,Kepler-392 c,Transit
2505,Kepler-393 b,Transit
5824,Kepler-393 c,Transit
2506,Kepler-394 b,Transit
5823,Kepler-394 c,Transit
4240,Kepler-394 d,Transit
2632,Kepler-395 b,Transit
926,Kepler-395 c,Transit
5832,Kepler-396 b,Transit
5838,Kepler-396 c,Transit
2586,Kepler-397 b,Transit
2526,Kepler-397 c,Transit
2536,Kepler-398 b,Transit
250,Kepler-398 c,Transit
1259,Kepler-398 d,Transit
5717,Kepler-399 b,Transit
200,Kepler-399 c,Transit
2541,Kepler-399 d,Transit
103,Kepler-4 b,Transit
1688,Kepler-40 b,Transit
2542,Kepler-400 b,Transit
5728,Kepler-400 c,Transit
2547,Kepler-401 b,Transit
1441,Kepler-401 c,Transit
3373,Kepler-401 d,Transit
5913,Kepler-402 b,Transit
2548,Kepler-402 c,Transit
2598,Kepler-402 d,Transit
2597,Kepler-402 e,Transit
1966,Kepler-403 b,Transit
2604,Kepler-403 c,Transit
3299,Kepler-403 d,Transit
2455,Kepler-404 b,Transit
1464,Kepler-404 c,Transit
1348,Kepler-405 b,Transit
2615,Kepler-405 c,Transit
2725,Kepler-406 b,Transit
1061,Kepler-406 c,Transit
1821,Kepler-407 b,Transit
2698,Kepler-407 c,Radial Velocity
5697,Kepler-408 b,Transit
4578,Kepler-409 b,Transit
2815,Kepler-41 b,Transit
2043,Kepler-410 A b,Transit
2527,Kepler-411 b,Transit
1995,Kepler-411 c,Transit
1087,Kepler-411 d,Transit
1587,Kepler-411 e,Transit Timing Variations
2765,Kepler-412 b,Transit
2323,Kepler-413 b,Transit
1086,Kepler-414 b,Transit
2060,Kepler-414 c,Transit
2281,Kepler-415 b,Transit
4658,Kepler-415 c,Transit
1049,Kepler-416 b,Transit
1050,Kepler-416 c,Transit
2529,Kepler-416 d,Transit
2192,Kepler-417 b,Transit
2291,Kepler-417 c,Transit
2298,Kepler-418 b,Transit
4140,Kepler-418 c,Transit
1205,Kepler-419 b,Transit
587,Kepler-419 c,Transit Timing Variations
2149,Kepler-42 b,Transit
2156,Kepler-42 c,Transit
6177,Kepler-42 d,Transit
5445,Kepler-421 b,Transit
2679,Kepler-422 b,Transit
1398,Kepler-423 b,Transit
2687,Kepler-424 b,Transit
2696,Kepler-425 b,Transit
2686,Kepler-426 b,Transit
2688,Kepler-427 b,Transit
2695,Kepler-428 b,Transit
5869,Kepler-43 b,Transit
2721,Kepler-430 b,Transit
5971,Kepler-430 c,Transit
974,Kepler-431 b,Transit
602,Kepler-431 c,Transit
1015,Kepler-431 d,Transit
2781,Kepler-432 b,Transit
1054,Kepler-433 b,Transit
2690,Kepler-434 b,Transit
1824,Kepler-435 b,Transit
6052,Kepler-436 b,Transit
3136,Kepler-436 c,Transit
2662,Kepler-437 b,Transit
6150,Kepler-438 b,Transit
2667,Kepler-439 b,Transit
1267,Kepler-44 b,Transit
2745,Kepler-440 b,Transit
2656,Kepler-441 b,Transit
6165,Kepler-442 b,Transit
1524,Kepler-443 b,Transit
2829,Kepler-444 b,Transit
710,Kepler-444 c,Transit
6095,Kepler-444 d,Transit
2833,Kepler-444 e,Transit
749,Kepler-444 f,Transit
2702,Kepler-445 b,Transit
2680,Kepler-445 c,Transit
952,Kepler-445 d,Transit
2681,Kepler-446 b,Transit
2069,Kepler-446 c,Transit
2703,Kepler-446 d,Transit
2845,Kepler-447 b,Transit
3956,Kepler-448 c,Transit Timing Variations
2803,Kepler-449 b,Transit
2797,Kepler-449 c,Transit
2190,Kepler-45 b,Transit
761,Kepler-450 b,Transit
6257,Kepler-450 c,Transit
2809,Kepler-450 d,Transit
6355,Kepler-452 b,Transit
2823,Kepler-453 b,Transit
4598,Kepler-454 b,Transit
1749,Kepler-454 c,Radial Velocity
4640,Kepler-454 d,Radial Velocity
4281,Kepler-457 d,Transit
713,Kepler-458 c,Transit
6072,Kepler-46 b,Transit
2531,Kepler-46 c,Transit Timing Variations
903,Kepler-46 d,Transit
3428,Kepler-460 c,Transit
49,Kepler-461 b,Transit
4001,Kepler-462 b,Transit
5789,Kepler-462 c,Transit
1932,Kepler-463 b,Transit
180,Kepler-464 b,Transit
2897,Kepler-465 b,Transit
1734,Kepler-466 b,Transit
2933,Kepler-466 c,Transit
1596,Kepler-467 b,Transit
2036,Kepler-47 b,Transit
3861,Kepler-47 c,Transit
3865,Kepler-47 d,Transit
609,Kepler-472 b,Transit
805,Kepler-473 b,Transit
2940,Kepler-474 b,Transit
657,Kepler-475 b,Transit
2213,Kepler-476 b,Transit
2757,Kepler-477 b,Transit
6180,Kepler-478 b,Transit
3000,Kepler-479 b,Transit
2735,Kepler-48 b,Transit
575,Kepler-48 c,Transit
2712,Kepler-48 d,Transit
2694,Kepler-48 e,Radial Velocity
1448,Kepler-48 f,Radial Velocity
261,Kepler-480 b,Transit
6124,Kepler-481 b,Transit
5218,Kepler-482 b,Transit
1518,Kepler-483 b,Transit
5204,Kepler-484 b,Transit
2910,Kepler-487 c,Transit
4207,Kepler-487 d,Transit
3394,Kepler-489 b,Transit
156,Kepler-49 b,Transit
4737,Kepler-49 c,Transit
5713,Kepler-49 d,Transit
2488,Kepler-49 e,Transit
5240,Kepler-491 b,Transit
3357,Kepler-495 b,Transit
4254,Kepler-495 c,Transit
3504,Kepler-496 b,Transit
3035,Kepler-497 b,Transit
2915,Kepler-498 b,Transit
2860,Kepler-499 b,Transit
2782,Kepler-5 b,Transit
6100,Kepler-50 b,Transit
2229,Kepler-50 c,Transit
2948,Kepler-500 b,Transit
931,Kepler-501 b,Transit
4255,Kepler-501 c,Transit
2934,Kepler-502 b,Transit
5534,Kepler-504 b,Transit
2762,Kepler-505 b,Transit
3446,Kepler-506 b,Transit
5711,Kepler-507 b,Transit
1243,Kepler-508 b,Transit
2932,Kepler-509 b,Transit
561,Kepler-51 b,Transit
560,Kepler-51 c,Transit
559,Kepler-51 d,Transit
2112,Kepler-510 b,Transit
3306,Kepler-511 b,Transit
590,Kepler-511 c,Transit
5733,Kepler-512 b,Transit
3095,Kepler-513 b,Transit
1301,Kepler-514 b,Transit
5778,Kepler-515 b,Transit
5856,Kepler-516 b,Transit
3239,Kepler-517 b,Transit
3059,Kepler-518 b,Transit
3080,Kepler-519 b,Transit
5229,Kepler-52 b,Transit
1727,Kepler-52 c,Transit
2469,Kepler-52 d,Transit
681,Kepler-520 b,Transit
5847,Kepler-520 c,Transit
3224,Kepler-521 b,Transit
3123,Kepler-522 b,Transit
3052,Kepler-523 b,Transit
751,Kepler-524 b,Transit
249,Kepler-524 c,Transit
3161,Kepler-525 b,Transit
1553,Kepler-526 b,Transit
3172,Kepler-527 b,Transit
3185,Kepler-528 b,Transit
3196,Kepler-529 b,Transit
1569,Kepler-529 c,Transit
6034,Kepler-529 d,Transit
6157,Kepler-53 b,Transit
2308,Kepler-53 c,Transit
2360,Kepler-53 d,Transit
5816,Kepler-530 b,Transit
3226,Kepler-531 b,Transit
3234,Kepler-532 b,Transit
1773,Kepler-533 b,Transit
720,Kepler-534 b,Transit
4316,Kepler-534 c,Transit
3146,Kepler-535 b,Transit
3152,Kepler-536 b,Transit
1652,Kepler-537 b,Transit
4606,Kepler-538 b,Transit
2093,Kepler-539 b,Transit
1593,Kepler-539 c,Transit Timing Variations
2320,Kepler-54 b,Transit
2309,Kepler-54 c,Transit
5745,Kepler-54 d,Transit
3359,Kepler-540 b,Transit
3278,Kepler-541 b,Transit
3285,Kepler-542 b,Transit
6203,Kepler-543 b,Transit
3294,Kepler-544 b,Transit
3399,Kepler-545 b,Transit
205,Kepler-546 b,Transit
3430,Kepler-547 b,Transit
3063,Kepler-549 b,Transit
6197,Kepler-549 c,Transit
3949,Kepler-549 d,Transit
2321,Kepler-55 b,Transit
2312,Kepler-55 c,Transit
2738,Kepler-55 d,Transit
1776,Kepler-55 e,Transit
5808,Kepler-55 f,Transit
3503,Kepler-550 b,Transit
6349,Kepler-551 b,Transit
1527,Kepler-552 b,Transit
4707,Kepler-553 b,Transit
4701,Kepler-553 c,Transit
1234,Kepler-554 b,Transit
1626,Kepler-555 b,Transit
3264,Kepler-556 b,Transit
1515,Kepler-557 b,Transit
6066,Kepler-558 b,Transit
240,Kepler-559 b,Transit
2248,Kepler-56 b,Transit
2241,Kepler-56 c,Transit
2828,Kepler-56 d,Radial Velocity
3502,Kepler-560 b,Transit
1400,Kepler-561 b,Transit
6007,Kepler-561 c,Transit
3539,Kepler-562 b,Transit
718,Kepler-563 b,Transit
700,Kepler-564 b,Transit
6358,Kepler-565 b,Transit
1937,Kepler-566 b,Transit
1878,Kepler-567 b,Transit
1058,Kepler-568 b,Transit
3534,Kepler-569 b,Transit
4805,Kepler-57 b,Transit
174,Kepler-57 c,Transit
3542,Kepler-570 b,Transit
3462,Kepler-571 b,Transit
3482,Kepler-572 b,Transit
3492,Kepler-573 b,Transit
1082,Kepler-574 b,Transit
1285,Kepler-575 b,Transit
51,Kepler-576 b,Transit
1261,Kepler-577 b,Transit
3335,Kepler-578 b,Transit
3273,Kepler-579 b,Transit
2300,Kepler-58 b,Transit
5784,Kepler-58 c,Transit
1463,Kepler-58 d,Transit
5782,Kepler-58 e,Transit
185,Kepler-580 b,Transit
3414,Kepler-581 b,Transit
3409,Kepler-582 b,Transit
1410,Kepler-583 b,Transit
1766,Kepler-584 b,Transit
3418,Kepler-585 b,Transit
6074,Kepler-586 b,Transit
1239,Kepler-587 b,Transit
3491,Kepler-588 b,Transit
3498,Kepler-589 b,Transit
1799,Kepler-589 c,Transit
2313,Kepler-59 b,Transit
2301,Kepler-59 c,Transit
3522,Kepler-590 b,Transit
3527,Kepler-591 b,Transit
3535,Kepler-592 b,Transit
3541,Kepler-593 b,Transit
6185,Kepler-594 b,Transit
86,Kepler-595 b,Transit
85,Kepler-595 c,Transit
1073,Kepler-596 b,Transit
3315,Kepler-597 b,Transit
844,Kepler-598 b,Transit
4060,Kepler-598 c,Transit
1283,Kepler-599 b,Transit
2759,Kepler-6 b,Transit
640,Kepler-60 b,Transit
1850,Kepler-60 c,Transit
2852,Kepler-60 d,Transit
3403,Kepler-600 b,Transit
1860,Kepler-601 b,Transit
3435,Kepler-602 b,Transit
3339,Kepler-603 b,Transit
2858,Kepler-603 c,Transit
3319,Kepler-603 d,Transit
3364,Kepler-604 b,Transit
3396,Kepler-605 b,Transit
3320,Kepler-605 c,Transit
3436,Kepler-606 b,Transit
1010,Kepler-607 b,Transit
998,Kepler-607 c,Transit
6005,Kepler-608 b,Transit
3352,Kepler-609 b,Transit
2324,Kepler-61 b,Transit
246,Kepler-610 b,Transit
2042,Kepler-610 c,Transit
6191,Kepler-611 b,Transit
6083,Kepler-612 b,Transit
945,Kepler-613 b,Transit
1098,Kepler-614 b,Transit
3445,Kepler-615 b,Transit
770,Kepler-616 b,Transit
3207,Kepler-616 c,Transit
4315,Kepler-616 d,Transit
3490,Kepler-617 b,Transit
3517,Kepler-618 b,Transit
1809,Kepler-619 b,Transit
1949,Kepler-619 c,Transit
3923,Kepler-619 d,Transit
2317,Kepler-62 b,Transit
1003,Kepler-62 c,Transit
2316,Kepler-62 d,Transit
5653,Kepler-62 e,Transit
145,Kepler-62 f,Transit
739,Kepler-620 b,Transit
787,Kepler-621 b,Transit
3378,Kepler-622 b,Transit
1784,Kepler-623 b,Transit
814,Kepler-624 b,Transit
630,Kepler-625 b,Transit
3332,Kepler-625 c,Transit
3251,Kepler-626 b,Transit
1028,Kepler-627 b,Transit
3265,Kepler-629 b,Transit
2307,Kepler-63 b,Transit
3266,Kepler-630 b,Transit
3289,Kepler-631 b,Transit
6199,Kepler-632 b,Transit
3260,Kepler-633 b,Transit
4282,Kepler-633 c,Transit
3342,Kepler-634 b,Transit
1642,Kepler-635 b,Transit
3400,Kepler-636 b,Transit
187,Kepler-637 b,Transit
3439,Kepler-638 b,Transit
6015,Kepler-639 b,Transit
3340,Kepler-640 b,Transit
3350,Kepler-641 b,Transit
3370,Kepler-642 b,Transit
3369,Kepler-643 b,Transit
3412,Kepler-644 b,Transit
1707,Kepler-645 b,Transit
1237,Kepler-646 b,Transit
1800,Kepler-647 b,Transit
5973,Kepler-647 c,Transit
6045,Kepler-648 b,Transit
1607,Kepler-649 b,Transit
2221,Kepler-65 b,Transit
25,Kepler-65 c,Transit
1670,Kepler-65 d,Transit
5958,Kepler-65 e,Radial Velocity
3509,Kepler-650 b,Transit
3540,Kepler-651 b,Transit
1310,Kepler-652 b,Transit
3467,Kepler-653 b,Transit
3333,Kepler-653 c,Transit
3473,Kepler-654 b,Transit
3480,Kepler-655 b,Transit
3479,Kepler-656 b,Transit
1182,Kepler-656 c,Transit
1326,Kepler-657 b,Transit
1070,Kepler-658 b,Transit
1541,Kepler-659 b,Transit
5600,Kepler-66 b,Transit
3499,Kepler-660 b,Transit
1568,Kepler-661 b,Transit
790,Kepler-662 b,Transit
3511,Kepler-663 b,Transit
3523,Kepler-664 b,Transit
1851,Kepler-665 b,Transit
57,Kepler-666 b,Transit
1514,Kepler-667 b,Transit
3447,Kepler-668 b,Transit
3448,Kepler-669 b,Transit
2276,Kepler-67 b,Transit
3455,Kepler-671 b,Transit
3461,Kepler-672 b,Transit
3469,Kepler-673 b,Transit
192,Kepler-674 b,Transit
2062,Kepler-675 b,Transit
3475,Kepler-676 b,Transit
6121,Kepler-677 b,Transit
3481,Kepler-678 b,Transit
3486,Kepler-679 b,Transit
4633,Kepler-68 b,Transit
4588,Kepler-68 c,Transit
1705,Kepler-68 d,Radial Velocity
863,Kepler-68 e,Radial Velocity
3487,Kepler-680 b,Transit
3493,Kepler-681 b,Transit
206,Kepler-682 b,Transit
1627,Kepler-683 b,Transit
1033,Kepler-684 b,Transit
226,Kepler-685 b,Transit
1712,Kepler-687 b,Transit
6198,Kepler-688 b,Transit
1394,Kepler-689 b,Transit
5426,Kepler-69 b,Transit
5811,Kepler-69 c,Transit
6070,Kepler-690 b,Transit
895,Kepler-691 b,Transit
6182,Kepler-692 b,Transit
6204,Kepler-693 b,Transit
6090,Kepler-694 b,Transit
6033,Kepler-695 b,Transit
1561,Kepler-696 b,Transit
3420,Kepler-697 b,Transit
3426,Kepler-698 b,Transit
2783,Kepler-7 b,Transit
6153,Kepler-700 b,Transit
3343,Kepler-701 b,Transit
3349,Kepler-702 b,Transit
989,Kepler-703 b,Transit
821,Kepler-704 b,Transit
2102,Kepler-705 b,Transit
3434,Kepler-707 b,Transit
985,Kepler-708 b,Transit
3344,Kepler-709 b,Transit
3358,Kepler-710 b,Transit
3371,Kepler-711 b,Transit
1504,Kepler-712 b,Transit
3506,Kepler-712 c,Transit
3388,Kepler-713 b,Transit
3386,Kepler-714 b,Transit
1630,Kepler-715 b,Transit
1405,Kepler-716 b,Transit
4013,Kepler-716 c,Transit
3404,Kepler-717 b,Transit
3423,Kepler-719 b,Transit
3429,Kepler-720 b,Transit
3437,Kepler-721 b,Transit
3341,Kepler-722 b,Transit
3162,Kepler-722 c,Transit
3353,Kepler-724 b,Transit
1089,Kepler-725 b,Transit
1069,Kepler-725 c,Transit Timing Variations
3372,Kepler-726 b,Transit
3497,Kepler-727 b,Transit
3510,Kepler-728 b,Transit
3515,Kepler-729 b,Transit
6109,Kepler-730 c,Transit
1819,Kepler-732 b,Transit
2951,Kepler-732 c,Transit
2019,Kepler-733 b,Transit
1299,Kepler-734 b,Transit
3533,Kepler-735 b,Transit
3532,Kepler-736 b,Transit
3453,Kepler-737 b,Transit
1068,Kepler-738 b,Transit
1118,Kepler-739 b,Transit
165,Kepler-74 b,Transit
1443,Kepler-740 b,Transit
832,Kepler-741 b,Transit
3468,Kepler-742 b,Transit
2908,Kepler-743 b,Transit
5316,Kepler-744 b,Transit
5289,Kepler-745 b,Transit
5405,Kepler-746 b,Transit
2913,Kepler-747 b,Transit
5295,Kepler-748 b,Transit
837,Kepler-749 b,Transit
2822,Kepler-75 b,Transit
5545,Kepler-750 b,Transit
2945,Kepler-750 c,Transit
2919,Kepler-751 b,Transit
5263,Kepler-752 b,Transit
2769,Kepler-753 b,Transit
2768,Kepler-754 b,Transit
2920,Kepler-755 b,Transit
997,Kepler-755 c,Transit
2927,Kepler-756 b,Transit
2928,Kepler-757 b,Transit
2935,Kepler-758 b,Transit
5205,Kepler-758 c,Transit
762,Kepler-758 d,Transit
3158,Kepler-758 e,Transit
717,Kepler-759 b,Transit
2778,Kepler-76 b,Orbital Brightness Modulation
2941,Kepler-760 b,Transit
1574,Kepler-760 c,Transit
6253,Kepler-761 b,Transit
1833,Kepler-763 b,Transit
3943,Kepler-763 c,Transit
3969,Kepler-763 d,Transit
5323,Kepler-764 b,Transit
2780,Kepler-765 b,Transit
2774,Kepler-766 b,Transit
2786,Kepler-767 b,Transit
32,Kepler-768 b,Transit
2796,Kepler-769 b,Transit
3166,Kepler-769 c,Transit
1696,Kepler-77 b,Transit
12,Kepler-770 b,Transit
3167,Kepler-770 c,Transit
3174,Kepler-770 d,Transit
2775,Kepler-771 b,Transit
2795,Kepler-772 b,Transit
2787,Kepler-773 b,Transit
2788,Kepler-774 b,Transit
2947,Kepler-775 b,Transit
1385,Kepler-776 b,Transit
2952,Kepler-777 b,Transit
5472,Kepler-778 b,Transit
2953,Kepler-779 b,Transit
4620,Kepler-78 b,Transit
6236,Kepler-780 b,Transit
2801,Kepler-781 b,Transit
1291,Kepler-782 b,Transit
194,Kepler-783 b,Transit
4050,Kepler-783 c,Transit
876,Kepler-784 b,Transit
1472,Kepler-784 c,Transit
1633,Kepler-786 b,Transit
2896,Kepler-787 b,Transit
2890,Kepler-788 b,Transit
1141,Kepler-789 b,Transit
5172,Kepler-79 b,Transit
5173,Kepler-79 c,Transit
911,Kepler-79 d,Transit
1390,Kepler-79 e,Transit
2889,Kepler-790 b,Transit
2883,Kepler-791 b,Transit
2882,Kepler-792 b,Transit
943,Kepler-793 b,Transit
2876,Kepler-794 b,Transit
2875,Kepler-795 b,Transit
33,Kepler-796 b,Transit
2867,Kepler-797 b,Transit
1544,Kepler-798 b,Transit
2862,Kepler-799 b,Transit
5769,Kepler-799 c,Transit
5287,Kepler-8 b,Transit
6149,Kepler-80 b,Transit
1354,Kepler-80 c,Transit
5624,Kepler-80 d,Transit
3472,Kepler-80 e,Transit
3478,Kepler-80 f,Transit
1885,Kepler-800 b,Transit
2861,Kepler-801 b,Transit
133,Kepler-802 b,Transit
2955,Kepler-803 b,Transit
2954,Kepler-804 b,Transit
3138,Kepler-804 c,Transit
1215,Kepler-805 b,Transit
1115,Kepler-806 b,Transit
2949,Kepler-808 b,Transit
2943,Kepler-809 b,Transit
2311,Kepler-81 b,Transit
6084,Kepler-81 c,Transit
666,Kepler-81 d,Transit
2942,Kepler-810 b,Transit
2937,Kepler-811 b,Transit
1531,Kepler-812 b,Transit
2936,Kepler-813 b,Transit
5564,Kepler-814 b,Transit
2929,Kepler-815 b,Transit
662,Kepler-816 b,Transit
2922,Kepler-817 b,Transit
1658,Kepler-818 b,Transit
5923,Kepler-819 b,Transit
2626,Kepler-82 b,Transit
2731,Kepler-82 c,Transit
704,Kepler-82 d,Transit
2290,Kepler-82 e,Transit
2294,Kepler-82 f,Transit Timing Variations
2921,Kepler-820 b,Transit
2914,Kepler-821 b,Transit
5927,Kepler-822 b,Transit
2909,Kepler-823 b,Transit
2040,Kepler-824 b,Transit
1105,Kepler-825 b,Transit
890,Kepler-825 c,Transit
2904,Kepler-826 b,Transit
1693,Kepler-827 b,Transit
968,Kepler-828 b,Transit
2906,Kepler-829 b,Transit
2318,Kepler-83 b,Transit
2310,Kepler-83 c,Transit
2676,Kepler-83 d,Transit
2905,Kepler-830 b,Transit
1110,Kepler-831 b,Transit
744,Kepler-832 b,Transit
6309,Kepler-833 b,Transit
1747,Kepler-834 b,Transit
907,Kepler-835 b,Transit
2005,Kepler-836 b,Transit
2895,Kepler-837 b,Transit
2894,Kepler-838 b,Transit
6314,Kepler-839 b,Transit
1022,Kepler-84 b,Transit
6335,Kepler-84 c,Transit
5772,Kepler-84 d,Transit
2653,Kepler-84 e,Transit
2559,Kepler-84 f,Transit
2888,Kepler-841 b,Transit
2887,Kepler-842 b,Transit
5936,Kepler-843 b,Transit
2881,Kepler-844 b,Transit
2880,Kepler-845 b,Transit
2874,Kepler-846 b,Transit
2873,Kepler-847 b,Transit
5922,Kepler-848 b,Transit
4696,Kepler-849 b,Transit
5768,Kepler-85 b,Transit
641,Kepler-85 c,Transit
2441,Kepler-85 d,Transit
1961,Kepler-85 e,Transit
1669,Kepler-850 b,Transit
1690,Kepler-851 b,Transit
2930,Kepler-852 b,Transit
1368,Kepler-853 b,Transit
670,Kepler-855 b,Transit
2898,Kepler-856 b,Transit
5601,Kepler-857 b,Transit
5870,Kepler-858 b,Transit
1744,Kepler-859 b,Transit
2891,Kepler-860 b,Transit
2885,Kepler-861 b,Transit
2884,Kepler-862 b,Transit
695,Kepler-863 b,Transit
1457,Kepler-864 b,Transit
1123,Kepler-864 c,Transit
2877,Kepler-865 b,Transit
3951,Kepler-865 c,Transit
2870,Kepler-866 b,Transit
2868,Kepler-867 b,Transit
2869,Kepler-868 b,Transit
2864,Kepler-869 b,Transit
2231,Kepler-87 b,Transit
2233,Kepler-87 c,Transit
2863,Kepler-870 b,Transit
2857,Kepler-871 b,Transit
2856,Kepler-872 b,Transit
193,Kepler-873 b,Transit
627,Kepler-874 b,Transit
2950,Kepler-875 b,Transit
5894,Kepler-876 b,Transit
2944,Kepler-877 b,Transit
701,Kepler-878 b,Transit
2101,Kepler-879 b,Transit
5852,Kepler-88 d,Radial Velocity
2939,Kepler-880 b,Transit
6004,Kepler-880 c,Transit
1848,Kepler-881 b,Transit
2938,Kepler-882 b,Transit
2931,Kepler-883 b,Transit
1620,Kepler-884 b,Transit
2924,Kepler-885 b,Transit
2923,Kepler-886 b,Transit
2916,Kepler-887 b,Transit
660,Kepler-887 c,Transit
1442,Kepler-888 b,Transit
576,Kepler-889 b,Transit
2899,Kepler-890 b,Transit
571,Kepler-891 b,Transit
2902,Kepler-892 b,Transit
1132,Kepler-893 b,Transit
1617,Kepler-894 b,Transit
2907,Kepler-895 b,Transit
3175,Kepler-896 b,Transit
3972,Kepler-896 c,Transit
1823,Kepler-897 b,Transit
2911,Kepler-898 b,Transit
2912,Kepler-899 b,Transit
6127,Kepler-9 b,Transit
3848,Kepler-9 c,Transit
110,Kepler-9 d,Transit
5527,Kepler-90 i,Transit
2918,Kepler-900 b,Transit
2917,Kepler-901 b,Transit
1616,Kepler-902 b,Transit
6334,Kepler-903 b,Transit
3157,Kepler-903 c,Transit
2925,Kepler-904 b,Transit
2926,Kepler-905 b,Transit
6233,Kepler-906 b,Transit
2865,Kepler-907 b,Transit
2859,Kepler-908 b,Transit
2878,Kepler-909 b,Transit
796,Kepler-91 b,Transit
2872,Kepler-910 b,Transit
5578,Kepler-911 b,Transit
2866,Kepler-912 b,Transit
2871,Kepler-913 b,Transit
4245,Kepler-913 c,Transit
5635,Kepler-914 b,Transit
1161,Kepler-915 b,Transit
2879,Kepler-916 b,Transit
3020,Kepler-917 b,Transit
3021,Kepler-918 b,Transit
3027,Kepler-919 b,Transit
1767,Kepler-92 b,Transit
1901,Kepler-92 c,Transit
2802,Kepler-92 d,Transit
3026,Kepler-920 b,Transit
1657,Kepler-920 c,Transit
3028,Kepler-921 b,Transit
5575,Kepler-922 b,Transit
2893,Kepler-923 b,Transit
2892,Kepler-924 b,Transit
1355,Kepler-925 b,Transit
2901,Kepler-926 b,Transit
2900,Kepler-927 b,Transit
980,Kepler-928 b,Transit
5209,Kepler-929 b,Transit
1072,Kepler-93 b,Transit
2886,Kepler-930 b,Transit
676,Kepler-931 b,Transit
5682,Kepler-932 b,Transit
2903,Kepler-933 b,Transit
3001,Kepler-934 b,Transit
5593,Kepler-935 b,Transit
3006,Kepler-936 b,Transit
37,Kepler-937 b,Transit
3438,Kepler-937 c,Transit
3007,Kepler-938 b,Transit
27,Kepler-939 b,Transit
6310,Kepler-94 b,Transit
2693,Kepler-94 c,Radial Velocity
3014,Kepler-940 b,Transit
1219,Kepler-941 b,Transit
3041,Kepler-942 b,Transit
1791,Kepler-943 b,Transit
3040,Kepler-944 b,Transit
1357,Kepler-945 b,Transit
3042,Kepler-946 b,Transit
1393,Kepler-947 b,Transit
123,Kepler-948 b,Transit
138,Kepler-949 b,Transit
3936,Kepler-949 c,Transit
5967,Kepler-95 b,Transit
825,Kepler-950 b,Transit
3047,Kepler-951 b,Transit
2999,Kepler-952 b,Transit
1262,Kepler-953 b,Transit
1868,Kepler-953 c,Transit
848,Kepler-954 b,Transit
5569,Kepler-955 b,Transit
1365,Kepler-956 b,Transit
991,Kepler-957 b,Transit
5704,Kepler-958 b,Transit
1660,Kepler-959 b,Transit
2734,Kepler-96 b,Transit
1425,Kepler-960 b,Transit
2092,Kepler-961 b,Transit
5570,Kepler-962 b,Transit
1500,Kepler-963 b,Transit
1597,Kepler-964 b,Transit
2996,Kepler-965 b,Transit
2990,Kepler-966 b,Transit
3048,Kepler-967 b,Transit
6043,Kepler-967 c,Transit
2985,Kepler-968 b,Transit
6060,Kepler-968 c,Transit
2957,Kepler-969 b,Transit
3393,Kepler-969 c,Transit
5850,Kepler-97 b,Transit
1789,Kepler-970 b,Transit
2982,Kepler-971 b,Transit
3031,Kepler-972 b,Transit
5689,Kepler-973 b,Transit
2971,Kepler-974 b,Transit
2959,Kepler-975 b,Transit
5736,Kepler-975 c,Transit
3010,Kepler-976 b,Transit
3002,Kepler-977 b,Transit
3022,Kepler-978 b,Transit
3004,Kepler-979 b,Transit
2719,Kepler-98 b,Transit
2973,Kepler-980 b,Transit
5644,Kepler-981 b,Transit
3005,Kepler-982 b,Transit
708,Kepler-983 b,Transit
1815,Kepler-984 b,Transit
2003,Kepler-985 b,Transit
3017,Kepler-986 b,Transit
1293,Kepler-987 b,Transit
746,Kepler-988 b,Transit
1720,Kepler-989 b,Transit
1710,Kepler-99 b,Transit
1475,Kepler-990 b,Transit
3392,Kepler-990 c,Transit
2974,Kepler-991 b,Transit
3044,Kepler-992 b,Transit
5623,Kepler-993 b,Transit
3036,Kepler-994 b,Transit
2960,Kepler-995 b,Transit
2989,Kepler-996 b,Transit
2979,Kepler-997 b,Transit
2969,Kepler-998 b,Transit
2997,Kepler-999 b,Transit
391,L 168-9 b,Transit
371,L 98-59 b,Transit
372,L 98-59 c,Transit
373,L 98-59 d,Transit
449,L 98-59 e,Radial Velocity
548,L 98-59 f,Radial Velocity
352,LHS 1140 b,Transit
366,LHS 1140 c,Transit
6332,LHS 1678 b,Transit
4717,LHS 1678 c,Transit
5591,LHS 1678 d,Transit
179,LHS 1815 b,Transit
5103,LHS 1903 b,Transit
5104,LHS 1903 c,Transit
5032,LHS 1903 d,Transit
5033,LHS 1903 e,Transit
4731,LHS 3154 b,Radial Velocity
368,LHS 3844 b,Transit
479,LHS 475 b,Transit
1499,LP 714-47 b,Transit
387,LP 791-18 b,Transit
388,LP 791-18 c,Transit
522,LP 791-18 d,Transit
3866,LSPM J2116+0234 b,Radial Velocity
382,LTT 1445 A b,Transit
455,LTT 1445 A c,Transit
399,LTT 3780 b,Transit
400,LTT 3780 c,Transit
414,LTT 9779 b,Transit
90,Lupus-TR-3 b,Transit
4516,MASCARA-1 b,Transit
1896,MASCARA-4 b,Transit
5568,NGC 2682 Sand 1429 b,Radial Velocity
5483,NGTS-1 b,Transit
395,NGTS-10 b,Transit
405,NGTS-11 b,Transit
1320,NGTS-12 b,Transit
3988,NGTS-13 b,Transit
3995,NGTS-14 A b,Transit
4099,NGTS-15 b,Transit
6237,NGTS-16 b,Transit
913,NGTS-17 b,Transit
4104,NGTS-18 b,Transit
364,NGTS-2 b,Transit
4397,NGTS-20 b,Transit
872,NGTS-21 b,Transit
4558,NGTS-23 b,Transit
4559,NGTS-24 b,Transit
4560,NGTS-25 b,Transit
1556,NGTS-26 b,Transit
4683,NGTS-27 b,Transit
855,NGTS-30 b,Transit
1080,NGTS-31 b,Transit
4961,NGTS-32 b,Transit
4838,NGTS-33 b,Transit
5061,NGTS-35 b,Transit
5607,NGTS-38 b,Transit
5621,NGTS-39 b,Transit
3818,NGTS-4 b,Transit
3875,NGTS-5 b,Transit
1656,NGTS-6 b,Transit
3963,NGTS-8 b,Transit
1765,NGTS-9 b,Transit
1539,NSVS 14256825 b,Eclipse Timing Variations
654,NY Vir b,Eclipse Timing Variations
2203,OGLE-TR-10 b,Transit
2181,OGLE-TR-111 b,Transit
2204,OGLE-TR-113 b,Transit
2121,OGLE-TR-132 b,Transit
61,OGLE-TR-182 b,Transit
89,OGLE-TR-211 b,Transit
2122,OGLE-TR-56 b,Transit
5040,PDS 70 b,Imaging
2280,PH1 b,Transit
565,PH2 b,Transit
4566,PZ Tel b,Imaging
3715,Pr0201 b,Radial Velocity
5430,Pr0211 b,Radial Velocity
2850,Pr0211 c,Radial Velocity
4911,Proxima Cen b,Radial Velocity
4910,Proxima Cen d,Radial Velocity
2820,Qatar-1 b,Transit
6245,Qatar-10 b,Transit
2713,Qatar-2 b,Transit
3622,Qatar-3 b,Transit
2326,Qatar-4 b,Transit
199,Qatar-5 b,Transit
5905,Qatar-6 b,Transit
6325,Qatar-7 b,Transit
162,Qatar-8 b,Transit
3874,Qatar-9 b,Transit
2222,RR Cae b,Eclipse Timing Variations
3570,Ross 128 b,Radial Velocity
5010,Ross 176 b,Transit
4402,Ross 508 b,Radial Velocity
5628,TIC 139270665 b,Transit
4777,TIC 139270665 c,Radial Velocity
5122,TIC 147027702 b,Transit
4203,TIC 172900988 b,Transit
4030,TIC 237913194 b,Transit
1162,TIC 241249530 b,Transit
5123,TIC 245076932 b,Transit
5000,TIC 257060897 b,Transit
4546,TIC 279401253 b,Transit
4550,TIC 279401253 c,Transit
1343,TIC 365102760 b,Transit
5663,TIC 393818343 b,Transit
4937,TIC 434398831 b,Transit
880,TIC 434398831 c,Transit
2419,TIC 46432937 b,Transit
4746,TIC 4672985 b,Transit
5187,TIC 52059926 b,Transit
5118,TIC 87422071 b,Transit
4913,TIC 88785435 b,Transit
1036,TIC 9344899 b,Transit
4608,TOI-1052 b,Transit
4612,TOI-1052 c,Radial Velocity
202,TOI-1062 b,Transit
1045,TOI-1062 c,Radial Velocity
1619,TOI-1064 b,Transit
4369,TOI-1064 c,Transit
457,TOI-1075 b,Transit
233,TOI-1107 b,Transit
4904,TOI-1117 b,Transit
4908,TOI-1117 c,Radial Velocity
4909,TOI-1117 d,Radial Velocity
396,TOI-1130 b,Transit
397,TOI-1130 c,Transit
5049,TOI-1135 b,Transit
515,TOI-1136 b,Transit
481,TOI-1136 c,Transit
480,TOI-1136 d,Transit
483,TOI-1136 e,Transit
482,TOI-1136 f,Transit
516,TOI-1136 g,Transit
484,TOI-1173 b,Transit
4859,TOI-1174 b,Transit
4861,TOI-1180 b,Transit
5928,TOI-1181 b,Transit
1030,TOI-1184 b,Transit
839,TOI-1194 b,Transit
1414,TOI-1199 b,Transit
4133,TOI-1201 b,Transit
4996,TOI-1203 b,Radial Velocity
4991,TOI-1203.01,Transit
1804,TOI-122 b,Transit
961,TOI-1221 b,Transit
438,TOI-1231 b,Transit
5465,TOI-1232 b,Transit
5141,TOI-1232 c,Transit Timing Variations
1794,TOI-1233.01,Transit
4607,TOI-1235 b,Transit
4915,TOI-1238 b,Transit
4914,TOI-1238 c,Transit
5473,TOI-1244 b,Transit
4767,TOI-1246 c,Transit
1018,TOI-1246 d,Transit
4775,TOI-1246 e,Transit
4801,TOI-1248 b,Transit
119,TOI-1249 b,Transit
389,TOI-125 b,Transit
390,TOI-125 c,Transit
392,TOI-125 d,Transit
6255,TOI-1259 A b,Transit
1725,TOI-1260 b,Transit
1169,TOI-1260 c,Transit
1547,TOI-1260 d,Transit
1540,TOI-1266 b,Transit
2089,TOI-1266 c,Transit
894,TOI-1266 d,Transit Timing Variations
4329,TOI-1268 b,Transit
4732,TOI-1269 b,Transit
2293,TOI-1272 b,Transit
4668,TOI-1273 b,Transit
6331,TOI-1278 b,Transit
1643,TOI-1279 b,Transit
4735,TOI-1288 b,Transit
5709,TOI-1288 c,Radial Velocity
621,TOI-1294 b,Transit
816,TOI-1294 c,Radial Velocity
4866,TOI-1295 b,Transit
1638,TOI-1296 b,Transit
4754,TOI-1298 b,Transit
5960,TOI-132 b,Transit
4102,TOI-1333 b,Transit
401,TOI-1338 b,Transit
517,TOI-1338 c,Radial Velocity
1861,TOI-1347 b,Transit
5558,TOI-1347 c,Transit
4741,TOI-1386 b,Transit
1598,TOI-1386 c,Radial Velocity
5416,TOI-1408 b,Transit
5701,TOI-1408 c,Transit Timing Variations
4790,TOI-1410 c,Radial Velocity
4740,TOI-1410.01,Transit
1303,TOI-1411 b,Transit
485,TOI-1416 b,Transit
486,TOI-1420 b,Transit
5489,TOI-1422 b,Transit
1207,TOI-1422 c,Radial Velocity
6283,TOI-1431 b,Transit
4868,TOI-1437 b,Transit
4980,TOI-1438 b,Transit
4982,TOI-1438 c,Transit
1677,TOI-1439 b,Transit
5447,TOI-1443 b,Transit
4750,TOI-1444 b,Transit
885,TOI-1448 b,Transit
4745,TOI-1451 b,Transit
4488,TOI-1452 b,Transit
4874,TOI-1467 b,Transit
488,TOI-1468 b,Transit
487,TOI-1468 c,Transit
4618,TOI-1470 b,Transit
4624,TOI-1470 c,Transit
5096,TOI-1472 b,Transit
1135,TOI-1472 c,Radial Velocity
4921,TOI-1478 b,Transit
3952,TOI-150.01,Transit
5101,TOI-1518 b,Transit
2061,TOI-1533 b,Transit
990,TOI-1533 c,Transit
4032,TOI-157 b,Transit
5191,TOI-159 b,Transit
4749,TOI-1601 b,Transit
5884,TOI-163 b,Transit
6238,TOI-1634 b,Transit
5097,TOI-1648 b,Transit
4786,TOI-1669 b,Radial Velocity
5520,TOI-1669 c,Transit
463,TOI-1670 b,Transit
464,TOI-1670 c,Transit
440,TOI-1685 b,Transit
4033,TOI-169 b,Transit
5536,TOI-1691 b,Transit
1631,TOI-1694 b,Transit
1894,TOI-1694 c,Radial Velocity
5544,TOI-1695 b,Transit
1869,TOI-1696 b,Transit
5194,TOI-1710 b,Transit
3838,TOI-172 b,Transit
5953,TOI-1723 b,Transit
1489,TOI-1728 b,Transit
4751,TOI-1736 b,Transit
1682,TOI-1736 c,Radial Velocity
1178,TOI-1742 b,Transit
4126,TOI-1749 b,Transit
1730,TOI-1749 c,Transit
4127,TOI-1749 d,Transit
4755,TOI-1751 b,Transit
5867,TOI-1753 b,Transit
5879,TOI-1758 b,Transit
203,TOI-1759 b,Transit
5887,TOI-1775 b,Transit
4759,TOI-1776 b,Transit
431,TOI-178 c,Transit
432,TOI-178 d,Transit
433,TOI-178 e,Transit
434,TOI-178 f,Transit
435,TOI-178 g,Transit
4764,TOI-1794 b,Transit
1827,TOI-1798.01,Transit
1452,TOI-1798.02,Transit
978,TOI-1799 b,Transit
491,TOI-1801 b,Transit
4918,TOI-1803 b,Transit
1254,TOI-1803 c,Transit
441,TOI-1807 b,Transit
473,TOI-181 b,Transit
4551,TOI-1811 b,Transit
1101,TOI-1820 b,Transit
492,TOI-1823 b,Transit
4769,TOI-1824 b,Transit
769,TOI-1836 b,Transit
1085,TOI-1836 c,Transit
4768,TOI-1842 b,Transit
4697,TOI-1853 b,Transit
4794,TOI-1855 b,Transit
768,TOI-1859 b,Transit
2295,TOI-1883 b,Transit
756,TOI-1898 b,Transit
411,TOI-1899 b,Transit
5954,TOI-1937 A b,Transit
5147,TOI-198 b,Transit
474,TOI-199 b,Transit
529,TOI-199 c,Transit Timing Variations
4712,TOI-1994 b,Transit
5962,TOI-2000 b,Transit
5961,TOI-2000 c,Transit
938,TOI-2005 b,Transit
732,TOI-201 b,Transit
5197,TOI-201 c,Transit Timing Variations
6092,TOI-201 d,Transit
4667,TOI-2010 b,Transit
4902,TOI-2015 b,Transit
4901,TOI-2015 c,Transit Timing Variations
4776,TOI-2019 b,Transit
1359,TOI-2025 b,Transit
493,TOI-2031 A b,Transit
1194,TOI-2040 b,Transit
5189,TOI-2049 b,Transit
442,TOI-2076 b,Transit
443,TOI-2076 c,Transit
444,TOI-2076 d,Transit
547,TOI-2076 e,Transit
1333,TOI-2088 b,Transit
715,TOI-2093 b,Radial Velocity
4992,TOI-2093 c,Transit
4757,TOI-2095 b,Transit
2528,TOI-2095 c,Transit
4509,TOI-2096 b,Transit
1853,TOI-2096 c,Transit
4800,TOI-2107 b,Transit
1971,TOI-2114 b,Transit
1296,TOI-2120 b,Transit
1962,TOI-2128 b,Transit
494,TOI-2134 b,Transit
495,TOI-2134 c,Transit
4331,TOI-2136 b,Transit
5931,TOI-2141 b,Transit
5106,TOI-2145 b,Transit
5207,TOI-2147 b,Transit
4557,TOI-2152 A b,Transit
1075,TOI-2154 b,Transit
5947,TOI-2158 b,Transit
6254,TOI-216.01,Transit
792,TOI-216.02,Transit
1438,TOI-2169 A b,Transit
1992,TOI-2180 b,Transit
1479,TOI-2193 A b,Transit
4425,TOI-2196 b,Transit
207,TOI-220 b,Transit
1829,TOI-2202 b,Transit
4119,TOI-2202 c,Transit Timing Variations
4494,TOI-2207 b,Transit
1755,TOI-2236 b,Transit
4212,TOI-2257 b,Transit
204,TOI-2285 b,Transit
1181,TOI-2295 b,Transit
4845,TOI-2295 c,Radial Velocity
248,TOI-2322 b,Transit
247,TOI-2322 c,Transit
4943,TOI-2328 b,Transit
4564,TOI-2338 b,Transit
4924,TOI-2346 b,Transit
4569,TOI-2364 b,Transit
4799,TOI-2368 b,Transit
4043,TOI-237 b,Transit
4673,TOI-2373 b,Transit
496,TOI-2374 b,Transit
1325,TOI-2379 b,Transit
4964,TOI-238 b,Transit
4690,TOI-238 c,Radial Velocity
5912,TOI-2382 b,Transit
703,TOI-2384 b,Transit
775,TOI-2406 b,Transit
4899,TOI-2407 b,Transit
4672,TOI-2416 b,Transit
4881,TOI-2420 b,Transit
4503,TOI-2421 b,Transit
497,TOI-2431 b,Transit
4894,TOI-2443 b,Transit
5932,TOI-2447 b,Transit
4955,TOI-2449 b,Transit
5939,TOI-2458 b,Transit
4835,TOI-2458 c,Radial Velocity
4885,TOI-2485 b,Transit
4562,TOI-2497 b,Transit
5964,TOI-2498 b,Transit
4054,TOI-251 b,Transit
5417,TOI-2524 b,Transit
5427,TOI-2525 b,Transit
1081,TOI-2525 c,Transit
1371,TOI-2529 b,Transit
4840,TOI-2537 b,Transit
4847,TOI-2537 c,Radial Velocity
5880,TOI-2567 b,Transit
4077,TOI-257 b,Transit
4409,TOI-2570 b,Transit
813,TOI-2578 b,Transit
1331,TOI-2580 b,Transit
4505,TOI-2583 A b,Transit
638,TOI-2587 A b,Transit
1571,TOI-2589 b,Transit
554,TOI-260 b,Transit
877,TOI-2641 b,Transit
4081,TOI-269 b,Transit
376,TOI-270 b,Transit
377,TOI-270 c,Transit
378,TOI-270 d,Transit
5909,TOI-2714 b,Transit
4508,TOI-2796 b,Transit
1125,TOI-2803 A b,Transit
5933,TOI-2818 b,Transit
5425,TOI-283 b,Transit
4512,TOI-2842 b,Transit
677,TOI-286 b,Transit
267,TOI-286 c,Transit
4928,TOI-2876 b,Transit
4927,TOI-2886 b,Transit
4891,TOI-2969 b,Transit
1196,TOI-2977 b,Transit
4860,TOI-2981 b,Transit
4929,TOI-2986 b,Transit
740,TOI-2989 b,Transit
1509,TOI-2992 b,Transit
5871,TOI-3023 b,Transit
2497,TOI-3053 b,Transit
4774,TOI-3071 b,Transit
4933,TOI-3135 b,Transit
1250,TOI-3160 A b,Transit
498,TOI-3235 b,Transit
4795,TOI-3261 b,Transit
214,TOI-3278 b,Transit
1387,TOI-3288 b,Transit
4788,TOI-329 b,Transit
1311,TOI-332 b,Transit
4807,TOI-3321 b,Transit
1849,TOI-333 b,Transit
4418,TOI-3331 A b,Transit
4226,TOI-3362 b,Transit
4518,TOI-3364 b,Transit
5175,TOI-3457 b,Transit
4938,TOI-3464 b,Transit
889,TOI-3474 b,Transit
4942,TOI-3486 b,Transit
1043,TOI-3523 A b,Transit
4417,TOI-3540 A b,Transit
4828,TOI-3568 b,Transit
6226,TOI-3593 b,Transit
4467,TOI-3629 b,Transit
5184,TOI-3664 b,Transit
4947,TOI-3682 b,Transit
4523,TOI-3688 A b,Transit
4419,TOI-3693 b,Transit
470,TOI-3714 b,Transit
5068,TOI-375 b,Transit
499,TOI-3757 b,Transit
1634,TOI-3785 b,Transit
675,TOI-3807 b,Transit
6273,TOI-3819 b,Transit
4944,TOI-3837 b,Transit
992,TOI-3856 b,Transit
6294,TOI-3862 b,Transit
1739,TOI-3877 b,Transit
500,TOI-3884 b,Transit
4806,TOI-3894 b,Transit
6316,TOI-3912 b,Transit
4734,TOI-3919 b,Transit
4530,TOI-3976 A b,Transit
6333,TOI-3980 b,Transit
501,TOI-3984 A b,Transit
504,TOI-4010 b,Transit
502,TOI-4010 c,Transit
503,TOI-4010 d,Transit
525,TOI-4010 e,Radial Velocity
5185,TOI-4034 b,Transit
4851,TOI-406 c,Transit
5436,TOI-406.01,Transit
4532,TOI-4087 b,Transit
4585,TOI-411 b,Transit
4581,TOI-411 c,Transit
5113,TOI-4127 b,Transit
655,TOI-4137 b,Transit
6263,TOI-4145 A b,Transit
1206,TOI-4153 b,Transit
4596,TOI-4201 b,Transit
416,TOI-421 b,Transit
417,TOI-421 c,Transit
4951,TOI-4214 b,Transit
446,TOI-431 b,Transit
447,TOI-431 c,Radial Velocity
448,TOI-431 d,Transit
6220,TOI-4311 c,Transit
506,TOI-4336 A b,Transit
553,TOI-4336 A c,Transit
5043,TOI-4342 b,Transit
6241,TOI-4342 c,Transit
1505,TOI-4364 b,Transit
4727,TOI-4377 b,Transit
6285,TOI-4406 b,Transit
5188,TOI-4427 b,Transit
2341,TOI-4438 b,Transit
5190,TOI-4458 b,Transit
6311,TOI-4463 A b,Transit
4920,TOI-4465 b,Transit
6318,TOI-4487 A b,Transit
1654,TOI-4495 b,Transit
1543,TOI-4495 c,Transit
2530,TOI-4504 b,Transit
1576,TOI-4504 c,Transit
1525,TOI-4504 d,Transit Timing Variations
6336,TOI-4507 b,Transit
427,TOI-451 b,Transit
428,TOI-451 c,Transit
429,TOI-451 d,Transit
4713,TOI-4515 b,Transit
6234,TOI-4551 b,Transit
1624,TOI-4552 b,Transit
1406,TOI-4562 b,Transit
3958,TOI-4562 c,Transit Timing Variations
5110,TOI-4588 b,Transit
4602,TOI-4600 b,Transit
5583,TOI-4600 c,Transit
5177,TOI-4602.01,Transit
4513,TOI-4603 b,Transit
4676,TOI-4633 c,Transit
4710,TOI-4641 b,Transit
6303,TOI-4666 b,Transit
4811,TOI-469.01,Transit
4888,TOI-4734 b,Transit
5008,TOI-4773 b,Transit
4538,TOI-4791 b,Transit
4893,TOI-4794 b,Transit
4789,TOI-480 b,Transit
4029,TOI-481 b,Transit
4675,TOI-4860 b,Transit
649,TOI-4914 b,Transit
1415,TOI-4961 b,Transit
4843,TOI-4994 b,Transit
456,TOI-500 b,Transit
5066,TOI-5007 b,Transit
6288,TOI-5027 b,Transit
4832,TOI-5076 b,Transit
4846,TOI-5110 b,Transit
4698,TOI-5126 b,Transit
1347,TOI-5126 c,Transit
4396,TOI-5153 b,Transit
1282,TOI-5181 A b,Transit
4613,TOI-519 b,Transit
509,TOI-5205 b,Transit
1984,TOI-521 b,Transit
5608,TOI-5210 b,Transit
4747,TOI-5218 b,Transit
4739,TOI-5232 b,Transit
5007,TOI-5261 b,Transit
1440,TOI-5292 A b,Transit
511,TOI-5293 A b,Transit
4144,TOI-530 b,Transit
4892,TOI-5300 b,Transit
4738,TOI-5301 b,Transit
1811,TOI-532 b,Transit
779,TOI-5322 b,Transit
4896,TOI-5340 b,Transit
6122,TOI-5344 b,Transit
815,TOI-5349 b,Transit
5014,TOI-5350 b,Transit
4900,TOI-5386 A b,Transit
1100,TOI-5398 b,Transit
4687,TOI-5398 c,Transit
999,TOI-540 b,Transit
5069,TOI-5422 b,Transit
4661,TOI-544 b,Transit
4563,TOI-5542 b,Transit
6087,TOI-5573 b,Transit
6271,TOI-558 b,Transit
4139,TOI-559 b,Transit
5678,TOI-5592 b,Transit
423,TOI-561 b,Transit
424,TOI-561 c,Transit
425,TOI-561 d,Transit
426,TOI-561 e,Transit
5696,TOI-5616 b,Transit
1117,TOI-5624 b,Transit
5137,TOI-5624 c,Transit
5705,TOI-5624 d,Transit
691,TOI-5624 e,Transit
208,TOI-5624 f,Transit Timing Variations
1507,TOI-5628 A b,Transit
4752,TOI-5634 A b,Transit
3979,TOI-564 b,Transit
5571,TOI-5678 b,Transit
4855,TOI-5688 A b,Transit
4863,TOI-5713 b,Transit
5075,TOI-5788 b,Transit
5074,TOI-5788 c,Transit
5619,TOI-5789 b,Radial Velocity
148,TOI-5789 c,Transit
5618,TOI-5789 d,Radial Velocity
5631,TOI-5789 e,Radial Velocity
1163,TOI-5795 b,Transit
1124,TOI-5800 b,Transit
5015,TOI-5817 b,Transit
4919,TOI-5882 b,Transit
1944,TOI-5916 b,Transit
4864,TOI-6002 b,Transit
5692,TOI-6016 b,Transit
5208,TOI-6019 b,Transit
5573,TOI-6034 b,Transit
1151,TOI-6054.01,Transit
4971,TOI-6054.02,Transit
4867,TOI-6130 b,Transit
1512,TOI-615 b,Transit
808,TOI-6158 b,Transit
4346,TOI-620 b,Transit
4595,TOI-622 b,Transit
6327,TOI-628 b,Transit
5031,TOI-6303 b,Transit
5604,TOI-6330 b,Transit
5627,TOI-6383 A b,Transit
4906,TOI-640 b,Transit
5013,TOI-6420 b,Transit
4988,TOI-6448 b,Transit
5003,TOI-654.01,Transit
1845,TOI-6564 b,Transit
4948,TOI-6628 b,Transit
4872,TOI-6651 b,Transit
4796,TOI-669 b,Transit
5042,TOI-6692 b,Transit
5672,TOI-6695 b,Transit
1921,TOI-6695 c,Radial Velocity
5093,TOI-6716 b,Transit
5152,TOI-672 b,Transit
439,TOI-674 b,Transit
398,TOI-677 b,Transit
5176,TOI-6884 b,Transit
541,TOI-6894 b,Transit
407,TOI-700 b,Transit
408,TOI-700 c,Transit
409,TOI-700 d,Transit
475,TOI-700 e,Transit
5899,TOI-712 b,Transit
4482,TOI-712 c,Transit
4483,TOI-712 d,Transit
5629,TOI-7149 b,Transit
5067,TOI-7166 b,Transit
1974,TOI-7169 b,Transit
1917,TOI-7189 b,Transit
1918,TOI-7265 B b,Transit
4525,TOI-733 b,Transit
5642,TOI-7384 b,Transit
927,TOI-7393 b,Transit
940,TOI-7394 B b,Transit
5073,TOI-7510 b,Transit
614,TOI-7510 c,Transit
5686,TOI-7510 d,Transit
4984,TOI-756 b,Transit
4985,TOI-756 c,Radial Velocity
4791,TOI-757 b,Transit
2357,TOI-762 A b,Transit
5943,TOI-763 b,Transit
3977,TOI-763 c,Transit
476,TOI-771 b,Transit
546,TOI-771 c,Radial Velocity
421,TOI-776 b,Transit
422,TOI-776 c,Transit
2104,TOI-778 b,Transit
4663,TOI-782 b,Transit
5918,TOI-784 b,Transit
5178,TOI-791 b,Transit
5180,TOI-791 c,Transit
3908,TOI-813 b,Transit
5930,TOI-815 b,Transit
4781,TOI-815 c,Transit
478,TOI-836 b,Transit
477,TOI-836.01,Transit
4802,TOI-837 b,Transit
406,TOI-849 b,Transit
4603,TOI-858 B b,Transit
932,TOI-892 b,Transit
3978,TOI-905 b,Transit
1689,TOI-908 b,Transit
237,TOI-912 b,Transit
4533,TOI-942 b,Transit
4524,TOI-942 c,Transit
4018,TOI-954 b,Transit
4571,TOI-969 c,Radial Velocity
330,TRAPPIST-1 b,Transit
331,TRAPPIST-1 c,Transit
332,TRAPPIST-1 d,Transit
346,TRAPPIST-1 e,Transit
347,TRAPPIST-1 f,Transit
348,TRAPPIST-1 g,Transit
349,TRAPPIST-1 h,Transit
6313,TYC 0434-04538-1 b,Radial Velocity
2700,TYC 1422-614-1 b,Radial Velocity
2701,TYC 1422-614-1 c,Radial Velocity
4352,TYC 2187-512-1 b,Radial Velocity
3605,TYC 3318-01333-1 b,Radial Velocity
2115,TYC 3667-1280-1 b,Radial Velocity
3562,TYC 4282-00605-1 b,Radial Velocity
5875,Teegarden's Star b,Radial Velocity
905,Teegarden's Star c,Radial Velocity
4662,Teegarden's Star d,Radial Velocity
1830,TrES-1 b,Transit
26,TrES-2 b,Transit
5387,TrES-3 b,Transit
296,TrES-4 b,Transit
2771,TrES-5 b,Transit
5393,V0391 Peg b,Pulsation Timing Variations
374,V1298 Tau b,Transit
384,V1298 Tau c,Transit
385,V1298 Tau d,Transit
386,V1298 Tau e,Transit
3619,V830 Tau b,Radial Velocity
2228,WASP-1 b,Transit
5395,WASP-10 b,Transit
1434,WASP-100 b,Transit
3678,WASP-101 b,Transit
4941,WASP-102 b,Transit
312,WASP-103 b,Transit
5515,WASP-104 b,Transit
3601,WASP-105 b,Transit
807,WASP-106 b,Transit
356,WASP-107 b,Transit
3670,WASP-11 b,Transit
3484,WASP-113 b,Transit
3483,WASP-114 b,Transit
4930,WASP-116 b,Transit
3666,WASP-117 b,Transit
6221,WASP-118 b,Transit
1131,WASP-119 b,Transit
297,WASP-12 b,Transit
5034,WASP-120 b,Transit
334,WASP-121 b,Transit
129,WASP-123 b,Transit
1676,WASP-124 b,Transit
2283,WASP-126 b,Transit
345,WASP-127 b,Transit
3518,WASP-129 b,Transit
3671,WASP-13 b,Transit
136,WASP-130 b,Transit
343,WASP-131 b,Transit
4810,WASP-132 b,Transit
4815,WASP-132 c,Transit
5666,WASP-132 d,Radial Velocity
3519,WASP-133 b,Transit
5531,WASP-135 b,Transit
1636,WASP-136 b,Transit
344,WASP-139 b,Transit
3677,WASP-14 b,Transit
5035,WASP-140 b,Transit
3612,WASP-141 b,Transit
6299,WASP-142 b,Transit
5556,WASP-144 b,Transit
1635,WASP-145 A b,Transit
3758,WASP-147 b,Transit
403,WASP-148 b,Transit
404,WASP-148 c,Radial Velocity
1939,WASP-149 b,Transit
298,WASP-15 b,Transit
3987,WASP-150 b,Transit
634,WASP-151 b,Transit
3566,WASP-153 b,Transit
4936,WASP-154 b,Transit
2218,WASP-155 b,Transit
2123,WASP-156 b,Transit
776,WASP-157 b,Transit
3741,WASP-158 b,Transit
1034,WASP-159 b,Transit
5401,WASP-16 b,Transit
3759,WASP-160 B b,Transit
3744,WASP-162 b,Transit
365,WASP-164 b,Transit
3763,WASP-165 b,Transit
375,WASP-166 b,Transit
3745,WASP-168 b,Transit
3915,WASP-169 b,Transit
299,WASP-17 b,Transit
6300,WASP-171 b,Transit
1965,WASP-172 b,Transit
3752,WASP-173 A b,Transit
617,WASP-174 b,Transit
3922,WASP-175 b,Transit
1785,WASP-176 b,Transit
383,WASP-178 b,Transit
300,WASP-18 b,Transit
3934,WASP-180 A b,Transit
6307,WASP-182 b,Transit
3946,WASP-184 b,Transit
3947,WASP-185 b,Transit
4048,WASP-186 b,Transit
5889,WASP-187 b,Transit
4935,WASP-188 b,Transit
462,WASP-189 b,Transit
301,WASP-19 b,Transit
3902,WASP-190 b,Transit
1684,WASP-192 b,Transit
521,WASP-193 b,Transit
1037,WASP-194 b,Transit
6227,WASP-195 b,Transit
4940,WASP-197 b,Transit
3935,WASP-2 b,Transit
318,WASP-20 b,Transit
92,WASP-21 b,Transit
3681,WASP-22 b,Transit
2127,WASP-23 b,Transit
24,WASP-24 b,Transit
302,WASP-25 b,Transit
3686,WASP-26 b,Transit
1622,WASP-28 b,Transit
3685,WASP-29 b,Transit
1467,WASP-3 b,Transit
107,WASP-31 b,Transit
23,WASP-32 b,Transit
3852,WASP-33 b,Transit
241,WASP-34 b,Transit
5415,WASP-35 b,Transit
2838,WASP-36 b,Transit
109,WASP-37 b,Transit
3692,WASP-38 b,Transit
303,WASP-39 b,Transit
4977,WASP-4 b,Transit
3698,WASP-41 b,Transit
2791,WASP-41 c,Radial Velocity
2773,WASP-42 b,Transit
304,WASP-43 b,Transit
3938,WASP-44 b,Transit
3939,WASP-45 b,Transit
2811,WASP-46 b,Transit
307,WASP-47 b,Transit
325,WASP-47 d,Transit
326,WASP-47 e,Transit
3699,WASP-48 b,Transit
3729,WASP-49 b,Transit
2180,WASP-5 b,Transit
5388,WASP-50 b,Transit
309,WASP-52 b,Transit
3547,WASP-53 b,Transit
986,WASP-54 b,Transit
5477,WASP-55 b,Transit
5529,WASP-56 b,Transit
1412,WASP-57 b,Transit
3640,WASP-58 b,Transit
1094,WASP-59 b,Transit
305,WASP-6 b,Transit
1942,WASP-60 b,Transit
126,WASP-61 b,Transit
5488,WASP-62 b,Transit
308,WASP-63 b,Transit
2275,WASP-64 b,Transit
2223,WASP-65 b,Transit
3733,WASP-66 b,Transit
3734,WASP-67 b,Transit
5539,WASP-68 b,Transit
316,WASP-69 b,Transit
1187,WASP-7 b,Transit
1826,WASP-70 A b,Transit
5466,WASP-71 b,Transit
3647,WASP-72 b,Transit
2018,WASP-73 b,Transit
6324,WASP-74 b,Transit
2232,WASP-75 b,Transit
328,WASP-76 b,Transit
310,WASP-77 A b,Transit
5546,WASP-78 b,Transit
4639,WASP-79 b,Transit
5394,WASP-8 b,Transit
2226,WASP-8 c,Radial Velocity
311,WASP-80 b,Transit
3554,WASP-81 b,Transit
3683,WASP-82 b,Transit
1665,WASP-83 b,Transit
317,WASP-84 b,Transit
3477,WASP-85 A b,Transit
5883,WASP-87 b,Transit
5549,WASP-88 b,Transit
2824,WASP-89 b,Transit
2842,WASP-90 b,Transit
3596,WASP-91 b,Transit
2799,WASP-92 b,Transit
2806,WASP-93 b,Transit
314,WASP-94 A b,Transit
315,WASP-94 B b,Radial Velocity
3672,WASP-95 b,Transit
313,WASP-96 b,Transit
3673,WASP-97 b,Transit
3459,WASP-98 b,Transit
5420,WASP-99 b,Transit
413,WD 1856+534 b,Transit
2235,WTS-1 b,Transit
2327,WTS-2 b,Transit
4022,Wendelstein-1 b,Transit
5968,Wendelstein-2 b,Transit
3589,Wolf 1061 b,Radial Velocity
3592,Wolf 1061 c,Radial Velocity
5551,Wolf 1061 d,Radial Velocity
144,Wolf 327 b,Transit
6230,Wolf 503 b,Transit
3707,XO-1 b,Transit
5396,XO-2 N b,Transit
1501,XO-2 S b,Radial Velocity
1668,XO-2 S c,Radial Velocity
5199,XO-2 S d,Radial Velocity
5071,XO-3 b,Transit
3708,XO-4 b,Transit
591,XO-5 b,Transit
3636,XO-6 b,Transit
3904,XO-7 b,Transit
4251,YZ Cet b,Radial Velocity
4252,YZ Cet c,Radial Velocity
5526,YZ Cet d,Radial Velocity
1991,alf Ari b,Radial Velocity
2808,alf Tau b,Radial Velocity
2270,bet Cnc b,Radial Velocity
5201,bet Pic b,Imaging
5202,bet Pic c,Radial Velocity
5203,bet Pic d,Imaging
5479,bet UMi b,Radial Velocity
1983,eps CrB b,Radial Velocity
5179,eps Eri b,Radial Velocity
1588,eps Ind A b,Radial Velocity
5260,eps Tau b,Radial Velocity
4686,gam Cep b,Radial Velocity
4677,gam Lib b,Radial Velocity
5435,gam Lib c,Radial Velocity
4319,gam Psc b,Radial Velocity
5261,gam1 Leo b,Radial Velocity
4334,iot Dra b,Radial Velocity
4339,iot Dra c,Radial Velocity
4722,kap CrB b,Radial Velocity
2271,mu Leo b,Radial Velocity
5708,nu Oct A b,Radial Velocity
4726,nu Oph b,Radial Velocity
1143,nu Oph c,Radial Velocity
4666,ome Ser b,Radial Velocity
4660,omi CrB b,Radial Velocity
4659,omi UMa b,Radial Velocity
594,pi Men c,Transit
217,pi Men d,Radial Velocity
5540,psi1 Dra B b,Radial Velocity
5383,rho CrB b,Radial Velocity
1517,rho CrB c,Radial Velocity
5166,rho CrB e,Radial Velocity
2764,tau Boo b,Radial Velocity
3595,tau Cet f,Radial Velocity
730,tau Cet g,Radial Velocity
5508,tau Cet h,Radial Velocity
2239,tau Gem b,Radial Velocity
114,ups And b,Radial Velocity
1835,ups And c,Radial Velocity
115,ups And d,Radial Velocity
4313,ups Leo b,Radial Velocity
5414,xi Aql b,Radial Velocity
