left,right,cosine_merge_height,size
2000.0,4065.0,4.9776691048775135e-05,2.0
1816.0,3924.0,0.00011693753346264657,2.0
1593.0,1641.0,0.00012863484048952767,2.0
291.0,4255.0,0.00013467665111333016,2.0
1777.0,2011.0,0.0002155510778488745,2.0
1930.0,1931.0,0.0002196856257765667,2.0
914.0,921.0,0.0002587619486593695,2.0
1790.0,3939.0,0.0002732212777831755,2.0
1703.0,3884.0,0.0002792780033242792,2.0
3283.0,3374.0,0.00029185471170500854,2.0
1544.0,1924.0,0.0003106650597246574,2.0
1737.0,2268.0,0.0003169428449416589,2.0
1668.0,3184.0,0.000332386622117431,2.0
1704.0,3913.0,0.00033543628148013926,2.0
1830.0,3106.0,0.00034040277470204217,2.0
1835.0,1974.0,0.00034290082348709117,2.0
124.0,1566.0,0.0003688054179339373,2.0
1756.0,2433.0,0.0003753304069955554,2.0
1981.0,3990.0,0.00038832718456005555,2.0
1979.0,2141.0,0.00039403229966594733,2.0
3708.0,3902.0,0.0003956568277631023,2.0
1874.0,2041.0,0.0003956639165398901,2.0
136.0,4229.0,0.0003984508650427543,2.0
2707.0,4218.0,0.00040185339335674364,2.0
4257.0,4260.0,0.00040521669954551864,2.0
2265.0,2347.0,0.00040711564225148766,2.0
2079.0,4120.0,0.0004111851254633425,2.0
4878.0,4879.0,0.00041511624905132827,2.0
138.0,141.0,0.00044373578052703255,2.0
2239.0,2240.0,0.00046271958291077553,2.0
784.0,973.0,0.00046300237674379296,2.0
1689.0,1893.0,0.0004679466956513112,2.0
1724.0,2332.0,0.00047465452867645475,2.0
1880.0,2218.0,0.0004800443084327366,2.0
2720.0,3996.0,0.0004814454746178143,2.0
65.0,67.0,0.00048681139879913626,2.0
1717.0,1834.0,0.00048704785014697105,2.0
38.0,952.0,0.00048741071076507936,2.0
1884.0,3632.0,0.0004900547233046559,2.0
3705.0,5152.0,0.0004916865691770855,3.0
2142.0,2838.0,0.0004922521020040982,2.0
1339.0,2810.0,0.0004948791311323308,2.0
416.0,1182.0,0.0004955757082714118,2.0
237.0,4200.0,0.0005010114983079461,2.0
1659.0,4086.0,0.0005050115687358359,2.0
1896.0,3702.0,0.0005252521959776546,2.0
1814.0,3773.0,0.0005257763151557127,2.0
2575.0,3262.0,0.0005308650427447992,2.0
1628.0,1789.0,0.0005318255988545628,2.0
1655.0,3937.0,0.0005555658427928156,2.0
1867.0,1968.0,0.0005556692215967773,2.0
1996.0,4197.0,0.0005703664642967565,2.0
3107.0,3688.0,0.0005719289422382312,2.0
1778.0,4011.0,0.0005827368662045807,2.0
2129.0,3911.0,0.0005920237428647113,2.0
903.0,982.0,0.0005967062818497126,2.0
1848.0,2317.0,0.0006035108535714651,2.0
1810.0,3312.0,0.0006067726168955678,2.0
1916.0,1938.0,0.0006176452490115336,2.0
1617.0,1792.0,0.0006216189463577049,2.0
1725.0,1855.0,0.0006251807291486333,2.0
1107.0,1108.0,0.0006346718107967941,2.0
3116.0,3360.0,0.0006370041165041362,2.0
3478.0,4874.0,0.0006484269376686447,2.0
2292.0,5172.0,0.0006588916440599668,3.0
1654.0,1662.0,0.0006706932985489633,2.0
2979.0,5164.0,0.0006758426506577875,3.0
1906.0,4123.0,0.0006784832346309333,2.0
2187.0,2822.0,0.0006875697353883048,2.0
1954.0,2633.0,0.0006885511614196371,2.0
220.0,4418.0,0.0006904273402430494,2.0
1913.0,3634.0,0.0006930190752727494,2.0
2065.0,3583.0,0.0006962640685826971,2.0
172.0,5082.0,0.0007002409359424533,2.0
1531.0,2437.0,0.0007062064395159107,2.0
1660.0,2328.0,0.0007065538317819753,2.0
793.0,5101.0,0.0007115930959394889,2.0
3791.0,3829.0,0.0007175756420332302,2.0
2237.0,2238.0,0.0007195186280261057,2.0
4542.0,4793.0,0.0007205466950016559,2.0
410.0,4834.0,0.0007206459772604035,2.0
2992.0,3179.0,0.000722051259184564,2.0
3479.0,4228.0,0.0007276257995113555,2.0
251.0,2379.0,0.0007277209776325178,2.0
1700.0,2330.0,0.0007312735703204343,2.0
1695.0,2314.0,0.0007531190259318921,2.0
2049.0,3703.0,0.0007647032542589249,2.0
3480.0,4877.0,0.0007825789309992004,2.0
4278.0,4907.0,0.0007839635235808995,2.0
1927.0,5159.0,0.0007967824727193595,3.0
681.0,1118.0,0.0008036101656125894,2.0
4352.0,4502.0,0.0008047042996719433,2.0
2214.0,3712.0,0.0008267409935919234,2.0
20.0,5090.0,0.0008292232962441304,2.0
2304.0,5201.0,0.0008305369635482895,3.0
4062.0,5175.0,0.0008308189297892565,3.0
799.0,1006.0,0.0008315185896801136,2.0
2522.0,3322.0,0.0008346574155269071,2.0
669.0,964.0,0.0008367064829780668,2.0
16.0,139.0,0.0008436069979348426,2.0
1868.0,2155.0,0.0008483602715302352,2.0
1882.0,5145.0,0.0008529273645286883,3.0
2130.0,2303.0,0.0008566274654309147,2.0
351.0,1484.0,0.0008607374476637952,2.0
1061.0,1125.0,0.0008612763540786217,2.0
2710.0,5154.0,0.000862753882627354,3.0
207.0,2458.0,0.0008760224160114793,2.0
2056.0,3897.0,0.0008792993166613083,2.0
2271.0,5143.0,0.0008844507047376382,3.0
2589.0,3831.0,0.0008866384111592129,2.0
2087.0,4105.0,0.000887756223322822,2.0
2221.0,2296.0,0.0008901221771837609,2.0
4791.0,4795.0,0.0008911545292880074,2.0
3784.0,4012.0,0.0008915075520513627,2.0
2341.0,5148.0,0.0008926138157221986,3.0
4066.0,5173.0,0.0008986545160087345,3.0
389.0,4807.0,0.0009096002827116978,2.0
3895.0,4124.0,0.0009104574640768082,2.0
1941.0,2700.0,0.0009104848698668899,2.0
931.0,1055.0,0.0009158138199641952,2.0
1891.0,2351.0,0.0009222765995148263,2.0
2643.0,4403.0,0.0009256956642121894,2.0
1907.0,3700.0,0.0009278484188955938,2.0
2704.0,3885.0,0.0009325167971210302,2.0
2981.0,3323.0,0.0009346796901532617,2.0
1554.0,1779.0,0.0009615204450229564,2.0
1803.0,4094.0,0.0009665773511878806,2.0
1842.0,2063.0,0.0009671871298329027,2.0
2327.0,5170.0,0.0009769509600196513,3.0
8.0,1046.0,0.000981061929368754,2.0
4346.0,4361.0,0.000982415449950147,2.0
1928.0,2661.0,0.000983137482573171,2.0
1568.0,2280.0,0.000986364047097954,2.0
3002.0,3915.0,0.0009933004309783389,2.0
1747.0,3291.0,0.0009967235862325952,2.0
839.0,889.0,0.00099905737112993,2.0
887.0,2378.0,0.0010026226274518768,2.0
2657.0,5166.0,0.0010044247330667777,3.0
219.0,3796.0,0.001005639215075238,2.0
226.0,4209.0,0.0010056822625862383,2.0
143.0,3481.0,0.0010068694702566328,2.0
1548.0,2358.0,0.0010094975223118308,2.0
1648.0,2064.0,0.0010108506280388507,2.0
1990.0,2084.0,0.0010178354680450141,2.0
1856.0,2004.0,0.0010181618128961567,2.0
2105.0,2291.0,0.0010225030539159352,2.0
905.0,2449.0,0.0010231430621759907,2.0
1894.0,2089.0,0.001029917354712806,2.0
2802.0,4113.0,0.0010405684509489088,2.0
312.0,400.0,0.001041428507095321,2.0
1776.0,2170.0,0.0010424989896261616,2.0
3794.0,4013.0,0.0010426717208026348,2.0
519.0,769.0,0.0010460140028772935,2.0
2199.0,4023.0,0.0010474332802413722,2.0
1743.0,4783.0,0.001066007163914029,2.0
2009.0,5242.0,0.0010692477833946779,4.0
2111.0,2116.0,0.0010752376874862968,2.0
1824.0,2747.0,0.0010753141990583748,2.0
723.0,4536.0,0.0010783724455710741,2.0
1766.0,5182.0,0.001078552915216302,3.0
1631.0,2278.0,0.0010817731814443121,2.0
1100.0,1451.0,0.0010829832390264471,2.0
753.0,1000.0,0.001084874514596601,2.0
1021.0,1054.0,0.0010873587475203061,2.0
4554.0,4875.0,0.001089311073342758,2.0
4127.0,4678.0,0.0010909511989377618,2.0
1629.0,2753.0,0.0010917826339994496,2.0
1898.0,2748.0,0.0010941188830017046,2.0
1665.0,5284.0,0.001095967551269672,3.0
1799.0,2274.0,0.0010963770271297246,2.0
1516.0,3929.0,0.0011003129133477785,2.0
2183.0,2205.0,0.001100616412740285,2.0
748.0,1171.0,0.0011062279122266983,2.0
1871.0,2276.0,0.0011068849693980365,2.0
1502.0,2143.0,0.0011211358378243608,2.0
1791.0,4048.0,0.0011254654130193886,2.0
1669.0,4225.0,0.0011257409451115308,2.0
1497.0,4203.0,0.00112676809938006,2.0
142.0,5168.0,0.0011311584813860076,3.0
761.0,1177.0,0.001132837565331113,2.0
267.0,3554.0,0.0011337716082058247,2.0
1582.0,3855.0,0.0011364770918949052,2.0
1905.0,1998.0,0.001137022381707098,2.0
1746.0,3697.0,0.0011389780128964189,2.0
1594.0,2717.0,0.0011504257740417856,2.0
1729.0,5149.0,0.001152059489279933,3.0
4670.0,5220.0,0.0011522031982855174,3.0
1721.0,3081.0,0.001158176244298481,2.0
4561.0,4769.0,0.0011606785057592939,2.0
1530.0,1846.0,0.0011628064543892647,2.0
2100.0,2140.0,0.001173430421440247,2.0
1951.0,2091.0,0.0011744191114062552,2.0
1468.0,1833.0,0.001174517631743588,2.0
1562.0,2154.0,0.0011800893003288682,2.0
763.0,1066.0,0.001188997270678449,2.0
5169.0,5228.0,0.00119895513507709,4.0
3843.0,3853.0,0.0012081454838372974,2.0
202.0,5317.0,0.0012083376986434802,3.0
1944.0,3957.0,0.0012123550742179079,2.0
149.0,5084.0,0.001219286434273159,2.0
3369.0,3391.0,0.0012196239030349831,2.0
3537.0,3816.0,0.0012197211042388467,2.0
1690.0,2222.0,0.0012245206896353,2.0
2193.0,3558.0,0.0012335109215504403,2.0
2988.0,4060.0,0.0012390823949902652,2.0
2210.0,4129.0,0.0012394166927720551,2.0
2227.0,2441.0,0.0012441952526263123,2.0
4102.0,5275.0,0.0012446306670865215,3.0
144.0,4792.0,0.001245489436361269,2.0
2427.0,5215.0,0.0012551518625626423,3.0
2208.0,3807.0,0.0012552733751471923,2.0
572.0,1114.0,0.001255658348430555,2.0
1977.0,5213.0,0.0012561322780946238,3.0
4227.0,5281.0,0.0012561400721097238,3.0
533.0,1187.0,0.0012663666765706516,2.0
1992.0,2426.0,0.0012717925461553925,2.0
23.0,615.0,0.0012733996712269713,2.0
169.0,4596.0,0.00127587491132497,2.0
4471.0,5342.0,0.0012759314018384593,3.0
2055.0,4096.0,0.0012807047424945317,2.0
1600.0,5292.0,0.0012870384265594725,3.0
3920.0,5197.0,0.0012885206170188956,3.0
5151.0,5194.0,0.001288984537626603,4.0
4642.0,5253.0,0.0012893210038766867,3.0
160.0,4825.0,0.001305245431077573,2.0
3947.0,4947.0,0.0013063071012295868,2.0
1949.0,5181.0,0.0013091503713986707,3.0
305.0,4254.0,0.0013129923501866703,2.0
403.0,4387.0,0.0013138975021785848,2.0
3788.0,4183.0,0.0013211884468106172,2.0
225.0,4832.0,0.0013245823567145099,2.0
2642.0,4233.0,0.0013248846708249218,2.0
4001.0,4185.0,0.0013318508379009941,2.0
2151.0,2653.0,0.001332693976010102,2.0
2829.0,5219.0,0.0013408739923133628,3.0
1406.0,1408.0,0.0013413795467500655,2.0
140.0,5098.0,0.0013415883284030317,2.0
2229.0,2243.0,0.0013470612445860564,2.0
2782.0,3316.0,0.0013545292690526622,2.0
2257.0,5251.0,0.001370812844746716,3.0
497.0,5231.0,0.001375578283653367,3.0
1751.0,3509.0,0.001376149143707428,2.0
1644.0,2054.0,0.0013816849524266317,2.0
2847.0,3721.0,0.0013842512103224847,2.0
3146.0,4178.0,0.0013848494719971294,2.0
718.0,5217.0,0.0013879683394890097,3.0
2048.0,3995.0,0.0013950029962834787,2.0
1499.0,2085.0,0.0014031224335625536,2.0
3444.0,5176.0,0.0014144373814540256,3.0
401.0,4920.0,0.0014186058947240898,2.0
3988.0,4007.0,0.0014196075036241318,2.0
683.0,1057.0,0.001430658403974161,2.0
1973.0,3344.0,0.0014376241596109063,2.0
5097.0,5163.0,0.001441865952050314,3.0
1699.0,1910.0,0.0014419973080611603,2.0
1993.0,2357.0,0.0014443936019861159,2.0
2262.0,5226.0,0.0014485007566795716,3.0
3292.0,3401.0,0.0014525314673027312,2.0
59.0,999.0,0.001464079442940136,2.0
2099.0,3258.0,0.0014651061633451645,2.0
626.0,1128.0,0.0014718325056330972,2.0
1820.0,3754.0,0.0014721089188229897,2.0
2245.0,2263.0,0.0014750511806490563,2.0
2695.0,5236.0,0.0014766091554646958,4.0
1709.0,3141.0,0.0014784142819591617,2.0
1964.0,5174.0,0.0014851905059229398,3.0
2253.0,5235.0,0.0014854673635800915,4.0
1611.0,1762.0,0.0014970573948839272,2.0
2374.0,4287.0,0.0015018599923874998,2.0
2036.0,2785.0,0.0015049749166177184,2.0
3553.0,3789.0,0.0015129286111263962,2.0
309.0,4585.0,0.0015139725484154543,2.0
2301.0,2316.0,0.0015167284301284,2.0
203.0,4681.0,0.0015172840075223792,2.0
3510.0,5243.0,0.0015187200918352906,3.0
3442.0,4757.0,0.001519482336161726,2.0
2022.0,3231.0,0.0015204697407313894,2.0
2664.0,3405.0,0.001529492663915999,2.0
2604.0,5296.0,0.0015299070154429217,5.0
3566.0,4004.0,0.0015380854447966108,2.0
1517.0,1518.0,0.001541825367962213,2.0
2894.0,3716.0,0.0015496972667639053,2.0
2854.0,3960.0,0.0015510312745496968,2.0
4986.0,5068.0,0.001551843247238338,2.0
1022.0,4881.0,0.001552893595450966,2.0
2372.0,3482.0,0.001556150680892765,2.0
3792.0,5185.0,0.0015594611836247663,3.0
520.0,1018.0,0.0015620384339537496,2.0
4895.0,5244.0,0.00156830173592859,3.0
1775.0,5311.0,0.0015701167953126038,3.0
3.0,689.0,0.0015706979189347159,2.0
3103.0,5180.0,0.001571817507985333,4.0
4286.0,5319.0,0.0015758407371231353,4.0
1553.0,4181.0,0.001576077080456928,2.0
492.0,1130.0,0.0015785033307271767,2.0
1784.0,3900.0,0.0015794235669609469,2.0
1804.0,5206.0,0.0015839886212081766,3.0
2146.0,2388.0,0.001587654500852076,2.0
1597.0,1682.0,0.001588379641368154,2.0
5208.0,5323.0,0.0015923158381682123,4.0
4432.0,4983.0,0.0015963186363745496,2.0
1670.0,1827.0,0.0015972223895481807,2.0
4608.0,5038.0,0.0015975804791800163,2.0
720.0,5107.0,0.0016005480182361698,2.0
5207.0,5238.0,0.0016035947850591703,5.0
173.0,5081.0,0.0016041944173825762,2.0
640.0,2798.0,0.0016042009328522955,2.0
5158.0,5318.0,0.0016156256326532725,4.0
3381.0,3410.0,0.00161608245590672,2.0
473.0,586.0,0.0016202296537433103,2.0
1667.0,1838.0,0.0016292972721519972,2.0
4671.0,5040.0,0.001632342822015298,2.0
1945.0,2008.0,0.0016330533235636713,2.0
1807.0,5230.0,0.0016527656567030258,4.0
1854.0,4118.0,0.001655584572355262,2.0
2375.0,4880.0,0.0016643135758172,2.0
5153.0,5186.0,0.0016722369545326132,4.0
3834.0,4042.0,0.0016744554611239915,2.0
1510.0,3880.0,0.0016749840021944573,2.0
1157.0,5202.0,0.001676712409158898,3.0
1845.0,2315.0,0.0016818067498777234,2.0
304.0,4917.0,0.0016900997256534822,2.0
4876.0,5336.0,0.0016994025001804136,5.0
1772.0,1950.0,0.0017015619626551404,2.0
3648.0,3857.0,0.0017067194716753331,2.0
1119.0,4914.0,0.00170901935522072,2.0
2073.0,5256.0,0.0017102226097126527,4.0
3286.0,3623.0,0.001712930648896882,2.0
5167.0,5285.0,0.0017148416554570445,4.0
4551.0,4720.0,0.001720061022904229,2.0
42.0,43.0,0.001724686880721027,2.0
1539.0,2694.0,0.0017331032665262036,2.0
1975.0,3858.0,0.0017398119758246233,2.0
4267.0,4274.0,0.0017408539587716598,2.0
4378.0,5337.0,0.001742960676946348,3.0
300.0,339.0,0.0017462549374782643,2.0
4211.0,5321.0,0.0017464440349937438,3.0
2669.0,2746.0,0.0017489888868040815,2.0
1829.0,5193.0,0.001762861530163029,3.0
4277.0,5136.0,0.001764619527627742,2.0
604.0,4707.0,0.0017777051471838945,2.0
2919.0,3303.0,0.0017912517497830072,2.0
2252.0,4075.0,0.001791878266202973,2.0
1886.0,5400.0,0.0017965272166584056,3.0
3713.0,3832.0,0.0017982456243818001,2.0
2299.0,2300.0,0.0017992569720971519,2.0
1753.0,1953.0,0.001803136490975299,2.0
1966.0,5380.0,0.0018033885617327512,4.0
888.0,4216.0,0.0018035098680588835,2.0
2939.0,5222.0,0.0018149079209383578,3.0
1561.0,5286.0,0.001820424536953802,3.0
3916.0,5350.0,0.0018204522656252904,4.0
2862.0,5393.0,0.0018268153336306603,3.0
2038.0,2805.0,0.0018273445996315196,2.0
1373.0,5224.0,0.0018281503093568463,3.0
2786.0,4040.0,0.0018352673134336417,2.0
3722.0,4154.0,0.0018409915750597916,2.0
1812.0,2234.0,0.001847204682598913,2.0
5191.0,5413.0,0.001852415159370957,4.0
951.0,5111.0,0.0018539514572673,2.0
1643.0,5297.0,0.0018550628938586167,3.0
405.0,4953.0,0.0018580080790328024,2.0
1351.0,4869.0,0.0018600809319800904,2.0
4935.0,4988.0,0.0018602932768996272,2.0
535.0,1058.0,0.001861172874400463,2.0
192.0,4212.0,0.0018625025783368665,2.0
1647.0,3588.0,0.0018673549548319235,2.0
3661.0,4087.0,0.0018733109552313554,2.0
768.0,1085.0,0.001877037875827603,2.0
2401.0,5259.0,0.0018800205483070487,3.0
3520.0,3522.0,0.0018887572172091582,2.0
1836.0,3284.0,0.0018907548809002916,2.0
644.0,5386.0,0.0018909701406813288,4.0
439.0,1070.0,0.0018936771722685153,2.0
2799.0,2995.0,0.0018937390647402186,2.0
1538.0,4166.0,0.001894558814399927,2.0
776.0,1155.0,0.0018968508413198526,2.0
4751.0,4752.0,0.0018980020515706464,2.0
2013.0,2504.0,0.0019066695875719075,2.0
1616.0,1959.0,0.0019141632885160131,2.0
3550.0,4077.0,0.0019147070269818212,2.0
1512.0,1584.0,0.0019161016663127306,2.0
5204.0,5305.0,0.0019272586004853431,4.0
1536.0,1687.0,0.0019275863326396747,2.0
2843.0,3037.0,0.001927887731681177,2.0
2428.0,2790.0,0.0019280198816719052,2.0
4474.0,5326.0,0.001928300847848452,4.0
3167.0,3744.0,0.0019293475088194567,2.0
3886.0,3982.0,0.0019296938255788376,2.0
1623.0,5233.0,0.0019352773762922881,3.0
5262.0,5363.0,0.0019368451749653126,6.0
2250.0,2446.0,0.0019389638050589797,2.0
1609.0,2524.0,0.001939046927972865,2.0
2136.0,3984.0,0.0019397892652216475,2.0
1653.0,3780.0,0.0019419931312069094,2.0
1650.0,3892.0,0.0019429851578394164,2.0
1934.0,3961.0,0.001944042396747725,2.0
1583.0,3072.0,0.001949513971647665,2.0
2605.0,3720.0,0.001956173370982972,2.0
1811.0,4196.0,0.0019566422237671244,2.0
3078.0,3115.0,0.0019589098625556467,2.0
3868.0,3905.0,0.0019612231402593716,2.0
2343.0,2507.0,0.0019661077087560486,2.0
1808.0,2059.0,0.001968598475642014,2.0
3879.0,3985.0,0.0019694230202802476,2.0
4691.0,5412.0,0.001971886964615588,3.0
2399.0,4201.0,0.0019720594028561633,2.0
35.0,1009.0,0.001976959527537181,2.0
424.0,863.0,0.0019771374304405898,2.0
2646.0,2647.0,0.0019777499588733427,2.0
1201.0,3496.0,0.001978060838256024,2.0
1843.0,2762.0,0.0019782782183361824,2.0
1019.0,5355.0,0.0019794698946217215,3.0
3652.0,3653.0,0.0019802766021568274,2.0
2277.0,2719.0,0.001983407159024564,2.0
1738.0,2255.0,0.0019843795608165404,2.0
570.0,1228.0,0.0019919324607424738,2.0
27.0,5357.0,0.0019930141046298755,3.0
4237.0,4407.0,0.0019934575402068555,2.0
1686.0,2305.0,0.001996934305741105,2.0
3772.0,3883.0,0.0020018160478991742,2.0
1577.0,4117.0,0.0020154940178559455,2.0
3674.0,3847.0,0.0020165331184457402,2.0
1982.0,2176.0,0.0020197351323544277,2.0
2074.0,3613.0,0.002020747102235987,2.0
3646.0,3647.0,0.0020245923408622746,2.0
705.0,760.0,0.0020305583108148895,2.0
1853.0,4126.0,0.002030734664260514,2.0
1994.0,4462.0,0.0020314612745878646,2.0
2709.0,3917.0,0.002034216388671184,2.0
3903.0,3945.0,0.0020354077008717386,2.0
910.0,5279.0,0.002036078580971823,3.0
5246.0,5439.0,0.002037730069121224,5.0
261.0,2400.0,0.0020424854261902325,2.0
3125.0,3954.0,0.0020471447599470505,2.0
1741.0,2308.0,0.002048751006380911,2.0
1508.0,5189.0,0.002050576914935598,3.0
1787.0,2094.0,0.0020542286541332944,2.0
206.0,3190.0,0.002055165605719611,2.0
4922.0,5044.0,0.002058273557738466,2.0
5274.0,5343.0,0.0020627441618623343,4.0
1818.0,2555.0,0.0020662300187203053,2.0
2861.0,3406.0,0.0020689390184042145,2.0
2043.0,2272.0,0.0020709873694000347,2.0
1825.0,2900.0,0.002076759708327436,2.0
5178.0,5303.0,0.002076954159943245,4.0
3711.0,4164.0,0.002078224961036712,2.0
265.0,872.0,0.002080658541231961,2.0
2081.0,2360.0,0.0020838092512261985,2.0
2417.0,2429.0,0.0020844582130598033,2.0
2609.0,2621.0,0.0020939381574409666,2.0
2053.0,3458.0,0.0020978321264905064,2.0
83.0,5239.0,0.0021049711133384053,3.0
5.0,1050.0,0.002106823891738996,2.0
1541.0,5248.0,0.002111079864131782,3.0
3671.0,3672.0,0.0021114072084256197,2.0
949.0,3532.0,0.002116021631279996,2.0
4893.0,5051.0,0.0021198067078228577,2.0
2579.0,2942.0,0.002122860254935577,2.0
301.0,4777.0,0.0021233555145809824,2.0
2024.0,3626.0,0.00212609129525565,2.0
5195.0,5556.0,0.0021317933408883383,4.0
749.0,771.0,0.0021396036839230748,2.0
3293.0,3899.0,0.0021405930162249343,2.0
2630.0,2959.0,0.0021415482979572076,2.0
1618.0,4177.0,0.002142150023028311,2.0
700.0,1342.0,0.002142191974885521,2.0
2957.0,3842.0,0.002144788699889655,2.0
2513.0,3150.0,0.002149654673443746,2.0
4440.0,5229.0,0.0021497998746634606,3.0
1524.0,2010.0,0.0021608561825511297,2.0
2035.0,4132.0,0.0021663298126031183,2.0
458.0,726.0,0.002171630355545684,2.0
2256.0,4143.0,0.0021733405865344,2.0
5142.0,5375.0,0.002174861400529101,5.0
3404.0,5391.0,0.0021788695836254535,3.0
336.0,4980.0,0.002185109366018123,2.0
1879.0,5155.0,0.002185745386153015,3.0
1773.0,4187.0,0.0021874253175231395,2.0
3214.0,5490.0,0.0021910215748602115,4.0
3848.0,5291.0,0.0021949025402084876,3.0
1983.0,2072.0,0.00219653574314993,2.0
2913.0,2943.0,0.002198154109453787,2.0
3732.0,4465.0,0.002199158002890944,2.0
2132.0,3812.0,0.002199348425103387,2.0
5362.0,5454.0,0.002201320580962294,7.0
2209.0,5289.0,0.002201677488141207,3.0
441.0,1051.0,0.0022107732841311067,2.0
613.0,1037.0,0.0022114235668003746,2.0
331.0,4586.0,0.0022119676596331628,2.0
3127.0,4198.0,0.0022139983722412326,2.0
2241.0,4057.0,0.002215602918054116,2.0
515.0,1210.0,0.002217418933365245,2.0
1946.0,3432.0,0.002219353109717437,2.0
2150.0,2772.0,0.002221700408760685,2.0
1847.0,1958.0,0.0022256977893793106,2.0
2706.0,3137.0,0.0022343351925554478,2.0
3483.0,5394.0,0.0022459361181609294,4.0
1895.0,3718.0,0.0022459668243919317,2.0
90.0,5165.0,0.002250283844287493,3.0
2705.0,5379.0,0.002254029621182596,3.0
2487.0,3919.0,0.002257665641844153,2.0
725.0,5558.0,0.0022612204140971537,4.0
356.0,362.0,0.0022612380734793325,2.0
322.0,4630.0,0.002263800822410289,2.0
1681.0,3048.0,0.0022652146330474077,2.0
1147.0,3887.0,0.002265876415787571,2.0
1720.0,3997.0,0.0022682333522198173,2.0
3046.0,4128.0,0.0022738980871699344,2.0
3086.0,3739.0,0.002274008779788783,2.0
1537.0,3656.0,0.002281726016382546,2.0
1885.0,2104.0,0.002282657948421307,2.0
2033.0,2125.0,0.0022845117988182784,2.0
1495.0,2325.0,0.002286103119872429,2.0
1710.0,4700.0,0.0022866124984773917,2.0
2826.0,4116.0,0.0022886215816705358,2.0
196.0,4234.0,0.002296553764685405,2.0
713.0,876.0,0.0022983324810207373,2.0
1535.0,5353.0,0.0023024934444905165,4.0
4583.0,4589.0,0.0023049775587706822,2.0
5359.0,5465.0,0.0023057646368086866,5.0
804.0,5270.0,0.002313884436950464,3.0
5216.0,5298.0,0.002319419522786914,4.0
84.0,4966.0,0.002319621816269213,2.0
298.0,4250.0,0.0023209594800536193,2.0
1839.0,5266.0,0.0023222947906678115,3.0
243.0,245.0,0.0023231333087978534,2.0
2478.0,4409.0,0.002331337741891315,2.0
4989.0,5429.0,0.0023328683992358177,4.0
2402.0,5210.0,0.0023350357224972695,3.0
2001.0,3305.0,0.0023376477562121467,2.0
1549.0,4051.0,0.0023403256744463086,2.0
4433.0,4439.0,0.0023429126437192194,2.0
2792.0,3378.0,0.0023437486562153387,2.0
1987.0,2182.0,0.0023474552569069385,2.0
672.0,1129.0,0.0023510088079622404,2.0
752.0,1034.0,0.002352637774085009,2.0
2181.0,5398.0,0.0023541199803783774,3.0
479.0,1029.0,0.0023633511201410773,2.0
3108.0,3543.0,0.0023658487932709527,2.0
4940.0,5368.0,0.0023730553660492038,3.0
1719.0,3255.0,0.0023757656100361624,2.0
4295.0,5476.0,0.0023770505148830723,3.0
409.0,4316.0,0.0023773836135859705,2.0
4168.0,5524.0,0.0023804858828603837,3.0
2359.0,2597.0,0.0023813093493600945,2.0
3411.0,5541.0,0.0023821632365502166,3.0
706.0,4285.0,0.0023877913417721386,2.0
1501.0,1557.0,0.0023936506557732384,2.0
321.0,355.0,0.002396827436397797,2.0
3611.0,5332.0,0.002397017787442668,3.0
30.0,997.0,0.002397605893369459,2.0
634.0,886.0,0.0023980077564336177,2.0
2886.0,3128.0,0.002398234483892203,2.0
1613.0,2410.0,0.0024009004668378298,2.0
2985.0,5407.0,0.002409230417411229,5.0
2688.0,3365.0,0.002413408634003189,2.0
1599.0,4078.0,0.002421315446023975,2.0
227.0,5214.0,0.002423434458682705,3.0
5263.0,5310.0,0.0024248642273335674,4.0
1763.0,2186.0,0.002425723354899101,2.0
2663.0,5410.0,0.002427493243757628,3.0
5017.0,5093.0,0.0024279046467713394,2.0
2042.0,5162.0,0.002428799098849521,3.0
360.0,5424.0,0.002429029246231229,3.0
4252.0,4290.0,0.0024322053000788157,2.0
3987.0,5294.0,0.0024340650152005483,3.0
4850.0,5377.0,0.002440890233487314,3.0
2993.0,5328.0,0.002441127365419682,3.0
4.0,933.0,0.0024423874781799304,2.0
1861.0,2040.0,0.002447909309320262,2.0
228.0,4884.0,0.0024500308424756367,2.0
2730.0,5269.0,0.0024515070743933074,4.0
709.0,5381.0,0.002453475222995031,4.0
1645.0,3270.0,0.0024558045228414427,2.0
2334.0,4026.0,0.0024567246978886015,2.0
5445.0,5570.0,0.002456816805129125,7.0
1937.0,2839.0,0.0024656975173050766,2.0
2050.0,4205.0,0.00246589338730574,2.0
289.0,4867.0,0.002477686563189807,2.0
2211.0,5397.0,0.002480665150933518,4.0
3778.0,3785.0,0.0024810401305299656,2.0
2683.0,5205.0,0.002492358040575978,4.0
1980.0,5438.0,0.0024925680756309188,3.0
724.0,1069.0,0.002499052585055561,2.0
2185.0,2275.0,0.002500046742577311,2.0
2940.0,3215.0,0.002513049354322061,2.0
474.0,591.0,0.002518766481940049,2.0
2095.0,5333.0,0.002522227770469343,3.0
1875.0,5141.0,0.002525328257419024,3.0
201.0,4501.0,0.002525457635946582,2.0
150.0,5223.0,0.00252782581704869,3.0
2279.0,3578.0,0.002529967029090363,2.0
2233.0,5301.0,0.0025329327932619994,3.0
4806.0,5364.0,0.002539371476787474,4.0
5280.0,5426.0,0.002541102948587226,4.0
1920.0,3073.0,0.002542725307413729,2.0
1632.0,5254.0,0.0025481107265481473,3.0
940.0,980.0,0.0025494646657269193,2.0
2322.0,2339.0,0.002550078354321861,2.0
4849.0,5354.0,0.0025511678259592108,4.0
1352.0,4421.0,0.0025515513881219087,2.0
2480.0,3339.0,0.002553794637072615,2.0
691.0,1175.0,0.002555632754653314,2.0
235.0,4419.0,0.002561387879780219,2.0
2952.0,3530.0,0.002563220382834408,2.0
3485.0,4498.0,0.0025669894607281973,2.0
1952.0,2269.0,0.0025724434693482623,2.0
1713.0,5331.0,0.0025746727056641383,3.0
3421.0,3427.0,0.002587864515942284,2.0
870.0,2324.0,0.0025878676001370726,2.0
5472.0,5534.0,0.002589849557810081,4.0
1969.0,3375.0,0.0025966504738603735,2.0
1112.0,1218.0,0.0026006840884378324,2.0
3741.0,3923.0,0.002604092826237303,2.0
1852.0,3577.0,0.002604171966054669,2.0
5000.0,5035.0,0.0026086858556744197,2.0
3021.0,4054.0,0.002609894812039215,2.0
530.0,5509.0,0.0026173250652886115,3.0
3280.0,5378.0,0.002621559292010911,3.0
332.0,4651.0,0.0026221201396198213,2.0
3104.0,3786.0,0.002622314058166708,2.0
2614.0,3408.0,0.002623919916022399,2.0
457.0,610.0,0.002627585403358279,2.0
3178.0,5307.0,0.002631672681805697,3.0
4217.0,5489.0,0.0026331406576736716,3.0
66.0,5389.0,0.0026340704436501974,4.0
4219.0,4358.0,0.00264589797007464,2.0
407.0,4745.0,0.0026475946877119183,2.0
5278.0,5396.0,0.0026517185856577514,5.0
4459.0,5184.0,0.0026551199146485627,3.0
1102.0,1378.0,0.002657394760057663,2.0
102.0,4765.0,0.0026578180823231268,2.0
1407.0,1409.0,0.002660208641467432,2.0
550.0,1077.0,0.002665511900792117,2.0
4665.0,5365.0,0.002666554209364347,3.0
2152.0,2340.0,0.0026671342608357573,2.0
4738.0,4810.0,0.0026728217691728284,2.0
1073.0,1173.0,0.002673099824421099,2.0
3536.0,4683.0,0.0026739798335795317,2.0
1940.0,1962.0,0.0026779785793398236,2.0
1607.0,2119.0,0.0026790179799121017,2.0
1832.0,3715.0,0.0026798864176669213,2.0
3194.0,3552.0,0.0026866425523914828,2.0
5065.0,5257.0,0.002698708820273066,3.0
2124.0,2127.0,0.002704475190062894,2.0
664.0,1243.0,0.002706693859887088,2.0
1742.0,2075.0,0.002709586479739734,2.0
270.0,796.0,0.0027103527916494397,2.0
2020.0,2631.0,0.0027134935342181254,2.0
4888.0,4889.0,0.0027191217365801768,2.0
778.0,1652.0,0.0027193639282732107,2.0
2583.0,2811.0,0.0027258209787733856,2.0
1627.0,5160.0,0.0027259816574701223,3.0
916.0,5108.0,0.002726365914622386,2.0
4052.0,5492.0,0.002736389524063132,5.0
445.0,1115.0,0.002741688999098546,2.0
1255.0,3970.0,0.002744129729460587,2.0
5237.0,5313.0,0.0027453488241399315,4.0
2460.0,3914.0,0.00274613069488161,2.0
1200.0,1258.0,0.002746949044145075,2.0
5340.0,5372.0,0.0027481114984044264,4.0
622.0,1197.0,0.0027486682186269595,2.0
2039.0,5565.0,0.0027510927566680166,3.0
1714.0,3958.0,0.002755625833778641,2.0
5096.0,5416.0,0.0027626165708615202,3.0
5300.0,5309.0,0.0027681150214997007,6.0
4016.0,5264.0,0.002772057969657682,3.0
3370.0,3392.0,0.002776542828547335,2.0
1432.0,5058.0,0.002778329551627823,2.0
2165.0,2180.0,0.0027914959750835466,2.0
4923.0,5004.0,0.0027942680787592655,2.0
2283.0,3196.0,0.00279514254769464,2.0
2236.0,2715.0,0.00279661849969437,2.0
5469.0,5584.0,0.0027978485234948502,6.0
4288.0,5078.0,0.002798072381997474,2.0
1921.0,3909.0,0.002800969267718334,2.0
4306.0,4313.0,0.0028035106629971107,2.0
4214.0,5523.0,0.002803736432991699,5.0
2016.0,3871.0,0.0028174034855937835,2.0
4594.0,4664.0,0.002818181963292643,2.0
1786.0,2627.0,0.0028217270987124232,2.0
125.0,1374.0,0.0028238029432512413,2.0
2650.0,5519.0,0.002823992222264038,3.0
200.0,4402.0,0.002826012666150457,2.0
2844.0,4130.0,0.0028288919789646316,2.0
3921.0,5636.0,0.002840144666984068,3.0
3306.0,4122.0,0.0028437649439129187,2.0
5225.0,5268.0,0.0028517448667999823,4.0
274.0,4961.0,0.0028545326511765223,2.0
5255.0,5261.0,0.0028657566171900926,5.0
2019.0,5678.0,0.002867381208843519,4.0
4114.0,5578.0,0.0028770091921153096,3.0
2336.0,3599.0,0.0028801614468283443,2.0
5258.0,5618.0,0.002880821652718061,5.0
3692.0,5418.0,0.0028816200439890083,3.0
5417.0,5653.0,0.0028817338974843343,4.0
2226.0,5272.0,0.002885072642595077,3.0
2002.0,2003.0,0.002892686023396651,2.0
2443.0,5005.0,0.002894444165232435,2.0
2160.0,5560.0,0.0028952470042141187,3.0
4210.0,4682.0,0.00289850037419348,2.0
2615.0,5306.0,0.002907292390067484,3.0
44.0,501.0,0.0029083362052321204,2.0
3777.0,4759.0,0.002908428889954351,2.0
4826.0,4827.0,0.0029138322436479402,2.0
3197.0,5457.0,0.0029158479774717694,5.0
61.0,4873.0,0.0029231206312977376,2.0
2546.0,4111.0,0.002923963793120321,2.0
1442.0,4426.0,0.0029273994485983224,2.0
1731.0,5288.0,0.002929959608698296,3.0
1068.0,5428.0,0.0029318929970552077,3.0
1988.0,2258.0,0.002932261952890758,2.0
2078.0,3232.0,0.0029334155792716254,2.0
4666.0,4970.0,0.0029398158662193863,2.0
3936.0,5516.0,0.002940519468542957,3.0
4637.0,5518.0,0.002941562252054497,3.0
2289.0,5240.0,0.0029505804707589123,3.0
4303.0,5593.0,0.002951661752706521,4.0
159.0,259.0,0.002951739812380838,2.0
4169.0,5689.0,0.002958205025973659,3.0
2841.0,5347.0,0.0029584649002764585,3.0
3453.0,4939.0,0.0029659885337322,2.0
5473.0,5539.0,0.0029672365577012028,4.0
373.0,4948.0,0.002969328266475446,2.0
4296.0,4620.0,0.0029749783518292494,2.0
2267.0,5385.0,0.002982682685991833,3.0
2393.0,3861.0,0.0029872512270262552,2.0
1697.0,3918.0,0.0029935705056204354,2.0
208.0,223.0,0.0029966186186694,2.0
524.0,1159.0,0.0029972324157671038,2.0
4093.0,5403.0,0.003002841349898533,3.0
3448.0,4626.0,0.0030039403575176093,2.0
153.0,209.0,0.0030073347154760954,2.0
3723.0,5647.0,0.0030175610918047324,3.0
849.0,5147.0,0.0030197678745517154,3.0
5433.0,5463.0,0.003027040896485655,9.0
3435.0,4172.0,0.003031022207441114,2.0
1767.0,5436.0,0.0030330512999753867,3.0
1679.0,5646.0,0.003033094864457242,3.0
531.0,1172.0,0.003044601187628837,2.0
2228.0,3609.0,0.003050781622535803,2.0
1859.0,3898.0,0.003053789844202126,2.0
3138.0,3335.0,0.0030551413188658616,2.0
2777.0,5597.0,0.0030557133939222436,3.0
5361.0,5569.0,0.0030608296417085996,5.0
2093.0,2980.0,0.0030609389377023177,2.0
1765.0,4191.0,0.003061543275597267,2.0
1552.0,3875.0,0.00306258164609563,2.0
517.0,1010.0,0.0030701451170841443,2.0
3602.0,5573.0,0.0030729721355878146,6.0
3873.0,5227.0,0.0030764942654081806,3.0
567.0,5548.0,0.00307805386753629,3.0
2131.0,2405.0,0.0030852766422724276,2.0
2149.0,3366.0,0.0030872825025741735,2.0
1788.0,5566.0,0.0030907710187156323,3.0
3571.0,4088.0,0.0030932496606840276,2.0
4743.0,5684.0,0.0030934893525849105,3.0
5316.0,5507.0,0.0030960308400883874,4.0
3736.0,5404.0,0.003097166117701805,5.0
3488.0,4838.0,0.0031004870918411864,2.0
2463.0,3959.0,0.003103397412175579,2.0
4754.0,4764.0,0.0031052619354132727,2.0
516.0,1248.0,0.003106959348296856,2.0
195.0,5211.0,0.00311382682201794,3.0
2103.0,3962.0,0.0031208103794646558,2.0
3317.0,4061.0,0.0031222984881286164,2.0
1284.0,1309.0,0.0031321972118911745,2.0
1579.0,5422.0,0.0031369084515619483,3.0
48.0,4443.0,0.0031386780435316286,2.0
5577.0,5663.0,0.003139566851701303,7.0
4414.0,4837.0,0.0031422940531922183,2.0
3679.0,3710.0,0.0031431951684974813,2.0
2096.0,2097.0,0.0031436686248436096,2.0
1580.0,1872.0,0.0031439090134691705,2.0
733.0,823.0,0.003155969054736585,2.0
4119.0,5447.0,0.003162912382453864,3.0
1267.0,4971.0,0.0031651345523776575,2.0
4270.0,4271.0,0.003167368260140302,2.0
71.0,1436.0,0.003172020407212095,2.0
2212.0,3731.0,0.0031731929729853503,2.0
4231.0,4517.0,0.003184485401530379,2.0
1625.0,2086.0,0.003188835861935857,2.0
5453.0,5555.0,0.0031938875309327486,4.0
5538.0,5723.0,0.003194094956066415,6.0
5527.0,5626.0,0.003196107725403146,11.0
5105.0,5114.0,0.00319912298423497,2.0
1685.0,5585.0,0.0032029292295585043,3.0
5014.0,5144.0,0.0032099429241966293,3.0
1781.0,5344.0,0.0032133540422855655,3.0
1239.0,5658.0,0.003216250389437625,3.0
5638.0,5819.0,0.003218941788039803,9.0
307.0,323.0,0.00321988661878303,2.0
2377.0,3101.0,0.00322135596668216,2.0
5010.0,5074.0,0.0032220086664005443,2.0
4949.0,4963.0,0.003222593477495206,2.0
2883.0,4206.0,0.0032251144724773084,2.0
4068.0,5704.0,0.0032317437328139853,4.0
1887.0,3399.0,0.0032357285993791507,2.0
3145.0,5535.0,0.003238296147974884,3.0
2188.0,5334.0,0.0032435046197945017,3.0
1705.0,5659.0,0.0032465362765809747,5.0
1571.0,2827.0,0.0032517727434476784,2.0
5435.0,5629.0,0.0032518409345659582,4.0
1439.0,5366.0,0.0032546896256085422,3.0
1701.0,5807.0,0.0032562872872514323,7.0
1680.0,1758.0,0.0032656859242334857,2.0
716.0,717.0,0.0032705961943857442,2.0
4654.0,5866.0,0.0032824058285670366,3.0
1970.0,3567.0,0.003287880670993504,2.0
1837.0,5351.0,0.003295270907968495,3.0
751.0,4546.0,0.0032970338787675635,2.0
5260.0,5551.0,0.0032979552538284773,4.0
3870.0,5564.0,0.0033050445636094716,3.0
2595.0,4059.0,0.0033141713448154864,2.0
157.0,161.0,0.003324444446703434,2.0
690.0,4627.0,0.0033246024941662178,2.0
4236.0,5066.0,0.003333634870207103,2.0
4416.0,5414.0,0.003334728849284263,3.0
864.0,2404.0,0.0033448950180603454,2.0
2752.0,3624.0,0.003349781409006658,2.0
917.0,1072.0,0.003355685798198893,2.0
5156.0,5780.0,0.0033628685901622157,4.0
315.0,4954.0,0.0033761775861262944,2.0
495.0,581.0,0.0033782248260502135,2.0
3456.0,3457.0,0.003380828507411726,2.0
288.0,402.0,0.0033825034623404804,2.0
340.0,5470.0,0.00338442350422985,3.0
3691.0,4646.0,0.0033938398646530255,2.0
3681.0,5384.0,0.0034002794858942753,3.0
4156.0,4174.0,0.0034020085384819376,2.0
3686.0,4049.0,0.0034105390907465116,2.0
4525.0,4595.0,0.003412537984039399,2.0
2616.0,5531.0,0.0034138391381977793,7.0
5483.0,5760.0,0.0034163397365563988,5.0
260.0,1323.0,0.003420270164578909,2.0
2027.0,2577.0,0.003420792628441083,2.0
3015.0,5247.0,0.0034239816375907783,3.0
5339.0,5666.0,0.0034287945012129173,5.0
5405.0,5765.0,0.0034290435896517737,5.0
2172.0,5367.0,0.0034309132939792284,4.0
463.0,1065.0,0.003433799832298301,2.0
3999.0,5575.0,0.0034366135975483214,3.0
2745.0,5187.0,0.003442319544615491,3.0
5440.0,5622.0,0.00344475421418218,6.0
1734.0,1780.0,0.003444992754874754,2.0
2282.0,5635.0,0.00345042155315628,3.0
2608.0,3783.0,0.003451147196710247,2.0
3356.0,3775.0,0.0034521016299472462,2.0
2014.0,2651.0,0.0034558756885226805,2.0
5609.0,5867.0,0.003461370412010852,5.0
1649.0,2691.0,0.003462427985613803,2.0
2005.0,5252.0,0.003463779995568128,3.0
498.0,991.0,0.003465346790252899,2.0
1639.0,3343.0,0.003468257226453275,2.0
2092.0,5520.0,0.0034709387602154806,3.0
1999.0,2779.0,0.003471674518015,2.0
3618.0,4190.0,0.003472660298731056,2.0
5250.0,5295.0,0.003477318975318444,4.0
1556.0,2819.0,0.0034830067972182466,2.0
4956.0,4964.0,0.003490427512433447,2.0
2224.0,3581.0,0.003490491213844038,2.0
2294.0,5486.0,0.003490695923919429,3.0
222.0,5661.0,0.00349247768034211,6.0
4952.0,5580.0,0.0034925096807804645,3.0
880.0,897.0,0.0034930938122534894,2.0
4284.0,5023.0,0.0034973968723622795,2.0
777.0,1093.0,0.003499845399082102,2.0
464.0,4602.0,0.0035036508027919133,2.0
15.0,4634.0,0.0035038559933544544,2.0
485.0,878.0,0.003505123806753163,2.0
342.0,383.0,0.0035104532090942664,2.0
14.0,1052.0,0.003511944998766503,2.0
3989.0,4138.0,0.003513722231682559,2.0
2667.0,5522.0,0.0035192192149122725,3.0
2115.0,2331.0,0.003521189071409636,2.0
1909.0,2145.0,0.0035236771332887162,2.0
1883.0,2320.0,0.003525587803384078,2.0
1529.0,5892.0,0.003529932263129587,4.0
1103.0,5714.0,0.003542272384162992,5.0
311.0,582.0,0.0035429255256300696,2.0
3085.0,5330.0,0.003545610465806426,3.0
2017.0,3943.0,0.0035527177224308204,2.0
2658.0,3087.0,0.0035549417831941543,2.0
5734.0,5752.0,0.0035620716975161837,7.0
707.0,934.0,0.0035624056609849797,2.0
1249.0,1890.0,0.0035681236482334455,2.0
1760.0,3501.0,0.0035685861314594947,2.0
3586.0,5190.0,0.003571883345722393,3.0
74.0,292.0,0.0035727063864974262,2.0
651.0,1090.0,0.0035733387041088083,2.0
1870.0,1899.0,0.0035801578249216037,2.0
5547.0,5845.0,0.003592336023815673,4.0
2047.0,5590.0,0.003605519458941109,3.0
2219.0,4090.0,0.00360986653330031,2.0
427.0,5120.0,0.0036143143190520144,2.0
3582.0,5437.0,0.0036192788005905787,4.0
5388.0,5700.0,0.0036244798079003993,6.0
371.0,5873.0,0.003625665010788537,3.0
5100.0,5594.0,0.0036260574653386723,3.0
4226.0,4820.0,0.0036267531811320364,2.0
359.0,5690.0,0.0036267975066561764,3.0
5477.0,5842.0,0.0036343221807809507,5.0
4289.0,4599.0,0.0036346105110182103,2.0
28.0,1023.0,0.003636648590913616,2.0
5117.0,5643.0,0.0036492760501606603,5.0
2164.0,2991.0,0.003652645623989814,2.0
2678.0,3035.0,0.0036526872893553053,2.0
2076.0,3233.0,0.003656227775986509,2.0
2744.0,5315.0,0.003659449443301932,3.0
2692.0,2783.0,0.0036613710893742546,2.0
5106.0,5118.0,0.0036645663474837997,2.0
3260.0,3511.0,0.003670491312064428,2.0
1183.0,1209.0,0.003674329333949844,2.0
266.0,5657.0,0.003681215053848552,3.0
2659.0,3434.0,0.0036838879438317873,2.0
2415.0,3384.0,0.0036844378460598737,2.0
2025.0,3666.0,0.0036846034122037796,2.0
2751.0,3497.0,0.0036888710998080887,2.0
1707.0,5157.0,0.0036903878705697446,3.0
722.0,942.0,0.003693486083481079,2.0
5633.0,5803.0,0.0036968068210682103,4.0
3889.0,5348.0,0.0036970924377061065,4.0
1785.0,3717.0,0.0036977386783896282,2.0
3701.0,3901.0,0.0037041177693565297,2.0
1074.0,1143.0,0.0037083910405648624,2.0
3844.0,3973.0,0.0037159009415901334,2.0
2716.0,4053.0,0.0037245161355378142,2.0
2171.0,3349.0,0.003735179239391151,2.0
2313.0,5604.0,0.0037384383158880485,3.0
2510.0,3222.0,0.0037387128572408113,2.0
34.0,5549.0,0.0037401204196298443,3.0
697.0,1240.0,0.0037499897417382355,2.0
3698.0,4046.0,0.0037511101970220118,2.0
1503.0,5601.0,0.0037523029803943064,3.0
2803.0,5749.0,0.00375582359397623,4.0
4247.0,4600.0,0.0037585833085352904,2.0
5419.0,5595.0,0.003761795430762974,8.0
1971.0,2061.0,0.003762036208901365,2.0
2270.0,3400.0,0.0037653428382138365,2.0
3589.0,5822.0,0.0037664569513182755,3.0
1027.0,1028.0,0.0037668394685914652,2.0
4089.0,5448.0,0.0037669573767344644,5.0
3230.0,3965.0,0.0037707540588985955,2.0
3547.0,5327.0,0.003773984169932095,4.0
4101.0,5589.0,0.0037810845417423633,3.0
5499.0,5545.0,0.00378953143260205,6.0
2102.0,5862.0,0.0037900857969416593,4.0
2591.0,4014.0,0.0037911993426009705,2.0
2737.0,4182.0,0.0037946356358041777,2.0
926.0,5773.0,0.0037975294894777023,3.0
1922.0,6022.0,0.003797533763843064,4.0
3281.0,5753.0,0.003799989271643045,3.0
673.0,795.0,0.003800109999208212,2.0
2860.0,3746.0,0.003804137692539178,2.0
1558.0,2648.0,0.003804416480974737,2.0
2192.0,5346.0,0.003805507681667375,3.0
1750.0,1997.0,0.003807684433244418,2.0
2139.0,3759.0,0.0038132742088837768,2.0
1722.0,3743.0,0.003814075545814921,2.0
5691.0,5820.0,0.00381819335020663,5.0
4618.0,4737.0,0.0038259494194795574,2.0
5455.0,5508.0,0.00383240953659969,4.0
5314.0,6063.0,0.003835018063163151,6.0
3872.0,3931.0,0.0038413202748585062,2.0
3906.0,5832.0,0.0038456075856675986,5.0
1967.0,3257.0,0.003850159601475611,2.0
1053.0,3441.0,0.0038571643294279534,2.0
4719.0,5863.0,0.0038590675579866507,3.0
1841.0,3226.0,0.003860046349080992,2.0
5510.0,5917.0,0.0038606695119305736,6.0
2168.0,4083.0,0.003865356527736452,2.0
2974.0,2994.0,0.0038731753763664445,2.0
4811.0,4976.0,0.0038765576938223356,2.0
2080.0,5777.0,0.0038815003948127202,3.0
3521.0,3596.0,0.003885005203587699,2.0
4115.0,5794.0,0.0038945781335352945,4.0
5615.0,5713.0,0.003899513088435774,9.0
2496.0,5277.0,0.0038999369583940235,3.0
774.0,3766.0,0.003900689148667702,2.0
437.0,930.0,0.0039013551413922265,2.0
2718.0,5574.0,0.003903709972903513,3.0
2853.0,3126.0,0.00390833522372902,2.0
3271.0,3348.0,0.003916961539758512,2.0
2060.0,2169.0,0.003926309986332921,2.0
345.0,358.0,0.003928482958892032,2.0
3047.0,3077.0,0.003930562952070393,2.0
2295.0,5356.0,0.003932052099046457,3.0
4728.0,5221.0,0.003935033748255268,3.0
3380.0,5461.0,0.003947312047478724,3.0
2026.0,5771.0,0.003952027226079753,4.0
3638.0,5110.0,0.0039520333088622905,2.0
5721.0,6000.0,0.003954175748011282,6.0
2863.0,4092.0,0.003956646646557371,2.0
2724.0,2758.0,0.00395694054891127,2.0
5770.0,5924.0,0.003963307731942184,9.0
2649.0,3285.0,0.003971541544793511,2.0
5602.0,5707.0,0.00397182401677441,7.0
1289.0,4490.0,0.003972982492176258,2.0
814.0,2373.0,0.003977561344313485,2.0
998.0,5739.0,0.003988714726994802,3.0
981.0,5171.0,0.00399102414956326,3.0
2869.0,5696.0,0.003992443334325535,6.0
1755.0,4522.0,0.003994438018289137,2.0
1624.0,5562.0,0.0039945643220099525,3.0
2436.0,3942.0,0.004001026341677982,2.0
3733.0,4144.0,0.004013723903936395,2.0
1712.0,2156.0,0.004017483247491516,2.0
1416.0,4232.0,0.004018146353023555,2.0
53.0,859.0,0.004024366149131153,2.0
5517.0,5662.0,0.004028323460906129,5.0
32.0,5140.0,0.004035305561280067,2.0
3893.0,5049.0,0.0040380816451667245,2.0
1603.0,5925.0,0.004040649983313919,7.0
2281.0,2784.0,0.004040924644877042,2.0
263.0,4955.0,0.004044925822962675,2.0
824.0,871.0,0.0040453585790348745,2.0
337.0,5369.0,0.0040538306772734956,3.0
1543.0,5985.0,0.004067231427692404,7.0
4921.0,5067.0,0.004068437622029686,2.0
1673.0,5737.0,0.004071355330287518,3.0
568.0,1224.0,0.0040723126108445085,2.0
1908.0,2051.0,0.004073315859287718,2.0
4301.0,4521.0,0.004074696760911656,2.0
205.0,5877.0,0.00407729513727833,10.0
5199.0,5655.0,0.004078270775905279,4.0
2760.0,3105.0,0.004088224751767289,2.0
5764.0,6026.0,0.004093857053552141,4.0
3683.0,4163.0,0.004099466725424272,2.0
5273.0,6025.0,0.004100764539458782,9.0
1986.0,2459.0,0.004101595188424789,2.0
3142.0,5620.0,0.004108095918065047,5.0
294.0,4891.0,0.004111175863874883,2.0
420.0,545.0,0.0041114535436848065,2.0
296.0,4425.0,0.0041127322429685975,2.0
2881.0,5798.0,0.004114515186838585,3.0
4913.0,4950.0,0.004115837771088926,2.0
1003.0,4215.0,0.00411722735716491,2.0
1509.0,3782.0,0.004121501286250329,2.0
844.0,2196.0,0.004140054720416342,2.0
89.0,5757.0,0.0041434577660285354,3.0
1124.0,5304.0,0.004146487423352163,3.0
4934.0,4960.0,0.0041500423749999404,2.0
3288.0,3359.0,0.004152600496159842,2.0
330.0,1367.0,0.0041527970569045225,2.0
3769.0,5554.0,0.004152961199573091,3.0
5567.0,5799.0,0.004153717070156132,6.0
599.0,1162.0,0.004156084545306027,2.0
2113.0,5977.0,0.0041571551567785026,3.0
1684.0,4141.0,0.0041639937012204475,2.0
2540.0,6056.0,0.004172554936519912,3.0
333.0,4587.0,0.0041751592311032315,2.0
3337.0,5637.0,0.004180475730721944,3.0
1857.0,2775.0,0.0041832999847605246,2.0
537.0,1008.0,0.004187099750008971,2.0
5037.0,5087.0,0.0041872202488393295,2.0
1711.0,1819.0,0.004190696755082546,2.0
4943.0,5949.0,0.004191370618354691,4.0
5467.0,5729.0,0.00419281124105191,7.0
1666.0,2529.0,0.004192959645696104,2.0
1.0,5460.0,0.004194321804508849,4.0
3014.0,4374.0,0.00420087507770861,2.0
1400.0,4685.0,0.00420617569906967,2.0
216.0,1283.0,0.004208017348915849,2.0
786.0,4281.0,0.004214164527365227,2.0
5290.0,5903.0,0.004215426905924552,4.0
5699.0,5774.0,0.004223516215549968,5.0
2235.0,5943.0,0.004224506151728369,3.0
2852.0,4074.0,0.0042371407389529825,2.0
1105.0,5859.0,0.004238298339369867,5.0
3556.0,5542.0,0.004246764116346502,3.0
3170.0,3763.0,0.004256398428124086,2.0
2912.0,5599.0,0.004265267853181098,3.0
3966.0,3983.0,0.004267301548225633,2.0
2117.0,2640.0,0.0042681948345693055,2.0
3680.0,5639.0,0.0042739882043884014,3.0
2855.0,3912.0,0.004282869818960644,2.0
3418.0,5450.0,0.004285022184427223,3.0
1936.0,2938.0,0.004285696428301011,2.0
5488.0,6087.0,0.004288612105252189,10.0
5529.0,5835.0,0.004290388560933112,7.0
5650.0,5654.0,0.00429338411004504,4.0
1438.0,5034.0,0.004294836510362776,2.0
1759.0,1831.0,0.004297492620727872,2.0
471.0,1169.0,0.004298175902672785,2.0
3864.0,5434.0,0.004308586645463186,3.0
1698.0,4167.0,0.004310147381472507,2.0
472.0,5725.0,0.0043106959419397795,3.0
1429.0,5969.0,0.004316808154360308,3.0
1900.0,2244.0,0.004319591088919217,2.0
1514.0,5648.0,0.00432249162905024,3.0
440.0,522.0,0.00432350320628927,2.0
2394.0,2731.0,0.00433217407315023,2.0
5537.0,5974.0,0.0043347736944797256,9.0
925.0,1488.0,0.004335661745248687,2.0
5283.0,5724.0,0.004336714508577181,5.0
1918.0,3236.0,0.004337432626070892,2.0
1972.0,6095.0,0.004340810910771542,3.0
5500.0,5744.0,0.00434785159733353,4.0
3211.0,5265.0,0.004353487711900639,3.0
3998.0,5727.0,0.0043573523627862265,3.0
3114.0,3265.0,0.0043594668931346,2.0
858.0,1233.0,0.0043595769556711295,2.0
1431.0,5610.0,0.004361511245242126,4.0
4684.0,6004.0,0.004362479159479016,7.0
432.0,636.0,0.004366216662070932,2.0
4677.0,6234.0,0.004367199585229847,10.0
1448.0,5718.0,0.004373709920481139,3.0
5491.0,5915.0,0.004374812780823634,5.0
3811.0,3845.0,0.0043769025451000365,2.0
5498.0,5805.0,0.004378915853660487,4.0
1694.0,2483.0,0.004379680689917231,2.0
5533.0,5872.0,0.004380470682706028,5.0
5608.0,5796.0,0.004390326360095254,7.0
2837.0,5614.0,0.00439209641282251,3.0
1567.0,3528.0,0.004393554821658041,2.0
394.0,4715.0,0.004398637625319002,2.0
893.0,1049.0,0.004416695799936088,2.0
955.0,956.0,0.00442359193362718,2.0
5456.0,5506.0,0.004424762243905284,4.0
3338.0,5743.0,0.004431111433766621,3.0
806.0,1140.0,0.004449242314914503,2.0
4015.0,4079.0,0.00444961425127488,2.0
3221.0,6034.0,0.004459614642219556,4.0
2259.0,4171.0,0.004462482705259618,2.0
1702.0,4000.0,0.004465497777119687,2.0
2966.0,4848.0,0.00447001841653627,2.0
324.0,5026.0,0.004470390285242654,2.0
1578.0,5762.0,0.00447130834988857,3.0
1978.0,2067.0,0.004472495172831659,2.0
5109.0,6036.0,0.004473455024985751,3.0
686.0,3802.0,0.00447906726678593,2.0
2179.0,3649.0,0.004489220931691018,2.0
1435.0,4261.0,0.004492109976188097,2.0
671.0,1135.0,0.004493576839893487,2.0
1726.0,5671.0,0.004496890450431834,3.0
2590.0,3795.0,0.004497027665404274,2.0
3641.0,3819.0,0.004499293206588151,2.0
4161.0,6169.0,0.004499410423578987,3.0
685.0,1441.0,0.00450503680509351,2.0
3944.0,5619.0,0.004508429230930644,3.0
2768.0,4103.0,0.0045088296208047884,2.0
1585.0,5813.0,0.004516795635497783,3.0
3986.0,5955.0,0.004521798887713924,3.0
4800.0,4835.0,0.004523221195190774,2.0
1036.0,5692.0,0.004526018384054309,3.0
3329.0,3969.0,0.004529257340281201,2.0
918.0,5196.0,0.004529866751477485,3.0
566.0,1092.0,0.004532407418209816,2.0
5793.0,5946.0,0.00453241640451213,9.0
5234.0,6066.0,0.004533539532237452,4.0
607.0,4647.0,0.004538402625293703,2.0
1826.0,2951.0,0.00453925723110471,2.0
2885.0,3568.0,0.00453928488025046,2.0
4892.0,5071.0,0.0045466397119083846,2.0
2066.0,2335.0,0.004548405727305638,2.0
5708.0,5932.0,0.004549023042412925,12.0
766.0,1127.0,0.004549185368567965,2.0
2090.0,6003.0,0.004553383978103047,4.0
3669.0,5651.0,0.004561442861207687,3.0
4273.0,4294.0,0.004563714553143194,2.0
1318.0,1358.0,0.004568253733268524,2.0
295.0,4992.0,0.004571692560850438,2.0
4329.0,4741.0,0.004575121882341215,2.0
874.0,5844.0,0.004580394317531489,3.0
1306.0,4931.0,0.004582381110760592,2.0
1608.0,5839.0,0.004582469893898933,3.0
2425.0,3159.0,0.004584408098365356,2.0
1805.0,2371.0,0.004587241744603898,2.0
3964.0,5709.0,0.004591196238755961,4.0
5030.0,6010.0,0.004595820021518315,3.0
40.0,1106.0,0.004597624321920457,2.0
5053.0,5462.0,0.004600089814081998,3.0
3576.0,3621.0,0.004602943185146535,2.0
2144.0,5200.0,0.004604626170577442,3.0
1995.0,5980.0,0.004604645354011461,6.0
4125.0,5783.0,0.0046064969884549445,3.0
123.0,129.0,0.0046132730981003345,2.0
826.0,1087.0,0.0046184046154893466,2.0
5345.0,6035.0,0.004625003183653192,4.0
2898.0,2977.0,0.004625095752529229,2.0
1602.0,4055.0,0.00462902607735971,2.0
1626.0,2338.0,0.004629070186977113,2.0
80.0,4653.0,0.004638365518588983,2.0
4896.0,5919.0,0.004641256525937443,3.0
3385.0,5512.0,0.004643287568814658,3.0
1897.0,5374.0,0.00464533895881325,3.0
2619.0,5591.0,0.004645696621682238,3.0
2396.0,5695.0,0.0046487510561271095,3.0
3948.0,5271.0,0.004650799967830632,3.0
1696.0,5811.0,0.004651047185786739,3.0
2712.0,5150.0,0.004660694979999436,3.0
1601.0,2788.0,0.0046622173767245645,2.0
148.0,1359.0,0.004662269509603689,2.0
491.0,3527.0,0.004663313988336859,2.0
2806.0,2986.0,0.004666746302644631,2.0
2307.0,5837.0,0.004671109985111083,5.0
710.0,851.0,0.004673548499861124,2.0
4839.0,5898.0,0.004674263703956035,4.0
76.0,4291.0,0.004682736817965827,2.0
3765.0,5716.0,0.004683666334373338,3.0
1715.0,6060.0,0.0046905470098828434,4.0
2713.0,3282.0,0.004690696129668992,2.0
5847.0,6092.0,0.004691556732287522,9.0
4613.0,5640.0,0.004693052026939963,4.0
2473.0,2506.0,0.004694349279970367,2.0
2973.0,5697.0,0.004701003367305778,3.0
5135.0,6082.0,0.004704202099636123,3.0
2207.0,2641.0,0.0047124107081111255,2.0
4307.0,4669.0,0.004713000499948272,2.0
5616.0,6086.0,0.004713882024161849,6.0
2566.0,4193.0,0.004727855103691558,2.0
3117.0,3361.0,0.004732865554727184,2.0
3643.0,4031.0,0.004741675767314768,2.0
2251.0,2412.0,0.004741805619565609,2.0
2901.0,3849.0,0.004744441584599524,2.0
553.0,5138.0,0.00474517330177171,2.0
3838.0,4036.0,0.004763028373337863,2.0
2306.0,5484.0,0.0047634022873492094,4.0
1706.0,2361.0,0.004767940012677885,2.0
2896.0,3318.0,0.004772385579868366,2.0
3907.0,5021.0,0.00477752082295968,2.0
2635.0,5999.0,0.004788890535641355,5.0
2944.0,3151.0,0.004789254677916244,2.0
552.0,1216.0,0.0047956488787255225,2.0
835.0,5123.0,0.004797785927276754,2.0
3804.0,5970.0,0.004812115067008849,4.0
4272.0,6044.0,0.004817093209700307,3.0
1604.0,2680.0,0.0048244084037764035,2.0
4641.0,5060.0,0.004829004594946507,2.0
97.0,4894.0,0.004835491218858734,2.0
2380.0,3036.0,0.0048373769726129945,2.0
3555.0,5870.0,0.004842057974237091,3.0
3612.0,5605.0,0.004845504853835558,3.0
145.0,3020.0,0.004846793687839135,2.0
5408.0,5550.0,0.0048487595805485895,4.0
2523.0,6233.0,0.004849604682533093,3.0
500.0,5335.0,0.00485197205578991,3.0
475.0,5119.0,0.004856023237662321,2.0
4918.0,6030.0,0.004868173697655798,3.0
5829.0,5883.0,0.004869064564037975,6.0
1588.0,2123.0,0.004873851739357282,2.0
2342.0,4819.0,0.00488158292156704,2.0
2814.0,3355.0,0.004881723815729266,2.0
643.0,995.0,0.004884671119174011,2.0
2972.0,5988.0,0.004896366930418172,3.0
5731.0,5908.0,0.004898695185712537,4.0
73.0,1386.0,0.004902533057249414,2.0
1551.0,5427.0,0.004925084191166144,4.0
1878.0,3402.0,0.004930521501700369,2.0
1869.0,3186.0,0.004931542068385308,2.0
1343.0,6229.0,0.0049324854540073,4.0
1414.0,1418.0,0.004947190962832471,2.0
9.0,51.0,0.00495964246917735,2.0
1542.0,5849.0,0.004960268318591421,3.0
5131.0,6156.0,0.004961544419447239,3.0
3319.0,6215.0,0.004962334932030632,3.0
2028.0,2593.0,0.004963563566062312,2.0
2329.0,5899.0,0.004965267019051617,5.0
3113.0,5482.0,0.0049673750540881745,3.0
6170.0,6193.0,0.004967625350977365,12.0
1656.0,4025.0,0.00496892639159241,2.0
2368.0,4110.0,0.004971322576731274,2.0
5586.0,5927.0,0.0049729955744930165,6.0
2101.0,5493.0,0.004975030103555896,4.0
2310.0,5694.0,0.0049754028519966575,3.0
2319.0,3467.0,0.004976860235076153,2.0
5373.0,5540.0,0.004983808268625989,4.0
5514.0,5944.0,0.0049857102898351185,6.0
3660.0,4034.0,0.004992849783042264,2.0
2189.0,5786.0,0.004997768971801431,3.0
842.0,881.0,0.004997915244444928,2.0
1254.0,5719.0,0.005001796267625702,3.0
4798.0,4919.0,0.00500960429319075,2.0
338.0,4238.0,0.005012293333439888,2.0
1433.0,4690.0,0.0050196714931805,2.0
4461.0,5308.0,0.005023103477541979,3.0
4530.0,5968.0,0.005027058590573434,4.0
1989.0,2625.0,0.005027968737900679,2.0
1572.0,6111.0,0.005035522114943662,7.0
2057.0,5853.0,0.005040433736630712,3.0
808.0,1101.0,0.005044116925074005,2.0
13.0,1120.0,0.005049143407422019,2.0
5161.0,5497.0,0.005057366236478733,4.0
2987.0,4601.0,0.00506131078097749,2.0
5679.0,6011.0,0.005065064954972304,4.0
605.0,941.0,0.00506650792270924,2.0
1444.0,4981.0,0.005075897740333013,2.0
1802.0,2135.0,0.00507756383710789,2.0
2580.0,2767.0,0.005078288542616605,2.0
68.0,5409.0,0.005078699230849526,3.0
767.0,5121.0,0.005081484797723523,2.0
63.0,1215.0,0.0050827246820325245,2.0
523.0,1139.0,0.005087463308743989,2.0
5741.0,5806.0,0.005088328606236389,7.0
2021.0,6079.0,0.0050887275100331975,3.0
5050.0,5095.0,0.005089747901427022,2.0
2284.0,5464.0,0.005092895430467703,3.0
4269.0,5390.0,0.0050964501653321115,3.0
5871.0,5931.0,0.005100324258036433,5.0
6168.0,6243.0,0.005101147018052005,6.0
2535.0,5596.0,0.005103412993219425,3.0
5113.0,5122.0,0.005104449785693688,2.0
5406.0,5581.0,0.005113247584148994,7.0
1026.0,1104.0,0.0051155056038614255,2.0
5443.0,6183.0,0.005117980490842056,4.0
3352.0,5528.0,0.005122205438540861,3.0
2058.0,5526.0,0.005126191932661617,3.0
1476.0,3546.0,0.005142872305554214,2.0
4652.0,4823.0,0.00515284091931989,2.0
5552.0,5987.0,0.005156380715315785,5.0
2516.0,2778.0,0.005156473360478087,2.0
3056.0,3888.0,0.005156756025936793,2.0
562.0,693.0,0.005165951088752618,2.0
3891.0,5715.0,0.005166330491798321,3.0
1467.0,5833.0,0.005169543446239396,4.0
3287.0,3358.0,0.005169591316982136,2.0
1800.0,5511.0,0.005172688655347812,3.0
4246.0,5720.0,0.005177791415234445,3.0
1527.0,1844.0,0.005181072444108259,2.0
3447.0,5029.0,0.005181749931591928,2.0
5358.0,5959.0,0.005183194149632697,5.0
4241.0,5474.0,0.005183384121525303,3.0
2607.0,2682.0,0.0052161368734036095,2.0
5802.0,5864.0,0.005216982180035572,8.0
4902.0,5683.0,0.005226705095374151,4.0
5287.0,5772.0,0.0052272711457080345,4.0
4968.0,5840.0,0.005234292328727075,3.0
915.0,936.0,0.005239688867141656,2.0
2366.0,2408.0,0.00524905401755571,2.0
2203.0,5571.0,0.005250046758687343,3.0
326.0,5665.0,0.0052631882756356,3.0
3000.0,3089.0,0.005267689742884829,2.0
5670.0,5843.0,0.005268148522352627,6.0
361.0,4606.0,0.005275022926251816,2.0
856.0,5677.0,0.005277957116279486,3.0
325.0,4609.0,0.005279192964680046,2.0
5611.0,5634.0,0.005281473956693511,4.0
5784.0,6376.0,0.005285568931488238,6.0
1298.0,1299.0,0.005288644141886567,2.0
166.0,1225.0,0.0052907790024383505,2.0
911.0,1153.0,0.005292438023152823,2.0
3654.0,5928.0,0.005297346354310044,4.0
1621.0,2247.0,0.005297363318371939,2.0
1892.0,6159.0,0.0052980870134815405,8.0
1285.0,4375.0,0.005299502112165788,2.0
3551.0,3627.0,0.0053022496951685705,2.0
2660.0,3307.0,0.005315976697958358,2.0
3866.0,4863.0,0.005328975814934966,2.0
4064.0,5836.0,0.005329185622428234,4.0
3544.0,3821.0,0.005329709273362071,2.0
426.0,665.0,0.005334582661430498,2.0
6075.0,6245.0,0.0053366284773026995,10.0
1265.0,4444.0,0.0053403439089775295,2.0
5546.0,5964.0,0.005343244948002127,5.0
4640.0,5033.0,0.005343365677444312,2.0
1823.0,3228.0,0.005351719367314156,2.0
2500.0,3004.0,0.0053524470851818995,2.0
987.0,6467.0,0.005361600505490699,5.0
2438.0,5911.0,0.005370397792754151,8.0
4208.0,5766.0,0.005371089723388733,4.0
5791.0,6165.0,0.005373604033008084,12.0
446.0,6021.0,0.005376580880914028,3.0
5532.0,5587.0,0.005377122542173179,4.0
287.0,329.0,0.005384174199902114,2.0
155.0,1361.0,0.005390095971761322,2.0
3882.0,4085.0,0.005390370163923408,2.0
5177.0,6355.0,0.005391052530883761,4.0
2112.0,5451.0,0.00539125693257797,3.0
1801.0,2023.0,0.005393444090030952,2.0
788.0,5133.0,0.005398837220568997,2.0
2884.0,6032.0,0.005398887750434067,3.0
5649.0,6101.0,0.0053999124262778305,7.0
5480.0,5810.0,0.005411901183861839,4.0
256.0,1193.0,0.005418738504191167,2.0
486.0,4817.0,0.005419583348790891,2.0
81.0,390.0,0.005431767701962076,2.0
4994.0,4999.0,0.005434138179671311,2.0
2584.0,5479.0,0.005442507755456849,4.0
659.0,848.0,0.005444792753510064,2.0
4779.0,5901.0,0.005453850935953519,3.0
1377.0,5669.0,0.005456912637524597,5.0
5376.0,5446.0,0.005458631664187141,4.0
5449.0,6106.0,0.005460151346106212,7.0
2260.0,4033.0,0.0054653088525743465,2.0
1428.0,4979.0,0.005476275597188329,2.0
1256.0,1748.0,0.005476319013067998,2.0
5415.0,5942.0,0.005480491212993054,8.0
614.0,3605.0,0.005480538661594703,2.0
64.0,6061.0,0.0054838784555364395,3.0
731.0,4801.0,0.005494762954818211,2.0
3938.0,5387.0,0.005496422571102666,3.0
5756.0,5941.0,0.005508976978270519,5.0
1754.0,1911.0,0.005517958345356178,2.0
3403.0,5826.0,0.005528715725525768,3.0
1122.0,6182.0,0.0055299845321077346,4.0
2941.0,3017.0,0.005536304428883865,2.0
244.0,5712.0,0.0055432828479763385,3.0
1089.0,5916.0,0.005546046978745722,3.0
1398.0,4563.0,0.005550490874946856,2.0
1348.0,4672.0,0.00555269200177988,2.0
1470.0,1471.0,0.005559132526812727,2.0
3756.0,5402.0,0.005562861315519085,3.0
17.0,4213.0,0.005564296662898149,2.0
625.0,6335.0,0.005570178293473227,3.0
1276.0,5673.0,0.005571436448982836,3.0
6083.0,6220.0,0.005575357145062717,15.0
5338.0,5736.0,0.0055764096921980255,7.0
493.0,815.0,0.005577521118462436,2.0
2448.0,5997.0,0.005581399024809197,3.0
5395.0,6017.0,0.005585562247300807,4.0
2153.0,6023.0,0.0056051714745188885,3.0
1586.0,5831.0,0.005605298031087247,6.0
5383.0,5804.0,0.0056073978037987455,5.0
5852.0,6045.0,0.0056121225243327775,5.0
3135.0,3273.0,0.005616008690894403,2.0
5232.0,5973.0,0.0056191132491020535,4.0
5918.0,6114.0,0.0056299006910277005,4.0
4283.0,5789.0,0.005635298308462544,3.0
648.0,845.0,0.005637618939205891,2.0
2736.0,2850.0,0.005661962981051705,2.0
2007.0,2344.0,0.00566495892428065,2.0
4591.0,6240.0,0.005665503145994048,4.0
1213.0,1250.0,0.0056743160500638545,2.0
3022.0,3164.0,0.005676931653222583,2.0
5481.0,6008.0,0.0056801108056517835,4.0
6155.0,6337.0,0.005683353808649349,7.0
5530.0,5815.0,0.005684715959751421,9.0
4188.0,5241.0,0.005685028247107871,3.0
4463.0,6058.0,0.005699216569609644,3.0
5579.0,5768.0,0.005702102445573121,4.0
158.0,239.0,0.00571544006862057,2.0
3227.0,6429.0,0.005719926633944716,3.0
367.0,5077.0,0.005724571019920743,2.0
5682.0,6200.0,0.005724784979904335,4.0
3299.0,3300.0,0.005728632977600512,2.0
6151.0,6187.0,0.005730642230338815,11.0
2508.0,3252.0,0.005731198495008694,2.0
4489.0,4946.0,0.005731265174579558,2.0
712.0,2451.0,0.005732098027204979,2.0
5884.0,5900.0,0.005735613585313359,7.0
5607.0,5855.0,0.0057388255130945975,4.0
3082.0,3465.0,0.005744974713812634,2.0
2114.0,2765.0,0.005745135885080077,2.0
3610.0,4100.0,0.005749461046255844,2.0
3655.0,6074.0,0.00575983404543301,3.0
122.0,5767.0,0.005761699896295297,5.0
898.0,5952.0,0.005761783612856286,3.0
5009.0,5598.0,0.005767720448378144,3.0
840.0,5513.0,0.005768618431834738,5.0
2634.0,5746.0,0.005776232180075724,3.0
4431.0,5504.0,0.005781565970638003,3.0
1540.0,5748.0,0.00578583753393519,3.0
6112.0,6134.0,0.005788826264328445,4.0
971.0,1261.0,0.00579264824937209,2.0
1084.0,6549.0,0.005801558182982669,3.0
2754.0,6400.0,0.005801752758726002,4.0
3869.0,4344.0,0.0058049203909009695,2.0
2807.0,4723.0,0.005813477322329619,2.0
5886.0,6209.0,0.005816432868498167,7.0
608.0,638.0,0.005818011068251416,2.0
1708.0,2184.0,0.005820977562948859,2.0
5022.0,5600.0,0.005822602348898809,3.0
3764.0,6197.0,0.005826287476739578,3.0
5592.0,5854.0,0.005832580487079325,4.0
1474.0,3604.0,0.005839166655517092,2.0
1370.0,4855.0,0.005843994020319099,2.0
2333.0,5198.0,0.00584476325428035,3.0
5382.0,6090.0,0.0058547696907206015,4.0
4621.0,5329.0,0.005868509216075568,3.0
2367.0,3799.0,0.005883110970539507,2.0
2908.0,5869.0,0.005891231475901593,3.0
2732.0,4097.0,0.005895312115402618,2.0
5702.0,5996.0,0.005897616085327462,6.0
1965.0,4186.0,0.005899000696818035,2.0
3841.0,5868.0,0.005900188755107172,3.0
1947.0,2159.0,0.00590300921414777,2.0
5776.0,6055.0,0.005908366116593966,6.0
5563.0,6367.0,0.0059193343424742,6.0
1180.0,6348.0,0.005921404946977793,4.0
1257.0,5801.0,0.005928070882247005,3.0
3251.0,6038.0,0.0059396667699004495,7.0
3951.0,5861.0,0.005942431942261517,4.0
308.0,6292.0,0.005946031860960155,3.0
884.0,6286.0,0.005947998513630333,4.0
5320.0,6394.0,0.0059516756039861285,4.0
1060.0,6225.0,0.005954612403996862,3.0
2622.0,3413.0,0.005954754578357813,2.0
4091.0,5536.0,0.0059663365544477265,3.0
2545.0,3176.0,0.005976354051005051,2.0
5642.0,6172.0,0.0059941287118456255,7.0
3315.0,6309.0,0.005995192050867348,3.0
4024.0,6222.0,0.006001369294492603,5.0
4511.0,4603.0,0.006001390856144262,2.0
217.0,264.0,0.0060056399351022804,2.0
1099.0,6529.0,0.006007877597169586,3.0
4915.0,5441.0,0.00601525345217202,3.0
5939.0,6456.0,0.006017434852285869,6.0
2474.0,2486.0,0.006018678824551538,2.0
1496.0,6294.0,0.006024558374921052,3.0
1587.0,4441.0,0.006026224821148007,2.0
2403.0,4199.0,0.006036221732317881,2.0
3696.0,6113.0,0.006063117320453282,3.0
3508.0,3878.0,0.0060637334909501295,2.0
912.0,4056.0,0.00606990121240325,2.0
3209.0,6507.0,0.0060712483765902325,3.0
2585.0,4104.0,0.0060719546412371095,2.0
1291.0,4469.0,0.006074020607002351,2.0
2386.0,2934.0,0.00607623178702188,2.0
4008.0,5525.0,0.006081073954981475,3.0
1513.0,3033.0,0.006082256501117156,2.0
5938.0,6351.0,0.006084183664483558,10.0
525.0,2385.0,0.006090116878091467,2.0
1280.0,6302.0,0.006090801983535288,3.0
2699.0,3367.0,0.006091840953753924,2.0
459.0,1192.0,0.006094257254320223,2.0
843.0,861.0,0.006095264480154627,2.0
2824.0,5880.0,0.006102453473993963,4.0
2266.0,5701.0,0.0061054827917187415,3.0
4997.0,5812.0,0.006110640203072892,3.0
2773.0,3328.0,0.006114224827961312,2.0
1663.0,3053.0,0.006115345820317031,2.0
996.0,5553.0,0.006125529950162245,4.0
637.0,4590.0,0.006139905462808293,2.0
743.0,958.0,0.0061440807187886914,2.0
1642.0,1806.0,0.0061469722888013445,2.0
6141.0,6427.0,0.006147027121397178,5.0
1032.0,1559.0,0.00615396209553376,2.0
3088.0,5992.0,0.006155961995765513,3.0
302.0,6185.0,0.006164009362707057,3.0
1098.0,5139.0,0.006164265469181807,2.0
1630.0,2254.0,0.006167027325039154,2.0
6199.0,6276.0,0.006167935421812323,10.0
765.0,6318.0,0.00616949987824128,3.0
5245.0,6482.0,0.006176850811840551,4.0
5857.0,6257.0,0.006186417635258068,5.0
4836.0,5817.0,0.006193884445824582,3.0
3825.0,4029.0,0.006198264266384146,2.0
111.0,431.0,0.006201112662967523,2.0
2564.0,2722.0,0.006204183924766737,2.0
2893.0,3393.0,0.00621086179297714,2.0
5267.0,6249.0,0.006222042505249126,7.0
1595.0,5781.0,0.006222081631447607,3.0
4771.0,5680.0,0.006223105705228493,3.0
852.0,5759.0,0.006232381588543927,4.0
2757.0,6051.0,0.006233369571434166,3.0
730.0,5015.0,0.0062488860387336365,2.0
5963.0,6248.0,0.006255426229861574,7.0
5276.0,5881.0,0.0062710983964356926,4.0
4221.0,4852.0,0.006272726628556602,2.0
108.0,468.0,0.006279619163956474,2.0
3675.0,6163.0,0.006281372552882192,3.0
1671.0,5841.0,0.006283448071368454,4.0
3896.0,6255.0,0.006291355902994122,4.0
3038.0,5782.0,0.006295146160354925,3.0
3862.0,5668.0,0.006303540466510604,3.0
5471.0,6201.0,0.006306136335015977,6.0
3253.0,3268.0,0.006307596251784897,2.0
177.0,5572.0,0.006319089151221813,4.0
2982.0,6211.0,0.00632623184342096,4.0
5698.0,6096.0,0.006328240516952632,4.0
3572.0,5885.0,0.006330083535031987,4.0
3407.0,5583.0,0.006331854513038637,3.0
2780.0,5568.0,0.006333268252871782,3.0
4299.0,5349.0,0.0063470998243908006,3.0
5628.0,5982.0,0.006357850182822061,4.0
4389.0,5681.0,0.006358508297108416,4.0
1651.0,6547.0,0.006360966971231519,16.0
1860.0,3730.0,0.0063618723169875935,2.0
4003.0,4035.0,0.006365324230200198,2.0
892.0,6031.0,0.006367520073282229,3.0
273.0,4998.0,0.006367642385741723,2.0
5965.0,6228.0,0.006368579327077628,5.0
2215.0,2922.0,0.006371183561819538,2.0
1596.0,3657.0,0.00637401254041281,2.0
1336.0,6236.0,0.006380024962523411,6.0
3687.0,5179.0,0.006381735639710506,3.0
5808.0,6381.0,0.00638939691985699,9.0
6050.0,6347.0,0.006392434250286436,6.0
4906.0,6368.0,0.006401164029129269,4.0
584.0,798.0,0.006402572774254933,2.0
2337.0,3761.0,0.006413020006547754,2.0
4607.0,4942.0,0.006413509828865238,2.0
1324.0,1462.0,0.006419342819243501,2.0
2703.0,6078.0,0.006420924790944152,9.0
5324.0,6081.0,0.006422316761801272,5.0
476.0,6289.0,0.0064325315357148805,3.0
3120.0,5588.0,0.006435328440355714,3.0
2365.0,2882.0,0.00644036312873586,2.0
578.0,5890.0,0.006440977626217259,3.0
1926.0,2264.0,0.006448581593662128,2.0
1214.0,5444.0,0.006449275108979413,3.0
382.0,4958.0,0.006459460057967603,2.0
3830.0,6189.0,0.006459911209889128,4.0
4249.0,6198.0,0.006463629356727868,5.0
1413.0,6178.0,0.006471514262492817,3.0
5823.0,5846.0,0.006491566387869019,4.0
507.0,508.0,0.006493468591405316,2.0
1486.0,5627.0,0.006494690725774799,4.0
176.0,4420.0,0.006502889624236063,2.0
2963.0,3043.0,0.006505186578728561,2.0
12.0,6440.0,0.006507462145065901,6.0
5485.0,5738.0,0.0065203646514248965,5.0
2423.0,5423.0,0.00652916732411013,3.0
4519.0,5003.0,0.006546192807622808,2.0
4207.0,4371.0,0.006550659010606474,2.0
3668.0,3823.0,0.006553121462506528,2.0
2068.0,3667.0,0.006554571279237087,2.0
2434.0,6421.0,0.006559191018886394,4.0
1614.0,5624.0,0.006568283931037144,3.0
3342.0,5146.0,0.006570389257809506,3.0
4223.0,5732.0,0.006572199643301135,4.0
1136.0,5775.0,0.0065774102695890235,3.0
5824.0,6563.0,0.006581891614336459,7.0
5039.0,6304.0,0.006586598638059604,3.0
280.0,5728.0,0.006586750419527165,3.0
3045.0,3256.0,0.006587264210979882,2.0
2062.0,3904.0,0.006602626907404874,2.0
1251.0,6544.0,0.006604365292102898,3.0
5954.0,6320.0,0.006606534964269542,7.0
5962.0,6218.0,0.006615462864698644,5.0
1764.0,2945.0,0.006625490660299271,2.0
6157.0,6357.0,0.006632808889368097,4.0
412.0,4673.0,0.006645028488186933,2.0
632.0,1179.0,0.006650673884303515,2.0
5641.0,6284.0,0.006651064606563432,6.0
2225.0,5621.0,0.006655233672058225,4.0
3910.0,6500.0,0.00665605855311939,9.0
4192.0,6216.0,0.006659100714337359,4.0
5099.0,6426.0,0.006662498408271739,5.0
240.0,4354.0,0.006665556208391155,2.0
6158.0,6514.0,0.00666883815589131,7.0
4882.0,6121.0,0.006671311172678218,3.0
4220.0,4851.0,0.006682297815336025,2.0
5360.0,6359.0,0.006686409499221391,6.0
2673.0,3174.0,0.006700674155283082,2.0
5755.0,5882.0,0.006710899564284528,4.0
5070.0,6160.0,0.006711920452886211,3.0
1862.0,5711.0,0.006721924484380248,3.0
2348.0,6127.0,0.006730996770563158,3.0
1331.0,5976.0,0.00674016886318668,3.0
3195.0,3694.0,0.006746121176841924,2.0
4908.0,6039.0,0.0067480572012056745,4.0
3737.0,5561.0,0.006756776349528593,3.0
3815.0,4962.0,0.0067593317647819395,2.0
5582.0,6047.0,0.006764593088556509,4.0
368.0,3793.0,0.0067709965341768985,2.0
1506.0,5212.0,0.006771710457737057,3.0
3991.0,6161.0,0.006772468630853863,4.0
1252.0,5352.0,0.006789039599280677,3.0
1761.0,2191.0,0.006793365045861588,2.0
5821.0,6119.0,0.006797574564588645,5.0
1821.0,6452.0,0.006797580006443371,3.0
5466.0,6244.0,0.006798310614553077,6.0
5878.0,6568.0,0.006799276490769008,11.0
5501.0,5897.0,0.006803744427867446,5.0
1606.0,2804.0,0.006806357410905517,2.0
4470.0,6581.0,0.006812296608416027,8.0
5947.0,6307.0,0.006812586420420892,5.0
1088.0,4905.0,0.006814246235964272,2.0
579.0,2984.0,0.006814823470641995,2.0
2602.0,5923.0,0.006819003346704378,3.0
6431.0,6587.0,0.00682087120738141,8.0
4518.0,4689.0,0.0068221121964959774,2.0
2354.0,2355.0,0.006823140137310113,2.0
4204.0,6212.0,0.006825642243938557,3.0
5858.0,6043.0,0.0068265431719809104,8.0
1110.0,5613.0,0.0068443893667298195,3.0
2133.0,3354.0,0.0068530452216861715,2.0
6254.0,6718.0,0.006855120922236373,16.0
5850.0,6541.0,0.0068612180178116156,4.0
847.0,6027.0,0.006861407165525912,3.0
1740.0,6065.0,0.006869433970704497,3.0
3758.0,5487.0,0.00687151705834993,3.0
2696.0,4468.0,0.006873004991330478,2.0
5733.0,5834.0,0.0068756803000188105,4.0
364.0,2175.0,0.006877060004737423,2.0
5978.0,6202.0,0.006877771742421213,5.0
5203.0,5726.0,0.006878485398717743,4.0
4319.0,4866.0,0.006890140887108931,2.0
6139.0,6523.0,0.006890517642004615,6.0
1111.0,6180.0,0.006892616120590167,3.0
2562.0,6110.0,0.006903462491019363,3.0
1929.0,4300.0,0.006905384005816639,2.0
4560.0,4735.0,0.006907947518102198,2.0
334.0,5785.0,0.0069093221056364396,4.0
5717.0,6701.0,0.006911159494439434,11.0
5478.0,6091.0,0.006919911780400152,5.0
4529.0,6439.0,0.006924783654632005,4.0
6099.0,6605.0,0.006927647837342649,6.0
6016.0,6145.0,0.00692776890050123,5.0
2484.0,3760.0,0.006933263121812194,2.0
6118.0,6658.0,0.006947461840034438,13.0
272.0,5676.0,0.0069525114406973065,3.0
1840.0,1933.0,0.006961017644210976,2.0
592.0,935.0,0.006965556076372947,2.0
3542.0,6146.0,0.006967235221482848,3.0
5966.0,6128.0,0.006973295329631553,5.0
1421.0,4854.0,0.006979034240336857,2.0
1534.0,6179.0,0.007000961734364486,3.0
1877.0,1904.0,0.0070029795628721025,2.0
194.0,4486.0,0.007010483298072967,2.0
675.0,6378.0,0.0070192434715513246,4.0
1290.0,1419.0,0.007023118476570889,2.0
2662.0,5981.0,0.007033099758864708,5.0
4275.0,6012.0,0.007034726233415112,3.0
5874.0,6393.0,0.007038247989542501,4.0
2391.0,4373.0,0.007040029317020857,2.0
4515.0,4516.0,0.007044249845138739,2.0
3529.0,5521.0,0.007053507263646341,3.0
3440.0,6350.0,0.007059527009133315,3.0
4861.0,5825.0,0.007061336530419848,3.0
2845.0,5468.0,0.007062927169307898,3.0
5559.0,6415.0,0.007063361990159472,4.0
2204.0,3833.0,0.0070704670055194985,2.0
5112.0,6625.0,0.007075779806477139,5.0
1346.0,5912.0,0.007082204898672895,3.0
3119.0,6203.0,0.007097168434152756,3.0
738.0,6588.0,0.007099240903589414,4.0
354.0,6468.0,0.007099762218705045,4.0
2556.0,6221.0,0.007101829484561665,8.0
5735.0,6285.0,0.007106650634713482,6.0
1191.0,5089.0,0.007109237739235441,2.0
715.0,5948.0,0.007111997441945017,3.0
577.0,2382.0,0.007113131262256989,2.0
557.0,1156.0,0.007119427883830798,2.0
5043.0,5705.0,0.007122061840307836,4.0
2246.0,6125.0,0.007129518884521846,3.0
4391.0,4693.0,0.007132034736747395,2.0
3863.0,6372.0,0.007138482532041968,3.0
755.0,6195.0,0.0071402943835841,3.0
2676.0,6399.0,0.007142237417924147,6.0
1275.0,1354.0,0.007145121418450917,2.0
1676.0,5906.0,0.00715067555496951,3.0
6153.0,6582.0,0.007151659171807573,6.0
1138.0,6520.0,0.007156528375564297,3.0
943.0,2501.0,0.007158051651972697,2.0
4429.0,6196.0,0.0071580527204562205,3.0
269.0,6373.0,0.007186094676874366,4.0
6297.0,6502.0,0.00718624698194481,24.0
327.0,1440.0,0.007186988508795622,2.0
2430.0,4152.0,0.007187050343462786,2.0
4508.0,5515.0,0.0071965636931248245,3.0
1362.0,6277.0,0.007203307751070975,3.0
2326.0,4176.0,0.007204419066260681,2.0
3930.0,5686.0,0.007206507268617213,3.0
2921.0,3724.0,0.007210717666285449,2.0
6103.0,6694.0,0.0072114421870016834,8.0
5603.0,6713.0,0.007215079026208349,7.0
5299.0,6495.0,0.007221693722952016,7.0
3824.0,6001.0,0.00722624455374149,3.0
801.0,5710.0,0.0072291551038413115,3.0
5016.0,6589.0,0.007232238024717656,4.0
5430.0,5685.0,0.0072632671693246345,6.0
6020.0,6062.0,0.007270849231763926,9.0
3054.0,3289.0,0.0072765495612127085,2.0
6167.0,6328.0,0.007276648088349917,5.0
2249.0,2960.0,0.007293868419347205,2.0
4780.0,6164.0,0.007296095657847612,3.0
1376.0,5929.0,0.007299225096409974,4.0
4175.0,4732.0,0.007307700299462816,2.0
6401.0,6417.0,0.007316547317204103,15.0
5922.0,6149.0,0.0073189479529301715,4.0
1279.0,1412.0,0.0073243841844680135,2.0
883.0,3557.0,0.007325495273766136,2.0
184.0,231.0,0.007326985090553295,2.0
899.0,4063.0,0.007345924549316596,2.0
328.0,350.0,0.007347105866034598,2.0
1230.0,5116.0,0.00735199134835951,2.0
6143.0,6510.0,0.007352528068662887,8.0
3032.0,6242.0,0.0073581307990097655,3.0
5896.0,6071.0,0.007363802129782067,5.0
6069.0,6390.0,0.007365014463409647,4.0
6.0,6162.0,0.00736840003101269,3.0
1575.0,1915.0,0.007373652585544677,2.0
5827.0,6677.0,0.0073741860527797186,6.0
5432.0,6088.0,0.007375683162096379,8.0
4575.0,4615.0,0.007375875027819334,2.0
5875.0,6872.0,0.00737683546254734,9.0
3822.0,3867.0,0.007378349600393741,2.0
534.0,732.0,0.007381371383791802,2.0
2121.0,2126.0,0.007385979988235425,2.0
1133.0,6753.0,0.007387725439665964,4.0
4253.0,5027.0,0.007396069412737183,2.0
1434.0,4972.0,0.007398887549065036,2.0
4276.0,6496.0,0.007411377384246465,3.0
1770.0,6724.0,0.007414290593385164,3.0
1569.0,3704.0,0.0074166156181876275,2.0
2.0,6620.0,0.007424482472414368,5.0
5249.0,6176.0,0.007442949511826817,6.0
4995.0,6459.0,0.00744432935233863,4.0
2666.0,6186.0,0.007445002489627613,4.0
4376.0,6486.0,0.007447374565696996,3.0
6288.0,6409.0,0.0074484106848988875,9.0
4831.0,6102.0,0.00745048238962831,3.0
1691.0,6308.0,0.007455883488543369,3.0
2435.0,6513.0,0.007464432214336395,8.0
5494.0,5851.0,0.00747864216254492,5.0
695.0,6272.0,0.007484195663168547,3.0
5814.0,6485.0,0.007488058837902795,10.0
3185.0,6300.0,0.007496328782791828,4.0
3614.0,3631.0,0.007496715450022617,2.0
2201.0,6543.0,0.0074975271492882705,4.0
4550.0,5818.0,0.007497710735752006,3.0
1452.0,6274.0,0.007506033245830213,3.0
3429.0,6344.0,0.007518997634156138,10.0
128.0,3463.0,0.00752179426917432,2.0
3639.0,6207.0,0.007524321806320034,6.0
3412.0,6565.0,0.0075291933285968615,3.0
229.0,249.0,0.007530456603195401,2.0
187.0,236.0,0.0075311900051050484,2.0
1528.0,4137.0,0.007545621379632439,2.0
797.0,6205.0,0.007551427305164782,3.0
1515.0,4131.0,0.0075548351821337345,2.0
352.0,4903.0,0.007560730095327983,2.0
490.0,5910.0,0.007565241858353944,3.0
1768.0,2571.0,0.007570982432173579,2.0
1329.0,3118.0,0.0075712543177738345,2.0
2539.0,4009.0,0.007588010790849697,2.0
5876.0,6555.0,0.007590355494150584,8.0
335.0,5080.0,0.007592888163473366,2.0
1757.0,5322.0,0.007606181639401799,3.0
3245.0,6473.0,0.007606288984410237,3.0
2414.0,3673.0,0.00761300327917569,2.0
171.0,6771.0,0.007616724585727597,3.0
1056.0,3495.0,0.00762499072315892,2.0
694.0,6188.0,0.007625930623303634,3.0
1396.0,6774.0,0.007629962573494575,3.0
3600.0,6413.0,0.007631630588320208,4.0
1881.0,3734.0,0.007635532339229534,2.0
2511.0,5940.0,0.007638944466897206,4.0
297.0,4631.0,0.007645721651171278,2.0
3357.0,6845.0,0.007660690987275398,6.0
319.0,6505.0,0.007665922220907284,3.0
4336.0,5891.0,0.00766852902418282,7.0
4883.0,4885.0,0.007675078608580743,2.0
4535.0,6454.0,0.007678511258572829,3.0
513.0,984.0,0.007684245572764592,2.0
6716.0,6725.0,0.007701664144737257,15.0
2536.0,3058.0,0.0077082573857245595,2.0
4268.0,6522.0,0.007715185118660961,6.0
3398.0,4534.0,0.0077192099783309764,2.0
6077.0,6311.0,0.007719689430440749,5.0
3827.0,3972.0,0.007720381289238798,2.0
387.0,4248.0,0.007743498758671752,2.0
262.0,2248.0,0.00774398390883746,2.0
1817.0,6100.0,0.007751535720258496,3.0
3122.0,3709.0,0.007754638043223627,2.0
1392.0,4330.0,0.007760386139286424,2.0
6580.0,6730.0,0.007764670179400098,5.0
5926.0,6247.0,0.007766317506653952,21.0
5991.0,6438.0,0.007768539266943801,8.0
4588.0,6177.0,0.007774249933430288,3.0
6068.0,6692.0,0.007777781788906239,5.0
1333.0,3267.0,0.007778367429816857,2.0
3531.0,3579.0,0.007782634731986593,2.0
6264.0,6448.0,0.007783078110578018,7.0
502.0,4687.0,0.007785643715293666,2.0
6015.0,6743.0,0.007789379334110805,8.0
5745.0,5956.0,0.007793789050906913,4.0
2440.0,6361.0,0.0077966224324620415,3.0
6622.0,6816.0,0.0077970532264393655,11.0
4582.0,4662.0,0.007799221955784419,2.0
5984.0,6402.0,0.007805653409605781,5.0
377.0,5645.0,0.007806652477123421,3.0
2297.0,6374.0,0.007825380109870292,4.0
4718.0,6396.0,0.007829980723641494,4.0
590.0,5183.0,0.007830852733642646,3.0
611.0,6539.0,0.007833637062556279,4.0
4388.0,5036.0,0.007835375905153708,2.0
6364.0,6474.0,0.00783920424443496,8.0
3526.0,6665.0,0.007841776312116355,3.0
2541.0,6059.0,0.007842268038951883,3.0
466.0,6291.0,0.0078481797029408,5.0
4491.0,4492.0,0.007852551810798802,2.0
1083.0,4629.0,0.00786027986329596,2.0
5606.0,5887.0,0.007874446943061442,4.0
3139.0,6551.0,0.007880114506761599,5.0
3057.0,6029.0,0.007882636702163937,4.0
3263.0,5809.0,0.0078917829983427,3.0
919.0,1164.0,0.007891997046980959,2.0
1337.0,6430.0,0.007896508680776904,3.0
3738.0,5675.0,0.00790227053103304,3.0
549.0,6013.0,0.007904759252076787,3.0
4597.0,4933.0,0.007927208761268179,2.0
944.0,5129.0,0.007932003255122777,2.0
3473.0,3475.0,0.00793337101902758,2.0
6339.0,6610.0,0.007940234596378798,7.0
4614.0,6878.0,0.007943715826879397,4.0
2586.0,4150.0,0.007944605795548898,2.0
2873.0,6253.0,0.00794621452314508,6.0
162.0,704.0,0.007949518542834322,2.0
1976.0,2776.0,0.007953515591987759,2.0
6002.0,6231.0,0.007957013069738913,5.0
1372.0,5079.0,0.007960396013143689,2.0
2781.0,5975.0,0.007961032671281542,6.0
5693.0,5953.0,0.0079676173625111,6.0
1221.0,5706.0,0.007967660106370344,3.0
2859.0,3507.0,0.007980660247385751,2.0
5958.0,6687.0,0.00799373177713178,4.0
2120.0,3386.0,0.007996682588530146,2.0
5188.0,6868.0,0.008001446518210017,5.0
3941.0,6382.0,0.008006243058162277,3.0
1015.0,1117.0,0.008021350923665405,2.0
5730.0,5930.0,0.008022329465782593,6.0
1749.0,6408.0,0.00802891014175458,5.0
2916.0,6633.0,0.00804004675038994,6.0
3826.0,5370.0,0.008044382598385746,3.0
3753.0,4017.0,0.008047616002172409,2.0
6019.0,6614.0,0.008050452425415749,10.0
2612.0,2791.0,0.008060017936096786,2.0
3314.0,6105.0,0.008068586389429255,3.0
3890.0,6171.0,0.008085557718955916,3.0
2560.0,2808.0,0.008087874015649033,2.0
3064.0,3065.0,0.00809262295292168,2.0
6463.0,6723.0,0.008093590550758072,5.0
5961.0,5983.0,0.00809694704526189,5.0
4372.0,6688.0,0.00810595380319953,8.0
2398.0,6570.0,0.008106596314693829,4.0
3523.0,6643.0,0.008108190625422932,4.0
5458.0,6154.0,0.00811028009307083,9.0
6046.0,6960.0,0.008120577030595853,13.0
303.0,5032.0,0.008131396802688706,2.0
594.0,3494.0,0.008131582312440266,2.0
4504.0,4564.0,0.00813869730012362,2.0
602.0,754.0,0.008143272316804895,2.0
6676.0,6862.0,0.008146975601818285,11.0
6412.0,6423.0,0.008148062937058276,4.0
3353.0,3693.0,0.00815124489380703,2.0
1430.0,5933.0,0.008162699854189603,3.0
2476.0,5459.0,0.008168636412560548,3.0
1661.0,4140.0,0.008180836662662339,2.0
5125.0,6238.0,0.00818567632449115,4.0
54.0,4524.0,0.008201650839697705,2.0
1917.0,2774.0,0.008205595936726873,2.0
3517.0,4032.0,0.008207143182721421,2.0
2867.0,3143.0,0.00820791737890092,2.0
5905.0,6792.0,0.008209284834591823,8.0
6553.0,6902.0,0.008216597708760173,21.0
3950.0,6781.0,0.008221726711677832,4.0
2462.0,3595.0,0.008222473942178898,2.0
3347.0,5788.0,0.00823077369192049,3.0
540.0,6636.0,0.008230832884682885,4.0
214.0,1355.0,0.008233860671913784,2.0
2629.0,2674.0,0.008247204200996339,2.0
1657.0,6327.0,0.00825152557620242,4.0
2749.0,2763.0,0.008257626163594156,2.0
4464.0,6478.0,0.0082676525857871,5.0
6085.0,6466.0,0.008270125048659357,8.0
2813.0,4084.0,0.008277822552154035,2.0
2202.0,2581.0,0.0082823615114892,2.0
6123.0,6241.0,0.008291391634264752,5.0
55.0,5754.0,0.008291550462218411,3.0
3345.0,3745.0,0.008293215950237132,2.0
1728.0,1813.0,0.008298997054215218,2.0
4224.0,6435.0,0.00829932050778356,8.0
6379.0,6595.0,0.008306962591223155,4.0
528.0,4932.0,0.00830973004649005,2.0
4978.0,5865.0,0.008319695768255198,3.0
6313.0,6637.0,0.008325040251752932,6.0
3492.0,5282.0,0.008329151851715066,3.0
357.0,4802.0,0.00833457930577175,2.0
1264.0,1520.0,0.00833514848968786,2.0
2173.0,2174.0,0.00835980564442984,2.0
4345.0,6707.0,0.008363177617412232,5.0
5069.0,6472.0,0.008366649515529309,4.0
3417.0,6739.0,0.008375129619983018,5.0
6441.0,6577.0,0.008380019830985358,17.0
46.0,467.0,0.008390582192938867,2.0
3071.0,6326.0,0.00839633013145169,4.0
3518.0,6884.0,0.008398236940612739,4.0
1963.0,5838.0,0.008404401764099586,4.0
5425.0,6773.0,0.008418652979325666,5.0
2600.0,4160.0,0.008423175701119834,2.0
4133.0,4401.0,0.008424767879832373,2.0
6007.0,6981.0,0.008430863193829083,8.0
5341.0,6194.0,0.008432517850517712,4.0
1828.0,6640.0,0.008434220922741412,4.0
654.0,6312.0,0.00843703429946413,3.0
5059.0,5072.0,0.008443665401794642,2.0
1507.0,5475.0,0.008450780992647289,4.0
5452.0,6733.0,0.008463941768089983,4.0
6076.0,6629.0,0.008470206127700322,7.0
4973.0,6340.0,0.008470589691930541,3.0
5674.0,6655.0,0.008472736018640487,4.0
2431.0,2645.0,0.008486176563670345,2.0
1570.0,2723.0,0.00849438739473185,2.0
5763.0,6455.0,0.008497709683631782,5.0
1769.0,4990.0,0.00850081683647419,2.0
72.0,3877.0,0.00850749553073693,2.0
4541.0,4853.0,0.008520541242339585,2.0
5055.0,6742.0,0.008527726032046323,7.0
2045.0,6479.0,0.008547102127488382,7.0
1011.0,1560.0,0.008553024936385989,2.0
6166.0,6444.0,0.008556752678701464,11.0
6383.0,6599.0,0.008558721090676902,4.0
3559.0,6959.0,0.008577517683487024,3.0
1469.0,6117.0,0.008581885200987377,5.0
2817.0,4135.0,0.008582208278268055,2.0
5652.0,6973.0,0.008583232765450763,8.0
1443.0,4833.0,0.008583368531389524,2.0
4381.0,4804.0,0.008590100178262894,2.0
2840.0,5623.0,0.008599778469118635,3.0
4624.0,6268.0,0.00861188474494673,3.0
1581.0,6550.0,0.008614324187176448,4.0
1985.0,3275.0,0.008626203309605063,2.0
164.0,727.0,0.008630571689660527,2.0
1457.0,6632.0,0.00863251779385162,4.0
1035.0,5994.0,0.008639831296390343,3.0
5787.0,5795.0,0.008643183406117527,4.0
2613.0,2714.0,0.008644522979781577,2.0
5124.0,6432.0,0.008645390084841553,3.0
2195.0,4397.0,0.008650857529189593,2.0
538.0,1048.0,0.008651821771159085,2.0
4991.0,5936.0,0.00866351521985842,3.0
800.0,2389.0,0.008666337256541423,2.0
191.0,257.0,0.008675251673067041,2.0
5020.0,5048.0,0.008681423646985098,2.0
5325.0,6449.0,0.008682392863184007,4.0
3817.0,3852.0,0.008684868973987014,2.0
2553.0,3136.0,0.008689280732805837,2.0
6465.0,6546.0,0.00869537172977764,11.0
6265.0,6283.0,0.008699842885091569,5.0
5688.0,6503.0,0.008704587911613363,5.0
6315.0,6533.0,0.008709239393538567,8.0
3153.0,5722.0,0.008711151769272785,3.0
5420.0,6107.0,0.008711693813880178,4.0
646.0,1957.0,0.008712588008749966,2.0
4194.0,5751.0,0.008725853482316304,3.0
5062.0,6388.0,0.008726079436572498,3.0
3598.0,3678.0,0.008745058179732479,2.0
1178.0,5293.0,0.008746012215264998,3.0
3052.0,3371.0,0.008747870647441425,2.0
343.0,370.0,0.008755386266933285,2.0
4573.0,4910.0,0.008765433735848593,2.0
4500.0,4569.0,0.008766939551920316,2.0
2006.0,3109.0,0.008768881968850062,2.0
204.0,1277.0,0.008772602309102928,2.0
4803.0,4937.0,0.008773875514462959,2.0
6136.0,6567.0,0.008776208575798965,16.0
504.0,6445.0,0.008779392994482438,3.0
4331.0,5218.0,0.008786338696553375,3.0
3699.0,4149.0,0.00878707392990108,2.0
5989.0,6798.0,0.008817128213880629,10.0
4731.0,5957.0,0.008819001229713852,3.0
3351.0,6652.0,0.008823420875542286,11.0
6875.0,6926.0,0.00883948967307144,9.0
2693.0,6406.0,0.008839884447223131,4.0
5907.0,6532.0,0.008848529532049473,5.0
6130.0,6524.0,0.008850386170667135,10.0
5061.0,6660.0,0.008852277587813151,4.0
1564.0,1774.0,0.00885486640193811,2.0
603.0,4815.0,0.008855991789991746,2.0
2406.0,6910.0,0.00887103037850255,9.0
4644.0,6521.0,0.008880563672133005,4.0
4362.0,6386.0,0.008883668373188843,4.0
2910.0,5986.0,0.008890966412138768,3.0
4106.0,6970.0,0.008905342628342361,3.0
2138.0,6460.0,0.008909332424564487,3.0
2721.0,6682.0,0.008937009314367503,8.0
2557.0,7022.0,0.008952225720212112,4.0
2321.0,5790.0,0.008967262792856145,3.0
6519.0,6669.0,0.008975059797747034,7.0
6089.0,6991.0,0.008978157031538873,23.0
596.0,6761.0,0.008982628010524208,6.0
2134.0,2872.0,0.008982870587196268,2.0
913.0,1161.0,0.008989637619012947,2.0
3856.0,6498.0,0.008997608794356848,3.0
1646.0,6330.0,0.009005638583219936,4.0
4384.0,4435.0,0.009006834885233017,2.0
6537.0,6898.0,0.009006836525634943,4.0
6745.0,6931.0,0.0090093846520682,6.0
779.0,4434.0,0.009014527160476682,2.0
3587.0,6144.0,0.00902107940538549,3.0
2110.0,2287.0,0.009024940235479284,2.0
4746.0,5013.0,0.009035300970127058,2.0
5828.0,6913.0,0.009043520952817213,6.0
3474.0,3477.0,0.009045979877137844,2.0
6024.0,6861.0,0.009050795861896908,10.0
3549.0,6148.0,0.00906539029292186,3.0
994.0,6865.0,0.009069038446035127,3.0
6137.0,6213.0,0.009070590707969414,5.0
2842.0,6758.0,0.009071169196819273,3.0
415.0,6756.0,0.009074914723753769,4.0
1923.0,6041.0,0.009075830844855137,3.0
873.0,1234.0,0.009076292775333616,2.0
1064.0,3445.0,0.009077183371809405,2.0
5442.0,6331.0,0.009089226310142936,5.0
5990.0,6737.0,0.00909179023156674,6.0
2920.0,6668.0,0.009101156166138491,3.0
6706.0,6990.0,0.009108747546757123,9.0
456.0,6150.0,0.009109200435598708,3.0
3894.0,6147.0,0.009111959977882889,3.0
4547.0,6224.0,0.009112409727044135,3.0
6251.0,7140.0,0.009136076167826752,12.0
601.0,1425.0,0.00914293307784153,2.0
6115.0,7190.0,0.009155545053291959,13.0
224.0,6450.0,0.009157271544375511,3.0
5951.0,6615.0,0.009160139555211074,5.0
663.0,5848.0,0.009165802775142895,3.0
6214.0,6766.0,0.009181995614604291,8.0
6131.0,6848.0,0.009189614636666163,6.0
6028.0,6686.0,0.009191122881691494,5.0
6064.0,6715.0,0.00919733664177888,4.0
2453.0,6932.0,0.009202226616278147,5.0
3266.0,3290.0,0.009204222880739077,2.0
2828.0,3334.0,0.00920485373460811,2.0
3835.0,3836.0,0.009207038742306994,2.0
2285.0,2846.0,0.009214008911344829,2.0
4349.0,7058.0,0.009218020218825798,9.0
2046.0,6323.0,0.009218919073959775,3.0
6462.0,6807.0,0.009228492546079249,13.0
306.0,4929.0,0.0092408206629645,2.0
1523.0,6279.0,0.009274534824571449,4.0
3154.0,6349.0,0.009275900466301945,3.0
3781.0,4472.0,0.009286116519807375,2.0
3332.0,6037.0,0.00929714036815446,5.0
3486.0,6384.0,0.00930127742936071,3.0
4240.0,5056.0,0.009303369574266807,2.0
3149.0,3690.0,0.009310147739189367,2.0
2479.0,6842.0,0.009312792766297873,3.0
2559.0,2677.0,0.009319345766263143,2.0
6052.0,6590.0,0.00933230264475463,7.0
6258.0,6259.0,0.009333453361280164,4.0
5921.0,6033.0,0.009335017179215407,6.0
1550.0,6762.0,0.009337953887465611,3.0
1683.0,6602.0,0.009339988880868844,3.0
4523.0,4862.0,0.009342452775815469,2.0
6593.0,7042.0,0.009342933327612846,8.0
2034.0,6835.0,0.009360988580171259,3.0
3016.0,6853.0,0.009368634476160024,4.0
2679.0,6672.0,0.009373910809017394,3.0
2464.0,3166.0,0.009378456369767418,2.0
5392.0,6834.0,0.009378923578237422,5.0
6005.0,6890.0,0.009379943639605695,10.0
6673.0,6703.0,0.009391628743345504,13.0
2618.0,6639.0,0.009393233848182081,3.0
3757.0,6969.0,0.009409741492603069,5.0
6262.0,7009.0,0.009410752275906903,6.0
2727.0,4139.0,0.009414792643979153,2.0
4082.0,6422.0,0.009419204487196409,3.0
1286.0,6827.0,0.009420805716586877,12.0
1247.0,3437.0,0.009421527802293772,2.0
5888.0,6796.0,0.009425690648135,7.0
2851.0,6608.0,0.009431918298417127,4.0
5057.0,6380.0,0.009433274908179764,4.0
320.0,381.0,0.00944642978084953,2.0
4941.0,5816.0,0.009448367766111188,3.0
6057.0,7051.0,0.009448599955136194,4.0
825.0,1326.0,0.009461596546181728,2.0
1238.0,6866.0,0.00946370263529639,3.0
1330.0,4558.0,0.009466229609921606,2.0
3390.0,4010.0,0.00946777657649156,2.0
580.0,6108.0,0.00947051945705113,3.0
5967.0,6206.0,0.00947290678739085,6.0
6072.0,6152.0,0.009474566014232669,5.0
103.0,6696.0,0.009491281346650634,4.0
425.0,703.0,0.00949167459042255,2.0
6352.0,6750.0,0.009497521070374215,5.0
481.0,1259.0,0.00950434483238849,2.0
6290.0,6420.0,0.009514071403445718,16.0
156.0,6387.0,0.009517919468084779,5.0
2548.0,6714.0,0.009536134730025236,3.0
489.0,576.0,0.009541514356652181,2.0
627.0,642.0,0.009542664626269848,2.0
2725.0,5612.0,0.00956215045090203,3.0
6795.0,6916.0,0.009562296025274416,17.0
4663.0,6345.0,0.009564749575229486,5.0
6536.0,6685.0,0.009564923047290626,8.0
5399.0,6239.0,0.009571952070921638,6.0
2637.0,6342.0,0.009579960831579915,5.0
6675.0,7097.0,0.009581038352148054,8.0
6528.0,6975.0,0.009590995714213716,15.0
6428.0,6854.0,0.009593452606354372,6.0
6711.0,7062.0,0.009636400663040322,16.0
6181.0,6559.0,0.009636487675361046,6.0
894.0,983.0,0.009648602206162815,2.0
451.0,1231.0,0.009658560702690111,2.0
6018.0,6080.0,0.009670146444497263,4.0
3336.0,6659.0,0.009674092295546832,4.0
623.0,939.0,0.009675608582676243,2.0
5046.0,5047.0,0.009688837227236347,2.0
6867.0,7089.0,0.009693642679379395,12.0
3519.0,4448.0,0.009694194543688472,2.0
98.0,7100.0,0.00969532303418271,7.0
764.0,6526.0,0.0097009566052903,3.0
1563.0,6996.0,0.009710232967621024,3.0
6501.0,6548.0,0.009713202170538603,11.0
170.0,6870.0,0.009728987004046194,4.0
3144.0,3152.0,0.009729694452022541,2.0
2603.0,5740.0,0.009733328409034958,3.0
2213.0,3502.0,0.009733963096958731,2.0
4553.0,5012.0,0.00973442240121547,2.0
182.0,5860.0,0.009747262532884271,3.0
6562.0,6604.0,0.009774715582220114,5.0
174.0,6664.0,0.009778116846176466,3.0
4099.0,7006.0,0.009799550051219547,5.0
6600.0,6852.0,0.009801433740699078,10.0
175.0,6899.0,0.009803454569981107,4.0
3790.0,3953.0,0.009821875841384498,2.0
511.0,587.0,0.009824176638896898,2.0
2876.0,6650.0,0.009830349951340541,4.0
2128.0,4774.0,0.009837780362340176,2.0
310.0,317.0,0.009839986047936011,2.0
6530.0,6871.0,0.009845989197535814,6.0
423.0,890.0,0.009858180167344632,2.0
452.0,453.0,0.00987419734716577,2.0
4037.0,6708.0,0.009878597716009421,17.0
656.0,975.0,0.009883601727727287,2.0
99.0,3446.0,0.009885162266070946,2.0
5505.0,6770.0,0.009885798057684747,7.0
974.0,5779.0,0.00988647924834396,3.0
6760.0,6946.0,0.009888927527599277,17.0
3346.0,6573.0,0.009890477459284027,4.0
4153.0,6611.0,0.009899438045456288,3.0
6784.0,7189.0,0.009908254685649109,8.0
5209.0,7086.0,0.00990934281338833,6.0
6405.0,6594.0,0.009911322797766783,8.0
6451.0,6997.0,0.009913419043209169,12.0
2167.0,2194.0,0.009914596082804872,2.0
3846.0,6525.0,0.009925219120916817,3.0
2668.0,6410.0,0.009928166653789872,3.0
4436.0,5019.0,0.00992899242267642,2.0
313.0,5630.0,0.009932413567478982,3.0
6699.0,6818.0,0.0099407492360075,9.0
4230.0,6839.0,0.009950918574877565,3.0
2738.0,3025.0,0.0099549980261735,2.0
4974.0,5002.0,0.009965422050967065,2.0
2452.0,2918.0,0.009973993608620502,2.0
1511.0,4157.0,0.009975959538134571,2.0
3751.0,3940.0,0.009988711381608617,2.0
6490.0,7073.0,0.00999794720526026,8.0
6332.0,6333.0,0.010000234209679732,5.0
6269.0,6619.0,0.010000388581030114,9.0
2497.0,6389.0,0.010004528082467101,5.0
1493.0,2098.0,0.010006238521903188,2.0
2088.0,6512.0,0.010007438137102217,4.0
2363.0,4165.0,0.010008402642041725,2.0
5660.0,7010.0,0.010009414030607094,4.0
1932.0,3168.0,0.010010239253251063,2.0
2470.0,3865.0,0.010030450339341579,2.0
6129.0,7067.0,0.010031854565109131,14.0
6705.0,6948.0,0.010041078820200807,9.0
809.0,5411.0,0.010054099974146469,3.0
1640.0,2362.0,0.0100603054816375,2.0
2796.0,2797.0,0.010061017807154293,2.0
6299.0,6638.0,0.010067837247422143,10.0
388.0,6418.0,0.010095293690250834,5.0
6362.0,6461.0,0.010110132189840415,4.0
411.0,7028.0,0.010120119765394207,8.0
6644.0,6709.0,0.010124110119952817,4.0
5797.0,6939.0,0.010124903009599322,5.0
5576.0,6693.0,0.01012545629279564,6.0
2442.0,7173.0,0.01013218173061331,3.0
1723.0,2594.0,0.010150321957203334,2.0
6720.0,6778.0,0.01016087514667883,7.0
2288.0,2690.0,0.010164343692674827,2.0
6678.0,7183.0,0.010164708121763677,4.0
1794.0,1960.0,0.010166974170283671,2.0
2231.0,3297.0,0.010168012643181568,2.0
1955.0,2770.0,0.01018989137065851,2.0
4847.0,6607.0,0.010190128486047001,3.0
3615.0,6491.0,0.010191051192760536,3.0
436.0,1080.0,0.010194102472270816,2.0
652.0,6365.0,0.010208916528532674,3.0
3608.0,6849.0,0.010216102180944153,3.0
6895.0,7150.0,0.010223619904552353,13.0
4733.0,5972.0,0.010229911426149652,3.0
188.0,252.0,0.010229994247694663,2.0
3340.0,6949.0,0.010234512182727454,4.0
3682.0,5672.0,0.010246244147770256,3.0
1943.0,7023.0,0.010248568051048715,4.0
6618.0,7000.0,0.010251573823110227,10.0
1688.0,3747.0,0.01025343407556667,2.0
850.0,6876.0,0.01025452844915701,4.0
6266.0,6886.0,0.010277302745535916,5.0
1397.0,4488.0,0.01028358416738051,2.0
5747.0,6476.0,0.010286217234755424,5.0
4843.0,5778.0,0.010309942374093384,3.0
6256.0,6700.0,0.010323551676541184,6.0
6303.0,6518.0,0.010336733062840942,4.0
0.0,1220.0,0.010372543892487762,2.0
5993.0,7133.0,0.010376716574566583,10.0
6385.0,6626.0,0.010380391169613909,6.0
3949.0,7088.0,0.010388238698732687,6.0
2742.0,2954.0,0.010396792871377403,2.0
3585.0,7348.0,0.010411074670065171,18.0
3001.0,3506.0,0.010417433721089275,2.0
6316.0,6623.0,0.010439782734667988,10.0
5830.0,7105.0,0.0104572705248544,7.0
6631.0,7057.0,0.010459741055741977,12.0
6363.0,6917.0,0.010461139617851417,13.0
4951.0,7038.0,0.010463488386244002,4.0
5995.0,6217.0,0.010467267230016453,4.0
4598.0,7155.0,0.01047315647858412,4.0
5750.0,6794.0,0.010478928280031377,8.0
348.0,6477.0,0.010483869368381582,3.0
3714.0,7018.0,0.010497303095867317,6.0
1739.0,3533.0,0.010503741536050049,2.0
50.0,1095.0,0.010516190637009926,2.0
6776.0,7050.0,0.010518641907364911,12.0
318.0,4938.0,0.010520207964312855,2.0
4309.0,6324.0,0.010525577367221317,3.0
6040.0,6404.0,0.010531189270458036,9.0
2447.0,6484.0,0.010531389129631863,3.0
2675.0,3237.0,0.010543485026872523,2.0
868.0,869.0,0.01055171421536183,2.0
6133.0,6436.0,0.010555184472518261,9.0
1437.0,4753.0,0.010581887570020099,2.0
3364.0,6569.0,0.010585404792237685,4.0
4865.0,7025.0,0.010588716369570983,3.0
1771.0,2576.0,0.010589155456457555,2.0
2077.0,2290.0,0.010594652405023997,2.0
5879.0,6768.0,0.010600862201038263,12.0
52.0,527.0,0.010601916233327624,2.0
1459.0,4147.0,0.010603364611425192,2.0
6670.0,7333.0,0.010611484881757302,5.0
1356.0,4222.0,0.010611565012607294,2.0
4557.0,4805.0,0.01062210440799971,2.0
3234.0,6585.0,0.0106235478027088,3.0
3110.0,3389.0,0.010628496874789728,2.0
6517.0,6783.0,0.01064103381064438,6.0
920.0,6656.0,0.010649975527186217,3.0
1121.0,3198.0,0.010662100565119736,2.0
5041.0,6416.0,0.01066907013048135,3.0
2293.0,6575.0,0.01068129628230563,5.0
6579.0,6860.0,0.010689223692590663,6.0
2728.0,2761.0,0.010695187332614431,2.0
341.0,392.0,0.010721624181299627,2.0
1382.0,3676.0,0.010726348012306652,2.0
6009.0,7316.0,0.010733533799992728,8.0
6646.0,7282.0,0.010734263192795463,15.0
442.0,1001.0,0.010736564587134012,2.0
7276.0,7387.0,0.010746512197642347,23.0
6596.0,6763.0,0.010747657559011739,7.0
6120.0,7044.0,0.010752166290840026,4.0
5092.0,7170.0,0.010759891659542645,4.0
2864.0,6814.0,0.010761471377851809,4.0
829.0,5496.0,0.010762487279377453,3.0
3719.0,6609.0,0.010787598201282056,5.0
3742.0,6907.0,0.010798031852135404,3.0
1939.0,2759.0,0.010801805463828473,2.0
4018.0,6140.0,0.010803147223290066,3.0
5856.0,6317.0,0.010814099926004213,6.0
828.0,6689.0,0.010814361991449362,5.0
2498.0,3216.0,0.010815970179612555,2.0
5557.0,5904.0,0.010819426705409585,4.0
494.0,661.0,0.010825700703197216,2.0
6754.0,7299.0,0.01083112679159427,12.0
6684.0,7159.0,0.010835116221385444,7.0
5127.0,6621.0,0.010835506825758623,4.0
5371.0,6759.0,0.010839005732707482,5.0
6442.0,6989.0,0.010850316236373819,5.0
1272.0,5703.0,0.010860269393094146,3.0
2654.0,3409.0,0.010867433991749942,2.0
4628.0,6109.0,0.0108785827484467,4.0
6070.0,7011.0,0.010881835424728875,11.0
5667.0,6538.0,0.010882763426770784,5.0
1490.0,3044.0,0.01088641564533721,2.0
757.0,1031.0,0.010892994435133807,2.0
5312.0,7126.0,0.01089364683109112,4.0
77.0,384.0,0.01089563793594106,2.0
314.0,6223.0,0.010897924082944155,3.0
6437.0,6800.0,0.010909905319838348,4.0
2925.0,6617.0,0.010914223340919016,3.0
2345.0,3808.0,0.010915068799257965,2.0
5687.0,6488.0,0.010919300630659342,5.0
4380.0,4739.0,0.010922186571613146,2.0
2407.0,2681.0,0.010935711162627149,2.0
6142.0,6499.0,0.010952960995703925,8.0
1368.0,5632.0,0.010954736555577493,3.0
6271.0,6914.0,0.010957648613359239,6.0
6653.0,6790.0,0.010962320190590884,5.0
6554.0,6802.0,0.010976848688226409,8.0
6006.0,6601.0,0.010985102617688453,4.0
6661.0,6789.0,0.010992419105622472,6.0
1316.0,4593.0,0.010994349958344585,2.0
4814.0,7182.0,0.010995553350564569,4.0
6219.0,7162.0,0.01099799535101475,13.0
4688.0,7344.0,0.011004224797536766,3.0
6434.0,6822.0,0.011004278299945935,5.0
4002.0,7071.0,0.011017032028258026,4.0
96.0,4565.0,0.01102231608397175,2.0
2932.0,3854.0,0.011032336172882906,2.0
927.0,1783.0,0.011038113336559796,2.0
2312.0,6805.0,0.011042716346181147,3.0
6755.0,6829.0,0.01104398071522449,7.0
891.0,6679.0,0.011053099582783887,3.0
6375.0,7169.0,0.011061317625471542,5.0
3622.0,7338.0,0.011064256707144893,11.0
4413.0,6674.0,0.011066973438858022,4.0
3735.0,6138.0,0.011069249953806775,8.0
854.0,3313.0,0.01108455814946574,2.0
2964.0,3573.0,0.011111981669382986,2.0
5998.0,6786.0,0.011125975133835023,6.0
2636.0,6425.0,0.011135144168456956,3.0
49.0,6305.0,0.011149385379008633,4.0
2071.0,2158.0,0.011152395971711027,2.0
242.0,6824.0,0.011153794344464008,3.0
2711.0,3545.0,0.011159341380604926,2.0
2455.0,4189.0,0.011184033625448508,2.0
1154.0,7108.0,0.011184932882006544,18.0
6280.0,6859.0,0.011189518342250446,6.0
4818.0,5503.0,0.011198730660344824,3.0
3650.0,4427.0,0.011202059519040297,2.0
4475.0,4556.0,0.011224406982440871,2.0
3470.0,4830.0,0.011225944454892445,2.0
4417.0,4454.0,0.011237606446245607,2.0
6446.0,7462.0,0.01123963049920317,10.0
6728.0,7157.0,0.011259660271949004,5.0
105.0,6863.0,0.011261669137634212,3.0
2461.0,3670.0,0.011263038374423884,2.0
3003.0,7208.0,0.011264438314659545,4.0
1675.0,6098.0,0.01126513284960029,3.0
2424.0,7472.0,0.011276777206787051,16.0
4348.0,4385.0,0.01127853051830019,2.0
2670.0,3928.0,0.011280870511723884,2.0
6744.0,7397.0,0.011296597383067097,5.0
7194.0,7470.0,0.011299410127218062,11.0
4058.0,5800.0,0.011299977844051123,3.0
6667.0,6967.0,0.011306707302764611,8.0
2286.0,3225.0,0.011310249141148199,2.0
4485.0,4487.0,0.01131077987342366,2.0
4449.0,6540.0,0.011312301190509466,3.0
1002.0,6246.0,0.011320241049696922,3.0
6301.0,7040.0,0.011336766034812484,6.0
1615.0,6208.0,0.011340762647957617,4.0
4180.0,6227.0,0.011351815269103893,3.0
393.0,902.0,0.011354039028564133,2.0
4484.0,7029.0,0.01137169488486775,5.0
6191.0,7052.0,0.011381328055772695,6.0
2895.0,6642.0,0.011383317645697055,3.0
7017.0,7222.0,0.01138743877241583,9.0
2550.0,2592.0,0.011392016947339711,2.0
6132.0,6663.0,0.011403582404932847,6.0
6392.0,6624.0,0.011407741793207573,7.0
4242.0,4579.0,0.011421133434233566,2.0
3124.0,3640.0,0.01142504176405501,2.0
2644.0,3157.0,0.011433399331625682,2.0
947.0,6174.0,0.011444614324225943,3.0
1961.0,3379.0,0.011445702043599848,2.0
1166.0,2795.0,0.011451152205855464,2.0
4159.0,6894.0,0.011454489186621342,7.0
1294.0,2931.0,0.011455626809332542,2.0
3224.0,7092.0,0.01148560421160152,6.0
5011.0,5431.0,0.011491335986298756,3.0
2261.0,6882.0,0.011507655050734256,3.0
836.0,1091.0,0.011527832833254315,2.0
3750.0,7203.0,0.011530215995680129,8.0
1338.0,4916.0,0.011533850431166726,2.0
6453.0,7220.0,0.01154583614850315,5.0
5543.0,6471.0,0.011547820920679186,5.0
2875.0,6281.0,0.011554094950811389,4.0
5495.0,6690.0,0.011560198480029427,5.0
4776.0,7390.0,0.011562169169187758,9.0
6826.0,7326.0,0.011564714672278978,7.0
3466.0,7229.0,0.011574298107254929,7.0
6779.0,7123.0,0.011577629855023726,10.0
834.0,6732.0,0.011585574920872754,4.0
6267.0,6964.0,0.01158835185262927,4.0
2018.0,7466.0,0.011594928818222616,6.0
3594.0,6273.0,0.011603402592175849,3.0
189.0,6903.0,0.011607882241085055,5.0
2122.0,6731.0,0.011617282148252195,3.0
168.0,6572.0,0.011619423310480381,3.0
6592.0,7465.0,0.01164403911030159,6.0
6319.0,7024.0,0.011649664648741325,5.0
3188.0,3574.0,0.011655077484487353,2.0
3373.0,4734.0,0.011655120620907233,2.0
3382.0,3383.0,0.011656669958279298,2.0
2549.0,2578.0,0.011661818257959755,2.0
2820.0,4151.0,0.011662705788520245,2.0
6464.0,6717.0,0.011666241921503506,5.0
7295.0,7388.0,0.011678620013193853,11.0
565.0,1480.0,0.011685248407649063,2.0
1873.0,5914.0,0.011689238253322631,3.0
275.0,7305.0,0.011698810871929921,3.0
2897.0,6979.0,0.011705406455348618,16.0
3129.0,6358.0,0.011709967079648831,3.0
4184.0,7107.0,0.011735365832638234,6.0
3695.0,4202.0,0.011749475323988845,2.0
3859.0,5625.0,0.01175470288349284,3.0
6775.0,7186.0,0.011756301482612202,17.0
2083.0,2558.0,0.011756951654631642,2.0
976.0,6889.0,0.01176910680295738,8.0
374.0,395.0,0.011771528030790845,2.0
7219.0,7432.0,0.011799273533720274,23.0
1236.0,2574.0,0.011804948874386767,2.0
2870.0,3207.0,0.011813150056512955,2.0
6598.0,7256.0,0.011817676689845874,4.0
2471.0,7297.0,0.011820716894651417,5.0
6322.0,6748.0,0.011822509991895686,4.0
682.0,5115.0,0.011824395752988881,2.0
5895.0,7145.0,0.011828600641500306,6.0
2552.0,2741.0,0.011855747605662437,2.0
4611.0,5025.0,0.011858873803344383,2.0
391.0,4430.0,0.011861146716362958,2.0
5192.0,7281.0,0.011869210967981344,5.0
3925.0,7034.0,0.011870122657304472,6.0
6741.0,7196.0,0.011874669553807421,6.0
2858.0,6806.0,0.0118788316845172,4.0
6493.0,7084.0,0.011880806378757557,12.0
6135.0,6470.0,0.011886980951247461,4.0
6651.0,7378.0,0.011897235990736554,4.0
3099.0,4766.0,0.011905439967211051,2.0
95.0,4928.0,0.011911046156038996,2.0
3264.0,6457.0,0.011915558895463696,3.0
2490.0,7277.0,0.011929374670446377,4.0
3534.0,3601.0,0.011929540755182155,2.0
7184.0,7454.0,0.011934820917667158,22.0
2588.0,5889.0,0.011953234324935447,3.0
1079.0,4451.0,0.011959993779587674,2.0
4243.0,7253.0,0.011961232905483898,3.0
3304.0,6578.0,0.011962544369201411,3.0
4398.0,4495.0,0.011965994979299843,2.0
6504.0,6777.0,0.011970398320490482,8.0
1935.0,4775.0,0.011971623841054435,2.0
6124.0,7045.0,0.011994230590051058,8.0
6049.0,6411.0,0.011998572112981092,5.0
2652.0,5544.0,0.012010753313171474,3.0
957.0,5302.0,0.012016347214725887,3.0
6985.0,7275.0,0.012022380641720282,12.0
639.0,650.0,0.012026293099402507,2.0
3768.0,6263.0,0.012044772917057633,3.0
6558.0,6993.0,0.01205007846335591,7.0
6067.0,6250.0,0.012054055066866548,4.0
3803.0,7221.0,0.012057835348555979,4.0
7037.0,7172.0,0.01206208755689131,9.0
2515.0,3240.0,0.012081157760618022,2.0
7228.0,7320.0,0.012083390406560847,9.0
2787.0,3308.0,0.012091242681252834,2.0
6780.0,7507.0,0.01210008288043835,8.0
2611.0,2739.0,0.012112257302627216,2.0
860.0,6560.0,0.012112821917624528,3.0
4965.0,7070.0,0.012130470915724315,4.0
2874.0,3005.0,0.012131589706286694,2.0
4370.0,6712.0,0.012141117963993253,3.0
4984.0,7437.0,0.012150402837935226,4.0
6329.0,6695.0,0.01215558428853742,6.0
946.0,3564.0,0.012157079987545782,2.0
6586.0,6813.0,0.012157426379929203,6.0
4655.0,6175.0,0.01216660902299932,3.0
2503.0,3039.0,0.012167157360797987,2.0
3762.0,6552.0,0.012180891937533097,4.0
238.0,802.0,0.012181252040153301,2.0
6566.0,6812.0,0.012187535178816192,7.0
7020.0,7234.0,0.012190292409700794,6.0
6772.0,7323.0,0.012202170749855233,19.0
6356.0,7649.0,0.012228064115503201,4.0
1984.0,2421.0,0.012230923099675106,2.0
536.0,736.0,0.012245524181912604,2.0
6122.0,7429.0,0.012251265050636109,13.0
3927.0,6369.0,0.012265299018447251,3.0
1426.0,7124.0,0.012267002412319483,4.0
6612.0,7060.0,0.012273728918485955,7.0
31.0,6864.0,0.01227655070708448,4.0
2472.0,4382.0,0.012276905546886208,2.0
6093.0,6343.0,0.012277627078901454,5.0
6804.0,7302.0,0.0122783377633511,7.0
701.0,6073.0,0.012281939344782111,3.0
4856.0,4857.0,0.012296467155563984,2.0
1387.0,6844.0,0.01230137821873395,3.0
372.0,6881.0,0.012302736295166594,3.0
6726.0,7198.0,0.012329368718852212,8.0
4623.0,4864.0,0.01233825205141681,2.0
7291.0,7424.0,0.012353176367153995,9.0
1858.0,3659.0,0.012370065051127921,2.0
3535.0,3818.0,0.012371574241599625,2.0
5979.0,7356.0,0.012376577971380262,13.0
6929.0,7296.0,0.012387743217449884,10.0
1863.0,4452.0,0.012389800090819691,2.0
6494.0,6506.0,0.012395152705695023,4.0
692.0,7351.0,0.012406628592881901,8.0
2032.0,5893.0,0.012421504025604194,4.0
529.0,6054.0,0.012439359073998069,3.0
7136.0,7225.0,0.012450050356335627,7.0
4142.0,6791.0,0.012452524804918319,3.0
7479.0,7583.0,0.012452611036800397,10.0
1194.0,5792.0,0.012454602292359007,3.0
833.0,6419.0,0.012469352662363709,3.0
1415.0,4359.0,0.012471019361284252,2.0
1678.0,6971.0,0.012473444760013025,5.0
3248.0,7345.0,0.012476412117909674,7.0
6957.0,7581.0,0.012497477775190002,4.0
7041.0,7562.0,0.012499384217166759,4.0
647.0,4355.0,0.012519102556298956,2.0
346.0,347.0,0.012523664175015048,2.0
186.0,250.0,0.012540205549356087,2.0
1203.0,1864.0,0.012543815032124761,2.0
1295.0,2015.0,0.01254855016427081,2.0
7033.0,7311.0,0.01255711305430247,7.0
6721.0,6892.0,0.012561728865422117,5.0
483.0,484.0,0.012563713710004865,2.0
6116.0,6883.0,0.012563748407547612,5.0
4657.0,6825.0,0.012565347916702496,3.0
2542.0,6942.0,0.012595256424412449,3.0
6927.0,7059.0,0.012600837862442085,7.0
6334.0,6557.0,0.012611369674299266,6.0
2413.0,6769.0,0.012611518535046329,5.0
2771.0,2856.0,0.012631647302415505,2.0
3464.0,7249.0,0.012634169655768857,3.0
5006.0,5086.0,0.012636400115730861,2.0
6924.0,7191.0,0.012646521091609492,6.0
1912.0,7110.0,0.012646712747734462,5.0
2381.0,7501.0,0.012664845527006113,5.0
6900.0,7116.0,0.01267016076802244,12.0
6934.0,7668.0,0.012678761209598991,18.0
4566.0,7379.0,0.012682373390613982,5.0
199.0,1308.0,0.012683885883607804,2.0
7085.0,7524.0,0.01270151275598777,4.0
221.0,3469.0,0.012715093107479314,2.0
7187.0,7396.0,0.012717183500012668,16.0
7048.0,7233.0,0.012720755982548676,6.0
33.0,6976.0,0.012726953059746082,3.0
1555.0,2735.0,0.012736481228120433,2.0
399.0,4750.0,0.012740149808712409,2.0
4645.0,6635.0,0.012747693931280668,3.0
6226.0,6788.0,0.012756260218315168,6.0
7087.0,7121.0,0.01276377626228549,6.0
6094.0,7542.0,0.012795968987901495,20.0
3706.0,7367.0,0.012797133825900642,3.0
7035.0,7259.0,0.012799952949106685,4.0
1366.0,4812.0,0.012802832926405383,2.0
6458.0,7484.0,0.012811023757356587,9.0
6447.0,7049.0,0.012813560927388463,5.0
6270.0,7360.0,0.01281405285408152,4.0
82.0,6944.0,0.01282160472501633,4.0
6874.0,7400.0,0.01282368943850487,5.0
4703.0,7130.0,0.012849435746934423,3.0
7224.0,7279.0,0.012862538081115066,10.0
558.0,6492.0,0.012864118915420608,3.0
589.0,4311.0,0.012878043508540271,2.0
4308.0,4821.0,0.01288183502250917,2.0
363.0,6846.0,0.012891603254077677,4.0
4969.0,5945.0,0.012896239614563654,4.0
78.0,4477.0,0.012906261136898856,2.0
6891.0,7596.0,0.012910975613333044,10.0
3839.0,4027.0,0.012913688224953312,2.0
4706.0,7193.0,0.012921238535794022,3.0
353.0,7286.0,0.01292529775722559,5.0
1113.0,5008.0,0.012932525467462819,2.0
4244.0,4612.0,0.012933121638316614,2.0
1565.0,7269.0,0.012940282439864711,9.0
3450.0,6126.0,0.012941176122593268,3.0
6937.0,7672.0,0.012957871768001686,16.0
6999.0,7518.0,0.012965449126829749,12.0
2353.0,7251.0,0.012980087336241342,4.0
2220.0,4467.0,0.012985242681092135,2.0
2801.0,7284.0,0.012987897404017354,8.0
928.0,2701.0,0.012988013404233167,2.0
960.0,6978.0,0.013011230533257201,3.0
119.0,792.0,0.013014307932809777,2.0
503.0,4747.0,0.013019558774787998,2.0
7312.0,7561.0,0.013024608935817018,16.0
6104.0,6930.0,0.013037392842584483,12.0
4604.0,6885.0,0.013039905034008592,3.0
4567.0,6306.0,0.01304593584233893,3.0
5024.0,7288.0,0.01304686260310158,4.0
1903.0,3420.0,0.013052680945022876,2.0
4393.0,6877.0,0.013076621494921392,3.0
6097.0,7138.0,0.013082519119904679,8.0
3978.0,3979.0,0.013083578967946874,2.0
631.0,862.0,0.013088588410822721,2.0
3169.0,7101.0,0.013111716904396017,4.0
2475.0,6534.0,0.013149788074483026,3.0
2491.0,7482.0,0.013154811447767312,3.0
7061.0,7239.0,0.013156292059914981,14.0
583.0,1109.0,0.013161782925766974,2.0
882.0,7420.0,0.013166326533194439,7.0
7079.0,7313.0,0.013175239277745117,36.0
3728.0,3729.0,0.013180604272369889,2.0
1151.0,6657.0,0.013186736461809567,3.0
595.0,7336.0,0.013201262346990372,4.0
1925.0,6936.0,0.013204331100873082,4.0
1458.0,3677.0,0.01321337390166899,2.0
4638.0,6042.0,0.013226413499323963,4.0
6535.0,6542.0,0.013232961479416494,5.0
4890.0,6260.0,0.013241214907287663,5.0
6508.0,7342.0,0.013248797820921608,8.0
6799.0,6833.0,0.013255538156020064,18.0
6282.0,7104.0,0.013259249741486762,4.0
3493.0,3514.0,0.01326632337619571,2.0
6407.0,7445.0,0.013267149535857392,5.0
6727.0,7294.0,0.013280192057064483,6.0
6782.0,7446.0,0.013295542875094907,4.0
7137.0,7199.0,0.01329932879788604,6.0
1902.0,3590.0,0.013299596110674217,2.0
278.0,6574.0,0.013299931874730109,3.0
380.0,1287.0,0.013330129054476503,2.0
1313.0,4572.0,0.013332890988266177,2.0
2665.0,7416.0,0.01334075758966502,6.0
3181.0,6963.0,0.013346439692343393,4.0
1081.0,7712.0,0.013349977745585606,5.0
2598.0,4047.0,0.013356504884003195,2.0
1782.0,4770.0,0.013357659289631063,2.0
2356.0,3098.0,0.013371074329616373,2.0
4072.0,7076.0,0.013371733254661622,3.0
6341.0,7128.0,0.01341390032403958,8.0
6360.0,7046.0,0.013425080948071665,7.0
21.0,6648.0,0.013444456779156733,3.0
1598.0,3771.0,0.013444996123133879,2.0
4019.0,4020.0,0.013492660457720351,2.0
1211.0,6858.0,0.013510489222746965,4.0
2766.0,4481.0,0.01352040556635914,2.0
737.0,7083.0,0.01353195358165446,5.0
2137.0,2686.0,0.013566753298647871,2.0
2620.0,2927.0,0.013567265266878348,2.0
3040.0,6888.0,0.013571186001680363,9.0
6336.0,7303.0,0.013575349818144474,5.0
1991.0,3249.0,0.013580353993144945,2.0
4326.0,7519.0,0.013582497094851554,14.0
7244.0,7628.0,0.01358463047722358,6.0
428.0,4643.0,0.013586969890809764,2.0
2726.0,6831.0,0.013591655213624288,6.0
212.0,6951.0,0.01361133311180196,3.0
3620.0,6314.0,0.0136334979047254,3.0
6821.0,6847.0,0.01363817672703839,10.0
1163.0,7537.0,0.013665271273462676,5.0
283.0,299.0,0.013667940723128047,2.0
4071.0,4679.0,0.01366832942774987,2.0
3993.0,4466.0,0.01366906933760259,2.0
7181.0,7625.0,0.013677814353360162,11.0
6048.0,7328.0,0.013677935862551172,13.0
5971.0,7600.0,0.013690997558143847,6.0
5960.0,6338.0,0.013691420162334211,4.0
79.0,93.0,0.013711229269154468,2.0
7471.0,7775.0,0.013724136463389675,12.0
6897.0,7241.0,0.01372865876273163,13.0
5937.0,7335.0,0.01373266361551615,7.0
6764.0,7595.0,0.013734800063321359,11.0
197.0,254.0,0.013735246050787575,2.0
3606.0,3992.0,0.013736236523609335,2.0
449.0,612.0,0.013751733074561123,2.0
1278.0,6947.0,0.013759855711449331,3.0
7039.0,7460.0,0.013760085928210172,5.0
6489.0,7350.0,0.01377184447306709,4.0
4625.0,7384.0,0.01377454563382933,4.0
3468.0,6414.0,0.013776541682614274,3.0
2273.0,3204.0,0.013778425333547561,2.0
7699.0,7738.0,0.013797234340723734,13.0
75.0,4293.0,0.013803709960976684,2.0
3503.0,6941.0,0.01380932415884803,5.0
3238.0,6757.0,0.01381059877971974,3.0
7319.0,7358.0,0.01381756308439316,12.0
7013.0,7391.0,0.01383519999016596,7.0
5104.0,6564.0,0.013835311639861736,3.0
6843.0,7205.0,0.013835385732945635,10.0
7421.0,7504.0,0.01383810971902321,8.0
4347.0,4982.0,0.013853533210205327,2.0
6084.0,6584.0,0.013884558014758908,4.0
6480.0,7135.0,0.0138999126443259,13.0
6966.0,7569.0,0.013902934292341712,4.0
7353.0,7589.0,0.01390629836822394,25.0
3635.0,6747.0,0.0139153840423894,3.0
4173.0,5742.0,0.013916010956545377,3.0
2769.0,3372.0,0.013916114904823362,2.0
7365.0,7642.0,0.013956501056105552,21.0
3055.0,6698.0,0.013957301613983897,3.0
5617.0,6982.0,0.013964288968187133,4.0
719.0,7703.0,0.013969599390390663,4.0
3024.0,5934.0,0.013989048897847522,3.0
4539.0,6370.0,0.013990863058860159,3.0
6645.0,7164.0,0.014010766458475543,7.0
7271.0,7692.0,0.014024513804407708,17.0
1241.0,1305.0,0.014029356592338282,2.0
6261.0,7002.0,0.01404152237591945,14.0
3776.0,4340.0,0.014041584546969021,2.0
2911.0,7202.0,0.014043843097301481,4.0
213.0,6857.0,0.014046568491982825,4.0
6810.0,7695.0,0.014061625431281064,23.0
2685.0,6230.0,0.014067945673789828,3.0
6746.0,7265.0,0.014079446362957567,8.0
3540.0,7666.0,0.014087226169141792,5.0
1796.0,7094.0,0.014089425356087093,3.0
6204.0,6879.0,0.014097368587639172,6.0
7143.0,7489.0,0.014101065609419655,15.0
6591.0,7557.0,0.014102366520643079,5.0
3460.0,6869.0,0.014119349679388438,3.0
7056.0,7433.0,0.014123682077757611,9.0
3199.0,7464.0,0.014130181395334729,3.0
4365.0,6787.0,0.014136319310155854,3.0
6719.0,7223.0,0.014170921930894476,9.0
4633.0,7477.0,0.014171570521243765,5.0
211.0,1199.0,0.014184983359857961,2.0
6397.0,7001.0,0.014193548537355735,6.0
4305.0,7156.0,0.014200231204439973,3.0
2857.0,7641.0,0.014214826672983849,5.0
6893.0,7746.0,0.014217010954031547,16.0
6828.0,7618.0,0.01421765509290343,21.0
7078.0,7863.0,0.014218867717732769,21.0
7036.0,7272.0,0.014223261720757953,9.0
366.0,7005.0,0.014230979424074586,4.0
4256.0,4925.0,0.014237480961153182,2.0
1296.0,1475.0,0.014251717303710776,2.0
385.0,4616.0,0.014263314998981036,2.0
1876.0,6809.0,0.01426629289556347,3.0
7106.0,7503.0,0.014279812376959217,7.0
7188.0,7841.0,0.014294904258859667,6.0
6793.0,7373.0,0.014299835795930816,8.0
7257.0,7289.0,0.014307408102153668,9.0
7250.0,7737.0,0.014335834827039928,16.0
3541.0,4245.0,0.014352131134383272,2.0
2416.0,7426.0,0.014352401578801077,3.0
4264.0,4310.0,0.014379357736093445,2.0
3476.0,7027.0,0.014394122735124526,3.0
1633.0,6838.0,0.014397710148583797,6.0
137.0,5083.0,0.014408135932014177,2.0
7254.0,7306.0,0.014437086096041746,7.0
1692.0,2492.0,0.014445922460079808,2.0
482.0,6469.0,0.01445004452748433,3.0
4705.0,7851.0,0.014457040011407034,15.0
2537.0,2697.0,0.014457940135681802,2.0
6697.0,7008.0,0.014469106321622002,9.0
3607.0,7452.0,0.014478509117943295,3.0
3828.0,6785.0,0.01448747101390263,3.0
1752.0,7393.0,0.014511344611313407,7.0
6545.0,7012.0,0.014516143395500643,6.0
6938.0,7474.0,0.014528595796774438,28.0
2871.0,7075.0,0.01453070334380091,3.0
7031.0,7307.0,0.014548401734317566,23.0
7054.0,7362.0,0.014556606563388105,5.0
6192.0,7443.0,0.014575222548861658,5.0
3028.0,7532.0,0.014580766072895462,9.0
1024.0,7068.0,0.01458593907424674,5.0
4559.0,5085.0,0.014596372415483727,2.0
7493.0,7786.0,0.014609681079566538,17.0
4476.0,7636.0,0.014611833110755368,3.0
609.0,7444.0,0.014627076669244935,10.0
1494.0,2190.0,0.014653600024947422,2.0
2387.0,7525.0,0.014659263133400435,3.0
2599.0,6680.0,0.014662213881789954,3.0
5631.0,6583.0,0.01468737962604974,4.0
1152.0,7575.0,0.014691281893976968,7.0
7693.0,7959.0,0.014693508396527721,6.0
561.0,7553.0,0.014705770650296407,5.0
7430.0,7665.0,0.014718917726089345,14.0
447.0,811.0,0.014734468439713821,2.0
1389.0,4727.0,0.014762090663277827,2.0
7200.0,7709.0,0.014766007363152355,21.0
4562.0,6752.0,0.01478031233979446,5.0
7007.0,7527.0,0.014787924609873899,11.0
953.0,990.0,0.014795409575414809,2.0
1942.0,7375.0,0.01480160941194808,6.0
6817.0,7780.0,0.014817559227703715,7.0
3876.0,6855.0,0.014819037041840344,3.0
4170.0,6987.0,0.01484133843246401,4.0
2178.0,4038.0,0.014850117606446611,2.0
7014.0,7747.0,0.014854648234288096,23.0
5920.0,7389.0,0.014865207893014931,6.0
7165.0,7285.0,0.01487116138163333,12.0
1718.0,6943.0,0.014874752454034773,5.0
5401.0,7152.0,0.014885289474477129,5.0
6823.0,7359.0,0.014889126576026507,15.0
94.0,7449.0,0.014905633238168736,3.0
6983.0,7662.0,0.014913361461193632,17.0
2230.0,7684.0,0.014943180070586065,5.0
7043.0,7659.0,0.014945544838527326,8.0
6952.0,7255.0,0.01494648287281732,5.0
2639.0,3051.0,0.014967419270511817,2.0
1525.0,6666.0,0.01496837984899968,3.0
1420.0,7096.0,0.014981624134005556,9.0
3630.0,6920.0,0.014987998422523519,3.0
1075.0,1202.0,0.015005127413032726,2.0
688.0,7349.0,0.015006263562446553,3.0
1733.0,4580.0,0.01501046572867848,2.0
480.0,5103.0,0.015010735119356466,2.0
6210.0,7231.0,0.015050554455474326,14.0
6803.0,6880.0,0.015060684747562739,32.0
4282.0,6627.0,0.015066695647090253,4.0
932.0,1041.0,0.015081104872372686,2.0
7325.0,7688.0,0.015090222991653676,26.0
2533.0,2551.0,0.015098550227979124,2.0
2563.0,5909.0,0.015109178719706443,4.0
253.0,1235.0,0.015117248538389583,2.0
1866.0,3971.0,0.015125720830289402,2.0
1297.0,7163.0,0.015126349839550723,6.0
2118.0,4050.0,0.015139786465520166,2.0
6851.0,7016.0,0.01514974029318065,5.0
5073.0,7467.0,0.015151024211119154,7.0
6986.0,7209.0,0.015156818413534057,6.0
6237.0,7423.0,0.015159466790759557,12.0
1727.0,2395.0,0.015163007968196807,2.0
3130.0,7438.0,0.01518846984909398,7.0
6856.0,7512.0,0.015190828480460291,11.0
4121.0,4395.0,0.015200431618219601,2.0
4158.0,6710.0,0.015211552960779195,3.0
3850.0,4698.0,0.015214817852824636,2.0
7278.0,7651.0,0.015215759449109053,8.0
3633.0,6424.0,0.015230534682462687,5.0
3394.0,7357.0,0.01523462245852425,7.0
1232.0,7605.0,0.01524017958891366,4.0
1465.0,1466.0,0.015251642435805679,2.0
3235.0,7673.0,0.015257860405598178,3.0
978.0,6235.0,0.01528121324846815,3.0
6647.0,7394.0,0.015282051143975389,5.0
1815.0,6616.0,0.01530517901632907,4.0
2527.0,3031.0,0.015305762534688183,2.0
193.0,6965.0,0.015315643852886454,4.0
2965.0,7245.0,0.015317435787554045,6.0
7554.0,7681.0,0.01532395674527974,9.0
2572.0,3205.0,0.015326722877105903,2.0
6968.0,7594.0,0.01534279154683052,8.0
3368.0,7453.0,0.015383660335035965,3.0
379.0,7287.0,0.015397777396362333,3.0
4506.0,7727.0,0.015399764461538679,3.0
6310.0,7425.0,0.015400194369387998,10.0
6377.0,6928.0,0.015411468861618613,5.0
241.0,255.0,0.01541685625055711,2.0
397.0,3449.0,0.015425501253375606,2.0
3294.0,7166.0,0.015428826275939925,4.0
6278.0,7683.0,0.015429213570146982,4.0
5094.0,7899.0,0.015436319945541177,5.0
7207.0,7957.0,0.015440271354318072,8.0
3155.0,7201.0,0.015480123078619262,5.0
548.0,598.0,0.015488331144881129,2.0
7139.0,7768.0,0.015489422358051952,7.0
1314.0,6958.0,0.015493803457042044,3.0
1190.0,4742.0,0.01552951426508542,2.0
3121.0,6988.0,0.015571562669696448,3.0
3797.0,4315.0,0.015606174228178893,2.0
7129.0,7867.0,0.015609888966205479,14.0
541.0,7290.0,0.01563194643359639,3.0
7167.0,7206.0,0.015640279627757783,6.0
6475.0,6974.0,0.015644702827607177,5.0
3881.0,7522.0,0.015654083540021457,5.0
3629.0,4134.0,0.015659511630185974,2.0
6571.0,7951.0,0.015660742719108126,19.0
6403.0,7490.0,0.015672713590236413,9.0
3767.0,7844.0,0.0156795404145485,3.0
7180.0,7448.0,0.01568347699521075,25.0
2069.0,6919.0,0.015714476522058114,10.0
3805.0,6354.0,0.01571868864742204,3.0
6912.0,6994.0,0.015733777312964204,10.0
6933.0,7413.0,0.015741238677846322,13.0
2242.0,6398.0,0.015751905456110604,3.0
1793.0,3172.0,0.01575437835910387,2.0
7309.0,7485.0,0.015761728846204,13.0
7492.0,7818.0,0.01577376885383422,10.0
3707.0,6487.0,0.015781855895233343,3.0
2698.0,7621.0,0.015791494728537803,3.0
4996.0,7158.0,0.015809654861702327,3.0
365.0,398.0,0.015810674422366833,2.0
2880.0,3331.0,0.015816878983632487,2.0
1914.0,4415.0,0.015824744230843457,2.0
7280.0,7439.0,0.015824851765788128,4.0
1446.0,1612.0,0.015853753759963896,2.0
1206.0,1472.0,0.015855178369052036,2.0
7458.0,7915.0,0.015862827248726286,8.0
6873.0,7447.0,0.015903194584930502,4.0
3301.0,7258.0,0.015906292948896932,4.0
7301.0,7497.0,0.015908461450042936,27.0
977.0,989.0,0.015909187940744474,2.0
6923.0,7686.0,0.015926263320163215,11.0
4073.0,7428.0,0.0159701583870967,3.0
1522.0,7267.0,0.015992656653109966,4.0
6811.0,7528.0,0.01600007988655903,7.0
2369.0,7361.0,0.016012559365055818,4.0
1402.0,4859.0,0.016015153938160998,2.0
3080.0,3123.0,0.01601678382064109,2.0
7168.0,7585.0,0.016021027896668687,8.0
574.0,4386.0,0.016022208114628733,2.0
901.0,3935.0,0.016029243373553936,2.0
2526.0,7852.0,0.01603552843318908,7.0
234.0,6906.0,0.01604233541102823,3.0
7053.0,7593.0,0.016042826277961064,7.0
6815.0,7849.0,0.016044364525255806,7.0
6366.0,7263.0,0.016044436920055916,9.0
969.0,7998.0,0.016069416589616536,6.0
7543.0,7691.0,0.01608055310176736,8.0
6353.0,7095.0,0.016081043290652575,4.0
653.0,4146.0,0.016089119696427234,2.0
4394.0,7531.0,0.016117131798996764,5.0
1217.0,1219.0,0.01612733715634529,2.0
5075.0,7175.0,0.016148424867355182,3.0
6749.0,7939.0,0.016149012876543554,12.0
1449.0,7242.0,0.016156362892530324,7.0
4799.0,7174.0,0.016160870035977493,3.0
7654.0,7963.0,0.01619388994317758,12.0
3223.0,7431.0,0.01619448085249824,13.0
2109.0,3658.0,0.0162071611305874,2.0
805.0,7321.0,0.016208640365668603,3.0
7450.0,7480.0,0.016213425166613553,9.0
4520.0,7102.0,0.016217935015742924,3.0
3438.0,7176.0,0.016229224099722106,3.0
7315.0,7760.0,0.016234244874221142,36.0
7132.0,7714.0,0.01624258482997964,11.0
3324.0,3325.0,0.01625622297367657,2.0
5950.0,7598.0,0.016279439317777356,12.0
6634.0,7910.0,0.016293485600789193,25.0
6190.0,7235.0,0.016307476134666016,14.0
10.0,6325.0,0.016310531198629425,4.0
684.0,4263.0,0.016311484279299515,2.0
1347.0,4788.0,0.016316537794313857,2.0
7069.0,7958.0,0.016329041859138742,30.0
6509.0,7541.0,0.016364218412929288,5.0
5644.0,5761.0,0.01637200239672143,4.0
7171.0,7214.0,0.016378396073805646,5.0
4067.0,7956.0,0.016384779399384906,8.0
2689.0,4412.0,0.016417515640348657,2.0
7099.0,7682.0,0.016426118807121748,6.0
3770.0,7434.0,0.016451719893847944,5.0
2082.0,6561.0,0.016464931886769507,3.0
4297.0,6961.0,0.01648326603954553,3.0
711.0,7667.0,0.016498379034611654,5.0
2734.0,3158.0,0.016501794244050627,2.0
7118.0,7795.0,0.016504825199752396,16.0
2989.0,4136.0,0.016511571492431765,2.0
4447.0,7065.0,0.016513066589454506,3.0
3254.0,7854.0,0.01651984482533388,7.0
2514.0,2996.0,0.01652533812591328,2.0
7402.0,7891.0,0.016544951584865755,16.0
988.0,1174.0,0.016562916168968655,2.0
7004.0,7217.0,0.01656567634578538,11.0
7647.0,7687.0,0.016584883257099045,9.0
1505.0,3309.0,0.01660385208407711,2.0
7177.0,7734.0,0.016604743055524663,7.0
7066.0,7418.0,0.016607328291884493,7.0
3131.0,7616.0,0.01661877572492672,4.0
7352.0,7515.0,0.016630796870885617,7.0
7230.0,7374.0,0.016644095079040407,12.0
6681.0,7117.0,0.016654171480680144,6.0
6293.0,7197.0,0.016688060494540746,5.0
3274.0,6232.0,0.016690841533467726,3.0
7436.0,7752.0,0.016701725005093326,24.0
6702.0,7848.0,0.016730285284290596,13.0
258.0,7407.0,0.01673418249884491,14.0
3922.0,8036.0,0.016751156952223734,5.0
7266.0,7330.0,0.016759534844245454,5.0
2466.0,4494.0,0.016775512218216826,2.0
3203.0,4711.0,0.01677957613277603,2.0
1735.0,7991.0,0.01678236255148533,6.0
4763.0,8058.0,0.01679135091963113,3.0
4112.0,7789.0,0.016807260708827765,9.0
972.0,5137.0,0.01682137965061592,2.0
1948.0,3173.0,0.01683122251893554,2.0
7192.0,7971.0,0.016834676224043315,5.0
1674.0,2409.0,0.016847567112084905,2.0
1519.0,5421.0,0.01687117208710731,3.0
2750.0,3027.0,0.0168804780258357,2.0
477.0,7713.0,0.016887983465539935,9.0
7759.0,8039.0,0.016889080636949806,12.0
7513.0,7845.0,0.016896344089936878,10.0
6956.0,7098.0,0.016948062827925048,5.0
7304.0,7415.0,0.016953464652020814,6.0
7212.0,7989.0,0.016958743449528912,12.0
7080.0,7530.0,0.01696444216238041,15.0
1304.0,7366.0,0.016975211621943303,4.0
178.0,1282.0,0.016989340317135393,2.0
60.0,2044.0,0.017007320436543072,2.0
282.0,4632.0,0.0170436457290587,2.0
1322.0,1327.0,0.01705520340153921,2.0
5042.0,7677.0,0.017056716624840762,4.0
526.0,7074.0,0.01707026743782164,3.0
7731.0,8091.0,0.01708464717805526,34.0
7494.0,7678.0,0.017091923590114088,7.0
3908.0,7664.0,0.017118366125219886,4.0
2037.0,7377.0,0.017126209084389832,5.0
3981.0,7332.0,0.0171307025470272,3.0
7770.0,8009.0,0.017135205110549293,14.0
7732.0,8077.0,0.017136970797786248,18.0
7113.0,7119.0,0.017181356117037038,8.0
3779.0,6722.0,0.017204844909494643,3.0
3963.0,7548.0,0.017224858360700424,3.0
406.0,7637.0,0.017229002890082945,3.0
1222.0,4945.0,0.017246709567316332,2.0
3333.0,7247.0,0.01726160818953487,3.0
7122.0,7781.0,0.017262401623856324,6.0
619.0,7103.0,0.017264802908770194,3.0
2638.0,2933.0,0.017274333545638676,2.0
6738.0,7109.0,0.017279092767996357,4.0
2978.0,3748.0,0.017295632297563146,2.0
7264.0,7463.0,0.017299587240151765,7.0
6940.0,8115.0,0.01733277658697539,22.0
1357.0,4379.0,0.01733839476625132,2.0
6735.0,7308.0,0.017346325385185636,10.0
7154.0,7586.0,0.017358727337941138,5.0
1822.0,7908.0,0.01736951326330613,5.0
3030.0,8149.0,0.017396312886575664,8.0
6751.0,7558.0,0.01740605076470628,8.0
2684.0,3341.0,0.017415070404022015,2.0
7354.0,7572.0,0.017417172468414205,7.0
4357.0,4782.0,0.017428209090359137,2.0
3097.0,7456.0,0.01745961138410318,3.0
3525.0,7395.0,0.01748095545066397,3.0
7021.0,7779.0,0.017483683009186828,5.0
2743.0,7952.0,0.017498275854630485,3.0
7679.0,7817.0,0.017505410880911555,11.0
6767.0,7656.0,0.017526170834651814,12.0
3171.0,7414.0,0.017539196497650122,3.0
678.0,1071.0,0.01753998991417749,2.0
7549.0,8019.0,0.017569758088279225,17.0
929.0,1014.0,0.017572887003947435,2.0
4797.0,7830.0,0.01757990318590763,3.0
865.0,4824.0,0.017597615108973397,2.0
6014.0,7578.0,0.01760838959432079,4.0
3156.0,7948.0,0.017620735453067145,8.0
7310.0,7950.0,0.017625378855079216,9.0
6736.0,6904.0,0.017626896748849874,5.0
680.0,6972.0,0.017650801607311528,3.0
7451.0,7626.0,0.017651456397177356,5.0
1020.0,8121.0,0.017654738827400318,4.0
4724.0,4729.0,0.017667012798346926,2.0
7475.0,7719.0,0.017676122564281905,10.0
4527.0,4712.0,0.017723207028062737,2.0
6683.0,8071.0,0.01772449164352976,13.0
1281.0,4744.0,0.017740294307501903,2.0
7268.0,7833.0,0.01774223060677079,7.0
4790.0,4822.0,0.017747024479436435,2.0
5913.0,7877.0,0.017763358922462044,6.0
7658.0,7883.0,0.017782852162869667,11.0
7912.0,8186.0,0.017791575787579443,23.0
284.0,6955.0,0.017796605150809275,3.0
2432.0,7526.0,0.01779995945376304,4.0
571.0,758.0,0.017808016185760556,2.0
2888.0,7804.0,0.01781917712808609,5.0
4505.0,7614.0,0.017879098693411057,12.0
4619.0,7705.0,0.01789352410229672,3.0
6597.0,7868.0,0.017916480849239205,17.0
7072.0,7632.0,0.017935170445774473,6.0
7442.0,7866.0,0.017973940481097572,4.0
1340.0,4195.0,0.017981692694362894,2.0
417.0,8007.0,0.01799150827537568,15.0
2162.0,3019.0,0.017998378437081075,2.0
3219.0,3220.0,0.01801907849343476,2.0
6945.0,7314.0,0.018023799526375946,9.0
2302.0,7568.0,0.018039155990314398,4.0
6321.0,7631.0,0.018043349153808196,7.0
4041.0,7030.0,0.018049216950394298,3.0
744.0,7227.0,0.018060595884361097,3.0
6830.0,7148.0,0.01807018127640811,10.0
7114.0,7478.0,0.01807736475980301,6.0
2350.0,2494.0,0.01809343316403711,2.0
1142.0,7790.0,0.01811177061827629,3.0
2505.0,2632.0,0.018122510189298224,2.0
4610.0,4924.0,0.018145937333298945,2.0
7082.0,8221.0,0.018150577826722556,10.0
2419.0,2454.0,0.01817695269959707,2.0
3524.0,4410.0,0.01819074981601243,2.0
7127.0,7324.0,0.018196415648984804,4.0
1325.0,7218.0,0.018216340435498857,3.0
7722.0,8020.0,0.01821902132281122,11.0
116.0,1144.0,0.01822671316204938,2.0
7341.0,7607.0,0.0182267236233888,7.0
2108.0,5656.0,0.01825556013328916,3.0
7620.0,8151.0,0.01830099162598537,22.0
2889.0,4450.0,0.018317531242032614,2.0
4259.0,4749.0,0.018348763279176117,2.0
1716.0,6613.0,0.018357024516451825,3.0
3645.0,6962.0,0.018360334155430702,4.0
268.0,7383.0,0.018366628891107715,10.0
2877.0,2878.0,0.018368584840818714,2.0
588.0,2384.0,0.018370834992728402,2.0
7238.0,7657.0,0.0183933301915231,5.0
3932.0,7019.0,0.01839588240396972,5.0
2481.0,6850.0,0.01839696899704646,4.0
4531.0,7782.0,0.01842969092372654,3.0
7744.0,8119.0,0.01843872204661782,18.0
670.0,1184.0,0.018440682430621136,2.0
131.0,1237.0,0.0184481966370732,2.0
1062.0,4674.0,0.018455638460423418,2.0
3968.0,7370.0,0.018456742342807086,3.0
6704.0,8108.0,0.01847227178311072,9.0
6977.0,7521.0,0.0184820573852716,8.0
708.0,7965.0,0.018533933666357916,3.0
6836.0,8125.0,0.018537013291359965,38.0
7552.0,8017.0,0.018538476276894422,4.0
1226.0,5052.0,0.018539831447518584,2.0
2656.0,7161.0,0.018541660849401176,3.0
316.0,7364.0,0.01857865270010099,4.0
7573.0,8046.0,0.018618353073190864,19.0
5769.0,6935.0,0.018639108072348125,5.0
1403.0,7889.0,0.018644972910311586,3.0
822.0,3484.0,0.018673843378229638,2.0
7392.0,7964.0,0.018676842321029678,10.0
1461.0,7821.0,0.01868870129068481,5.0
29.0,948.0,0.018697032673525738,2.0
7003.0,8159.0,0.01871111606529999,9.0
7274.0,7903.0,0.018727944495832934,12.0
6740.0,7843.0,0.018770672877899852,6.0
2528.0,2935.0,0.01880192477013709,2.0
6837.0,7820.0,0.018826618289465094,21.0
6556.0,7613.0,0.018857453962001225,7.0
5102.0,7300.0,0.01886436100009209,3.0
7090.0,8168.0,0.018873274248689953,7.0
2521.0,7796.0,0.018874151712246896,4.0
7372.0,7427.0,0.01887561133439382,26.0
6896.0,6995.0,0.018879037221834483,4.0
7380.0,7740.0,0.018897355051476855,4.0
7063.0,7457.0,0.0189124928340186,7.0
5664.0,7496.0,0.018926512603144874,6.0
645.0,1388.0,0.018931081082920298,2.0
7385.0,7826.0,0.01895337441493176,8.0
6252.0,8072.0,0.018956231775748917,5.0
7435.0,7743.0,0.019084072016239476,10.0
6921.0,8004.0,0.019086377069453986,5.0
7252.0,8008.0,0.019098933759606987,45.0
4383.0,4650.0,0.0191141962994541,2.0
4649.0,7984.0,0.01911737713425973,8.0
7564.0,7757.0,0.019131984111581235,6.0
1315.0,7855.0,0.019151543763490042,4.0
7486.0,8197.0,0.01915185424543129,7.0
4318.0,4581.0,0.019164522554745766,2.0
127.0,4568.0,0.019193013564007932,2.0
7765.0,8219.0,0.01919483036862625,13.0
7517.0,7909.0,0.019221913598164997,6.0
7675.0,7937.0,0.01923815603371059,11.0
539.0,8182.0,0.01925474015844957,11.0
7216.0,8143.0,0.01928164698374148,5.0
7260.0,7587.0,0.019320431460193153,5.0
3165.0,3279.0,0.019350890339074223,2.0
7571.0,8118.0,0.019391086682138264,18.0
433.0,3425.0,0.01939197887662547,2.0
7204.0,7929.0,0.019406495340546445,44.0
6483.0,7461.0,0.019409937778049308,6.0
618.0,6992.0,0.019416161770481638,9.0
2955.0,3665.0,0.019426974899258376,2.0
7240.0,7318.0,0.0194365868969969,5.0
7650.0,8070.0,0.019438782910469365,47.0
25.0,2836.0,0.01947040923986454,2.0
7938.0,7960.0,0.019476559478581085,29.0
1039.0,2740.0,0.01947753939170893,2.0
7510.0,8225.0,0.019493773623456424,13.0
7612.0,7785.0,0.019503525355385434,18.0
478.0,7973.0,0.019517568241487378,8.0
7739.0,7783.0,0.019593945469130576,14.0
3250.0,7327.0,0.019616409620204316,4.0
2457.0,6287.0,0.019670181016338717,3.0
386.0,4944.0,0.0197005585833675,2.0
1360.0,3451.0,0.01971257320026998,2.0
7627.0,8016.0,0.019713720343383166,29.0
7331.0,7787.0,0.01972156790639451,7.0
807.0,6654.0,0.01974935218011768,4.0
7697.0,7753.0,0.019756539363219673,8.0
6649.0,8054.0,0.019762068257801736,7.0
1033.0,8022.0,0.01977864099433263,3.0
1044.0,2816.0,0.01978149460500933,2.0
3689.0,7535.0,0.0197914822412751,7.0
679.0,7977.0,0.019796662799278886,3.0
803.0,7888.0,0.019800292454406662,9.0
2561.0,2975.0,0.01980730554907062,2.0
57.0,62.0,0.019814767751671347,2.0
2147.0,3860.0,0.01981566763913023,2.0
414.0,1094.0,0.019819460631545494,2.0
7831.0,7839.0,0.01982012483963541,13.0
7112.0,7720.0,0.01984101850915973,7.0
7081.0,7707.0,0.019845944970775242,4.0
906.0,1393.0,0.019852054194515523,2.0
7516.0,7882.0,0.01985452995119798,11.0
6628.0,7579.0,0.01987398132828383,4.0
4235.0,4537.0,0.019877221294266945,2.0
2352.0,8228.0,0.019889985414494087,13.0
6184.0,7766.0,0.019891145678721953,6.0
1131.0,7523.0,0.019945438381171132,3.0
6603.0,8231.0,0.019951261650091683,20.0
2930.0,3575.0,0.019971865833656288,2.0
560.0,772.0,0.019976772607465332,2.0
7509.0,8227.0,0.019985631325041154,13.0
7570.0,7928.0,0.020006732804352757,21.0
7643.0,8047.0,0.020007330043478773,9.0
6443.0,7858.0,0.020014902232383947,7.0
702.0,7405.0,0.02001504035373014,4.0
3189.0,7584.0,0.020022115326796097,3.0
2756.0,3296.0,0.020065502052555306,2.0
7149.0,8157.0,0.020086281054928195,10.0
24.0,469.0,0.02010195862539632,2.0
1148.0,2936.0,0.02011094122869994,2.0
183.0,8254.0,0.020118229991729242,3.0
7514.0,8206.0,0.020118371063792426,11.0
465.0,6671.0,0.020145073321154394,3.0
7576.0,7976.0,0.020168138399169002,21.0
2971.0,3200.0,0.020187558656592164,2.0
7185.0,8018.0,0.020189291165674153,8.0
1310.0,1383.0,0.0201984903857787,2.0
281.0,8192.0,0.02020240448714014,5.0
7968.0,8107.0,0.020224255779793032,19.0
4695.0,6901.0,0.020254410423094338,3.0
1375.0,7597.0,0.020260300156587942,8.0
3644.0,8002.0,0.020281411859454312,4.0
408.0,4911.0,0.0202879794319476,2.0
5758.0,6497.0,0.02029691742224063,4.0
7893.0,8025.0,0.020310370463244996,27.0
3561.0,3562.0,0.0203126961782516,2.0
3967.0,6053.0,0.020351238042444098,3.0
7144.0,7962.0,0.020398914787043823,8.0
3462.0,4507.0,0.020409406469263702,2.0
3569.0,8030.0,0.020413030530115322,8.0
3515.0,7111.0,0.020446251950800964,5.0
4239.0,8005.0,0.020450408528605413,3.0
3454.0,5902.0,0.020450894104822814,3.0
7483.0,7500.0,0.02047414446286496,5.0
6840.0,8050.0,0.020504437267147246,7.0
6527.0,7591.0,0.02050619379875096,7.0
2568.0,3415.0,0.02051209042080171,2.0
616.0,7511.0,0.020517540673246515,4.0
435.0,4828.0,0.020550080531186565,2.0
3975.0,7758.0,0.020550866019032093,7.0
907.0,7920.0,0.020552728955938515,4.0
7857.0,8290.0,0.020595745155801166,20.0
7236.0,7473.0,0.020600234152754526,4.0
1489.0,2672.0,0.020618760999562724,2.0
7736.0,7805.0,0.02062480930893087,6.0
4658.0,4736.0,0.020631806624082483,2.0
7814.0,8161.0,0.020633524384370053,10.0
3192.0,7979.0,0.02063670508746389,22.0
3177.0,6630.0,0.02063863742200689,3.0
3242.0,4108.0,0.020646782522891094,2.0
7847.0,8090.0,0.020654539806396685,6.0
6729.0,7481.0,0.02068104174052987,5.0
1253.0,7824.0,0.020698361478256194,7.0
8000.0,8173.0,0.020700483385867798,12.0
7694.0,7881.0,0.020720270662042878,6.0
7120.0,7995.0,0.020750334503760272,19.0
7047.0,7832.0,0.02075241612514101,10.0
556.0,7273.0,0.02076305142363538,3.0
4926.0,7469.0,0.020784492756002637,3.0
2349.0,3261.0,0.020788090329300624,2.0
1447.0,1460.0,0.020796616923377975,2.0
7794.0,7992.0,0.020841201920371002,21.0
7032.0,7728.0,0.02085792586466645,4.0
7371.0,7499.0,0.02087193184072733,4.0
6275.0,7617.0,0.020883251242313196,5.0
4639.0,8136.0,0.02088965722722519,5.0
7880.0,7980.0,0.020918489880189222,18.0
2830.0,7941.0,0.02095609150746558,17.0
1672.0,2929.0,0.020961472865035802,2.0
7810.0,8360.0,0.020961702070826677,65.0
7756.0,7918.0,0.020961797834874098,5.0
4846.0,8311.0,0.020965911352361123,6.0
7534.0,7634.0,0.020988647417903194,8.0
3160.0,7567.0,0.02099976648657431,5.0
2868.0,7630.0,0.02101114456129935,5.0
7640.0,8068.0,0.02103614475461777,15.0
5063.0,6371.0,0.02104447595248088,3.0
2687.0,4076.0,0.02105389362696486,2.0
413.0,7774.0,0.021070043069583155,5.0
7237.0,7936.0,0.02109436791162596,16.0
7566.0,7798.0,0.02110223842298353,10.0
7606.0,7777.0,0.021112596933831062,16.0
4726.0,7773.0,0.021124443303712603,3.0
8109.0,8243.0,0.02114040984425204,18.0
649.0,963.0,0.021145773149273905,2.0
7.0,676.0,0.021148526650189292,2.0
7262.0,8029.0,0.02115289111989164,7.0
3090.0,7717.0,0.021187129213895428,4.0
813.0,7153.0,0.02119393495894284,3.0
7178.0,8042.0,0.02124877731060086,10.0
7878.0,8164.0,0.021281975005029267,27.0
7745.0,8075.0,0.021291797900329017,8.0
7702.0,8188.0,0.021295747850251973,5.0
2800.0,3752.0,0.021311415583584847,2.0
118.0,585.0,0.021319580777942604,2.0
7638.0,8245.0,0.021370611827490574,18.0
4162.0,8373.0,0.02137220984105194,9.0
7954.0,8297.0,0.021381539998552405,21.0
6909.0,7706.0,0.02138315001519181,11.0
8256.0,8309.0,0.021410714739973195,16.0
375.0,4605.0,0.02141789921919479,2.0
770.0,2525.0,0.021420311761620625,2.0
853.0,7386.0,0.021460531846929976,3.0
106.0,2309.0,0.02148158120332988,2.0
4334.0,4930.0,0.021490112998407418,2.0
551.0,2445.0,0.02151457834956383,2.0
3774.0,7689.0,0.021526700312925307,5.0
4363.0,4458.0,0.02154111548539195,2.0
7906.0,8358.0,0.02155946045093182,61.0
4493.0,5091.0,0.021562542372196902,2.0
8203.0,8464.0,0.0215633452021235,20.0
1576.0,8122.0,0.021563949457656953,10.0
3539.0,7890.0,0.02158439126306194,5.0
3041.0,3042.0,0.0215929878539054,2.0
1181.0,1198.0,0.021628308617146375,2.0
7601.0,8105.0,0.0216316572930462,13.0
7179.0,7981.0,0.021662035530178637,13.0
2567.0,8209.0,0.02168171751812964,3.0
4959.0,7769.0,0.021691561410109823,4.0
3100.0,7901.0,0.02170770212703362,4.0
7610.0,8327.0,0.021714814335877936,6.0
7604.0,7644.0,0.021715710003226595,7.0
7838.0,8146.0,0.02172593802704849,24.0
7930.0,8001.0,0.021765433555453864,30.0
7698.0,7922.0,0.021784227915087582,14.0
2937.0,3840.0,0.02182248845450918,2.0
4332.0,7837.0,0.02183391933169458,4.0
7529.0,8106.0,0.0218476377687224,12.0
1956.0,2606.0,0.021850400262888092,2.0
2554.0,7077.0,0.021875496028182284,3.0
146.0,248.0,0.021898153028563128,2.0
7533.0,7755.0,0.021914756791510864,4.0
2376.0,4538.0,0.021928473087272304,2.0
7762.0,7870.0,0.021933337306447823,15.0
3070.0,7904.0,0.02194102746251081,18.0
3269.0,7635.0,0.02195042205723141,3.0
218.0,7334.0,0.0219891712841425,4.0
215.0,7924.0,0.02199875335444662,3.0
167.0,1207.0,0.022001908606229414,2.0
6905.0,8326.0,0.02200250648366868,28.0
3193.0,7990.0,0.022016289444343768,13.0
2422.0,7622.0,0.022019370698484142,4.0
8262.0,8404.0,0.022037156524635698,25.0
7685.0,8340.0,0.022039788131058002,6.0
2163.0,8268.0,0.02206457788724725,4.0
418.0,2198.0,0.022065388254072782,2.0
7639.0,8421.0,0.022067811679645385,33.0
867.0,8089.0,0.022080657299311385,5.0
1292.0,1422.0,0.02210106913127252,2.0
7329.0,8088.0,0.022102110216619755,12.0
4392.0,7701.0,0.02211421516741552,3.0
2420.0,8236.0,0.022133158745920825,9.0
1693.0,7337.0,0.022147563031973516,6.0
8064.0,8338.0,0.022152985682967596,13.0
4428.0,4936.0,0.02215856206990896,2.0
3419.0,7134.0,0.022175278289890965,3.0
179.0,1328.0,0.022238004230471176,2.0
8065.0,8354.0,0.022259654035420445,11.0
165.0,1004.0,0.022280366876962443,2.0
7967.0,8252.0,0.022296021977435326,6.0
6954.0,7983.0,0.022303782558779794,8.0
6950.0,7749.0,0.02230521094868554,4.0
7850.0,8229.0,0.02233174598916125,5.0
6391.0,8135.0,0.022366161159301002,7.0
7623.0,8021.0,0.022372839519554568,29.0
7369.0,8056.0,0.022375161750471242,9.0
6953.0,8144.0,0.022397112438150575,8.0
877.0,7580.0,0.022404284522675216,4.0
1481.0,4816.0,0.02242268483787535,2.0
1195.0,4844.0,0.02244269016019529,2.0
7363.0,8112.0,0.02244635389788898,7.0
3133.0,4760.0,0.02246754750112312,2.0
7476.0,8241.0,0.022476345540281814,8.0
7710.0,7953.0,0.022489531070401844,19.0
7559.0,8129.0,0.02249112486173226,36.0
8114.0,8189.0,0.022511547189249248,5.0
7195.0,7382.0,0.02253416246003503,18.0
7441.0,8321.0,0.02254674705359165,33.0
7232.0,7715.0,0.022547747971479418,6.0
4098.0,8160.0,0.022548406389295284,13.0
8334.0,8452.0,0.02255853134448788,29.0
3026.0,7412.0,0.022565649367710217,5.0
7261.0,7716.0,0.022571303918135204,10.0
7741.0,8100.0,0.022610764943282985,11.0
866.0,7730.0,0.022618830962841174,3.0
1364.0,8162.0,0.022735664333918805,6.0
6433.0,8104.0,0.022766334577826897,5.0
986.0,2450.0,0.022779439064685714,2.0
8096.0,8491.0,0.02279187939212835,9.0
7742.0,8185.0,0.02280880388213244,14.0
8078.0,8336.0,0.022811828481206053,55.0
2370.0,3395.0,0.022817775520100225,2.0
1223.0,7551.0,0.022818797264519002,4.0
1208.0,8048.0,0.022840307603751053,3.0
2818.0,4314.0,0.022840926226638247,2.0
2217.0,7761.0,0.02292356008005429,4.0
630.0,7663.0,0.022955355184201665,3.0
7599.0,8053.0,0.022999183341615655,12.0
6922.0,7925.0,0.02303290665220632,8.0
4829.0,7547.0,0.023072091447850385,3.0
2764.0,7505.0,0.023090678212577414,4.0
7946.0,8043.0,0.023108183467706083,9.0
6296.0,6819.0,0.023166415471987,6.0
7556.0,7748.0,0.02318085798536281,7.0
2848.0,2946.0,0.023221486216902232,2.0
8023.0,8270.0,0.023225397433027446,17.0
7690.0,7972.0,0.023273036621486748,6.0
818.0,1168.0,0.02331795212485388,2.0
750.0,1126.0,0.023323251833341052,2.0
7408.0,7834.0,0.023375256226909613,5.0
1589.0,3800.0,0.023385891254762536,2.0
7919.0,8477.0,0.023387927646341067,19.0
1500.0,2809.0,0.023392257990968335,2.0
532.0,7902.0,0.023400944012071934,4.0
6980.0,8578.0,0.023402675127830497,7.0
461.0,510.0,0.023413800493462755,2.0
2958.0,2968.0,0.023419467610865108,2.0
785.0,8124.0,0.023425834474985658,4.0
2517.0,3050.0,0.023458342334189752,2.0
7835.0,8267.0,0.02347564642240293,9.0
1363.0,3616.0,0.02350780127420593,2.0
6734.0,8546.0,0.023516616089755454,16.0
7653.0,8473.0,0.02356247581218476,6.0
4636.0,8455.0,0.02358251661807372,4.0
7923.0,8487.0,0.02358821814247687,32.0
4781.0,7347.0,0.0235911413273856,3.0
7555.0,8310.0,0.023599065581220196,35.0
2530.0,8198.0,0.023605641913218123,4.0
6925.0,8265.0,0.023610137818987617,11.0
1417.0,8238.0,0.023617180405949068,6.0
2865.0,7602.0,0.023624303309069616,4.0
455.0,7671.0,0.023629235312733088,3.0
3837.0,7293.0,0.02363659264055812,3.0
114.0,8191.0,0.02366476745906748,3.0
4039.0,8213.0,0.02374076826191619,23.0
2534.0,4030.0,0.02374135372010222,2.0
2733.0,3239.0,0.023743723217681145,2.0
2953.0,8028.0,0.02374868676054885,9.0
2544.0,3094.0,0.02376368363662429,2.0
1664.0,3084.0,0.023792737180714285,2.0
7771.0,8212.0,0.023793492216636732,10.0
4570.0,7674.0,0.023813502994382636,4.0
3162.0,3163.0,0.02381794858842623,2.0
4571.0,4694.0,0.023821148459136077,2.0
7210.0,8092.0,0.023844136831537993,4.0
2892.0,3851.0,0.023854642992618413,2.0
7884.0,7974.0,0.02387771094095723,18.0
7661.0,7982.0,0.023895167097677878,5.0
7544.0,7895.0,0.023896413553366927,6.0
597.0,2346.0,0.023977851822737373,2.0
7355.0,7969.0,0.0240322829444717,5.0
3461.0,7609.0,0.02404049488201704,3.0
7725.0,8284.0,0.024056121764244754,7.0
4808.0,7994.0,0.024057724396838436,4.0
4460.0,6984.0,0.024069257139456735,3.0
6820.0,7131.0,0.024087236195028505,4.0
3096.0,8308.0,0.024127221676622623,4.0
7243.0,8374.0,0.024128450188100448,12.0
3597.0,3810.0,0.02413279565609794,2.0
2903.0,3976.0,0.024149469734417783,2.0
559.0,1312.0,0.02416299568314162,2.0
8011.0,8379.0,0.02417918634801893,35.0
1401.0,4748.0,0.024179366403412228,2.0
4543.0,7550.0,0.02418203116349358,6.0
7763.0,8369.0,0.02422406703783997,4.0
2815.0,6887.0,0.02426436030548984,3.0
7419.0,8067.0,0.02427027705810037,22.0
4438.0,7317.0,0.024273495377707732,3.0
4044.0,8101.0,0.024295623981978265,3.0
279.0,1483.0,0.024313976692019512,2.0
554.0,8291.0,0.0243167353532171,3.0
7520.0,8329.0,0.024332504229524075,10.0
7411.0,7819.0,0.02437054906954459,11.0
8137.0,8444.0,0.02444539608623095,27.0
2794.0,7724.0,0.024535579066188556,5.0
4322.0,6691.0,0.024574124512671436,3.0
378.0,3740.0,0.02458592476131527,2.0
2547.0,3175.0,0.024591374540888555,2.0
7859.0,8148.0,0.02464270506856514,5.0
7988.0,8126.0,0.024653213226279357,34.0
8218.0,8259.0,0.024657598199480622,14.0
6911.0,7540.0,0.024678011650847192,5.0
8224.0,8325.0,0.024697601401644214,7.0
7603.0,8438.0,0.024707046728291875,25.0
2708.0,2755.0,0.02471709850096293,2.0
7807.0,8285.0,0.024753637524154246,36.0
4445.0,8463.0,0.02476030203801822,19.0
1196.0,7874.0,0.02478887882867109,4.0
4617.0,7735.0,0.024828956115936236,4.0
4552.0,8207.0,0.02484244714601369,7.0
4455.0,7897.0,0.02486871071931998,22.0
1865.0,8153.0,0.024884858761643966,12.0
7226.0,7487.0,0.02489298486000739,6.0
667.0,2834.0,0.024926221090119105,2.0
7764.0,8156.0,0.024950694281439954,16.0
1450.0,4762.0,0.024980158572821987,2.0
6395.0,8253.0,0.025012922321824328,7.0
1453.0,4304.0,0.025013472954866334,2.0
896.0,4478.0,0.02501806966054254,2.0
8536.0,8561.0,0.02502697504978494,57.0
6346.0,8403.0,0.025069197975700952,4.0
1150.0,7892.0,0.025132431557149004,5.0
4721.0,8171.0,0.025132961139134564,7.0
109.0,8282.0,0.025145027598768854,3.0
4656.0,4987.0,0.025158883561274936,2.0
7914.0,8423.0,0.02517835185953991,6.0
7809.0,7869.0,0.02517916087823408,14.0
2232.0,6641.0,0.025180407230259994,3.0
3617.0,8085.0,0.0251917905424259,5.0
1212.0,8187.0,0.025210118238062434,5.0
1492.0,4858.0,0.025219747916031543,2.0
790.0,791.0,0.025243682326242523,2.0
573.0,1532.0,0.025260793923562952,2.0
4424.0,7905.0,0.02526234632954516,3.0
687.0,875.0,0.02526308267379851,2.0
2998.0,8389.0,0.025268340376042975,5.0
41.0,4887.0,0.025280176243076657,2.0
7536.0,8073.0,0.02529327501904549,13.0
7997.0,8158.0,0.025305262573955642,12.0
1730.0,8095.0,0.02531236781852081,5.0
3809.0,4975.0,0.025312893979740902,2.0
7488.0,8055.0,0.025327791544102224,4.0
1134.0,4482.0,0.025335388481188326,2.0
747.0,1116.0,0.02534547336759596,2.0
232.0,7539.0,0.025346545945740557,4.0
4155.0,4635.0,0.02537427656878244,2.0
2962.0,8217.0,0.025426858818607557,6.0
2216.0,2582.0,0.0254573739990811,2.0
8098.0,8343.0,0.02547379903628369,4.0
2392.0,3029.0,0.025476583065772163,2.0
4686.0,7853.0,0.025482570987737763,3.0
3820.0,7921.0,0.025500960013874585,4.0
154.0,1160.0,0.025534171439285047,2.0
8128.0,8332.0,0.025540336643113053,20.0
742.0,954.0,0.025541612346570708,2.0
855.0,8255.0,0.02556623470329735,6.0
7949.0,8549.0,0.025573926681101394,8.0
7700.0,8305.0,0.02558419844448183,41.0
1185.0,1288.0,0.0255947642486819,2.0
8103.0,8165.0,0.025641211557084053,20.0
2624.0,3013.0,0.025651598472828052,2.0
8375.0,8399.0,0.025699322540909057,12.0
543.0,1619.0,0.02574442606078442,2.0
8130.0,8363.0,0.025757965372631985,32.0
7816.0,8239.0,0.0258178161348731,7.0
900.0,7376.0,0.025822406145903087,3.0
2323.0,8524.0,0.025830060136445832,13.0
2812.0,8526.0,0.025841342921208616,4.0
1145.0,2383.0,0.02584175087009799,2.0
2909.0,3147.0,0.02586730288287642,2.0
3049.0,3206.0,0.025876569707259267,2.0
7940.0,8351.0,0.025893601278762602,27.0
6606.0,8200.0,0.025906196994621426,20.0
8196.0,8271.0,0.025926627502814572,10.0
3801.0,5130.0,0.02594972416974828,2.0
7993.0,8631.0,0.026006292538071577,38.0
8347.0,8485.0,0.026017003393887517,14.0
4422.0,7115.0,0.026019766768038854,3.0
7652.0,8303.0,0.026034416433436,10.0
3018.0,7999.0,0.026042789244714648,3.0
7723.0,8563.0,0.026113985307731128,15.0
7680.0,8086.0,0.026118899754262986,4.0
1059.0,7828.0,0.026137311516353123,4.0
4773.0,8150.0,0.02614826127070441,3.0
1574.0,8274.0,0.02615819432127303,3.0
3210.0,3229.0,0.026173772269853735,2.0
3956.0,7801.0,0.02617444806207618,9.0
3006.0,3259.0,0.02620622551895546,2.0
1637.0,3512.0,0.026211887178942073,2.0
3246.0,3247.0,0.026227405328521303,2.0
1573.0,3416.0,0.026247783654082646,2.0
7590.0,8117.0,0.026262266662337923,5.0
8013.0,8494.0,0.02628524162827513,25.0
7619.0,8258.0,0.02628751732112627,20.0
7861.0,7916.0,0.02629334546959761,17.0
544.0,1204.0,0.02630142348924469,2.0
7917.0,8302.0,0.026323538033400467,14.0
2166.0,3455.0,0.026333005658164543,2.0
7498.0,8533.0,0.02635396893796946,9.0
3111.0,7911.0,0.026385883484030554,4.0
376.0,3452.0,0.026423856697387005,2.0
4364.0,7343.0,0.02642504716431604,3.0
107.0,444.0,0.02643130137064531,2.0
8283.0,8564.0,0.026514160844400208,11.0
8045.0,8082.0,0.026518732708144827,5.0
7398.0,7592.0,0.02653156050324619,9.0
3548.0,7146.0,0.026536618559036995,3.0
2177.0,2495.0,0.026544183789151687,2.0
2411.0,7907.0,0.02654502576114187,3.0
7823.0,7931.0,0.026569230329590535,14.0
488.0,7015.0,0.026576247146463006,3.0
3362.0,3363.0,0.026583357219713055,2.0
277.0,4725.0,0.026650212161732356,2.0
1097.0,1478.0,0.026684523545050687,2.0
3727.0,4548.0,0.0266873277026366,2.0
7862.0,8093.0,0.026771241610099018,22.0
8051.0,8170.0,0.02678586221177498,6.0
6765.0,6808.0,0.02679934714162887,5.0
1353.0,7292.0,0.026872103142161874,3.0
4577.0,8195.0,0.0268869342673612,8.0
2626.0,8315.0,0.02689036058580494,6.0
7565.0,7812.0,0.026892592786109743,6.0
4022.0,8599.0,0.026903377042511334,7.0
7961.0,8353.0,0.0269407584530994,49.0
2364.0,8416.0,0.026984638298108193,4.0
6173.0,8398.0,0.027025824998393868,23.0
1229.0,7422.0,0.027096931367346033,3.0
460.0,1076.0,0.02714234399859783,2.0
756.0,810.0,0.027263853687577666,2.0
8038.0,8540.0,0.027280324849414114,10.0
7926.0,8638.0,0.02728218185079076,7.0
7864.0,8453.0,0.027289017389005344,16.0
8044.0,8530.0,0.027293571597008397,18.0
8097.0,8427.0,0.0272938940242983,9.0
4676.0,8204.0,0.027303698652139108,4.0
8163.0,8641.0,0.02730820460626495,7.0
7825.0,8142.0,0.0273100230942184,7.0
430.0,4993.0,0.027310800405716762,2.0
8307.0,8478.0,0.02732784609876325,18.0
1473.0,7800.0,0.027344733536916094,4.0
7491.0,8798.0,0.02739252568208105,10.0
8080.0,8436.0,0.02743974672157676,10.0
8132.0,8569.0,0.027467431713438448,10.0
8371.0,8528.0,0.02748466659987634,11.0
8364.0,8495.0,0.027487756094003658,19.0
1349.0,4794.0,0.027513923697151443,2.0
4957.0,6295.0,0.027521313472212983,3.0
8324.0,8531.0,0.027535528718327915,25.0
3213.0,4070.0,0.027558567236719345,2.0
7943.0,8384.0,0.0275737221169053,16.0
4292.0,8260.0,0.027575061322132,5.0
8180.0,8415.0,0.02759490490420842,28.0
8362.0,8749.0,0.027613782661399917,33.0
812.0,3060.0,0.027630787774794996,2.0
575.0,8665.0,0.027632837012876037,4.0
658.0,8412.0,0.02763346043873785,9.0
8250.0,8408.0,0.027634538515736308,22.0
4360.0,8247.0,0.027681268839874856,8.0
8410.0,8600.0,0.027686319292862107,28.0
2052.0,8306.0,0.02768732934735174,5.0
4528.0,4545.0,0.027690978426642587,2.0
8194.0,8355.0,0.027710831062435166,43.0
1736.0,2990.0,0.027768734124086203,2.0
3490.0,8288.0,0.027833628289198664,4.0
8395.0,8402.0,0.027840443466226238,5.0
8240.0,8685.0,0.027878974272751607,9.0
2485.0,7885.0,0.027884362335426984,8.0
1047.0,1149.0,0.027900399049084257,2.0
633.0,4868.0,0.02792481405645475,2.0
4704.0,8727.0,0.027949137201188152,4.0
3431.0,3538.0,0.027973988572939423,2.0
7879.0,8145.0,0.028017993884590753,4.0
4480.0,4584.0,0.028021192951377283,2.0
7670.0,8602.0,0.028114866512689508,26.0
117.0,1025.0,0.028173774990449152,2.0
762.0,4258.0,0.028201237380802047,2.0
620.0,1399.0,0.028228046445938126,2.0
4967.0,8585.0,0.028261350651628887,10.0
7898.0,7996.0,0.02827585905274482,8.0
837.0,993.0,0.028290425254705598,2.0
841.0,8637.0,0.02832084822358607,11.0
2031.0,8505.0,0.028322875930556057,62.0
3112.0,4043.0,0.028350602065766672,2.0
1082.0,8417.0,0.028351116911388613,9.0
7754.0,8734.0,0.02838015199376265,44.0
8468.0,8573.0,0.028409478791086667,24.0
773.0,857.0,0.028411976190865218,2.0
120.0,1479.0,0.028433809603928495,2.0
593.0,8387.0,0.028460521166096597,3.0
11.0,8713.0,0.028465520692829427,3.0
4324.0,4367.0,0.02851518565585609,2.0
8294.0,8434.0,0.028522025796778698,9.0
8349.0,8431.0,0.02854000936665616,12.0
3034.0,3443.0,0.028549818609179156,2.0
230.0,8583.0,0.028644611407284228,6.0
8322.0,8736.0,0.028649608917300208,27.0
959.0,7865.0,0.028661580088150507,5.0
1350.0,4768.0,0.02866776661821302,2.0
8024.0,8458.0,0.028693260932305932,32.0
937.0,7615.0,0.028702533263324004,3.0
7793.0,8140.0,0.028714575795313974,8.0
7455.0,8066.0,0.02873579058691228,4.0
1795.0,3439.0,0.028812607906524734,2.0
7368.0,8658.0,0.028856359876544176,37.0
1658.0,8003.0,0.028863922881942783,3.0
3955.0,8177.0,0.02891648960798182,3.0
8394.0,8586.0,0.028921434695090738,34.0
7655.0,8061.0,0.028946724431541067,16.0
7339.0,7409.0,0.02894873615788318,6.0
1262.0,8407.0,0.028959529805496247,4.0
7064.0,7711.0,0.029000724341391504,4.0
1638.0,8034.0,0.029048485747370918,4.0
2467.0,7676.0,0.029053911752029704,3.0
8330.0,8513.0,0.029154623577000563,19.0
4341.0,8653.0,0.029178651836481273,5.0
2961.0,3148.0,0.029185409776047888,2.0
8469.0,8714.0,0.02919253907740582,21.0
4544.0,8660.0,0.02920494456496305,7.0
8063.0,8688.0,0.029225383811290962,18.0
8333.0,8386.0,0.029264894770486504,9.0
8116.0,8687.0,0.0292863064504745,29.0
4442.0,5502.0,0.029294875768006212,3.0
655.0,7792.0,0.029314922505056573,3.0
3926.0,7538.0,0.029332404395414235,3.0
293.0,5007.0,0.029338886462076275,2.0
8441.0,8502.0,0.029359338432517902,8.0
8385.0,8470.0,0.02937295073823295,12.0
7803.0,8449.0,0.029385352938790552,9.0
8141.0,8643.0,0.029409198148305116,23.0
3814.0,5132.0,0.029422663581539332,2.0
8215.0,8835.0,0.029424720411261172,38.0
8289.0,8591.0,0.029429680608065972,6.0
564.0,8684.0,0.029464317618418445,5.0
3083.0,6662.0,0.029478743351531667,3.0
6908.0,8781.0,0.029493759297368603,7.0
8167.0,8582.0,0.029503688620951575,11.0
7718.0,8251.0,0.029533847470304738,33.0
3330.0,8110.0,0.029541387484249892,5.0
7147.0,8676.0,0.02955309994893151,36.0
967.0,5134.0,0.029577627004084284,2.0
8120.0,8176.0,0.029593810105903208,7.0
2729.0,8490.0,0.029605527885205818,3.0
8397.0,8763.0,0.029657056702993043,22.0
1303.0,8205.0,0.029663728819511903,3.0
4761.0,8862.0,0.029700683962685836,25.0
7751.0,8059.0,0.029728164335249923,5.0
512.0,698.0,0.029738003058358053,2.0
2655.0,8750.0,0.029931437606009925,11.0
8341.0,8460.0,0.029964371851731706,11.0
624.0,4845.0,0.029983660723728156,2.0
8154.0,8723.0,0.029989750994904148,15.0
7151.0,8838.0,0.029993915295002813,45.0
8320.0,8716.0,0.029995238526405853,7.0
3798.0,3974.0,0.03002813124164938,2.0
2890.0,5894.0,0.03004501330264875,3.0
735.0,8772.0,0.03007521246412198,3.0
5935.0,7346.0,0.030078642198567707,4.0
7750.0,8784.0,0.030106469000368147,6.0
7215.0,8033.0,0.030161087411147425,5.0
7141.0,8081.0,0.030221310762191735,5.0
462.0,4323.0,0.030226707853243884,2.0
3191.0,8847.0,0.030236430359524835,3.0
450.0,8479.0,0.030239194905677058,4.0
8237.0,8803.0,0.030243189436375034,12.0
2596.0,8606.0,0.03025826308685766,6.0
830.0,8443.0,0.030316145970093633,11.0
966.0,3651.0,0.03033595379103715,2.0
3946.0,7669.0,0.03036234550846917,3.0
8037.0,8562.0,0.030368196924389388,11.0
1263.0,3182.0,0.03037125348353109,2.0
518.0,4756.0,0.0303963714150276,2.0
7704.0,8670.0,0.030401741879166867,35.0
8880.0,8884.0,0.03041404665370819,53.0
8523.0,8576.0,0.03042413205061306,17.0
7506.0,8382.0,0.03044274013925008,4.0
8623.0,8769.0,0.03049692115928254,60.0
7772.0,8174.0,0.03050544414938569,4.0
8539.0,8755.0,0.030508089457582276,35.0
8216.0,8317.0,0.03058917772070303,14.0
181.0,8775.0,0.03059019058633128,10.0
8295.0,8748.0,0.030591675938554677,31.0
8234.0,8860.0,0.030591731639018287,11.0
8079.0,8406.0,0.030600519933959014,5.0
4266.0,8414.0,0.030607393174051634,6.0
8134.0,8344.0,0.030709228734357844,43.0
7340.0,8647.0,0.030729601811134145,7.0
8367.0,8850.0,0.03078818623570804,29.0
514.0,4842.0,0.030807804931204497,2.0
8184.0,8314.0,0.030829233485231013,16.0
1188.0,7213.0,0.030831220681046934,3.0
2907.0,3218.0,0.03088535371526069,2.0
8370.0,8571.0,0.03089904298497567,65.0
7495.0,8895.0,0.031032646914554724,20.0
3183.0,8111.0,0.031068826176051778,3.0
7887.0,8792.0,0.031069927532547045,32.0
7987.0,8277.0,0.031082693059370392,4.0
8366.0,8559.0,0.031121972861978014,9.0
7927.0,8633.0,0.031142636322260095,7.0
1067.0,1605.0,0.031169677689181885,2.0
3489.0,3580.0,0.03117239893805257,2.0
1017.0,3505.0,0.03125208397239854,2.0
6511.0,8127.0,0.03125638600485642,4.0
8220.0,8456.0,0.03127323374095073,4.0
8580.0,8771.0,0.03132547425928746,28.0
2390.0,8269.0,0.03133310800587078,4.0
8376.0,8776.0,0.03137347299638463,6.0
8484.0,8588.0,0.03140163740661557,6.0
922.0,1030.0,0.031476370813399934,2.0
8392.0,8509.0,0.03149139207731987,11.0
7696.0,8861.0,0.03149201963932457,48.0
8663.0,8834.0,0.03154171860382711,30.0
3994.0,8281.0,0.031587310698281114,12.0
8557.0,8560.0,0.03162501023439997,15.0
1123.0,3487.0,0.03162730721509244,2.0
2439.0,2887.0,0.03162760516601204,2.0
487.0,7093.0,0.03162853279746477,4.0
8276.0,8420.0,0.03164422285032123,14.0
938.0,8822.0,0.03173211132252052,3.0
7026.0,8758.0,0.031770795667966006,6.0
8486.0,8553.0,0.031805030225070925,12.0
569.0,8719.0,0.031805658853415075,3.0
1610.0,3426.0,0.031889151765137846,2.0
7776.0,8796.0,0.03188967991960711,10.0
8802.0,8827.0,0.031909647118912934,28.0
4298.0,8500.0,0.03190994068675124,3.0
8012.0,8026.0,0.03196320728986818,5.0
4697.0,8568.0,0.031986072917348896,3.0
7248.0,8760.0,0.03199508314777174,5.0
8587.0,8680.0,0.032074350161225215,80.0
4909.0,8610.0,0.0321715307101301,5.0
86.0,8842.0,0.03225108767444031,10.0
1394.0,4499.0,0.03232003212380208,2.0
7767.0,8515.0,0.0323335966775632,8.0
276.0,7322.0,0.032349008165668824,3.0
7648.0,8678.0,0.03234939809780789,9.0
2789.0,7611.0,0.032412208231761996,3.0
909.0,8501.0,0.03241376005416813,3.0
8598.0,8740.0,0.032417878633634795,41.0
448.0,4069.0,0.03243668409261791,2.0
100.0,7508.0,0.03244406957228341,3.0
3093.0,7125.0,0.03245368964578482,5.0
8424.0,8496.0,0.03247491925775887,24.0
8273.0,8372.0,0.03247945327709028,7.0
7399.0,8770.0,0.032499408879783996,22.0
674.0,8698.0,0.032503129066434065,6.0
147.0,8031.0,0.0325418385456436,5.0
4730.0,8655.0,0.032717598283911076,3.0
4977.0,8877.0,0.03271963377163524,9.0
8318.0,8753.0,0.03272095856293606,26.0
1591.0,3491.0,0.032758165007329976,2.0
8677.0,8891.0,0.03278529295699328,19.0
7563.0,8832.0,0.03279867794316585,11.0
8577.0,8621.0,0.0328240333797945,61.0
4483.0,8257.0,0.032831267500485005,4.0
4710.0,8298.0,0.032849724251994505,3.0
91.0,4758.0,0.03286350500003421,2.0
8432.0,8512.0,0.03289414523447314,20.0
6298.0,7633.0,0.03292880819792687,4.0
396.0,8296.0,0.03296000952652045,4.0
3980.0,8629.0,0.03296777922534951,4.0
8057.0,8894.0,0.03305413305337324,10.0
629.0,8430.0,0.03308018010747935,6.0
8138.0,8450.0,0.03315563394340449,20.0
1677.0,3725.0,0.03316155813435828,2.0
3023.0,7410.0,0.03317338524379079,5.0
8169.0,8492.0,0.03321292778534138,20.0
2298.0,7211.0,0.03321816329244562,5.0
827.0,8396.0,0.033219211220427536,3.0
4399.0,8640.0,0.033256458208672735,3.0
4708.0,8301.0,0.033307549127270186,4.0
1078.0,8439.0,0.03331531035947424,5.0
8377.0,8786.0,0.03337441911659917,21.0
438.0,4622.0,0.033393185448064244,2.0
7813.0,8230.0,0.03343049976828767,6.0
1137.0,8657.0,0.033437497024253526,3.0
2821.0,3584.0,0.033575107706340535,2.0
7900.0,8462.0,0.033595021069718595,9.0
8319.0,8721.0,0.03362116965280197,10.0
1132.0,1889.0,0.03363244333276105,2.0
3459.0,3755.0,0.033641342188652223,2.0
8614.0,8718.0,0.03364945633036258,8.0
3180.0,8615.0,0.03366119970408332,3.0
185.0,8806.0,0.03369062371632244,11.0
3806.0,4028.0,0.033710604403389244,2.0
8780.0,8965.0,0.03372268632733847,27.0
908.0,1901.0,0.03372882851105796,2.0
895.0,4540.0,0.0337632559894363,2.0
7778.0,7876.0,0.03401483515464286,6.0
8052.0,8854.0,0.03404942291187839,15.0
7791.0,8335.0,0.03414332671100902,8.0
349.0,7726.0,0.03418150332963532,3.0
7298.0,8875.0,0.03418983128417788,34.0
8202.0,8902.0,0.03426499087942221,11.0
246.0,1273.0,0.0343204327232467,2.0
8331.0,8489.0,0.03432736273237898,7.0
8261.0,8942.0,0.03435521921284638,13.0
56.0,8823.0,0.034377715935468935,4.0
2030.0,2587.0,0.03439834457553648,2.0
4659.0,7840.0,0.03448174629768567,4.0
8712.0,8848.0,0.03449539880991579,9.0
8696.0,9020.0,0.03462483726845325,79.0
58.0,210.0,0.03469159168979463,2.0
1369.0,8428.0,0.03470348120529495,4.0
4356.0,9015.0,0.03477190400502367,3.0
8706.0,8885.0,0.034827496874988394,11.0
7836.0,8391.0,0.03484179985625487,15.0
2499.0,2671.0,0.03489729495995553,2.0
8508.0,8820.0,0.03492910148922415,21.0
8521.0,8752.0,0.0349557500940958,52.0
101.0,8759.0,0.03497423837010813,5.0
4321.0,9032.0,0.03497864778000831,3.0
8572.0,8650.0,0.034994726875559955,9.0
36.0,4320.0,0.03504720715299181,2.0
7986.0,8679.0,0.035047550679286325,11.0
7160.0,8538.0,0.03509911268657928,6.0
1635.0,8040.0,0.03510995359350508,10.0
2070.0,8069.0,0.03516708904335212,4.0
8181.0,8682.0,0.03516972190627613,48.0
8304.0,8435.0,0.035247717338811525,5.0
904.0,4755.0,0.03527051698303285,2.0
190.0,1485.0,0.035280952619053396,2.0
7784.0,7935.0,0.03534030597820485,5.0
8190.0,8814.0,0.03535365348136943,4.0
8628.0,8914.0,0.035373376318118474,8.0
2489.0,4148.0,0.035378380528683806,2.0
8550.0,9016.0,0.035397457884494214,16.0
3565.0,6832.0,0.03542687691003371,3.0
1445.0,7440.0,0.035443056737844425,3.0
8467.0,8652.0,0.03545838454041375,9.0
3326.0,4785.0,0.03547672262135859,2.0
4513.0,8897.0,0.03555272254977308,30.0
3396.0,7970.0,0.0356227069668749,4.0
8041.0,8697.0,0.03564813361555838,6.0
4786.0,8272.0,0.03571904783771551,3.0
8883.0,9000.0,0.03571908042500131,62.0
7975.0,8525.0,0.03572218817104526,7.0
546.0,1040.0,0.03577282128144155,2.0
992.0,8668.0,0.03578747649564409,11.0
8574.0,8858.0,0.03582617674648583,95.0
419.0,542.0,0.03583796661431338,2.0
8062.0,8612.0,0.03585458874404117,5.0
422.0,6998.0,0.03591613080931072,3.0
3471.0,8596.0,0.03592935673588279,4.0
3787.0,3977.0,0.035950459690238135,2.0
8199.0,8955.0,0.03597645723816269,28.0
8014.0,8566.0,0.03598141255673465,4.0
8625.0,9065.0,0.03598413201087366,26.0
4333.0,8659.0,0.03599836250512439,3.0
505.0,7404.0,0.0360021180352027,3.0
7502.0,8368.0,0.036022169806592286,4.0
4740.0,8809.0,0.03602867036344926,19.0
2223.0,8179.0,0.036039875138974775,3.0
3012.0,8094.0,0.036041236862724944,4.0
1260.0,7459.0,0.036068955497005006,3.0
2917.0,9011.0,0.036115067039448966,10.0
7546.0,7829.0,0.03612779664056365,4.0
8474.0,8839.0,0.03613297010440594,4.0
8785.0,8917.0,0.03613646644063116,10.0
2601.0,7985.0,0.03614768065167184,4.0
8346.0,8901.0,0.03616205150259347,13.0
8807.0,8904.0,0.036267287240754884,16.0
4390.0,8390.0,0.03630686761855517,3.0
8570.0,8940.0,0.036311909518327544,31.0
4251.0,8316.0,0.03631689783517511,3.0
110.0,8584.0,0.03636422812657625,3.0
3570.0,8976.0,0.03642562680829031,3.0
8074.0,9059.0,0.03651580863424448,24.0
1454.0,4497.0,0.036520272352709826,2.0
3311.0,8925.0,0.03656726896231588,12.0
8266.0,8693.0,0.03658899081483457,11.0
7846.0,8671.0,0.036595322978557075,7.0
2999.0,8979.0,0.03664849217920632,5.0
621.0,4871.0,0.0367358735205533,2.0
8275.0,9007.0,0.03676561849995926,12.0
8152.0,8787.0,0.036786803377231704,5.0
8558.0,8683.0,0.03684017839301392,23.0
3272.0,3433.0,0.03685315351889751,2.0
1526.0,3295.0,0.0368842541473241,2.0
846.0,4095.0,0.03691405048366858,2.0
8312.0,9111.0,0.03694618680036528,65.0
746.0,8232.0,0.0369464310431491,3.0
8339.0,8579.0,0.03702444115335897,16.0
4904.0,5045.0,0.037055768897837016,2.0
8699.0,8703.0,0.03708795636518458,21.0
885.0,4081.0,0.03710065081688596,2.0
8743.0,8928.0,0.037155914662141305,58.0
2012.0,8544.0,0.03732020767816635,6.0
8365.0,9082.0,0.03735996222544577,29.0
4592.0,8741.0,0.0374151620244833,8.0
7733.0,8381.0,0.037433512332785496,4.0
7560.0,8840.0,0.03745482678443127,7.0
8472.0,8654.0,0.03753863184996658,27.0
1158.0,8357.0,0.03756485643852638,6.0
1245.0,8945.0,0.0376386942932611,12.0
8824.0,8988.0,0.0376969456543689,37.0
8480.0,8971.0,0.037730202949328356,50.0
1043.0,8388.0,0.037800154678046365,12.0
2482.0,8662.0,0.03784383910127113,4.0
7788.0,8286.0,0.03791528356987628,4.0
7403.0,8060.0,0.03795500076212729,5.0
8761.0,8826.0,0.03799412843840969,19.0
8552.0,8767.0,0.03802269200216479,5.0
3243.0,8935.0,0.03805815688336114,6.0
8669.0,8833.0,0.03821622419015726,33.0
286.0,8999.0,0.038270131053756616,11.0
1424.0,8244.0,0.038280838244990734,3.0
247.0,7417.0,0.038292257176360533,3.0
8543.0,8622.0,0.038293608236589026,36.0
7932.0,9053.0,0.038305482776915284,13.0
3067.0,3068.0,0.03831758423336251,2.0
2318.0,8797.0,0.03832843951305472,7.0
2477.0,8529.0,0.03839508998949387,3.0
8730.0,9027.0,0.03844126505889491,39.0
8616.0,8810.0,0.03849270374044439,18.0
2538.0,9128.0,0.03853728658035401,4.0
5028.0,8933.0,0.03855700537253404,5.0
8764.0,8813.0,0.0386468986025769,9.0
8210.0,8689.0,0.03864721796075154,10.0
6481.0,8575.0,0.0386805952686116,8.0
3637.0,4886.0,0.03874353922519058,2.0
8083.0,8465.0,0.03878580320718694,4.0
4366.0,7468.0,0.03881703002829384,3.0
8166.0,8183.0,0.03883922800307283,19.0
8986.0,9068.0,0.03887921410644561,82.0
8744.0,8913.0,0.038906079263419456,37.0
8603.0,9043.0,0.038946583645796985,11.0
734.0,8123.0,0.03896451689056831,4.0
8087.0,8547.0,0.0390204623687199,5.0
132.0,8481.0,0.03905752254993594,3.0
8542.0,8825.0,0.03907344069968416,4.0
4692.0,8027.0,0.039120114292903574,3.0
8890.0,9088.0,0.03924742349131179,28.0
1919.0,8816.0,0.039250876315320565,5.0
8147.0,9091.0,0.03925390907237709,8.0
434.0,1141.0,0.03926185782543867,2.0
9010.0,9136.0,0.039274370195111145,16.0
152.0,4860.0,0.03931303620763138,2.0
7873.0,8292.0,0.03933771741209541,4.0
8507.0,8987.0,0.03935786752161028,50.0
8451.0,9181.0,0.039362531600276925,17.0
2906.0,8967.0,0.039373978988117786,3.0
962.0,7588.0,0.03945763125279467,3.0
7406.0,8958.0,0.039460679830111506,14.0
8726.0,9002.0,0.03954116795843996,7.0
8593.0,9047.0,0.039547459088784445,8.0
8793.0,8934.0,0.0395582817766467,12.0
3397.0,8946.0,0.039580726556533274,3.0
1590.0,8607.0,0.03963450652437128,3.0
7842.0,9014.0,0.039645205974008044,43.0
113.0,1227.0,0.039702886420049266,2.0
2899.0,8691.0,0.03972551553628786,17.0
7802.0,8411.0,0.03982491216327855,4.0
1186.0,8725.0,0.039890869164885046,5.0
8915.0,9061.0,0.03990606038099508,63.0
2617.0,8514.0,0.03997540983506842,4.0
8201.0,8828.0,0.0399776060296279,36.0
8348.0,9127.0,0.040016961741368935,24.0
8328.0,8537.0,0.040060233737008635,17.0
4789.0,8233.0,0.04008480799959228,4.0
8590.0,8645.0,0.04008701859623282,9.0
7806.0,9129.0,0.04012287231364597,7.0
37.0,233.0,0.04015264514763972,2.0
8715.0,8855.0,0.04017064965482083,20.0
8499.0,8751.0,0.040193192793223254,5.0
965.0,4368.0,0.04026543640544267,2.0
8242.0,9009.0,0.040301482321849415,10.0
8287.0,8619.0,0.040308123524380755,8.0
8554.0,8893.0,0.040308275399023014,32.0
8980.0,9219.0,0.04036164835805326,42.0
3134.0,7822.0,0.040403673498391635,3.0
8843.0,8868.0,0.04041367313172803,17.0
4778.0,8359.0,0.040435325028606695,3.0
8155.0,8597.0,0.04046639191782753,6.0
8035.0,9168.0,0.04051218224897304,32.0
8869.0,9135.0,0.040637415794218874,16.0
6797.0,8707.0,0.040645951574033584,4.0
7660.0,8649.0,0.04066422559029604,10.0
7944.0,9140.0,0.040704895910337914,5.0
8222.0,9041.0,0.040715119228435334,7.0
7945.0,8690.0,0.040726342947232784,5.0
404.0,8673.0,0.040735571191342745,3.0
8555.0,9078.0,0.040740564823179726,4.0
721.0,1246.0,0.040846894165639136,2.0
1504.0,6918.0,0.04088652746005411,3.0
3208.0,7629.0,0.04090365087759523,3.0
740.0,741.0,0.040955987188264875,2.0
1410.0,4870.0,0.04099452186628216,2.0
8664.0,8694.0,0.041022849286238026,5.0
2197.0,9008.0,0.04104161915180665,3.0
8541.0,8632.0,0.04104846048585324,6.0
8756.0,8808.0,0.04105700555202211,19.0
2902.0,8930.0,0.041075270397910424,3.0
7966.0,9042.0,0.04109444357460095,37.0
4555.0,8172.0,0.04111572363855468,4.0
1086.0,1423.0,0.041253863074568575,2.0
8520.0,9005.0,0.04133270662435766,110.0
4377.0,9114.0,0.04137217485330948,12.0
8519.0,8634.0,0.041403708035092926,33.0
8794.0,9172.0,0.0414143303998641,55.0
4325.0,8867.0,0.04145355571110115,3.0
3933.0,7729.0,0.04145799689993157,3.0
8511.0,8535.0,0.041484111864192735,4.0
8949.0,9018.0,0.0414908345495709,77.0
8405.0,8437.0,0.041509294911297664,6.0
8299.0,8361.0,0.04158990172289287,4.0
3388.0,8445.0,0.0416493488449586,4.0
8476.0,8948.0,0.04169420748410845,51.0
1404.0,2866.0,0.041721377587757624,2.0
3140.0,8836.0,0.04184255663638252,6.0
7896.0,8609.0,0.04186561772052916,4.0
3007.0,9075.0,0.04189313132666622,5.0
8757.0,8817.0,0.041902288205296366,25.0
2835.0,8978.0,0.04212067912408954,5.0
7886.0,8323.0,0.04214015353269184,6.0
2565.0,8738.0,0.0421465663291232,13.0
606.0,7955.0,0.04217476975575929,4.0
8006.0,8819.0,0.04225177743874147,12.0
7913.0,8717.0,0.04229333622970623,7.0
4680.0,9095.0,0.04235846971565418,6.0
3102.0,8773.0,0.0423620702955711,15.0
8448.0,8881.0,0.04239266756654281,8.0
2519.0,2520.0,0.04239911217114101,2.0
3603.0,8708.0,0.04248938945954167,3.0
2924.0,9154.0,0.04250859469965834,3.0
8872.0,8957.0,0.042529886992760925,58.0
8401.0,8821.0,0.04259823892478798,23.0
8378.0,9275.0,0.04260073449497092,58.0
8461.0,8829.0,0.0426350764505328,38.0
8249.0,8959.0,0.04270148813294261,11.0
8968.0,9184.0,0.04271727012604198,101.0
9034.0,9194.0,0.04277343712900154,14.0
8620.0,9086.0,0.042788820789082846,9.0
8927.0,8985.0,0.04285192580424635,26.0
3685.0,8426.0,0.04291588227573377,9.0
4660.0,8722.0,0.04298158211033781,3.0
8279.0,9177.0,0.04298431970580747,23.0
8383.0,9102.0,0.04301454885209698,18.0
3201.0,8929.0,0.04301604311998153,8.0
7270.0,8900.0,0.043033889796810616,6.0
5128.0,8964.0,0.04308714326574836,3.0
8617.0,8746.0,0.04318128352554315,4.0
2923.0,8211.0,0.043213171495552316,3.0
8102.0,8919.0,0.04322909354774189,24.0
8506.0,9024.0,0.04335072670871813,11.0
968.0,8300.0,0.04336387796987773,3.0
2914.0,2915.0,0.04337435462535688,2.0
8905.0,8961.0,0.04340604704983382,66.0
8661.0,8939.0,0.043545420221314794,8.0
628.0,9066.0,0.04360607931285444,9.0
1888.0,3241.0,0.04366172374895483,2.0
8594.0,8812.0,0.043756243697828934,19.0
285.0,5054.0,0.04376164846750863,2.0
2502.0,8418.0,0.0437931624480567,5.0
4927.0,9159.0,0.04379482869535173,3.0
7860.0,8471.0,0.04380553732300886,7.0
9072.0,9162.0,0.04385813211520597,71.0
7872.0,8952.0,0.043861541029336815,62.0
4453.0,7934.0,0.04386528337500545,3.0
8483.0,8950.0,0.04387883956343458,24.0
8667.0,9017.0,0.043913759875280706,8.0
92.0,4179.0,0.044009595420696934,2.0
8429.0,8931.0,0.04407408812388281,6.0
8857.0,9230.0,0.04414777751021334,74.0
8800.0,9287.0,0.04418348782409616,54.0
1005.0,8903.0,0.04419614256152903,13.0
7942.0,8337.0,0.044293672762375697,4.0
4328.0,9201.0,0.04435034979812114,38.0
8433.0,9112.0,0.04440294963344978,9.0
7646.0,8710.0,0.04445811854105366,5.0
8548.0,9267.0,0.0444706367509642,28.0
1381.0,4510.0,0.04447797671337561,2.0
1012.0,6915.0,0.04449686867850455,3.0
1274.0,1456.0,0.044503436824492204,2.0
7645.0,8910.0,0.04454578929535622,5.0
9150.0,9165.0,0.044713593508298226,20.0
4005.0,4006.0,0.04471884741226251,2.0
8400.0,8866.0,0.04475043893203001,10.0
4265.0,7545.0,0.04475107520615618,3.0
1170.0,8943.0,0.04482264322554136,3.0
8651.0,9060.0,0.044911120529442405,5.0
4668.0,8745.0,0.044936178895016,3.0
3422.0,8709.0,0.045047734886227375,3.0
783.0,821.0,0.045081494014866164,2.0
130.0,728.0,0.045139584285395884,2.0
8983.0,9100.0,0.04516486465932342,14.0
470.0,8466.0,0.04521516007249521,66.0
2488.0,9083.0,0.04524848474255844,3.0
151.0,9097.0,0.04549658825760228,3.0
6841.0,8446.0,0.04560789371113186,4.0
3278.0,8636.0,0.04561294519826942,3.0
879.0,8947.0,0.04567404638276801,3.0
8705.0,9108.0,0.045722930450888,9.0
2029.0,8076.0,0.04572504661842203,3.0
9152.0,9272.0,0.045744658851527696,133.0
7624.0,8175.0,0.045759857295923356,4.0
5126.0,8888.0,0.045811974083528495,5.0
443.0,1016.0,0.04584434571670115,2.0
7797.0,7978.0,0.04586178463780768,5.0
8517.0,9076.0,0.04595198765172706,15.0
8498.0,8742.0,0.04595389331548354,5.0
7933.0,8936.0,0.04595979270990454,7.0
2206.0,8754.0,0.046010926095749784,4.0
8782.0,9246.0,0.04611821804076926,12.0
3059.0,3074.0,0.04637555739529642,2.0
8852.0,8954.0,0.046381084573982885,37.0
4317.0,9003.0,0.04641171070903368,4.0
3212.0,8830.0,0.04644142024485837,3.0
9090.0,9187.0,0.046530899189786465,18.0
8953.0,9293.0,0.04663889787059056,16.0
787.0,2969.0,0.04679162441684137,2.0
8503.0,8908.0,0.04681939749004068,11.0
8702.0,9180.0,0.04685143185109624,39.0
180.0,9022.0,0.04685585839148261,6.0
950.0,1487.0,0.04695281473608415,2.0
4342.0,8686.0,0.04696003202618542,8.0
26.0,9051.0,0.04696670890585505,4.0
1547.0,2531.0,0.04700291353092123,2.0
3092.0,8099.0,0.0470168542001016,3.0
4302.0,8648.0,0.04711362085340017,4.0
924.0,8518.0,0.0471440304243022,8.0
2950.0,3061.0,0.047163217299997284,2.0
8608.0,9099.0,0.047312683707512564,23.0
8732.0,9164.0,0.04731884847555426,35.0
8846.0,9155.0,0.04739553495582938,6.0
8493.0,9250.0,0.047399866336829674,41.0
9147.0,9225.0,0.0475202105593665,50.0
115.0,985.0,0.04758276170337494,2.0
47.0,506.0,0.04762096587751985,2.0
3436.0,9227.0,0.0476693324466789,18.0
8447.0,9145.0,0.04771156974402998,18.0
4496.0,8692.0,0.04772010806850291,3.0
2623.0,9148.0,0.047735902535225326,6.0
3187.0,7608.0,0.04777886498971168,3.0
4533.0,4578.0,0.047779706091421126,2.0
8356.0,8601.0,0.04780317184931471,4.0
3079.0,3091.0,0.047850833590769026,2.0
7246.0,7827.0,0.047866722592390165,4.0
4279.0,9199.0,0.048254704997090746,20.0
8459.0,8646.0,0.04831219571571298,6.0
745.0,9063.0,0.04834260259945916,3.0
8534.0,8729.0,0.04844174080889363,5.0
4423.0,9295.0,0.04845566911813356,7.0
8133.0,8966.0,0.04847652296956556,5.0
9077.0,9362.0,0.04849398874535385,145.0
4696.0,8886.0,0.04852804622397572,5.0
8873.0,9044.0,0.048579995373360794,8.0
817.0,3472.0,0.04861612902547385,2.0
7091.0,9247.0,0.048631096710987774,19.0
8425.0,8815.0,0.04869912519147735,20.0
22.0,9327.0,0.04873513891452664,20.0
8293.0,9158.0,0.04875531303824171,21.0
4722.0,9035.0,0.048866134847842885,5.0
1533.0,9290.0,0.04887450073251859,7.0
8849.0,9142.0,0.048949216113345906,5.0
9029.0,9216.0,0.04895758327651995,78.0
1498.0,3636.0,0.048990582740737976,2.0
5088.0,8920.0,0.049064591643097434,4.0
641.0,8981.0,0.04916422909224891,5.0
1042.0,8992.0,0.04917823697328791,5.0
979.0,2397.0,0.04917834491230422,2.0
126.0,2983.0,0.049188470200661416,2.0
8973.0,9046.0,0.04921234277854289,13.0
8457.0,8995.0,0.04929335161998553,8.0
8345.0,9037.0,0.04937304203774977,16.0
1849.0,9141.0,0.04946890665896775,4.0
8393.0,8907.0,0.04950859377575236,41.0
2148.0,3500.0,0.049511915641086146,2.0
8409.0,8604.0,0.04963208615066415,5.0
1809.0,2956.0,0.04964102452496122,2.0
9139.0,9232.0,0.049678640354243866,67.0
2418.0,8350.0,0.04983612831596851,3.0
8246.0,8442.0,0.04990280413895912,4.0
8313.0,8789.0,0.04991944475241311,4.0
8733.0,9333.0,0.04992002894851844,70.0
1335.0,8795.0,0.049931047115440906,4.0
8618.0,9245.0,0.05009816854452211,58.0
9033.0,9297.0,0.050114398617061934,28.0
1320.0,8497.0,0.0501237850670917,3.0
8989.0,9039.0,0.05020431931634188,35.0
9038.0,9209.0,0.05035974115728401,11.0
8666.0,9242.0,0.05036138764592747,12.0
4717.0,4872.0,0.050436115508555424,2.0
9028.0,9324.0,0.05044412242314418,19.0
4897.0,4900.0,0.05048604384333244,2.0
2891.0,9179.0,0.05055413995453206,7.0
9048.0,9146.0,0.05056329200914105,32.0
7381.0,8972.0,0.050612101510440446,6.0
8226.0,9319.0,0.05063529149411566,27.0
2106.0,4437.0,0.05063899504943359,2.0
8887.0,9281.0,0.050817548433114604,8.0
8811.0,9105.0,0.05086565130078673,13.0
7401.0,9052.0,0.05088612858878552,4.0
8208.0,9163.0,0.0510451513154894,9.0
8799.0,9310.0,0.051064303866913546,16.0
8626.0,9171.0,0.05108897665678467,43.0
8912.0,9251.0,0.051179959779630364,27.0
6516.0,9137.0,0.05118870882206743,18.0
1266.0,8951.0,0.051228433012445174,5.0
8674.0,9173.0,0.051303304664657344,14.0
8567.0,9269.0,0.0513220848737698,44.0
9243.0,9442.0,0.05133778860497025,49.0
4702.0,7894.0,0.05140808484133167,4.0
2444.0,4576.0,0.051425699852377216,2.0
4574.0,4714.0,0.05152835487509433,2.0
1341.0,8922.0,0.0515392374506473,6.0
9131.0,9335.0,0.051617431794319095,34.0
668.0,8906.0,0.0517040344287748,3.0
7815.0,8963.0,0.051708161138491485,31.0
4532.0,8695.0,0.05173166980500771,3.0
8413.0,9054.0,0.051732075624523255,12.0
8248.0,8605.0,0.05175559181892256,4.0
8768.0,9185.0,0.05198869851761165,18.0
7799.0,8926.0,0.05205059851815111,4.0
8701.0,9292.0,0.0521560627214091,6.0
8991.0,9170.0,0.052199194535724074,14.0
8956.0,9001.0,0.052206712229209695,13.0
9115.0,9402.0,0.05225176295096201,145.0
4661.0,9013.0,0.05229872100767755,4.0
8556.0,9398.0,0.05230649914387143,29.0
9025.0,9381.0,0.05231393701271305,63.0
9283.0,9323.0,0.05232574809687088,117.0
9265.0,9357.0,0.05232676149067372,6.0
4898.0,4899.0,0.052335433936644304,2.0
3625.0,8380.0,0.052348454899301566,3.0
2926.0,8944.0,0.052424597381680225,4.0
8342.0,9169.0,0.05247619185928909,8.0
8440.0,9240.0,0.05248042257221107,7.0
9151.0,9426.0,0.05261074026691683,25.0
1384.0,9006.0,0.05266544417289361,6.0
9450.0,9471.0,0.05267542143699857,113.0
8675.0,9320.0,0.0526938175372951,16.0
7283.0,9405.0,0.05274832170777998,20.0
8841.0,9107.0,0.05276273692946163,35.0
9273.0,9391.0,0.052849090204267604,20.0
2949.0,3075.0,0.05303175176339836,2.0
555.0,8635.0,0.05305100161199755,3.0
9125.0,9205.0,0.0530569192739693,6.0
3076.0,9021.0,0.05312982724391868,7.0
8937.0,9144.0,0.053185611187772736,4.0
8994.0,9203.0,0.053638150626407144,7.0
9212.0,9425.0,0.053678662843486734,36.0
4796.0,8790.0,0.05371717188822267,3.0
8488.0,9296.0,0.05386688492551732,23.0
832.0,1521.0,0.054135677104796054,2.0
9087.0,9270.0,0.054144335963407744,7.0
1205.0,8932.0,0.05416305229915649,4.0
8735.0,9071.0,0.054305926073201366,9.0
8532.0,8774.0,0.05433528696143369,5.0
3276.0,8788.0,0.054373542243922546,3.0
3011.0,8998.0,0.054391725284639314,3.0
3592.0,9394.0,0.05440092419521011,4.0
8974.0,9274.0,0.05441167849366397,40.0
8589.0,9031.0,0.0544473694218843,7.0
8863.0,9264.0,0.05446888439832772,7.0
2157.0,3749.0,0.05459957074000443,2.0
8892.0,9188.0,0.054664916830765686,5.0
8475.0,9257.0,0.054789635359915836,8.0
9093.0,9175.0,0.05484790768085306,8.0
8595.0,8993.0,0.05486417096895575,22.0
8844.0,9433.0,0.05500473442601782,6.0
1270.0,4350.0,0.05506898759583401,2.0
9200.0,9302.0,0.05509227901505435,105.0
1464.0,9079.0,0.055102992996940575,5.0
2569.0,3008.0,0.055198101660958176,2.0
8859.0,8882.0,0.05526426231071888,5.0
9279.0,9477.0,0.05527915060042164,126.0
9084.0,9189.0,0.055298447937283154,60.0
4841.0,9067.0,0.05532772475505743,4.0
9190.0,9340.0,0.05537419087489434,72.0
8805.0,9304.0,0.05539402177604208,40.0
9202.0,9253.0,0.05543119030150199,21.0
3516.0,8970.0,0.05547525793634563,4.0
9081.0,9143.0,0.05554120485636918,35.0
8923.0,9307.0,0.05574600251617526,16.0
4335.0,9123.0,0.05587772464124686,27.0
8853.0,9124.0,0.05590765260255881,5.0
1634.0,2456.0,0.05597604250416566,2.0
2107.0,4411.0,0.0560691705842169,2.0
970.0,8352.0,0.05613882144690702,3.0
2628.0,3320.0,0.056161041798232114,2.0
9399.0,9491.0,0.05618993142140063,49.0
4145.0,9004.0,0.05622940047735281,6.0
794.0,9195.0,0.056365984548209055,9.0
9110.0,9341.0,0.05643124498455416,16.0
8551.0,8728.0,0.05647060951307138,6.0
9156.0,9510.0,0.0565463793663175,85.0
9313.0,9431.0,0.05659105689039239,96.0
1380.0,4509.0,0.05672535929267897,2.0
9094.0,9475.0,0.05696033629352858,62.0
2833.0,9483.0,0.05698378473727509,4.0
8681.0,9069.0,0.05702044128830124,13.0
8522.0,9174.0,0.05730942415014548,6.0
8454.0,9447.0,0.05751776468467757,6.0
9234.0,9484.0,0.057552996363964215,48.0
8918.0,9092.0,0.057553682353020226,13.0
7871.0,8527.0,0.057576182263161385,4.0
8864.0,9235.0,0.05779198668628241,6.0
4457.0,9476.0,0.05795565024033715,45.0
4772.0,8504.0,0.05844162923136387,3.0
3244.0,9406.0,0.05858752646114859,19.0
9057.0,9385.0,0.05866608670945331,24.0
9045.0,9403.0,0.058722418667886175,5.0
8878.0,9121.0,0.05877253462977035,32.0
2947.0,3310.0,0.05884004875649873,2.0
1319.0,9374.0,0.05898970513719655,6.0
3424.0,8898.0,0.0590327417899289,4.0
2610.0,3662.0,0.05909231331742493,2.0
9303.0,9339.0,0.059250134512878506,132.0
9080.0,9161.0,0.0594336266730105,5.0
8624.0,9206.0,0.059434352547715924,8.0
8982.0,9220.0,0.05948917875234732,13.0
8516.0,9472.0,0.059685124246036544,31.0
9213.0,9481.0,0.05973463234810191,8.0
1851.0,3069.0,0.059841661015558545,2.0
9329.0,9387.0,0.05988820150023542,16.0
9167.0,9438.0,0.05990240181783708,20.0
4473.0,9331.0,0.05994620417894446,8.0
696.0,9396.0,0.059954251597215624,9.0
9369.0,9501.0,0.05999097012149991,7.0
9030.0,9138.0,0.06009002875513467,7.0
8278.0,9401.0,0.06026196139234309,43.0
1293.0,9523.0,0.060338922722602405,10.0
8938.0,9334.0,0.0603854727399074,6.0
9223.0,9305.0,0.06038614330913265,14.0
9104.0,9404.0,0.06039841625103918,5.0
9502.0,9559.0,0.060454669338013356,17.0
8672.0,9358.0,0.060461359708498585,6.0
8889.0,9344.0,0.060494209967872324,12.0
9277.0,9291.0,0.06057165446072321,16.0
2543.0,7574.0,0.060583982902417455,3.0
9452.0,9509.0,0.06070162796017196,93.0
8739.0,9224.0,0.060773299006018223,5.0
3062.0,3063.0,0.06080596457380638,2.0
2200.0,9551.0,0.06082737145730065,28.0
4327.0,4784.0,0.060865009260744896,2.0
4709.0,9207.0,0.06090430908492247,4.0
1189.0,9122.0,0.06092134678998759,5.0
8644.0,9050.0,0.060986400269106567,11.0
9314.0,9368.0,0.06104786047532058,17.0
9312.0,9567.0,0.06109584375492328,36.0
3095.0,9109.0,0.06113344067282752,7.0
1301.0,2518.0,0.061157177059916634,2.0
2509.0,9120.0,0.06117056251374536,3.0
7875.0,9160.0,0.06155225727635679,26.0
4280.0,8565.0,0.06159990293497797,3.0
945.0,8977.0,0.06160922085716686,3.0
9244.0,9286.0,0.06170263734707224,36.0
4337.0,9280.0,0.06173543517466148,7.0
3593.0,3663.0,0.06189700511213614,2.0
8419.0,8921.0,0.06198394640267447,27.0
9166.0,9492.0,0.06201194760901364,17.0
6801.0,8804.0,0.06215446529451321,4.0
4080.0,4549.0,0.06217718749717116,2.0
8911.0,9098.0,0.062194282095294214,12.0
8264.0,9461.0,0.06222406991041537,9.0
600.0,9221.0,0.06222604379325439,9.0
3591.0,9412.0,0.062250032166042135,3.0
9208.0,9428.0,0.0622693726594048,33.0
8737.0,9408.0,0.06247696965112066,8.0
429.0,9101.0,0.06258438515216708,3.0
104.0,8960.0,0.06262751836630082,7.0
4408.0,9498.0,0.06263517987622906,7.0
9338.0,9371.0,0.06265562382553325,10.0
816.0,9119.0,0.062666973861005,5.0
9353.0,9444.0,0.06273491801270219,15.0
3428.0,8871.0,0.06276702979958483,7.0
9336.0,9493.0,0.06277395933031378,153.0
1371.0,2849.0,0.06283538079370377,2.0
8642.0,9392.0,0.06286241536825506,6.0
789.0,8874.0,0.06290670492597938,3.0
8984.0,9632.0,0.06292630271858521,11.0
9132.0,9582.0,0.0629786991606915,8.0
4699.0,9204.0,0.0630461185987314,6.0
9193.0,9576.0,0.06312704245556437,28.0
1244.0,9478.0,0.06315994604327946,5.0
8837.0,9254.0,0.06331684730817763,7.0
3376.0,3377.0,0.06348822086015171,2.0
9316.0,9382.0,0.06352040566487269,7.0
7577.0,9211.0,0.06352591385298659,4.0
39.0,9435.0,0.06353975845700735,6.0
6531.0,9486.0,0.06355987758979717,14.0
9496.0,9546.0,0.06364100249252011,103.0
8778.0,9300.0,0.0637392193609057,6.0
3664.0,8639.0,0.06375906293596956,3.0
9019.0,9421.0,0.06385216738957906,12.0
2512.0,4446.0,0.06385549886605357,2.0
5031.0,9494.0,0.06387262993222145,5.0
8865.0,9113.0,0.0640676649873742,5.0
6515.0,8193.0,0.06406785663813049,5.0
9222.0,9482.0,0.06411830772658624,46.0
563.0,9370.0,0.0641735535359208,134.0
7947.0,9278.0,0.06421278713147235,6.0
8015.0,9432.0,0.06422329512109895,4.0
1038.0,8630.0,0.06429620571230506,4.0
9233.0,9626.0,0.06431237241198422,51.0
9517.0,9610.0,0.06446624080118865,64.0
9266.0,9282.0,0.06450470421223821,10.0
9328.0,9507.0,0.06450624301686063,18.0
739.0,9532.0,0.06464865996836155,6.0
8235.0,9379.0,0.06477740419145984,16.0
1344.0,9430.0,0.06499090159138918,6.0
9542.0,9563.0,0.06521742503291778,222.0
9424.0,9453.0,0.06524052591092808,47.0
9040.0,9343.0,0.06531699302883359,40.0
8779.0,8851.0,0.06535563249655094,4.0
9178.0,9420.0,0.06541885769976408,150.0
8049.0,8777.0,0.06542860790193233,4.0
1491.0,7582.0,0.06544266297378704,3.0
9325.0,9658.0,0.06547935435547302,112.0
9495.0,9637.0,0.06556580251218393,36.0
9373.0,9441.0,0.06562541654594099,6.0
8924.0,9210.0,0.06589910401064052,19.0
8700.0,9117.0,0.06599773740802635,8.0
677.0,923.0,0.06602095073834058,2.0
9276.0,9451.0,0.06603875078752684,7.0
9571.0,9587.0,0.06632249916254312,26.0
9058.0,9228.0,0.0664339107814032,7.0
2573.0,9249.0,0.06655095445538983,7.0
775.0,8975.0,0.0667197322878636,3.0
8139.0,9386.0,0.06675342464101536,4.0
9306.0,9597.0,0.0668555928693997,144.0
8592.0,9615.0,0.0673070190595449,21.0
9191.0,9464.0,0.06751553204459082,31.0
9070.0,9505.0,0.06752048009031517,8.0
8113.0,9416.0,0.0676682500468701,5.0
9565.0,9574.0,0.06781624286880036,107.0
8627.0,9133.0,0.06785230119358693,8.0
4514.0,9547.0,0.06804483388585816,22.0
9389.0,9668.0,0.0681049496015775,12.0
69.0,9572.0,0.06814303001865255,5.0
780.0,781.0,0.06816011546449485,2.0
8962.0,9508.0,0.06819022473681549,27.0
9176.0,9294.0,0.06823846744202774,12.0
9231.0,9568.0,0.06824442987596051,10.0
1546.0,4351.0,0.06844329039954311,2.0
666.0,9157.0,0.06848762657258405,4.0
8747.0,9322.0,0.06849131972456962,4.0
8969.0,9605.0,0.06852283508958887,36.0
9134.0,9413.0,0.06881389596117399,14.0
9288.0,9579.0,0.06903486202751088,57.0
9301.0,9375.0,0.06921400832457782,73.0
3874.0,9636.0,0.06944814577007592,4.0
9346.0,9643.0,0.06959554150485307,181.0
9196.0,9400.0,0.06967713251773507,8.0
112.0,1268.0,0.07004290632258547,2.0
9595.0,9650.0,0.07011535651010863,35.0
2468.0,9497.0,0.07022431943448007,118.0
4901.0,9337.0,0.07027365568920657,3.0
819.0,9602.0,0.07037826916904734,18.0
8178.0,9256.0,0.07042590266250842,8.0
2825.0,4512.0,0.07047224326136503,2.0
8720.0,9422.0,0.07050445766327898,10.0
18.0,9345.0,0.07056231568275259,6.0
9284.0,9620.0,0.07068668076799817,28.0
9604.0,9682.0,0.07078853862302316,162.0
9239.0,9570.0,0.07083436908785132,68.0
8032.0,9348.0,0.07096359646358398,5.0
9414.0,9504.0,0.07101328564032587,45.0
9315.0,9543.0,0.07113703121469989,66.0
7721.0,9598.0,0.07116701878652602,12.0
344.0,9308.0,0.07169083218211374,10.0
9062.0,9503.0,0.07169211719723347,9.0
9545.0,9581.0,0.07190335372144463,78.0
9557.0,9594.0,0.07195274458465264,58.0
8996.0,9667.0,0.07201753129901967,146.0
3498.0,9103.0,0.07207683706207306,4.0
9241.0,9355.0,0.072152679059447,5.0
9354.0,9378.0,0.07232954021430806,7.0
3563.0,9711.0,0.0724455357940269,3.0
9237.0,9606.0,0.07251053485577517,10.0
1045.0,9248.0,0.07255910195009134,4.0
9236.0,9440.0,0.07262415397770668,25.0
1007.0,9260.0,0.07276214616586112,4.0
8611.0,9285.0,0.07301047555531993,13.0
9321.0,9691.0,0.07313446768730052,10.0
9427.0,9552.0,0.07323528801325571,26.0
9064.0,9678.0,0.07326388751423389,228.0
9309.0,9535.0,0.07330779552425079,48.0
9192.0,9562.0,0.07334866828066113,90.0
1732.0,9677.0,0.07340529656241408,7.0
4503.0,9531.0,0.07357701774123437,3.0
8818.0,9384.0,0.07372987021753608,28.0
1477.0,9607.0,0.07410421246684433,94.0
8899.0,9652.0,0.07429718130170292,10.0
369.0,9709.0,0.07434062506067536,13.0
9487.0,9634.0,0.07440251742262773,37.0
9049.0,9214.0,0.0744462251333066,6.0
4109.0,8990.0,0.0744483579096813,3.0
9330.0,9377.0,0.07454321110881436,10.0
9259.0,9670.0,0.07454765917717471,6.0
9036.0,9727.0,0.0745737810224626,6.0
9197.0,9455.0,0.07473320988158229,39.0
4840.0,4985.0,0.07520153772461069,2.0
9085.0,9332.0,0.07534309452684732,123.0
9215.0,9506.0,0.07536305286051073,163.0
1167.0,9372.0,0.07549274876099998,6.0
3813.0,9360.0,0.0756072713305932,3.0
1302.0,8765.0,0.07571513516318157,3.0
2311.0,5018.0,0.07595591054297246,2.0
3277.0,9525.0,0.07597436953748375,4.0
9342.0,9596.0,0.07607444850075518,11.0
8876.0,9226.0,0.07625119837226563,5.0
9364.0,9549.0,0.07632127281304614,38.0
2831.0,2832.0,0.07632743403989684,2.0
8831.0,9456.0,0.0763376008579833,15.0
8909.0,9555.0,0.07645142865843185,8.0
9376.0,9750.0,0.07675162172474798,18.0
8762.0,8791.0,0.07675657903710037,4.0
9407.0,9674.0,0.07686053500855618,21.0
820.0,4767.0,0.07686601187208297,2.0
8223.0,9585.0,0.07735861183702333,8.0
8896.0,9023.0,0.07736901882891851,12.0
9417.0,9627.0,0.0774093238982035,22.0
2469.0,9735.0,0.07760608326963887,67.0
4648.0,9126.0,0.07768740515599323,5.0
1176.0,7708.0,0.07789137129753304,3.0
1391.0,9367.0,0.07800584732443183,4.0
1345.0,2532.0,0.07808577857040633,2.0
9624.0,9780.0,0.07821299370878491,9.0
9153.0,9583.0,0.0784589707320231,4.0
9255.0,9470.0,0.0785072081445637,23.0
9473.0,9781.0,0.07851682905355915,33.0
9466.0,9684.0,0.07862085113668281,11.0
7808.0,9538.0,0.07884370650410925,107.0
9469.0,9611.0,0.07895545556681346,11.0
4021.0,8766.0,0.07909817005723246,3.0
9459.0,9614.0,0.0792168816536486,30.0
1636.0,3132.0,0.07922372337064543,2.0
8263.0,9768.0,0.07940453700633036,41.0
4701.0,9463.0,0.07940557425592655,7.0
8783.0,9352.0,0.07958904294778804,5.0
699.0,9654.0,0.07965401371335327,8.0
9443.0,9485.0,0.07971354929699555,5.0
1463.0,4353.0,0.08036274539682275,2.0
4339.0,9732.0,0.08050604373028143,69.0
5064.0,9449.0,0.0805506894698606,5.0
9411.0,9479.0,0.08075049998493782,6.0
9741.0,9779.0,0.0808097048946403,184.0
9521.0,9737.0,0.08087462060811902,17.0
4787.0,9533.0,0.08104857006005649,9.0
9577.0,9647.0,0.08105086234712729,35.0
9566.0,9646.0,0.08111734365870334,7.0
9118.0,9530.0,0.08112669506477876,10.0
4526.0,9489.0,0.08116735784160298,5.0
2948.0,9326.0,0.08151831482403632,3.0
9289.0,9726.0,0.08164880257679188,13.0
9617.0,9715.0,0.08172243411217883,21.0
9623.0,9708.0,0.08179616623570596,63.0
9252.0,9621.0,0.08207783786990668,7.0
9474.0,9591.0,0.08219177177719623,21.0
2904.0,2905.0,0.08258118035978335,2.0
9680.0,9771.0,0.08282670371959663,203.0
3161.0,9437.0,0.08307866225647592,3.0
9317.0,9500.0,0.08311037419150713,7.0
9116.0,9439.0,0.08318764543053761,10.0
9229.0,9748.0,0.08324102996984667,30.0
9700.0,9729.0,0.08326584648417175,14.0
9586.0,9649.0,0.08363280388835298,14.0
9383.0,9397.0,0.08364167823158711,5.0
1744.0,9697.0,0.08373181030177869,145.0
9074.0,9740.0,0.0837653110685311,60.0
499.0,521.0,0.08402326555031892,2.0
8801.0,9600.0,0.08408066063678485,18.0
9349.0,9544.0,0.08447413182400224,6.0
9465.0,9573.0,0.08448903187292926,8.0
4713.0,9429.0,0.08452754583251565,8.0
8704.0,9436.0,0.08464897368059532,5.0
9073.0,9753.0,0.08466347135375933,232.0
271.0,8214.0,0.08491111360930986,3.0
9717.0,9723.0,0.08539376490374886,191.0
1379.0,9311.0,0.0853970332822704,4.0
9351.0,9488.0,0.08569437776862077,38.0
1405.0,4456.0,0.08575657533309056,2.0
9457.0,9803.0,0.08613998226049031,42.0
9262.0,9347.0,0.08635451893992446,4.0
4479.0,9696.0,0.0865196530002807,5.0
8997.0,9516.0,0.0866495120698726,10.0
9446.0,9641.0,0.08667699466542385,82.0
1620.0,9365.0,0.08714079969515084,5.0
3504.0,9590.0,0.08745914760669199,3.0
9198.0,9806.0,0.08748542802469127,10.0
8084.0,9616.0,0.08758016609150578,38.0
9661.0,9820.0,0.08783485283203181,17.0
8870.0,9599.0,0.08787476738555611,8.0
9388.0,9714.0,0.08791640727693685,75.0
2493.0,8581.0,0.08820511958732509,4.0
9642.0,9656.0,0.08826240418223194,13.0
9526.0,9788.0,0.08843107487699471,15.0
198.0,9415.0,0.08852491788771144,7.0
9541.0,9837.0,0.08908367842249028,65.0
9770.0,9836.0,0.08909495675778964,268.0
9548.0,9730.0,0.08910070851566897,32.0
662.0,9622.0,0.08915948434518524,4.0
9694.0,9722.0,0.08952829634206728,42.0
9361.0,9758.0,0.0895508027801073,42.0
9467.0,9672.0,0.09001073863588563,77.0
4813.0,9458.0,0.0900292251277714,3.0
3202.0,8613.0,0.09008877177904084,3.0
9584.0,9716.0,0.09062458964865112,189.0
3010.0,9593.0,0.09074045664055909,9.0
496.0,4675.0,0.09079786669694034,2.0
9625.0,9633.0,0.09090930191081208,5.0
9702.0,9731.0,0.09099126270639195,269.0
9631.0,9639.0,0.09107604763159746,19.0
9182.0,9480.0,0.09142223196789341,5.0
9558.0,9575.0,0.09148765347460541,9.0
4405.0,9689.0,0.09175502564281228,9.0
9657.0,9832.0,0.09178396985525997,44.0
9592.0,9679.0,0.09183895677882138,67.0
9528.0,9870.0,0.0926335890573753,82.0
2970.0,9659.0,0.09275952375519485,7.0
9512.0,9635.0,0.09309267431186015,11.0
9350.0,9675.0,0.09324782026365107,11.0
961.0,8545.0,0.09328846337253593,3.0
9759.0,9814.0,0.0936069205812462,278.0
3560.0,8422.0,0.09367162624801362,3.0
2793.0,9738.0,0.09368603570302979,10.0
660.0,1334.0,0.0937778241668028,2.0
8724.0,9366.0,0.09384508064030725,5.0
617.0,3934.0,0.09387791577078408,2.0
9514.0,9529.0,0.0940277501661915,14.0
9754.0,9862.0,0.09419990457428867,52.0
9524.0,9699.0,0.09448571474550845,36.0
4667.0,9026.0,0.09479886881318567,3.0
2702.0,9645.0,0.09493812736791829,7.0
9588.0,9824.0,0.09503308462326283,94.0
6576.0,9393.0,0.09521648574817979,4.0
9762.0,9844.0,0.09540294726754776,269.0
9790.0,9823.0,0.09566199871365019,88.0
4400.0,9718.0,0.0957541110286757,5.0
9130.0,9448.0,0.09591154371028325,7.0
7142.0,9183.0,0.09596746564457459,5.0
9812.0,9815.0,0.09648712128947749,22.0
134.0,2823.0,0.09669293030575776,2.0
9537.0,9795.0,0.09725839077400786,11.0
8941.0,9829.0,0.09731023669776122,9.0
8916.0,9106.0,0.0974134043536388,4.0
9434.0,9767.0,0.09746338537683179,11.0
9800.0,9854.0,0.09746476094799407,189.0
9831.0,9834.0,0.09785202608571295,24.0
4404.0,9454.0,0.09793091104686595,4.0
9518.0,9603.0,0.0982820149350014,9.0
9704.0,9864.0,0.09834259230789094,37.0
3302.0,9217.0,0.0986684077258827,4.0
9056.0,9601.0,0.09886672659278746,7.0
9663.0,9671.0,0.09911727025837144,56.0
729.0,9390.0,0.09925088437076351,3.0
9298.0,9871.0,0.09932112542519309,44.0
9519.0,9698.0,0.10004882298884901,44.0
4369.0,9418.0,0.10132028190981449,8.0
9719.0,9797.0,0.10159219960175667,204.0
8845.0,9793.0,0.10195348735928526,6.0
2465.0,9534.0,0.10217549559972457,9.0
1411.0,4338.0,0.10263342188716373,2.0
9186.0,9856.0,0.10268049880266576,5.0
9703.0,9805.0,0.10320948080474085,49.0
9841.0,9883.0,0.10404818357426501,17.0
547.0,1850.0,0.10406471798464756,2.0
3513.0,9522.0,0.10428075317321303,5.0
9628.0,9798.0,0.10428861212377165,37.0
8856.0,9761.0,0.10523678614293067,15.0
2928.0,3414.0,0.10536142999251741,2.0
9651.0,9843.0,0.10536374980449162,10.0
9564.0,9882.0,0.10538619591496547,11.0
1332.0,3952.0,0.10545056976084399,2.0
1365.0,9898.0,0.10572554233255788,53.0
9778.0,9872.0,0.10575249888349009,82.0
9569.0,9866.0,0.10607888870823122,71.0
9589.0,9705.0,0.10633803481788073,20.0
9868.0,9929.0,0.10650277427447438,41.0
9728.0,9863.0,0.10668624784292004,23.0
8482.0,9720.0,0.10673998797095309,10.0
2967.0,9688.0,0.10702397750629604,20.0
9828.0,9876.0,0.10720337638079502,212.0
9693.0,9874.0,0.10728685071606255,10.0
509.0,9539.0,0.10741436011683134,6.0
9807.0,9821.0,0.10752611581564675,8.0
9395.0,9840.0,0.10753286266701252,10.0
4262.0,9613.0,0.10772220277526287,6.0
9515.0,9695.0,0.10794633674120369,7.0
9683.0,9791.0,0.10802808484916966,9.0
9842.0,9875.0,0.10802906112515695,197.0
3430.0,9713.0,0.10813784539741986,5.0
838.0,9749.0,0.10816945779892453,5.0
1013.0,1317.0,0.10830813524658123,2.0
9468.0,9811.0,0.10909132203276913,73.0
759.0,1063.0,0.10910472286810469,2.0
9743.0,9867.0,0.10948660972106318,273.0
3321.0,4045.0,0.10983612902755335,2.0
8731.0,9897.0,0.10989355402488891,16.0
1797.0,1798.0,0.1099974932992066,2.0
9721.0,9873.0,0.1101870322546158,5.0
9692.0,9888.0,0.11026443826098827,37.0
9742.0,9880.0,0.1105624337640378,23.0
9666.0,9879.0,0.11097646789999852,315.0
9578.0,9608.0,0.11139478975755987,10.0
9096.0,9629.0,0.1117257676447142,4.0
9550.0,9921.0,0.11177941864674923,23.0
9561.0,9847.0,0.11202309689426271,10.0
9686.0,9755.0,0.11225861260393871,126.0
9409.0,9860.0,0.11234995955921938,11.0
3327.0,3726.0,0.1125381001288942,2.0
9707.0,9801.0,0.11257705675160161,13.0
2161.0,8656.0,0.112582051128372,3.0
9764.0,9855.0,0.11275078943249246,8.0
9949.0,9969.0,0.11285769915417372,57.0
1300.0,1482.0,0.11330790919129197,2.0
831.0,9520.0,0.11399440098667263,3.0
7055.0,9763.0,0.1140658837102347,8.0
3350.0,9513.0,0.11436125450788924,7.0
9734.0,9958.0,0.11449936280840312,242.0
9149.0,9877.0,0.11462608504427893,4.0
9746.0,9857.0,0.11480397196587644,20.0
1622.0,9462.0,0.11508807516550132,33.0
9846.0,9962.0,0.11565036039724932,264.0
9904.0,9943.0,0.11582266728189662,351.0
9786.0,9913.0,0.1163280482936178,6.0
3387.0,9527.0,0.11636233240491176,5.0
9673.0,9676.0,0.1164465344417161,26.0
3298.0,9363.0,0.116653726756428,4.0
9664.0,9911.0,0.11725955196369961,16.0
9423.0,9560.0,0.1173006274399224,18.0
9445.0,9609.0,0.11749762426859406,4.0
9089.0,9238.0,0.11762732631364947,4.0
9861.0,9905.0,0.11831257133578883,163.0
4396.0,9787.0,0.11871389098076617,9.0
9640.0,9998.0,0.11871489616502975,23.0
9835.0,9967.0,0.11888112987533764,7.0
5001.0,9765.0,0.11900395370538855,11.0
9681.0,9849.0,0.11914045628097288,6.0
3499.0,9808.0,0.1194952599892378,9.0
9669.0,9910.0,0.11952018994319263,6.0
9356.0,9833.0,0.11977282232330529,19.0
9776.0,9858.0,0.12027075454454024,42.0
9218.0,9685.0,0.12044487440221625,115.0
9785.0,9848.0,0.12075038701510171,59.0
4406.0,9923.0,0.12080387610205334,4.0
9744.0,9777.0,0.12103456276628966,18.0
87.0,9830.0,0.12172806695318839,8.0
85.0,9930.0,0.12187083545124677,3.0
9553.0,9618.0,0.1220327172071197,4.0
9760.0,10011.0,0.12353984889932712,125.0
9419.0,9736.0,0.12372248666524888,17.0
9258.0,9665.0,0.12375100967063393,9.0
9783.0,9899.0,0.12462058290192157,54.0
9630.0,9917.0,0.12487629699985153,16.0
9638.0,9690.0,0.12497200335434752,9.0
1307.0,9752.0,0.12511807164751543,27.0
9816.0,9957.0,0.1254802445095602,18.0
9261.0,9802.0,0.12562518134068745,6.0
1146.0,9869.0,0.12575123118283368,5.0
8280.0,9822.0,0.12590141537112423,16.0
4107.0,9554.0,0.12633408412144953,3.0
19.0,9655.0,0.12716897347157458,5.0
9766.0,9859.0,0.1273116277137601,23.0
9774.0,9932.0,0.12732050538108622,52.0
9739.0,9964.0,0.12741532166127245,351.0
9782.0,9945.0,0.1274382748287706,28.0
9851.0,9925.0,0.12756893529907973,48.0
9490.0,9992.0,0.12781382083629933,357.0
9845.0,9988.0,0.1278365707291421,7.0
7856.0,9784.0,0.12812089982606753,7.0
9819.0,9952.0,0.1282137530575059,16.0
9687.0,9886.0,0.1292699404829241,88.0
9701.0,9809.0,0.1292930105449278,10.0
9902.0,9940.0,0.12946800909412262,105.0
9747.0,9772.0,0.12979022419182817,10.0
3009.0,3619.0,0.13021695236497055,2.0
9511.0,9660.0,0.13125255462197444,5.0
9966.0,9987.0,0.13244826615849709,258.0
9817.0,9936.0,0.1325453694814685,72.0
9935.0,9944.0,0.1327112276415783,76.0
9914.0,9990.0,0.1333307350461894,44.0
9725.0,10018.0,0.1335836829006197,143.0
9706.0,9865.0,0.13385176125637052,12.0
9927.0,9991.0,0.134579830412721,468.0
9756.0,9757.0,0.13561208429391716,10.0
635.0,1592.0,0.13728032753678587,2.0
9885.0,9912.0,0.13764835297505285,76.0
9942.0,9979.0,0.13804040852448382,66.0
9268.0,9540.0,0.13814051619487222,5.0
1269.0,9884.0,0.13828207734689021,45.0
9918.0,10023.0,0.13844436660253873,18.0
3423.0,9751.0,0.13898019316632873,11.0
1427.0,9948.0,0.13969132773813292,11.0
9826.0,10014.0,0.1402209508592003,39.0
9271.0,9968.0,0.1406122708076251,7.0
9619.0,9995.0,0.14173535492967032,29.0
9825.0,9916.0,0.1425679883058236,31.0
3217.0,9920.0,0.14298645691594367,5.0
9893.0,9900.0,0.14331672375504226,13.0
9946.0,10040.0,0.1434054045889795,129.0
1390.0,9950.0,0.1437845910142091,213.0
9924.0,10035.0,0.14539557288265034,92.0
9976.0,10009.0,0.1455630513041637,145.0
9380.0,9878.0,0.14565593334198085,7.0
9556.0,9970.0,0.1456798786131123,25.0
9986.0,10046.0,0.14586731113508408,265.0
9769.0,9973.0,0.146401341604133,6.0
9926.0,10031.0,0.14716049037397702,31.0
8711.0,9915.0,0.14745463302909778,191.0
9889.0,10033.0,0.14804398369739585,362.0
9644.0,9796.0,0.14834713116062853,6.0
1311.0,9850.0,0.14912166095145524,43.0
1165.0,9997.0,0.14984813335417774,17.0
9299.0,10013.0,0.15037966219561205,7.0
7811.0,10003.0,0.1504500822099719,25.0
9891.0,10069.0,0.15084007125037593,491.0
8879.0,9710.0,0.15171564369121865,12.0
9937.0,10057.0,0.1532851793310624,20.0
9908.0,9922.0,0.15404521377680247,61.0
10010.0,10055.0,0.15406852090696038,118.0
4716.0,9989.0,0.1542228298396071,21.0
9536.0,9612.0,0.1543370846993733,10.0
9799.0,9933.0,0.15472004888965324,28.0
9838.0,10077.0,0.15493129675027706,193.0
9580.0,9813.0,0.15607489234441585,8.0
1385.0,10087.0,0.15627969941985417,62.0
9794.0,10002.0,0.15687429902136846,11.0
10047.0,10074.0,0.15781993624557514,337.0
88.0,9792.0,0.15951804148569126,4.0
9909.0,9954.0,0.15959851269167202,32.0
9985.0,10080.0,0.15985338839264288,51.0
9359.0,9712.0,0.1617492626545161,6.0
9853.0,10012.0,0.16206801333334311,69.0
9839.0,10085.0,0.16230835356300158,30.0
10005.0,10071.0,0.16249110577914752,156.0
133.0,9972.0,0.16408878318599274,11.0
9804.0,9892.0,0.1644133043680363,5.0
10024.0,10094.0,0.16516833859165989,89.0
1242.0,9263.0,0.16569892130244546,3.0
3684.0,9887.0,0.1661025389102038,8.0
9881.0,10039.0,0.16655705887972944,21.0
10001.0,10004.0,0.16697729670677802,170.0
1455.0,9971.0,0.16716903667115313,316.0
10021.0,10027.0,0.16810965004575681,59.0
9983.0,10060.0,0.16935947129421391,13.0
10020.0,10034.0,0.16998817102991953,37.0
10042.0,10056.0,0.17045875082908876,171.0
9827.0,10104.0,0.1705531994116355,13.0
10032.0,10048.0,0.17246171450113573,128.0
4343.0,9977.0,0.1731986422186503,12.0
9953.0,10068.0,0.17406960361231294,137.0
9981.0,10073.0,0.1741280982156956,33.0
3628.0,10103.0,0.17688496617071195,157.0
9648.0,9907.0,0.1776256201026682,15.0
9894.0,10029.0,0.17780007478317508,5.0
10088.0,10119.0,0.17823070654310433,255.0
9890.0,10061.0,0.17911129209809287,14.0
10089.0,10111.0,0.18074375042793187,337.0
9775.0,10102.0,0.18091510457070398,32.0
9931.0,10112.0,0.18104504925399445,64.0
454.0,9895.0,0.18260205518753694,6.0
2976.0,9955.0,0.1835303935131912,7.0
4809.0,10101.0,0.183784680174577,70.0
9789.0,9947.0,0.18411207275640545,45.0
3066.0,10045.0,0.18547187861529357,6.0
10022.0,10121.0,0.18556041026328557,173.0
9960.0,10063.0,0.1868329239571868,12.0
1745.0,10041.0,0.18860571293243755,11.0
10030.0,10090.0,0.1889383497015465,15.0
10026.0,10078.0,0.1901081830284187,368.0
10036.0,10098.0,0.19065710725730023,389.0
10038.0,10084.0,0.19315408545717408,498.0
9745.0,9903.0,0.19342216471803975,7.0
10019.0,10058.0,0.1945345131609795,62.0
9938.0,9996.0,0.19486993142358694,6.0
3642.0,9662.0,0.19533997455587088,3.0
10006.0,10091.0,0.19554303092556344,34.0
9818.0,10049.0,0.19699883430449056,51.0
9956.0,10123.0,0.19761321611058652,12.0
10065.0,10095.0,0.1981906623406032,42.0
10110.0,10128.0,0.20017228609753604,234.0
9963.0,10100.0,0.2002170578647723,8.0
9896.0,10053.0,0.20037741261934458,12.0
10052.0,10126.0,0.20226967408426547,805.0
135.0,9055.0,0.20250330928908705,3.0
10025.0,10131.0,0.20390598077826763,88.0
9974.0,10092.0,0.20489376033714993,216.0
9919.0,10083.0,0.20584524901598086,62.0
10016.0,10127.0,0.20663593360853205,35.0
9978.0,9984.0,0.20817200547998108,5.0
10067.0,10081.0,0.2091411440568156,30.0
121.0,8131.0,0.209373229303249,5.0
10075.0,10139.0,0.20953625174138604,395.0
9951.0,9959.0,0.20992652068615686,15.0
9318.0,10015.0,0.21132099889231093,11.0
10070.0,10129.0,0.2116623320959273,98.0
290.0,1096.0,0.21285454515836744,2.0
9939.0,9982.0,0.21319951484489072,67.0
70.0,10099.0,0.2138814010841768,52.0
10079.0,10093.0,0.21449360959512187,14.0
10066.0,10120.0,0.21475058514978404,38.0
8010.0,10106.0,0.2151652857422589,91.0
10050.0,10167.0,0.21635541453682675,195.0
10059.0,10145.0,0.21666374517762377,52.0
9980.0,10044.0,0.21800096013980952,5.0
4912.0,10134.0,0.21835626936904354,174.0
9941.0,10118.0,0.21966639688090692,14.0
2997.0,10062.0,0.22111396858394292,40.0
1271.0,1545.0,0.22131208222892462,2.0
10117.0,10146.0,0.22357888530269648,179.0
9901.0,10171.0,0.22363781044618572,202.0
4312.0,9653.0,0.22439624464111918,3.0
10108.0,10156.0,0.22443179905869548,70.0
10037.0,10076.0,0.22532727370411143,38.0
9928.0,10116.0,0.22721328938649935,19.0
10122.0,10170.0,0.2275997295426917,106.0
9993.0,10028.0,0.22765318933654488,22.0
421.0,10132.0,0.22832629120775663,46.0
1321.0,9961.0,0.22843551645124616,3.0
10064.0,10148.0,0.22893705323447855,71.0
2570.0,9460.0,0.2305939868438487,3.0
9852.0,10115.0,0.2310328975457386,176.0
9975.0,10086.0,0.23717087270427797,30.0
10043.0,10082.0,0.23859107596230397,17.0
9410.0,10130.0,0.23975161331321956,9.0
10007.0,10137.0,0.24069824634256148,24.0
10000.0,10051.0,0.2444574784328327,16.0
10149.0,10169.0,0.24451379640623896,272.0
10072.0,10168.0,0.246188251105589,21.0
9724.0,10125.0,0.24955882588445027,17.0
10097.0,10136.0,0.2496292164783827,15.0
10017.0,10152.0,0.24995473549964434,809.0
10158.0,10185.0,0.25172977757276355,27.0
2879.0,9733.0,0.25423711512692304,6.0
10138.0,10190.0,0.2548612661758602,544.0
10174.0,10191.0,0.2573275698177445,204.0
163.0,10183.0,0.2595734537564153,20.0
10135.0,10161.0,0.2596669451418146,407.0
10159.0,10200.0,0.26032602533773763,839.0
657.0,10193.0,0.2673082423910546,10.0
10054.0,10151.0,0.2711867734686027,14.0
10164.0,10181.0,0.27166966824186395,168.0
10204.0,10206.0,0.28041090195960067,611.0
9773.0,10172.0,0.28100810239721247,55.0
10114.0,10195.0,0.28463439648093875,53.0
10140.0,10175.0,0.2851816986289168,512.0
10113.0,10187.0,0.28565004192295373,16.0
9012.0,10207.0,0.2858273049452929,842.0
10109.0,10147.0,0.29049675293476285,33.0
9994.0,10133.0,0.290618980159313,11.0
10124.0,10157.0,0.29141709574594327,290.0
10141.0,10196.0,0.29271705149322974,279.0
10150.0,10192.0,0.29510918329202157,25.0
10143.0,10144.0,0.3011820248243992,9.0
10163.0,10176.0,0.3032954016050892,51.0
9810.0,10179.0,0.3034574348937693,204.0
10142.0,10214.0,0.3036445594408136,574.0
9965.0,10188.0,0.30368653088935466,73.0
10096.0,10194.0,0.30647397392554593,361.0
714.0,10219.0,0.308086230496272,291.0
10008.0,10198.0,0.30886416649522774,23.0
10166.0,10202.0,0.30942870242840365,73.0
10105.0,10226.0,0.31141987090931855,78.0
9906.0,10199.0,0.31543569355307177,20.0
10216.0,10230.0,0.31646687940073776,915.0
9499.0,10189.0,0.32064525335231925,5.0
10162.0,10197.0,0.32100453890062675,36.0
45.0,10220.0,0.32282471885024516,280.0
10186.0,10208.0,0.32414773896679006,56.0
10228.0,10233.0,0.32634275576880317,1206.0
782.0,10213.0,0.332225265086904,54.0
9999.0,10209.0,0.332353203497692,18.0
10227.0,10231.0,0.35507548812795503,439.0
10178.0,10236.0,0.3627836524404014,459.0
5076.0,8510.0,0.3701509211376928,3.0
10155.0,10217.0,0.37078818943127106,249.0
10160.0,10222.0,0.3756927794388998,14.0
10182.0,10212.0,0.37673053540086465,93.0
10201.0,10203.0,0.3789301838329389,571.0
10154.0,10211.0,0.3802379402297145,699.0
10237.0,10239.0,0.38897600169542296,110.0
10107.0,10180.0,0.39027399686110886,6.0
10229.0,10244.0,0.3917038562972172,272.0
10225.0,10247.0,0.4045439040806543,1145.0
10205.0,10238.0,0.4253096675309842,1226.0
10224.0,10241.0,0.43370241439743734,643.0
9934.0,10253.0,0.43638185654831785,1228.0
10153.0,10251.0,0.4378144984876632,275.0
10215.0,10223.0,0.4397131306957346,67.0
10177.0,10255.0,0.440438401280872,1230.0
10254.0,10256.0,0.4860755658194279,918.0
10173.0,10210.0,0.48649749716824886,173.0
10184.0,10232.0,0.5004012891656633,126.0
10165.0,10248.0,0.5017941100313301,701.0
10218.0,10245.0,0.510235502556775,25.0
10243.0,10261.0,0.5137879731215472,129.0
10252.0,10257.0,0.5259468717368906,1212.0
10246.0,10250.0,0.530098115120533,99.0
10260.0,10265.0,0.5824303803122437,1385.0
10242.0,10263.0,0.5946435124640645,484.0
10221.0,10249.0,0.6003764104285564,135.0
10240.0,10268.0,0.6076866819592179,502.0
1395.0,10234.0,0.6537821238038457,6.0
10258.0,10270.0,0.6627159247179265,1732.0
10262.0,10271.0,0.7061262303341626,707.0
10259.0,10269.0,0.7225521562334343,1053.0
10264.0,10267.0,0.7566645743981335,1514.0
10235.0,10272.0,0.7716581921884137,1768.0
10275.0,10276.0,0.8831471547347791,3282.0
10273.0,10274.0,0.928742379883581,1760.0
10266.0,10278.0,1.0110008004421904,1859.0
10277.0,10279.0,1.3058610992134672,5141.0
