pl_name,pl_rade,pl_bmasse,pl_orbper,pl_orbsmax,pl_orbeccen,st_teff,st_mass,st_rad,disc_year,discoverymethod,sy_dist
"HD 2039 b",12.70000000,1999.15070000,1120.00000000000,2.2000000000,0.710000,5945.00,1.230000,1.190000,2002,"Radial Velocity",85.69220000
"HAT-P-8 b",15.69260000,406.82240000,3.07634000000,0.0449600000,0.000000,6200.00,1.270000,1.570000,2008,"Transit",211.55300000
"K2-43 b",4.51000000,18.50000000,3.47114900000,0.0378400000,0.070000,3840.60,0.571000,0.542000,2016,"Transit",182.53600000
"Kepler-1753 b",2.22678077,5.59000000,16.00460052000,0.1179000000,0.000000,5180.00,0.860000,0.769000,2021,"Transit",707.68800000
"Kepler-1176 b",2.45000000,6.57000000,24.17385790000,0.1589000000,0.000000,5844.00,1.010000,1.020000,2016,"Transit",864.69900000
"K2-126 b",1.97000000,4.54000000,7.38565500000,0.0656000000,0.060000,4339.00,0.690000,0.650000,2017,"Transit",102.95300000
"Kepler-1263 b",1.14000000,1.55000000,4.55139967000,0.0499000000,0.000000,5213.00,0.840000,0.800000,2016,"Transit",664.83000000
"Kepler-1416 b",0.88000000,0.61500000,1.49514952000,0.0257000000,0.000000,6019.00,1.090000,1.150000,2016,"Transit",949.59000000
"Kepler-1542 c",0.65000000,0.20800000,2.89223021000,0.0387000000,0.000000,5564.00,0.940000,0.990000,2016,"Transit",399.11400000
"K2-85 b",1.40000000,3.20000000,0.68453862616,0.0130000000,0.240000,4232.00,0.700000,0.710000,2016,"Transit",97.21790000
"Kepler-368 c",3.88000000,14.30000000,72.37933400000,0.3600000000,0.000000,5502.00,1.165000,2.019000,2014,"Transit",770.97800000
"K2-123 b",2.76000000,8.05000000,30.95152400000,0.1649000000,0.060000,4035.00,0.620000,0.590000,2017,"Transit",161.55500000
"Kepler-770 b",2.30000000,5.90000000,18.92540274000,0.1694000000,0.000000,5598.00,0.940000,0.920000,2016,"Transit",930.45700000
"Kepler-1399 b",1.25000000,2.10000000,1.63865305800,0.0276000000,0.000000,5735.00,0.970000,0.960000,2016,"Transit",1385.70000000
"Kepler-723 b",12.19000000,,4.08227506800,0.0479000000,0.000000,5539.00,0.920000,0.890000,2016,"Transit",1071.80000000
"K2-107 b",15.98000000,266.97720000,3.31395900000,0.0475000000,0.000000,6061.00,1.300000,1.810000,2017,"Transit",685.20000000
"K2-45 b",6.71000000,36.40000000,1.72926840000,0.0224000000,0.100000,4103.00,0.503000,0.445000,2016,"Transit",495.31700000
"K2-365 b",2.90600000,8.78000000,23.44817200000,,,5561.00,0.823000,1.051000,2022,"Transit",187.22200000
"K2-127 b",8.37000000,52.90000000,3.58816300000,0.0411000000,0.120000,4575.00,0.720000,0.660000,2017,"Transit",709.99900000
"K2-195 b",3.13000000,9.96000000,15.85297500000,0.1208000000,,5713.00,0.940000,0.990000,2018,"Transit",315.01400000
"K2-80 c",1.47000000,2.76000000,5.60500000000,0.0596000000,,5441.00,0.900000,0.870000,2016,"Transit",200.80200000
"K2-229 c",2.03000000,7.00000000,8.32727000000,0.0769000000,0.000000,5315.00,0.870000,0.790000,2018,"Transit",102.56400000
"HAT-P-3 b",10.53646000,206.58950000,2.89970000000,0.0386600000,0.000000,5185.00,1.060000,0.870000,2007,"Transit",134.55400000
"WASP-32 b",10.76064000,835.89290000,2.71866000000,0.0394000000,0.000000,6140.00,0.720000,0.950000,2010,"Transit",275.99400000
"WASP-24 b",15.46842000,394.10920000,2.34121000000,0.0365100000,0.000000,6075.00,1.430000,1.420000,2010,"Transit",322.11400000
"Kepler-65 c",2.58000000,5.40000000,5.85994400000,0.0680000000,0.020000,6211.00,1.250000,1.410000,2012,"Transit",303.72800000
"TrES-2 b",15.24424000,473.56670000,2.47063000000,0.0356800000,0.000000,5850.00,1.360000,1.120000,2006,"Transit",215.32000000
"Kepler-939 b",1.75000000,3.71000000,14.87829600000,0.1153000000,0.000000,5471.00,0.880000,0.850000,2016,"Transit",2093.62000000
"Kepler-1028 b",1.33000000,2.33000000,2.51462432000,0.0354000000,0.000000,5522.00,0.900000,0.870000,2016,"Transit",607.91600000
"HAT-P-67 b",23.98721870,143.02278315,4.81010690000,0.0650500000,0.000000,6640.00,1.730000,2.620000,2017,"Transit",371.68600000
"Kepler-1101 b",2.47000000,6.66000000,81.31510590000,0.3483000000,0.000000,5614.00,0.940000,0.910000,2016,"Transit",742.47300000
"Kepler-1388 b",2.59000000,7.22000000,12.28546030000,0.0882000000,0.000000,4098.00,0.630000,0.610000,2016,"Transit",453.79500000
"Kepler-768 b",1.79000000,3.86000000,11.39100250000,0.0920000000,0.000000,5108.00,0.820000,0.780000,2016,"Transit",784.56000000
"Kepler-796 b",1.30000000,2.24000000,6.40087618000,0.0731700000,0.000000,5475.00,0.930000,1.090000,2016,"Transit",817.58400000
"Kepler-110 b",1.83000000,4.01000000,12.69111200000,0.1070000000,0.000000,5960.00,0.989000,1.149000,2014,"Transit",586.53100000
"Kepler-1042 b",2.19000000,5.43000000,10.13202575000,0.0756000000,0.000000,4815.00,0.750000,0.720000,2016,"Transit",659.00000000
"Kepler-334 c",1.43000000,2.63000000,12.75800500000,0.1070000000,0.000000,5828.00,1.022000,1.068000,2014,"Transit",426.59000000
"Kepler-937 b",3.72000000,13.40000000,67.66882700000,0.3214000000,0.000000,6095.00,1.150000,1.220000,2016,"Transit",1571.46000000
"Kepler-1117 b",1.11000000,1.41000000,4.79028459000,0.0548500000,0.000000,5612.00,0.950000,0.930000,2016,"Transit",568.48700000
"Kepler-1789 b",2.83137505,8.40000000,80.23190308000,0.3543000000,0.000000,5436.00,0.920000,0.888000,2021,"Transit",611.46100000
"Kepler-1831 b",1.97019818,4.54000000,5.78387022000,0.0655000000,0.000000,6063.00,1.117000,1.012000,2021,"Transit",1053.49000000
"Kepler-1245 b",1.44000000,2.67000000,4.35409304000,0.0484000000,0.000000,5306.00,0.860000,0.830000,2016,"Transit",805.93600000
"Kepler-114 b",1.26000000,1.09000000,5.18854900000,0.0530000000,0.000000,4605.00,0.770000,0.667000,2014,"Transit",259.53300000
"Kepler-1105 b",2.01000000,4.70000000,4.42157218200,0.0471000000,0.000000,4299.00,0.710000,0.680000,2016,"Transit",318.00400000
"Kepler-187 b",1.41000000,2.57000000,4.93886400000,0.0590000000,0.000000,6105.00,1.081000,1.287000,2014,"Transit",1143.00000000
"Kepler-1379 b",1.30000000,2.24000000,0.88184114600,0.0171000000,0.000000,5188.00,0.830000,0.790000,2016,"Transit",971.32500000
"Kepler-304 c",2.17000000,5.35000000,5.31594600000,0.0540000000,0.000000,4731.00,0.737000,0.687000,2014,"Transit",434.68400000
"Kepler-1291 b",1.66000000,3.39000000,8.63043276000,0.0779000000,0.000000,5216.00,0.840000,0.800000,2016,"Transit",897.35200000
"Kepler-304 e",1.20000000,1.87000000,1.49914695300,0.0231700000,0.000000,4817.00,0.800000,0.730000,2016,"Transit",434.68400000
"Kepler-461 b",2.58000000,7.18000000,8.31378305900,0.0789500000,0.000000,5634.00,0.980000,0.910000,2016,"Transit",692.15800000
"Kepler-1894 b",1.20117759,1.87000000,2.76266002700,0.0385000000,0.000000,5772.00,0.999000,0.901000,2021,"Transit",935.19100000
"Kepler-576 b",3.27000000,10.70000000,29.91136794000,0.1790000000,0.000000,5672.00,0.990000,0.970000,2016,"Transit",617.55000000
"Kepler-1893 b",1.70557445,3.55000000,4.17936992600,0.0504000000,0.000000,5633.00,0.973000,1.162000,2021,"Transit",1050.72000000
"Kepler-1601 b",0.82000000,0.47700000,2.20921951000,0.0328100000,0.000000,5869.00,1.040000,1.070000,2016,"Transit",644.45600000
"Kepler-1922 b",2.29064904,5.86000000,13.22259998000,0.1077000000,0.000000,5931.00,0.953000,0.863000,2021,"Transit",1344.29000000
"HD 80653 b",1.62100000,5.61000000,0.71957926000,0.0165700000,0.000000,5959.00,1.150000,1.199000,2020,"Transit",109.86000000
"Kepler-1542 d",0.87000000,0.59000000,5.99273738000,0.0629000000,0.000000,5564.00,0.940000,0.990000,2016,"Transit",399.11400000
"Kepler-666 b",2.40000000,6.35000000,4.49876092000,0.0542000000,0.000000,5887.00,1.030000,1.050000,2016,"Transit",1508.71000000
"Kepler-211 c",1.29000000,18.30000000,6.04045000000,0.0620000000,0.000000,5123.00,0.867000,0.816000,2014,"Transit",309.35300000
"Kepler-203 c",2.47000000,749.90000000,5.37064700000,0.0610000000,0.000000,5821.00,1.060000,1.114000,2014,"Transit",703.30200000
"GJ 674 b",3.33000000,11.09000000,4.69380000000,0.0390000000,0.200000,3600.00,0.350000,0.364630,2007,"Radial Velocity",4.54896000
"OGLE-TR-182 b",12.66600000,320.99500000,3.97910000000,0.0510000000,0.000000,5924.00,1.140000,1.140000,2007,"Transit",2501.75000000
"HD 69830 c",3.46000000,11.80000000,31.56000000000,0.1860000000,0.130000,5385.00,0.860000,0.886947,2006,"Radial Velocity",12.55910000
"GJ 3021 b",13.10000000,1071.04000000,133.71000000000,0.4900000000,0.511000,5540.00,0.900000,0.900000,2000,"Radial Velocity",17.55590000
"HD 221287 b",13.10000000,982.05000000,456.10000000000,1.2500000000,0.080000,6304.00,1.250000,1.138640,2007,"Radial Velocity",55.92310000
"HD 47536 b",12.60000000,2330.00000000,712.13000000000,1.9300000000,0.200000,4380.00,2.100000,23.470000,2002,"Radial Velocity",122.53600000
"HD 107148 b",9.60000000,66.74100000,48.05600000000,0.2690000000,0.050000,5797.00,1.120000,1.169193,2005,"Radial Velocity",49.41560000
"HD 179949 b",13.90000000,291.12000000,3.09251400000,0.0443000000,0.022000,6168.00,1.210000,1.266865,2000,"Radial Velocity",27.45730000
"HD 188015 b",13.60000000,476.72000000,461.20000000000,1.2030000000,0.137000,5746.00,1.090000,1.125296,2004,"Radial Velocity",50.67060000
"HD 27442 b",13.50000000,495.80000000,428.10000000000,1.2710000000,0.060000,4846.00,1.230000,3.180000,2000,"Radial Velocity",18.27040000
"HD 46375 b",10.00000000,71.80000000,3.02357300000,0.0398000000,0.063000,5285.00,0.920000,0.914196,2000,"Radial Velocity",29.55290000
"HAT-P-2 b",10.65975900,2866.81223114,5.63351580000,0.0681400000,0.517200,6380.00,1.330000,1.390000,2007,"Transit",127.77400000
"HD 109749 b",11.10000000,85.81410000,5.23989100000,0.0615000000,0.000000,5824.00,1.130000,1.220000,2005,"Radial Velocity",63.08210000
"HD 149143 b",13.60000000,422.71390000,4.07182000000,0.0530000000,0.016700,5856.00,1.200000,1.440000,2005,"Radial Velocity",73.28010000
"HD 224693 b",14.00000000,222.48100000,26.69040000000,0.1910000000,0.104000,5894.00,1.310000,1.930000,2006,"Radial Velocity",93.50150000
"HD 231701 b",13.70000000,359.14790000,141.63000000000,0.5670000000,0.130000,6101.00,1.210000,1.530000,2007,"Radial Velocity",108.87700000
"HIP 14810 b",13.00000000,1239.53700000,6.67389200000,0.0696000000,0.143990,5544.00,1.010000,1.070000,2005,"Radial Velocity",50.48000000
"HIP 14810 d",14.10000000,187.51970000,981.80000000000,1.9400000000,0.185000,5544.00,1.010000,1.070000,2009,"Radial Velocity",50.48000000
"HD 207832 b",14.20000000,177.98480000,160.07000000000,0.5860000000,0.197000,5726.00,1.050000,0.890000,2012,"Radial Velocity",58.92910000
"HD 37605 c",13.10000000,1013.87770000,2720.00000000000,3.7400000000,0.030000,5329.00,0.940000,0.910000,2012,"Radial Velocity",46.78640000
"HD 1605 c",13.00000000,1150.54460000,2149.00000000000,3.5840000000,0.099000,4915.00,1.330000,3.490000,2015,"Radial Velocity",88.80470000
"HD 55696 b",12.90000000,1357.12729789,1827.00000000000,3.1800000000,0.705000,6012.00,1.290000,1.520000,2018,"Radial Velocity",77.96930000
"HD 148164 c",12.80000000,1640.00280000,5062.00000000000,6.1500000000,0.125000,6032.00,1.210000,1.340000,2018,"Radial Velocity",77.19710000
"HD 211810 b",14.00000000,212.94610000,1558.00000000000,2.6560000000,0.680000,5652.00,1.030000,1.130000,2018,"Radial Velocity",64.63530000
"HD 221416 b",9.17000000,60.50000000,14.27670000000,0.1228000000,0.115000,5080.00,1.212000,2.943000,2019,"Transit",95.54830000
"Kepler-595 c",1.00900000,3.30000000,12.38602000000,0.0983000000,0.000000,5138.50,0.930000,0.821000,2020,"Transit",643.00900000
"Kepler-595 b",3.70800000,17.40000000,25.30290920000,0.1582000000,0.000000,5138.50,0.930000,0.821000,2016,"Transit",643.00900000
"PSR B1257+12 b",0.33800000,0.02000000,25.26200000000,0.1900000000,0.000000,,1.400000,,1994,"Pulsar Timing",600.00000000
"PSR B1257+12 c",1.91000000,4.30000000,66.54190000000,0.3600000000,0.018600,,1.400000,,1992,"Pulsar Timing",600.00000000
"OGLE-TR-211 b",15.24400000,327.35100000,3.67724000000,0.0510000000,0.000000,6325.00,1.330000,1.640000,2007,"Transit",1515.26000000
"Lupus-TR-3 b",9.97600000,257.43100000,3.91405000000,0.0464000000,0.000000,5000.00,0.870000,0.820000,2007,"Transit",773.40900000
"2MASS J04414489+2301513 b",12.60000000,2383.60000000,,15.0000000000,,2936.00,0.019000,0.231916,2010,"Imaging",120.42398696
"WASP-21 b",11.99000000,95.34500000,4.32248200000,0.0520000000,0.000000,5800.00,1.010000,1.060000,2010,"Transit",258.42600000
"CoRoT-10 b",10.87000000,874.00000000,13.24060000000,0.1055000000,0.530000,5075.00,0.890000,0.790000,2010,"Transit",338.38600000
"CoRoT-12 b",16.14000000,291.43800000,2.82804200000,0.0401600000,0.070000,5675.00,1.078000,1.116000,2010,"Transit",1126.37000000
"CoRoT-13 b",9.92000000,415.70400000,4.03519000000,0.0510000000,0.000000,5945.00,1.090000,1.010000,2010,"Transit",1148.93000000
"HD 285968 b",2.83000000,8.40000000,8.78360000000,0.0660000000,0.000000,3703.49,0.500000,0.478214,2008,"Radial Velocity",9.47045000
"HD 205739 b",13.60000000,435.41000000,279.80000000000,0.8960000000,0.270000,6176.00,1.220000,1.330000,2008,"Radial Velocity",92.50870000
"CoRoT-3 b",11.32000000,6883.91000000,4.25680000000,0.0578300000,0.000000,6740.00,1.370000,1.560000,2008,"Transit",768.77100000
"HD 16417 b",5.00000000,22.10000000,17.24000000000,0.1400000000,0.200000,5841.00,1.200000,1.639984,2008,"Radial Velocity",25.39360000
"AB Pic b",12.30000000,4290.50000000,,260.0000000000,,5285.00,0.900000,0.999394,2005,"Imaging",50.04750000
"CT Cha b",24.66000000,5403.00000000,,440.0000000000,,4403.00,,1.679694,2007,"Imaging",190.72000000
"HD 9446 b",14.00000000,222.47200000,30.05200000000,0.1890000000,0.200000,5793.00,1.000000,1.000000,2009,"Radial Velocity",50.35030000
"Kepler-4 b",4.00200000,24.47200000,3.21346000000,0.0456000000,0.000000,5857.00,1.223000,1.487000,2009,"Transit",487.91600000
"GJ 876 c",14.00000000,226.98460000,30.08810000000,0.1295900000,0.255910,3293.74,0.320000,0.300000,2000,"Radial Velocity",4.67517000
"HIP 79431 b",13.40000000,667.41500000,111.70000000000,0.3600000000,0.290000,3191.00,0.490000,0.478625,2009,"Radial Velocity",14.53240000
"TOI-907.01",9.61588510,67.00000000,4.58491290000,0.0552254810,,6272.00,1.069357,2.059789,2024,"Transit",312.52900000
"WASP-31 b",17.36300000,151.91600000,3.40590960000,0.0465900000,0.000000,6302.00,1.163000,1.252000,2010,"Transit",383.82900000
"24 Sex b",13.40000000,632.46000000,452.80000000000,1.3330000000,0.090000,5098.00,1.540000,4.900000,2010,"Radial Velocity",72.06910000
"WASP-37 b",13.00200000,572.07000000,3.57746900000,0.0446000000,0.000000,5800.00,0.925000,1.003000,2010,"Transit",392.79100000
"Kepler-9 d",1.64000000,8.41466053,1.59285100000,0.0273000000,0.000000,5777.00,1.070000,1.020000,2010,"Transit",628.25700000
"KOI-217 b",12.44200000,,3.90512000000,0.0477000000,0.000000,5545.00,0.950000,0.860000,2010,"Transit",914.69900000
"HD 90156 b",4.43000000,17.98000000,49.77000000000,0.2500000000,0.310000,5599.00,0.840000,0.920286,2011,"Radial Velocity",21.94960000
"HD 177830 c",7.87000000,47.67250000,110.90000000000,0.5137000000,0.300000,4949.00,1.470000,2.620000,2010,"Radial Velocity",62.76740000
"ups And b",14.00000000,218.53100000,4.61703300000,0.0592216600,0.021500,6156.77,1.300000,1.560000,1996,"Radial Velocity",13.40540000
"ups And d",12.50000000,3257.74117175,1276.46000000000,2.5132900000,0.298700,6156.77,1.300000,1.560000,1999,"Radial Velocity",13.40540000
"OGLE-2017-BLG-0373L b",14.00000000,127.00000000,,2.4240000000,,,0.248000,,2018,"Microlensing",5915.00000000
"Kepler-1737 b",5.39500000,25.10000000,64.61750031000,0.2970000000,0.000000,5043.00,0.834000,0.881000,2021,"Transit",
"K2-269 b",1.57000000,3.09000000,4.14496500000,0.0531000000,,6209.00,1.160000,1.450000,2018,"Transit",360.76000000
"TOI-1249 b",3.27103010,11.90000000,13.07915100000,0.1090000000,0.000000,5497.00,1.006200,0.978500,2024,"Transit",139.49000000
"Kepler-106 d",0.95000000,8.10000000,23.98020000000,0.1606300000,0.000000,5858.00,1.000000,1.040000,2014,"Transit",444.32200000
"Kepler-1031 b",0.87000000,0.59000000,1.22621732000,0.0218000000,0.000000,6011.00,1.090000,1.120000,2016,"Transit",682.88200000
"CD-35 2722 B b",13.90000000,292.40213444,171.11000000000,0.2000000000,0.270000,1800.00,0.035000,0.159000,2026,"Radial Velocity",
"Kepler-948 b",1.85000000,4.08000000,7.76846622000,0.0749000000,0.000000,5679.00,0.960000,0.940000,2016,"Transit",868.01700000
"OGLE-2014-BLG-0319L b",14.10000000,181.16219199,,3.4900000000,,,0.520000,,2022,"Microlensing",7730.00000000
"OGLE-2018-BLG-1011L b",13.50000000,570.00000000,,1.8000000000,,,0.180000,,2019,"Microlensing",7100.00000000
"WASP-61 b",15.80469000,851.78440000,3.85590000000,0.0521000000,0.000000,6250.00,1.820000,1.550000,2012,"Transit",488.66000000
"KMT-2022-BLG-0303L b",14.20000000,163.04597279,,4.8100000000,,,0.368000,,2024,"Microlensing",6570.00000000
"OGLE-2019-BLG-0954L b",12.30000000,4513.16337940,,2.6500000000,,,0.800000,,2021,"Microlensing",3630.00000000
"WASP-123 b",15.13212395,285.72917000,2.97764359000,0.0426300000,0.000000,5740.00,1.166000,1.285000,2016,"Transit",197.99600000
"Kepler-1882 b",1.48674404,2.81000000,13.78730011000,0.1163600000,0.000000,5691.00,1.068000,1.458000,2021,"Transit",443.37100000
"KOI-984 b",4.30000000,17.10000000,4.28817850000,0.0504000000,0.120000,5295.00,0.928000,0.818000,2022,"Transit",252.66700000
"Kepler-1573 b",1.20000000,1.87000000,2.61575540000,0.0364000000,0.000000,5808.00,1.010000,1.000000,2016,"Transit",1455.36000000
"Kepler-802 b",3.54000000,12.30000000,40.05874730000,0.2265000000,0.000000,5507.00,0.930000,0.900000,2016,"Transit",780.58500000
"KMT-2023-BLG-1454L b",14.10000000,200.23189641,,1.1800000000,,,0.170000,,2024,"Microlensing",7220.00000000
"Kepler-1440 b",1.26000000,2.13000000,39.85948400000,0.2343100000,0.000000,5698.00,0.980000,0.960000,2016,"Transit",1115.35000000
"WASP-130 b",9.97601000,390.93090000,11.55098000000,0.1012000000,0.000000,5625.00,1.040000,0.960000,2016,"Transit",172.25600000
"OGLE-2017-BLG-1049L b",12.80000000,1760.00000000,,3.9200000000,,,0.550000,,2020,"Microlensing",5670.00000000
"Kepler-949 b",2.91000000,8.80000000,8.68930729600,0.0773900000,0.000000,5403.00,0.890000,0.860000,2016,"Transit",486.10500000
"Kepler-1964 b",1.78105870,3.83000000,2.44082999200,0.0322000000,0.000000,4803.00,0.752000,0.698000,2021,"Transit",
"KMT-2023-BLG-1592L b",14.10000000,184.34047606,,3.9000000000,,,0.550000,,2026,"Microlensing",7200.00000000
"OGLE-2019-BLG-0362L b",13.10000000,1036.12060682,,2.1800000000,,,0.420000,,2022,"Microlensing",5830.00000000
"KMT-2017-BLG-1057L b",5.19000000,23.50000000,,2.3600000000,,,0.570000,,2024,"Microlensing",6500.00000000
"KMT-2025-BLG-1616L b",7.34000000,42.32000000,,1.6000000000,,,0.260000,,2026,"Microlensing",7500.00000000
"Wolf 327 b",1.24000000,2.53000000,0.57347450000,0.0100000000,0.000000,3542.00,0.405000,0.406000,2024,"Transit",28.53210000
"Kepler-62 f",1.41000000,35.00000000,267.29100000000,0.7180000000,0.000000,4925.00,0.690000,0.640000,2013,"Transit",300.87400000
"WASP-53 c",,5196.52050000,2840.00000000000,3.7300000000,0.836900,4953.00,0.839000,0.798000,2017,"Radial Velocity",201.33800000
"KMT-2023-BLG-1743L b",12.10000000,6356.56814000,,1.1600000000,,,0.110000,,2024,"Microlensing",7130.00000000
"TOI-5789 c",2.86000000,5.00000000,12.92774800000,0.1009000000,0.067000,5185.00,0.821000,0.833000,2026,"Transit",20.45810000
"MOA-2019-BLG-008L b",12.20000000,5720.91132600,,,,,0.900000,,2022,"Microlensing",2700.00000000
"OGLE-2016-BLG-1598L b",13.60000000,120.77479466,,2.5000000000,,,0.550000,,2024,"Microlensing",5910.00000000
"OGLE-2017-BLG-1275L b",12.80000000,1875.18760130,,2.0900000000,,,0.630000,,2024,"Microlensing",7690.00000000
"HATS-44 b",11.96000300,177.98480000,2.74390040000,0.0364900000,0.279000,5080.00,0.860000,0.847000,2018,"Transit",446.03500000
"HD 160691 b",,1366.66215010,645.00000000000,1.5000000000,0.050500,5773.00,1.130000,1.330000,2000,"Radial Velocity",15.59810000
"Kepler-132 b",1.21000000,1.92000000,6.17819600000,0.0670000000,0.000000,6003.00,0.929000,1.178000,2014,"Transit",349.54900000
"KMT-2021-BLG-0192L b",6.56000000,34.96112477,,1.6200000000,,,0.270000,,2022,"Microlensing",5120.00000000
"Kepler-49 b",2.57900000,9.77000000,7.20000000000,0.0592900000,0.000000,4095.60,0.607000,0.618000,2012,"Transit",311.22200000
"KMT-2016-BLG-2364L b",13.00000000,1250.00000000,,2.6300000000,,,0.500000,,2020,"Microlensing",6440.00000000
"Kepler-218 c",3.14000000,10.00000000,44.69957600000,0.2480000000,0.000000,5502.00,1.019000,1.063000,2014,"Transit",656.38000000
"GJ 328 c",4.91000000,21.40000000,241.80000000000,0.6570000000,,3897.00,0.650000,0.630000,2023,"Radial Velocity",20.52660000
"K2-212 b",2.65000000,7.51000000,9.79564700000,0.0785000000,,4349.00,0.622000,0.678000,2018,"Transit",109.21800000
"KMT-2022-BLG-1818L c",13.20000000,114.41822652,,12.6000000000,,,0.790000,,2026,"Microlensing",5300.00000000
"Qatar-8 b",14.40356500,117.91493000,3.71495000000,0.0474000000,0.000000,5738.00,1.029000,1.315000,2019,"Transit",281.49800000
"KMT-2018-BLG-0885L b",11.90000000,9217.02380300,,1.0700000000,,,0.290000,,2023,"Microlensing",6890.00000000
"KMT-2016-BLG-2321L b",13.80000000,301.93698665,,3.5800000000,,,0.730000,,2024,"Microlensing",3580.00000000
"Kepler-74 b",10.76000000,200.22000000,7.34071100000,0.0781000000,0.000000,6000.00,1.180000,1.120000,2013,"Transit",1177.55000000
"OGLE-2017-BLG-0482L b",2.95000000,9.00000000,,1.8000000000,,,0.200000,,2018,"Microlensing",5800.00000000
"PSR B0329+54 b",1.22000000,1.97000000,10140.00000000000,10.2600000000,0.236000,,1.440000,,2017,"Pulsar Timing",504.93312058
"K2-140 b",13.56286665,295.58041851,6.56918800000,0.0680000000,0.000000,5585.00,0.960000,1.060000,2017,"Transit",347.91700000
"HD 184010 c",11.80000000,95.34852210,484.30000000000,1.3340000000,0.000000,4971.00,1.350000,4.860000,2022,"Radial Velocity",60.79930000
"EPIC 201595106 b",1.56500000,7.67000000,0.87724000000,0.0177000000,0.000000,5679.00,0.958000,0.980000,2021,"Transit",232.10000000
"TOI-1203 e",7.31000000,42.10000000,204.59000000000,,0.152000,5737.00,0.886000,1.179000,2025,"Radial Velocity",64.99430000
"Kepler-1503 b",2.27000000,5.77000000,96.16987000000,0.3771000000,0.000000,5069.00,0.770000,0.740000,2016,"Transit",1225.57000000
"Kepler-1781 b",2.38091029,6.26000000,4.88752985000,0.0574000000,0.000000,5568.00,1.053000,0.957000,2021,"Transit",962.63000000
"Kepler-57 c",2.19600000,6.86000000,11.60000000000,0.0958800000,0.072500,5187.90,0.859000,0.826000,2012,"Transit",644.14000000
"Kepler-1124 b",1.28000000,2.18000000,2.85234897500,0.0305000000,0.000000,3658.00,0.350000,0.340000,2016,"Transit",289.89900000
"Kepler-1581 b",0.80000000,0.43700000,6.28385491000,0.0686500000,0.000000,6022.00,1.120000,1.230000,2016,"Transit",493.17500000
"K2-136 c",3.00000000,18.10000000,17.30723000000,0.1185000000,0.047000,4500.00,0.742000,0.677000,2017,"Transit",59.24740000
"HD 39091 b",12.30000000,4481.38053870,2088.80000000000,3.2800000000,0.642000,5998.00,1.070000,1.170000,2001,"Radial Velocity",18.27020000
"LHS 1815 b",1.08800000,1.58000000,3.81433400000,0.0404000000,0.000000,3643.00,0.502000,0.501000,2020,"Transit",29.84240000
"Kepler-464 b",3.30000000,10.90000000,7.25696522400,0.0793100000,0.000000,5933.00,1.210000,1.590000,2016,"Transit",667.60400000
"Kepler-1580 b",2.11000000,5.10000000,56.64492790000,0.3357100000,0.000000,6228.00,1.470000,2.150000,2016,"Transit",1002.02000000
"Kepler-198 d",1.53000000,2.96000000,1.31184443000,0.0234200000,0.000000,5636.00,0.970000,0.930000,2016,"Transit",495.35800000
"HD 50554 b",12.80000000,1859.29618095,1240.00000000000,2.3390000000,0.482000,6050.00,1.100000,1.020000,2002,"Radial Velocity",31.16640000
"HD 73267 c",12.80000000,1630.77755632,17071.78045000000,12.6880000000,0.089000,5387.00,0.930000,0.909000,2022,"Radial Velocity",50.40930000
"Kepler-580 b",2.57000000,7.13000000,8.22241965600,0.0683000000,0.000000,4298.00,0.670000,0.640000,2016,"Transit",323.89900000
"KOI-12 b",13.78707000,349.61300000,17.85518200000,0.1540000000,0.340000,6635.00,1.500000,1.400000,2015,"Transit",399.39800000
"Kepler-637 b",4.75000000,20.20000000,23.20584623000,0.1661900000,0.000000,6096.00,1.640000,2.560000,2016,"Transit",786.09100000
"HD 29985 b",12.80000000,1739.47487151,20608.14049000000,13.3900000000,0.261000,4678.00,0.750000,0.574666,2022,"Radial Velocity",31.27070000
"HD 165155 b",13.20000000,918.52870000,434.50000000000,1.1300000000,0.200000,5426.00,1.020000,0.950000,2016,"Radial Velocity",63.35740000
"HD 22946 d",2.60700000,26.57000000,47.42489000000,0.2958000000,,6169.00,1.098000,1.117000,2023,"Transit",62.77920000
"Kepler-1697 b",1.25954761,2.12000000,33.49690000000,0.2008000000,0.000000,4681.53,0.747000,0.772344,2020,"Transit",247.77100000
"Kepler-674 b",1.69000000,3.50000000,2.24338184700,0.0280000000,0.000000,4192.00,0.600000,0.570000,2016,"Transit",342.25400000
"Kepler-873 b",3.75000000,13.50000000,20.55338440000,0.1542000000,0.000000,6163.00,1.180000,1.270000,2016,"Transit",1182.22000000
"Kepler-783 b",0.78000000,0.39900000,4.29264638000,0.0495800000,0.000000,5521.00,0.930000,0.890000,2016,"Transit",516.09000000
"HD 31527 c",3.85000000,14.16000000,51.20530000000,0.2663000000,0.040000,5898.00,0.960000,1.073694,2019,"Radial Velocity",38.44730000
"Kepler-1955 b",1.16654878,1.69000000,14.26519966000,0.1195900000,0.000000,5825.00,1.049000,1.291000,2021,"Transit",449.35100000
"Kepler-1684 b",2.87084792,8.60000000,47.70550000000,0.2253000000,0.000000,4706.54,0.750000,0.666755,2020,"Transit",621.99600000
"Kepler-322 c",1.67000000,3.43000000,4.33723400000,0.0510000000,0.000000,5388.00,0.908000,0.890000,2014,"Transit",400.48000000
"Qatar-5 b",12.40836300,1373.02560000,2.87923190000,0.0412700000,0.000000,5747.00,1.128000,1.076000,2017,"Transit",367.65800000
"Kepler-399 c",1.43000000,2.63000000,26.67569000000,0.1550000000,0.000000,5502.00,0.902000,0.680000,2014,"Transit",740.53700000
"DMPP-2 c",8.26000000,51.79000000,3.16800000000,0.0478900000,0.280000,6500.00,1.410000,1.780000,2026,"Radial Velocity",137.94000000
"TOI-1062 b",2.26500000,10.15000000,4.11296000000,0.0520000000,0.177000,5328.00,0.940000,0.840000,2021,"Transit",82.17330000
"TOI-1759 b",3.14000000,10.80000000,18.85019000000,0.1177000000,0.000000,4065.00,0.606000,0.597000,2022,"Transit",40.06540000
"TOI-2285 b",1.77000000,19.50000000,13.63510900000,0.1363000000,0.300000,3491.00,0.454000,0.464000,2021,"Transit",42.40900000
"Kepler-546 b",7.00000000,39.10000000,4.14702025800,0.0502000000,0.000000,5967.00,1.110000,1.150000,2016,"Transit",1019.65000000
"Kepler-682 b",7.37000000,42.60000000,12.61190667200,0.1058000000,0.000000,5559.00,0.920000,0.890000,2016,"Transit",1979.25000000
"TOI-220 b",3.03000000,13.80000000,10.69526400000,0.0891100000,0.032000,5298.00,0.825000,0.858000,2021,"Transit",90.74020000
"TOI-5624 f",3.66000000,13.00000000,45.37000000000,0.2366000000,0.000000,5327.00,0.858000,0.820000,2026,"Transit Timing Variations",101.91300000
"Kepler-242 b",2.61000000,7.32000000,8.20395000000,0.0750000000,0.000000,5020.00,0.748000,0.850000,2014,"Transit",600.24100000
"Kepler-258 b",4.06000000,15.50000000,13.19722000000,0.1030000000,0.000000,4942.00,0.820000,0.915000,2014,"Transit",575.98800000
"TOI-4898 b",3.71979540,13.40000000,2.76520470167,,,4201.57,0.619077,0.639344,2026,"Transit",98.59580000
"Kepler-1292 b",1.82000000,3.97000000,3.27646405000,0.0443000000,0.000000,5556.00,0.950000,0.930000,2016,"Transit",1493.43000000
"HD 128717 b",12.10000000,6293.00245860,3420.00000000000,4.8500000000,0.850000,6210.00,1.212000,1.248000,2025,"Astrometry",73.63600000
"TOI-3278 b",13.89913607,95.34852210,3.24645600000,0.0430000000,0.000000,5720.00,1.040000,1.390000,2026,"Transit",904.75200000
"Kepler-103 b",3.48570000,11.67000000,15.96532870000,0.1330000000,0.171000,6047.00,1.212000,1.492000,2014,"Transit",494.83200000
"TOI-4492 b",11.78063872,1881.54416944,4.43318240000,0.0535000000,,5711.00,1.067000,1.222000,2026,"Transit",143.18400000
"pi Men d",3.72000000,13.38000000,124.64000000000,0.5060000000,0.220000,5998.00,1.070000,1.190000,2022,"Radial Velocity",18.27020000
"Kepler-1058 b",2.72000000,7.85000000,110.96546000000,0.3679000000,0.000000,4644.00,0.730000,0.690000,2016,"Transit",491.99700000
"Kepler-160 b",1.71500000,3.59000000,4.30939700000,0.0551100000,0.000000,5471.00,1.003000,1.118000,2014,"Transit",937.01300000
"Kepler-1365 b",0.92000000,0.72100000,7.69993485000,0.0783900000,0.000000,5770.00,1.000000,1.050000,2016,"Transit",840.12800000
"Kepler-346 c",3.07000000,9.64000000,23.85154900000,0.1680000000,0.000000,6033.00,0.943000,1.021000,2014,"Transit",984.10500000
"Kepler-1489 b",1.77000000,3.78000000,82.29475100000,0.3679000000,0.000000,5655.00,0.930000,0.900000,2016,"Transit",1283.05000000
"Kepler-1126 b",1.73000000,3.64000000,108.59332900000,0.4125100000,0.000000,5798.00,0.920000,0.930000,2016,"Transit",635.73600000
"Kepler-1914 b",2.94298030,8.97000000,30.82789993000,0.1954000000,0.000000,5982.00,1.047000,0.960000,2021,"Transit",1621.56000000
"HATS-43 b",13.22662000,82.95363000,4.38884970000,0.0494400000,0.173000,5099.00,0.837000,0.812000,2018,"Transit",362.27300000
"Kepler-685 b",10.58000000,78.80000000,1.62552220000,0.0265000000,0.000000,5963.00,1.110000,1.160000,2016,"Transit",938.71500000
"Kepler-1303 b",1.42000000,2.60000000,7.56127224000,0.0751000000,0.000000,5771.00,1.010000,1.000000,2016,"Transit",897.78300000
"Kepler-1016 b",2.18000000,5.39000000,1.95452434200,0.0304400000,0.000000,5821.00,0.990000,1.000000,2016,"Transit",1402.82000000
"HIP 54373 c",3.57000000,12.44000000,15.14400000000,0.0990000000,0.200000,4021.00,0.570000,0.564998,2019,"Radial Velocity",18.71680000
"L 363-38 b",2.00000000,4.67000000,8.78100000000,0.0480000000,,3129.00,0.210000,0.274000,2023,"Radial Velocity",10.22950000
"HAT-P-46 b",14.39200000,156.68400000,4.46312900000,0.0577000000,0.123000,6120.00,1.284000,1.396000,2014,"Transit",290.73600000
"K2-396 c",3.12400000,9.93000000,25.76051000000,,,5236.00,0.954000,0.920000,2022,"Transit",274.86400000
"TOI-1107 b",14.57167491,1064.72516345,4.07823870000,0.0561000000,0.025000,6311.00,1.350000,1.810000,2022,"Transit",281.31400000
"KOI-319 c",11.90000000,8803.84687390,80.09900000000,,0.032000,5880.00,1.325000,2.064000,2014,"Transit Timing Variations",660.13800000
"Kepler-1992 b",0.91000000,0.69300000,15.61122380000,0.1169000000,0.000000,5383.00,0.874000,0.842000,2023,"Transit",532.95500000
"Kepler-134 b",2.00000000,4.66000000,5.31742900000,0.0600000000,0.000000,5983.00,0.956000,1.176000,2014,"Transit",334.79700000
"TOI-912 b",1.93000000,5.10000000,4.67806910000,0.0410000000,0.580000,3572.00,0.418000,0.419000,2025,"Transit",26.10720000
"TOI-913 b",2.45280000,6.59000000,11.09864400000,,,4969.00,0.820000,0.732500,2023,"Transit",65.17690000
"TOI-1105 b",3.05823658,9.58000000,10.86818410933,,,4678.46,0.740000,0.755833,2026,"Transit",79.52250000
"Kepler-559 b",3.61000000,12.70000000,17.58752333000,0.1277000000,0.000000,5630.00,0.960000,0.950000,2016,"Transit",776.70800000
"WASP-34 b",11.20900000,177.98480000,4.31768000000,0.0524000000,0.040000,5700.00,0.960000,0.910000,2010,"Transit",132.09600000
"Kepler-1426 b",1.56000000,3.05000000,14.25632270000,0.1187000000,0.000000,5831.00,1.020000,1.020000,2016,"Transit",1697.81000000
"OGLE-2014-BLG-0676L b",13.10000000,988.44634577,,2.0400000000,,,0.600000,,2016,"Microlensing",1880.00000000
"Kepler-156 b",2.30000000,5.90000000,4.97345600000,0.0540000000,0.000000,5094.00,0.864000,0.807000,2014,"Transit",443.48300000
"HATS-64 b",18.81991100,305.11680000,4.90889700000,0.0656200000,0.151000,6554.00,1.564000,2.113000,2018,"Transit",1080.15000000
"Kepler-610 b",4.19000000,16.30000000,6.99692655400,0.0719000000,0.000000,5943.00,1.100000,1.130000,2016,"Transit",845.82400000
"TOI-2322 c",1.87400000,18.10000000,20.22552800000,0.1362000000,0.000000,4664.00,0.703000,0.662000,2025,"Transit",59.86100000
"TOI-2322 b",0.99400000,2.31000000,11.30717000000,0.0924000000,0.000000,4664.00,0.703000,0.662000,2025,"Transit",59.86100000
"Kepler-524 c",0.96000000,0.84000000,1.88897906000,0.0304600000,0.000000,6014.00,1.090000,1.100000,2016,"Transit",1058.24000000
"Kepler-398 c",1.01000000,1.01000000,11.41941200000,0.0870000000,0.000000,4493.00,0.649000,0.613000,2014,"Transit",177.35500000
"Kepler-1916 b",2.61757235,7.35000000,31.25429916000,0.2053000000,0.000000,6246.00,1.180000,1.092000,2021,"Transit",2055.82000000
"TIC 320419023 b",2.77280763,8.11000000,5.26375651589,,,5703.36,1.056000,0.952319,2026,"Transit",288.89300000
"HD 108236 f",2.01700000,4.72000000,29.54115000000,0.1758000000,0.051000,5660.00,0.869000,0.877000,2021,"Transit",64.59780000
"Kepler-1617 b",1.20000000,1.87000000,27.47855720000,0.1770700000,0.000000,6167.00,1.150000,1.220000,2016,"Transit",898.31000000
"HD 206893 c",16.36511182,3527.89531770,2290.00000000000,3.7400000000,0.283000,6500.00,1.310000,1.311160,2022,"Imaging",40.75830000
"TOI-4527.01",0.90866170,0.68900000,0.39944450000,0.0083323530,,3702.00,0.483901,0.485948,2024,"Transit",18.10370000
"K2-255 b",2.90000000,8.75000000,1.96417000000,0.0274000000,,4676.00,0.710000,0.690000,2018,"Transit",191.60800000
"Kepler-1678 b",3.30422249,10.90000000,147.97400000000,0.5302000000,0.000000,5754.00,1.030000,0.834976,2020,"Transit",847.33900000
"HD 224018 b",0.91000000,4.10000000,10.64130000000,0.0952000000,0.060000,5784.00,1.013000,1.147000,2025,"Radial Velocity",105.48000000
"Kepler-1334 b",2.29000000,5.86000000,15.64591713000,0.1229000000,0.000000,5614.00,0.940000,0.910000,2016,"Transit",1223.04000000
"Kepler-480 b",2.78000000,8.15000000,4.91958379500,0.0602400000,0.000000,6322.00,1.250000,1.340000,2016,"Transit",847.50800000
"Kepler-1382 b",1.88000000,4.19000000,16.35830550000,0.1402300000,0.000000,6161.00,1.360000,1.720000,2016,"Transit",738.26100000
"TOI-2068 b",1.82100000,3.97000000,7.76891500000,0.0632000000,,3710.00,0.559000,0.535000,2024,"Transit",52.93280000
"Kepler-1030 b",2.48000000,6.71000000,19.32952416000,0.1338000000,0.000000,4983.00,0.800000,0.760000,2016,"Transit",758.70200000
"HD 153950 b",13.20000000,937.59850000,499.39999000000,1.2800000000,0.340000,6124.00,1.250000,1.280000,2008,"Radial Velocity",48.45490000
"CoRoT-11 b",16.03000000,740.51000000,2.99433000000,0.0436000000,0.000000,6440.00,1.270000,1.370000,2010,"Transit",655.03700000
"TOI-286 c",1.88000000,3.72000000,39.36182600000,0.2130000000,0.000000,5152.00,0.832000,0.780000,2024,"Transit",59.22930000
"TOI-1806.01",3.40953670,11.50000000,15.14546930000,0.0877350440,,3272.00,0.392935,0.401575,2024,"Transit",55.52110000
"TOI-4443.01",1.71932650,3.60000000,1.84985670000,0.0299626450,,5834.00,1.049133,1.017330,2024,"Transit",56.07390000
"K2-141 c",7.00000000,8.00000000,7.74850000000,0.0683000000,0.092000,4570.00,0.708000,0.681000,2018,"Transit",61.87360000
"K2-232 b",11.20900000,126.49634000,11.16845400000,0.1035600000,0.258000,6154.00,1.188000,1.161000,2018,"Transit",130.72000000
"GJ 1132 c",1.52000000,2.91000000,8.92900000000,0.0476000000,0.190000,3090.00,0.198000,0.226000,2018,"Radial Velocity",12.61300000
"55 Cnc b",13.90000000,263.97850000,14.65155200000,0.1180000000,0.002900,5198.00,1.015000,0.980000,1996,"Radial Velocity",12.58550000
"55 Cnc c",8.51000000,54.47380000,44.39360000000,0.2470000000,0.088000,5198.00,1.015000,0.980000,2004,"Radial Velocity",12.58550000
"55 Cnc d",13.00000000,1232.49300000,4799.00000000000,5.6000000000,0.091300,5198.00,1.015000,0.980000,2002,"Radial Velocity",12.58550000
"55 Cnc e",1.87500000,7.99000000,0.73654740000,0.0154400000,0.050000,5172.00,0.905000,0.943000,2004,"Radial Velocity",12.58550000
"55 Cnc f",7.59000000,44.81200000,260.58000000000,0.8020000000,0.063000,5198.00,1.015000,0.980000,2007,"Radial Velocity",12.58550000
"GJ 1214 b",2.73300000,8.41000000,1.58040453100,0.0150500000,0.006200,3101.00,0.182000,0.216200,2009,"Transit",14.64270000
"GJ 436 b",4.17000000,22.10000000,2.64388312000,0.0291000000,0.138270,3586.11,0.470000,0.455000,2004,"Radial Velocity",9.75321000
"HAT-P-12 b",10.74900000,67.05900000,3.21305980000,0.0384000000,0.000000,4650.00,0.733000,0.701000,2009,"Transit",142.75100000
"HAT-P-13 b",14.25800000,270.46200000,2.91625000000,0.0438300000,0.013300,5653.00,1.320000,1.756000,2009,"Transit",246.81000000
"HAT-P-13 c",12.30000000,4538.42100000,446.27000000000,1.2580000000,0.661600,5653.00,1.320000,1.756000,2009,"Radial Velocity",246.81000000
"HAT-P-14 b",15.91678000,1093.33520000,4.62767000000,0.0596000000,0.110000,6600.00,2.650000,1.820000,2010,"Transit",222.66300000
"HAT-P-17 b",11.76945000,184.34140000,10.33852000000,0.0892000000,0.350000,5246.00,0.990000,0.870000,2012,"Transit",92.38310000
"HAT-P-17 c",13.10000000,1080.60000000,5584.00000000000,5.6000000000,0.390000,5336.96,0.920000,0.838682,2012,"Radial Velocity",92.38310000
"HAT-P-18 b",10.70457657,55.52462270,5.50802910000,0.0559000000,0.030000,4870.00,0.770000,0.717000,2010,"Transit",161.40000000
"HAT-P-1 b",14.78467100,166.86075000,4.46529976000,0.0556100000,0.000000,5980.00,1.151000,1.174000,2006,"Transit",158.97900000
"HAT-P-26 b",7.06167000,22.24810000,4.23452000000,0.0474800000,0.120000,5079.00,1.120000,0.870000,2010,"Transit",141.83700000
"HAT-P-30 b",16.14096000,263.79890000,2.81060000000,0.0419000000,0.040000,6304.00,1.550000,1.310000,2011,"Transit",213.98500000
"HAT-P-32 b",22.19382000,216.12440000,2.15000820000,0.0339700000,0.159000,6001.00,1.132000,1.367000,2011,"Transit",289.20500000
"HD 149026 b",8.29466000,120.77540000,2.87589000000,0.0436400000,0.000000,6179.00,1.420000,1.410000,2005,"Radial Velocity",75.86430000
"HD 189733 b",12.66617000,359.14790000,2.21857567000,0.0312600000,0.000000,5052.00,0.790000,0.750000,2005,"Radial Velocity",19.76380000
"HD 209458 b",15.58051000,232.01590000,3.52474859000,0.0470700000,0.000000,6091.00,1.230000,1.190000,1999,"Radial Velocity",48.30160000
"HD 80606 b",11.56766808,1323.46926959,111.43676500000,0.4603000000,0.931830,5565.00,1.050000,1.050000,2001,"Radial Velocity",66.47110000
"HD 86226 b",14.30000000,143.02350000,1628.00000000000,2.7300000000,0.059000,5863.00,1.019000,1.053000,2009,"Radial Velocity",45.68300000
"TrES-4 b",18.04649000,247.90740000,3.55395000000,0.0508400000,0.000000,6200.00,1.080000,1.660000,2007,"Transit",515.98000000
"WASP-12 b",22.02564708,467.21010000,1.09141890100,0.0234000000,0.044700,6265.00,1.325000,1.690000,2008,"Transit",427.24600000
"WASP-15 b",15.80469000,171.62820000,3.75210000000,0.0516500000,0.000000,6300.00,1.180000,1.480000,2009,"Transit",282.09100000
"WASP-17 b",20.96083000,247.90740000,3.73543000000,0.0515000000,0.000000,6550.00,2.280000,1.490000,2009,"Transit",405.90800000
"WASP-18 b",13.89913607,3241.84975140,0.94145223000,0.0202400000,0.005100,6432.00,1.294000,1.319000,2009,"Transit",123.48300000
"WASP-19 b",15.86070769,366.77398168,0.78883852000,0.0165200000,0.012600,5616.00,0.965000,1.006000,2009,"Transit",268.32500000
"WASP-25 b",13.80946422,179.25522155,3.76483370000,0.0473000000,0.000000,5697.00,0.962000,0.884000,2010,"Transit",211.41600000
"WASP-39 b",14.33631100,89.31023000,4.05529410000,0.0482800000,0.000000,5485.00,0.913000,0.939000,2011,"Transit",213.98200000
"WASP-43 b",10.42400000,565.71400000,0.81347500000,0.0142000000,0.000000,4400.00,0.580000,0.600000,2011,"Transit",86.74670000
"WASP-6 b",12.54284940,148.42586607,3.36100260000,0.0421700000,0.054000,5438.00,0.854000,0.790000,2009,"Transit",197.11900000
"GJ 3470 b",4.57000000,13.90000000,3.33664960000,0.0355000000,0.017000,3600.00,0.539000,0.547000,2012,"Radial Velocity",29.42140000
"WASP-47 b",12.86000000,374.00000000,4.15915100000,0.0520000000,0.000600,5565.00,1.058000,1.156000,2012,"Transit",264.78000000
"WASP-63 b",15.80469000,117.59710000,4.37808000000,0.0574000000,0.000000,5550.00,1.280000,1.860000,2012,"Transit",290.68400000
"WASP-52 b",14.24000000,146.20000000,1.74977980000,0.0272000000,0.000000,5000.00,0.870000,0.790000,2012,"Transit",174.81800000
"WASP-77 A b",13.56000000,529.31142902,1.36002939500,0.0232336330,0.013530,5617.00,0.903000,0.910000,2012,"Transit",105.16600000
"WASP-80 b",11.19779100,170.99254000,3.06785234000,0.0344000000,0.002000,4143.00,0.577000,0.586000,2012,"Transit",49.78760000
"WASP-103 b",17.12700000,473.54700000,0.92554200000,0.0198500000,0.000000,6110.00,1.220000,1.436000,2014,"Transit",375.64700000
"WASP-96 b",13.45000000,152.55000000,3.42526020000,0.0453000000,0.000000,5540.00,1.060000,1.050000,2014,"Transit",352.46400000
"WASP-94 A b",17.71022000,158.91500000,3.95019000000,0.0550000000,0.000000,6170.00,1.670000,1.480000,2014,"Transit",211.21100000
"WASP-94 B b",14.10000000,196.41100000,2.00839000000,0.0335000000,0.000000,6040.00,1.240000,1.350000,2014,"Radial Velocity",208.69600000
"WASP-69 b",11.21000000,82.58000000,3.86813881000,0.0453000000,0.000000,4792.00,0.830000,0.801000,2014,"Transit",49.96050000
"WASP-84 b",10.72000000,220.00000000,8.52349648000,0.0778000000,0.000000,5280.00,0.853000,0.768000,2014,"Transit",100.58800000
"WASP-20 b",15.46839337,98.84100000,4.89964477000,0.0599900000,0.000000,5940.00,1.200000,1.242000,2015,"Transit",211.87700000
"HATS-6 b",11.18658200,101.38777000,3.32527250000,0.0362300000,0.000000,3724.00,0.574000,0.570000,2015,"Transit",169.31800000
"KELT-7 b",17.93440000,441.78370000,2.73477000000,0.0441500000,0.000000,6768.00,1.760000,1.810000,2015,"Transit",136.68100000
"K2-18 b",2.37000000,8.92000000,32.93962300000,0.1429000000,0.200000,3457.00,0.359000,0.411000,2015,"Transit",38.02660000
"KELT-8 b",18.15858000,209.76780000,3.24406000000,0.0455000000,0.040000,5754.00,0.810000,1.460000,2015,"Transit",197.57200000
"K2-22 b",2.30000000,444.96200000,0.38107300000,0.0090000000,0.190000,3879.00,0.595292,0.580000,2015,"Transit",243.83600000
"WASP-47 c",,447.00000000,589.57000000000,1.3930000000,0.264000,5565.00,1.058000,1.156000,2015,"Radial Velocity",264.78000000
"WASP-47 d",3.65000000,15.50000000,9.03050100000,0.0850000000,0.001000,5565.00,1.058000,1.156000,2015,"Transit",264.78000000
"WASP-47 e",1.83000000,9.00000000,0.78961000000,0.0167300000,0.000000,5565.00,1.058000,1.156000,2015,"Transit",264.78000000
"GJ 1132 b",1.19151465,1.83704819,1.62892911000,0.0157000000,0.011800,3229.00,0.194500,0.221100,2015,"Transit",12.61300000
"WASP-76 b",20.78145022,284.13859586,1.80988198000,0.0330000000,0.000000,6329.00,1.458000,1.756000,2016,"Transit",194.45900000
"KELT-4 A b",19.04409100,286.68266000,2.98959320000,0.0431700000,0.000000,6206.00,1.201000,1.603000,2016,"Transit",218.05000000
"TRAPPIST-1 b",1.11600000,1.37400000,1.51082600000,0.0115400000,0.006220,2566.00,0.089800,0.119200,2016,"Transit",12.42988881
"TRAPPIST-1 c",1.09700000,1.30800000,2.42193700000,0.0158000000,0.006540,2566.00,0.089800,0.119200,2016,"Transit",12.42988881
"TRAPPIST-1 d",0.78800000,0.38800000,4.04921900000,0.0222700000,0.008370,2566.00,0.089800,0.119200,2016,"Transit",12.42988881
"K2-34 b",13.75000000,539.67534000,2.99563480000,0.0442000000,0.000000,6168.00,1.160000,1.420000,2016,"Transit",348.64600000
"WASP-121 b",19.52604438,371.85923619,1.27492504000,0.0257100000,0.008500,6628.00,1.330000,1.461000,2016,"Transit",269.89800000
"HIP 41378 b",2.64000000,6.90000000,15.57209000000,0.1303000000,0.050000,6290.00,1.220000,1.300000,2016,"Transit",106.28900000
"HIP 41378 c",2.74000000,5.97000000,31.70591000000,0.2093000000,0.044000,6290.00,1.220000,1.300000,2016,"Transit",106.28900000
"HIP 41378 d",3.65000000,6.53000000,278.36180000000,1.1700000000,0.063000,6290.00,1.220000,1.300000,2016,"Transit",106.28900000
"HIP 41378 e",5.19000000,7.62000000,393.00000000000,0.6800000000,0.065000,6290.00,1.220000,1.300000,2016,"Transit",106.28900000
"HIP 41378 f",9.47000000,25.00000000,542.07970000000,1.3940000000,0.052000,6290.00,1.220000,1.300000,2016,"Transit",106.28900000
"HD 3167 b",1.60100000,4.84400000,0.95965451000,0.0181400000,0.000000,5338.00,0.864000,0.871000,2016,"Transit",47.28990000
"HD 3167 c",2.98300000,11.41000000,29.84651100000,0.1794000000,0.040000,5338.00,0.864000,0.871000,2016,"Transit",47.28990000
"HAT-P-65 b",18.05766791,176.07693748,2.60544751000,0.0404200000,0.304000,5872.00,1.297000,1.666000,2016,"Transit",738.51900000
"WASP-131 b",13.74221034,86.76715511,5.32201250000,0.0608000000,0.000000,5990.00,1.060000,1.561000,2016,"Transit",200.07500000
"WASP-139 b",8.96720000,37.18611000,5.92426200000,0.0620000000,0.000000,5310.00,0.920000,0.800000,2016,"Transit",212.47200000
"WASP-127 b",14.69499900,52.34660100,4.17806203000,0.0484000000,0.000000,5620.00,0.950000,1.333000,2016,"Transit",159.50700000
"TRAPPIST-1 e",0.92000000,0.69200000,6.10101300000,0.0292500000,0.005100,2566.00,0.089800,0.119200,2017,"Transit",12.42988881
"TRAPPIST-1 f",1.04500000,1.03900000,9.20754000000,0.0384900000,0.010070,2566.00,0.089800,0.119200,2017,"Transit",12.42988881
"TRAPPIST-1 g",1.12900000,1.32100000,12.35244600000,0.0468300000,0.002080,2566.00,0.089800,0.119200,2017,"Transit",12.42988881
"TRAPPIST-1 h",0.75500000,0.32600000,18.77286600000,0.0618900000,0.005670,2566.00,0.089800,0.119200,2017,"Transit",12.42988881
"HD 106315 b",2.44000000,12.60000000,9.55237000000,0.0907000000,0.093000,6327.00,1.091000,1.296000,2017,"Transit",109.35300000
"HD 106315 c",4.35000000,15.20000000,21.05704000000,0.1536000000,0.220000,6327.00,1.091000,1.296000,2017,"Transit",109.35300000
"LHS 1140 b",1.73000000,5.60000000,24.73723000000,0.0946000000,0.043000,3096.00,0.184400,0.215900,2017,"Transit",14.98610000
"KELT-11 b",15.13212395,65.15482343,4.73620865000,0.0623000000,0.000000,5375.00,1.440000,2.690000,2017,"Transit",99.15960000
"KELT-9 b",21.70058664,915.34581216,1.48112350000,0.0336800000,0.000000,9270.00,2.320000,2.418000,2017,"Transit",204.45500000
"HD 3167 d",2.61000000,7.30000000,8.39670000000,0.0770000000,0.350000,5338.00,0.864000,0.871000,2017,"Radial Velocity",47.28990000
"WASP-107 b",10.48039695,33.02237149,5.72148750000,0.0550000000,0.052000,4425.00,0.683000,0.657000,2017,"Transit",64.74140000
"GJ 9827 b",1.44000000,4.28000000,1.20897400000,0.0189000000,0.000000,4236.00,0.620000,0.580000,2017,"Transit",29.66100000
"GJ 9827 c",1.13000000,1.86000000,3.64810300000,0.0395000000,0.000000,4236.00,0.620000,0.580000,2017,"Transit",29.66100000
"GJ 9827 d",1.98000000,3.02000000,6.20183000000,0.0530000000,0.000000,4236.00,0.620000,0.580000,2017,"Transit",29.66100000
"KELT-20 b",19.51486900,1074.90106000,3.47410850000,0.0542000000,0.000000,8720.00,1.760000,1.565000,2017,"Transit",136.42600000
"K2-18 c",2.65000000,7.51000000,8.96200000000,0.0600000000,0.470000,3457.00,0.359000,0.411000,2017,"Radial Velocity",38.02660000
"K2-141 b",1.51000000,4.97000000,0.28032440000,0.0074700000,0.000000,4570.00,0.708000,0.681000,2018,"Transit",61.87360000
"HAT-P-11 c",13.20000000,851.78013076,3361.00000000000,4.1000000000,0.652000,4653.00,0.811000,0.683000,2018,"Radial Velocity",37.76470000
"NGTS-2 b",17.87835500,235.19420000,4.51116400000,0.0630000000,0.000000,6478.00,1.640000,1.702000,2018,"Transit",356.39100000
"WASP-164 b",12.64375200,676.97790000,1.77712550000,0.0281800000,0.000000,5806.00,0.946000,0.932000,2018,"Transit",327.50600000
"LHS 1140 c",1.27200000,1.91000000,3.77794000000,0.0270000000,0.050000,3096.00,0.184400,0.215900,2018,"Transit",14.98610000
"K2-287 b",9.49402300,100.11645000,14.89329100000,0.1206000000,0.478000,5695.00,1.056000,1.070000,2018,"Transit",158.33500000
"LHS 3844 b",1.28600000,2.37000000,0.46292970900,0.0062400000,0.000000,3080.00,0.151000,0.189000,2019,"Transit",14.88460000
"HD 15337 b",1.77000000,6.51900000,4.75598040000,0.0524500000,0.058000,5131.00,0.829000,0.855000,2019,"Transit",44.81550000
"HD 15337 c",2.52600000,6.79200000,17.18054600000,0.1235000000,0.096000,5131.00,0.829000,0.855000,2019,"Transit",44.81550000
"L 98-59 b",0.83700000,0.46000000,2.25311400000,0.0223000000,0.031000,3415.00,0.292300,0.315500,2019,"Transit",10.61940000
"L 98-59 c",1.32900000,2.00000000,3.69067640000,0.0309000000,0.002000,3415.00,0.292300,0.315500,2019,"Transit",10.61940000
"L 98-59 d",1.62700000,1.64000000,7.45072900000,0.0494000000,0.006000,3415.00,0.292300,0.315500,2019,"Transit",10.61940000
"V1298 Tau b",9.41000000,13.10000000,24.14000600000,0.1685000000,0.007900,4970.00,1.100000,1.320000,2019,"Transit",108.19900000
"WASP-166 b",7.06167000,32.10083000,5.44354000000,0.0641000000,0.000000,6050.00,1.190000,1.220000,2019,"Transit",114.17300000
"TOI-270 b",1.28000000,1.48000000,3.35992000000,0.0319700000,0.016700,3506.00,0.386000,0.380000,2019,"Transit",22.47930000
"TOI-270 c",2.33000000,6.20000000,5.66051000000,0.0452600000,0.004400,3506.00,0.386000,0.380000,2019,"Transit",22.47930000
"TOI-270 d",2.00000000,4.20000000,11.38194000000,0.0721000000,0.006600,3506.00,0.386000,0.380000,2019,"Transit",22.47930000
"GJ 357 b",1.20000000,1.83000000,3.93060000000,0.0360000000,,3505.00,0.342000,0.337000,2019,"Transit",9.44181000
"GJ 357 c",1.66000000,3.40000000,9.12470000000,0.0610000000,,3505.00,0.342000,0.337000,2019,"Radial Velocity",9.44181000
"GJ 357 d",2.34000000,6.10000000,55.66100000000,0.2040000000,,3505.00,0.342000,0.337000,2019,"Radial Velocity",9.44181000
"LTT 1445 A b",1.34000000,2.73000000,5.35876350000,0.0381000000,0.180000,3562.00,0.257000,0.271000,2019,"Transit",6.86929000
"WASP-178 b",20.28829000,527.59780000,3.34482850000,0.0558000000,0.000000,9360.00,2.070000,1.670000,2019,"Transit",427.67800000
"V1298 Tau c",5.08000000,4.70000000,8.24916400000,0.0824000000,0.009400,4970.00,1.100000,1.320000,2019,"Transit",108.19900000
"V1298 Tau d",6.53000000,6.00000000,12.40139400000,0.1081000000,0.008700,4970.00,1.100000,1.320000,2019,"Transit",108.19900000
"V1298 Tau e",10.17000000,15.30000000,48.67771400000,0.2689000000,0.012400,4970.00,1.100000,1.320000,2019,"Transit",108.19900000
"LP 791-18 b",1.21200000,1.94000000,0.94799810000,0.0097800000,0.000000,2960.00,0.139000,0.182000,2019,"Transit",26.49270000
"LP 791-18 c",2.48800000,7.16000000,4.98991000000,0.0296100000,0.000100,2960.00,0.139000,0.182000,2019,"Transit",26.49270000
"TOI-125 b",2.72600000,9.50000000,4.65382000000,0.0518600000,0.194000,5320.00,0.859000,0.848000,2019,"Transit",111.05900000
"TOI-125 c",2.75900000,6.63000000,9.15059000000,0.0814000000,0.066000,5320.00,0.859000,0.848000,2019,"Transit",111.05900000
"L 168-9 b",1.63000000,4.07000000,1.40152604000,0.0208000000,0.000000,3842.00,0.614000,0.604000,2020,"Transit",25.14960000
"TOI-125 d",2.93000000,13.60000000,19.98000000000,0.1370000000,0.168000,5320.00,0.859000,0.848000,2020,"Transit",111.05900000
"HATS-48 A b",8.96720000,77.23269000,3.13166660000,0.0376900000,0.162000,4546.00,0.727900,0.715200,2020,"Transit",263.60900000
"HATS-72 b",8.09738160,39.85588200,7.32794740000,0.0665170000,0.013000,4656.10,0.731100,0.721400,2020,"Transit",127.58900000
"NGTS-10 b",13.89913607,687.14846000,0.76689440000,0.0143000000,0.000000,4567.00,0.696000,0.700000,2020,"Transit",324.69865036
"TOI-1130 b",3.66000000,19.80000000,4.07455400000,0.0453000000,0.052162,4360.00,0.745000,0.697000,2020,"Transit",58.26090000
"TOI-1130 c",13.00000000,336.00000000,8.35018980000,0.0731000000,0.039800,4360.00,0.745000,0.697000,2020,"Transit",58.26090000
"TOI-677 b",13.11450742,392.20025424,11.23659850000,0.1041000000,0.460000,6295.00,1.181000,1.280000,2020,"Transit",141.81200000
"LTT 3780 b",1.32500000,2.46000000,0.76837931000,0.0119500000,0.000000,3358.00,0.381000,0.380000,2020,"Transit",21.98140000
"LTT 3780 c",2.39000000,8.04000000,12.25228400000,0.0757000000,0.024000,3358.00,0.381000,0.380000,2020,"Transit",21.98140000
"TOI-1338 b",7.66100000,11.30000000,95.40010000000,0.4607000000,0.033100,5723.20,1.093600,1.313000,2020,"Transit",399.01700000
"AU Mic b",4.79000000,8.99000000,8.46344600000,0.0700000000,0.070000,3540.00,0.635000,0.862000,2020,"Transit",9.72210000
"WASP-148 b",8.47398941,91.21675281,8.80380900000,0.0821500000,0.208000,5555.00,0.954000,0.912000,2020,"Transit",246.35300000
"WASP-148 c",13.90000000,124.58873554,34.52400000000,0.2044000000,0.180900,5555.00,0.954000,0.912000,2020,"Radial Velocity",246.35300000
"NGTS-11 b",9.15775300,109.33352000,35.45533000000,0.2010000000,0.130000,5050.00,0.862000,0.832000,2020,"Transit",190.42200000
"TOI-849 b",3.64000000,41.80000000,0.76554800000,0.0155000000,0.000000,5257.00,0.970000,0.970000,2020,"Transit",225.73400000
"TOI-700 b",0.91400000,0.70400000,9.97721900000,0.0677000000,0.075000,3459.00,0.415000,0.421000,2020,"Transit",31.12650000
"TOI-700 c",2.60000000,7.27000000,16.05113700000,0.0929000000,0.068000,3459.00,0.415000,0.421000,2020,"Transit",31.12650000
"TOI-700 d",1.07300000,1.25000000,37.42396000000,0.1633000000,0.042000,3459.00,0.415000,0.421000,2020,"Transit",31.12650000
"HIP 67522 b",9.98720180,71.40000000,6.95947310000,0.0748000000,0.064000,5675.00,1.220000,1.380000,2020,"Transit",127.28000000
"TOI-1899 b",11.09689089,212.94503269,29.09031200000,0.1525000000,0.044000,3926.00,0.632000,0.607000,2020,"Transit",128.43800000
"HD 86226 c",2.16000000,7.25000000,3.98442000000,0.0490000000,0.075000,5863.00,1.019000,1.053000,2020,"Transit",45.68300000
"WD 1856+534 b",10.40000000,4386.05400000,1.40794050000,0.0204000000,0.000000,4710.00,0.518000,0.013100,2020,"Transit",24.73590000
"LTT 9779 b",4.72000000,29.32000000,0.79205200000,0.0167900000,0.000000,5443.00,1.020000,0.949000,2020,"Transit",80.43730000
"TOI-824 b",2.92600000,18.46700000,1.39297800000,0.0217700000,,4600.00,0.710000,0.695000,2020,"Transit",63.92620000
"TOI-421 b",2.64000000,6.70000000,5.19757600000,0.0554000000,0.130000,5291.00,0.833000,0.866000,2020,"Transit",74.79690000
"TOI-421 c",5.09000000,14.10000000,16.06754100000,0.1170000000,0.190000,5291.00,0.833000,0.866000,2020,"Transit",74.79690000
"GJ 3473 b",1.26400000,1.86000000,1.19800350000,0.0158900000,0.000000,3347.00,0.360000,0.364000,2020,"Transit",27.36440000
"GJ 3473 c",2.63000000,7.41000000,15.50900000000,0.0876000000,0.000000,3347.00,0.360000,0.364000,2020,"Radial Velocity",27.36440000
"WASP-107 c",13.00000000,111.23994245,1091.00000000000,,0.315000,4425.00,0.683000,0.657000,2020,"Radial Velocity",64.74140000
"TOI-776 b",1.79800000,5.00000000,8.24662000000,0.0653000000,0.052000,3725.00,0.542000,0.547000,2020,"Transit",27.17010000
"TOI-776 c",2.04700000,6.90000000,15.66532300000,0.1001000000,0.089000,3725.00,0.542000,0.547000,2020,"Transit",27.17010000
"TOI-561 b",1.39700000,2.02000000,0.44656970000,0.0106400000,0.000000,5342.00,0.806000,0.843000,2020,"Transit",85.79900000
"TOI-561 c",2.86500000,5.93000000,10.77883800000,0.0889000000,0.023000,5342.00,0.806000,0.843000,2020,"Transit",85.79900000
"TOI-561 d",2.61500000,13.33000000,25.71268000000,0.1587000000,0.111000,5342.00,0.806000,0.843000,2020,"Transit",85.79900000
"TOI-561 e",2.51700000,12.40000000,77.14400000000,0.3300000000,0.074000,5342.00,0.806000,0.843000,2020,"Transit",85.79900000
"TOI-451 b",1.84000000,4.70000000,1.85870330000,0.0274000000,0.000000,5490.00,0.930000,0.850000,2020,"Transit",123.73900000
"TOI-451 c",2.93000000,3.70000000,9.19246300000,0.0795000000,0.000000,5490.00,0.930000,0.850000,2020,"Transit",123.73900000
"TOI-451 d",3.93000000,10.20000000,16.36496200000,0.1168000000,0.000000,5490.00,0.930000,0.850000,2020,"Transit",123.73900000
"TOI-178 b",1.20000000,0.96000000,1.91456010000,0.0260700000,,4316.00,0.647000,0.662000,2021,"Transit",62.69900000
"TOI-178 c",1.75400000,4.64000000,3.23848600000,0.0370000000,0.000320,4316.00,0.647000,0.662000,2021,"Transit",62.69900000
"TOI-178 d",2.69500000,5.20000000,6.55756900000,0.0592000000,0.006800,4316.00,0.647000,0.662000,2021,"Transit",62.69900000
"TOI-178 e",2.30100000,3.48000000,9.96318000000,0.0783000000,0.000380,4316.00,0.647000,0.662000,2021,"Transit",62.69900000
"TOI-178 f",2.41700000,5.63000000,15.23335000000,0.1039000000,0.000450,4316.00,0.647000,0.662000,2021,"Transit",62.69900000
"TOI-178 g",2.93900000,4.40000000,20.71663000000,0.1275000000,0.000430,4316.00,0.647000,0.662000,2021,"Transit",62.69900000
"GJ 486 b",1.28900000,2.77000000,1.46712127000,0.0171400000,0.000860,3317.00,0.312000,0.324300,2021,"Radial Velocity",8.07426000
"LHS 1478 b",1.24200000,2.33000000,1.94953780000,0.0184800000,,3381.00,0.236000,0.246000,2021,"Transit",18.22760000
"TOI-1231 b",3.65000000,15.40000000,24.24558600000,0.1288000000,0.087000,3553.00,0.485000,0.476000,2021,"Transit",27.62270000
"TOI-674 b",5.25000000,23.60000000,1.97714300000,0.0250000000,0.000000,3514.00,0.420000,0.420000,2021,"Transit",46.08510000
"TOI-1685 b",1.42100000,3.07000000,0.66913923000,0.0116400000,0.000000,3470.00,0.466000,0.462000,2021,"Transit",37.61530000
"TOI-1807 b",1.49681583,2.44000000,0.54937097000,0.0122000000,0.000000,4914.00,0.804800,0.746000,2021,"Transit",42.57750000
"TOI-2076 b",2.59000000,6.70000000,10.35504000000,0.0878100000,0.011400,5187.00,0.849000,0.758000,2021,"Transit",41.90910000
"TOI-2076 c",3.54000000,7.20000000,21.01447000000,0.1407000000,0.036000,5187.00,0.849000,0.758000,2021,"Transit",41.90910000
"TOI-2076 d",3.27000000,7.30000000,35.12803000000,0.1982000000,0.027000,5187.00,0.849000,0.758000,2021,"Transit",41.90910000
"AU Mic c",2.79000000,14.46000000,18.85902300000,0.1190000000,0.180000,3540.00,0.635000,0.862000,2021,"Transit",9.72210000
"TOI-431 b",1.28000000,3.07000000,0.49004700000,0.0113000000,0.000000,4850.00,0.780000,0.731000,2021,"Transit",32.56860000
"TOI-431 c",1.49000000,2.83000000,4.84940000000,0.0520000000,0.000000,4850.00,0.780000,0.731000,2021,"Radial Velocity",32.56860000
"TOI-431 d",3.29000000,9.90000000,12.46103000000,0.0980000000,0.000000,4850.00,0.780000,0.731000,2021,"Transit",32.56860000
"L 98-59 e",1.49000000,2.82000000,12.82780000000,0.0712000000,0.012000,3415.00,0.292300,0.315500,2021,"Radial Velocity",10.61940000
"HD 63935 b",2.91575244,10.50000000,9.05880700000,0.0830000000,0.000000,5513.00,0.940600,0.959800,2021,"Transit",48.97390000
"HD 63935 c",3.06451296,11.10000000,21.40270000000,0.1480000000,0.000000,5513.00,0.940600,0.959800,2021,"Radial Velocity",48.97390000
"GJ 367 b",0.73600000,0.50300000,0.32192260000,0.0071000000,0.000000,3535.00,0.451000,0.457000,2021,"Transit",9.41263000
"TOI-2109 b",15.09849700,1595.49860314,0.67247414000,0.0179100000,,6540.00,1.453000,1.698000,2021,"Transit",262.04100000
"HATS-75 b",9.90873894,156.05374784,2.78865560000,0.0327420000,0.064000,3790.40,0.601700,0.584800,2021,"Transit",194.96400000
"LTT 1445 A c",1.14700000,1.54000000,3.12390350000,0.0266100000,0.223000,3340.00,0.257000,0.265000,2022,"Transit",6.86929000
"TOI-500 b",1.16600000,1.42000000,0.54817700000,0.0118900000,0.063000,4440.00,0.740000,0.678000,2022,"Transit",47.39240000
"TOI-1075 b",1.79100000,9.95000000,0.60473280000,0.0115900000,0.000000,3875.00,0.604000,0.581000,2022,"Transit",61.45920000
"TOI-1442 b",1.17000000,1.71000000,0.40906770000,0.0071000000,,3330.00,0.290000,0.310000,2022,"Transit",41.16590000
"TOI-2260 b",1.62000000,3.26000000,0.35247280000,0.0097000000,,5534.00,0.990000,0.940000,2022,"Transit",101.25100000
"TOI-2445 b",1.25000000,2.10000000,0.37112810000,0.0064000000,,3333.00,0.250000,0.270000,2022,"Transit",48.58200000
"GJ 3929 b",1.09000000,1.75000000,2.61623500000,0.0252000000,0.000000,3384.00,0.313000,0.320000,2022,"Transit",15.80950000
"WASP-189 b",18.14733975,632.47852993,2.72403300000,0.0505300000,0.000000,8000.00,2.030000,2.360000,2020,"Transit",99.73100000
"TOI-1670 b",2.06000000,41.31769291,10.98462000000,0.1030000000,0.590000,6170.00,1.210000,1.316000,2022,"Transit",168.06700000
"TOI-1670 c",11.06326395,200.23189641,40.74976000000,0.2490000000,0.090000,6170.00,1.210000,1.316000,2022,"Transit",168.06700000
"TOI-500 c",2.09000000,5.03000000,6.63560000000,,0.072000,4440.00,0.740000,0.678000,2022,"Radial Velocity",47.39240000
"TOI-500 d",6.35000000,33.12000000,26.23300000000,,0.016000,4440.00,0.740000,0.678000,2022,"Radial Velocity",47.39240000
"TOI-500 e",3.99000000,15.05000000,61.30000000000,,0.073000,4440.00,0.740000,0.678000,2022,"Radial Velocity",47.39240000
"HD 260655 b",1.24000000,2.14000000,2.76953000000,0.0293300000,0.039000,3803.00,0.439000,0.439000,2022,"Transit",10.00550000
"HD 260655 c",1.53300000,3.09000000,5.70588000000,0.0474900000,0.038000,3803.00,0.439000,0.439000,2022,"Transit",10.00550000
"TOI-3714 b",11.32107051,222.47988490,2.15484900000,0.0270000000,0.030000,3660.00,0.530000,0.510000,2022,"Transit",112.71000000
"GJ 3929 c",2.26000000,5.71000000,15.04000000000,0.0810000000,0.000000,3384.00,0.313000,0.320000,2022,"Radial Velocity",15.80950000
"GJ 3090 b",2.18000000,4.52000000,2.85310198000,0.0316000000,0.250000,3707.00,0.519000,0.516000,2022,"Transit",22.47510000
"TOI-181 b",6.95590000,46.16870000,4.53200000000,0.0539000000,0.154300,4994.00,0.822000,0.745000,2023,"Transit",96.23380000
"TOI-199 b",9.07927437,54.03082919,104.85400000000,0.4254000000,0.090000,5255.00,0.936000,0.820000,2023,"Transit",102.27000000
"TOI-700 e",0.95300000,0.81800000,27.80978000000,0.1340000000,0.059000,3459.00,0.415000,0.421000,2023,"Transit",31.12650000
"TOI-771 b",1.36000000,2.47000000,2.32601550000,0.0208000000,0.055000,3370.00,0.220000,0.232000,2024,"Transit",25.27880000
"TOI-836.01",2.58700000,9.60000000,8.59545000000,0.0750000000,0.078000,4552.00,0.678000,0.665000,2021,"Transit",27.50240000
"TOI-836 b",1.70400000,4.53000000,3.81673000000,0.0422000000,0.053000,4552.00,0.678000,0.665000,2023,"Transit",27.50240000
"LHS 475 b",0.99100000,0.94100000,2.02908800000,0.0203700000,0.000000,3300.00,0.262000,0.278900,2023,"Transit",12.48140000
"TOI-1136 d",4.62700000,8.35000000,12.51990000000,0.1062000000,0.042000,5770.00,1.022000,0.968000,2022,"Transit",84.53620000
"TOI-1136 c",2.87900000,6.32000000,6.25740000000,0.0669000000,0.110000,5770.00,1.022000,0.968000,2022,"Transit",84.53620000
"TOI-1136 f",3.73591482,9.70000000,26.32100000000,0.1740000000,0.001000,5770.00,1.022000,0.968000,2022,"Transit",84.53620000
"TOI-1136 e",2.63900000,6.07000000,18.80100000000,0.1400000000,0.042500,5770.00,1.022000,0.968000,2022,"Transit",84.53620000
"TOI-1173 b",8.77663189,28.28672822,7.06439710000,0.0710000000,0.037000,5350.00,0.911000,0.934000,2024,"Transit",132.35300000
"TOI-1416 b",1.62000000,3.48000000,1.06975680000,0.0190000000,0.000000,4884.00,0.798000,0.793000,2023,"Transit",55.01350000
"TOI-1420 b",11.89000000,25.10000000,6.95610630000,0.0710000000,0.170000,5510.00,0.987000,0.923000,2023,"Transit",201.91800000
"TOI-1468 c",2.12600000,4.10000000,15.53247700000,0.0860800000,0.111000,3376.00,0.352700,0.371400,2022,"Transit",24.73990000
"TOI-1468 b",1.40100000,3.04000000,1.88052010000,0.0210700000,0.009900,3376.00,0.352700,0.371400,2022,"Transit",24.73990000
"HIP 9618 b",3.82838127,8.30000000,20.77285800000,0.1450000000,0.000000,5649.00,0.942000,0.959300,2023,"Transit",67.54780000
"HIP 9618 c",3.42855926,7.00000000,52.56363000000,0.2690000000,0.000000,5649.00,0.942000,0.959300,2023,"Transit",67.54780000
"TOI-1801 b",2.07900000,5.73800000,10.64387000000,0.0750000000,0.000000,3863.00,0.556000,0.547000,2023,"Transit",30.67960000
"TOI-1823 b",7.54062410,67.40000000,38.80000000000,0.2120000000,0.000000,4927.00,0.841400,0.804900,2024,"Transit",71.64560000
"TOI-2031 A b",14.20177855,254.26272560,5.71548654000,0.0660000000,0.076000,6490.00,1.174000,1.241000,2025,"Transit",276.10500000
"TOI-2134 b",2.73500000,9.37000000,9.22919800000,0.0780300000,0.067000,4580.00,0.744000,0.709000,2023,"Transit",22.62020000
"TOI-2134 c",7.35000000,58.30000000,95.85284000000,0.3715000000,0.312500,4580.00,0.744000,0.709000,2023,"Transit",22.62020000
"TOI-2374 b",7.48759911,61.65871096,4.31361930000,0.0481800000,0.130000,5002.00,0.802000,0.711000,2024,"Transit",134.65500000
"TOI-2431 b",1.53400000,6.20000000,0.22419578000,0.0063000000,0.000000,4109.00,0.661000,0.651000,2026,"Transit",36.05590000
"TOI-3235 b",11.39953337,211.35589065,2.59261842000,0.0270900000,0.029000,3388.80,0.393900,0.369700,2023,"Transit",72.81100000
"TOI-3757 b",12.00000000,85.30000000,3.43875300000,0.0384500000,0.140000,3913.00,0.640000,0.620000,2022,"Transit",181.13900000
"TOI-3884 b",6.43000000,32.59000000,4.54458280000,0.0361000000,0.060000,3180.00,0.298000,0.302000,2022,"Transit",43.14480000
"TOI-3984 A b",7.90000000,44.00000000,4.35332600000,0.0410000000,0.230000,3476.00,0.490000,0.470000,2023,"Transit",108.88300000
"TOI-4010 c",5.93000000,20.31000000,5.41465400000,0.0580000000,0.030000,4960.00,0.880000,0.830000,2023,"Transit",177.50400000
"TOI-4010 d",6.18000000,38.15000000,14.70886000000,0.1130000000,0.070000,4960.00,0.880000,0.830000,2023,"Transit",177.50400000
"TOI-4010 b",3.02000000,11.00000000,1.34833500000,0.0229000000,0.030000,4960.00,0.880000,0.830000,2023,"Transit",177.50400000
"LP 890-9 b",1.32000000,13.20000000,2.72990250000,0.0187500000,,2850.00,0.118000,0.155600,2022,"Transit",32.42980000
"TOI-4336 A b",2.13700000,3.33000000,16.33635100000,0.0849000000,0.000000,3307.00,0.306000,0.326000,2024,"Transit",22.54550000
"HD 20329 b",1.72000000,7.42000000,0.92611800000,0.0180000000,0.000000,5596.00,0.900000,1.130000,2022,"Transit",63.67960000
"Kepler-167 e",10.16000000,321.00669107,1071.23205000000,1.8830000000,0.290000,4884.00,0.777000,0.749000,2016,"Transit",341.90800000
"TOI-5205 b",11.60000000,343.00000000,1.63075700000,0.0199000000,0.020000,3430.00,0.392000,0.394000,2023,"Transit",86.44930000
"Kepler-167 c",1.67400000,3.44000000,7.40610600000,0.0684000000,0.000000,4884.00,0.777000,0.749000,2014,"Transit",341.90800000
"TOI-5293 A b",11.90000000,170.40000000,2.93028900000,0.0340000000,0.380000,3586.00,0.540000,0.520000,2023,"Transit",162.22900000
"KOI-94 d",11.27000000,106.00000000,22.34298900000,0.1684000000,0.022000,6182.00,1.277000,1.520000,2013,"Transit",477.05200000
"LP 890-9 c",1.36700000,25.30000000,8.45746300000,0.0398400000,,2850.00,0.118000,0.155600,2022,"Transit",32.42980000
"HD 3167 e",3.97000000,14.90000000,91.90000000000,0.3797000000,0.128000,5338.00,0.864000,0.871000,2022,"Radial Velocity",47.28990000
"TOI-1136 b",1.90000000,3.50000000,4.17270000000,0.0510600000,0.027000,5770.00,1.022000,0.968000,2022,"Transit",84.53620000
"TOI-1136 g",2.53000000,5.60000000,39.54500000000,0.2290000000,0.040000,5770.00,1.022000,0.968000,2022,"Transit",84.53620000
"TOI-1338 c",10.30000000,75.40000000,215.79000000000,0.7940000000,0.037000,5723.20,1.093600,1.313000,2023,"Radial Velocity",399.01700000
"WASP-84 c",1.95000000,15.20000000,1.44688490000,0.0235900000,,5280.00,0.853000,0.768000,2023,"Transit",100.58800000
"TOI-6109 c",4.83260000,20.80000000,8.53887800000,0.0786000000,,5660.00,1.030000,1.021000,2025,"Transit",151.73800000
"TOI-6255 b",1.07900000,1.44000000,0.23818244000,,0.000000,3421.00,0.353000,0.370000,2024,"Transit",20.31670000
"WASP-193 b",14.78464554,35.59678158,6.24634750000,0.0668000000,0.081000,6080.00,1.018000,1.213000,2023,"Transit",362.08700000
"LP 791-18 d",1.03200000,0.91000000,2.75485000000,0.0199200000,0.001100,2960.00,0.139000,0.182000,2023,"Transit",26.49270000
"TOI-6324 b",1.05900000,1.17000000,0.27922100000,,0.000000,3247.00,0.269000,0.293000,2025,"Transit",20.54880000
"HD 207496 b",2.25000000,6.10000000,6.44100800000,0.0629000000,0.231000,4819.00,0.800000,0.769000,2023,"Transit",23.60600000
"TOI-4010 e",13.30000000,692.00000000,762.00000000000,1.5700000000,0.260000,4960.00,0.880000,0.830000,2023,"Radial Velocity",177.50400000
"GJ 367 c",1.86000000,4.13000000,11.53010000000,,0.090000,3522.00,0.455000,0.458000,2023,"Radial Velocity",9.41263000
"GJ 367 d",2.33000000,6.03000000,34.36900000000,,0.140000,3522.00,0.455000,0.458000,2023,"Radial Velocity",9.41263000
"TOI-6109 b",4.87040000,21.10000000,5.69047600000,0.0599000000,,5660.00,1.030000,1.021000,2025,"Transit",151.73800000
"TOI-199 c",11.40000000,88.99195396,273.69000000000,0.8070000000,0.096000,5255.00,0.936000,0.820000,2023,"Transit Timing Variations",102.27000000
"AU Mic e",4.87000000,21.10000000,33.11000000000,,,3665.00,0.600000,0.820000,2025,"Radial Velocity",9.72210000
"AU Mic d",1.02000000,1.05300000,12.73596000000,,0.003050,3678.00,0.510000,0.744000,2023,"Transit Timing Variations",9.72210000
"GJ 806 b",1.33100000,1.90000000,0.92632370000,0.0140600000,,3600.00,0.413000,0.414400,2023,"Transit",12.04450000
"GJ 806 c",2.28000000,5.80000000,6.64064000000,0.0523000000,,3600.00,0.413000,0.414400,2023,"Radial Velocity",12.04450000
"HD 110067 b",2.20000000,5.69000000,9.11367800000,0.0793000000,,5266.00,0.798000,0.788000,2023,"Transit",32.15850000
"HD 110067 c",2.38800000,6.30000000,13.67369400000,0.1039000000,,5266.00,0.798000,0.788000,2023,"Transit",32.15850000
"HD 110067 d",2.85200000,8.52000000,20.51961700000,0.1362000000,,5266.00,0.798000,0.788000,2023,"Transit",32.15850000
"HD 110067 e",1.94000000,3.90000000,30.79309100000,0.1785000000,,5266.00,0.798000,0.788000,2023,"Transit",32.15850000
"HD 110067 f",2.60100000,5.04000000,41.05854000000,0.2163000000,,5266.00,0.798000,0.788000,2023,"Transit",32.15850000
"HD 110067 g",2.60700000,8.40000000,54.76992000000,0.2621000000,,5266.00,0.798000,0.788000,2023,"Transit",32.15850000
"GJ 341 b",0.88000000,4.00000000,7.57686000000,,0.000000,3770.00,0.480000,0.506600,2025,"Transit",10.45400000
"TOI-6894 b",9.58367850,53.39517238,3.37077196000,0.0260400000,0.029000,3007.00,0.207000,0.227600,2025,"Transit",73.81310000
"IRAS 04125+2902 b",10.73820351,80.80000000,8.83497800000,0.0770000000,,4080.00,0.700000,1.450000,2024,"Transit",159.24400000
"HIP 67522 c",7.93595834,48.30000000,14.33489200000,0.1228000000,0.077000,5675.00,1.220000,1.380000,2024,"Transit",127.28000000
"Kepler-51 e",2.18000000,5.40000000,264.28400000000,,0.020000,5674.00,0.960000,0.870000,2024,"Transit Timing Variations",783.83100000
"BD+05 4868 A b",,6.20000000,1.27186900000,0.0208000000,,4596.00,0.700000,0.690000,2025,"Transit",43.56870000
"TOI-771 c",1.50000000,2.87000000,7.61000000000,0.0460000000,0.065000,3370.00,0.220000,0.232000,2025,"Radial Velocity",25.27880000
"TOI-2076 e",1.30100000,4.70000000,3.02237530000,0.0386300000,0.000000,5187.00,0.849000,0.758000,2025,"Transit",41.90910000
"L 98-59 f",1.48000000,2.80000000,23.06400000000,0.1052000000,0.044000,3415.00,0.292300,0.315500,2025,"Radial Velocity",10.61940000
"HIP 41378 g",2.50000000,6.81000000,63.19000000000,,0.055000,6290.00,1.220000,1.300000,2025,"Radial Velocity",106.28900000
"55 Cnc B b",1.69000000,3.50000000,6.79940000000,0.0440000000,0.000000,3286.00,0.260000,0.274000,2025,"Radial Velocity",12.47730000
"55 Cnc B c",2.16000000,5.30000000,33.74700000000,0.1300000000,0.000000,3286.00,0.260000,0.274000,2025,"Radial Velocity",12.47730000
"GJ 3090 c",3.14000000,10.00000000,15.94070000000,0.0997000000,0.000000,3707.00,0.519000,0.516000,2026,"Radial Velocity",22.47510000
"TOI-4336 A c",1.25100000,1.55000000,7.58726600000,0.0509200000,0.000000,3307.00,0.306000,0.326000,2026,"Transit",22.54550000
"TOI-260 b",1.71000000,4.23000000,13.47585300000,0.0943000000,0.000000,4026.00,0.616000,0.607000,2024,"Transit",20.18520000
"HD 278555 b",11.02963701,266.97586188,28.84243800000,0.1985000000,0.085000,6047.00,1.255000,1.624000,2026,"Transit",289.82900000
"Kepler-12 b",19.66058600,137.30256000,4.43796290000,0.0553000000,0.000000,5947.00,1.166000,1.483000,2011,"Transit",881.38600000
"KOI-94 b",1.71000000,10.50000000,3.74320800000,0.0511900000,0.250000,6182.00,1.277000,1.520000,2013,"Transit",477.05200000
"Kepler-167 d",1.23800000,2.06000000,21.80379000000,0.1404000000,0.000000,4884.00,0.777000,0.749000,2016,"Transit",341.90800000
"Kepler-51 d",9.70000000,7.60000000,130.19400000000,0.5090000000,0.008000,6018.00,1.040000,0.940000,2014,"Transit",783.83100000
"Kepler-51 c",9.00000000,4.00000000,85.31200000000,0.3840000000,0.014000,6018.00,1.040000,0.940000,2012,"Transit",783.83100000
"Kepler-51 b",7.10000000,2.10000000,45.15400000000,0.2514000000,0.040000,6018.00,1.040000,0.940000,2012,"Transit",783.83100000
"Kepler-167 b",1.71800000,3.60000000,4.39315390000,0.0482500000,0.000000,4884.00,0.777000,0.749000,2014,"Transit",341.90800000
"KOI-94 c",4.32000000,15.60000000,10.42364800000,0.1013000000,0.430000,6182.00,1.277000,1.520000,2013,"Transit",477.05200000
"KOI-94 e",6.56000000,35.00000000,54.32031000000,0.3046000000,0.019000,6182.00,1.277000,1.520000,2013,"Transit",477.05200000
"PH2 b",9.33708092,87.08498352,282.52542000000,0.8330000000,0.215000,5734.00,0.966000,0.949000,2013,"Transit",343.86300000
"K2-33 b",5.04000000,1175.97100000,5.42486500000,0.0409000000,0.000000,3540.00,0.560000,1.050000,2016,"Transit",139.26800000
"HAT-P-11 b",4.36000000,25.00000000,4.88800000000,0.0525800000,0.251000,4653.00,0.811000,0.683000,2010,"Transit",37.76470000
"K2-136 b",1.01400000,4.30000000,7.97525000000,0.0707000000,0.140000,4500.00,0.742000,0.677000,2017,"Transit",59.24740000
"HAT-P-52 b",11.30988100,259.98494000,2.75359530000,0.0369400000,0.047000,5131.00,0.887000,0.893000,2015,"Transit",361.15500000
"TOI-4747 b",3.95803201,14.80000000,5.21924158592,,,5595.08,1.010000,0.988751,2026,"Transit",304.61500000
"Kepler-891 b",6.41000000,33.60000000,53.44945593000,0.2881000000,0.000000,5887.00,1.060000,1.070000,2016,"Transit",2340.58000000
"Kepler-1159 b",2.37000000,6.21000000,22.70816791000,0.1603000000,0.000000,6217.00,1.190000,1.280000,2016,"Transit",1213.71000000
"HATS-18 b",14.89676100,629.14448500,0.83784000000,0.0174000000,0.166000,5600.00,1.037000,1.020000,2016,"Transit",624.36800000
"GJ 676 A e",2.47000000,6.67439655,35.47358000000,0.1810000000,0.152000,3734.00,0.626000,0.690000,2012,"Radial Velocity",16.02720000
"Kepler-48 c",2.71000000,14.61000000,9.67395000000,0.0863300000,0.000000,5194.00,0.880000,0.890000,2012,"Transit",306.73800000
"Kepler-889 b",1.09000000,1.32000000,3.74443900000,0.0497500000,0.000000,5961.00,1.140000,1.250000,2016,"Transit",598.31300000
"HR 2562 b",12.44199000,6992.22495400,,22.2000000000,0.340000,6597.00,1.300000,1.334000,2016,"Imaging",34.00710000
"Kepler-1804 b",1.59615726,3.18000000,12.28849983000,0.1017000000,0.000000,5109.00,0.929000,1.671000,2021,"Transit",434.45600000
"Kepler-1188 b",2.08000000,4.98000000,17.13695430000,0.1350000000,0.000000,5913.00,1.040000,1.060000,2016,"Transit",1717.48000000
"HD 21411 b",9.52000000,65.90000000,84.28800000000,0.3620000000,0.400000,5605.00,0.890000,0.825605,2019,"Radial Velocity",29.13280000
"Kepler-1281 b",1.64000000,3.33000000,3.11602791000,0.0415000000,0.000000,5353.00,0.870000,0.830000,2016,"Transit",1090.00000000
"Kepler-128 b",1.42100000,3.79000000,15.00000000000,0.1254500000,0.000000,6072.00,1.184000,1.659000,2013,"Transit",396.37900000
"Kepler-1693 b",1.28938413,2.21000000,12.09990000000,0.1011000000,0.000000,5432.34,0.950000,0.878295,2020,"Transit",760.06500000
"Kepler-104 b",3.10000000,19.60000000,11.42754800000,0.0940000000,0.000000,5711.00,0.818000,1.349000,2014,"Transit",400.78500000
"Kepler-1849 b",2.38685349,6.29000000,57.29290009000,0.2597000000,0.000000,4806.00,0.709000,0.729000,2021,"Transit",631.88400000
"Kepler-1036 b",3.01000000,9.32000000,122.88080580000,0.4772600000,0.000000,5533.00,0.950000,0.890000,2016,"Transit",489.43500000
"Kepler-419 c",12.60000000,2320.10000000,675.47000000000,1.6800000000,0.184000,6430.00,1.390000,1.740000,2014,"Transit Timing Variations",1011.36000000
"2MASS J22362452+4751425 b",12.30000000,3972.87500000,,230.0000000000,,4045.00,0.600000,0.641152,2016,"Imaging",69.57370000
"Kepler-1191 b",1.51000000,2.89000000,5.60014851000,0.0587000000,0.000000,5308.00,0.850000,0.810000,2016,"Transit",955.53600000
"Kepler-511 c",4.20964327,16.50000000,26.62949944000,0.1717700000,0.000000,5866.00,0.958000,1.417000,2021,"Transit",651.99900000
"XO-5 b",12.78000000,378.20000000,4.18775580000,0.0515000000,0.000000,5430.00,1.040000,1.130000,2008,"Transit",276.21100000
"Kepler-1825 b",1.42200732,2.61000000,1.02586996600,0.0187000000,0.000000,5123.00,0.828000,0.847000,2021,"Transit",430.25400000
"Kepler-1074 b",1.25000000,2.10000000,5.94566534000,0.0536000000,0.000000,4002.00,0.600000,0.570000,2016,"Transit",250.81700000
"pi Men c",2.01890000,3.63000000,6.26783990000,0.0683900000,0.000000,5998.00,1.070000,1.170000,2018,"Transit",18.27020000
"TIC 183374187 b",14.03364384,177.98390792,5.05907000000,,0.506000,5768.00,0.853000,1.344000,2026,"Transit",1208.75000000
"GJ 1061 d",1.16000000,1.67000000,13.06600000000,0.0540000000,0.040000,2953.00,0.120000,0.156000,2020,"Radial Velocity",3.67278000
"Kepler-1987 d",2.66000000,7.56000000,5.64491415400,0.0571000000,0.000000,4769.00,0.799000,0.714000,2023,"Transit",595.68300000
"Kepler-245 b",2.57000000,146.78000000,7.49019000000,0.0710000000,0.000000,5100.00,0.856000,0.795000,2014,"Transit",861.52700000
"Kepler-131 c",0.84000000,8.25000000,25.51690000000,0.1739100000,0.000000,5685.00,1.020000,1.030000,2014,"Transit",228.67800000
"Kepler-144 c",1.35000000,2.39000000,10.10466500000,0.0940000000,0.000000,6075.00,1.154000,1.235000,2014,"Transit",384.91700000
"HD 93385 c",2.56000000,7.10000000,13.18000000000,0.1120000000,0.200000,5977.00,1.040000,1.184840,2021,"Radial Velocity",43.34750000
"Kepler-431 c",0.66800000,0.22900000,8.70300000000,0.0847000000,0.000000,6004.00,1.071000,1.092000,2015,"Transit",486.54600000
"HD 106270 b",12.40000000,3623.24383980,1888.00000000000,3.3400000000,0.185000,5509.00,1.390000,2.660000,2011,"Radial Velocity",93.80800000
"TOI-5720 b",1.09000000,4.30000000,1.43445550000,0.0182880000,,3325.00,0.383000,0.383000,2024,"Transit",35.82560000
"Kepler-203 d",1.44000000,33.90000000,11.32972000000,0.1000000000,0.000000,5821.00,1.060000,1.114000,2014,"Transit",703.30200000
"Kepler-230 c",2.04000000,4.82000000,91.77324200000,0.3800000000,0.000000,5588.00,0.784000,0.817000,2014,"Transit",740.75400000
"Kepler-1091 b",1.46000000,2.73000000,1.43474156400,0.0252000000,0.000000,5851.00,1.010000,1.030000,2016,"Transit",914.29900000
"Kepler-1129 b",2.96000000,9.06000000,24.33978040000,0.1648100000,0.000000,5831.00,1.000000,1.000000,2016,"Transit",1183.88000000
"Kepler-472 b",3.22000000,10.50000000,4.17625551400,0.0482300000,0.000000,4996.00,0.850000,0.780000,2016,"Transit",306.60200000
"Kepler-1275 b",1.48000000,2.79000000,3.65691115000,0.0488000000,0.000000,6296.00,1.230000,1.360000,2016,"Transit",1153.98000000
"Kepler-1690 b",2.81109223,8.30000000,234.63600000000,0.7097000000,0.000000,5404.00,0.940000,0.862346,2020,"Transit",703.78900000
"HD 75898 c",12.60000000,2698.36317543,6717.00000000000,7.3900000000,0.080000,6122.00,1.295000,1.550000,2024,"Radial Velocity",78.05050000
"K2-386 b",2.32000000,5.99000000,7.47322300000,,,5749.00,0.911000,0.970000,2022,"Transit",428.78500000
"TOI-7510 c",10.81000000,131.00000000,22.56874230000,0.1595000000,0.009100,5720.00,1.063000,1.035000,2025,"Transit",249.00600000
"Kepler-718 b",16.56000000,,2.05234990500,0.0322000000,0.000000,6191.00,1.180000,1.300000,2016,"Transit",1302.33000000
"Kepler-1342 b",1.66000000,3.39000000,2.21571035800,0.0313000000,0.000000,5527.00,0.930000,0.900000,2016,"Transit",890.72400000
"WASP-174 b",16.10730527,104.88337431,4.23370050000,0.0550300000,0.000000,6399.00,1.240000,1.347000,2018,"Transit",410.14900000
"Kepler-1713 b",1.71673535,3.59000000,18.01160049000,0.1418500000,0.000000,6477.00,1.300000,1.459000,2021,"Transit",295.29300000
"Kepler-1121 b",1.91000000,4.31000000,13.15141081000,0.1181800000,0.000000,6231.00,1.290000,1.590000,2016,"Transit",482.04700000
"Kepler-197 c",1.23000000,5.30000000,10.34969500000,0.0900000000,0.080000,6004.00,0.857000,1.120000,2014,"Transit",330.57500000
"TOI-1294 b",10.12369881,63.90000000,3.91529200000,0.0510000000,0.000000,5718.00,1.157800,1.556600,2024,"Transit",332.64800000
"Kepler-1195 b",2.08000000,4.98000000,8.49642241000,0.0726000000,0.000000,4965.00,0.740000,0.710000,2016,"Transit",918.56600000
"GJ 328 b",13.30000000,797.74930157,3771.00000000000,4.1100000000,0.227000,3897.00,0.650000,0.630000,2013,"Radial Velocity",20.52660000
"EPIC 212737443 c",2.69000000,7.70000000,65.55000000000,0.2800000000,0.200000,4684.00,0.690000,0.673000,2019,"Transit",336.25000000
"Kepler-1783 b",1.31946731,2.30000000,8.27744007100,0.0759500000,0.000000,5129.00,0.887000,1.781000,2021,"Transit",264.07800000
"HD 50499 c",13.20000000,931.24190000,8619.90000000000,9.0200000000,0.000000,6099.00,1.310000,1.420000,2019,"Radial Velocity",46.28450000
"Kepler-874 b",3.94000000,14.70000000,40.06867270000,0.2234000000,0.000000,6020.00,1.090000,1.130000,2016,"Transit",1082.16000000
"Kepler-235 b",2.23000000,5.60000000,3.34022200000,0.0370000000,0.000000,4255.00,0.581000,0.554000,2014,"Transit",428.01800000
"HD 98219 b",13.40000000,624.21812000,433.80000000000,1.2600000000,0.079000,4925.00,1.410000,4.600000,2011,"Radial Velocity",113.70400000
"Kepler-625 b",1.99000000,4.62000000,7.75192492000,0.0813700000,0.000000,5789.00,1.040000,0.960000,2016,"Transit",760.70800000
"Kepler-1178 b",1.07000000,1.24000000,31.80634000000,0.1596000000,0.000000,4990.00,0.800000,0.750000,2016,"Transit",482.28700000
"K2-407 b",1.28300000,2.19000000,4.94190700000,,,5563.00,0.881000,0.927000,2022,"Transit",218.37600000
"KOI-351 b",1.31000000,2.27000000,7.00815100000,0.0740000000,0.000000,6080.00,1.200000,1.200000,2013,"Transit",848.25400000
"WASP-151 b",13.30506009,100.43377661,4.53347750000,0.0550000000,0.000000,5871.00,1.081000,1.181000,2017,"Transit",453.09900000
"K2-289 b",9.10000000,61.00000000,13.15696900000,0.1070000000,,5529.00,0.953000,1.025000,2019,"Transit",274.30000000
"GJ 1002 b",1.03000000,1.08000000,10.34650000000,0.0457000000,,3024.00,0.120000,0.137000,2022,"Radial Velocity",4.84867000
"Kepler-1143 c",3.60000000,12.60000000,210.63059100000,0.6477000000,0.000000,5053.00,0.810000,0.770000,2016,"Transit",555.18900000
"TOI-2587 A b",12.07207221,69.28659273,5.45664000000,0.0635000000,0.000000,5760.00,1.150000,1.726000,2023,"Transit",373.67500000
"Kepler-1154 b",2.34000000,6.08000000,5.18561420000,0.0631000000,0.000000,6327.00,1.260000,1.430000,2016,"Transit",1460.10000000
"Kepler-60 b",1.71000000,4.19000000,7.13340000000,0.0725500000,0.000000,5905.00,1.041000,1.257000,2012,"Transit",1025.10000000
"Kepler-85 c",1.97800000,2.15000000,12.51000000000,0.1036300000,0.027000,5505.20,0.928000,0.875000,2012,"Transit",765.02500000
"TOI-2081 b",2.04000000,4.82000000,10.50534000000,0.0752000000,,3800.00,0.540000,0.534000,2022,"Transit",62.34460000
"Kepler-1780 b",3.60600667,12.70000000,109.44499970000,0.4276000000,0.000000,5403.00,0.868000,0.868000,2021,"Transit",790.51600000
"Kepler-1818 b",1.71360684,3.58000000,4.64490985900,0.0550000000,0.000000,6047.00,1.021000,1.129000,2021,"Transit",1034.59000000
"TOI-871 b",1.66400000,3.41000000,14.36256500000,0.1054000000,,4929.00,0.758000,0.719000,2024,"Transit",68.04730000
"GJ 251 c",1.80000000,3.88000000,53.64700000000,0.1960000000,0.000000,3342.00,0.350000,0.360000,2025,"Radial Velocity",5.58057000
"Kepler-1518 c",2.90000000,8.75000000,9.63102580000,0.0905000000,0.000000,6432.00,1.060000,1.345000,2023,"Transit",903.51000000
"Kepler-1718 b",2.56852070,7.12000000,135.18800350000,0.4841800000,0.000000,5731.00,0.846000,0.906000,2021,"Transit",375.52200000
"TOI-4914 b",12.87000000,227.00000000,10.60057000000,0.0980000000,0.408000,5805.00,1.030000,1.000000,2024,"Transit",299.89000000
"USco1556 b",12.30000000,4767.45000000,,3500.0000000000,,3410.00,0.330000,0.668108,2019,"Imaging",140.63500000
"Kepler-109 c",2.65000000,8.20000000,21.22265000000,0.1546000000,0.098000,5950.00,1.094000,1.387000,2014,"Transit",474.86100000
"Kepler-101 c",1.25000000,3.78000000,6.02976000000,0.0684000000,0.000000,5667.00,1.170000,1.560000,2014,"Transit",927.98100000
"Kepler-1200 b",1.06000000,1.20000000,1.11854971700,0.0188000000,0.000000,4612.00,0.740000,0.700000,2016,"Transit",588.71500000
"NY Vir b",13.30000000,730.97800000,3160.00000000000,3.3000000000,0.150000,32780.00,0.459000,0.151000,2011,"Eclipse Timing Variations",544.02400000
"TOI-4137 b",13.57407563,457.67290608,3.80161220000,0.0522200000,0.000000,6202.00,1.313000,1.438000,2022,"Transit",334.99300000
"Kepler-1630 b",2.19000000,5.43000000,509.99740200000,1.1218000000,0.000000,4736.00,0.660000,0.630000,2016,"Transit",331.21300000
"Kepler-475 b",2.49000000,6.76000000,3.10550818900,0.0398900000,0.000000,5009.00,0.860000,0.790000,2016,"Transit",280.06900000
"Kepler-1978 b",2.67000000,7.61000000,10.84969477000,0.0914000000,0.000000,5251.00,0.869000,0.778000,2023,"Transit",865.51200000
"Kepler-1836 b",2.55303229,7.05000000,5.25416994100,0.0602000000,0.000000,6123.00,1.053000,0.987000,2021,"Transit",1472.62000000
"Kepler-887 c",1.13000000,1.51000000,7.63846023000,0.0801000000,0.000000,6194.00,1.190000,1.290000,2016,"Transit",886.58800000
"Kepler-350 c",3.10000000,6.10000000,17.84900000000,0.1385000000,0.000000,6492.30,1.000000,1.250000,2013,"Transit",956.85900000
"Kepler-816 b",10.24000000,74.50000000,10.50682564600,0.0895000000,0.000000,5286.00,0.900000,0.850000,2016,"Transit",983.69700000
"HD 51608 b",3.62000000,12.77000000,14.07260000000,0.1059000000,0.090000,5358.00,0.800000,0.916136,2019,"Radial Velocity",35.05530000
"HD 125390 b",11.90000000,8646.20398403,1757.39151000000,3.4960000000,0.597000,4882.00,1.820000,6.470000,2019,"Radial Velocity",153.64700000
"Kepler-1947 b",1.01016660,1.01000000,6.96363019900,0.0737500000,0.000000,6040.00,0.984000,1.686000,2021,"Transit",468.77100000
"Kepler-81 d",1.21000000,1.92000000,20.83784600000,0.1280000000,0.000000,4500.00,0.648000,0.595000,2014,"Transit",348.29100000
"Kepler-1827 b",1.85644292,4.10000000,3.70061993600,0.0464700000,0.000000,5423.00,0.915000,1.404000,2021,"Transit",686.46100000
"TOI-1768.01",3.45300000,11.80000000,7.33770364900,0.0763810000,,5994.00,1.100000,1.100000,2024,"Transit",157.59700000
"HIP 10090 c",13.90000000,270.15414595,321.82000000000,0.9000000000,0.188000,5661.00,0.940000,1.382680,2026,"Radial Velocity",82.39370000
"Kepler-855 b",8.35000000,52.70000000,7.88663110400,0.0762000000,0.000000,5835.00,1.030000,1.030000,2016,"Transit",1506.58000000
"TOI-205 b",2.50121142,6.81000000,4.25300773815,,,6302.74,1.200000,1.453820,2026,"Transit",177.75900000
"Kepler-1886 b",2.58158428,7.18000000,24.27580070000,0.1600000000,0.000000,5745.00,0.928000,0.837000,2021,"Transit",1059.51000000
"Kepler-279 c",4.30000000,49.40000000,35.73600000000,0.2236000000,0.000000,6689.45,1.100000,1.070000,2013,"Transit",1037.40000000
"K2-401 b",2.26200000,5.74000000,6.29309900000,,,4213.00,0.870000,0.675000,2022,"Transit",200.72700000
"TOI-3807 b",18.49481816,330.54154328,2.89897270000,0.0421000000,0.000000,5772.00,1.181000,1.468000,2023,"Transit",421.74500000
"Kepler-931 b",1.33000000,2.33000000,8.03755877000,0.0719000000,0.000000,5241.00,0.860000,0.810000,2016,"Transit",490.00000000
"TOI-286 b",1.42000000,4.53000000,4.51172440000,0.0503000000,0.000000,5152.00,0.832000,0.780000,2024,"Transit",59.22930000
"Kepler-106 e",2.56000000,11.17000000,43.84450000000,0.2400600000,0.000000,5858.00,1.000000,1.040000,2014,"Transit",444.32200000
"GSC 06214-00210 b",20.17620000,5000.00000000,,320.0000000000,,4200.00,0.900000,0.904840,2010,"Imaging",108.50000000
"HD 89839 b",12.80000000,1748.05623850,3391.20000000000,4.7130000000,0.185000,6314.00,1.210000,1.285880,2023,"Radial Velocity",57.30630000
"Kepler-520 b",1.66000000,3.39000000,19.67416124000,0.1462800000,0.000000,6112.00,1.100000,1.090000,2016,"Transit",623.90100000
"Kepler-19 b",2.20900000,6.10000000,9.28699000000,0.0846000000,0.410000,5541.00,0.936000,0.859000,2011,"Transit",218.56200000
"Kepler-1102 b",2.66000000,7.56000000,51.32856230000,0.2731000000,0.000000,5724.00,0.960000,0.940000,2016,"Transit",1246.05000000
"Kepler-371 c",1.78000000,3.82000000,67.96801500000,0.3130000000,0.000000,5666.00,0.876000,0.992000,2014,"Transit",813.19200000
"K2-338 b",1.03000000,1.08000000,3.85061400000,,,4558.00,0.660000,0.630000,2021,"Transit",156.95100000
"KELT-16 b",15.86073500,874.03250000,0.96899510000,0.0204400000,0.000000,6236.00,1.211000,1.360000,2017,"Transit",444.58600000
"Kepler-1681 b",2.55321772,7.05000000,69.89560000000,0.3200000000,0.000000,5756.40,0.893000,0.759000,2020,"Transit",758.30000000
"TOI-544 c",4.92000000,21.50000000,50.08900000000,,0.320000,4169.00,0.631000,0.623000,2023,"Radial Velocity",41.11660000
"Kepler-251 d",2.77000000,8.10000000,30.13300100000,0.1820000000,0.000000,5526.00,0.891000,0.890000,2014,"Transit",924.62500000
"HD 180902 b",13.50000000,535.54355000,510.90000000000,1.4000000000,0.107000,4961.00,1.410000,4.160000,2009,"Radial Velocity",104.57700000
"TOI-5624 e",3.24700000,8.90000000,21.48993600000,0.1439000000,0.000000,5327.00,0.858000,0.820000,2026,"Transit",101.91300000
"KOINTREAU-1 b",12.40000000,3368.98111420,,690.0000000000,,3551.00,0.260000,,2026,"Imaging",158.61800000
"K2-414 c",1.92870000,4.38000000,6.66900000000,0.0552000000,,4343.00,0.814000,0.732000,2022,"Transit",260.03600000
"Kepler-1154 c",2.36000000,6.17000000,8.45808312000,0.0875000000,0.000000,6327.00,1.260000,1.430000,2016,"Transit",1460.10000000
"Kepler-863 b",2.90000000,8.75000000,15.59461874000,0.1220000000,0.000000,5678.00,0.960000,0.950000,2016,"Transit",1499.66000000
"Kepler-278 c",3.26800000,34.90000000,51.11100000000,0.2870000000,0.616000,4965.00,1.227000,2.861000,2014,"Transit",443.03000000
"GJ 180 d",2.66000000,7.56000000,106.30000000000,0.3090000000,0.140000,3371.00,0.430000,0.413049,2020,"Radial Velocity",11.94070000
"K2-86 b",1.96000000,4.50000000,8.77683000000,0.0770000000,,5482.00,0.790000,0.760000,2016,"Transit",258.69900000
"HD 196050 b",12.90000000,1493.79351290,1392.00000000000,2.6500000000,0.200000,5879.00,1.270000,1.420000,2002,"Radial Velocity",50.67420000
"Kepler-564 b",4.63000000,19.40000000,3.75083228500,0.0484000000,0.000000,5626.00,0.950000,0.920000,2016,"Transit",863.03700000
"Kepler-878 b",1.93000000,4.38000000,25.94220330000,0.1650000000,0.000000,5044.00,0.810000,0.770000,2016,"Transit",791.62500000
"HD 120084 b",12.70000000,2034.10180480,2142.00000000000,4.2100000000,0.483000,4879.00,2.160000,10.370000,2013,"Radial Velocity",103.04400000
"TOI-2384 b",11.48920522,624.85064816,2.13570304000,0.0279300000,0.000000,3943.00,0.635000,0.611300,2024,"Transit",191.51000000
"Kepler-82 d",1.77000000,885.09800000,2.38296100000,0.0340000000,0.000000,5428.00,0.946000,0.945000,2014,"Transit",904.32600000
"Kepler-338 b",2.44000000,30.60000000,13.72697600000,0.1170000000,0.040000,5923.00,1.105000,1.735000,2014,"Transit",552.79800000
"KOI-884 e",9.54000000,66.05405000,31.10165900000,,0.041500,5060.00,0.887000,0.788000,2014,"Transit Timing Variations",663.71100000
"K2-87 b",7.60000000,44.90000000,9.72661800000,0.0940000000,,5747.00,1.164000,1.401000,2016,"Transit",491.24200000
"Kepler-983 b",2.36000000,6.17000000,60.08550820000,0.3148000000,0.000000,6052.00,1.130000,1.080000,2016,"Transit",714.43700000
"Kepler-1948 b",1.03283226,1.09000000,15.57129955000,0.1022000000,0.000000,3872.00,0.585000,0.557000,2021,"Transit",193.90300000
"Kepler-444 c",0.49700000,0.07930000,4.54588410000,0.0488100000,0.310000,5046.00,0.758000,0.752000,2015,"Transit",36.43960000
"Kepler-1173 b",0.89000000,0.64000000,0.76985360000,0.0156000000,0.000000,5252.00,0.860000,0.820000,2016,"Transit",377.06000000
"HD 219077 b",12.50000000,3057.50927534,5478.68861000000,5.9350000000,0.768000,5362.00,0.920000,1.910000,2012,"Radial Velocity",29.18640000
"Kepler-458 c",4.20000000,16.40000000,20.74028413000,0.1701200000,0.000000,6117.21,1.150000,2.215620,2016,"Transit",1594.74000000
"Kepler-1608 b",1.73000000,3.64000000,16.47356860000,0.1126000000,0.000000,4992.00,0.750000,0.720000,2016,"Transit",832.00000000
"TOI-2093 b",3.25000000,10.60000000,12.83600000000,0.0970000000,0.000000,4426.00,0.745000,0.729000,2025,"Radial Velocity",82.79820000
"EPIC 212499991 b",1.60000000,3.19000000,34.88500000000,,,4982.79,0.912000,0.757541,2019,"Transit",283.29000000
"Kepler-759 b",2.27000000,5.77000000,41.80598500000,0.2329000000,0.000000,5860.00,1.040000,1.040000,2016,"Transit",1073.48000000
"Kepler-563 b",3.09000000,9.75000000,22.18432708000,0.1418000000,0.000000,5066.00,0.800000,0.770000,2016,"Transit",565.20700000
"Kepler-296 f",1.80000000,3.89000000,63.33627000000,0.2550000000,0.330000,3740.00,0.498000,0.480000,2014,"Transit",167.00000000
"Kepler-534 b",2.24000000,5.65000000,15.95994513000,0.1272000000,0.000000,5884.00,1.050000,0.980000,2016,"Transit",570.65900000
"TOI-512 b",1.54000000,3.57000000,7.18886000000,,0.020000,5277.00,0.740000,0.890000,2025,"Transit",67.39750000
"HD 75784 b",13.80000000,317.83000000,341.20000000000,1.0320000000,0.097000,4867.00,1.260000,3.400000,2014,"Radial Velocity",85.43210000
"Kepler-172 c",2.86000000,8.55000000,6.38899600000,0.0680000000,0.000000,5526.00,1.081000,1.085000,2014,"Transit",828.59200000
"Kepler-1340 b",1.55000000,3.02000000,0.66502691600,0.0152300000,0.000000,6331.00,1.270000,1.420000,2016,"Transit",981.77900000
"Kepler-1115 b",1.70000000,3.53000000,23.55407250000,0.2134000000,0.000000,8480.00,1.600000,1.730000,2016,"Transit",983.24500000
"KIC 5437945 b",6.40000000,33.60000000,440.78130000000,1.1967100000,0.000000,6340.00,1.070000,1.240000,2015,"Transit",1274.01000000
"Kepler-1859 c",1.66000000,3.39000000,3.59645081000,0.0473000000,0.000000,5887.00,1.090000,1.235000,2023,"Transit",1331.25000000
"Kepler-1201 b",2.29000000,5.86000000,15.18725932000,0.1183000000,0.000000,6177.00,1.150000,1.240000,2016,"Transit",944.24100000
"Kepler-232 c",3.83000000,14.00000000,11.37934900000,0.1010000000,0.000000,5847.00,0.970000,0.968000,2014,"Transit",1349.13000000
"tau Cet g",1.18000000,1.75000000,20.00000000000,0.1330000000,0.060000,5310.00,0.783000,0.830000,2017,"Radial Velocity",3.60304000
"Kepler-151 b",3.06000000,9.59000000,15.22895800000,0.1160000000,0.000000,5460.00,0.870000,0.830000,2014,"Transit",649.91900000
"TOI-201 b",11.40000000,164.00000000,52.97860000000,0.3030000000,0.275000,6423.00,1.320000,1.310000,2021,"Transit",113.82500000
"Kepler-207 d",3.31000000,11.00000000,5.86807500000,0.0680000000,0.000000,5920.00,1.313000,1.588000,2014,"Transit",875.51900000
"GJ 887 e",1.12000000,1.46000000,4.42490000000,0.0417000000,,3688.00,0.495000,0.468000,2026,"Radial Velocity",3.28679000
"WASP-108 b",15.13212395,283.50293904,2.67555212374,,0.000000,6783.00,1.167000,1.344150,2020,"Transit",258.77700000
"Kepler-1521 b",2.50000000,6.80000000,47.14840805000,0.2347600000,0.000000,5042.00,0.810000,0.760000,2016,"Transit",206.98300000
"Kepler-238 c",2.39000000,152.52200000,6.15555700000,0.0690000000,0.000000,5751.00,1.229000,1.430000,2014,"Transit",1798.75000000
"GJ 676 A d",1.78000000,3.81394088,3.60076000000,0.0390000000,0.192000,3734.00,0.626000,0.690000,2012,"Radial Velocity",16.02720000
"Kepler-620 b",3.32000000,11.00000000,12.91375431000,0.1053000000,0.000000,6155.00,1.150000,1.220000,2016,"Transit",1355.28000000
"TOI-2989 b",12.55405838,953.48522100,3.12283200000,0.0384000000,0.000000,4672.00,0.770000,0.760000,2025,"Transit",195.79500000
"Kepler-349 c",1.96000000,4.50000000,12.24762900000,0.1050000000,0.000000,5956.00,1.083000,0.927000,2014,"Transit",940.72400000
"Kepler-1231 b",1.42000000,2.60000000,10.41725184000,0.0914000000,0.000000,5778.00,1.010000,1.000000,2016,"Transit",987.23700000
"Kepler-274 b",1.54000000,2.99000000,11.63478800000,0.1010000000,0.000000,6023.00,0.883000,1.007000,2014,"Transit",1333.62000000
"Kepler-832 b",2.06000000,4.90000000,7.13969410000,0.0750000000,0.000000,5596.00,0.920000,0.900000,2016,"Transit",1688.12000000
"Kepler-1889 b",2.94360686,8.98000000,37.30369949000,0.2082000000,0.000000,5646.00,0.864000,0.817000,2021,"Transit",1395.13000000
"Kepler-988 b",2.07000000,4.94000000,17.76080053000,0.1085000000,0.000000,4005.00,0.550000,0.530000,2016,"Transit",304.88900000
"TOI-880 c",4.95000000,21.70000000,6.38727030000,0.0635000000,,5050.00,0.870000,0.830000,2025,"Transit",60.66790000
"HD 12235 b",3.23000000,10.48833743,4.36305000000,0.0540000000,0.376000,5986.00,1.100000,1.801850,2022,"Radial Velocity",31.76270000
"Kepler-444 f",0.74100000,0.33200000,9.74048600000,0.0811000000,0.290000,5046.00,0.758000,0.752000,2015,"Transit",36.43960000
"GJ 887 c",2.43000000,6.50000000,21.78400000000,0.1210000000,0.170000,3688.00,0.495000,0.468000,2020,"Radial Velocity",3.28679000
"Kepler-524 b",1.91000000,4.31000000,7.97419807000,0.0795500000,0.000000,6014.00,1.090000,1.100000,2016,"Transit",1058.24000000
"Kepler-1075 b",1.42000000,2.60000000,1.52372816000,0.0208000000,0.000000,3959.00,0.560000,0.540000,2016,"Transit",291.27500000
"Kepler-368 b",3.26000000,10.70000000,26.84768000000,0.1860000000,0.000000,5502.00,1.165000,2.019000,2014,"Transit",770.97800000
"Kepler-115 b",1.09000000,1.32000000,2.40367900000,0.0360000000,0.000000,5979.00,1.042000,1.205000,2014,"Transit",623.60900000
"Kepler-1735 b",1.19429134,1.84000000,7.71792984000,0.0621000000,0.000000,3975.00,0.535000,0.509000,2021,"Transit",245.30300000
"TOI-1898 b",9.39553231,129.00000000,45.52234000000,0.2690000000,0.485000,6241.00,1.248400,1.613100,2024,"Transit",79.66820000
"Kepler-1130 c",0.79239584,0.42200000,3.26663994800,0.0423800000,0.000000,5450.00,0.944000,0.842000,2021,"Transit",249.34300000
"HD 20782 b",13.60000000,472.83000000,597.06430000000,1.3649000000,0.950000,5782.13,1.040000,1.126810,2006,"Radial Velocity",35.98640000
"Kepler-1376 b",1.05000000,1.16000000,5.30880656000,0.0598000000,0.000000,5659.00,0.980000,0.970000,2016,"Transit",868.05600000
"Kepler-1190 b",1.33000000,2.33000000,10.45843441000,0.0845000000,0.000000,4730.00,0.760000,0.720000,2016,"Transit",342.50900000
"Kepler-450 b",6.14000000,19.40000000,28.45485100000,0.2009200000,0.020000,6197.21,1.190000,1.641620,2015,"Transit",455.98200000
"Kepler-758 d",2.12000000,5.14000000,20.49661970000,0.1527000000,0.000000,6228.00,1.160000,1.420000,2016,"Transit",1502.32000000
"HAT-P-47 b",14.71739166,65.47265184,4.73217441000,,,6703.00,1.387000,1.515000,2026,"Transit",282.09600000
"HD 135625 b",13.30000000,731.00533610,4055.00000000000,5.4000000000,0.160000,6040.64,1.280000,1.357430,2023,"Radial Velocity",56.51800000
"TOI-2211.01",1.56100000,3.06000000,3.09268675700,0.0401100000,,5253.00,0.900000,0.834000,2024,"Transit",70.29320000
"Kepler-124 b",0.73000000,0.31500000,3.41049300000,0.0390000000,0.000000,4984.00,0.706000,0.636000,2014,"Transit",420.04600000
"Kepler-1259 b",1.43000000,2.63000000,0.66308525800,0.0141000000,0.000000,5053.00,0.800000,0.770000,2016,"Transit",805.56200000
"TOI-1859 b",9.75181321,68.60000000,63.48347000000,0.3370000000,0.570000,6341.00,1.287000,1.360000,2023,"Transit",224.38500000
"TOI-1836 b",8.00321222,38.45723725,20.38079900000,0.1597000000,0.000000,6380.00,1.307000,1.577000,2024,"Transit",191.64900000
"Kepler-616 b",2.43000000,6.48000000,9.99761851000,0.0927000000,0.000000,5753.00,0.980000,0.970000,2016,"Transit",945.77500000
"HD 141399 e",14.10000000,209.76780000,5000.00000000000,5.0000000000,0.260000,5600.00,1.070000,1.387236,2014,"Radial Velocity",37.01690000
"Kepler-1008 b",1.28000000,2.18000000,12.43931193000,0.0975500000,0.000000,5066.00,0.810000,0.780000,2016,"Transit",282.56500000
"TOI-2133 b",2.37000000,6.21000000,3.82664720000,0.0410000000,,4250.00,0.644000,0.620000,2026,"Transit",75.19730000
"Kepler-1979 b",29.33000000,,18.50845260000,0.1383000000,0.000000,5942.00,1.028000,0.938000,2023,"Transit",1076.27000000
"TOI-2406 b",2.86000000,15.60000000,3.07668910000,0.0226700000,0.170000,3100.00,0.166000,0.204000,2021,"Transit",55.41900000
"WASP-157 b",11.19000000,182.43442000,3.95162300000,0.0499000000,0.000000,5772.00,1.060000,1.100000,2016,"Transit",334.03700000
"Kepler-1183 b",2.82000000,8.35000000,28.50571890000,0.1793000000,0.000000,5765.00,1.000000,0.990000,2016,"Transit",1919.19000000
"Kepler-331 d",1.64000000,3.33000000,32.13432800000,0.1590000000,0.000000,4347.00,0.653000,0.492000,2014,"Transit",580.11900000
"TOI-5322 b",16.61170940,184.02264765,5.42332070000,0.0604000000,0.055000,5692.00,0.998000,1.462000,2025,"Transit",476.89900000
"HD 457 b",11.90000000,8445.33643080,20324.58153000000,15.3690000000,0.565000,6114.04,1.150000,1.281940,2022,"Radial Velocity",55.03750000
"HD 112640 b",12.90000000,1589.15000000,613.20000000000,1.7000000000,0.240000,4155.00,1.800000,39.000000,2020,"Radial Velocity",323.33500000
"Kepler-1647 b",11.87390000,483.00000000,1107.59230000000,2.7205000000,0.058100,6210.00,1.220700,1.790300,2016,"Transit",1212.45000000
"Kepler-1197 b",1.25000000,2.10000000,2.03231845000,0.0286900000,0.000000,4708.00,0.780000,0.720000,2016,"Transit",486.94000000
"HD 153557 b",4.77000000,20.34101805,7.29903000000,0.0680000000,0.065000,4837.00,0.790000,0.745171,2022,"Radial Velocity",17.94120000
"Kepler-1939 b",1.16480773,1.68000000,2.79065990400,0.0334000000,0.000000,4353.00,0.648000,0.603000,2021,"Transit",189.83300000
"TIC 117642575 b",2.82716337,8.38000000,4.94459060181,,,5719.98,1.060000,1.081020,2026,"Transit",188.75800000
"Kepler-621 b",2.30000000,5.90000000,2.62811374600,0.0310000000,0.000000,4521.00,0.720000,0.680000,2016,"Transit",389.00000000
"Kepler-1113 b",2.81000000,8.30000000,42.30049540000,0.2415000000,0.000000,5931.00,1.120000,1.170000,2016,"Transit",1073.88000000
"Kepler-142 b",1.99000000,4.62000000,2.02415200000,0.0320000000,0.000000,5790.00,0.978000,1.269000,2014,"Transit",548.68600000
"Kepler-662 b",2.18000000,5.39000000,21.67697486000,0.1408000000,0.000000,4897.00,0.790000,0.740000,2016,"Transit",815.63700000
"Kepler-1336 c",1.71000000,3.57000000,5.77721211000,0.0627200000,0.000000,5512.00,0.940000,1.300000,2016,"Transit",1126.64000000
"TOI-216.02",8.00000000,18.75187601,17.16073000000,0.1293000000,0.160000,5026.00,0.770000,0.748000,2019,"Transit",177.94500000
"Kepler-236 c",2.00000000,4.66000000,23.96812700000,0.1320000000,0.000000,3750.00,0.596005,0.510000,2014,"Transit",288.76300000
"HD 196067 b",12.40000000,3623.24383980,3413.70000000000,4.7100000000,0.562920,6072.00,1.160000,1.710000,2012,"Radial Velocity",39.93460000
"Kepler-1210 b",1.70000000,3.53000000,8.07124073000,0.0753000000,0.000000,5568.00,0.940000,0.920000,2016,"Transit",1176.53000000
"Kepler-91 b",15.32270300,257.44230000,6.24658000000,0.0731000000,0.051900,4550.00,1.310000,6.300000,2013,"Transit",1294.69000000
"K2-290 b",3.06000000,10.90000000,9.21165000000,0.0923000000,0.000000,6302.00,1.194000,1.511000,2019,"Transit",272.90900000
"Kepler-1766 b",2.27904508,5.81000000,105.01499940000,0.4161000000,0.000000,5868.00,0.915000,1.042000,2021,"Transit",501.22900000
"HD 176986 c",,2097.98531461,16.81240000000,0.1187300000,0.111000,4931.00,0.789000,0.782000,2017,"Radial Velocity",27.78430000
"K2-170 c",1.80176470,3.90000000,12.40004700000,,,5748.00,0.963657,0.981614,2018,"Transit",392.87200000
"HD 72490 b",13.50000000,561.92344000,858.00000000000,1.8800000000,0.124000,4934.00,1.210000,4.960000,2018,"Radial Velocity",126.33900000
"HD 12661 c",13.20000000,899.45439181,1708.00000000000,2.8145000000,0.031000,5748.00,1.020000,1.110000,2002,"Radial Velocity",37.84780000
"Kepler-1061 b",1.98000000,4.58000000,2.75798266600,0.0388000000,0.000000,6067.00,1.090000,1.070000,2016,"Transit",543.37500000
"Kepler-1904 b",1.39049940,2.51000000,4.57702016800,0.0436000000,0.000000,3805.00,0.526000,0.497000,2021,"Transit",270.85400000
"Kepler-473 b",4.08000000,15.60000000,14.55731705000,0.1204800000,0.000000,5816.00,1.060000,1.340000,2016,"Transit",905.93700000
"HD 14787 b",13.70000000,356.28743000,676.60000000000,1.7000000000,0.155000,4946.00,1.430000,5.010000,2018,"Radial Velocity",119.13700000
"WASP-106 b",12.10569916,613.40882551,9.28969000000,0.0901000000,0.023000,6002.00,1.175000,1.470000,2014,"Transit",352.18100000
"TOI-6158 b",10.40000000,135.00000000,3.04468990000,0.0327500000,0.059000,3467.00,0.503000,0.476000,2026,"Transit",180.96000000
"Kepler-1840 b",2.77771129,8.13000000,131.19000240000,0.4620600000,0.000000,4898.00,0.774000,0.803000,2021,"Transit",513.10700000
"kap And b",15.91675259,5498.43144110,,55.0000000000,,11327.00,2.768000,2.109000,2012,"Imaging",50.01770000
"Kepler-1751 b",1.82417378,3.98000000,7.01731014300,0.0712000000,0.000000,6052.00,0.974000,0.967000,2021,"Transit",1291.47000000
"Kepler-1067 b",0.80000000,0.43700000,0.76212926100,0.0164000000,0.000000,5592.00,0.950000,0.930000,2016,"Transit",667.69300000
"TOI-2578 b",19.66055215,167.17774208,3.45796670000,0.0495000000,0.098000,6333.00,1.270000,1.640000,2026,"Transit",285.53000000
"Kepler-624 b",2.31000000,5.95000000,14.58649607000,0.1163800000,0.000000,6117.00,1.100000,1.180000,2016,"Transit",748.18800000
"TOI-5349 b",10.20000000,127.40000000,3.31792100000,0.0369000000,0.030000,3751.00,0.610000,0.580000,2026,"Transit",188.33600000
"TOI-1294 c",14.30000000,147.00000000,159.90000000000,0.6100000000,0.000000,5718.00,1.157800,1.556600,2024,"Radial Velocity",332.64800000
"Kepler-1039 b",1.46000000,2.73000000,0.93488424200,0.0171400000,0.000000,4870.00,0.790000,0.740000,2016,"Transit",306.91000000
"HAT-P-60 b",18.28184752,182.43350562,4.79478130000,0.0627700000,0.250000,6212.00,1.435000,2.197000,2021,"Transit",233.22000000
"HD 88986 b",2.49000000,17.20000000,146.05000000000,0.5800000000,0.240000,5861.00,1.250000,1.543000,2023,"Radial Velocity",33.26730000
"HD 215152 e",,975.41538108,25.19670000000,0.1541700000,0.000000,4935.00,0.770000,0.730000,2018,"Radial Velocity",21.59740000
"Kepler-704 b",2.61000000,7.32000000,3.76182115000,0.0470000000,0.000000,5616.00,0.970000,0.960000,2016,"Transit",1228.83000000
"K2-385 b",1.53900000,2.98000000,2.38086700000,,,4844.00,0.927000,0.761000,2022,"Transit",420.81900000
"Kepler-1432 b",2.22000000,5.56000000,23.91090110000,0.1696000000,0.000000,6031.00,1.090000,1.130000,2016,"Transit",2171.87000000
"Kepler-135 c",1.16000000,1.65000000,11.44870800000,0.1030000000,0.000000,6090.00,1.047000,1.275000,2014,"Transit",621.85500000
"Kepler-950 b",8.98000000,59.60000000,98.71804060000,0.3982000000,0.000000,5857.00,1.020000,1.020000,2016,"Transit",2161.60000000
"HD 73526 b",13.10000000,978.91640000,188.30000000000,0.6500000000,0.190000,5601.00,1.140000,1.530000,2002,"Radial Velocity",97.23960000
"HD 207897 b",2.34302132,14.80000000,16.20166000000,0.1170000000,0.000000,5106.00,0.820800,0.782700,2021,"Transit",28.29380000
"Kepler-1459 b",1.36000000,2.42000000,62.86916110000,0.2829000000,0.000000,4828.00,0.780000,0.740000,2016,"Transit",455.47900000
"Kepler-1358 b",1.12000000,1.46000000,7.06317341000,0.0656000000,0.000000,5181.00,0.820000,0.790000,2016,"Transit",546.99800000
"HD 360 b",14.00000000,238.37130525,273.10000000000,0.9800000000,0.139000,4770.00,1.690000,10.860000,2021,"Radial Velocity",111.54200000
"TOI-4030 b",5.84625590,28.80000000,2.50900199461,,,5640.37,0.980000,0.991737,2026,"Transit",571.61500000
"Kepler-741 b",2.97000000,9.11000000,7.03902374000,0.0744000000,0.000000,6129.00,1.160000,1.240000,2016,"Transit",1661.87000000
"Kepler-1299 b",2.98000000,9.17000000,19.94008740000,0.1357000000,0.000000,5609.00,0.940000,0.910000,2016,"Transit",1404.94000000
"Kepler-1806 b",2.35560189,6.15000000,9.03332042700,0.0813000000,0.000000,5311.00,0.884000,0.788000,2021,"Transit",978.06600000
"TOI-375 c",13.40000000,669.34662514,115.50000000000,0.5240000000,,5259.90,1.441000,2.900000,2026,"Radial Velocity",396.21300000
"Kepler-1048 b",1.61000000,3.22000000,6.92101021000,0.0590000000,0.000000,4651.00,0.750000,0.700000,2016,"Transit",556.00600000
"Kepler-749 b",3.10000000,9.80000000,17.31716585000,0.1054000000,0.000000,5009.00,0.790000,0.750000,2016,"Transit",721.02700000
"HD 102329 b",12.60000000,2593.49280000,778.09998000000,1.8100000000,0.210000,4745.00,3.210000,9.820000,2011,"Radial Velocity",217.10700000
"TOI-1194 b",8.71664516,120.00000000,2.31064460000,0.0340000000,0.000000,5394.00,0.983500,0.960800,2023,"Transit",149.66700000
"Barnard d",0.69400000,0.26300000,2.34020000000,0.0188000000,0.040000,3195.00,0.162000,0.185000,2025,"Radial Velocity",1.82655000
"Kepler-1951 b",2.32107188,6.00000000,20.65780067000,0.1435000000,0.000000,5468.00,0.923000,1.306000,2021,"Transit",1277.32000000
"HIP 114933 b",13.40000000,616.58710958,1481.60000000000,2.8400000000,0.210000,4823.00,1.390000,5.270000,2021,"Radial Velocity",101.76600000
"Kepler-1305 b",1.88000000,4.19000000,13.56309720000,0.1109000000,0.000000,5701.00,0.970000,0.960000,2016,"Transit",1575.23000000
"Kepler-598 b",1.50000000,2.86000000,3.70175428000,0.0448700000,0.000000,5307.00,0.870000,0.860000,2016,"Transit",681.08600000
"HD 185283 b",13.60000000,413.17692910,4060.00000000000,4.6000000000,0.070000,4848.00,0.800000,0.743303,2023,"Radial Velocity",31.39500000
"Kepler-1920 b",2.95415848,9.03000000,30.25410080000,0.2043000000,0.000000,6277.00,1.239000,1.161000,2021,"Transit",885.91300000
"HD 65216 b",13.60000000,411.58985000,577.60000000000,1.3010000000,0.270000,5612.00,0.874000,0.880000,2003,"Radial Velocity",35.12050000
"Kepler-954 b",2.32000000,5.99000000,16.78176602000,0.1202000000,0.000000,4990.00,0.820000,0.760000,2016,"Transit",215.81400000
"EPIC 206042996 c",1.20000000,1.87000000,0.35488400000,,,4114.00,0.565000,0.500000,2021,"Transit",451.76900000
"HATS-38 b",6.88232600,23.51942000,4.37502100000,0.0503600000,0.000000,5732.00,0.890000,1.105000,2020,"Transit",343.52500000
"Kepler-1388 c",2.26000000,5.73000000,5.53608151000,0.0519000000,0.000000,4098.00,0.630000,0.610000,2016,"Transit",453.79500000
"TIC 178172313 b",2.80405322,8.27000000,4.37318161360,,,5405.59,0.910000,0.843450,2026,"Transit",178.13700000
"Gliese 12 b",0.93000000,0.95000000,12.76141800000,0.0670000000,0.240000,3328.00,0.255000,0.265000,2024,"Transit",12.21000000
"Kepler-266 c",3.89000000,14.40000000,107.72360100000,0.4570000000,0.000000,5885.00,0.947000,1.028000,2014,"Transit",1370.79000000
"NGTS-30 b",10.40193409,305.11527072,98.29838000000,0.4080000000,0.294000,5455.00,0.940000,0.913000,2024,"Transit",238.37700000
"Kepler-1388 e",2.46000000,6.62000000,37.63270840000,0.1861000000,0.000000,4098.00,0.630000,0.610000,2016,"Transit",453.79500000
"Kepler-1311 b",1.24000000,2.07000000,11.17269940000,0.1008200000,0.000000,5748.00,1.050000,1.400000,2016,"Transit",866.33100000
"Kepler-1991 c",2.57000000,7.13000000,22.79020351000,0.1528000000,0.000000,5478.00,0.914000,1.053000,2023,"Transit",855.82000000
"Kepler-126 d",2.50000000,54.59018723,100.28313400000,0.4480000000,0.020000,6239.00,1.108000,1.358000,2014,"Transit",237.40100000
"TOI-4029 b",6.73756618,36.60000000,5.88498234631,,,5662.53,1.018000,1.178340,2026,"Transit",274.43600000
"Kepler-2001 b",1.04000000,1.12000000,1.09001100300,0.0197000000,0.000000,5081.00,0.864000,0.770000,2023,"Transit",776.55000000
"Kepler-1247 b",2.33000000,6.04000000,13.71220213000,0.1091000000,0.000000,5303.00,0.860000,0.820000,2016,"Transit",1045.92000000
"Kepler-68 e",11.20000000,86.44932670,3455.00000000000,4.6000000000,0.330000,5847.00,1.057000,1.256400,2023,"Radial Velocity",144.16600000
"Kepler-1406 b",1.10000000,1.37000000,11.62905828000,0.0987000000,0.000000,5892.00,1.050000,1.120000,2016,"Transit",572.40300000
"Kepler-1682 b",2.88940836,8.70000000,14.83340000000,0.1134000000,0.000000,5619.12,0.990000,0.842301,2020,"Transit",1159.85000000
"Kepler-174 d",2.19000000,5.43000000,247.35373000000,0.6770000000,0.000000,4880.00,0.602000,0.622000,2014,"Transit",384.75700000
"Kepler-326 b",1.52000000,44.60000000,2.24832900000,0.0320000000,0.000000,5105.00,0.910000,0.801000,2014,"Transit",487.67500000
"GJ 3998 d",2.34000000,6.07000000,41.78000000000,0.1890000000,0.000000,3726.00,0.520000,0.500000,2025,"Radial Velocity",18.14590000
"HD 205158 b",13.90000000,124.58873554,25.33798000000,0.1770000000,0.145000,6133.55,1.160000,1.877410,2022,"Radial Velocity",86.61590000
"HD 219134 h",12.70000000,108.06220000,2247.00000000000,3.1100000000,0.060000,4913.00,0.794000,0.770000,2015,"Radial Velocity",6.53127000
"K2-183 c",2.30000000,5.90000000,10.78799200000,0.0932000000,,5482.00,0.942219,0.870000,2018,"Transit",329.04100000
"NGTS-21 b",14.90794433,750.07504052,1.54338970000,0.0236000000,0.000000,4660.00,0.720000,0.860000,2022,"Transit",592.89100000
"Kepler-1519 b",7.06000000,39.60000000,240.79893970000,0.7655000000,0.000000,5644.00,0.940000,0.910000,2016,"Transit",1441.63000000
"TCP J05074264+2447555 b",4.72000000,20.00000000,,0.9400000000,,5805.00,0.586000,1.424870,2018,"Microlensing",505.00000000
"TOI-2459 b",2.95310000,9.03000000,19.10471800000,,,4195.00,0.660000,0.675100,2023,"Transit",36.61130000
"Kepler-784 b",1.58000000,3.12000000,31.59226460000,0.2211100000,0.000000,5674.00,1.000000,1.320000,2016,"Transit",1303.72000000
"TOI-2641 b",18.10250383,122.68176510,4.88097400000,0.0607000000,0.180000,6100.00,1.160000,1.336000,2023,"Transit",344.04500000
"Kepler-255 c",2.99000000,9.22000000,9.94604700000,0.0920000000,0.000000,5573.00,0.867000,0.933000,2014,"Transit",1052.53000000
"HD 51608 c",3.87000000,14.31000000,95.94460000000,0.3809000000,0.140000,5358.00,0.800000,0.916136,2019,"Radial Velocity",35.05530000
"TIC 434398831 c",5.63000000,27.00000000,6.21029100000,0.0657200000,0.013000,5638.00,0.992000,0.909000,2025,"Transit",217.01100000
"TOI-3082 b",3.66210000,13.00000000,1.92690700000,,,4263.00,0.664000,0.684700,2023,"Transit",113.04800000
"Kepler-1037 b",1.28000000,2.18000000,1.06378867300,0.0198000000,0.000000,5105.00,0.820000,0.780000,2016,"Transit",446.91400000
"TOI-2141 d",3.97000000,14.90000000,60.45000000000,0.2906000000,,5635.00,0.896000,0.950000,2025,"Radial Velocity",77.68200000
"HD 88133 b",13.80000000,324.18660000,3.41488400000,0.0479000000,0.031000,5392.00,1.260000,2.200000,2004,"Radial Velocity",73.61230000
"TOI-1448 b",2.74900000,19.50000000,8.11224500000,0.0567000000,0.360000,3412.00,0.372000,0.380000,2024,"Transit",73.33450000
"TIC 294329732 b",2.07692266,4.97000000,9.75658761810,,,5201.93,0.890000,0.920172,2026,"Transit",189.33300000
"WISPIT 2 c",17.93436912,3178.28407000,,14.0000000000,,4530.00,1.080000,1.300000,2026,"Imaging",134.90700000
"K2-272 b",3.13000000,9.96000000,14.45367560000,0.1007000000,,5397.00,0.860000,0.830000,2018,"Transit",423.06500000
"TOI-3474 b",14.67255574,193.87532827,3.87951050000,0.0502000000,0.130000,6020.00,1.121000,1.256000,2025,"Transit",420.12300000
"Kepler-825 c",1.84000000,4.04000000,8.18182460000,0.0759000000,0.000000,5976.00,1.030000,1.080000,2016,"Transit",807.85000000
"Kepler-382 b",1.32000000,2.30000000,5.26215500000,0.0550000000,0.000000,5600.00,1.002000,0.945000,2014,"Transit",935.44600000
"Kepler-266 b",2.48000000,6.71000000,6.61833000000,0.0710000000,0.000000,5885.00,0.947000,1.028000,2014,"Transit",1370.79000000
"Kepler-1962 b",1.21463929,1.95000000,7.99145984600,0.0783000000,0.000000,5700.00,1.003000,1.006000,2021,"Transit",866.82600000
"TOI-1266 d",1.74000000,3.68000000,32.50900000000,0.1513000000,0.087000,3563.00,0.437000,0.423200,2025,"Transit Timing Variations",36.01180000
"Kepler-691 b",2.09000000,5.02000000,8.11437900000,0.0649000000,0.000000,3715.00,0.530000,0.500000,2016,"Transit",279.11500000
"HD 142415 b",13.50000000,530.77610000,386.29999000000,1.0600000000,0.500000,5940.00,1.070000,1.040000,2003,"Radial Velocity",35.53180000
"WASP-167 b",17.71022000,2542.64000000,2.02195960000,0.0365000000,,7000.00,1.590000,1.790000,2017,"Transit",423.55200000
"K2-412 b",2.11600000,5.13000000,5.93820000000,0.0586000000,,5590.00,0.893000,0.977000,2022,"Transit",654.08500000
"Kepler-1441 b",1.31000000,2.27000000,39.44198390000,0.2346000000,0.000000,5802.00,1.000000,1.000000,2016,"Transit",1110.48000000
"CoRoT-28 b",10.70459500,153.82972000,5.20851000000,0.0603000000,0.047000,5150.00,1.010000,1.780000,2015,"Transit",766.18300000
"Kepler-37 c",0.75500000,1.30000000,21.30184800000,0.1390000000,0.099000,5357.00,0.790000,0.789000,2013,"Transit",63.92070000
"Kepler-138 c",1.51000000,2.30000000,13.78150000000,0.0913000000,0.017000,3841.00,0.535000,0.535000,2014,"Transit",66.86240000
"Kepler-46 d",1.64000000,3.33000000,6.76658900000,0.0670000000,0.000000,5309.00,0.883000,0.790000,2014,"Transit",777.06000000
"Kepler-1755 b",5.91688317,29.40000000,24.81209946000,0.1668000000,0.000000,6086.00,1.003000,0.921000,2021,"Transit",982.38300000
"Teegarden's Star c",1.02000000,1.05000000,11.41600000000,0.0455000000,0.040000,3034.00,0.097000,0.120000,2019,"Radial Velocity",3.83078000
"HD 219828 b",4.59000000,19.06970442,3.83483000000,0.0490000000,0.091000,5891.00,1.040000,1.560000,2007,"Radial Velocity",73.11400000
"Kepler-835 b",2.79000000,8.20000000,11.41909375000,0.1070000000,0.000000,5954.00,1.080000,1.110000,2016,"Transit",2406.33000000
"Kepler-1666 c",3.23564749,10.50000000,40.71570000000,0.2383000000,0.000000,6293.00,1.230000,1.145860,2020,"Transit",1379.37000000
"Kepler-1143 b",1.67000000,3.43000000,2.88890484900,0.0371000000,0.000000,5053.00,0.810000,0.770000,2016,"Transit",555.18900000
"KOI-4777.01",0.51000000,99.20000000,0.41200000000,0.0080000000,0.000000,3515.00,0.410000,0.400000,2022,"Transit",172.24500000
"Kepler-79 d",7.15000000,5.30000000,52.08970000000,0.2937000000,0.051000,6389.00,1.244000,1.316000,2014,"Transit",1020.72000000
"Kepler-190 b",1.56000000,3.05000000,2.01999900000,0.0300000000,0.000000,5106.00,0.834000,0.795000,2014,"Transit",433.38700000
"NGTS-17 b",13.89913607,242.82090295,3.24253000000,0.0391000000,0.000000,5650.00,1.025000,1.337000,2021,"Transit",1040.28000000
"Kepler-354 c",1.31000000,2.27000000,16.93440200000,0.1150000000,0.000000,4648.00,0.652000,0.674000,2014,"Transit",554.06400000
"TIC 198190129 b",2.92284949,8.87000000,7.94804910667,,,4377.53,0.638000,0.640675,2026,"Transit",130.03500000
"Kepler-1933 b",1.17984089,1.76000000,4.94329023400,0.0560500000,0.000000,5661.00,0.964000,1.008000,2021,"Transit",328.00700000
"TOI-5811 B b",21.96960217,257.44100967,6.25663000000,0.0731000000,,4840.00,1.080000,3.730000,2026,"Transit",170.13500000
"Kepler-1041 b",2.94000000,8.96000000,24.75764210000,0.1688000000,0.000000,5957.00,1.060000,1.080000,2016,"Transit",1485.82000000
"KIC 10525077 b",5.50000000,25.90000000,854.08300000000,,,6091.00,1.010000,1.010000,2015,"Transit",1461.15000000
"K2-70 b",2.89000000,8.70000000,13.97896000000,0.1112000000,,5622.00,0.940000,0.930000,2016,"Transit",232.96400000
"TOI-5704 b",3.22740000,10.50000000,3.77111600000,,,4590.00,0.730000,0.757500,2023,"Transit",89.63700000
"HATS-4 b",11.43300000,420.47100000,2.51672900000,0.0362000000,0.013000,5403.00,1.001000,0.925000,2014,"Transit",416.45900000
"Kepler-121 b",2.34000000,6.08000000,3.17742200000,0.0390000000,0.000000,5311.00,0.859000,0.701000,2014,"Transit",510.52300000
"HD 163607 b",13.90000000,249.05158800,75.22030000000,0.3620000000,0.744100,5522.00,1.120000,1.760000,2012,"Radial Velocity",67.78550000
"TOI-1453 b",1.17300000,2.32000000,4.31352250000,,0.000000,4975.00,0.715000,0.720000,2025,"Transit",78.74150000
"Kepler-395 c",1.32000000,2.30000000,34.98926200000,0.1770000000,0.000000,4262.00,0.622827,0.556000,2014,"Transit",421.38200000
"TOI-7393 b",11.30000000,194.78000000,3.33708000000,0.0366400000,0.119800,3927.00,0.600000,0.582000,2026,"Transit",189.03800000
"HIP 81991 b",12.50000000,3019.36986650,5860.00000000000,6.4000000000,,5100.00,1.090000,2.821110,2026,"Radial Velocity",43.90160000
"Kepler-1965 b",1.35415138,2.40000000,41.86869812000,0.2297100000,0.000000,5852.00,0.928000,0.837000,2021,"Transit",521.79100000
"DMPP-8 b",10.80000000,81.09000000,62.91500000000,0.3098000000,0.275000,6009.00,0.990000,1.240000,2026,"Radial Velocity",76.13350000
"Kepler-501 b",4.30000000,17.10000000,5.64067757200,0.0627000000,0.000000,5904.00,1.030000,1.040000,2016,"Transit",1125.24000000
"TOI-892 b",11.99363000,301.93850000,10.62656000000,0.0920000000,0.125000,6261.00,1.280000,1.390000,2020,"Transit",340.54300000
"Kepler-1898 b",0.93353523,0.76000000,4.76562023200,0.0506300000,0.000000,5702.00,0.837000,1.125000,2021,"Transit",360.92100000
"Kepler-1274 b",1.42000000,2.60000000,6.98152703000,0.0816100000,0.000000,6179.00,1.450000,2.170000,2016,"Transit",614.64800000
"G 9-40 b",1.90000000,4.00000000,5.74599820000,0.0418000000,0.000000,3395.00,0.295200,0.302600,2019,"Transit",27.92760000
"K2-46 b",2.05000000,4.86000000,19.15410000000,0.1382100000,,6256.00,0.960000,1.290000,2016,"Transit",449.23700000
"K2-199 c",2.85000000,12.40000000,7.37448970000,0.0662000000,0.030000,4491.00,0.711000,0.682000,2018,"Transit",107.51800000
"TOI-2005 b",11.99360935,2034.10180480,17.30590400000,0.1600000000,0.597000,7130.00,1.590000,2.020000,2025,"Transit",328.47500000
"Kepler-1065 b",3.73000000,13.40000000,3.60930890700,0.0455000000,0.000000,5635.00,0.940000,0.930000,2016,"Transit",1122.48000000
"TOI-7394 B b",11.50000000,668.74000000,1.25299500000,0.0191300000,0.027100,3717.00,0.624000,0.609000,2026,"Transit",189.98600000
"HD 112300 b",12.20000000,5031.22368281,466.63000000000,1.3300000000,0.360000,3657.00,1.400000,65.800000,2023,"Radial Velocity",62.07324000
"TOI-5614 b",3.21759316,10.40000000,4.17221328949,,,4553.00,0.674000,0.734919,2026,"Transit",223.01600000
"Kepler-793 b",1.37000000,2.45000000,4.24153639000,0.0491000000,0.000000,5745.00,0.980000,0.970000,2016,"Transit",985.69900000
"Kepler-307 c",2.20000000,3.64000000,13.07290000000,0.1089600000,0.000000,5367.00,0.907000,0.814000,2013,"Transit",575.58100000
"Kepler-613 b",2.29000000,5.86000000,15.77979614000,0.1232000000,0.000000,5723.00,0.980000,0.960000,2016,"Transit",861.49400000
"K2-138 g",3.01300000,4.32000000,41.96797000000,0.2310900000,0.059000,5356.30,0.935000,0.863000,2021,"Transit",202.58500000
"HD 128311 b",13.50000000,562.24127000,453.01900000000,1.0840000000,0.303000,4965.00,0.828000,0.760000,2002,"Radial Velocity",16.32920000
"Kepler-20 b",1.77300000,9.70000000,3.69610490000,0.0456500000,0.083000,5495.00,0.929000,0.916400,2011,"Transit",282.56300000
"Kepler-1634 b",3.19000000,10.30000000,374.87623900000,1.0525000000,0.000000,5474.00,0.920000,0.890000,2016,"Transit",617.33900000
"MOA-2020-BLG-108L b",12.40000000,3391.22910269,,3.6900000000,,,0.580000,,2026,"Microlensing",5130.00000000
"HD 715 b",11.99360935,201.82103844,56.40000000000,0.3360000000,0.210000,6070.00,1.600000,2.500000,2026,"Transit",167.25300000
"Kepler-445 d",1.25000000,2.10000000,8.15275000000,0.0439000000,0.000000,3157.00,0.180000,0.210000,2015,"Transit",127.20100000
"Kepler-1701 b",2.22186207,5.57000000,169.13400000000,0.5738000000,0.000000,5146.00,0.870000,0.840217,2020,"Transit",584.14200000
"Kepler-1835 b",3.53387773,12.20000000,11.96409988000,0.0997000000,0.000000,5903.00,0.922000,0.961000,2021,"Transit",1404.38000000
"Kepler-1024 b",3.91000000,14.50000000,66.41621330000,0.3033000000,0.000000,5143.00,0.810000,0.780000,2016,"Transit",1087.40000000
"Kepler-1545 b",2.70000000,7.75000000,163.69234900000,0.5442000000,0.000000,5201.00,0.840000,0.800000,2016,"Transit",729.96400000
"Kepler-1774 b",3.18179549,10.20000000,59.77080154000,0.2949600000,0.000000,6214.00,1.101000,1.122000,2021,"Transit",816.59200000
"KOBE-1 b",2.91000000,8.80000000,8.53990000000,0.0700600000,0.000000,4135.00,0.629000,0.619000,2025,"Radial Velocity",23.97180000
"Kepler-1852 b",1.88610592,4.22000000,7.97094011300,0.0762000000,0.000000,5237.00,0.927000,0.826000,2021,"Transit",772.48100000
"Kepler-1196 b",2.23000000,5.60000000,66.18490310000,0.3179000000,0.000000,5756.00,0.980000,0.970000,2016,"Transit",922.33300000
"TOI-1221 b",2.91000000,1112.39942450,91.68278000000,0.3870000000,0.210000,5592.00,0.930000,1.031000,2023,"Transit",138.41100000
"Kepler-324 c",3.15000000,6.20000000,51.80561200000,0.2600000000,0.000000,5194.00,0.901000,0.840000,2014,"Transit",501.57400000
"Kepler-1122 b",2.04000000,4.82000000,42.19173570000,0.2315000000,0.000000,5544.00,0.920000,0.890000,2016,"Transit",1230.42000000
"Kepler-1826 b",1.47519116,2.78000000,1.61536002200,0.0213000000,0.000000,3821.00,0.490000,0.486000,2021,"Transit",336.95200000
"HD 134606 c",3.37000000,11.31000000,58.88300000000,0.3007000000,0.055000,5576.00,1.046000,1.158000,2024,"Radial Velocity",26.79090000
"TIC 150070085 b",3.62000000,12.80000000,10.47423000000,,,5999.00,1.160000,1.086000,2026,"Transit",204.36800000
"HIP 75092 b",13.50000000,568.91284853,926.40000000000,2.0200000000,0.420000,4891.00,1.280000,4.530000,2021,"Radial Velocity",81.66960000
"Kepler-828 b",1.51000000,2.89000000,0.56785713600,0.0122800000,0.000000,5039.00,0.810000,0.770000,2016,"Transit",575.32200000
"HD 5278 b",2.45000000,7.80000000,14.33915600000,0.1202000000,0.080000,6203.00,1.126000,1.194000,2021,"Transit",57.58460000
"Kepler-1157 b",1.09000000,1.32000000,4.45743164000,0.0448000000,0.000000,4679.00,0.760000,0.710000,2016,"Transit",342.14400000
"Kepler-1610 b",1.61000000,3.22000000,8.70181574000,0.0777000000,0.000000,5383.00,0.910000,0.870000,2016,"Transit",864.33100000
"Kepler-1245 c",1.44000000,2.67000000,2.93658468100,0.0372000000,0.000000,5306.00,0.860000,0.830000,2016,"Transit",805.93600000
"Kepler-297 d",32.60000000,,150.01895110000,0.5230000000,0.000000,5618.00,0.846000,0.897000,2023,"Transit",692.14000000
"Kepler-431 b",0.76400000,0.37000000,6.80300000000,0.0719000000,0.000000,6004.00,1.071000,1.092000,2015,"Transit",486.54600000
"DMPP-4 b",3.53000000,12.20000000,3.49820000000,0.0485300000,0.063000,6400.00,1.250000,1.380000,2023,"Radial Velocity",25.32840000
"Kepler-184 d",2.49000000,6.76000000,29.02235800000,0.1790000000,0.000000,5788.00,0.872000,0.873000,2014,"Transit",610.32600000
"Kepler-1140 b",2.77000000,8.10000000,24.08627070000,0.1478000000,0.000000,4850.00,0.760000,0.730000,2016,"Transit",656.48000000
"TOI-1799 b",1.64200000,4.00000000,7.09457086500,0.0725020000,0.000000,5690.00,1.010000,0.957000,2024,"Transit",62.12740000
"Kepler-1696 b",2.80982017,8.29000000,65.94090000000,0.3244000000,0.000000,5712.00,1.020000,1.198110,2020,"Transit",1506.36000000
"Kepler-928 b",1.59000000,3.15000000,3.93246130200,0.0444000000,0.000000,4700.00,0.730000,0.700000,2016,"Transit",508.80900000
"Kepler-153 c",2.53000000,6.94000000,46.90232000000,0.2370000000,0.000000,5404.00,0.756000,0.892000,2014,"Transit",459.36800000
"HD 73256 c",12.20000000,5085.25451200,2690.00000000000,3.8000000000,0.160000,5570.00,1.000000,0.944723,2023,"Radial Velocity",36.70800000
"HD 175541 b",14.10000000,190.06234000,298.43000000000,0.9750000000,0.110000,5013.00,1.390000,4.190000,2007,"Radial Velocity",129.60300000
"HD 219134 g",3.28000000,10.80622000,94.20000000000,0.3753000000,0.000000,4913.00,0.794000,0.770000,2015,"Radial Velocity",6.53127000
"Kepler-708 b",2.93000000,8.91000000,3.16789193800,0.0426000000,0.000000,5692.00,0.970000,0.960000,2016,"Transit",1394.22000000
"WASP-54 b",17.71022000,187.51970000,3.69364000000,0.0498800000,0.070000,6100.00,1.080000,1.760000,2012,"Transit",251.30300000
"K2-250 b",2.71257333,7.81000000,4.01392000000,0.0460600000,0.210000,5003.00,0.809000,0.797000,2018,"Transit",414.70800000
"Kepler-1325 b",2.86000000,8.55000000,33.87868380000,0.2004000000,0.000000,5550.00,0.930000,0.910000,2016,"Transit",973.36800000
"Kepler-703 b",8.20000000,51.10000000,4.58352175600,0.0535000000,0.000000,6185.00,1.180000,1.270000,2016,"Transit",1156.83000000
"TOI-1533 c",7.50000000,36.60000000,8.06379260000,0.0760000000,0.000000,5146.00,0.880000,0.849000,2026,"Transit",100.05100000
"Kepler-957 b",5.50000000,25.90000000,5.90741353700,0.0559000000,0.000000,4963.00,0.810000,0.750000,2016,"Transit",824.68800000
"TOI-3856 b",13.59649359,171.62733978,2.04360352000,0.0325000000,0.083000,5622.00,1.096000,1.055000,2025,"Transit",314.44300000
"Kepler-1740 b",3.32321414,11.00000000,8.17240047500,0.0779000000,0.000000,5705.00,0.943000,0.905000,2021,"Transit",1061.77000000
"Kepler-176 d",2.51000000,1.72000000,25.75197400000,0.1630000000,0.000000,5232.00,0.860000,0.891000,2014,"Transit",527.32100000
"K2-150 b",2.00000000,4.66000000,10.59357000000,0.0727000000,,3499.00,0.457000,0.436000,2018,"Transit",102.48300000
"Kepler-307 b",2.43000000,7.44000000,10.42080000000,0.0935900000,0.000000,5367.00,0.907000,0.814000,2013,"Transit",575.58100000
"Kepler-755 c",1.26000000,2.13000000,2.85313364400,0.0370000000,0.000000,5043.00,0.820000,0.770000,2016,"Transit",399.03400000
"Kepler-607 c",2.76001201,8.05000000,39.67679977000,0.2150700000,0.000000,5244.00,0.808000,0.888000,2021,"Transit",519.12200000
"TOI-540 b",0.90300000,0.67400000,1.23914910000,0.0122300000,0.000000,3216.00,0.159000,0.189500,2020,"Transit",14.00220000
"K2-320 b",2.62000000,7.37000000,1.99500000000,0.0142000000,,3157.00,0.117000,0.300000,2020,"Transit",108.74000000
"Kepler-1523 b",1.58000000,3.12000000,0.93875077000,0.0186700000,0.000000,5708.00,0.970000,0.960000,2016,"Transit",865.59600000
"GJ 463 b",13.10000000,1080.61658380,3459.00000000000,3.5300000000,0.146000,3563.00,0.486000,0.483000,2022,"Radial Velocity",18.35540000
"Kepler-62 c",0.54000000,4.00000000,12.44170000000,0.0929000000,0.000000,4925.00,0.690000,0.640000,2013,"Transit",300.87400000
"HD 222582 b",12.60000000,2660.23710000,572.38000000000,1.3400000000,0.730000,5790.00,1.120000,1.130000,1999,"Radial Velocity",42.15860000
"Kepler-210 c",3.62000000,12.80000000,7.97251300000,0.0700000000,0.000000,4559.00,0.770000,0.650000,2014,"Transit",232.75000000
"Kepler-1551 b",2.66000000,7.56000000,24.49736980000,0.1772000000,0.000000,6136.00,1.140000,1.220000,2016,"Transit",1463.72000000
"TIC 188624430 b",3.64811843,12.90000000,6.21860433132,,,5369.46,0.929000,0.786574,2026,"Transit",300.74300000
"Kepler-1174 b",1.59000000,3.15000000,6.89225223000,0.0732000000,0.000000,5936.00,1.040000,1.040000,2016,"Transit",1408.75000000
"Kepler-269 c",1.69000000,3.50000000,8.12789900000,0.0810000000,0.000000,5847.00,0.920000,0.959000,2014,"Transit",2257.32000000
"Kepler-607 b",0.87000000,0.59000000,0.63816320400,0.0137000000,0.000000,5196.00,0.840000,0.800000,2016,"Transit",519.12200000
"Kepler-1981 b",9.23000000,62.50000000,453.54212000000,1.3292000000,0.000000,5874.00,1.519000,3.006000,2023,"Transit",659.39500000
"TOI-6041 c",10.50000000,77.90000000,88.00000000000,0.3721000000,,5445.00,0.885000,0.879000,2025,"Radial Velocity",72.47310000
"HD 109833 c",2.59000000,7.22000000,13.90014800000,,0.300000,5881.00,1.080000,1.000000,2022,"Transit",79.55610000
"Kepler-1082 b",1.12000000,1.46000000,1.54320660400,0.0257100000,0.000000,5923.00,1.030000,1.140000,2016,"Transit",739.55700000
"Kepler-431 d",1.11000000,1.41000000,11.92200000000,0.1045000000,0.000000,6004.00,1.071000,1.092000,2015,"Transit",486.54600000
"WASP-170 b",12.28506400,508.52800000,2.34478022000,0.0337000000,,5600.00,0.930000,0.938000,2018,"Transit",305.60300000
"K2-74 b",2.31000000,5.95000000,19.56660000000,0.1402000000,,6060.00,0.960000,0.980000,2016,"Transit",377.82200000
"TOI-1246 d",3.43139739,5.40000000,18.65487400000,0.1320000000,0.000000,5213.00,0.888900,0.864900,2022,"Transit",169.42200000
"Kepler-372 d",1.69000000,3.50000000,30.09256800000,0.2010000000,0.000000,6509.00,1.202000,1.137000,2014,"Transit",1493.95000000
"HD 25723 b",13.30000000,794.57101750,457.01000000000,1.4900000000,0.040000,4766.00,2.120000,13.760000,2020,"Radial Velocity",114.81600000
"TOI-7155 b",2.40821473,6.38000000,3.89489711981,,,4673.03,0.755000,0.670748,2026,"Transit",144.75100000
"Kepler-84 b",2.23000000,40.00000000,8.72600000000,0.0827000000,0.000000,6039.00,1.000000,1.430000,2012,"Transit",1023.90000000
"TOI-3353.01",2.66675550,7.59000000,4.66579650000,0.0601182180,,6365.00,1.332089,1.020700,2024,"Transit",78.75770000
"Kepler-1555 b",1.61000000,3.22000000,8.10501635000,0.0805000000,0.000000,5866.00,1.040000,1.060000,2016,"Transit",2013.27000000
"Kepler-1725 b",2.81251770,8.31000000,16.71990013000,0.1326300000,0.000000,6020.00,1.049000,1.085000,2021,"Transit",558.65200000
"TOI-2104 b",1.52898127,2.95000000,5.90437045700,,,4856.13,0.800000,0.723757,2026,"Transit",76.74180000
"Kepler-120 b",2.15000000,8.50000000,6.31250100000,0.0550000000,0.000000,4096.00,0.654000,0.534000,2014,"Transit",388.63000000
"Kepler-627 b",3.73000000,13.40000000,40.69944430000,0.2266100000,0.000000,6424.00,1.300000,1.490000,2016,"Transit",984.30700000
"Kepler-1326 b",4.18000000,16.30000000,42.35142670000,0.2743000000,0.000000,6725.00,1.450000,1.740000,2016,"Transit",698.32600000
"TOI-1184 b",2.39000000,6.80000000,5.74843380300,0.0560270000,0.000000,4534.00,0.710000,0.690000,2024,"Transit",58.59460000
"G 192-15 b",1.02000000,1.03000000,2.27476000000,0.0172300000,0.000000,2999.00,0.132000,0.170718,2025,"Radial Velocity",9.53114000
"HATS-61 b",13.39475500,1080.62200000,7.81795300000,0.0790800000,0.092000,5542.00,1.076000,1.664000,2018,"Transit",679.76100000
"Kepler-684 b",3.36000000,11.20000000,6.77030200800,0.0640000000,0.000000,5493.00,0.890000,0.860000,2016,"Transit",1731.27000000
"WASP-159 b",15.46842000,174.80650000,3.84040100000,0.0538000000,0.000000,6120.00,1.410000,2.110000,2018,"Transit",715.38300000
"K2-26 b",2.67000000,7.61000000,14.56650000000,0.0962000000,,3785.00,0.560000,0.520000,2016,"Transit",99.05040000
"TIC 9344899 b",9.16000000,6170.00000000,8.58215660000,0.0815000000,0.029000,5800.00,0.980000,1.060000,2026,"Transit",532.22800000
"WASP-194 b",15.47960235,373.13054982,3.18338700000,0.0470000000,0.000000,6405.00,1.290000,1.409000,2025,"Transit",476.83100000
"Kepler-1956 b",1.08940238,1.32000000,5.94371986400,0.0563000000,0.000000,4391.00,0.671000,0.682000,2021,"Transit",360.46800000
"K2-335 b",2.21000000,5.52000000,12.28321100000,,,6222.00,1.230000,1.330000,2021,"Transit",557.99300000
"Kepler-352 c",1.24000000,2.07000000,16.33299500000,0.1180000000,0.000000,5212.00,0.798000,0.781000,2014,"Transit",252.73300000
"Kepler-1175 b",2.99000000,9.22000000,37.94563000000,0.2181000000,0.000000,5453.00,0.900000,0.860000,2016,"Transit",1121.89000000
"TOI-2453 b",3.24380341,10.60000000,4.44143463188,,,3720.23,0.500519,0.502498,2026,"Transit",81.90430000
"TOI-3523 A b",15.97279750,435.42491759,2.30458952000,0.0355900000,0.047000,6450.00,1.131000,1.448000,2025,"Transit",645.29400000
"Kepler-1586 b",1.52000000,2.92000000,15.60492120000,0.1220800000,0.000000,6681.00,1.450000,1.750000,2016,"Transit",552.55000000
"TOI-1062 c",3.10000000,9.78000000,7.97200000000,0.0800000000,0.140000,5328.00,0.940000,0.840000,2021,"Radial Velocity",82.17330000
"Kepler-30 b",3.90000000,11.30000000,29.33434000000,0.1800000000,0.042000,5498.00,0.990000,0.950000,2012,"Transit",914.22100000
"Kepler-1285 b",0.97000000,0.87100000,14.79674580000,0.1275800000,0.000000,6170.00,1.200000,1.280000,2016,"Transit",422.26900000
"TOI-1230.01",2.38627705,6.29000000,25.05734661842,,,5696.00,1.140000,1.152810,2021,"Transit",143.13800000
"Kepler-416 b",2.48000000,58.20000000,6.31900000000,0.0674000000,0.000000,5718.00,1.000000,1.075000,2014,"Transit",690.81900000
"Kepler-416 c",2.35200000,6.13000000,12.20900000000,0.1045400000,0.000000,5718.00,1.000000,1.075000,2014,"Transit",690.81900000
"KOI-142 c",14.00000000,214.10000000,22.26492000000,0.1541210030,0.057240,5466.00,0.990000,0.897000,2013,"Transit Timing Variations",376.86300000
"HD 114082 b",11.72459381,508.52545120,225.55040000000,0.7910000000,0.000000,6610.00,1.280000,1.482000,2022,"Transit",95.39060000
"Kepler-103 c",5.45390000,58.47000000,179.60978000000,0.6679000000,0.103000,6047.00,1.212000,1.492000,2014,"Transit",494.83200000
"Kepler-433 b",16.25000000,896.24000000,5.33408384000,0.0679000000,0.119000,6360.00,1.460000,2.260000,2015,"Transit",1878.31000000
"CoRoT-8 b",6.39000000,69.92000000,6.21229000000,0.0630000000,0.000000,5080.00,0.880000,0.770000,2010,"Transit",322.03700000
"Kepler-361 c",2.52000000,6.90000000,55.18802300000,0.3000000000,0.000000,6169.00,1.191000,1.343000,2014,"Transit",930.32000000
"TOI-5728 b",1.31000000,2.27000000,11.49761000000,,,3419.00,0.360000,0.370000,2025,"Transit",54.70450000
"Kepler-568 b",2.26000000,5.73000000,11.02347475000,0.0794000000,0.000000,3768.00,0.550000,0.530000,2016,"Transit",130.64500000
"Kepler-1923 b",1.95958179,4.50000000,52.60969925000,0.2846000000,0.000000,5881.00,1.109000,1.294000,2021,"Transit",990.83800000
"Kepler-1208 b",2.32000000,5.99000000,11.08507637000,0.0901000000,0.000000,5001.00,0.800000,0.760000,2016,"Transit",825.17600000
"Kepler-406 c",0.85000000,2.71000000,4.62332000000,0.0553100000,0.000000,5538.00,1.070000,1.070000,2014,"Transit",364.03000000
"Kepler-1910 b",1.18400000,1.78000000,5.68876981700,0.0536000000,0.000000,4234.00,0.636000,0.639000,2021,"Transit",
"Kepler-1655 b",2.21300000,5.40000000,11.87287870000,0.1029000000,0.190000,6148.00,1.030000,1.030000,2018,"Transit",213.26000000
"HD 191939 g",3.74000000,13.50000000,284.00000000000,0.8120000000,0.030000,5348.00,0.810000,0.940000,2022,"Radial Velocity",53.60890000
"HD 87816 c",12.40000000,3877.50656540,7596.00000000000,10.1400000000,0.190000,4989.00,2.410000,9.000000,2025,"Radial Velocity",133.23300000
"Kepler-185 c",2.02000000,4.74000000,20.72904200000,0.1390000000,0.000000,5208.00,0.763000,0.806000,2014,"Transit",466.73500000
"TOI-707 b",2.41600000,6.42000000,52.79918000000,0.2750000000,,5424.00,0.990000,0.978000,2026,"Transit",130.95900000
"Kepler-738 b",2.50000000,6.80000000,24.58721573000,0.1552000000,0.000000,5327.00,0.860000,0.820000,2016,"Transit",1113.65000000
"Kepler-725 c",3.08000000,9.70000000,207.54100000000,0.6744000000,0.436000,5395.00,0.950000,0.880000,2025,"Transit Timing Variations",758.46900000
"Kepler-658 b",1.63000000,3.29000000,1.28707676200,0.0188000000,0.000000,4103.00,0.630000,0.600000,2016,"Transit",388.38400000
"HD 235088 b",1.98200000,4.15000000,7.43413250000,0.0706000000,0.000000,5075.00,0.849000,0.772000,2023,"Transit",41.17060000
"Kepler-93 b",1.47800000,4.66000000,4.72673978000,0.0534300000,0.000000,5669.00,0.911000,0.919000,2014,"Transit",95.91150000
"Kepler-596 b",3.46000000,11.80000000,21.30022655000,0.1516100000,0.000000,6267.00,1.210000,1.320000,2016,"Transit",1023.85000000
"K2-174 b",2.60000000,7.27000000,19.56230700000,0.1260000000,,4455.00,0.700000,0.676000,2018,"Transit",99.92930000
"TOI-2154 b",16.28664896,292.40213444,3.82408010000,0.0513000000,0.117000,6280.00,1.233000,1.396000,2023,"Transit",296.46000000
"Kepler-1357 b",1.28000000,2.18000000,3.00913240000,0.0410000000,0.000000,5597.00,0.930000,0.900000,2016,"Transit",1015.69000000
"Kepler-1807 b",2.70393215,7.77000000,10.86060047000,0.0988000000,0.000000,6455.00,1.087000,1.496000,2021,"Transit",1299.32000000
"GJ 3378 b",1.32000000,2.30000000,21.45000000000,0.0967300000,0.000000,3340.00,0.262000,0.275000,2026,"Radial Velocity",7.72274000
"Kepler-256 b",1.59000000,3.15000000,1.62049300000,0.0270000000,0.000000,5551.00,1.037000,1.301000,2014,"Transit",1026.43000000
"NGTS-31 b",18.04645893,355.96781584,4.16273400000,0.0640000000,0.000000,5710.00,0.960000,1.700000,2025,"Transit",497.37600000
"TOI-2525 c",10.13291855,208.81326340,49.25190000000,0.2490000000,0.157000,5096.00,0.849000,0.785000,2023,"Transit",395.39800000
"Kepler-574 b",2.39000000,6.30000000,7.65880414000,0.0723000000,0.000000,5612.00,0.950000,0.910000,2016,"Transit",682.89600000
"Kepler-1062 b",1.76000000,3.75000000,9.30412078000,0.0748000000,0.000000,4597.00,0.750000,0.700000,2016,"Transit",397.45500000
"HD 28185 c",12.80000000,1906.97044200,9090.00000000000,8.5000000000,0.150000,5602.00,0.974000,1.048000,2022,"Radial Velocity",39.38090000
"TOI-1836 c",2.59987579,8.00000000,1.77274710000,0.0308900000,0.000000,6237.00,1.251800,1.645400,2024,"Transit",191.64900000
"Kepler-414 b",1.71000000,3.50000000,4.70000000000,0.0543000000,0.000000,5536.00,0.890000,0.946000,2014,"Transit",413.46000000
"Kepler-411 d",3.31900000,15.20000000,58.02035000000,0.2790000000,0.128000,4974.00,0.870000,0.820000,2018,"Transit",153.67600000
"Kepler-247 c",4.09000000,15.70000000,9.43945200000,0.0840000000,0.000000,5100.00,0.887000,0.768000,2014,"Transit",663.71100000
"Kepler-725 b",10.80000000,521.76244000,39.64372000000,0.2238000000,0.231000,5395.00,0.950000,0.880000,2016,"Transit",758.46900000
"K2-317 b",2.93000000,8.91000000,6.22000000000,0.0542000000,,3387.00,0.403000,0.379000,2020,"Transit",176.29100000
"Kepler-1375 b",1.74000000,3.68000000,3.30041920000,0.0471000000,0.000000,6704.00,1.470000,1.780000,2016,"Transit",1430.84000000
"TOI-6478 b",4.60000000,19.20000000,34.00501900000,0.1136000000,,3230.00,0.230000,0.234000,2025,"Transit",38.60570000
"Kepler-1338 b",0.92000000,0.72100000,0.93511805700,0.0193700000,0.000000,5909.00,1.040000,1.050000,2016,"Transit",753.26000000
"WASP-59 b",8.68700000,274.27600000,7.91958500000,0.0697000000,0.100000,4650.00,0.719000,0.613000,2012,"Transit",115.93600000
"K2-63 c",3.90000000,14.50000000,25.45560000000,0.1890000000,,6771.00,1.400000,1.630000,2016,"Transit",517.53400000
"KOI-4978 b",0.70000000,0.27100000,0.94196700000,,,5050.28,0.859000,0.966000,2024,"Transit",936.34100000
"Kepler-1539 b",2.70000000,7.75000000,133.30367410000,0.4765000000,0.000000,5176.00,0.840000,0.800000,2016,"Transit",748.32600000
"Kepler-614 b",2.39000000,6.30000000,14.03491514000,0.1027000000,0.000000,5268.00,0.850000,0.810000,2016,"Transit",527.99500000
"Kepler-257 c",5.41000000,25.20000000,6.58148400000,0.0660000000,0.000000,5180.00,0.916000,1.037000,2014,"Transit",780.25600000
"TOI-5398 b",10.30000000,58.70000000,10.59054700000,0.0980000000,0.130000,6000.00,1.146000,1.051000,2022,"Transit",130.85500000
"TOI-1820 b",12.77823800,731.00533610,4.86067400000,0.0610000000,0.043000,5734.00,1.040000,1.510000,2022,"Transit",248.50400000
"Kepler-1220 b",1.52000000,2.92000000,7.42693741000,0.0734000000,0.000000,5842.00,1.000000,0.990000,2016,"Transit",961.90700000
"TOI-938 b",4.82401567,20.80000000,8.80733882211,,,5829.42,1.100000,0.985134,2026,"Transit",215.03400000
"Kepler-192 d",1.02000000,1.04000000,6.47027579000,0.0686000000,0.000000,5487.00,0.940000,0.940000,2016,"Transit",651.67400000
"Kepler-825 b",1.53000000,2.96000000,3.77360059000,0.0453000000,0.000000,5976.00,1.030000,1.080000,2016,"Transit",807.85000000
"Kepler-1414 b",1.23000000,2.04000000,3.51576315000,0.0426000000,0.000000,4951.00,0.800000,0.750000,2016,"Transit",570.83500000
"HD 86950 b",13.00000000,1144.18800000,1270.00000000000,2.7200000000,0.170000,4805.00,1.660000,8.800000,2016,"Radial Velocity",209.83900000
"Kepler-1150 b",1.02000000,1.04000000,2.78786838600,0.0382000000,0.000000,4754.00,0.760000,0.720000,2016,"Transit",358.51800000
"Kepler-1765 b",2.49508857,6.78000000,10.41889954000,0.0917000000,0.000000,5692.00,0.946000,1.064000,2021,"Transit",764.45600000
"Kepler-831 b",1.27000000,2.15000000,5.62153941000,0.0598400000,0.000000,5732.00,0.990000,0.970000,2016,"Transit",593.54000000
"K2-257 b",0.83000000,0.49800000,1.60588000000,0.0216000000,,3725.00,0.520000,0.500000,2018,"Transit",64.00650000
"Kepler-27 d",2.70619460,7.78000000,6.54628992100,0.0657800000,0.000000,5251.00,0.926000,0.817000,2021,"Transit",1044.36000000
"HIP 29442 d",1.53800000,5.14000000,6.42957500000,0.0673000000,,5289.00,0.901000,0.980000,2023,"Radial Velocity",68.19200000
"Kepler-196 b",1.90000000,4.27000000,20.73988600000,0.1380000000,0.000000,5128.00,0.839000,0.782000,2014,"Transit",451.31200000
"Kepler-806 b",1.14000000,1.55000000,8.09219642000,0.0768400000,0.000000,5770.00,0.990000,1.160000,2016,"Transit",361.89600000
"Kepler-1854 b",2.58746104,7.21000000,39.83110046000,0.2089400000,0.000000,5026.00,0.800000,0.759000,2021,"Transit",423.34800000
"TOI-5624 b",2.31400000,9.40000000,3.39034730000,0.0420100000,0.000000,5327.00,0.858000,0.820000,2026,"Transit",101.91300000
"Kepler-739 b",3.32000000,11.00000000,12.53248465000,0.1054000000,0.000000,5601.00,0.930000,0.900000,2016,"Transit",1370.65000000
"HD 204313 b",12.90000000,1466.77809830,2041.11539000000,3.1850000000,0.100000,5767.00,1.030000,1.100000,2010,"Radial Velocity",47.79450000
"Kepler-129 d",12.60000000,2637.97577810,2646.00000000000,4.0000000000,0.150000,5770.00,1.178000,1.653000,2021,"Radial Velocity",408.84500000
"Kepler-389 c",1.46000000,2.73000000,14.51143000000,0.1100000000,0.000000,5376.00,0.765000,0.792000,2014,"Transit",816.55900000
"K2-158 c",1.28000000,2.18000000,5.90279000000,0.0622000000,,5503.00,0.920000,0.950000,2018,"Transit",197.29900000
"Kepler-864 c",1.62000000,3.26000000,2.42150341000,0.0382000000,0.000000,6213.00,1.270000,1.195000,2023,"Transit",2022.90000000
"TOI-5800 b",2.46000000,9.50000000,2.62788380000,0.0344000000,0.300000,4850.00,0.778000,0.773000,2025,"Transit",42.90520000
"TOI-2803 A b",18.11371281,309.88269682,1.96229325000,0.0318500000,0.000000,6280.00,1.118000,1.245000,2023,"Transit",494.81800000
"Kepler-1462 b",3.82000000,14.00000000,65.64883410000,0.3094000000,0.000000,5756.00,1.000000,1.000000,2016,"Transit",1017.82000000
"HD 191939 b",3.41000000,10.00000000,8.88032560000,0.0804000000,0.031000,5348.00,0.810000,0.940000,2020,"Transit",53.60890000
"HD 212771 b",13.30000000,759.61370000,380.70000000000,1.1900000000,0.076000,5003.00,1.560000,5.270000,2009,"Radial Velocity",111.15500000
"Kepler-1695 b",1.11948901,1.46000000,4.73290000000,0.0529000000,0.000000,5473.19,0.960000,0.987155,2020,"Transit",791.17500000
"TOI-1782.02",1.83900000,4.04000000,1.82902422700,0.0257390000,,4336.00,0.680000,0.669000,2024,"Transit",95.26490000
"WASP-119 b",15.69260000,390.93090000,2.49979000000,0.0363000000,0.058000,5650.00,1.020000,1.200000,2016,"Transit",302.44800000
"Kepler-893 b",3.03000000,9.43000000,6.33855761000,0.0699000000,0.000000,5820.00,1.000000,0.990000,2016,"Transit",1285.59000000
"Kepler-1487 c",7.97000000,48.70000000,35.80071120000,0.2588000000,0.000000,5745.00,1.801000,3.955000,2023,"Transit",1014.62000000
"KOI-7913 b",2.34000000,6.08000000,24.27855300000,0.1456000000,0.000000,4324.00,0.760000,0.788000,2022,"Transit",271.27700000
"TOI-1472 c",3.33400000,21.13000000,15.53817470000,0.1160000000,0.172000,5100.00,0.870000,0.840000,2025,"Radial Velocity",121.84000000
"Kepler-1239 b",2.90000000,8.75000000,5.19104016000,0.0625000000,0.000000,6564.00,1.400000,1.570000,2016,"Transit",2140.60000000
"Kepler-1902 b",1.17563613,1.74000000,3.82222008700,0.0385000000,0.000000,3729.00,0.520000,0.514000,2021,"Transit",344.33700000
"Kepler-297 b",2.87000000,48.50000000,38.87182600000,0.2170000000,0.000000,5619.00,0.927000,0.915000,2014,"Transit",692.14000000
"Kepler-351 d",2.72000000,7.85000000,142.54424700000,0.5177000000,0.000000,5225.00,0.810000,0.780000,2016,"Transit",1083.91000000
"K2-136 d",1.56500000,3.00000000,25.57500000000,0.1538000000,0.071000,4500.00,0.742000,0.677000,2017,"Transit",59.24740000
"Kepler-789 b",2.12000000,5.14000000,8.63847725000,0.0951000000,0.000000,5870.00,1.010000,1.020000,2016,"Transit",1480.16000000
"K2-279 b",1.21000000,1.92000000,7.12260500000,0.0670000000,,5558.00,0.790000,0.860000,2018,"Transit",182.98300000
"nu Oph c",12.00000000,7838.32346000,3180.60000000000,5.8290000000,0.179000,4887.00,2.610000,12.240000,2012,"Radial Velocity",46.21070000
"KOI-1599.02",1.90000000,9.00000000,13.60880000000,0.1122930000,0.011400,5833.00,1.020000,0.972000,2019,"Transit",1131.64000000
"HD 109833 b",2.88800000,8.69000000,9.18852600000,,0.180000,5881.00,1.080000,1.000000,2022,"Transit",79.55610000
"HIP 71135 b",4.55000000,18.80000000,87.19000000000,0.3350000000,0.210000,4146.00,0.660000,0.681296,2019,"Radial Velocity",32.33110000
"K2-147 b",1.47286006,2.77000000,0.96193900000,0.0157500000,0.380000,3690.00,0.563000,0.578000,2018,"Transit",90.54940000
"Kepler-11 d",3.12000000,7.30000000,22.68450000000,0.1550000000,0.004000,5663.00,0.961000,1.065000,2010,"Transit",646.34600000
"K2-131 b",1.69000000,7.90000000,0.36930380000,0.0093600000,0.000000,5120.00,0.803000,0.759500,2017,"Transit",152.50900000
"Kepler-218 d",2.66000000,7.56000000,124.52446470000,0.4988400000,0.000000,5542.00,1.010000,1.020000,2016,"Transit",656.38000000
"TOI-6054.01",2.64000000,12.50000000,7.50142800000,0.0763000000,0.164000,6047.00,1.107000,1.662000,2024,"Transit",79.40700000
"Kepler-1937 b",3.02291330,9.39000000,9.68859958600,0.0915000000,0.000000,6457.00,1.190000,1.196000,2021,"Transit",905.06900000
"HAT-P-56 b",16.92559000,734.18730000,2.79083000000,0.0423000000,0.290000,6566.00,1.420000,1.470000,2015,"Transit",320.63900000
"HD 8574 b",13.40000000,645.19490000,227.00000000000,0.7600000000,0.300000,6064.00,1.340000,1.380000,2002,"Radial Velocity",44.82640000
"HATS-71 b",11.47801600,117.59710000,3.79552020000,0.0374500000,0.000000,3405.00,0.486100,0.478300,2020,"Transit",140.22500000
"K2-341 b",3.21000000,10.40000000,36.55255100000,,,5817.00,0.980000,1.160000,2021,"Transit",421.40800000
"GJ 1061 b",1.04000000,1.11000000,3.20730000000,0.0210000000,0.050000,2953.00,0.120000,0.156000,2020,"Radial Velocity",3.67278000
"Kepler-102 b",0.46000000,1.10000000,5.28696500000,0.0552100000,0.100000,4909.00,0.803000,0.724000,2014,"Transit",107.79600000
"Kepler-731 b",13.88000000,,3.85560355100,0.0505000000,0.000000,5849.00,1.030000,1.060000,2016,"Transit",1257.16000000
"K2-194 b",3.64229858,12.90000000,39.72138600000,,,5979.00,1.110086,1.281115,2018,"Transit",629.51000000
"Kepler-915 b",1.50000000,2.86000000,4.59489604000,0.0565500000,0.000000,6173.00,1.210000,1.380000,2016,"Transit",849.03600000
"TIC 241249530 b",13.29385111,1582.78546686,165.77190000000,0.6410000000,0.941200,6166.00,1.271000,1.397000,2024,"Transit",324.44800000
"TOI-5795 b",5.62000000,23.66000000,6.14063250000,0.0640000000,0.250000,5715.00,0.901000,1.082000,2025,"Transit",156.53000000
"K2-196 b",3.59970536,12.60000000,48.32422200000,,,6045.00,1.162095,1.538801,2018,"Transit",584.87700000
"Kepler-1315 b",1.38000000,2.48000000,0.84338011000,0.0161700000,0.000000,4861.00,0.800000,0.750000,2016,"Transit",480.86900000
"Kepler-93 c",,954.00000000,1460.00000000000,,,5669.00,0.910000,0.920000,2014,"Radial Velocity",95.91150000
"TOI-5599 b",7.18882120,40.90000000,5.43691503941,,,6137.02,1.210000,1.913340,2026,"Transit",547.94800000
"Kepler-1912 b",1.35670508,2.41000000,6.05921983700,0.0648900000,0.000000,5734.00,0.977000,0.962000,2021,"Transit",297.01700000
"TOI-1260 c",2.76000000,13.20000000,7.49313400000,0.0657000000,0.000000,4227.00,0.679000,0.672000,2021,"Transit",73.59770000
"Kepler-306 e",2.27000000,5.77000000,44.84097500000,0.2270000000,0.000000,4954.00,0.750000,0.719000,2014,"Transit",775.67900000
"K2-396 b",1.57900000,3.12000000,0.67386200000,,,5236.00,0.954000,0.920000,2022,"Transit",274.86400000
"HD 10442 b",13.60000000,472.61321000,1032.30000000000,2.0100000000,0.132000,4912.00,1.010000,1.970000,2014,"Radial Velocity",135.37400000
"Kepler-198 c",2.47000000,6.66000000,49.56741600000,0.2590000000,0.000000,5574.00,0.995000,0.940000,2014,"Transit",495.35800000
"Kepler-129 b",2.40000000,20.00000000,15.79000000000,0.1300000000,0.010000,5770.00,1.178000,1.653000,2014,"Transit",408.84500000
"Kepler-1549 b",2.57000000,7.13000000,214.88654500000,0.6687000000,0.000000,5324.00,0.880000,0.840000,2016,"Transit",803.05200000
"HD 8326 b",9.58000000,66.60000000,158.99100000000,0.5330000000,0.200000,4914.00,0.800000,0.783181,2019,"Radial Velocity",30.68620000
"Kepler-1800 b",0.99679734,0.96100000,4.56202983900,0.0509800000,0.000000,5343.00,1.330000,2.506000,2021,"Transit",350.45500000
"TOI-1742 b",2.36507598,9.70000000,21.26908400000,0.1540000000,0.300000,5815.00,1.086100,1.131000,2024,"Transit",72.88710000
"BD+45 564 b",13.60000000,432.24663352,307.88000000000,0.8300000000,0.120000,5004.00,0.810000,0.813064,2021,"Radial Velocity",53.62200000
"HD 11343 c",13.90000000,255.53403923,228.53731000000,0.9230000000,0.169000,4672.00,2.009000,6.840000,2022,"Radial Velocity",155.12100000
"TOI-2295 b",16.47720163,278.09985612,30.03330200000,0.1992000000,0.334000,5730.00,1.168000,1.459000,2024,"Transit",126.27900000
"Kepler-656 c",1.41000000,2.57000000,5.25449393000,0.0602000000,0.000000,5550.00,1.050000,0.954000,2023,"Transit",890.35200000
"Kepler-1941 b",2.64976949,7.51000000,31.33510017000,0.2054000000,0.000000,6404.00,1.175000,1.142000,2021,"Transit",1494.39000000
"Kepler-1311 d",9.65837605,67.50000000,197.51100160000,0.6843400000,0.000000,5616.00,1.032000,1.674000,2021,"Transit",866.33100000
"Kepler-1316 b",3.54000000,12.30000000,87.97321360000,0.3976500000,0.000000,5884.00,1.040000,1.120000,2016,"Transit",800.87100000
"TOI-6954 b",3.63524486,12.80000000,4.02074127419,,,5170.87,0.834000,0.947112,2026,"Transit",190.04200000
"WASP-7 b",14.90797000,305.11680000,4.95464160000,0.0617000000,0.034000,6400.00,1.276000,1.432000,2008,"Transit",162.30300000
"DS Tuc A b",5.70000000,413.17900000,8.13826800000,,0.000000,5428.00,1.010000,0.964000,2019,"Transit",44.06220000
"TOI-128.01",2.21898000,5.56000000,4.94046810000,0.0538101900,,6086.00,0.851969,1.130000,2024,"Transit",68.47270000
"TOI-209 b",2.39472090,6.32000000,4.37943587445,,,4806.66,0.810000,0.742779,2026,"Transit",113.38700000
"TOI-261.01",3.04498630,9.51000000,3.36392540000,0.0347921890,,5890.30,0.496728,1.280180,2021,"Transit",114.49500000
"TOI-261.02",3.34822227,11.20000000,13.03935862135,,,5890.30,1.069000,1.313830,2021,"Transit",114.49500000
"TOI-262 b",2.07000000,4.94000000,11.14529000000,0.1630000000,,5310.00,0.913000,0.853000,2023,"Transit",43.93200000
"TOI-2040 b",10.32347122,248.22398587,3.86085760000,0.0473000000,0.109000,5132.00,0.920000,0.870000,2026,"Transit",144.71700000
"TOI-2227 b",3.09885187,9.79000000,4.22175815648,,,5889.54,1.030000,1.208470,2026,"Transit",165.44100000
"TOI-2977 b",13.15934334,533.95172376,2.35056140000,0.0338600000,0.000000,5691.00,0.936000,1.073000,2023,"Transit",
"Kepler-256 d",2.48000000,6.71000000,5.83917200000,0.0640000000,0.000000,5551.00,1.037000,1.301000,2014,"Transit",1026.43000000
"K2-90 c",1.30000000,2.24000000,2.90070600000,0.0350000000,0.190000,4421.98,0.704613,0.634754,2016,"Transit",134.18800000
"HD 11506 d",12.30000000,4068.20360960,26500.00000000000,18.2000000000,0.290000,6123.00,1.220000,1.240000,2022,"Radial Velocity",51.26100000
"Kepler-1118 b",2.74000000,7.95000000,38.67150750000,0.2079000000,0.000000,5688.00,0.960000,0.970000,2016,"Transit",888.32500000
"K2-247 c",2.19000000,5.43000000,6.49424000000,0.0615000000,,4667.00,0.740000,0.690000,2018,"Transit",258.11300000
"K2-322 b",1.92000000,4.35000000,8.20500000000,0.0594000000,,4141.00,0.630000,0.602000,2020,"Transit",123.41500000
"HD 141004 b",3.77000000,13.63483866,15.50830000000,0.1238000000,0.160000,5885.38,1.051904,1.389372,2021,"Radial Velocity",11.81480000
"Kepler-168 c",2.69000000,7.70000000,13.19324200000,0.1160000000,0.000000,6282.00,1.113000,1.107000,2014,"Transit",1343.60000000
"Kepler-419 b",10.80000000,794.50000000,69.75460000000,0.3700000000,0.833000,6430.00,1.390000,1.740000,2014,"Transit",1011.36000000
"TOI-4153 b",16.11851425,365.50266805,4.61741410000,0.0631100000,0.039000,6860.00,1.572000,1.605000,2024,"Transit",423.84000000
"TOI-1422 c",2.61000000,14.00000000,34.56330000000,0.2050000000,0.200000,5840.00,0.990300,1.019000,2025,"Radial Velocity",155.14100000
"TOI-4155 b",3.21000000,10.40000000,3.32072900000,,,5724.00,1.160000,0.950000,2025,"Transit",240.73700000
"GJ 9689 b",3.07000000,9.65000000,18.27000000000,0.1139000000,0.290000,3836.00,0.590000,0.570000,2020,"Radial Velocity",30.62030000
"Kepler-169 d",1.25000000,2.10000000,8.34812500000,0.0750000000,0.000000,4997.00,0.825000,0.763000,2014,"Transit",406.52900000
"Kepler-191 d",2.28000000,5.82000000,5.94504101700,0.0610400000,0.000000,5215.00,0.840000,0.800000,2016,"Transit",594.46400000
"K2-8 b",3.58000000,12.50000000,10.35239000000,0.0856000000,,4870.00,0.780000,0.740000,2015,"Transit",403.51300000
"HATS-33 b",13.78707000,378.85336000,2.54955510000,0.0372700000,0.080000,5659.00,1.062000,1.022000,2016,"Transit",248.46000000
"Kepler-1464 b",1.66000000,3.39000000,31.77859010000,0.2006600000,0.000000,5828.00,1.020000,1.010000,2016,"Transit",1151.73000000
"Kepler-805 b",2.89000000,8.70000000,30.86389310000,0.1985200000,0.000000,6112.00,1.190000,1.650000,2016,"Transit",638.49000000
"17 Sco b",12.90000000,1373.01871824,578.38000000000,1.4500000000,0.060000,4157.00,1.220000,25.920000,2020,"Radial Velocity",124.95300000
"Kepler-264 c",2.83000000,8.40000000,140.10126100000,0.5660000000,0.000000,6158.00,1.426000,1.550000,2014,"Transit",942.17300000
"HR 858 b",2.00400000,3.55000000,3.58528700000,0.0488800000,0.000000,6354.00,1.204000,1.258000,2019,"Transit",31.96400000
"Kepler-941 b",3.08000000,9.69000000,17.42395198000,0.1311000000,0.000000,5539.00,0.890000,0.860000,2016,"Transit",1088.36000000
"Kepler-1832 b",1.22719556,2.02000000,3.13878989200,0.0370000000,0.000000,5242.00,0.684000,0.722000,2021,"Transit",486.17400000
"TOI-833 b",1.27000000,2.15000000,1.04187770000,0.0171000000,,3920.00,0.610000,0.600000,2022,"Transit",41.71480000
"HD 38283 b",14.00000000,127.13200000,363.20001000000,1.0200000000,0.410000,5981.00,1.370000,1.490000,2010,"Radial Velocity",38.06150000
"Kepler-341 b",1.18000000,1.76000000,5.19552800000,0.0600000000,0.000000,6012.00,0.976000,1.024000,2014,"Transit",1047.03000000
"TIC 153919886 b",2.70601108,7.78000000,2.10510492329,,,4137.16,0.581261,0.591697,2026,"Transit",132.33000000
"Kepler-1669 b",2.78043818,8.15000000,9.51216000000,0.0745000000,0.000000,4303.00,0.670000,0.714145,2020,"Transit",543.44400000
"Kepler-295 c",1.17000000,1.71000000,21.52625800000,0.1420000000,0.000000,5603.00,0.890000,0.898000,2014,"Transit",1699.19000000
"NN Ser c",12.60000000,2329.60000000,6987.00000000000,5.3500000000,0.089000,57000.00,0.535000,,2010,"Eclipse Timing Variations",515.81800000
"Kepler-1802 b",1.67100000,3.43000000,15.45020008000,0.0662000000,0.000000,4245.00,0.649000,0.637000,2021,"Transit",636.69400000
"TOI-6008 b",1.03000000,4.00000000,0.85743470000,0.0107770000,,3075.00,0.230000,0.242000,2024,"Transit",23.10080000
"Kepler-1437 b",1.37000000,2.45000000,10.92954610000,0.0951000000,0.000000,5557.00,0.930000,0.900000,2016,"Transit",2101.69000000
"Kepler-330 b",1.35000000,2.39000000,8.25978000000,0.0750000000,0.000000,5117.00,0.848000,0.722000,2014,"Transit",717.52700000
"Kepler-100 c",2.20000000,7.05000000,12.81590000000,0.1106100000,0.020000,5825.00,1.080000,1.490000,2014,"Transit",304.64500000
"K2-377 b",1.69300000,3.51000000,12.83223500000,,,4200.00,0.821000,0.691000,2022,"Transit",195.14900000
"Kepler-554 b",4.29000000,17.00000000,1.90220855600,0.0302200000,0.000000,5447.00,0.930000,0.920000,2016,"Transit",690.52500000
"Kepler-208 e",1.48000000,2.79000000,16.25945800000,0.1320000000,0.000000,6092.00,1.082000,1.314000,2014,"Transit",775.32800000
"Kepler-1287 b",1.54000000,2.99000000,11.47685909000,0.0976000000,0.000000,5715.00,0.960000,0.940000,2016,"Transit",1003.26000000
"Kepler-646 b",1.99000000,4.62000000,15.87364565000,0.1125100000,0.000000,5634.00,0.930000,0.910000,2016,"Transit",451.79400000
"Kepler-1880 b",2.11686218,5.13000000,6.30921983700,0.0540000000,0.000000,4380.00,0.524000,0.530000,2021,"Transit",611.04100000
"Kepler-587 b",2.23000000,5.60000000,10.94027841000,0.0952000000,0.000000,5549.00,0.920000,0.890000,2016,"Transit",787.89400000
"EPIC 201238110 b",1.87000000,4.16000000,28.16560000000,,,3587.00,0.410000,0.374000,2019,"Transit",159.25900000
"K2-240 c",1.80000000,3.89000000,20.52300000000,0.1159000000,,3810.00,0.580000,0.540000,2018,"Transit",72.91050000
"Kepler-1495 b",2.94000000,8.96000000,85.27325600000,0.3677000000,0.000000,5831.00,1.030000,1.040000,2016,"Transit",1355.54000000
"Kepler-508 b",1.64000000,3.33000000,25.30889748000,0.1727400000,0.000000,6025.00,1.160000,1.250000,2016,"Transit",324.61800000
"HD 191939 f",13.20000000,915.34581216,2898.00000000000,3.7100000000,0.000000,5348.00,0.810000,0.940000,2022,"Radial Velocity",53.60890000
"HN Peg b",11.77680000,6991.57000000,,773.0000000000,,6186.00,1.080000,1.006954,2006,"Imaging",18.11860000
"K2-413 b",0.75990000,0.36300000,0.80940000000,0.0117000000,,4116.00,0.808000,0.700000,2022,"Transit",285.16200000
"KOI-351 h",11.25200000,203.00000000,331.60296000000,0.9706200000,0.027600,6031.13,1.242000,1.185000,2013,"Transit",848.25400000
"HD 60779 c",5.79000000,28.30000000,104.79000000000,,0.041000,6081.00,1.050000,1.129000,2026,"Radial Velocity",35.44450000
"K2-19 c",4.10000000,11.00000000,11.90600000000,0.0982000000,0.100000,5322.00,0.880000,0.820000,2015,"Transit",289.82700000
"TOI-3160 A b",13.76462830,378.21580433,3.97128100000,0.0505000000,0.180000,6190.00,1.088000,1.346000,2025,"Transit",567.67800000
"Kepler-1333 b",2.81000000,8.30000000,109.64718420000,0.4382000000,0.000000,5628.00,0.940000,0.920000,2016,"Transit",932.44600000
"Kepler-1715 b",4.14042267,16.00000000,35.59730148000,0.2242900000,0.000000,6212.00,1.082000,1.209000,2021,"Transit",522.60500000
"Kepler-1885 b",1.51110555,2.89000000,2.52255988100,0.0360000000,0.000000,5591.00,0.977000,0.860000,2021,"Transit",818.48200000
"TOI-1803 c",4.29000000,8.00000000,12.88577900000,0.0970000000,0.000000,4687.00,0.756000,0.715000,2025,"Transit",119.24000000
"Kepler-1116 b",2.54000000,6.99000000,41.69778270000,0.2330000000,0.000000,5641.00,0.950000,0.930000,2016,"Transit",1008.57000000
"Kepler-232 b",3.08000000,9.69000000,4.43122200000,0.0540000000,0.000000,5847.00,0.970000,0.968000,2014,"Transit",1349.13000000
"HD 141399 d",13.70000000,375.03940000,1069.80000000000,2.0900000000,0.074000,5600.00,1.070000,1.387236,2014,"Radial Velocity",37.01690000
"HIP 57274 b",,3359.44626199,8.13520000000,0.0700000000,0.190000,4510.00,0.290000,0.780000,2011,"Radial Velocity",25.86180000
"Kepler-398 d",0.88000000,0.61500000,6.83437001000,0.0618000000,0.000000,4557.00,0.720000,0.670000,2016,"Transit",177.35500000
"HD 158259 b",1.28228000,2.22000000,2.17800000000,,,5801.89,1.080000,1.210000,2020,"Radial Velocity",27.04980000
"Kepler-577 b",2.55000000,7.04000000,25.69578251000,0.1348000000,0.000000,4984.00,0.780000,0.730000,2016,"Transit",524.24700000
"Kepler-953 b",4.21000000,16.50000000,88.40655258000,0.3920000000,0.000000,5416.00,0.950000,0.990000,2016,"Transit",258.89300000
"HD 124330 b",14.00000000,238.37130525,270.66000000000,0.8600000000,0.340000,5873.00,1.150000,1.304460,2021,"Radial Velocity",60.19770000
"Kepler-1966 b",1.10479327,1.39000000,8.61742973300,0.0763000000,0.000000,5009.00,0.797000,0.840000,2021,"Transit",484.60100000
"Kepler-212 c",2.74000000,7.95000000,31.80517400000,0.2070000000,0.000000,5852.00,1.166000,1.455000,2014,"Transit",687.19400000
"HD 238914 b",12.80000000,1906.98000000,4100.00000000000,5.7000000000,0.560000,4769.00,1.470000,12.730000,2018,"Radial Velocity",519.45200000
"Kepler-44 b",12.22000000,317.82000000,3.24672930000,0.0446000000,0.066000,5800.00,1.120000,1.350000,2011,"Transit",1188.00000000
"Kepler-158 b",2.12000000,5.14000000,16.70918400000,0.1110000000,0.000000,4623.00,0.655000,0.624000,2014,"Transit",315.17700000
"Kepler-1080 b",3.28000000,10.80000000,77.25483960000,0.3781000000,0.000000,5956.00,1.100000,1.160000,2016,"Transit",1382.82000000
"Kepler-1228 b",1.54000000,2.99000000,0.57736957900,0.0118600000,0.000000,5063.00,0.780000,0.740000,2016,"Transit",515.45300000
"TOI-5786 b",8.54000000,73.00000000,12.77910700000,0.1140000000,,6235.00,1.230000,1.360000,2025,"Transit",192.47500000
"Kepler-1850 b",0.72909663,0.31300000,1.38580000400,0.0206000000,0.000000,4239.00,0.611000,0.600000,2021,"Transit",250.19900000
"75 Cet c",13.90000000,289.85950718,2051.62000000000,3.9290000000,0.023000,4809.00,1.920000,10.380000,2023,"Radial Velocity",82.96130000
"TOI-2345 b",1.50400000,3.49000000,1.05285730000,0.0170500000,,4687.00,0.727000,0.729000,2025,"Transit",81.65410000
"DMPP-1 e",1.86000000,4.13000000,5.51600000000,0.0651000000,0.070000,6196.00,1.210000,1.260000,2019,"Radial Velocity",62.53880000
"Kepler-548 b",11.99000000,,4.45419433800,0.0495000000,0.000000,5535.00,0.930000,0.900000,2016,"Transit",751.77600000
"Kepler-260 c",1.74000000,3.68000000,76.05017800000,0.3320000000,0.000000,5250.00,1.013000,0.862000,2014,"Transit",627.36500000
"Kepler-1460 b",1.96000000,4.50000000,29.96332470000,0.1614000000,0.000000,4422.00,0.700000,0.670000,2016,"Transit",553.21800000
"HD 133131 B b",13.30000000,794.57500000,5769.00000000000,6.1500000000,0.610000,5805.00,0.930000,0.989538,2016,"Radial Velocity",51.29930000
"HD 158259 d",2.18000000,5.41000000,5.19808140000,,,5801.89,1.080000,1.210000,2020,"Radial Velocity",27.04980000
"WASP-138 b",12.21781000,387.75260000,3.63443300000,0.0494000000,,6272.00,1.220000,1.360000,2016,"Transit",414.23400000
"TOI-5181 A b",13.34989601,330.54154328,3.89222950000,0.0522000000,0.150000,6060.00,1.250000,1.530000,2025,"Transit",480.15500000
"Kepler-599 b",2.84000000,8.45000000,15.65562652000,0.1128000000,0.000000,5127.00,0.830000,0.790000,2016,"Transit",558.51700000
"Kepler-158 d",0.43000000,0.04720000,0.64508800000,,,4895.97,0.656000,0.668000,2024,"Transit",315.17700000
"Kepler-575 b",2.39000000,6.30000000,9.37891944000,0.0788000000,0.000000,5710.00,0.970000,0.950000,2016,"Transit",853.97700000
"EPIC 246851721 b",11.78065900,953.49000000,6.18023500000,0.0722900000,,6202.00,1.317000,1.586000,2018,"Transit",372.63200000
"HD 1461 b",2.42000000,6.44000000,5.77152000000,0.0634000000,0.172000,5765.00,1.020000,1.152288,2010,"Radial Velocity",23.45340000
"Gl 725 A b",1.48000000,2.78000000,11.22010000000,0.0680000000,0.000000,3433.00,0.330000,0.351000,2025,"Radial Velocity",3.52140000
"Kepler-1218 b",1.44000000,2.67000000,22.92212660000,0.1569800000,0.000000,5986.00,1.060000,1.100000,2016,"Transit",840.50300000
"Kepler-1891 b",1.52139156,2.93000000,4.02229023000,0.0473000000,0.000000,5516.00,0.873000,0.827000,2021,"Transit",596.24000000
"Kepler-782 b",3.21000000,10.40000000,158.68533080000,0.5449400000,0.000000,5867.00,0.980000,1.010000,2016,"Transit",446.84400000
"Kepler-330 c",1.95000000,4.46000000,15.95538700000,0.1160000000,0.000000,5117.00,0.848000,0.722000,2014,"Transit",717.52700000
"Kepler-987 b",3.26000000,10.70000000,105.30331480000,0.4238000000,0.000000,5637.00,0.970000,0.910000,2016,"Transit",914.12600000
"Kepler-385 d",2.61864480,7.36000000,56.41590000000,0.2872000000,0.000000,5829.00,1.050000,1.157000,2020,"Transit",1432.61000000
"Kepler-115 c",2.60000000,7.27000000,8.99088900000,0.0870000000,0.000000,5979.00,1.042000,1.205000,2014,"Transit",623.60900000
"TOI-2120 b",2.12200000,6.80000000,5.79981640000,0.0377000000,0.320000,3131.00,0.211000,0.245000,2024,"Transit",32.17550000
"K2-395 b",2.59700000,7.26000000,4.80335200000,,,5007.00,0.952000,0.783000,2022,"Transit",286.72700000
"KOI-1833 d",2.58000000,11.02000000,7.68500000000,0.0634000000,0.000000,4413.00,0.681000,0.667000,2021,"Transit",290.32400000
"Kepler-734 b",3.56000000,12.40000000,6.10485285600,0.0583000000,0.000000,5326.00,0.850000,0.780000,2016,"Transit",1157.21000000
"HD 104067 c",3.69000000,13.20000000,13.89920000000,0.1058000000,0.290000,4952.00,0.820000,0.780000,2024,"Radial Velocity",20.36320000
"Kepler-514 b",1.72000000,3.61000000,5.65179605000,0.0655900000,0.000000,6106.00,1.280000,1.440000,2016,"Transit",455.33600000
"Kepler-1456 b",1.14000000,1.55000000,18.13738290000,0.1132000000,0.000000,4231.00,0.640000,0.620000,2016,"Transit",370.31200000
"TOI-1411 b",1.19880592,2.00000000,1.45205270000,0.0212200000,0.000000,4115.00,0.604500,0.614000,2022,"Transit",32.47780000
"Kepler-1614 b",1.49000000,2.83000000,3.94661410000,0.0471000000,0.000000,5121.00,0.790000,0.760000,2016,"Transit",1191.19000000
"CoRoT-20 b",9.41556000,1366.66900000,9.24285000000,0.0900000000,0.590000,5880.00,1.140000,1.020000,2011,"Transit",844.06100000
"K2-187 d",2.40000000,6.35000000,7.14958400000,0.0720000000,,5438.00,0.966999,0.830000,2018,"Transit",330.91600000
"HD 44219 b",14.10000000,184.34047606,472.00000000000,1.2600000000,0.410000,5752.00,1.200000,1.320000,2010,"Radial Velocity",52.90510000
"Kepler-142 c",2.86000000,8.55000000,4.76170200000,0.0570000000,0.000000,5790.00,0.978000,1.269000,2014,"Transit",548.68600000
"HD 72659 b",13.20000000,949.67128012,3549.00000000000,4.6070000000,0.239300,5929.00,1.033000,1.360000,2002,"Radial Velocity",51.89490000
"Kepler-652 b",2.49000000,6.76000000,4.18200253100,0.0495800000,0.000000,5490.00,0.970000,0.880000,2016,"Transit",394.55000000
"TOI-332 b",3.20000000,57.20000000,0.77703800000,0.0159000000,0.000000,5251.00,0.880000,0.870000,2023,"Transit",222.85200000
"K2-62 b",2.02000000,4.74000000,6.67199000000,0.0636000000,,4455.00,0.670000,0.696000,2016,"Transit",112.46700000
"K2-380 b",2.72900000,7.89000000,9.40131200000,,,5911.00,0.993000,1.320000,2022,"Transit",249.30300000
"Kepler-785 b",13.02000000,,1.97376092600,0.0250000000,0.000000,4739.00,0.770000,0.710000,2016,"Transit",642.05100000
"K2-224 b",1.56000000,3.05000000,4.47904000000,0.0516000000,,5620.00,0.910000,0.840000,2018,"Transit",275.25500000
"Kepler-1066 b",2.36000000,6.17000000,1.93155983900,0.0298000000,0.000000,5762.00,0.980000,0.980000,2016,"Transit",344.25100000
"Kepler-1315 c",1.84398883,4.06000000,6.56606006600,0.0635000000,0.000000,4818.00,0.809000,0.856000,2021,"Transit",480.86900000
"TOI-375 d",13.60000000,445.59542661,297.90000000000,0.9840000000,,5259.90,1.441000,2.900000,2026,"Radial Velocity",396.21300000
"KIC 9663113 b",4.60000000,19.20000000,572.38470000000,1.5534600000,0.000000,6065.00,0.980000,1.030000,2015,"Transit",1594.74000000
"NGTS-12 b",11.74703200,66.10864000,7.53280600000,0.0757000000,0.000000,5690.00,1.021000,1.589000,2020,"Transit",446.44200000
"Kepler-1240 b",1.15000000,1.60000000,4.86638150000,0.0579100000,0.000000,5682.00,0.980000,0.960000,2016,"Transit",862.18600000
"KIC 7917485 b",12.40000000,3750.39400000,840.00000000000,,0.150000,7067.00,1.630000,2.009938,2016,"Pulsation Timing Variations",1382.89000000
"HD 26161 b",11.90000000,9045.39646322,10942.29013000000,10.0870000000,0.922000,6057.62,1.120000,1.455981,2021,"Radial Velocity",40.91280000
"Kepler-1323 b",1.52000000,2.92000000,0.92990667800,0.0191100000,0.000000,6169.00,1.180000,1.400000,2016,"Transit",465.41700000
"TOI-2379 b",11.72459381,1830.69162432,5.46938270000,0.0526300000,0.342000,3707.00,0.645000,0.622000,2024,"Transit",211.24700000
"Kepler-657 b",3.52000000,12.20000000,24.54350418000,0.1733700000,0.000000,5808.00,1.010000,1.010000,2016,"Transit",1691.88000000
"K2-198 c",1.42300000,2.61000000,3.35960550000,,,5212.90,0.799000,0.757000,2019,"Transit",110.56700000
"HD 170469 b",14.10000000,209.76780000,1145.00000000000,2.2400000000,0.110000,5842.00,1.100000,1.240000,2007,"Radial Velocity",60.17800000
"Kepler-139 d",1.69500000,2.00000000,7.30569992200,0.0755533961,0.000000,5622.00,1.078000,1.045000,2023,"Transit",391.03800000
"Kepler-1639 b",2.58000000,7.18000000,9.87848200000,0.0932000000,0.000000,6150.00,1.120000,1.180000,2016,"Transit",1031.31000000
"TOI-2580 b",17.37392009,200.23189641,3.39775000000,0.0480000000,0.080000,6120.00,1.330000,1.810000,2024,"Transit",379.25300000
"Kepler-1000 b",4.76000000,20.30000000,120.01812720000,0.5326000000,0.000000,6453.00,1.400000,1.510000,2016,"Transit",1115.62000000
"TOI-2088 b",3.68311790,37.00000000,124.72997000000,0.4720000000,0.000000,5081.00,0.902700,0.848100,2024,"Transit",126.46000000
"HIP 98599 b",12.70000000,2177.12458795,2656.00000000000,3.9600000000,0.169000,5978.00,1.190000,1.394840,2026,"Radial Velocity",75.94280000
"K2-154 b",1.99000000,4.62000000,3.67626000000,0.0405000000,,4097.00,0.650000,0.630000,2018,"Transit",129.35600000
"Kepler-240 b",1.37000000,2.45000000,4.14449500000,0.0480000000,0.000000,4985.00,0.868000,0.739000,2014,"Transit",746.92700000
"HIP 38594 c",7.94000000,48.40000000,3477.76800000000,3.8050000000,0.160000,4086.30,0.610000,0.626646,2020,"Radial Velocity",17.78860000
"Kepler-145 c",4.32000000,79.40000000,42.88200000000,0.2624400000,0.110000,6022.00,1.320000,1.850000,2013,"Transit",566.85000000
"Kepler-144 b",1.33000000,2.33000000,5.88527300000,0.0660000000,0.000000,6075.00,1.154000,1.235000,2014,"Transit",384.91700000
"TOI-1846 b",1.79200000,3.87000000,3.93067370000,0.0364600000,,3568.00,0.418000,0.397000,2025,"Transit",47.24960000
"Kepler-1957 b",0.94374867,0.79000000,2.18661999700,0.0299000000,0.000000,4904.00,0.745000,0.772000,2021,"Transit",460.89900000
"Kepler-219 b",2.95000000,9.01000000,4.58551200000,0.0570000000,0.000000,5786.00,1.164000,1.491000,2014,"Transit",787.07000000
"TIC 365102760 b",6.21000000,19.20000000,4.21285367000,0.0622000000,0.406000,4900.00,1.170000,3.130000,2024,"Transit",555.54600000
"Kepler-1153 b",1.73000000,3.64000000,1.75583532700,0.0277000000,0.000000,5470.00,0.910000,0.880000,2016,"Transit",1119.49000000
"Kepler-327 b",1.11000000,1.41000000,2.54957500000,0.0290000000,0.000000,3799.00,0.591913,0.492000,2014,"Transit",241.98700000
"K2-72 b",1.08000000,1.28000000,5.57721200000,0.0400000000,0.110000,3360.47,0.271365,0.330989,2016,"Transit",66.43210000
"TOI-5126 c",3.86000000,14.20000000,17.89990000000,0.1439000000,0.000000,6150.00,1.240000,1.241000,2023,"Transit",160.41400000
"Kepler-405 b",2.08000000,4.98000000,10.61383900000,0.0950000000,0.000000,5818.00,0.873000,0.893000,2014,"Transit",1065.08000000
"Kepler-451 d",13.50000000,559.37799632,43.00000000000,,0.000000,29564.00,0.480000,0.203000,2022,"Eclipse Timing Variations",396.33200000
"Kepler-1421 b",0.93000000,0.74900000,6.91311120000,0.0757600000,0.000000,6335.00,1.250000,1.420000,2016,"Transit",783.40100000
"K2-332 b",2.20000000,5.48000000,17.70632000000,,,3315.00,0.270000,0.280000,2021,"Transit",123.20200000
"Kepler-1288 b",1.12000000,1.46000000,2.76122421000,0.0413500000,0.000000,6132.00,1.200000,1.290000,2016,"Transit",814.07800000
"GJ 1151 c",3.25000000,10.62000000,389.70000000000,0.5714000000,,3280.00,0.163900,0.178100,2023,"Radial Velocity",8.03625000
"Kepler-80 c",2.74000000,6.74000000,9.52355000000,0.0792000000,0.007900,4540.00,0.730000,0.678000,2012,"Transit",369.45100000
"Kepler-925 b",2.34000000,6.08000000,33.86785310000,0.1805000000,0.000000,4673.00,0.770000,0.720000,2016,"Transit",611.11500000
"Kepler-194 d",2.40000000,6.35000000,52.81497300000,0.2750000000,0.000000,6089.00,0.940000,1.025000,2014,"Transit",1097.97000000
"Kepler-945 b",2.63000000,7.41000000,31.00338140000,0.2037000000,0.000000,5718.00,0.970000,0.970000,2016,"Transit",1651.25000000
"HD 156846 b",12.40000000,3391.24610000,359.51001000000,1.1200000000,0.850000,6090.00,1.380000,1.900000,2007,"Radial Velocity",47.73320000
"TOI-2025 b",11.89272852,1144.18226520,8.87209820000,0.0892000000,0.394000,5977.00,1.199000,1.459000,2022,"Transit",335.98500000
"Kepler-1878 b",2.92019781,8.86000000,4.44587993600,0.0521000000,0.000000,5918.00,0.956000,0.865000,2021,"Transit",1494.30000000
"Kepler-1447 b",2.90000000,8.75000000,56.67472850000,0.2836000000,0.000000,5722.00,0.970000,0.950000,2016,"Transit",890.29600000
"Kepler-1805 b",1.54502915,3.00000000,8.84794044500,0.0699000000,0.000000,3867.00,0.581000,0.552000,2021,"Transit",221.63900000
"HD 158259 f",2.35000000,6.14000000,12.02800000000,,,5801.89,1.080000,1.210000,2020,"Radial Velocity",27.04980000
"Kepler-370 b",1.59000000,3.15000000,4.57953000000,0.0540000000,0.000000,5852.00,0.982000,0.900000,2014,"Transit",1167.94000000
"Kepler-956 b",3.00000000,9.27000000,5.24867263100,0.0601700000,0.000000,6040.00,1.100000,1.150000,2016,"Transit",544.93900000
"HD 63433 b",2.14000000,21.75500000,7.10794750000,0.0720000000,0.240000,5553.00,0.956000,0.934000,2020,"Transit",22.40350000
"Kepler-1142 b",1.47000000,2.76000000,18.30272480000,0.1343000000,0.000000,5685.00,0.970000,0.960000,2016,"Transit",1273.51000000
"Kepler-853 b",1.69000000,3.50000000,7.16892463000,0.0790000000,0.000000,6350.00,1.300000,1.550000,2016,"Transit",568.67600000
"Kepler-451 c",13.50000000,511.70373527,1460.00000000000,,0.290000,29564.00,0.480000,0.203000,2022,"Eclipse Timing Variations",396.33200000
"WISPIT 1 b",12.40000000,3305.41543280,,338.0000000000,,4670.00,0.720000,1.116100,2025,"Imaging",230.00700000
"TOI-2529 b",11.54525012,743.71847238,64.59490000000,0.3270000000,0.021000,5802.00,1.110000,1.700000,2024,"Transit",296.27100000
"KOI-1599.01",1.90000000,4.60000000,20.44150000000,0.1472800000,0.014000,5833.00,1.020000,0.972000,2019,"Transit",1131.64000000
"Kepler-1759 b",0.90377910,0.67600000,3.72023010300,0.0429000000,0.000000,5017.00,0.760000,0.797000,2021,"Transit",385.34800000
"Kepler-1215 b",1.22000000,1.98000000,4.76703963000,0.0528000000,0.000000,5616.00,0.950000,0.930000,2016,"Transit",661.02200000
"Kepler-1733 b",3.63582354,12.80000000,9.22957992600,0.0933000000,0.000000,6320.00,1.273000,1.252000,2021,"Transit",2080.51000000
"Kepler-357 c",2.67000000,7.61000000,16.85837000000,0.1200000000,0.000000,5036.00,0.794000,0.834000,2014,"Transit",688.57300000
"Kepler-194 c",2.59000000,7.22000000,17.30803200000,0.1310000000,0.000000,6089.00,0.940000,1.025000,2014,"Transit",1097.97000000
"Kepler-1056 b",3.01000000,9.32000000,27.49560600000,0.1629000000,0.000000,6127.00,1.120000,1.200000,2016,"Transit",982.51000000
"Kepler-1424 b",1.16000000,1.65000000,29.60917440000,0.1906800000,0.000000,5838.00,1.020000,1.070000,2016,"Transit",661.42100000
"Kepler-1642 c",2.66000000,7.56000000,6.65138020000,0.0678000000,0.000000,5355.00,0.880000,0.840000,2016,"Transit",413.87300000
"HD 164595 b",4.16000000,16.14000000,40.00000000000,0.2300000000,0.088000,5790.00,0.990000,1.023606,2015,"Radial Velocity",28.25400000
"K2-24 c",7.93000000,16.40000000,42.34732000000,0.2620000000,0.028200,5726.00,1.091000,1.185000,2016,"Transit",170.56200000
"Kepler-235 d",2.05000000,4.86000000,20.06054800000,0.1220000000,0.000000,4255.00,0.581000,0.554000,2014,"Transit",428.01800000
"HD 97037 b",12.10000000,6707.76852973,6449.08337000000,6.9250000000,0.357000,5874.10,1.060000,1.263560,2022,"Radial Velocity",32.41300000
"Kepler-776 b",1.28000000,2.18000000,4.89718784000,0.0523000000,0.000000,5071.00,0.830000,0.780000,2016,"Transit",727.90400000
"K2-352 b",1.37000000,2.45000000,3.66591200000,,,5791.00,0.980000,0.950000,2021,"Transit",176.05100000
"TOI-3288 b",12.24020692,536.17652261,1.43386470000,0.0228500000,0.021000,4072.00,0.643000,0.672000,2025,"Transit",200.50000000
"Kepler-1420 b",1.28000000,2.18000000,6.69960006000,0.0671000000,0.000000,5187.00,0.820000,0.790000,2016,"Transit",1054.37000000
"K2-333 b",6.18000000,31.60000000,14.75928700000,,,5880.00,1.060000,1.220000,2021,"Transit",343.99000000
"Kepler-79 e",3.53000000,3.80000000,81.06650000000,0.3944500000,0.025000,6389.00,1.244000,1.316000,2014,"Transit",1020.72000000
"Kepler-20 d",2.60600000,13.40000000,77.61145500000,0.3474000000,0.082000,5495.00,0.929000,0.916400,2011,"Transit",282.56300000
"DMPP-1 c",3.31000000,10.94000000,10.03000000000,0.0973000000,0.220000,6196.00,1.210000,1.260000,2019,"Radial Velocity",62.53880000
"Kepler-947 b",2.28000000,5.82000000,26.96443170000,0.1773000000,0.000000,5508.00,0.900000,0.870000,2016,"Transit",1730.78000000
"Kepler-689 b",2.89000000,8.70000000,22.36656079000,0.1449000000,0.000000,5518.00,0.910000,0.880000,2016,"Transit",1131.73000000
"NGC 2682 YBP 1194 b",12.30000000,101.70560000,6.95900000000,,0.300000,5780.00,1.010000,0.990000,2014,"Radial Velocity",872.92000000
"HD 211970 b",3.66000000,13.00000000,25.20100000000,0.1430000000,0.150000,4127.00,0.610000,0.574175,2019,"Radial Velocity",13.12770000
"Kepler-336 c",2.10000000,5.06000000,9.60000100000,0.0920000000,0.000000,5867.00,1.090000,1.304000,2014,"Transit",768.86000000
"Kepler-423 b",13.36100000,189.10100000,2.68432850000,0.0358500000,0.019000,5560.00,0.850000,0.950000,2014,"Transit",758.75300000
"2M0437 b",13.00000000,1271.31362800,,118.0000000000,,3100.00,0.170000,0.840000,2021,"Imaging",128.48400000
"Kepler-561 b",6.96000000,38.70000000,58.36204950000,0.2925600000,0.000000,5646.00,0.960000,0.940000,2016,"Transit",621.37800000
"24 Boo b",13.90000000,280.64248338,30.33000000000,0.1940000000,0.032000,4816.00,1.050000,12.190000,2018,"Radial Velocity",95.98630000
"HD 74156 c",12.50000000,2753.98314665,2448.48726000000,3.6780000000,0.377000,6068.00,1.100000,1.510576,2003,"Radial Velocity",57.60300000
"Kepler-1365 c",0.80000000,0.43700000,4.77468005000,0.0570100000,0.000000,5770.00,1.000000,1.050000,2016,"Transit",840.12800000
"HD 20003 c",3.89000000,14.44000000,33.92390000000,0.1964000000,0.100000,5494.00,0.875000,0.921637,2019,"Radial Velocity",41.83160000
"Kepler-716 b",2.90000000,8.75000000,10.37168453000,0.0862800000,0.000000,5099.00,0.830000,0.780000,2016,"Transit",635.00900000
"TOI-4562 b",12.53000000,732.00000000,225.10640000000,0.7680000000,0.760000,6096.00,1.192000,1.152000,2023,"Transit",339.60500000
"HD 134606 b",2.97000000,9.09000000,12.08900000000,0.1046000000,0.092000,5576.00,1.046000,1.158000,2024,"Radial Velocity",26.79090000
"K2-66 b",2.49000000,21.30000000,5.06963000000,0.0598300000,0.000000,5887.00,1.110000,1.670000,2016,"Transit",513.87700000
"TIC 437041147 b",2.21526814,5.54000000,3.82301421497,,,5224.36,0.931000,0.961092,2026,"Transit",246.60000000
"Kepler-583 b",2.28000000,5.82000000,6.51002530000,0.0689000000,0.000000,5523.00,0.940000,0.910000,2016,"Transit",867.27100000
"Kepler-1649 c",1.06000000,1.20000000,19.53527000000,0.0649000000,0.000000,3240.00,0.197700,0.231700,2020,"Transit",92.19130000
"WASP-57 b",11.76945000,204.68252000,2.83891856000,0.0376900000,0.000000,5600.00,0.886000,0.927000,2012,"Transit",398.27600000
"Kepler-381 d",1.06678650,1.23000000,8.25629997300,0.0836400000,0.000000,6197.00,1.198000,2.188000,2021,"Transit",267.32300000
"TOI-1199 b",10.51402390,75.96098927,3.67146300000,0.0498800000,0.030000,5710.00,1.230000,1.450000,2024,"Transit",248.42700000
"TOI-4961 b",12.34108775,572.09113260,7.47918200000,0.0726000000,0.182000,5380.00,0.912000,0.912000,2025,"Transit",213.07300000
"Kepler-118 c",7.68000000,45.70000000,20.17202000000,0.1410000000,0.000000,5274.00,0.811000,1.094000,2014,"Transit",574.22800000
"Kepler-278 b",3.95500000,56.00000000,30.15560000000,0.2020000000,0.696000,4965.00,1.227000,2.861000,2014,"Transit",443.03000000
"K2-268 e",1.33000000,2.33000000,6.13124300000,,,5106.00,0.840000,0.780000,2021,"Transit",327.78300000
"Kepler-1254 d",1.31000000,2.27000000,5.72717226000,0.0575000000,0.000000,4985.00,0.780000,0.750000,2016,"Transit",622.81800000
"HD 167768 b",13.90000000,270.15414595,20.65320000000,0.1512000000,0.149000,4851.00,1.080000,9.700000,2022,"Radial Velocity",107.21400000
"TOI-1036 b",6.28499593,32.50000000,3.77952125496,,,5664.68,1.030000,1.175540,2026,"Transit",184.01500000
"EPIC 212424622 b",2.17000000,5.35000000,18.09830000000,,,5782.33,1.106000,1.224700,2019,"Transit",611.80400000
"Kepler-1915 b",3.21798413,10.40000000,13.83539963000,0.1140000000,0.000000,6020.00,1.030000,1.057000,2021,"Transit",1514.66000000
"Kepler-1734 b",3.08851092,9.74000000,6.79685020400,0.0714000000,0.000000,6061.00,1.050000,0.970000,2021,"Transit",1482.83000000
"Kepler-960 b",2.29000000,5.86000000,3.12686223000,0.0380700000,0.000000,4755.00,0.770000,0.720000,2016,"Transit",284.91600000
"HD 208897 b",13.70000000,379.48711796,358.27000000000,1.0630000000,0.020000,4860.00,1.250000,4.980000,2017,"Radial Velocity",67.48720000
"Kepler-1386 b",1.24000000,2.07000000,6.73972381000,0.0680000000,0.000000,5733.00,1.020000,1.030000,2016,"Transit",835.88200000
"Kepler-1921 c",1.41000000,2.57000000,3.15722086000,0.0454000000,0.000000,6120.00,1.251000,2.000000,2023,"Transit",928.98900000
"Kepler-1225 b",1.82000000,3.97000000,7.01075434000,0.0771000000,0.000000,6140.00,1.130000,1.190000,2016,"Transit",1347.52000000
"Kepler-1708 b",9.96000000,1462.01067220,737.11310000000,1.6400000000,0.400000,6157.00,1.088000,1.117000,2021,"Transit",1666.69000000
"HD 96700 b",2.93000000,8.90000000,8.12450000000,0.0777000000,0.138000,5845.00,0.890000,1.160000,2021,"Radial Velocity",25.41110000
"Kepler-208 b",1.63000000,3.29000000,4.22864000000,0.0540000000,0.000000,6092.00,1.082000,1.314000,2014,"Transit",775.32800000
"Kepler-1146 b",1.23000000,2.04000000,2.35226579700,0.0325000000,0.000000,4692.00,0.740000,0.700000,2016,"Transit",703.03800000
"WASP-100 b",14.90797000,400.46580000,2.84938000000,0.0457400000,0.000000,6900.00,0.770000,1.570000,2014,"Transit",364.41100000
"Kepler-1643 b",2.32000000,5.99000000,5.34265700000,0.0531000000,0.000000,4916.00,0.845000,0.855000,2016,"Transit",341.77400000
"Kepler-215 d",2.39000000,23.60000000,30.86442300000,0.1850000000,0.000000,5739.00,0.788000,1.027000,2014,"Transit",485.99700000
"EPIC 212737443 b",2.58600000,7.20000000,13.60300000000,0.0980000000,0.200000,4684.00,0.690000,0.673000,2019,"Transit",336.25000000
"TOI-2169 A b",12.50922246,329.58805806,8.21482820000,0.0896000000,0.045000,6270.00,1.420000,1.820000,2025,"Transit",351.48700000
"K2-259 b",2.32000000,5.99000000,15.48043000000,0.1271000000,,6059.00,1.140000,1.130000,2018,"Transit",416.45700000
"TOI-5292 A b",12.64373023,412.85910069,2.02191000000,0.0279000000,0.034000,3919.00,0.596000,0.611000,2026,"Transit",337.09500000
"Kepler-401 c",2.15000000,5.27000000,47.31821800000,0.2690000000,0.000000,6117.00,1.173000,1.333000,2014,"Transit",965.56000000
"Kepler-888 b",1.76000000,3.75000000,70.69790610000,0.3148100000,0.000000,5875.00,0.970000,0.900000,2016,"Transit",420.81700000
"Kepler-740 b",4.57000000,18.90000000,3.58410121600,0.0462000000,0.000000,5438.00,0.910000,0.870000,2016,"Transit",1442.02000000
"Kepler-1673 b",2.93551940,8.93000000,33.78880000000,0.2136300000,0.000000,6014.95,1.110000,1.131660,2020,"Transit",727.18700000
"Kepler-1322 c",2.15492527,5.29000000,6.45998001100,0.0652000000,0.000000,5704.00,0.897000,0.804000,2021,"Transit",1350.32000000
"Kepler-1211 b",2.55000000,7.04000000,11.01816836000,0.0976300000,0.000000,5705.00,0.960000,0.940000,2016,"Transit",1826.53000000
"HIP 78530 b",12.00000000,7300.00000000,,740.0000000000,,10500.00,2.500000,2.108760,2010,"Imaging",136.75900000
"Kepler-48 f",13.80000000,298.58099680,5219.68185400000,5.7191878770,0.015283,5190.00,0.916000,0.836000,2023,"Radial Velocity",306.73800000
"Kepler-1750 b",6.00434637,30.10000000,205.91200260000,0.6785000000,0.000000,5644.00,0.981000,0.969000,2021,"Transit",1497.33000000
"TOI-4308 b",2.41890000,6.43000000,9.15120100000,,,5243.00,0.900000,0.793400,2023,"Transit",108.93200000
"HD 18015 b",13.10000000,1048.83374310,2278.00000000000,3.8700000000,0.148000,5603.00,1.490000,3.130000,2018,"Radial Velocity",123.80100000
"TOI-1798.02",1.46400000,5.60000000,0.43781182200,0.0107890000,0.000000,5165.00,0.870000,0.780000,2024,"Transit",113.18100000
"Kepler-24 b",2.34800000,11.14000000,8.14000000000,0.0804500000,0.023000,6028.00,1.060000,1.099000,2011,"Transit",1156.81000000
"Kepler-1875 b",3.22686692,10.50000000,34.45859909000,0.2039000000,0.000000,6161.00,0.950000,0.862000,2021,"Transit",1660.45000000
"Kepler-1642 b",3.20000000,10.30000000,12.20575130000,0.1016000000,0.000000,5355.00,0.880000,0.840000,2016,"Transit",413.87300000
"HD 33142 c",13.90000000,282.86728223,810.20000000000,1.9550000000,0.081000,5025.40,1.520000,4.170000,2016,"Radial Velocity",121.37500000
"Kepler-864 b",2.40000000,6.35000000,5.83376092000,0.0687000000,0.000000,5754.00,1.000000,1.000000,2016,"Transit",2022.90000000
"HD 181720 b",14.00000000,127.13200000,956.00000000000,1.8500000000,0.260000,5736.00,1.030000,1.500000,2009,"Radial Velocity",60.20460000
"TOI-6677 b",5.83507112,28.70000000,5.45060661625,,,6572.28,1.450000,1.571670,2026,"Transit",340.52000000
"Kepler-1394 b",1.39000000,2.51000000,3.93766373000,0.0547400000,0.000000,6481.00,1.640000,2.550000,2016,"Transit",640.40900000
"Kepler-1672 b",2.97022762,9.11000000,150.87800000000,0.5537400000,0.000000,6131.95,1.160000,1.088410,2020,"Transit",391.18100000
"HD 331093 b",13.60000000,476.74261050,621.62000000000,1.4400000000,0.590000,5544.00,1.030000,1.111200,2021,"Radial Velocity",50.19280000
"Kepler-58 d",2.94000000,245.34300000,40.10137100000,0.2360000000,0.000000,6099.00,1.024000,1.127000,2014,"Transit",969.25200000
"Kepler-404 c",1.72000000,3.61000000,14.75116600000,0.1180000000,0.000000,5654.00,0.860000,0.884000,2014,"Transit",812.52400000
"Kepler-1254 b",1.55000000,3.02000000,9.99113313000,0.0833000000,0.000000,4985.00,0.780000,0.750000,2016,"Transit",622.81800000
"HD 37124 d",14.00000000,221.20968000,1862.00000000000,2.8070000000,0.160000,5698.64,0.850000,0.949168,2005,"Radial Velocity",31.66340000
"WASP-3 b",15.91678000,772.32690000,1.84683000000,0.0315000000,0.000000,6400.00,1.620000,1.440000,2007,"Transit",231.16100000
"Kepler-1936 b",3.16615594,10.20000000,126.55699920000,0.5266200000,0.000000,6501.00,1.419000,1.854000,2021,"Transit",871.09600000
"Kepler-1615 b",2.06000000,4.90000000,47.31261920000,0.2788000000,0.000000,5865.00,1.040000,1.050000,2016,"Transit",1393.83000000
"Kepler-327 d",1.73000000,3.64000000,13.96945700000,0.0900000000,0.000000,3799.00,0.591913,0.492000,2014,"Transit",241.98700000
"Kepler-1301 b",1.40000000,2.54000000,9.08237046000,0.0815000000,0.000000,5188.00,0.850000,0.810000,2016,"Transit",854.28000000
"Kepler-784 c",1.55000000,3.02000000,17.15723600000,0.1309000000,0.000000,5676.00,1.016000,1.487000,2023,"Transit",1303.72000000
"Kepler-1553 b",1.15000000,1.60000000,4.24261881000,0.0481000000,0.000000,5288.00,0.850000,0.810000,2016,"Transit",692.59400000
"Kepler-1862 b",2.20300000,5.49000000,16.05730057000,0.1199000000,0.000000,5644.00,0.900000,0.806000,2021,"Transit",1232.19000000
"Kepler-990 b",2.60000000,7.27000000,9.91723428000,0.0859500000,0.000000,5948.00,1.050000,1.080000,2016,"Transit",802.16300000
"Kepler-1537 b",1.18000000,1.76000000,1.44445379800,0.0245000000,0.000000,5079.00,0.810000,0.770000,2016,"Transit",517.29200000
"HATS-28 b",13.38354600,213.58176000,3.18107810000,0.0413100000,0.202000,5498.00,0.929000,0.922000,2016,"Transit",535.38300000
"HR 858 d",2.00100000,7.10000000,11.23051100000,0.1046000000,0.000000,6354.00,1.204000,1.258000,2019,"Transit",31.96400000
"TOI-2193 A b",19.83989584,298.75870258,2.12257350000,0.0331900000,0.000000,5966.00,1.082000,1.248000,2022,"Transit",337.06400000
"GJ 9773 b",14.20000000,172.58082500,2965.00000000000,2.9210000000,0.218000,3528.00,0.358000,0.362000,2025,"Radial Velocity",15.92110000
"Kepler-1785 b",2.70422447,7.77000000,19.58550072000,0.1391700000,0.000000,5618.00,0.911000,0.996000,2021,"Transit",745.74000000
"Kepler-130 d",1.64000000,3.33000000,87.51790500000,0.3770000000,0.800000,5884.00,0.927000,1.127000,2014,"Transit",316.66300000
"HD 13808 c",3.13000000,9.96000000,53.75300000000,0.2554000000,0.156000,5035.00,0.771000,0.781000,2021,"Radial Velocity",28.23050000
"Kepler-340 b",2.53000000,6.94000000,14.84438700000,0.1340000000,0.000000,6620.00,1.650000,1.850000,2014,"Transit",808.76200000
"HD 125271 b",12.40000000,3465.60094993,14901.99295000000,10.8170000000,0.165000,4703.93,0.750000,0.751364,2022,"Radial Velocity",39.34660000
"Kepler-1085 b",7.22000000,41.20000000,219.32175280000,0.7336100000,0.000000,6000.00,1.110000,1.140000,2016,"Transit",1364.53000000
"Kepler-1404 b",2.01000000,4.70000000,15.93147390000,0.1143000000,0.000000,5261.00,0.840000,0.800000,2016,"Transit",962.18300000
"K2-99 c",12.60000000,2669.75861880,522.20000000000,1.4300000000,0.210000,6069.00,1.440000,2.550000,2022,"Radial Velocity",519.22900000
"TOI-1728 b",5.05000000,26.78000000,3.49151000000,0.0391000000,0.057000,3980.00,0.646000,0.624300,2020,"Transit",60.79800000
"HATS-74 A b",11.56766808,464.02947422,1.73185606000,0.0238400000,0.044000,3776.90,0.601000,0.575800,2021,"Transit",299.38900000
"Kepler-1207 b",1.62000000,3.26000000,13.68237119000,0.1156000000,0.000000,5909.00,1.060000,1.060000,2016,"Transit",1754.19000000
"Kepler-1636 b",3.23000000,10.50000000,425.47785000000,1.1219100000,0.000000,5797.00,1.010000,1.020000,2016,"Transit",1947.54000000
"Kepler-1267 b",3.01000000,9.32000000,13.03139450000,0.1057000000,0.000000,6096.00,1.150000,1.200000,2016,"Transit",1379.43000000
"K2-73 c",13.00000000,1142.00000000,1000.00000000000,,,5867.00,1.020000,1.058000,2025,"Radial Velocity",269.18300000
"Kepler-1795 b",1.66301611,3.40000000,13.36019993000,0.1002000000,0.000000,4500.00,0.768000,0.688000,2021,"Transit",
"K2-285 b",2.59000000,9.68000000,3.47174500000,0.0381700000,0.000000,4975.00,0.830000,0.787000,2018,"Transit",154.96100000
"WISPIT 1 c",12.80000000,1684.49055710,,840.0000000000,,4670.00,0.720000,1.116100,2025,"Imaging",230.00700000
"TIC 349520724 b",2.82626313,8.38000000,7.94044635021,,,5098.60,0.890000,0.818771,2026,"Transit",241.10500000
"LP 714-47 b",4.25000000,28.38000000,4.05203200000,0.0405600000,0.022000,4123.00,0.542000,0.536000,2020,"Transit",52.61600000
"Kepler-963 b",2.66000000,7.56000000,9.97683705000,0.0849000000,0.000000,5461.00,0.910000,0.870000,2016,"Transit",771.49400000
"XO-2 S b",10.90000000,82.63538582,18.22000000000,0.1347000000,0.150000,5325.00,0.980000,1.020000,2014,"Radial Velocity",151.39800000
"Kepler-1748 b",2.71275017,7.81000000,5.82352018400,0.0615000000,0.000000,5774.00,0.916000,0.864000,2021,"Transit",1083.28000000
"Kepler-336 d",2.37000000,6.21000000,20.67877200000,0.1540000000,0.000000,5867.00,1.090000,1.304000,2014,"Transit",768.86000000
"Kepler-712 b",3.41000000,11.50000000,21.02247699000,0.1361500000,0.000000,5148.00,0.840000,0.780000,2016,"Transit",872.49300000
"TOI-4364 b",2.01000000,4.70000000,5.42401900000,0.0475300000,0.290000,3528.00,0.487000,0.468400,2025,"Transit",43.96620000
"Kepler-247 b",1.64000000,3.33000000,3.33616000000,0.0420000000,0.000000,5100.00,0.887000,0.768000,2014,"Transit",663.71100000
"TOI-5628 A b",8.29464572,28.60455663,4.34166120000,0.0368000000,0.000000,3310.00,0.360000,0.350000,2026,"Transit",110.03000000
"EPIC 201427007 b",1.50000000,2.86000000,0.72091000000,,,5633.00,0.930000,0.940000,2021,"Transit",706.39100000
"TOI-2992 b",13.75341932,1058.36859531,3.00781200000,0.0434000000,0.089000,6000.00,1.210000,1.545000,2025,"Transit",542.02600000
"K2-268 b",1.50000000,2.86000000,2.15167600000,0.0308000000,,5106.00,0.840000,0.780000,2018,"Transit",327.78300000
"Kepler-1096 b",1.24000000,2.07000000,2.89221750600,0.0340000000,0.000000,4306.00,0.660000,0.630000,2016,"Transit",377.97600000
"TOI-615 b",18.97680433,138.25535705,4.66159830000,0.0678000000,0.390000,6850.00,1.449000,1.732000,2023,"Transit",360.40800000
"HAT-P-28 b",13.58500000,198.95300000,3.25721500000,0.0434000000,0.051000,5680.00,1.025000,1.103000,2011,"Transit",401.31900000
"Kepler-667 b",4.73000000,20.10000000,41.43962808000,0.2288000000,0.000000,5327.00,0.910000,0.870000,2016,"Transit",2302.45000000
"Kepler-557 b",2.67000000,7.61000000,3.70598955100,0.0469000000,0.000000,6068.00,1.110000,1.160000,2016,"Transit",2097.12000000
"EPIC 206024342 d",2.60000000,7.27000000,14.64753100000,,,5724.00,0.928000,1.100000,2021,"Transit",369.88800000
"rho CrB c",5.68000000,27.44200000,102.03600000000,0.4206000000,0.048000,5817.00,1.000000,1.361700,2016,"Radial Velocity",17.46710000
"Kepler-483 b",3.21000000,10.40000000,30.22910400000,0.1947100000,0.000000,6346.00,1.280000,1.470000,2016,"Transit",860.35500000
"HD 73534 b",13.70000000,353.42696000,1750.00000000000,2.9900000000,0.126000,4917.00,1.160000,2.580000,2008,"Radial Velocity",83.33210000
"HD 35843 b",2.29000000,5.84000000,9.89910000000,0.0880000000,0.000000,5666.00,0.940000,0.897000,2025,"Radial Velocity",69.60260000
"Kepler-116 b",3.42000000,11.60000000,5.96873400000,0.0690000000,0.000000,6142.00,1.198000,1.454000,2014,"Transit",955.16800000
"HAT-P-62 b",12.02723629,241.86741773,2.64532350000,0.0377200000,0.101000,5629.00,1.023000,1.170000,2021,"Transit",348.81500000
"TOI-3896 b",3.14949237,10.10000000,4.37730369667,,,5110.91,0.860000,0.747752,2026,"Transit",181.65300000
"Kepler-443 b",2.33000000,6.04000000,177.66930000000,0.4950000000,0.110000,4723.00,0.738000,0.706000,2015,"Transit",802.27100000
"TOI-4504 d",11.26000000,643.00000000,41.28719750000,0.2219000000,0.293000,5315.00,0.875000,0.930000,2024,"Transit Timing Variations",342.60500000
"HD 150010 b",13.30000000,762.78817680,562.00000000000,1.4000000000,0.200000,4153.00,1.300000,16.200000,2022,"Radial Velocity",144.49000000
"Kepler-552 b",3.95000000,14.80000000,5.26341576500,0.0612000000,0.000000,5863.00,1.030000,1.040000,2016,"Transit",843.68900000
"TOI-2719 b",5.98000000,29.90000000,3.37594000000,,,5762.00,1.020000,1.690000,2025,"Transit",588.36800000
"HD 23596 b",12.40000000,3786.60764100,1535.11912000000,2.6940000000,0.282000,6040.00,1.100000,1.530000,2003,"Radial Velocity",52.00180000
"K2-347 b",2.41000000,6.39000000,7.18725700000,,,4599.00,0.660000,0.630000,2021,"Transit",320.33600000
"Kepler-812 b",3.55000000,12.30000000,10.11716531000,0.1024000000,0.000000,6761.00,1.450000,1.710000,2016,"Transit",1482.74000000
"TOI-2266 b",1.54000000,2.99000000,2.32631800000,0.0200000000,,3200.00,0.230000,0.240000,2024,"Transit",51.60040000
"Kepler-1187 b",2.61000000,7.32000000,18.87064068000,0.1401000000,0.000000,5975.00,1.060000,1.090000,2016,"Transit",1020.53000000
"Kepler-1547 b",0.90000000,0.66600000,0.69297967600,0.0155600000,0.000000,6078.00,1.120000,1.180000,2016,"Transit",674.69500000
"Kepler-170 b",3.20000000,82.60000000,7.93059200000,0.0800000000,0.000000,5679.00,1.066000,1.035000,2014,"Transit",738.65700000
"GJ 15 A b",1.55000000,3.03000000,11.44070000000,0.0720000000,0.094000,3607.00,0.380000,0.380000,2014,"Radial Velocity",3.56228000
"Kepler-100 b",1.34000000,4.01000000,6.88734000000,0.0730900000,0.130000,5837.00,1.130000,1.510000,2014,"Transit",304.64500000
"Kepler-1258 b",0.86000000,0.56600000,0.98494016700,0.0182400000,0.000000,5839.00,0.990000,0.990000,2016,"Transit",717.55500000
"NSVS 14256825 b",12.30000000,4497.29450000,3225.00000000000,3.1200000000,0.120000,40000.00,0.419000,0.188000,2019,"Eclipse Timing Variations",820.87700000
"TOI-1266 b",2.52000000,4.46000000,10.89450000000,0.0730000000,0.039000,3563.00,0.437000,0.423200,2020,"Transit",36.01180000
"Kepler-659 b",2.50000000,6.80000000,17.67179600000,0.1204000000,0.000000,4870.00,0.790000,0.740000,2016,"Transit",722.64000000
"GJ 27.1 b",3.66000000,13.00000000,15.81900000000,0.1010000000,0.080000,3542.00,0.530000,0.518887,2014,"Radial Velocity",23.60620000
"TOI-4495 c",4.03000000,23.20000000,5.18553000000,0.0632300000,0.023000,6210.00,1.247000,1.309000,2024,"Transit",132.21400000
"Kepler-798 b",2.39000000,6.30000000,13.71933369000,0.1174000000,0.000000,6224.00,1.190000,1.290000,2016,"Transit",972.27400000
"TOI-5082.01",2.54811000,7.03000000,4.24012200000,0.0512048420,,5670.00,0.996650,0.930000,2024,"Transit",43.14060000
"Kepler-364 c",2.15000000,5.27000000,59.98062700000,0.3120000000,0.000000,6108.00,1.076000,1.284000,2014,"Transit",891.46200000
"TOI-1260 d",3.12000000,11.84000000,16.60816400000,0.1116000000,0.000000,4227.00,0.679000,0.672000,2022,"Transit",73.59770000
"HD 50499 b",13.50000000,519.96988000,2447.10000000000,3.8330000000,0.266000,6102.00,1.253000,1.351000,2005,"Radial Velocity",46.28450000
"HD 20794 f",2.28000000,5.82000000,647.60000000000,1.3541000000,0.450000,5368.00,0.790000,0.930000,2025,"Radial Velocity",6.00278000
"Kepler-1595 b",1.23000000,2.04000000,4.56380468000,0.0510000000,0.000000,5203.00,0.840000,0.800000,2016,"Transit",845.02200000
"HD 99109 b",14.30000000,139.84520000,439.29999000000,1.1100000000,0.090000,5282.00,0.760000,0.980000,2005,"Radial Velocity",54.79010000
"KOI-3503 b",1.19000000,9.20000000,21.18500000000,0.1424700000,0.000000,6001.00,0.858000,1.255000,2021,"Transit",887.06400000
"Kepler-526 b",1.99000000,4.62000000,5.45849831600,0.0651800000,0.000000,5894.00,1.150000,1.140000,2016,"Transit",666.14600000
"HD 28109 c",4.13000000,9.20000000,55.99712000000,0.3080000000,0.003900,6189.00,1.227000,1.425000,2022,"Transit",139.61100000
"K2-11 b",7.55000000,44.40000000,39.93767000000,0.2257000000,,5433.00,1.350000,5.150000,2015,"Transit",329.30900000
"NGTS-26 b",14.88552637,92.80589484,4.51992790000,0.0490000000,0.000000,5550.00,0.960000,1.160000,2024,"Transit",1093.69000000
"KOI-319 b",10.67000000,3178.28407000,46.14827000000,0.2668000000,0.034000,5880.00,1.325000,2.064000,2014,"Transit",660.13800000
"TOI-1743 b",1.83000000,4.01000000,4.26604600000,0.0358900000,,3277.00,0.339000,0.338000,2025,"Transit",41.27580000
"Kepler-1837 b",2.06673842,4.92000000,5.90608978300,0.0650000000,0.000000,5966.00,1.049000,0.961000,2021,"Transit",1229.18000000
"Kepler-1986 b",1.89000000,4.23000000,19.54896660000,0.1307000000,0.000000,5549.00,0.776000,0.732000,2023,"Transit",912.08500000
"Kepler-696 b",6.14000000,31.30000000,4.19042557500,0.0535000000,0.000000,5903.00,1.060000,1.080000,2016,"Transit",1416.44000000
"Kepler-189 c",2.38000000,22.70000000,20.13486600000,0.1370000000,0.000000,5235.00,0.803000,0.750000,2014,"Transit",591.53400000
"HD 105618 b",5.44000000,25.42627256,10.02245000000,0.0910000000,0.455000,5671.00,1.010000,1.273990,2022,"Radial Velocity",70.08370000
"TOI-1301.01",2.47700000,6.70000000,6.09640720900,0.0598660000,,4820.00,0.770000,0.732000,2024,"Transit",90.86930000
"Kepler-1497 b",1.66000000,3.39000000,8.74199772000,0.0817000000,0.000000,5675.00,0.960000,0.950000,2016,"Transit",1122.00000000
"EPIC 212624936 b",1.20000000,1.87000000,0.57865700000,,,5765.00,1.000000,0.930000,2021,"Transit",561.92900000
"Kepler-194 b",1.51000000,2.89000000,2.09228100000,0.0320000000,0.000000,6089.00,0.940000,1.025000,2014,"Transit",1097.97000000
"Kepler-661 b",3.07000000,9.64000000,6.02930132100,0.0585000000,0.000000,4483.00,0.700000,0.670000,2016,"Transit",534.78800000
"Kepler-529 c",2.00000000,4.66000000,12.83450220000,0.1075000000,0.000000,6087.00,1.070000,1.140000,2016,"Transit",799.00800000
"HAT-P-61 b",10.07687365,335.94462620,1.90231289000,0.0301000000,0.113000,5587.00,1.004000,0.938000,2021,"Transit",338.84000000
"TOI-2589 b",12.10569916,1112.39942450,61.62770000000,0.3000000000,0.522000,5579.00,0.930000,1.070000,2023,"Transit",200.27300000
"HD 95872 b",13.00000000,1188.68420000,4375.00000000000,5.1500000000,0.060000,5312.00,0.700000,0.840000,2015,"Radial Velocity",72.21950000
"Kepler-1412 b",0.83000000,0.49800000,3.61460510000,0.0460800000,0.000000,5880.00,1.060000,1.270000,2016,"Transit",755.67800000
"Kepler-760 c",1.48000000,2.79000000,2.46697439000,0.0348900000,0.000000,5322.00,0.890000,0.850000,2016,"Transit",792.33600000
"2MASS J0249-0557 c",17.37392009,3616.88727166,,1950.0000000000,,2859.00,0.046000,0.315959,2018,"Imaging",66.06130000
"TOI-4504 c",11.17000000,821.00000000,82.81909300000,0.3593000000,0.049870,5315.00,0.875000,0.930000,2024,"Transit",342.60500000
"Kepler-1540 b",2.49000000,6.76000000,125.41311770000,0.4426000000,0.000000,4540.00,0.740000,0.690000,2016,"Transit",244.96000000
"TIC 445839811 b",2.47771211,6.70000000,11.10862603180,,,5408.25,0.950000,0.850041,2026,"Transit",235.65500000
"Kepler-225 c",1.84000000,4.04000000,18.79423400000,0.1110000000,0.000000,3682.00,0.593000,0.480000,2014,"Transit",561.10100000
"Kepler-180 b",1.50000000,2.86000000,13.81712400000,0.1090000000,0.000000,5731.00,0.950000,1.063000,2014,"Transit",695.65000000
"HD 18438 b",12.10000000,6674.39654700,803.00000000000,2.1000000000,0.100000,3860.00,1.840000,88.475000,2023,"Radial Velocity",224.14600000
"HD 154088 b",2.46000000,6.60000000,18.56000000000,0.1340000000,0.344000,5374.00,0.910000,0.950000,2021,"Radial Velocity",18.26920000
"HD 24064 b",12.30000000,4096.82870000,535.59998000000,1.2900000000,0.350000,4052.00,1.610000,40.000000,2015,"Radial Velocity",300.24700000
"Kepler-1349 b",0.70000000,0.27100000,2.12823928000,0.0342100000,0.000000,6086.00,1.160000,1.280000,2016,"Transit",276.32300000
"HD 29399 b",13.50000000,498.99059899,892.70000000000,1.9130000000,0.050000,4845.00,1.170000,4.500000,2022,"Radial Velocity",44.15180000
"TOI-4511 b",2.75304932,8.01000000,10.98090968596,,,5418.77,1.017000,1.001450,2026,"Transit",121.83200000
"Kepler-411 e",3.28000000,10.80000000,31.50972800000,0.1860000000,0.016000,4974.00,0.870000,0.820000,2018,"Transit Timing Variations",153.67600000
"eps Ind A b",12.70000000,2065.88464550,25450.00000000000,15.7600000000,0.250000,4700.00,0.800000,0.713000,2019,"Radial Velocity",3.63857000
"Kepler-1306 b",1.91000000,4.31000000,16.29595382000,0.1230000000,0.000000,5727.00,0.980000,0.970000,2016,"Transit",1107.50000000
"TOI-2200 b",6.96310517,38.70000000,2.93602836512,,,5036.17,0.850000,0.826247,2026,"Transit",251.24500000
"K2-285 c",3.53000000,15.68000000,7.13804800000,0.0824000000,0.000000,4975.00,0.830000,0.787000,2018,"Transit",154.96100000
"Kepler-345 b",0.74000000,0.48000000,7.41556300000,0.0660000000,0.000000,4504.00,0.610000,0.623000,2014,"Transit",260.00000000
"Kepler-539 c",13.30000000,762.79200000,1000.00000000000,2.4200000000,0.500000,5820.00,1.048000,0.952000,2016,"Transit Timing Variations",307.31800000
"HD 33844 b",13.40000000,638.83830000,551.40002000000,1.6000000000,0.150000,4861.00,1.840000,5.390000,2015,"Radial Velocity",105.77900000
"GJ 317 c",13.60000000,454.49462201,6500.00000000000,5.0400000000,0.217000,3496.00,0.402000,0.403000,2016,"Radial Velocity",15.19680000
"Kepler-467 b",2.25000000,5.69000000,24.99324193000,0.1684800000,0.000000,5809.00,1.050000,1.370000,2016,"Transit",466.26500000
"Kepler-964 b",2.12000000,5.14000000,13.52251060000,0.1073000000,0.000000,5427.00,0.930000,0.840000,2016,"Transit",454.62600000
"TOI-1386 c",10.30000000,75.20000000,232.00000000000,0.7500000000,0.380000,5735.00,1.036300,1.023500,2024,"Radial Velocity",146.85800000
"HD 99706 c",12.80000000,1808.45270000,1278.00000000000,,0.411000,4891.00,1.720000,5.400000,2016,"Radial Velocity",146.60000000
"Kepler-1262 b",1.82000000,3.97000000,8.67900242000,0.0830000000,0.000000,5771.00,0.990000,0.980000,2016,"Transit",1054.87000000
"BEBOP-3 b",14.20000000,177.34825111,547.00000000000,1.4440000000,0.247000,6033.00,1.083000,1.414000,2025,"Radial Velocity",119.05200000
"Kepler-1071 b",2.38000000,6.26000000,6.17998440000,0.0629000000,0.000000,5215.00,0.860000,0.810000,2016,"Transit",1042.27000000
"Kepler-1515 b",9.55000000,66.20000000,214.31141640000,0.7523500000,0.000000,6511.00,1.300000,1.410000,2016,"Transit",539.32100000
"Kepler-1809 b",1.51300000,2.90000000,3.75729990000,0.0444400000,0.000000,4901.00,0.807000,0.716000,2021,"Transit",409.60200000
"K2-242 b",2.54000000,6.99000000,6.51389000000,0.0494000000,,3459.00,0.380000,0.370000,2018,"Transit",109.23700000
"TIC 77319217 b",3.10879526,9.85000000,7.54830765124,,,5961.52,1.160000,1.184390,2026,"Transit",267.62000000
"Kepler-649 b",2.26000000,5.73000000,29.90722674000,0.1752200000,0.000000,5871.00,0.970000,0.940000,2016,"Transit",513.74800000
"HAT-P-55 b",14.84069045,189.42573057,3.58523130000,0.0462800000,0.170000,5804.00,1.028000,1.105000,2015,"Transit",511.38800000
"Kepler-344 c",2.95000000,9.01000000,125.59680900000,0.4880000000,0.000000,5774.00,0.931000,0.976000,2014,"Transit",1002.94000000
"HIP 65891 b",12.70000000,1938.75328270,1089.60000000000,2.8200000000,0.090000,5000.00,2.500000,8.930000,2015,"Radial Velocity",150.29200000
"GJ 4274 c",2.83000000,8.39000000,69.57000000000,0.1860000000,,3228.00,0.180000,0.190000,2026,"Radial Velocity",7.23556000
"Kepler-1111 b",2.00000000,4.66000000,8.79617863000,0.0872000000,0.000000,6077.00,1.100000,1.150000,2016,"Transit",841.53600000
"Kepler-172 b",2.35000000,6.12000000,2.94030900000,0.0400000000,0.000000,5526.00,1.081000,1.085000,2014,"Transit",828.59200000
"K2-139 b",9.11000000,123.00021000,28.38061900000,0.1796000000,0.120000,5370.00,0.960000,0.880000,2017,"Transit",153.85600000
"HD 64121 b",13.20000000,813.64072192,623.00000000000,1.5100000000,0.110000,5078.00,1.640000,5.440000,2022,"Radial Velocity",129.96600000
"Kepler-902 b",2.54000000,6.99000000,40.10995470000,0.2230000000,0.000000,5647.00,0.950000,0.930000,2016,"Transit",1165.34000000
"Kepler-894 b",2.78000000,8.15000000,9.80322400000,0.0916000000,0.000000,5603.00,0.870000,0.850000,2016,"Transit",1162.91000000
"Kepler-1794 b",1.79426276,3.87000000,9.76298046100,0.0821000000,0.000000,5052.00,0.773000,0.816000,2021,"Transit",561.22900000
"TOI-1064 b",2.58700000,13.50000000,6.44386800000,0.0615200000,0.047000,4734.00,0.748000,0.726000,2022,"Transit",68.07260000
"Kepler-884 b",1.23000000,2.04000000,5.69919514000,0.0611600000,0.000000,5715.00,1.000000,0.940000,2016,"Transit",476.73300000
"Kepler-1019 b",1.46000000,2.73000000,1.41122984700,0.0221000000,0.000000,4433.00,0.700000,0.670000,2016,"Transit",194.18200000
"WASP-28 b",13.66374747,282.54945382,3.40883495000,0.0442000000,0.000000,6084.00,0.993000,1.083000,2014,"Transit",348.49400000
"GJ 3341 b",2.46000000,6.60000000,14.20700000000,0.0890000000,0.310000,3526.00,0.470000,0.439000,2015,"Radial Velocity",23.61900000
"TOI-4552 b",1.11000000,1.83000000,0.30110032000,0.0056255000,0.000000,3258.00,0.261900,0.286900,2026,"Transit",27.26840000
"GJ 1289 b",2.38000000,6.27000000,111.74000000000,0.2700000000,0.000000,3296.00,0.210000,0.245012,2024,"Radial Velocity",8.35147000
"Kepler-555 b",2.83000000,8.40000000,16.21775407000,0.1201000000,0.000000,5894.00,1.030000,1.040000,2016,"Transit",973.12100000
"Kepler-683 b",1.97000000,4.54000000,2.53918317900,0.0355000000,0.000000,5703.00,0.960000,0.950000,2016,"Transit",1023.07000000
"HATS-10 b",10.86152100,167.17858000,3.31284600000,0.0449100000,0.501000,5880.00,1.101000,1.105000,2015,"Transit",534.88900000
"Kepler-1977 b",1.66000000,3.39000000,4.53702121000,0.0486000000,0.000000,4805.00,0.769000,0.688000,2023,"Transit",592.71100000
"Kepler-715 b",3.75000000,13.50000000,10.00652995000,0.0933000000,0.000000,5871.00,1.040000,1.040000,2016,"Transit",1327.44000000
"TOI-1694 b",5.27000000,28.24000000,3.77013890000,0.0445000000,0.122000,5005.00,0.828000,0.812000,2023,"Transit",124.68000000
"Kepler-164 d",2.45000000,6.57000000,28.98676900000,0.1870000000,0.000000,5888.00,1.036000,1.148000,2014,"Transit",890.75800000
"Kepler-786 b",2.43000000,6.48000000,53.52934870000,0.2548300000,0.000000,4838.00,0.810000,0.740000,2016,"Transit",485.31800000
"TOI-3785 b",5.14000000,14.95000000,4.67473730000,0.0430000000,0.110000,3576.00,0.520000,0.500000,2023,"Transit",79.76340000
"WASP-145 A b",10.08810000,282.86870000,1.76903810000,0.0261000000,0.000000,4900.00,0.760000,0.680000,2018,"Transit",91.29900000
"WASP-136 b",16.81347105,479.92089457,5.21536178778,0.0661000000,0.000000,6250.00,1.410000,2.390140,2016,"Transit",275.58700000
"HATS-12 b",7.76000000,759.61370000,3.14270200000,0.0441000000,0.085000,6357.00,1.160000,1.170000,2016,"Transit",746.13800000
"TOI-1296 b",14.11645916,95.30000000,3.94437360000,0.0510000000,0.000000,5567.00,1.157600,1.703100,2021,"Transit",323.26500000
"HD 98736 b",13.30000000,740.54390000,968.80000000000,1.8640000000,0.226000,5271.00,0.920000,0.930000,2018,"Radial Velocity",32.44590000
"Kepler-1136 b",1.64000000,3.33000000,2.36172432900,0.0299000000,0.000000,4512.00,0.720000,0.680000,2016,"Transit",491.40600000
"GJ 667 C f",1.45000000,2.70000000,39.02600000000,0.1560000000,0.030000,3350.00,0.330000,,2013,"Radial Velocity",7.24396000
"Kepler-635 b",2.64000000,7.46000000,23.44971004000,0.1833200000,0.000000,6174.00,1.330000,1.510000,2016,"Transit",1141.08000000
"TOI-1279 b",2.66146528,10.60000000,9.61419000000,0.0850000000,0.000000,5457.00,0.878400,0.842600,2024,"Transit",107.05500000
"Kepler-468 b",13.34000000,,38.47875706700,0.2213000000,0.000000,5498.00,0.960000,0.870000,2016,"Transit",442.87100000
"DE CVn b",12.40000000,3823.27330161,4098.10000000000,5.7500000000,0.000000,3579.00,0.510000,0.424754,2018,"Eclipse Timing Variations",30.52250000
"TOI-682.01",3.74186000,13.50000000,6.83923880000,,,5085.00,0.850000,1.080000,2021,"Transit",83.15480000
"USco CTIO 108 b",12.30000000,4449.62000000,,670.0000000000,,2700.00,0.060000,0.345365,2008,"Imaging",144.01900000
"Kepler-1496 b",2.22000000,5.56000000,64.65880170000,0.3211000000,0.000000,6182.00,1.180000,1.270000,2016,"Transit",1307.66000000
"HD 102272 b",12.90000000,1570.08020000,127.58000000000,0.5100000000,0.050000,4790.00,1.450000,10.300000,2008,"Radial Velocity",347.09700000
"Kepler-366 c",1.79000000,3.86000000,12.51616000000,0.1100000000,0.000000,6209.00,1.088000,1.048000,2014,"Transit",1856.28000000
"KOI-2513.01",2.80224517,7310.05336100,19.00547000000,0.5000000000,0.360000,5900.00,0.910000,1.200000,2023,"Transit",1369.87000000
"Kepler-537 b",1.41000000,2.57000000,3.24755521900,0.0431700000,0.000000,5763.00,1.070000,0.990000,2016,"Transit",439.40000000
"GJ 3323 b",1.23000000,2.02000000,5.36360000000,0.0328200000,0.230000,3159.00,0.164000,0.119000,2017,"Radial Velocity",5.37484000
"TOI-4495 b",2.48300000,7.70000000,2.56699000000,0.0395700000,0.078000,6210.00,1.247000,1.309000,2026,"Transit",132.21400000
"Kepler-1761 b",1.39109603,2.51000000,4.04354000100,0.0413000000,0.000000,3871.00,0.573000,0.532000,2021,"Transit",221.18600000
"NGTS-6 b",14.86313400,425.57437000,0.88205900000,0.0167700000,0.000000,4730.00,0.767000,0.754000,2019,"Transit",308.26200000
"Kepler-920 c",3.80000000,13.80000000,100.82741130000,0.4029000000,0.000000,5403.00,0.890000,0.850000,2016,"Transit",1001.68000000
"Kepler-818 b",5.11000000,22.90000000,10.03538581400,0.0886000000,0.000000,5638.00,0.940000,0.920000,2016,"Transit",925.03700000
"Kepler-139 c",3.38000000,13.00000000,157.07287800000,0.5860000000,0.000000,5594.00,1.078000,1.300000,2014,"Transit",391.03800000
"Kepler-959 b",4.38000000,17.60000000,14.80074836000,0.1633000000,0.000000,7005.00,1.600000,2.010000,2016,"Transit",807.72900000
"BD-210397 c",12.90000000,1525.57635360,6240.00000000000,5.9000000000,0.430000,4051.00,0.690000,0.747000,2023,"Radial Velocity",23.73240000
"Kepler-1436 b",1.31000000,2.27000000,9.70571600000,0.0907000000,0.000000,5972.00,1.060000,1.090000,2016,"Transit",2530.62000000
"HU Aqr AB c",12.90000000,1430.23500000,4368.00000000000,5.4000000000,0.510000,5952.00,0.880000,,2011,"Eclipse Timing Variations",192.19807871
"Kepler-1597 b",1.06000000,1.20000000,2.94654179000,0.0413600000,0.000000,6377.00,1.250000,1.390000,2016,"Transit",1221.05000000
"WASP-83 b",11.65736000,95.34900000,4.97125200000,0.0590000000,0.000000,5510.00,1.110000,1.050000,2015,"Transit",271.10300000
"HD 116029 c",13.70000000,403.64410000,907.00000000000,,0.038000,4951.00,1.330000,4.600000,2016,"Radial Velocity",123.24500000
"Kepler-282 e",3.10000000,56.20000000,44.34700000000,0.2333200000,0.000000,5656.00,0.970000,0.890000,2013,"Transit",1337.61000000
"XO-2 S c",13.60000000,438.60320166,120.05900000000,0.4737000000,0.149000,5325.00,0.980000,1.020000,2014,"Radial Velocity",151.39800000
"Kepler-850 b",1.78000000,3.82000000,7.19303878000,0.0744000000,0.000000,5932.00,1.060000,1.090000,2016,"Transit",1661.28000000
"Kepler-65 d",1.52000000,4.14000000,8.13123000000,0.0840000000,0.014000,6211.00,1.250000,1.410000,2012,"Transit",303.72800000
"Kepler-1090 b",2.25000000,5.69000000,198.68017900000,0.6332300000,0.000000,5321.00,0.860000,0.820000,2016,"Transit",858.77000000
"TOI-715 b",1.55000000,3.02000000,19.28800400000,0.0830000000,,3075.00,0.225000,0.240000,2023,"Transit",42.40480000
"GJ 393 b",1.17000000,1.71000000,7.02679000000,0.0540200000,,3579.00,0.426000,0.426000,2021,"Radial Velocity",7.03149000
"Kepler-1680 b",1.35954736,2.42000000,8.77424000000,0.0764200000,0.000000,5021.00,0.834000,0.723259,2020,"Transit",310.31500000
"Gaia-2 b",14.81827249,259.66580852,3.69152240000,0.0467000000,,5720.00,1.000000,1.064000,2022,"Transit",209.22900000
"WASP-124 b",13.89916000,190.69800000,3.37265000000,0.0449000000,0.017000,6050.00,1.070000,1.020000,2016,"Transit",448.63700000
"TOI-1439 b",4.24278610,38.50000000,27.64400000000,0.1920000000,0.157000,5841.00,1.231300,1.618400,2024,"Transit",230.30600000
"GJ 1061 c",1.19000000,1.81000000,6.68210000000,0.0342000000,0.020000,2953.00,0.120000,0.156000,2020,"Radial Velocity",3.67278000
"K2-50 b",1.59000000,3.15000000,8.75290000000,0.0705000000,,4326.00,0.611000,0.546000,2016,"Transit",257.44300000
"Kepler-23 b",1.63800000,2.56000000,7.10000000000,0.0721200000,0.017000,5828.00,1.078000,1.548000,2011,"Transit",835.75600000
"Kepler-257 b",2.61000000,7.32000000,2.38266700000,0.0340000000,0.000000,5180.00,0.916000,1.037000,2014,"Transit",780.25600000
"TOI-1736 c",12.50000000,2800.00000000,571.25000000000,1.3700000000,0.368500,5636.00,1.037300,1.428600,2023,"Radial Velocity",88.94820000
"Kepler-310 d",2.47000000,7.00000000,92.87612500000,0.3920000000,0.000000,5797.00,0.854000,0.876000,2014,"Transit",602.26800000
"WASP-192 b",13.78707000,731.00900000,2.87867650000,0.0408000000,0.000000,5910.00,1.090000,1.320000,2019,"Transit",508.88500000
"Kepler-184 b",2.36000000,6.17000000,10.68757600000,0.0920000000,0.000000,5788.00,0.872000,0.873000,2014,"Transit",610.32600000
"Kepler-1744 b",3.76754004,13.60000000,37.10110092000,0.2094500000,0.000000,5986.00,0.886000,0.850000,2021,"Transit",1091.63000000
"Kepler-1107 b",1.34000000,2.36000000,0.57103851800,0.0128500000,0.000000,5268.00,0.860000,0.820000,2016,"Transit",428.79800000
"Kepler-40 b",13.11000000,699.20000000,6.87349000000,0.0800000000,0.000000,6510.00,1.480000,2.130000,2010,"Transit",2305.01000000
"TOI-908 b",3.18600000,16.13700000,3.18379200000,0.0416570000,0.132000,5626.00,0.950000,1.028000,2023,"Transit",175.74800000
"Kepler-851 b",1.68000000,3.46000000,8.50699658000,0.0802000000,0.000000,5455.00,0.890000,0.850000,2016,"Transit",839.25500000
"HD 99492 c",4.42000000,17.90000000,95.23300000000,,0.063000,4929.00,0.850000,0.822539,2023,"Radial Velocity",18.20380000
"G 264-012 c",1.76000000,3.75000000,8.05180000000,0.0525000000,,3326.00,0.297000,0.305000,2021,"Radial Velocity",16.00900000
"Kepler-827 b",5.63000000,27.00000000,51.92927591000,0.2742000000,0.000000,5602.00,0.930000,0.910000,2016,"Transit",2046.68000000
"Kepler-228 c",2.70000000,7.75000000,4.13444400000,0.0520000000,0.000000,6043.00,1.006000,1.014000,2014,"Transit",1644.61000000
"K2-346 b",2.26000000,5.73000000,26.20144600000,,,4801.00,0.710000,0.700000,2021,"Transit",105.58000000
"Kepler-77 b",10.76100000,136.66100000,3.57878087000,0.0450100000,0.000000,5520.00,0.950000,0.990000,2013,"Transit",639.41100000
"Kepler-1509 b",1.85000000,4.08000000,25.43381970000,0.1707000000,0.000000,5780.00,1.000000,0.990000,2016,"Transit",2002.96000000
"GJ 581 b",4.79000000,20.50000000,5.36860000000,0.0399000000,0.034200,3500.00,0.295000,0.302000,2005,"Radial Velocity",6.29810000
"K2-403 b",5.33300000,24.60000000,33.58997900000,,,5511.00,0.784000,0.886000,2022,"Transit",246.59900000
"HD 43691 b",13.20000000,810.46650000,36.99870000000,0.2380000000,0.079600,6093.00,1.320000,1.600000,2007,"Radial Velocity",85.60090000
"Kepler-1574 b",1.29000000,2.21000000,6.94243340000,0.0743000000,0.000000,5892.00,1.060000,1.080000,2016,"Transit",1384.16000000
"Kepler-238 f",2.00000000,13.50000000,50.44700000000,0.2863500000,0.000000,5800.00,1.060000,0.960000,2013,"Transit",1798.75000000
"K2-253 b",12.67000000,,4.00167000000,0.0506000000,,6027.00,1.080000,1.100000,2018,"Transit",876.56500000
"Kepler-1290 b",1.42000000,2.60000000,4.69500134000,0.0557000000,0.000000,5660.00,0.950000,0.930000,2016,"Transit",1593.70000000
"Kepler-68 d",13.90000000,267.00000000,632.62000000000,1.4690000000,0.102000,5847.00,1.057000,1.256400,2013,"Radial Velocity",144.16600000
"Kepler-218 b",1.48000000,2.79000000,3.61933700000,0.0460000000,0.000000,5502.00,1.019000,1.063000,2014,"Transit",656.38000000
"Kepler-645 b",2.10000000,5.06000000,3.27582262100,0.0454100000,0.000000,6170.00,1.130000,1.210000,2016,"Transit",1173.57000000
"TOI-1450 A b",1.13000000,1.25800000,2.04392740000,,,3437.00,0.480000,0.483000,2024,"Transit",22.44670000
"HD 206610 b",13.40000000,647.10188000,673.20000000000,1.7400000000,0.100000,4842.00,1.550000,6.120000,2009,"Radial Velocity",147.19200000
"Kepler-99 b",1.48000000,6.15000000,4.60358000000,0.0507100000,0.000000,4782.00,0.790000,0.730000,2014,"Transit",208.36900000
"Kepler-1010 b",2.32000000,5.99000000,34.26857050000,0.1930000000,0.000000,5253.00,0.860000,0.820000,2016,"Transit",579.27300000
"Kepler-687 b",3.52000000,12.20000000,20.50586978000,0.1326000000,0.000000,4841.00,0.770000,0.730000,2016,"Transit",633.66000000
"Kepler-1855 b",1.21620500,1.96000000,0.72733098300,0.0115000000,0.000000,3460.00,0.385000,0.356000,2021,"Transit",
"UCAC4 328-061594 b",12.10000000,6674.39654700,,19000.0000000000,,,1.190000,,2024,"Imaging",39.90890000
"Kepler-1363 b",1.25000000,2.10000000,2.94194094000,0.0363000000,0.000000,4839.00,0.760000,0.720000,2016,"Transit",541.71400000
"Kepler-296 b",1.61000000,3.22000000,10.86438400000,0.0790000000,0.330000,3740.00,0.498000,0.480000,2014,"Transit",167.00000000
"BD+48 738 b",13.90000000,289.22530000,392.60000000000,1.0000000000,0.200000,4414.00,0.740000,11.000000,2011,"Radial Velocity",871.49300000
"HR 8799 c",13.00000000,3000.00000000,69000.00000000000,38.0000000000,0.500000,7204.58,1.500000,1.493380,2008,"Imaging",41.24410000
"Kepler-1773 b",3.50469499,12.10000000,40.80970001000,0.2483100000,0.000000,6183.00,1.241000,1.300000,2021,"Transit",681.25500000
"Kepler-989 b",2.21000000,5.52000000,7.96431535200,0.0734000000,0.000000,5074.00,0.820000,0.780000,2016,"Transit",491.97800000
"Kepler-1508 b",1.33000000,2.33000000,20.70565040000,0.1629000000,0.000000,6158.00,1.140000,1.220000,2016,"Transit",1260.28000000
"TOI-7041 b",11.43316031,114.41822652,9.69100000000,,0.040000,4700.00,1.070000,4.100000,2025,"Transit",439.52000000
"K2-37 c",2.41000000,6.39000000,6.42966000000,0.0653400000,,5352.00,0.840000,0.809000,2016,"Transit",179.94300000
"2MASS J19383260+4603591 b",13.40000000,603.87700000,406.00000000000,0.9200000000,0.330000,29564.00,0.480000,0.203000,2015,"Eclipse Timing Variations",396.33200000
"TOI-1260 b",2.41000000,8.56000000,3.12746300000,0.0367000000,0.000000,4227.00,0.679000,0.672000,2021,"Transit",73.59770000
"HIP 39330 b",13.50000000,530.77343969,4650.00000000000,5.0500000000,0.078000,5748.00,0.960000,1.027860,2026,"Radial Velocity",36.39580000
"Kepler-52 c",1.84000000,45.40000000,16.38500210000,0.1037900000,0.012000,4075.00,0.540000,0.520000,2012,"Transit",321.54200000
"Kepler-1637 b",0.89000000,0.64000000,6.10960324000,0.0596000000,0.000000,5789.00,1.020000,1.020000,2016,"Transit",567.18700000
"Kepler-1990 b",3.27000000,10.70000000,1.73513619000,0.0286000000,0.000000,5751.00,1.028000,1.071000,2023,"Transit",392.73900000
"TOI-1749 c",2.12000000,14.00000000,4.49290000000,0.0443000000,0.019000,3985.00,0.580000,0.550000,2021,"Transit",99.55610000
"GJ 9714 b",12.50000000,2988.54051102,19240.75467000000,12.3190000000,0.155000,4263.00,0.670000,0.662662,2022,"Radial Velocity",20.51210000
"Kepler-312 b",1.29000000,2.21000000,1.77241900000,0.0310000000,0.000000,6115.00,1.314000,1.467000,2014,"Transit",797.72000000
"Kepler-1671 b",1.32557381,2.32000000,4.16787000000,0.0494600000,0.000000,5135.55,0.866000,0.929771,2020,"Transit",357.05900000
"Kepler-466 b",2.85000000,8.50000000,51.07926307000,0.2676900000,0.000000,5927.00,1.040000,1.050000,2016,"Transit",530.12200000
"UZ For c",,2447.20000000,1916.25000000000,2.8000000000,0.050000,5286.90,0.700000,,2011,"Eclipse Timing Variations",239.60387482
"HD 63765 b",14.20000000,168.44990000,358.00000000000,0.9400000000,0.240000,5449.00,0.650000,0.830000,2011,"Radial Velocity",32.53760000
"TOI-7008 b",4.94735276,21.70000000,0.84069041367,,,5116.06,0.880000,0.952550,2026,"Transit",410.46700000
"Kepler-1038 c",1.41623380,2.59000000,7.12765979800,0.0692000000,0.000000,5159.00,0.868000,0.821000,2021,"Transit",584.13600000
"TOI-3877 b",11.67975789,99.79811980,4.12359600000,0.0529000000,0.220000,5731.00,1.160000,1.445000,2025,"Transit",493.77000000
"Kepler-1699 b",1.56671124,3.08000000,3.49082000000,0.0418000000,0.000000,5575.53,0.810000,0.725000,2020,"Transit",818.75900000
"HD 143105 b",13.70000000,384.57430000,2.19740000000,0.0379000000,0.070000,6380.00,1.510000,1.647304,2016,"Radial Velocity",46.77890000
"HD 191939 e",13.00000000,112.20000000,101.12000000000,0.4070000000,0.031000,5348.00,0.810000,0.940000,2022,"Radial Velocity",53.60890000
"Kepler-1569 b",1.68000000,3.46000000,5.79180156000,0.0666900000,0.000000,6319.00,1.250000,1.400000,2016,"Transit",945.45400000
"Kepler-859 b",3.09000000,9.75000000,20.38177573000,0.1315700000,0.000000,5020.00,0.810000,0.770000,2016,"Transit",839.90300000
"HD 83443 b",14.10000000,127.76701961,2.98562800000,0.0406000000,0.012000,5442.00,1.000000,0.940000,2002,"Radial Velocity",40.89910000
"Kepler-106 b",0.82000000,5.30000000,6.16486000000,0.0649100000,0.000000,5858.00,1.000000,1.040000,2014,"Transit",444.32200000
"Kepler-834 b",2.02000000,4.74000000,13.32388301000,0.0862000000,0.000000,4554.00,0.700000,0.660000,2016,"Transit",633.93700000
"K2-249 b",2.79000000,8.20000000,12.40900000000,0.1151000000,,6504.00,1.320000,1.570000,2018,"Transit",521.71600000
"Kepler-454 c",12.90000000,1433.40611557,524.19000000000,1.2870000000,0.005300,5687.00,1.030000,1.066000,2015,"Radial Velocity",230.86900000
"HD 33283 b",12.50000000,104.56607000,18.19910000000,0.1508000000,0.399000,5935.00,1.380000,1.970000,2006,"Radial Velocity",89.86230000
"Kepler-169 e",2.20000000,5.48000000,13.76710200000,0.1050000000,0.000000,4997.00,0.825000,0.763000,2014,"Transit",406.52900000
"GJ 536 b",2.41000000,6.37000000,8.70874000000,0.0668000000,0.000000,3641.00,0.528000,0.529000,2016,"Radial Velocity",10.40920000
"Kepler-37 e",0.37000000,8.10000000,51.19600000000,0.2500000000,0.000000,5288.00,0.800000,0.772000,2014,"Transit",63.92070000
"Kepler-37 b",0.30980000,0.79000000,13.36702000000,0.1019000000,0.098000,5357.00,0.790000,0.789000,2013,"Transit",63.92070000
"TOI-2236 b",14.36991326,502.16888306,3.53159020000,0.0500900000,0.000000,6248.00,1.343000,1.573000,2022,"Transit",355.59000000
"HD 159868 c",14.00000000,244.09344000,351.00000000000,1.0320000000,0.184000,5534.00,1.190000,2.130000,2012,"Radial Velocity",55.85030000
"Kepler-1665 b",2.83910787,8.44000000,11.95480000000,0.0960000000,0.000000,5049.84,0.842000,0.777785,2020,"Transit",335.51500000
"HIP 111909 b",13.70000000,384.57237247,487.08000000000,1.3200000000,,4891.00,1.280000,4.530000,2025,"Radial Velocity",88.07700000
"Kepler-1125 b",1.84000000,4.04000000,17.67006420000,0.1348000000,0.000000,5683.00,0.950000,0.940000,2016,"Transit",2011.41000000
"Kepler-384 b",1.12000000,1.46000000,22.59705300000,0.1480000000,0.000000,5577.00,0.882000,0.882000,2014,"Transit",895.67800000
"HD 37605 b",13.20000000,854.96270000,55.01292000000,0.2770000000,0.674500,5329.00,0.940000,0.910000,2004,"Radial Velocity",46.78640000
"Kepler-1618 b",1.26000000,2.13000000,6.10826019000,0.0710900000,0.000000,6620.00,1.410000,1.650000,2016,"Transit",1229.25000000
"Kepler-352 d",0.80628032,0.44900000,6.88727998700,0.0657400000,0.000000,5208.00,0.796000,0.772000,2021,"Transit",252.73300000
"K2-148 c",1.73000000,3.64000000,6.92260000000,0.0616000000,,4079.00,0.650000,0.632000,2018,"Transit",124.45800000
"NGTS-9 b",11.99363000,921.70700000,4.43527000000,0.0580000000,0.060000,6330.00,1.340000,1.380000,2019,"Transit",609.12800000
"Kepler-584 b",4.21000000,16.50000000,35.18103040000,0.2281000000,0.000000,6195.00,1.170000,1.240000,2016,"Transit",1848.84000000
"Kepler-92 b",3.51000000,64.30000000,13.74900000000,0.1223200000,0.170000,5883.00,1.210000,1.700000,2013,"Transit",477.99200000
"TOI-277 b",2.65000000,7.51000000,3.99400000000,0.0269000000,,4031.00,0.160000,0.362000,2022,"Transit",64.66920000
"EPIC 212297394 b",1.48000000,2.79000000,2.28936300000,,,5171.00,0.830000,0.800000,2019,"Transit",418.39500000
"TIC 67686059 b",2.59125922,7.23000000,3.52163529551,,,5090.09,0.860000,0.820458,2026,"Transit",249.20300000
"K2-270 b",1.38000000,2.48000000,1.54306900000,0.0247000000,,4877.00,0.850000,0.770000,2018,"Transit",280.51800000
"TIC 160113658 b",3.49015778,12.00000000,6.72952262077,,,4817.31,0.760000,0.789834,2026,"Transit",200.15600000
"Kepler-533 b",3.38000000,11.40000000,28.51120525000,0.1670400000,0.000000,4758.00,0.780000,0.720000,2016,"Transit",302.95500000
"VHS J125601.92-125723.9 b",13.67495645,5085.25451200,5800000.00000000000,350.0000000000,0.680000,2620.00,0.070000,,2015,"Imaging",12.70000000
"HD 23079 c",2.80000000,8.26000000,5.74891300000,,0.097000,5994.00,1.160000,1.080000,2025,"Radial Velocity",33.45910000
"Kepler-55 e",1.55000000,3.02000000,4.61753400000,0.0480000000,0.000000,4503.00,0.631000,0.619000,2014,"Transit",578.79600000
"GJ 887 b",1.80000000,3.90000000,9.26190000000,0.0683000000,0.140000,3688.00,0.495000,0.468000,2020,"Radial Velocity",3.28679000
"Kepler-1467 b",3.30000000,10.90000000,47.05690430000,0.2388000000,0.000000,5332.00,0.860000,0.820000,2016,"Transit",852.88800000
"Kepler-199 c",3.25000000,10.60000000,67.09340800000,0.3160000000,0.000000,5644.00,0.960000,0.967000,2014,"Transit",521.05400000
"HD 222076 b",13.50000000,495.81480000,871.00000000000,1.8300000000,0.080000,4806.00,1.070000,4.100000,2016,"Radial Velocity",91.15380000
"Kepler-282 b",1.01000000,1.01000000,9.22052400000,0.0820000000,0.000000,5602.00,0.860000,0.904000,2014,"Transit",1337.61000000
"K2-388 b",3.90000000,14.50000000,6.33932000000,,,5310.00,0.930000,0.910000,2022,"Transit",290.49500000
"TOI-1224 b",2.10400000,5.08000000,4.17827450000,0.0355000000,,3326.00,0.400000,0.404000,2024,"Transit",37.33120000
"Kepler-623 b",3.01000000,9.32000000,9.07097734000,0.0854000000,0.000000,5443.00,0.900000,0.860000,2016,"Transit",737.70200000
"WASP-176 b",16.86954500,271.74465000,3.89905200000,0.0535000000,0.000000,5941.00,1.345000,1.925000,2020,"Transit",568.42000000
"Kepler-363 d",2.05000000,4.86000000,11.93212500000,0.1070000000,0.000000,5593.00,1.226000,1.485000,2014,"Transit",762.59600000
"HD 4917 b",13.50000000,513.29545000,400.50000000000,1.1670000000,0.066000,4802.00,1.320000,5.010000,2018,"Radial Velocity",204.27700000
"KOBE-1 c",3.56000000,12.40000000,29.67100000000,0.1607100000,0.000000,4135.00,0.629000,0.619000,2025,"Radial Velocity",23.97180000
"Kepler-970 b",2.60900000,7.31000000,16.73652500000,0.1390000000,0.340000,4290.00,0.670000,0.710000,2016,"Transit",331.54500000
"HAT-P-70 b",20.96083000,2154.88740000,2.74432452000,0.0473900000,0.000000,8450.00,1.890000,1.858000,2019,"Transit",330.73900000
"Kepler-943 b",5.93000000,29.50000000,49.77014380000,0.2559000000,0.000000,5612.00,0.930000,0.910000,2016,"Transit",2300.53000000
"Kepler-10 b",1.47000000,3.24000000,0.83749070000,0.0168500000,0.000000,5708.00,0.910000,1.065000,2011,"Transit",185.50600000
"Kepler-271 d",0.66000000,0.21900000,5.24972541000,0.0555400000,0.000000,5555.00,0.900000,0.870000,2016,"Transit",404.54200000
"TOI-1233.01",2.53900000,6.98000000,14.17568500000,0.1074000000,0.055000,5660.00,0.869000,0.877000,2021,"Transit",64.59780000
"HD 221585 b",13.50000000,511.70630000,1173.00000000000,2.3060000000,0.123000,5620.00,1.190000,1.850575,2016,"Radial Velocity",55.85350000
"TIC 18942729 b",2.00021315,4.66000000,0.99817838064,,,4360.11,0.652000,0.825257,2026,"Transit",115.16900000
"HD 22496 b",2.22000000,5.57000000,5.09071000000,0.0510000000,,4385.00,0.684000,0.674000,2021,"Radial Velocity",13.59560000
"Kepler-1640 b",4.82000000,20.70000000,7.58441260000,0.0836000000,0.000000,6324.00,1.270000,1.430000,2016,"Transit",1859.78000000
"Kepler-589 c",1.11727238,1.45000000,3.52466011000,0.0426000000,0.000000,5372.00,0.832000,0.916000,2021,"Transit",612.80300000
"Kepler-647 b",1.17000000,1.71000000,16.22546490000,0.1223700000,0.000000,6020.00,1.030000,1.070000,2016,"Transit",1087.87000000
"Gaia-1 b",13.77583728,533.95172376,3.05252400000,0.0404700000,,5470.00,0.949000,0.952000,2022,"Transit",363.66000000
"Kepler-1527 b",4.77000000,20.40000000,160.12991800000,0.6276000000,0.000000,6224.00,1.210000,1.320000,2016,"Transit",1842.13000000
"Kepler-1980 b",2.21000000,5.52000000,33.02571790000,0.2049000000,0.000000,5819.00,1.049000,0.990000,2023,"Transit",1709.40000000
"TOI-122 b",2.72000000,7.85000000,5.07803000000,0.0392000000,0.000000,3403.00,0.312000,0.334000,2020,"Transit",62.11800000
"HATS-52 b",15.49083800,711.93920000,1.36665436000,0.0249800000,0.246000,6010.00,1.111000,1.046000,2017,"Transit",555.13400000
"Kepler-250 d",2.18000000,5.39000000,17.64831200000,0.1270000000,0.000000,5160.00,0.806000,0.805000,2014,"Transit",760.58500000
"Kepler-1298 b",1.31000000,2.27000000,7.12811928000,0.0814000000,0.000000,6339.00,1.450000,2.000000,2016,"Transit",544.16300000
"Kepler-1361 b",0.86000000,0.56600000,3.57554956000,0.0430400000,0.000000,5131.00,0.830000,0.790000,2016,"Transit",389.14300000
"Kepler-619 b",3.16000000,10.10000000,5.40427219700,0.0601400000,0.000000,5980.00,1.090000,1.110000,2016,"Transit",900.67800000
"K2-99 b",11.88151954,276.51071409,18.24783000000,0.1530000000,0.220000,6069.00,1.440000,2.550000,2016,"Transit",519.22900000
"TOI-532 b",5.82000000,61.50000000,2.32665080000,0.0296000000,0.000000,3927.00,0.639000,0.612000,2021,"Transit",135.04700000
"HD 210277 b",13.60000000,410.00070000,442.19000000000,1.1300000000,0.480000,5538.00,1.010000,1.070000,1998,"Radial Velocity",21.29850000
"Kepler-178 b",2.90000000,8.75000000,9.57669400000,0.0850000000,0.000000,5676.00,0.852000,1.066000,2014,"Transit",716.02500000
"Kepler-1604 b",1.41000000,2.57000000,0.68368425600,0.0140600000,0.000000,4976.00,0.810000,0.760000,2016,"Transit",541.18900000
"Kepler-984 b",2.12000000,5.14000000,43.03422720000,0.2368800000,0.000000,5610.00,0.960000,0.930000,2016,"Transit",460.18800000
"HD 13724 c",8.18000000,50.85254512,142.22895000000,0.5340000000,0.651000,5835.31,1.004000,1.041980,2022,"Radial Velocity",43.46500000
"Kepler-1286 b",2.15000000,5.27000000,11.25402929000,0.0991000000,0.000000,5753.00,1.000000,0.980000,2016,"Transit",1354.46000000
"Kepler-318 b",4.71000000,19.90000000,4.66271500000,0.0560000000,0.000000,5746.00,1.073000,1.189000,2014,"Transit",489.14100000
"Kepler-732 b",2.18000000,5.39000000,9.46781404800,0.0691000000,0.000000,3631.00,0.490000,0.460000,2016,"Transit",174.82600000
"HIP 109600 b",13.20000000,851.78440000,232.08000000000,0.7060000000,0.163000,5530.00,0.870000,0.971958,2016,"Radial Velocity",66.33610000
"Kepler-407 b",1.19000000,1.93000000,0.66931240000,0.0153100000,0.000000,5487.00,0.990000,1.040000,2014,"Transit",338.36800000
"GJ 1148 c",9.71000000,68.06000000,532.58000000000,0.9120000000,0.342000,3287.00,0.344045,0.358519,2017,"Radial Velocity",11.01430000
"Kepler-897 b",2.39000000,6.30000000,8.04726420000,0.0770000000,0.000000,5839.00,1.030000,1.040000,2016,"Transit",1519.25000000
"Kepler-435 b",22.31000000,266.97000000,8.60015360000,0.0948000000,0.114000,6161.00,1.538000,3.210000,2015,"Transit",1418.77000000
"HD 184010 d",14.30000000,143.02278315,836.40000000000,1.9200000000,0.000000,4971.00,1.350000,4.860000,2022,"Radial Velocity",60.79930000
"WASP-70 A b",13.04700000,187.51200000,3.71302030000,0.0485300000,0.000000,5763.00,1.106000,1.215000,2014,"Transit",222.35500000
"TOI-1798.01",2.44800000,6.50000000,8.02152233100,0.0749840000,0.000000,5165.00,0.870000,0.780000,2024,"Transit",113.18100000
"TOI-444 b",2.77000000,8.10000000,17.96360000000,0.1330000000,,5225.00,0.960000,0.779000,2023,"Transit",57.39730000
"TOI-2202 b",10.95117414,287.31687993,11.91260750000,0.0956400000,0.022000,5169.00,0.841000,0.808000,2021,"Transit",235.93300000
"TrES-1 b",12.66617000,266.97720000,3.03007000000,0.0392500000,0.000000,5230.00,1.040000,0.850000,2004,"Transit",159.65800000
"Kepler-1052 c",2.30000000,5.90000000,180.92172900000,0.6135000000,0.000000,5818.00,0.937000,0.848000,2023,"Transit",943.44400000
"Kepler-206 b",1.20000000,1.87000000,7.78198700000,0.0780000000,0.000000,5764.00,0.957000,1.185000,2014,"Transit",594.44700000
"Kepler-763 b",1.22000000,1.98000000,1.19655156000,0.0205000000,0.000000,5166.00,0.840000,0.800000,2016,"Transit",962.45900000
"Kepler-155 b",2.09000000,5.02000000,5.93119400000,0.0560000000,0.000000,4508.00,0.635000,0.620000,2014,"Transit",293.49900000
"ups And c",12.30000000,4443.24112986,241.25800000000,0.8277740000,0.259600,6156.77,1.300000,1.560000,1999,"Radial Velocity",13.40540000
"NGTS-34 b",3.65000000,19.10000000,43.12655000000,0.2570000000,,6134.00,1.266000,1.367000,2025,"Transit",120.47500000
"K2-274 b",2.08000000,4.98000000,14.13303140000,0.0964000000,,5044.00,0.790000,0.700000,2018,"Transit",228.32700000
"DH Tau b",30.26430000,3496.00000000,,330.0000000000,,4371.00,0.330000,0.270000,2004,"Imaging",134.84600000
"HD 200964 c",13.70000000,385.84562000,852.50000000000,1.9600000000,0.243000,4982.00,1.390000,4.920000,2010,"Radial Velocity",72.59220000
"TOI-1011 b",1.45000000,4.04000000,2.47049800000,,0.000000,5475.00,0.910000,0.920000,2025,"Transit",52.62000000
"Kepler-1583 b",0.60000000,0.15600000,9.32807355000,0.0830700000,0.000000,5645.00,0.940000,0.910000,2016,"Transit",403.93300000
"HATS-32 b",14.00004100,292.40360000,2.81265480000,0.0402400000,0.471000,5700.00,1.099000,1.097000,2016,"Transit",745.11600000
"ZTF J1828+2308 b",11.13051784,6356.56814000,0.11200670000,,,15900.00,0.610000,0.013100,2025,"Transit",201.82700000
"Kepler-1876 b",0.85300000,2.40000000,6.99205000000,0.0758000000,0.098000,6104.00,1.187000,1.477000,2021,"Transit",259.93500000
"TOI-6564 b",16.39873876,222.16205649,3.98541300000,0.0542000000,0.000000,5943.00,1.180000,1.700000,2026,"Transit",191.37200000
"K2-219 c",1.43839723,2.66000000,6.66767000000,,,5753.00,1.021545,1.189232,2018,"Transit",325.40000000
"HD 37124 b",14.00000000,214.53525000,154.37800000000,0.5336400000,0.054000,5698.64,0.850000,0.949168,2002,"Radial Velocity",31.66340000
"Kepler-881 b",1.78000000,3.82000000,4.44448017000,0.0552000000,0.000000,5961.00,1.060000,1.090000,2016,"Transit",1375.18000000
"TOI-333 b",4.26000000,20.10000000,3.78525030000,0.0490000000,0.000000,6241.00,1.200000,1.100000,2025,"Transit",352.26900000
"Kepler-60 c",1.90000000,3.85000000,8.91870000000,0.0842200000,0.039000,5905.00,1.041000,1.257000,2012,"Transit",1025.10000000
"Kepler-665 b",2.60000000,7.27000000,16.01310205000,0.1148000000,0.000000,4913.00,0.790000,0.740000,2016,"Transit",612.83800000
"Kepler-1848 b",1.40885390,2.57000000,5.60402011900,0.0583500000,0.000000,4847.00,0.756000,0.737000,2021,"Transit",309.69600000
"TOI-2096 c",1.91400000,4.32000000,6.38784000000,0.0400000000,0.100000,3300.00,0.231000,0.235000,2023,"Transit",48.48090000
"Kepler-1698 b",1.07315686,1.25000000,1.21070000000,0.0206500000,0.000000,4975.03,0.822000,0.741698,2020,"Transit",222.34500000
"HIP 14810 c",13.60000000,416.35730000,147.74700000000,0.5490000000,0.156600,5544.00,1.010000,1.070000,2006,"Radial Velocity",50.48000000
"HD 25463 c",1.36354953,4.30000000,3.04405000000,0.0443000000,0.000000,6353.00,1.251000,1.418200,2023,"Transit",45.61810000
"Kepler-1869 c",0.74000000,0.33000000,1.71682830400,0.0280000000,0.000000,5808.00,0.987000,0.902000,2023,"Transit",113.02500000
"Kepler-292 b",1.32000000,2.30000000,2.58082700000,0.0350000000,0.000000,5299.00,0.865000,0.826000,2014,"Transit",1056.48000000
"Kepler-33 b",1.74000000,3.68000000,5.66793000000,0.0677000000,0.000000,5904.00,1.291000,1.820000,2011,"Transit",1209.16000000
"Kepler-601 b",1.90000000,4.27000000,5.37886844100,0.0549400000,0.000000,5160.00,0.850000,0.790000,2016,"Transit",414.82500000
"TOI-1347 b",1.80000000,11.10000000,0.84742346000,0.0171000000,0.000000,5464.00,0.913000,0.830000,2024,"Transit",147.47600000
"K2-417 b",3.31000000,699.22249540,6.53500000000,0.0630000000,,3861.00,0.569000,0.577600,2023,"Transit",94.04240000
"Kepler-1020 b",2.28000000,5.82000000,96.91514960000,0.3759400000,0.000000,5227.00,0.870000,0.800000,2016,"Transit",415.35800000
"Kepler-1346 b",1.58000000,3.12000000,3.40165668000,0.0440000000,0.000000,6133.00,1.140000,1.210000,2016,"Transit",843.70100000
"TOI-1750 b",2.78943837,8.19000000,11.33727129656,,,4683.75,0.767000,0.768675,2026,"Transit",162.46000000
"HD 180314 b",12.00000000,7216.92963775,394.73000000000,1.4480000000,0.247000,4917.00,2.600000,9.200000,2010,"Radial Velocity",122.36200000
"Kepler-181 c",1.99000000,4.62000000,4.30214900000,0.0490000000,0.000000,5333.00,0.810000,0.749000,2014,"Transit",609.28300000
"Kepler-953 c",1.19000000,1.81000000,9.10967112000,0.0862000000,0.000000,5416.00,0.950000,0.990000,2016,"Transit",258.89300000
"TOI-1696 b",3.09000000,48.80000000,2.50031100000,0.0229000000,0.000000,3185.00,0.255000,0.277500,2022,"Transit",64.91720000
"TIC 77552382 b",5.69176189,27.50000000,3.51025904942,,,4981.07,0.830000,0.886956,2026,"Transit",373.41500000
"HD 96167 b",14.00000000,227.88411000,498.04000000000,1.3320000000,0.685000,5733.00,1.270000,1.940000,2009,"Radial Velocity",85.30060000
"Kepler-1770 b",2.84141754,8.45000000,16.84189987000,0.1261000000,0.000000,5602.00,0.941000,1.009000,2021,"Transit",582.94200000
"Kepler-292 e",2.67000000,7.61000000,11.97901000000,0.0970000000,0.000000,5299.00,0.865000,0.826000,2014,"Transit",1056.48000000
"Kepler-154 b",2.26000000,5.73000000,33.04053200000,0.1980000000,0.000000,5690.00,0.933000,1.001000,2014,"Transit",915.21200000
"Kepler-1660 AB b",12.90000000,1586.59940774,239.50440000000,0.8000000000,0.055410,6305.24,1.136600,1.491000,2023,"Eclipse Timing Variations",1188.54000000
"Kepler-379 b",1.66000000,3.39000000,20.09838000000,0.1520000000,0.000000,6054.00,1.125000,1.306000,2014,"Transit",731.27400000
"HAT-P-33 b",20.73665000,292.40360000,3.47447000000,0.0499500000,0.000000,6446.00,1.820000,1.790000,2011,"Transit",396.11000000
"Kepler-567 b",2.25000000,5.69000000,16.54297375000,0.1229000000,0.000000,5148.00,0.840000,0.790000,2016,"Transit",558.81000000
"KIC 8121913 b",13.40000000,667.43965470,3.29460100000,,,5975.30,1.456000,2.233000,2021,"Orbital Brightness Modulation",707.30300000
"K2-198 d",2.43800000,6.52000000,7.45001770000,,,5212.90,0.799000,0.757000,2019,"Transit",110.56700000
"Kepler-176 e",1.45000000,0.52075000,51.16579000000,0.2565400000,0.000000,5295.00,0.870000,0.830000,2016,"Transit",527.32100000
"HD 109246 b",13.90000000,273.33380000,68.27000000000,0.3300000000,0.120000,5844.00,1.200000,1.070000,2010,"Radial Velocity",67.83490000
"TOI-5489 c",1.28000000,2.18000000,4.92126000000,,,3547.00,0.410000,0.420000,2025,"Transit",45.09070000
"K2-415 b",1.01500000,7.50000000,4.01796940000,0.0270000000,,3173.00,0.163500,0.196500,2023,"Transit",21.81820000
"Kepler-800 b",2.85000000,8.50000000,14.13176026000,0.1106000000,0.000000,5315.00,0.850000,0.820000,2016,"Transit",1019.26000000
"Kepler-327 c",1.03000000,20.30000000,5.21233300000,0.0470000000,0.000000,3799.00,0.591913,0.492000,2014,"Transit",241.98700000
"Kepler-28 c",1.85700000,2.06000000,8.99000000000,0.0751900000,0.017000,4499.30,0.684000,0.664000,2011,"Transit",438.35900000
"K2-271 b",7.28000000,41.80000000,8.56242100000,0.0770000000,,5644.00,0.830000,0.990000,2018,"Transit",564.45400000
"KMT-2018-BLG-0748L b",9.01000000,60.00000000,,0.6200000000,,,0.087000,,2020,"Microlensing",7300.00000000
"KMT-2024-BLG-1870L b",13.80000000,336.89811142,,3.1500000000,,,0.670000,,2026,"Microlensing",5480.00000000
"KMT-2017-BLG-0849L b",2.41000000,6.39000000,,2.7300000000,,,0.190000,,2024,"Microlensing",7220.00000000
"Kepler-1418 b",1.66000000,3.39000000,22.47644250000,0.1310000000,0.000000,4770.00,0.770000,0.720000,2016,"Transit",499.00000000
"OGLE-2016-BLG-0613L AB b",13.00000000,1330.00000000,,6.4000000000,,,0.720000,,2017,"Microlensing",3410.00000000
"TOI-1694 c",13.80000000,316.55709337,386.25000000000,0.9740000000,0.111000,5005.00,0.828000,0.812000,2023,"Radial Velocity",124.68000000
"HD 9446 c",13.40000000,578.42600000,192.90000000000,0.6540000000,0.060000,5793.00,1.000000,1.000000,2009,"Radial Velocity",50.35030000
"MASCARA-4 b",16.98160576,532.36258173,2.82409320000,0.0474000000,0.000000,7800.00,1.750000,1.790000,2020,"Transit",170.69600000
"Kepler-1846 b",1.76378826,3.76000000,14.82009983000,0.1105400000,0.000000,4825.00,0.785000,0.732000,2021,"Transit",374.61500000
"HD 147873 b",12.80000000,1633.64620000,116.59600000000,0.5220000000,0.207000,5972.00,1.380000,2.290000,2016,"Radial Velocity",109.05500000
"Kepler-224 e",1.97000000,4.54000000,18.64357700000,0.1240000000,0.000000,5018.00,0.777000,0.676000,2014,"Transit",782.08800000
"Kepler-1670 b",3.35648010,11.20000000,20.49980000000,0.1528000000,0.000000,5838.00,1.050000,1.518890,2020,"Transit",2065.98000000
"Kepler-92 c",2.60000000,6.10000000,26.72300000000,0.1905400000,0.040000,5883.00,1.210000,1.700000,2013,"Transit",477.99200000
"Kepler-1799 b",4.12801189,15.90000000,11.92969990000,0.1028000000,0.000000,5831.00,1.016000,0.921000,2021,"Transit",2254.69000000
"KMT-2021-BLG-0736L b",4.86000000,21.00000000,,4.0000000000,,,0.600000,,2025,"Microlensing",7000.00000000
"PSR B1620-26 b",13.30000000,794.57500000,,23.0000000000,,,1.350000,,2003,"Pulsar Timing",
"TYC 8998-760-1 b",21.18497352,6928.65927260,,146.0000000000,0.440000,4573.00,1.000000,1.020000,2020,"Imaging",94.61770000
"OGLE-2017-BLG-1434L b",1.94000000,4.43000000,,1.1800000000,,,0.234000,,2018,"Microlensing",860.00000000
"KMT-2019-BLG-2783L b",13.70000000,368.68095212,,1.8500000000,,,0.340000,,2023,"Microlensing",5910.00000000
"OGLE-2016-BLG-1093L b",14.00000000,225.65816897,,2.1300000000,,,0.460000,,2022,"Microlensing",8120.00000000
"MOA-2010-BLG-117L b",14.20000000,170.00000000,,2.4200000000,,,0.580000,,2018,"Microlensing",3500.00000000
"OGLE-2006-BLG-109L b",14.00000000,231.00000000,1788.50000000000,2.3000000000,,,0.510000,,2008,"Microlensing",1510.00000000
"OGLE-2012-BLG-0406L b",13.20000000,868.00000000,,3.4500000000,,,0.440000,,2013,"Microlensing",4970.00000000
"Kepler-1265 b",1.35000000,2.39000000,6.49441289000,0.0612000000,0.000000,4630.00,0.710000,0.690000,2016,"Transit",583.64100000
"HD 332231 b",9.07303305,74.10000000,18.71202400000,0.1450000000,0.000000,6128.00,1.164200,1.266000,2020,"Transit",80.66650000
"HD 233604 b",12.70000000,2089.64400000,192.00000000000,0.7470000000,0.050000,4791.00,1.500000,10.900000,2013,"Radial Velocity",847.05800000
"Kepler-1591 b",1.27000000,2.15000000,8.18504949000,0.0794000000,0.000000,6082.00,1.100000,1.160000,2016,"Transit",1419.58000000
"HD 22532 b",13.40000000,673.79622284,872.60000000000,1.9000000000,0.030000,5038.00,1.570000,5.690000,2022,"Radial Velocity",161.18300000
"TOI-7189 b",10.90000000,159.04000000,2.89055000000,0.0329400000,0.060100,3775.00,0.612000,0.591000,2026,"Transit",192.09000000
"TOI-7265 B b",10.70000000,224.95000000,4.17232000000,0.0400700000,0.037200,3503.00,0.521000,0.497000,2026,"Transit",143.97000000
"KMT-2021-BLG-0322L b",12.70000000,2034.10180480,,,,,0.620000,,2021,"Microlensing",6600.00000000
"MOA-2016-BLG-526L b",3.97000000,14.93793513,,2.0700000000,,,0.370000,,2024,"Microlensing",6930.00000000
"TOI-6695 c",13.60000000,460.85119015,242.40000000000,0.8380000000,0.022000,6400.00,1.338000,1.517000,2025,"Radial Velocity",282.53600000
"Kepler-249 b",1.09000000,1.32000000,3.30653900000,0.0350000000,0.000000,3568.00,0.510238,0.482000,2014,"Transit",190.40100000
"OGLE-2018-BLG-1185L b",2.83000000,8.40000000,,1.5400000000,,,0.370000,,2021,"Microlensing",7400.00000000
"WISEP J121756.91+162640.2 A b",10.46800000,6992.00000000,,8.0000000000,,575.00,0.029000,0.091000,2012,"Imaging",10.10000000
"KMT-2024-BLG-0176L b",14.00000000,241.54958932,,1.3200000000,,,0.103000,,2026,"Microlensing",8340.00000000
"KMT-2021-BLG-1150L b",13.90000000,279.68899816,,4.5000000000,,,0.730000,,2023,"Microlensing",3800.00000000
"KMT-2017-BLG-1146L b",14.00000000,230.00000000,,1.6000000000,,,0.330000,,2019,"Microlensing",6500.00000000
"MOA-2007-BLG-400L b",13.50000000,540.30829190,,5.9000000000,,,0.690000,,2008,"Microlensing",6890.00000000
"UZ For b",,2002.20000000,5840.00000000000,5.9000000000,0.040000,5286.90,0.700000,,2011,"Eclipse Timing Variations",239.60387482
"TWA 7 b",12.70000000,108.06165838,,52.0000000000,,3509.00,0.460000,0.917173,2025,"Imaging",33.99580000
"Kepler-1222 b",0.79000000,0.41800000,1.91694425400,0.0280100000,0.000000,5239.00,0.840000,0.800000,2016,"Transit",415.21800000
"Kepler-463 b",3.05000000,9.53000000,8.98101683300,0.0792500000,0.000000,5661.00,0.870000,0.900000,2016,"Transit",394.80400000
"TOI-2337 b",10.08808263,508.52545120,2.99432000000,,0.019000,4780.00,1.325000,3.220000,2022,"Transit",536.04600000
"HD 202206 c",13.10000000,982.08977763,1299.22000000000,2.3900000000,0.171000,5764.23,1.060000,1.040000,2004,"Radial Velocity",45.96650000
"MOA-2010-BLG-477L b",13.60000000,480.00000000,,2.0000000000,,5950.00,0.670000,,2012,"Microlensing",2300.00000000
"OGLE-2017-BLG-1522L b",14.00000000,240.00000000,,0.5900000000,,,0.045000,,2018,"Microlensing",7490.00000000
"Kepler-566 b",2.15000000,5.27000000,18.42794624000,0.1247000000,0.000000,5132.00,0.830000,0.790000,2016,"Transit",564.27700000
"Kepler-1224 b",1.33000000,2.33000000,13.32351601000,0.1162500000,0.000000,6155.00,1.180000,1.220000,2016,"Transit",559.59800000
"WASP-149 b",15.24421375,314.96795134,1.33281300000,0.0240000000,0.000000,5750.00,1.050000,1.080000,2025,"Transit",211.73000000
"KMT-2019-BLG-1042L b",9.05000000,60.38739733,,1.7000000000,,,0.300000,,2022,"Microlensing",6600.00000000
"KMT-2019-BLG-0298L b",13.40000000,575.26941667,,5.6700000000,,,0.700000,,2023,"Microlensing",6710.00000000
"WASP-60 b",9.86392000,174.80650000,4.30500000000,0.0554800000,0.000000,5900.00,1.190000,1.170000,2012,"Transit",431.05200000
"KMT-2019-BLG-0371L b",12.60000000,2447.27873390,,0.7900000000,,,0.090000,,2021,"Microlensing",7010.00000000
"TOI-5916 b",11.80000000,219.00000000,2.36712341000,0.0278900000,0.045000,3541.00,0.518000,0.487000,2026,"Transit",199.72400000
"OGLE-2017-BLG-1237L b",13.00000000,1207.74794660,,2.5300000000,,,0.460000,,2024,"Microlensing",6030.00000000
"OGLE-2017-BLG-0640L b",13.50000000,514.88201934,,1.1400000000,,,0.320000,,2024,"Microlensing",6630.00000000
"MXB 1658-298 b",12.00000000,7532.57100000,760.00000000000,1.6130000000,,,1.980000,,2017,"Eclipse Timing Variations",
"KMT-2018-BLG-0029L b",2.67000000,7.59000000,,4.2700000000,,,1.140000,,2020,"Microlensing",3380.00000000
"Kepler-619 c",1.69000000,3.50000000,1.20846502600,0.0221600000,0.000000,5980.00,1.090000,1.110000,2016,"Transit",900.67800000
"Kepler-186 b",1.07000000,1.24000000,3.88679070000,0.0343000000,0.000000,3788.00,0.478000,0.472000,2014,"Transit",177.59400000
"K2-183 d",2.30000000,5.90000000,22.62034400000,0.1527000000,,5482.00,0.942219,0.870000,2018,"Transit",329.04100000
"Kepler-1677 b",2.70216183,7.76000000,22.06400000000,0.1599000000,0.000000,6013.72,1.110000,1.249590,2020,"Transit",735.36900000
"KMT-2018-BLG-0087L b",10.10000000,73.10053361,,0.8700000000,,,0.100000,,2022,"Microlensing",7020.00000000
"KOI-55 c",0.86700000,0.65500000,0.34288700000,0.0076000000,,27730.00,0.496000,0.203000,2011,"Orbital Brightness Modulation",1231.02000000
"KMT-2024-BLG-1044L b",2.70000000,7.75000000,,,,,0.069000,,2024,"Microlensing",7140.00000000
"KMT-2019-BLG-0297L b",12.10000000,6038.73973300,,0.9600000000,,,0.210000,,2023,"Microlensing",3090.00000000
"OGLE-2012-BLG-0724L b",14.30000000,150.00000000,,1.6000000000,,,0.290000,,2016,"Microlensing",6700.00000000
"TOI-603 b",7.37000000,33.00000000,16.17984600000,0.1282000000,,6027.00,1.240000,1.477000,2026,"Transit",205.92400000
"Kepler-1620 b",1.61000000,3.22000000,101.95182900000,0.4322000000,0.000000,6157.00,1.150000,1.230000,2016,"Transit",895.06900000
"KMT-2019-BLG-0578L b",13.70000000,381.39408840,,2.0000000000,,,0.280000,,2025,"Microlensing",7300.00000000
"Kepler-85 e",1.27000000,0.60000000,25.21675100000,0.1630000000,0.000000,5436.00,0.947000,0.893000,2014,"Transit",765.02500000
"TOI-2128 b",2.08874836,4.50000000,16.34136000000,0.1270000000,0.000000,5968.00,1.025100,1.117400,2024,"Transit",36.57800000
"Kepler-1693 c",0.97698289,0.89400000,5.36370992700,0.0588000000,0.000000,5553.00,0.941000,1.098000,2021,"Transit",760.06500000
"TOI-5174 b",5.35100000,24.80000000,12.21428600000,,,5643.77,1.000000,1.094570,2022,"Transit",197.24300000
"WASP-172 b",17.59813000,149.38010000,5.47743300000,0.0694000000,0.000000,6900.00,1.490000,1.910000,2018,"Transit",538.11000000
"Kepler-403 b",1.25000000,2.10000000,7.03146200000,0.0760000000,0.000000,6090.00,1.299000,1.329000,2014,"Transit",840.26900000
"KMT-2022-BLG-2286L b",12.10000000,6038.73973300,,2.0200000000,,,0.200000,,2024,"Microlensing",7320.00000000
"Kepler-1493 b",1.41000000,2.57000000,15.02179830000,0.1197000000,0.000000,5863.00,1.060000,1.290000,2016,"Transit",555.05100000
"OGLE-2019-BLG-0249L b",12.70000000,2262.93825784,,1.8400000000,,,0.910000,,2023,"Microlensing",6370.00000000
"Kepler-137 c",1.88000000,4.19000000,18.73575300000,0.1300000000,0.000000,5187.00,0.850000,0.802000,2014,"Transit",302.97900000
"TOI-2114 b",14.54925695,324.18497514,6.20995900000,0.0760000000,0.472000,6400.00,1.309000,1.970000,2026,"Transit",317.84500000
"TOI-5806 b",15.13212395,721.47048389,3.18563810000,0.0484000000,,6730.00,1.333000,1.387000,2026,"Transit",119.19900000
"OGLE-2018-BLG-1011L c",13.20000000,890.00000000,,0.8000000000,,,0.180000,,2019,"Microlensing",7100.00000000
"TOI-7169 b",16.53324653,130.30964687,3.43731250000,0.0428000000,0.055000,5714.00,0.885000,1.500000,2026,"Transit",467.15100000
"OGLE-2018-BLG-0677L b",1.82000000,3.96000000,,0.6300000000,,,0.120000,,2020,"Microlensing",7580.00000000
"OGLE-2019-BLG-0679L b",13.10000000,1061.54687938,,6.9900000000,,,0.660000,,2023,"Microlensing",5630.00000000
"MOA-bin-1L b",13.00000000,1200.00000000,,8.3000000000,,,0.750000,,2012,"Microlensing",5100.00000000
"Kepler-365 b",2.04000000,4.82000000,10.66490300000,0.0980000000,0.000000,6012.00,1.020000,1.048000,2014,"Transit",1038.99000000
"KMT-2020-BLG-0414L c",11.90000000,8581.36698900,,22.3000000000,,,0.490000,,2021,"Microlensing",1220.00000000
"HD 11977 b",12.70000000,2080.00000000,711.00000000000,1.9300000000,0.400000,4970.00,1.910000,10.090000,2005,"Radial Velocity",67.93310000
"Kepler-1038 b",3.53000000,12.20000000,148.46033820000,0.5238000000,0.000000,5335.00,0.870000,0.830000,2016,"Transit",584.13600000
"Kepler-250 c",2.28000000,5.82000000,7.15680400000,0.0690000000,0.000000,5160.00,0.806000,0.805000,2014,"Transit",760.58500000
"eps CrB b",12.70000000,2129.46100000,417.90000000000,1.3000000000,0.110000,4406.00,1.700000,21.000000,2012,"Radial Velocity",69.86830000
"TOI-521 b",1.98000000,5.30000000,1.54285047000,0.0195000000,0.000000,3544.00,0.420000,0.421000,2025,"Transit",60.94250000
"OGLE-2015-BLG-0954L b",13.10000000,1100.00000000,,1.6000000000,,,0.300000,,2016,"Microlensing",1200.00000000
"KOI-134 c",9.86000000,69.92224954,33.95000000000,0.2305000000,0.240000,6160.00,1.407000,1.667000,2025,"Transit Timing Variations",1159.21000000
"HD 127195 c",14.10000000,206.58846455,836.99000000000,,0.050000,4981.00,1.340000,4.160000,2026,"Radial Velocity",84.71670000
"HD 125136 b",13.30000000,718.29219982,849.77000000000,,0.050000,4959.00,1.550000,5.390000,2026,"Radial Velocity",121.25700000
"KMT-2019-BLG-0953L b",4.06000000,15.50000000,,1.1000000000,,,0.280000,,2022,"Microlensing",7200.00000000
"OGLE-2017-BLG-1691L b",3.92000000,14.62010672,,2.4100000000,,,0.450000,,2022,"Microlensing",7290.00000000
"alf Ari b",13.40000000,572.07000000,380.80000000000,1.2000000000,0.250000,4553.00,1.500000,13.900000,2010,"Radial Velocity",20.21019000
"TOI-2180 b",11.32107051,875.61726129,260.79000000000,0.8280000000,0.368300,5695.00,1.111000,1.636000,2022,"Transit",116.68500000
"KMT-2024-BLG-0404L c",4.33000000,17.30000000,,,,,0.090000,,2025,"Microlensing",7210.00000000
"Kepler-122 e",2.60000000,27.70000000,37.99327300000,0.2270000000,0.000000,6050.00,0.982000,1.216000,2014,"Transit",1027.45000000
"Kepler-411 c",4.42100000,26.40000000,7.83443500000,0.0739000000,0.108000,4974.00,0.870000,0.820000,2016,"Transit",153.67600000
"OGLE-2018-BLG-1428L b",14.00000000,240.00000000,,3.3000000000,,,0.430000,,2021,"Microlensing",6220.00000000
"KMT-2021-BLG-1689L b",7.71000000,46.00000000,,2.5000000000,,4570.00,0.580000,,2022,"Microlensing",7200.00000000
"MOA-2010-BLG-073L b",12.40000000,3500.00000000,,1.2100000000,,,0.160000,,2012,"Microlensing",2800.00000000
"KMT-2017-BLG-2197L b",12.50000000,2809.60311788,,15.9100000000,,,0.360000,,2025,"Microlensing",7800.00000000
"KMT-2018-BLG-1988L b",2.22000000,5.56000000,,3.0900000000,,,0.470000,,2022,"Microlensing",4150.00000000
"Kepler-302 b",4.06000000,15.50000000,30.18410400000,0.1930000000,0.000000,5740.00,1.021000,1.220000,2014,"Transit",1402.58000000
"GJ 3779 b",2.75000000,8.00000000,3.02320000000,0.0260000000,0.070000,3324.00,0.270000,0.281000,2018,"Radial Velocity",13.74300000
"Kepler-985 b",2.98000000,9.17000000,116.33190100000,0.4466400000,0.000000,5434.00,0.910000,0.850000,2016,"Transit",679.36100000
"Kepler-248 b",3.02000000,9.38000000,6.30820500000,0.0660000000,0.000000,5190.00,0.838000,0.831000,2014,"Transit",738.79200000
"Kepler-836 b",2.73000000,7.90000000,11.36112327000,0.1013000000,0.000000,5895.00,1.030000,1.040000,2016,"Transit",980.03500000
"TOI-1224 c",2.88400000,8.67000000,17.94546600000,,0.000000,3326.00,0.400000,0.404000,2024,"Transit",37.33120000
"Kepler-142 d",2.16000000,5.31000000,41.80911800000,0.2420000000,0.000000,5790.00,0.978000,1.269000,2014,"Transit",548.68600000
"OGLE-2019-BLG-0304L b",14.20000000,162.09248757,,1.2300000000,,,0.270000,,2021,"Microlensing",6980.00000000
"MOA-2022-BLG-563L b",14.00000000,127.13136280,,2.1500000000,,,0.480000,,2024,"Microlensing",6530.00000000
"KMT-2021-BLG-2010L b",13.80000000,340.07639549,,1.7900000000,,,0.370000,,2023,"Microlensing",7090.00000000
"KMT-2024-BLG-1005L b",12.10000000,6674.39654700,,0.7800000000,,,0.055000,,2025,"Microlensing",6950.00000000
"KMT-2021-BLG-1077L c",10.60000000,79.45710175,,0.9300000000,,,0.140000,,2022,"Microlensing",8240.00000000
"Kepler-1676 b",3.37695960,11.30000000,29.92210000000,0.1954000000,0.000000,5878.30,1.070000,1.060660,2020,"Transit",
"K2-65 b",1.58000000,3.12000000,12.64750000000,0.1014000000,,5213.00,0.870000,0.840000,2016,"Transit",72.20000000
"OGLE-2018-BLG-0799L b",10.90000000,82.63538582,,1.2800000000,,,0.093000,,2022,"Microlensing",4050.00000000
"KMT-2023-BLG-0466L b",13.10000000,1032.94232275,,2.6800000000,,,0.440000,,2026,"Microlensing",6800.00000000
"BD+63 1405 b",12.40000000,3305.41543280,1198.48000000000,2.0600000000,0.880000,5000.00,0.816000,0.804724,2021,"Radial Velocity",38.04730000
"WASP-73 b",15.91678000,908.99380000,4.08722000000,0.0551200000,0.000000,6030.00,2.520000,2.550000,2014,"Transit",316.67800000
"Kepler-733 b",2.82000000,8.35000000,20.83424726000,0.1483000000,0.000000,5418.00,0.900000,0.860000,2016,"Transit",916.70600000
"Kepler-124 d",1.11000000,1.41000000,30.95085100000,0.1700000000,0.000000,4984.00,0.706000,0.636000,2014,"Transit",420.04600000
"Kepler-244 c",2.05000000,4.86000000,9.76729200000,0.0870000000,0.000000,5554.00,0.933000,0.803000,2014,"Transit",1036.49000000
"Kepler-2001 c",1.82000000,3.97000000,14.09258318900,0.1084000000,0.000000,5081.00,0.864000,0.770000,2023,"Transit",776.55000000
"KMT-2021-BLG-0852L b",14.20000000,155.73591943,,7.7800000000,,,0.750000,,2026,"Microlensing",7230.00000000
"Kepler-32 b",2.20000000,1303.00000000,5.90124000000,0.0500000000,0.000000,3900.00,0.580000,0.530000,2011,"Transit",323.84700000
"TOI-5108 b",6.60000000,32.00000000,6.75358100000,0.0730000000,,5808.00,1.100000,1.290000,2025,"Transit",130.91900000
"KMT-2016-BLG-2605L b",14.00000000,245.04570180,,0.6810000000,,,0.064000,,2021,"Microlensing",6421.00000000
"OGLE-2018-BLG-0977L b",2.41000000,6.40000000,,2.0000000000,,,0.470000,,2022,"Microlensing",6500.00000000
"OGLE-2007-BLG-368L b",4.72000000,20.00000000,,2.8000000000,,,0.640000,,2009,"Microlensing",5900.00000000
"MOA-2011-BLG-262L b",4.29000000,17.00000000,,0.9500000000,,,0.110000,,2014,"Microlensing",7200.00000000
"Kepler-132 c",1.28000000,2.18000000,6.41491400000,0.0680000000,0.000000,6003.00,0.929000,1.178000,2014,"Transit",349.54900000
"KMT-2025-BLG-0481L b",14.10000000,187.51876013,,2.1800000000,,,0.220000,,2026,"Microlensing",7980.00000000
"KMT-2019-BLG-1339L b",13.70000000,397.00000000,,2.1500000000,,,0.480000,,2020,"Microlensing",6120.00000000
"OGLE-2017-BLG-1140L b",13.50000000,505.00000000,,1.0200000000,,,0.211000,,2018,"Microlensing",
"KMT-2022-BLG-1790L b",13.50000000,549.84314411,,5.2500000000,,,0.580000,,2025,"Microlensing",6480.00000000
"KMT-2018-BLG-1996L b",13.70000000,346.43296363,,4.2700000000,,,0.690000,,2021,"Microlensing",5910.00000000
"Kepler-47 b",3.05000000,2.07000000,49.46430000000,0.2877000000,0.021000,5636.00,0.957000,0.936000,2012,"Transit",1025.02000000
"HD 190007 b",4.06000000,15.50000000,11.72412800000,0.0920000000,0.136000,4610.00,0.770000,0.790000,2020,"Radial Velocity",12.71410000
"Kepler-1219 b",2.12000000,5.14000000,16.10467749000,0.1414600000,0.000000,5944.00,1.250000,1.940000,2016,"Transit",880.89500000
"Kepler-1808 b",3.02511302,9.40000000,23.34040070000,0.1467000000,0.000000,5530.00,0.773000,0.892000,2021,"Transit",1022.01000000
"Kepler-824 b",1.87000000,4.16000000,4.51436633000,0.0550000000,0.000000,6035.00,1.150000,1.220000,2016,"Transit",1201.40000000
"HD 95089 b",13.70000000,400.46580000,464.40000000000,1.3600000000,0.119000,4918.00,1.540000,5.080000,2009,"Radial Velocity",136.95700000
"Kepler-610 c",3.30000000,10.90000000,151.86392000000,0.5594000000,0.000000,5943.00,1.100000,1.130000,2016,"Transit",845.82400000
"Kepler-410 A b",2.83800000,8.44000000,17.83364800000,0.1226000000,0.170000,6273.00,1.214000,1.352000,2013,"Transit",147.52700000
"DMPP-6 b",2.28000000,5.80000000,7.60270000000,0.0779000000,0.340000,6182.09,1.079000,1.270000,2026,"Radial Velocity",54.63030000
"Gaia22dkvL b",14.10000000,187.83658854,,1.4000000000,,,1.145000,,2024,"Microlensing",1270.00000000
"MOA-2022-BLG-249L b",2.04000000,4.83000000,,1.6300000000,,,0.180000,,2023,"Microlensing",2000.00000000
"Kepler-1063 b",1.49000000,2.83000000,14.07971466000,0.1176000000,0.000000,5945.00,1.090000,1.140000,2016,"Transit",343.22600000
"KMT-2021-BLG-1303L b",13.60000000,120.77479466,,2.8900000000,,,0.570000,,2022,"Microlensing",6280.00000000
"OGLE-2018-BLG-0596L b",3.81000000,13.93000000,,0.9700000000,,,0.231000,,2019,"Microlensing",5650.00000000
"KMT-2023-BLG-0830L b",4.41000000,17.79839079,,1.7000000000,,,0.220000,,2025,"Microlensing",7250.00000000
"KMT-2023-BLG-0735L b",6.97000000,38.77506565,,2.9600000000,,,0.610000,,2024,"Microlensing",6390.00000000
"KMT-2021-BLG-0320L b",6.20000000,31.78284070,,1.5400000000,,,0.320000,,2022,"Microlensing",6950.00000000
"OGLE-2023-BLG-0766L b",13.70000000,349.61124770,,2.5000000000,,,0.390000,,2026,"Microlensing",7400.00000000
"Kepler-1628 b",6.43000000,33.80000000,76.37803300000,0.2952000000,0.000000,3724.00,0.550000,0.520000,2016,"Transit",352.00000000
"OGLE2-TR-L9 b",18.04600000,1430.17500000,2.48553350000,0.0308000000,,6933.00,1.520000,1.530000,2008,"Transit",1627.63000000
"TOI-5736 b",1.56000000,3.05000000,0.64899000000,,,3949.00,0.570000,0.580000,2025,"Transit",92.36040000
"Kepler-1577 b",1.13000000,1.51000000,6.30560247000,0.0657000000,0.000000,4862.00,0.780000,0.740000,2016,"Transit",510.02900000
"K2-13 b",1.89000000,4.23000000,39.91488000000,0.2114000000,,5698.00,0.800000,0.780000,2015,"Transit",342.39400000
"Kepler-122 f",1.75000000,36.00000000,56.26800000000,0.2857500000,0.000000,5917.00,1.030000,0.949000,2014,"Transit",1027.45000000
"Kepler-414 c",3.01000000,29.90000000,7.17100000000,0.0719500000,0.000000,5536.00,0.890000,0.946000,2014,"Transit",413.46000000
"TOI-1533 b",2.89000000,28.10000000,3.64579740000,0.0445000000,0.000000,5146.00,0.880000,0.849000,2026,"Transit",100.05100000
"Kepler-675 b",2.44000000,6.53000000,2.33743801000,0.0325000000,0.000000,4945.00,0.790000,0.750000,2016,"Transit",665.68000000
"Kepler-1489 c",0.51000000,0.08700000,0.68074100000,,,5565.53,0.977000,0.957000,2024,"Transit",1283.05000000
"K2-190 c",1.09308317,1.34000000,21.57402300000,,,5631.00,0.904597,0.912206,2018,"Transit",160.67900000
"Kepler-276 c",2.90000000,16.60000000,31.88400000000,0.1861900000,0.000000,5693.00,1.100000,1.030000,2013,"Transit",1144.86000000
"HD 148164 b",13.70000000,390.93090000,328.55000000000,0.9930000000,0.587000,6032.00,1.210000,1.340000,2018,"Radial Velocity",77.19710000
"Kepler-1996 b",2.26000000,5.73000000,32.37618300000,0.1789000000,0.000000,4580.00,0.748000,0.675000,2023,"Transit",440.56100000
"HIP 107772 b",3.64000000,12.90000000,55.19900000000,0.2430000000,0.180000,4006.00,0.630000,0.513922,2020,"Radial Velocity",23.64340000
"Kepler-446 c",1.11000000,1.41000000,3.03617900000,0.0283000000,0.000000,3359.00,0.220000,0.240000,2015,"Transit",96.33900000
"KIC 3526061 b",12.10000000,5768.58558705,3552.00000000000,5.1400000000,0.850000,4829.00,1.420000,5.860000,2022,"Radial Velocity",401.22900000
"HD 11964 c",5.38000000,25.00000000,37.91000000000,0.2290000000,0.300000,5303.00,0.910000,2.009710,2008,"Radial Velocity",33.53690000
"Kepler-1482 b",1.01000000,1.01000000,12.25383217000,0.0996800000,0.000000,5381.00,0.880000,0.840000,2016,"Transit",567.55600000
"TOI-5515 b",2.65362762,7.53000000,8.59225810839,,,5483.65,0.963000,0.835682,2026,"Transit",135.45900000
"TOI-2184 b",11.39953337,206.58846455,6.90683000000,,0.080000,5966.00,1.530000,2.900000,2022,"Transit",788.31700000
"HD 102329 c",13.50000000,483.10160000,1123.00000000000,,0.209000,4830.00,1.300000,6.300000,2016,"Radial Velocity",217.10700000
"HD 39194 b",1.99000000,4.62000000,5.63692000000,0.0589500000,0.101000,5205.00,0.860000,0.783742,2021,"Radial Velocity",26.41310000
"HD 199509 b",7.43000000,43.22466335,99.62167000000,0.4260000000,0.373000,5796.02,1.040000,0.920000,2022,"Radial Velocity",24.30560000
"Kepler-325 d",2.79000000,8.20000000,38.71518500000,0.2200000000,0.000000,5752.00,0.914000,1.003000,2014,"Transit",823.24200000
"Kepler-1940 b",1.54732469,3.01000000,4.95061016100,0.0525000000,0.000000,5431.00,0.802000,0.717000,2021,"Transit",798.59500000
"TOI-2545 b",2.75000000,8.00000000,7.99403700000,,,5846.29,1.055000,1.253240,2022,"Transit",107.11800000
"Kepler-1612 b",1.03000000,1.08000000,3.91795101000,0.0482000000,0.000000,5643.00,0.960000,0.940000,2016,"Transit",764.72600000
"HD 136352 c",2.91600000,11.24000000,27.59221000000,0.1721000000,0.000000,5664.00,0.870000,1.058000,2019,"Radial Velocity",14.68200000
"EPIC 201615463 c",1.22000000,1.98000000,3.80464000000,,,5960.00,1.073000,1.610000,2019,"Transit",476.88200000
"Kepler-225 b",1.20000000,1.87000000,6.73897500000,0.0560000000,0.000000,3682.00,0.593000,0.480000,2014,"Transit",561.10100000
"HD 20868 b",13.70000000,397.28750000,380.85001000000,0.9500000000,0.750000,4802.00,0.390000,0.760000,2008,"Radial Velocity",47.72230000
"Kepler-1930 b",1.52955541,2.95000000,13.02680016000,0.1023300000,0.000000,5083.00,0.844000,0.844000,2021,"Transit",275.69400000
"Kepler-1439 b",1.46000000,2.73000000,8.07392849000,0.0594000000,0.000000,3578.00,0.460000,0.430000,2016,"Transit",225.39300000
"HD 155193 b",14.00000000,238.37130525,352.65000000000,1.0400000000,0.210000,6239.00,1.221000,1.764390,2021,"Radial Velocity",57.79950000
"TOI-1266 c",1.98000000,3.17000000,18.80270000000,0.1050000000,0.071000,3563.00,0.437000,0.423200,2020,"Transit",36.01180000
"Kepler-1536 b",3.14000000,10.00000000,364.75803100000,0.8507000000,0.000000,4434.00,0.710000,0.670000,2016,"Transit",387.24800000
"HD 134987 b",13.50000000,511.70630000,258.17999000000,0.8100000000,0.230000,5736.00,1.100000,1.220000,1999,"Radial Velocity",26.18040000
"Kepler-961 b",2.55000000,7.04000000,16.87727414000,0.1258500000,0.000000,5582.00,0.960000,0.900000,2016,"Transit",574.31400000
"Kepler-539 b",8.37312300,308.29510000,125.63243000000,0.4988000000,0.390000,5820.00,1.048000,0.952000,2016,"Transit",307.31800000
"HD 5278 c",4.49000000,18.40000000,40.87000000000,0.2416000000,0.070000,6203.00,1.126000,1.194000,2021,"Radial Velocity",57.58460000
"Kepler-319 c",2.63000000,7.41000000,6.94135700000,0.0690000000,0.000000,5526.00,0.933000,0.903000,2014,"Transit",503.43600000
"HD 179079 b",,4195.33497240,14.47900000000,0.1214000000,0.049000,5646.00,1.140000,1.630000,2008,"Radial Velocity",69.71160000
"Kepler-1099 b",2.83000000,8.40000000,2.16845259300,0.0337000000,0.000000,5837.00,1.010000,1.000000,2016,"Transit",1022.80000000
"Kepler-244 d",2.31000000,15.20000000,20.05040100000,0.1400000000,0.000000,5554.00,0.933000,0.803000,2014,"Transit",1036.49000000
"NY Vir c",12.80000000,1760.77820000,8799.00000000000,,0.150000,32780.00,0.459000,0.151000,2019,"Eclipse Timing Variations",544.02400000
"Kepler-377 b",1.39000000,2.51000000,12.50952900000,0.1090000000,0.000000,5949.00,1.043000,1.224000,2014,"Transit",823.80400000
"Kepler-879 b",2.57000000,7.13000000,33.38559380000,0.2012000000,0.000000,5792.00,1.020000,1.020000,2016,"Transit",802.67200000
"Kepler-705 b",2.11000000,5.10000000,56.05605380000,0.2320000000,0.000000,3722.00,0.530000,0.510000,2016,"Transit",276.88100000
"Kepler-163 c",2.26000000,5.73000000,21.34726200000,0.1520000000,0.000000,5776.00,0.882000,0.917000,2014,"Transit",689.81400000
"TOI-778 b",15.40000000,878.00000000,4.63361100000,0.0600000000,0.210000,6643.00,1.400000,1.710000,2023,"Transit",161.74300000
"Kepler-1355 b",1.46000000,2.73000000,1.28958811200,0.0224000000,0.000000,5352.00,0.880000,0.830000,2016,"Transit",911.26900000
"KOI-134 b",12.03844527,346.43296363,67.12770000000,0.3630000000,0.160000,6160.00,1.407000,1.667000,2025,"Transit",1159.21000000
"Kepler-138 b",0.64000000,0.07000000,10.31340000000,0.0753000000,0.020000,3841.00,0.535000,0.535000,2014,"Transit",66.86240000
"Kepler-1542 e",0.76000000,0.36300000,5.10115756000,0.0564900000,0.000000,5564.00,0.940000,0.990000,2016,"Transit",399.11400000
"Kepler-1579 b",0.84000000,0.52000000,0.84990788900,0.0140000000,0.000000,4584.00,0.750000,0.700000,2016,"Transit",466.00000000
"K2-264 c",2.66800000,7.60000000,19.66030200000,0.1128300000,0.450000,3660.00,0.496000,0.473000,2018,"Transit",185.60500000
"Kepler-1073 d",1.48770949,2.82000000,2.50476002700,0.0352000000,0.000000,5509.00,0.924000,1.116000,2021,"Transit",809.89700000
"Kepler-510 b",2.47000000,6.66000000,19.55659418000,0.1352000000,0.000000,5746.00,0.910000,1.410000,2016,"Transit",386.17700000
"HD 164509 b",14.30000000,140.79869000,280.17000000000,0.8700000000,0.238000,5859.00,1.120000,1.110000,2012,"Radial Velocity",53.11190000
"TIC 34085383 b",3.91982296,14.60000000,3.47793368523,,,4694.84,0.733000,0.809951,2026,"Transit",149.12000000
"TYC 3667-1280-1 b",12.80000000,1716.28200000,26.46800000000,0.2100000000,0.036000,5130.00,1.870000,6.260000,2016,"Radial Velocity",477.51600000
"HATS-59 c",12.30000000,4036.44100000,1422.00000000000,2.5040000000,0.083000,5670.00,1.038000,1.036000,2018,"Radial Velocity",642.88400000
"Kepler-1605 b",1.08000000,1.28000000,85.75654950000,0.3656700000,0.000000,5280.00,0.860000,0.820000,2016,"Transit",546.23000000
"Ross 458 c",14.01125000,1906.98000000,,1100.0000000000,,3965.42,0.556419,0.562566,2010,"Imaging",11.50940000
"SR 12 AB c",12.30000000,4131.62000000,,,,3828.93,,1.103075,2010,"Imaging",112.31721584
"HD 187123 b",14.20000000,166.21800000,3.09658280000,0.0426000000,0.010300,5790.00,1.040000,1.150430,1998,"Radial Velocity",45.95480000
"OGLE-TR-132 b",13.45000000,375.02000000,1.68986800000,0.0303500000,0.600000,6210.00,1.305000,1.320000,2004,"Transit",2012.62000000
"OGLE-TR-56 b",15.27800000,441.77000000,1.21191890000,0.0238300000,0.000000,6050.00,1.228000,1.363000,2002,"Transit",282.83913869
"WASP-156 b",6.15000000,42.00000000,3.83616290000,0.0460000000,0.160000,5036.00,0.871200,0.826800,2017,"Transit",122.06600000
"HD 22781 b",12.30000000,4338.20000000,528.07000000000,1.1670000000,0.819100,5027.00,0.750000,0.743475,2011,"Radial Velocity",32.60340000
"Kepler-16 b",8.44930000,105.83300000,228.77600000000,0.7048000000,0.006900,4450.00,0.689700,0.648900,2011,"Transit",75.08520000
"Kepler-27 c",4.90000000,4385.87000000,31.33090000000,0.1910000000,0.000000,5400.00,0.650000,0.590000,2011,"Transit",1044.36000000
"WASP-23 b",10.78300000,280.95000000,2.94442560000,0.0376000000,0.062000,5150.00,0.780000,0.765000,2010,"Transit",207.49000000
"Kepler-27 b",4.00000000,2895.31000000,15.33480000000,0.1180000000,0.000000,5400.00,0.650000,0.590000,2011,"Transit",1044.36000000
"HD 114783 b",13.70000000,349.60000000,493.70000000000,1.1600000000,0.144000,5135.00,0.853000,0.840622,2001,"Radial Velocity",21.06280000
"HD 19994 b",13.60000000,435.41000000,466.20000000000,1.3050000000,0.063000,6188.00,1.365000,1.796470,2003,"Radial Velocity",22.52420000
"47 UMa b",13.20000000,804.08000000,1078.00000000000,2.1000000000,0.032000,5872.00,1.060000,1.213340,1996,"Radial Velocity",13.79670000
"Kepler-18 c",5.49000000,17.30000000,7.64159000000,0.0752000000,0.000000,5345.00,0.972000,1.108000,2011,"Transit",433.04700000
"Kepler-18 b",2.00000000,6.90000000,3.50472500000,0.0447000000,0.000000,5345.00,0.972000,1.108000,2011,"Transit",433.04700000
"Kepler-31 c",5.30000000,1493.70000000,42.63180000000,0.2600000000,0.000000,6340.00,1.210000,1.220000,2011,"Transit",1664.64000000
"Kepler-32 e",1.50000000,4.08181000,2.89600000000,0.0330000000,0.000000,3900.00,0.580000,0.530000,2012,"Transit",323.84700000
"61 Vir b",2.11000000,5.10000000,4.21500000000,0.0502010000,0.120000,5577.00,0.942000,0.963000,2009,"Radial Velocity",8.50332000
"61 Vir c",4.46000000,18.20000000,38.02100000000,0.2175000000,0.140000,5577.00,0.942000,0.963000,2009,"Radial Velocity",8.50332000
"47 UMa d",13.50000000,521.22000000,14002.00000000000,11.6000000000,0.160000,5872.00,1.060000,1.213340,2009,"Radial Velocity",13.79670000
"47 UMa c",14.20000000,171.62100000,2391.00000000000,3.6000000000,0.098000,5872.00,1.060000,1.213340,2001,"Radial Velocity",13.79670000
"BD-08 2823 c",12.50000000,104.00000000,237.60000000000,0.6800000000,0.190000,4746.00,0.740000,0.710000,2009,"Radial Velocity",41.33420000
"CoRoT-23 b",11.77000000,889.90000000,3.63130000000,0.0480000000,0.160000,5900.00,1.140000,1.610000,2011,"Transit",1060.97000000
"Kepler-18 d",6.98000000,16.40000000,14.85888000000,0.1172000000,0.000000,5345.00,0.972000,1.108000,2011,"Transit",433.04700000
"HATS-1 b",14.59400000,589.55000000,3.44645900000,0.0444000000,0.120000,5870.00,0.986000,1.038000,2012,"Transit",283.97100000
"HD 47186 c",13.00000000,111.42000000,1353.60000000000,2.3950000000,0.249000,5657.00,0.960000,1.080000,2008,"Radial Velocity",37.45740000
"HD 196885 A b",13.20000000,819.97000000,1333.00000000000,2.3700000000,0.480000,6254.00,1.280000,1.310000,2007,"Radial Velocity",34.16920000
"CoRoT-6 b",13.06800000,940.74000000,8.88659300000,0.0855000000,0.100000,6090.00,1.050000,1.025000,2009,"Transit",645.29400000
"HR 8799 b",13.00000000,2000.00000000,170000.00000000000,68.0000000000,,7204.58,1.500000,1.493380,2008,"Imaging",41.24410000
"HAT-P-37 b",13.20400000,371.52800000,2.79743600000,0.0379000000,0.058000,5500.00,0.929000,0.877000,2011,"Transit",390.59400000
"Kepler-42 b",0.78000000,0.70594400,1.21376720000,0.0116000000,0.040000,3068.00,0.130000,0.170000,2011,"Transit",40.05950000
"Kepler-32 d",2.70000000,39.90890000,22.78020000000,0.1300000000,0.000000,3900.00,0.580000,0.530000,2012,"Transit",323.84700000
"Kepler-32 f",0.82000000,1862.11000000,0.74296000000,0.0130000000,0.000000,3900.00,0.580000,0.530000,2012,"Transit",323.84700000
"BD+20 2457 b",12.10000000,6807.63000000,379.63000000000,1.4500000000,0.150000,4137.00,2.800000,49.000000,2009,"Radial Velocity",1539.71000000
"HR 8799 d",13.00000000,3000.00000000,37000.00000000000,24.0000000000,0.600000,7204.58,1.500000,1.493380,2008,"Imaging",41.24410000
"GJ 179 b",13.80000000,301.93698665,2288.00000000000,2.4100000000,0.210000,3370.00,0.357000,0.380000,2009,"Radial Velocity",12.35600000
"SWEEPS-4 b",9.07900000,1207.70000000,4.20000000000,0.0550000000,,,1.240000,1.180000,2006,"Transit",8500.00000000
"Kepler-42 c",0.73000000,60.33700000,0.45328509000,0.0060000000,0.000000,3068.00,0.130000,0.170000,2011,"Transit",40.05950000
"Kepler-33 c",3.20000000,0.39000000,13.17562000000,0.1189000000,0.000000,5904.00,1.291000,1.820000,2011,"Transit",1209.16000000
"Kepler-35 b",8.16000000,40.36300000,131.45800000000,0.6034700000,0.042000,5606.00,0.887700,1.028400,2011,"Transit",1819.17000000
"CoRoT-16 b",13.11000000,170.03200000,5.35227000000,0.0618000000,0.330000,5650.00,1.098000,1.190000,2011,"Transit",732.40900000
"HD 240210 b",12.80000000,1655.82000000,501.75000000000,1.1600000000,0.150000,4297.00,0.820000,25.456816,2009,"Radial Velocity",372.40500000
"BD+20 2457 c",12.40000000,3963.17000000,621.99000000000,2.0100000000,0.180000,4137.00,2.800000,49.000000,2009,"Radial Velocity",1539.71000000
"HD 110014 b",12.40000000,3524.59000000,835.47700000000,2.1400000000,0.462000,4445.00,2.170000,20.900000,2009,"Radial Velocity",100.75800000
"HIP 5158 b",13.60000000,451.00000000,345.72000000000,0.8900000000,0.520000,4962.00,0.780000,0.750000,2009,"Radial Velocity",51.60260000
"Kepler-33 e",4.02000000,5.57000000,31.78440000000,0.2138000000,0.000000,5904.00,1.291000,1.820000,2011,"Transit",1209.16000000
"Kepler-33 d",5.35000000,3.91000000,21.77596000000,0.1662000000,0.000000,5904.00,1.291000,1.820000,2011,"Transit",1209.16000000
"BD+20 274 b",13.00000000,1334.88600000,578.20000000000,1.3000000000,0.210000,4296.00,0.800000,17.300000,2012,"Radial Velocity",1322.51000000
"KELT-1 b",12.44200000,8654.15000000,1.21751400000,0.0246600000,0.009900,6516.00,1.335000,1.471000,2012,"Transit",268.43000000
"CoRoT-5 b",15.55800000,148.42000000,4.03789620000,0.0494700000,0.090000,6100.00,1.000000,1.186000,2009,"Transit",882.47200000
"HD 134987 c",13.90000000,260.00000000,5000.00000000000,5.8000000000,0.120000,5585.00,1.100000,1.250000,2009,"Radial Velocity",26.18040000
"HD 147018 b",13.40000000,674.00000000,44.23600000000,0.2388000000,0.468600,5441.00,0.927000,0.937948,2009,"Radial Velocity",40.42560000
"Kepler-33 f",4.46000000,9.60000000,41.02902000000,0.2535000000,0.000000,5904.00,1.291000,1.820000,2011,"Transit",1209.16000000
"Kepler-31 b",5.50000000,36.74180000,20.86130000000,0.1600000000,0.000000,6340.00,1.210000,1.220000,2011,"Transit",1664.64000000
"Kepler-34 b",8.56400000,69.92000000,288.82200000000,1.0896000000,0.182000,5913.00,1.047900,1.161800,2011,"Transit",1800.82000000
"HD 45350 b",13.50000000,568.89000000,963.60000000000,1.9200000000,0.778000,5566.00,0.980000,1.264420,2004,"Radial Velocity",46.87330000
"HD 147018 c",12.70000000,2080.00000000,1008.00000000000,1.9220000000,0.133000,5441.00,0.927000,0.937948,2009,"Radial Velocity",40.42560000
"CFBDSIR J145829+101343 b",12.40000000,3337.10000000,10037.50000000000,2.6000000000,,580.50,0.021000,,2011,"Imaging",23.10000000
"HD 220773 b",13.60000000,460.80000000,3724.70000000000,4.9400000000,0.510000,5940.00,1.160000,1.679696,2011,"Radial Velocity",50.51030000
"HD 147513 b",13.70000000,385.00000000,528.40000000000,1.3200000000,0.260000,5883.00,1.110000,0.980000,2003,"Radial Velocity",12.90320000
"HD 129445 b",13.30000000,797.74930157,1840.00000000000,2.9000000000,0.700000,5646.00,0.990000,1.175816,2009,"Radial Velocity",67.43860000
"WASP-5 b",12.18400000,502.15000000,1.62842790000,0.0267000000,0.038000,5700.00,0.960000,1.029000,2008,"Transit",309.13700000
"OGLE-TR-111 b",11.42197100,174.79900000,4.01444630000,0.0473000000,0.000000,5040.00,0.820000,0.830000,2004,"Transit",1068.33000000
"HD 8535 b",14.00000000,216.12440000,1313.00000000000,2.4500000000,0.150000,6136.00,1.130000,1.190000,2010,"Radial Velocity",55.44010000
"MOA-2009-BLG-266L b",3.21000000,10.40000000,2800.00000000000,3.2000000000,,,0.560000,,2011,"Microlensing",3040.00000000
"GJ 667 C b",2.25000000,5.68000000,7.20300000000,0.0504310000,0.200000,3350.00,0.330000,,2012,"Radial Velocity",7.24396000
"HIP 5158 c",12.20000000,4780.16320000,9017.76000000000,7.7000000000,0.140000,4813.00,0.780000,0.754089,2011,"Radial Velocity",51.60260000
"HAT-P-23 b",15.33400000,664.23700000,1.21288400000,0.0232000000,0.106000,5905.00,1.130000,1.203000,2010,"Transit",364.81300000
"HAT-P-20 b",9.71800000,2302.89900000,2.87531700000,0.0361000000,0.015000,4595.00,0.756000,0.694000,2010,"Transit",71.03740000
"CoRoT-17 b",11.43000000,772.29000000,3.76810000000,0.0461000000,0.000000,5740.00,1.040000,1.590000,2011,"Transit",1176.12000000
"HD 132563 b",13.60000000,473.54700000,1544.00000000000,2.6200000000,0.220000,6289.00,1.231000,1.295770,2011,"Radial Velocity",105.15500000
"Kepler-45 b",10.76000000,160.49700000,2.45523900000,0.0300000000,0.110000,3820.00,0.590000,0.550000,2011,"Transit",381.94900000
"HU Aqr AB b",12.80000000,1875.19700000,2390.00000000000,3.6000000000,0.000000,5952.00,0.880000,,2011,"Eclipse Timing Variations",192.19807871
"Kepler-417 b",2.31000000,11.00000000,12.33100000000,0.1006000000,0.000000,5177.00,0.900000,0.806000,2014,"Transit",973.98900000
"Kepler-37 d",2.03000000,2.00000000,39.79226220000,0.2109000000,0.100000,5357.00,0.790000,0.789000,2013,"Transit",63.92070000
"GJ 3634 b",2.83000000,8.40000000,2.64561000000,0.0287000000,0.080000,3517.00,0.450000,0.430000,2010,"Radial Velocity",20.37790000
"Kepler-14 b",12.73300000,2669.66000000,6.79012300000,0.0771000000,0.035000,6395.00,1.512000,2.048000,2011,"Transit",798.00000000
"CoRoT-18 b",14.68000000,1102.82000000,1.90006930000,0.0295000000,0.080000,5440.00,0.950000,1.000000,2011,"Transit",764.88900000
"Kepler-15 b",10.76000000,209.76000000,4.94278200000,0.0571400000,0.060000,5515.00,1.018000,0.992000,2011,"Transit",739.41200000
"KOI-55 b",0.75900000,0.44000000,0.24010400000,0.0060000000,,27730.00,0.496000,0.203000,2011,"Orbital Brightness Modulation",1231.02000000
"PSR J1719-1438 b",,382.80000000,0.09070629300,0.0044000000,0.060000,4500.00,1.400000,,2011,"Pulsar Timing",1200.00000000
"CoRoT-14 b",12.22000000,2415.40000000,1.51214000000,0.0270000000,0.000000,6035.00,1.130000,1.210000,2010,"Transit",1744.60000000
"HD 11964 b",14.10000000,198.00000000,1945.00000000000,3.1600000000,0.041000,5303.00,0.910000,2.009710,2005,"Radial Velocity",33.53690000
"HAT-P-4 b",14.28000000,213.25500000,3.05653600000,0.0443800000,0.000000,5860.00,1.248000,1.596000,2007,"Transit",320.45100000
"OGLE-TR-10 b",14.01100000,197.04600000,3.10127800000,0.0434000000,0.000000,5950.00,1.140000,1.170000,2004,"Transit",1344.97000000
"OGLE-TR-113 b",12.25100000,400.44900000,1.43247520000,0.0228900000,0.000000,4790.00,0.779000,0.774000,2004,"Transit",566.45900000
"HD 192310 b",4.27000000,16.90000000,74.72000000000,0.3200000000,0.130000,5166.00,0.800000,0.857922,2011,"Radial Velocity",8.79687000
"OGLE-2014-BLG-1760L b",13.80000000,295.89824692,,1.8870000000,,,0.803000,,2016,"Microlensing",7056.00000000
"OGLE-2013-BLG-0132L b",11.60000000,92.00000000,,3.6000000000,,,0.540000,,2017,"Microlensing",3900.00000000
"Kepler-277 b",2.92000000,87.30000000,17.32400000000,0.1416800000,0.000000,5946.00,1.120000,1.690000,2013,"Transit",976.64300000
"KMT-2017-BLG-1194L b",1.70000000,3.54000000,,1.7800000000,,,0.410000,,2023,"Microlensing",4240.00000000
"KMT-2017-BLG-2331L b",14.20000000,171.00000000,,2.1400000000,,,0.400000,,2024,"Microlensing",8030.00000000
"HD 41004 A b",13.20000000,807.25000000,963.00000000000,,0.740000,5310.00,0.950000,0.850000,2004,"Radial Velocity",36.69117000
"OGLE-2019-BLG-0299L b",12.70000000,1976.89269154,,2.8000000000,,,0.590000,,2021,"Microlensing",5830.00000000
"Kepler-476 b",3.08000000,9.69000000,14.00640607000,0.1126000000,0.000000,5837.00,1.030000,1.090000,2016,"Transit",813.53500000
"KMT-2021-BLG-2294L b",5.02000000,22.24798849,,1.1500000000,,,0.140000,,2022,"Microlensing",6800.00000000
"KMT-2022-BLG-1013L b",12.10000000,98.52680617,,1.3800000000,,,0.180000,,2023,"Microlensing",7710.00000000
"Kepler-247 d",4.50000000,50.00000000,20.47370000000,0.1408100000,0.102000,5094.00,0.884000,0.791000,2014,"Transit",663.71100000
"Kepler-1976 b",12.21000000,,4.95931924400,0.0565000000,0.000000,5712.00,0.976000,1.082000,2023,"Transit",1314.51000000
"WASP-155 b",13.45077684,276.82854250,3.11041300000,0.0430000000,0.000000,5660.00,1.090000,1.240000,2025,"Transit",399.63000000
"KMT-2019-BLG-0414L b",12.90000000,1452.47581999,,1.1600000000,,,0.740000,,2022,"Microlensing",4410.00000000
"HD 62509 b",13.30000000,731.00000000,589.64000000000,1.6400000000,0.020000,4892.63,2.000000,8.900000,2006,"Radial Velocity",10.34000000
"Kepler-65 b",1.42000000,2.40000000,2.15491000000,0.0350000000,0.028000,6211.00,1.250000,1.410000,2012,"Transit",303.72800000
"RR Cae b",13.00000000,1334.88600000,4343.50000000000,5.3000000000,0.000000,3904.00,0.440000,0.193119,2012,"Eclipse Timing Variations",21.19160000
"WASP-65 b",12.46400000,492.62000000,2.31142430000,0.0334000000,0.000000,5600.00,0.930000,1.010000,2013,"Transit",273.70300000
"Kepler-30 c",12.30000000,640.00000000,60.32310500000,0.3000000000,0.011100,5498.00,0.990000,0.950000,2012,"Transit",914.22100000
"Kepler-38 b",4.30000000,122.00000000,105.59900000000,0.4632000000,0.032000,5623.00,0.941000,1.752000,2012,"Transit",1174.59000000
"WASP-8 c",12.50000000,3003.37000000,4323.00000000000,5.2800000000,0.000000,5690.00,1.040000,0.960000,2013,"Radial Velocity",89.96060000
"ROXs 42 B b",12.50000000,2860.00000000,,157.0000000000,0.580000,3433.00,1.000000,1.336580,2013,"Imaging",143.59000000
"WASP-1 b",16.62300000,271.41500000,2.51994540000,0.0388900000,0.000000,6110.00,1.240000,1.470000,2007,"Transit",393.07200000
"Kepler-50 c",2.17000000,8.20000000,9.37647000000,0.0870000000,0.000000,6225.00,1.240000,1.580000,2012,"Transit",250.11000000
"BD+15 2940 b",13.70000000,352.78000000,137.48000000000,0.5390000000,0.260000,4796.00,1.100000,14.700000,2013,"Radial Velocity",426.42000000
"Kepler-87 b",13.49000000,324.20000000,114.73635000000,0.4810000000,0.036000,5600.00,1.100000,1.820000,2013,"Transit",1232.90000000
"WASP-75 b",14.23500000,340.06000000,2.48419300000,0.0375000000,0.000000,6100.00,1.140000,1.260000,2013,"Transit",294.00100000
"Kepler-87 c",6.14000000,6.40000000,191.23180000000,0.6760000000,0.039000,5600.00,1.100000,1.820000,2013,"Transit",1232.90000000
"HD 40307 b",,1188.99607059,4.31230000000,0.0468000000,0.200000,4956.00,0.770000,0.716684,2009,"Radial Velocity",12.93630000
"WTS-1 b",16.70000000,1274.44000000,3.35205700000,0.0470000000,0.100000,6250.00,1.200000,1.150000,2012,"Transit",2346.01000000
"HD 40307 c",,1868.51320475,9.61840000000,0.0799000000,0.060000,4956.00,0.770000,0.716684,2009,"Radial Velocity",12.93630000
"CoRoT-26 b",14.12000000,165.26000000,4.20474000000,0.0526000000,0.000000,5590.00,1.090000,1.790000,2013,"Transit",1045.18000000
"91 Aqr b",13.10000000,1017.00000000,181.40000000000,0.7000000000,0.027000,4665.00,1.400000,11.000000,2013,"Radial Velocity",44.03040000
"tau Gem b",12.10000000,6547.00000000,305.50000000000,1.1700000000,0.031000,4388.00,2.300000,26.800000,2013,"Radial Velocity",112.53700000
"HAT-P-42 b",14.34800000,331.80100000,4.64187800000,0.0575000000,0.000000,5743.00,1.178000,1.530000,2012,"Transit",405.23800000
"Kepler-56 c",9.80000000,181.00000000,21.40239000000,0.1652000000,0.000000,4840.00,1.320000,4.230000,2012,"Transit",912.99400000
"HD 40307 d",,1775.38948150,20.43200000000,0.1321000000,0.070000,4956.00,0.770000,0.716684,2009,"Radial Velocity",12.93630000
"HD 40307 f",2.13000000,5.20000000,51.76000000000,0.2470000000,0.020000,4956.00,0.770000,0.716684,2013,"Radial Velocity",12.93630000
"Kepler-186 e",1.27000000,2.15000000,22.40770400000,0.1100000000,0.000000,3788.00,0.478000,0.472000,2014,"Transit",177.59400000
"Kepler-186 c",1.25000000,2.10000000,7.26730200000,0.0451000000,0.000000,3788.00,0.478000,0.472000,2014,"Transit",177.59400000
"GJ 163 c",2.50000000,6.80000000,25.63058000000,0.1254000000,0.099000,3500.00,0.400000,0.409738,2013,"Radial Velocity",15.12850000
"GJ 163 d",5.92000000,29.40000000,603.95116000000,1.0304000000,0.373000,3500.00,0.400000,0.409738,2013,"Radial Velocity",15.12850000
"Kepler-56 b",6.51000000,22.10000000,10.50160000000,0.1028000000,0.040000,4840.00,1.320000,4.230000,2012,"Transit",912.99400000
"HD 208527 b",12.50000000,3146.40000000,875.50000000000,2.1000000000,0.080000,4035.00,1.600000,51.100000,2012,"Radial Velocity",312.20200000
"HD 40307 g",2.56000000,7.10000000,197.80000000000,0.6000000000,0.290000,4956.00,0.770000,0.716684,2013,"Radial Velocity",12.93630000
"Kepler-186 d",1.40000000,2.54000000,13.34299600000,0.0781000000,0.000000,3788.00,0.478000,0.472000,2014,"Transit",177.59400000
"GU Psc b",14.17900000,3591.30000000,,2000.0000000000,,4031.81,0.325000,0.450458,2014,"Imaging",47.55010000
"HIP 63242 b",12.50000000,2917.56000000,124.60000000000,0.5650000000,0.230000,4830.00,1.540000,10.275655,2013,"Radial Velocity",156.45600000
"Kepler-11 b",1.80000000,1.90000000,10.30390000000,0.0910000000,0.045000,5663.00,0.961000,1.065000,2010,"Transit",646.34600000
"KOI-351 f",2.88000000,8.65000000,124.91440000000,0.4800000000,0.000000,6080.00,1.200000,1.200000,2013,"Transit",848.25400000
"CoRoT-1 b",16.70000000,327.35000000,1.50895570000,0.0275200000,0.000000,5950.00,0.950000,1.110000,2008,"Transit",787.90900000
"HAT-P-45 b",15.98400000,283.49200000,3.12899200000,0.0452000000,0.049000,6330.00,1.259000,1.319000,2014,"Transit",298.64000000
"HAT-P-44 b",13.92200000,111.87100000,4.30121900000,0.0507000000,0.044000,5295.00,0.942000,0.949000,2014,"Transit",347.85000000
"Kepler-11 e",4.19000000,8.00000000,31.99960000000,0.1950000000,0.012000,5663.00,0.961000,1.065000,2010,"Transit",646.34600000
"HD 95086 b",12.90000000,1589.00000000,,55.7000000000,,7595.00,1.600000,1.486670,2013,"Imaging",86.22790000
"BD-06 1339 b",,1523.03372634,3.87280000000,0.0428000000,0.000000,4324.00,0.700000,0.686355,2013,"Radial Velocity",20.26950000
"HD 103774 b",13.30000000,116.00000000,5.88810000000,0.0700000000,0.090000,6489.00,1.335000,1.581047,2013,"Radial Velocity",56.40890000
"HAT-P-44 c",13.00000000,1271.30000000,872.20000000000,1.7520000000,0.494000,5295.00,0.942000,0.949000,2014,"Radial Velocity",347.85000000
"HATS-5 b",10.22300000,75.32300000,4.76338700000,0.0542000000,0.019000,5304.00,0.936000,0.871000,2014,"Transit",246.38400000
"Kepler-11 g",3.33000000,25.00000000,118.38070000000,0.4660000000,0.150000,5663.00,0.961000,1.065000,2010,"Transit",646.34600000
"KOI-351 e",2.66000000,7.56000000,91.93913000000,0.4200000000,0.000000,6080.00,1.200000,1.200000,2013,"Transit",848.25400000
"KOI-351 c",1.19000000,1.81000000,8.71937500000,0.0890000000,0.000000,6080.00,1.200000,1.200000,2013,"Transit",848.25400000
"HD 109271 b",4.31000000,17.16200000,7.85430000000,0.0790000000,0.250000,5783.00,1.047000,1.294595,2013,"Radial Velocity",55.87160000
"HD 109271 c",5.27000000,24.15400000,30.93000000000,0.1960000000,0.150000,5783.00,1.047000,1.294595,2013,"Radial Velocity",55.87160000
"bet Cnc b",12.60000000,2479.00000000,605.20000000000,1.7000000000,0.080000,4092.10,1.700000,47.200000,2014,"Radial Velocity",89.04720000
"mu Leo b",13.30000000,762.80000000,357.80000000000,1.1000000000,0.090000,4538.20,1.500000,11.400000,2014,"Radial Velocity",32.60810000
"Kepler-11 c",2.87000000,2.90000000,13.02410000000,0.1070000000,0.026000,5663.00,0.961000,1.065000,2010,"Transit",646.34600000
"OGLE-2012-BLG-0358L b",13.40000000,588.00000000,,0.8700000000,,,0.022000,,2013,"Microlensing",1760.00000000
"HD 166724 b",13.00000000,1207.74794660,5144.00000000000,5.4200000000,0.734000,5127.00,0.810000,0.797485,2012,"Radial Velocity",45.13420000
"WASP-64 b",14.24700000,403.94500000,1.57329180000,0.0264800000,0.000000,5400.00,1.004000,1.058000,2012,"Transit",369.92600000
"Kepler-67 b",2.94000000,8.96000000,15.72590000000,0.1171000000,0.000000,5331.00,0.865000,0.778000,2013,"Transit",1131.19000000
"GJ 667 C c",1.77000000,3.80000000,28.14000000000,0.1250000000,0.020000,3350.00,0.330000,,2013,"Radial Velocity",7.24396000
"HAT-P-38 b",9.24700000,84.85700000,4.64038200000,0.0523000000,0.067000,5330.00,0.886000,0.923000,2012,"Transit",255.20600000
"OGLE-2011-BLG-0251L b",14.20000000,170.00000000,,2.7200000000,,,0.260000,,2012,"Microlensing",2570.00000000
"PH1 b",6.18000000,169.00000000,138.31700000000,0.6520000000,0.070200,6407.00,1.528000,1.734000,2012,"Transit",1033.16000000
"Kepler-415 b",1.21000000,119.90000000,4.17600000000,0.0426000000,0.000000,4362.00,0.670000,0.643000,2014,"Transit",530.48700000
"Kepler-338 c",2.34000000,6.08000000,24.31085600000,0.1720000000,0.030000,5923.00,1.105000,1.735000,2014,"Transit",552.79800000
"WASP-126 b",10.51358773,90.30000000,3.28883000000,0.0449000000,0.180000,5800.00,1.120000,1.270000,2016,"Transit",216.52600000
"Kepler-1544 b",1.78000000,3.82000000,168.81117400000,0.5446500000,0.000000,4886.00,0.810000,0.740000,2016,"Transit",335.09000000
"GJ 667 C e",1.45000000,2.70000000,62.24000000000,0.2130000000,0.020000,3350.00,0.330000,,2013,"Radial Velocity",7.24396000
"HD 207832 c",14.00000000,232.01590000,1155.70000000000,2.1120000000,0.270000,5710.00,0.940000,0.901000,2012,"Radial Velocity",58.92910000
"HAT-P-39 b",17.60900000,190.37200000,3.54387000000,0.0509000000,0.000000,6430.00,1.404000,1.625000,2012,"Transit",697.00400000
"HD 150706 b",13.30000000,772.32302901,5894.00000000000,6.7000000000,0.380000,5961.00,1.170000,0.960000,2012,"Radial Velocity",28.26970000
"HIP 57274 d",14.20000000,167.40000000,431.70000000000,1.0100000000,0.270000,4640.00,0.730000,0.680000,2011,"Radial Velocity",25.86180000
"Kepler-82 e",2.47000000,254.02000000,5.90220600000,0.0630000000,0.000000,5428.00,0.946000,0.945000,2014,"Transit",904.32600000
"Kepler-417 c",2.69000000,7.70000000,15.94300000000,0.1194000000,0.000000,5177.00,0.900000,0.806000,2014,"Transit",973.98900000
"CoRoT-2 b",16.43200000,1102.82000000,1.74299350000,0.0279800000,0.014300,5625.00,0.960000,0.906000,2008,"Transit",213.28300000
"TOI-1272 b",4.26000000,24.10000000,3.31597650000,0.0410000000,0.345000,4985.00,0.828000,0.800000,2022,"Transit",137.57200000
"Kepler-82 f",4.84000000,20.90000000,75.73200000000,0.3395000000,0.001400,5401.00,0.910000,0.898000,2019,"Transit Timing Variations",904.32600000
"TOI-1883 b",5.65000000,13.70000000,4.50800000000,0.0423000000,0.000000,3554.00,0.495000,0.506000,2024,"Transit",115.36900000
"Oph 11 b",12.30000000,4449.62000000,7300000.00000000000,243.0000000000,,2375.00,0.016000,0.232692,2006,"Imaging",136.16559197
"Kepler-338 d",3.00000000,9.27000000,44.43101400000,0.2570000000,0.030000,5923.00,1.105000,1.735000,2014,"Transit",552.79800000
"Kepler-418 b",13.45000000,349.61124770,86.67856000000,0.3924900000,0.200000,5820.00,0.980000,1.090000,2014,"Transit",1002.53000000
"DP Leo b",12.70000000,1995.88832000,10220.00000000000,8.1900000000,0.390000,13500.00,0.690000,0.011500,2009,"Eclipse Timing Variations",305.68400000
"Kepler-58 b",2.78000000,35.50000000,10.21849540000,0.0929100000,0.040000,5843.00,0.950000,1.030000,2012,"Transit",969.25200000
"Kepler-59 c",1.98000000,3.81000000,17.98012350000,0.1311400000,0.000000,6074.00,1.040000,0.940000,2012,"Transit",1163.22000000
"Kepler-130 c",2.90000000,8.75000000,27.50868000000,0.1780000000,0.000000,5879.00,1.000000,1.170000,2014,"Transit",316.66300000
"CoRoT-27 b",11.28700000,3302.11000000,3.57532000000,0.0476000000,0.065000,5900.00,1.050000,1.080000,2014,"Transit",1010.28000000
"HIP 105854 b",12.60000000,2606.10000000,184.20000000000,0.8100000000,0.020000,4780.00,2.100000,10.305119,2014,"Radial Velocity",78.63810000
"Kapteyn c",2.54000000,7.00000000,121.54000000000,0.3110000000,0.230000,3550.00,0.281000,0.291000,2014,"Radial Velocity",3.93305000
"2MASS J01225093-2439505 b",11.20900000,7786.50000000,,52.0000000000,,3530.00,0.400000,0.366450,2013,"Imaging",33.82810000
"Kepler-63 b",6.11000000,120.00000000,9.43415050000,0.0800000000,0.450000,5576.00,0.984000,0.901000,2013,"Transit",194.03300000
"Kepler-53 c",3.17000000,36.00000000,38.55830380000,0.2209100000,0.000000,5858.00,0.980000,0.890000,2012,"Transit",1366.07000000
"Kepler-54 c",1.23000000,0.70000000,12.07172490000,0.0809000000,0.000000,3705.00,0.510000,0.500000,2012,"Transit",271.70100000
"Kepler-83 c",2.36000000,2.03000000,20.09000000000,0.1179600000,0.000000,4082.00,0.660000,0.610000,2012,"Transit",400.40900000
"Kepler-81 b",2.42000000,17.20000000,5.95500000000,0.0522000000,0.000000,4385.00,0.640000,0.590000,2012,"Transit",348.29100000
"Kepler-55 c",2.21000000,69.80000000,42.15164180000,0.2095000000,0.000000,4362.00,0.620000,0.580000,2012,"Transit",578.79600000
"Kepler-59 b",1.10000000,4.10000000,11.86817070000,0.0994300000,0.000000,6074.00,1.040000,0.940000,2012,"Transit",1163.22000000
"HD 82943 b",13.50000000,534.25000000,441.47000000000,1.1830600000,0.162000,5935.00,1.080000,1.182600,2003,"Radial Velocity",27.59020000
"HD 154857 c",13.20000000,819.97000000,3452.00000000000,5.3600000000,0.060000,5605.00,1.718000,1.760000,2014,"Radial Velocity",63.44820000
"Kepler-62 d",1.95000000,14.00000000,18.16406000000,0.1200000000,0.000000,4925.00,0.690000,0.640000,2013,"Transit",300.87400000
"Kepler-62 b",1.31000000,9.00000000,5.71493200000,0.0553000000,0.000000,4925.00,0.690000,0.640000,2013,"Transit",300.87400000
"Kepler-83 b",2.83000000,2.94000000,9.77000000000,0.0729500000,0.000000,4082.00,0.660000,0.610000,2012,"Transit",400.40900000
"POTS-1 b",10.54800000,734.16000000,3.16062960000,0.0373400000,,4400.00,0.695000,0.588000,2013,"Transit",747.95900000
"Kepler-54 b",2.10000000,0.98000000,8.01094340000,0.0619000000,0.022000,3705.00,0.510000,0.500000,2012,"Transit",271.70100000
"Kepler-55 b",2.43000000,43.00000000,27.94814490000,0.1593000000,0.000000,4362.00,0.620000,0.580000,2012,"Transit",578.79600000
"HD 82943 c",13.40000000,622.60300000,220.07800000000,0.7434500000,0.366300,5935.00,1.080000,1.182600,2003,"Radial Velocity",27.59020000
"Kepler-413 b",4.34700000,67.00000000,66.26200000000,0.3553000000,0.118100,4700.00,0.820000,0.776100,2014,"Transit",847.53600000
"Kepler-61 b",2.15000000,5.27000000,59.87756000000,0.2486100000,0.250000,4017.00,0.635000,0.620000,2013,"Transit",335.07900000
"HAT-P-27 b",11.43000000,197.05000000,3.03957700000,0.0400000000,0.000000,5316.00,0.916000,0.864673,2011,"Transit",199.17300000
"Qatar-4 b",12.72221500,1938.76300000,1.80535640000,0.0280300000,0.000000,5215.00,0.896000,0.849000,2017,"Transit",329.03600000
"WTS-2 b",15.27786700,355.96960000,1.01870680000,0.0185500000,0.000000,5000.00,0.820000,0.752000,2014,"Transit",1030.76834437
"HD 4203 c",13.30000000,689.66000000,6700.00000000000,6.9500000000,0.240000,5582.00,0.990000,1.497950,2014,"Radial Velocity",81.37950000
"Kepler-193 c",2.75000000,8.00000000,50.69749400000,0.2860000000,0.000000,6335.00,1.051000,1.147000,2014,"Transit",1009.10000000
"Kepler-207 b",1.57000000,3.09000000,1.61186500000,0.0290000000,0.000000,5920.00,1.313000,1.588000,2014,"Transit",875.51900000
"Kepler-313 b",2.53000000,6.94000000,14.97041800000,0.1250000000,0.000000,5727.00,1.114000,1.536000,2014,"Transit",1079.39524871
"Kepler-120 c",1.53000000,2.96000000,12.79458500000,0.0880000000,0.000000,4096.00,0.654000,0.534000,2014,"Transit",388.63000000
"Kepler-238 e",5.60000000,169.70000000,23.65400000000,0.1728600000,0.000000,5800.00,1.060000,0.960000,2013,"Transit",1798.75000000
"Kepler-328 b",2.30000000,28.50000000,34.92100000000,0.2199000000,0.000000,6064.00,1.150000,1.060000,2013,"Transit",2213.19000000
"Kepler-280 b",1.45000000,2.70000000,2.13954200000,0.0320000000,0.000000,5744.00,0.962000,0.886000,2014,"Transit",780.36100000
"Kepler-275 c",3.38000000,11.40000000,16.08813400000,0.1320000000,0.000000,6165.00,1.189000,1.383000,2014,"Transit",2034.25000000
"Kepler-214 b",2.61000000,7.32000000,15.66054400000,0.1300000000,0.000000,6169.00,1.110000,1.352000,2014,"Transit",1208.44000000
"Kepler-219 c",3.58000000,12.50000000,22.71461300000,0.1650000000,0.000000,5786.00,1.164000,1.491000,2014,"Transit",787.07000000
"Kepler-331 b",1.82000000,3.97000000,8.45749600000,0.0650000000,0.000000,4347.00,0.653000,0.492000,2014,"Transit",580.11900000
"Kepler-340 c",3.37000000,11.30000000,22.82466900000,0.1780000000,0.000000,6620.00,1.650000,1.850000,2014,"Transit",808.76200000
"TOI-4438 b",2.40000000,4.11000000,7.44629500000,0.0523000000,0.070000,3501.00,0.345000,0.365000,2024,"Transit",30.03460000
"Kepler-293 b",3.07000000,9.64000000,19.25419600000,0.1440000000,0.000000,5804.00,0.934000,0.957000,2014,"Transit",974.63300000
"Kepler-291 b",2.16000000,5.31000000,3.54651100000,0.0470000000,0.000000,6002.00,1.023000,1.016000,2014,"Transit",1786.48000000
"Kepler-224 d",2.30000000,5.90000000,11.34939300000,0.0890000000,0.000000,5018.00,0.777000,0.676000,2014,"Transit",782.08800000
"Kepler-124 c",1.75000000,3.71000000,13.82137500000,0.1000000000,0.000000,4984.00,0.706000,0.636000,2014,"Transit",420.04600000
"DMPP-7 b",9.78000000,68.95800000,4.92666000000,0.0607000000,0.054000,6096.00,1.230000,1.490000,2026,"Radial Velocity",101.38600000
"HD 127195 b",14.00000000,212.94503269,534.50000000000,,0.040000,4981.00,1.340000,4.160000,2026,"Radial Velocity",84.71670000
"Kepler-111 b",1.58000000,3.12000000,3.34181500000,0.0460000000,0.000000,5952.00,1.171000,1.157000,2014,"Transit",657.22300000
"Kepler-148 c",3.60000000,12.60000000,4.18004300000,0.0500000000,0.000000,5272.00,0.860000,0.851000,2014,"Transit",791.16300000
"Kepler-179 b",1.64000000,3.33000000,2.73592600000,0.0360000000,0.000000,5302.00,0.893000,0.759000,2014,"Transit",605.68000000
"Kepler-290 c",2.70000000,7.75000000,36.77031000000,0.2050000000,0.000000,5147.00,0.756000,0.743000,2014,"Transit",694.62700000
"Kepler-302 c",12.45000000,,127.28218400000,0.5030000000,0.000000,5740.00,1.021000,1.220000,2014,"Transit",1402.58000000
"Kepler-226 b",1.55000000,24.00000000,3.94099700000,0.0470000000,0.000000,5571.00,0.904000,0.802000,2014,"Transit",980.13800000
"Kepler-333 b",1.32000000,28.20000000,12.55115800000,0.0870000000,0.000000,4259.00,0.601000,0.534000,2014,"Transit",324.41300000
"Kepler-343 b",2.41000000,6.39000000,8.96855000000,0.0880000000,0.000000,5807.00,1.055000,1.433000,2014,"Transit",927.19300000
"Kepler-197 d",1.22000000,1.98000000,15.67756300000,0.1190000000,0.030000,6004.00,0.857000,1.120000,2014,"Transit",330.57500000
"TOI-762 A b",8.33948164,79.77493016,3.47168260000,0.0341800000,0.083000,3266.00,0.442000,0.425000,2024,"Transit",98.44580000
"Kepler-125 b",2.37000000,6.21000000,4.16438900000,0.0410000000,0.000000,3810.00,0.542101,0.512000,2014,"Transit",183.36500000
"Kepler-306 c",2.35000000,6.12000000,7.24019300000,0.0670000000,0.000000,4954.00,0.750000,0.719000,2014,"Transit",775.67900000
"Kepler-53 d",2.12000000,166.50300000,9.75196200000,0.0910000000,0.000000,6085.00,0.966000,0.958000,2014,"Transit",1366.07000000
"Kepler-238 d",3.07000000,23.10000000,13.23354900000,0.1150000000,0.000000,5751.00,1.229000,1.430000,2014,"Transit",1798.75000000
"Kepler-127 d",2.64000000,7.46000000,48.63040800000,0.2800000000,0.030000,6106.00,1.248000,1.359000,2014,"Transit",352.79400000
"Kepler-222 c",4.64000000,19.40000000,10.08881000000,0.0910000000,0.000000,5433.00,0.933000,0.869000,2014,"Transit",758.85400000
"Kepler-257 d",4.95000000,21.70000000,24.66455100000,0.1600000000,0.000000,5180.00,0.916000,1.037000,2014,"Transit",780.25600000
"Kepler-308 b",2.12000000,5.14000000,9.69492800000,0.0900000000,0.000000,5895.00,0.920000,0.941000,2014,"Transit",1335.92000000
"Kepler-310 c",3.38000000,11.40000000,56.47542000000,0.2810000000,0.000000,5797.00,0.854000,0.876000,2014,"Transit",602.26800000
"Kepler-242 c",2.00000000,4.66000000,14.49648100000,0.1090000000,0.000000,5020.00,0.748000,0.850000,2014,"Transit",600.24100000
"Kepler-241 c",2.57000000,7.13000000,36.06597800000,0.1890000000,0.000000,4699.00,0.671000,0.668000,2014,"Transit",512.00000000
"Kepler-351 c",3.19000000,11.10000000,57.24809000000,0.2870000000,0.000000,5643.00,0.810000,0.854000,2014,"Transit",1083.91000000
"Kepler-341 c",1.70000000,3.53000000,8.01041000000,0.0800000000,0.000000,6012.00,0.976000,1.024000,2014,"Transit",1047.03000000
"Kepler-166 c",2.38000000,6.26000000,34.26028100000,0.1950000000,0.000000,5413.00,0.811000,0.742000,2014,"Transit",603.53000000
"Kepler-108 c",8.18000000,50.90000000,190.32349400000,0.7210000000,0.040000,5854.00,1.247000,2.192000,2014,"Transit",338.73200000
"Kepler-311 b",1.70000000,3.53000000,9.17609200000,0.0870000000,0.000000,5905.00,0.994000,1.188000,2014,"Transit",778.65400000
"Kepler-276 b",2.87000000,731.20900000,14.12841000000,0.1190000000,0.000000,6105.00,0.845000,1.046000,2014,"Transit",1144.86000000
"Kepler-254 c",2.15000000,3.20000000,12.41218300000,0.1050000000,0.000000,5957.00,0.849000,0.910000,2014,"Transit",1389.48000000
"Kepler-268 c",3.38000000,11.40000000,83.44639300000,0.3910000000,0.000000,6081.00,1.109000,1.274000,2014,"Transit",851.87000000
"Kepler-321 c",2.32000000,5.99000000,13.09392100000,0.1100000000,0.000000,5740.00,1.024000,1.194000,2014,"Transit",384.54200000
"Kepler-349 b",1.90000000,94.50000000,5.92977800000,0.0650000000,0.000000,5956.00,1.083000,0.927000,2014,"Transit",940.72400000
"Kepler-108 b",8.65000000,56.00000000,49.18392100000,0.2920000000,0.220000,5854.00,1.247000,2.192000,2014,"Transit",338.73200000
"Kepler-264 b",3.33000000,11.10000000,40.80623100000,0.2490000000,0.000000,6158.00,1.426000,1.550000,2014,"Transit",942.17300000
"Kepler-279 b",3.62000000,4180.93000000,12.30968100000,0.1120000000,0.000000,6363.00,1.200000,1.746000,2014,"Transit",1037.40000000
"Kepler-286 c",1.37000000,2.45000000,3.46809500000,0.0420000000,0.000000,5580.00,0.830000,0.863000,2014,"Transit",1226.85000000
"Kepler-171 c",2.56000000,7.08000000,11.46346200000,0.0980000000,0.000000,5642.00,0.978000,0.839000,2014,"Transit",863.85500000
"Kepler-238 b",1.73000000,3305.02000000,2.09087600000,0.0340000000,0.000000,5751.00,1.229000,1.430000,2014,"Transit",1798.75000000
"Kepler-329 c",1.93000000,4.38000000,18.68473700000,0.1130000000,0.000000,4257.00,0.602000,0.523000,2014,"Transit",439.71900000
"Kepler-345 c",1.20000000,2.20000000,9.38742700000,0.0770000000,0.000000,4504.00,0.610000,0.623000,2014,"Transit",260.00000000
"Kepler-263 b",2.67000000,7.61000000,16.56808700000,0.1200000000,0.000000,5265.00,0.793000,0.785000,2014,"Transit",754.74700000
"Kepler-268 b",2.55000000,7.04000000,25.93413800000,0.1800000000,0.000000,6081.00,1.109000,1.274000,2014,"Transit",851.87000000
"Kepler-287 b",2.33000000,83.00000000,20.34219900000,0.1450000000,0.000000,5806.00,0.963000,1.032000,2014,"Transit",835.86000000
"Kepler-290 b",2.25000000,5.69000000,14.58934700000,0.1100000000,0.000000,5147.00,0.756000,0.743000,2014,"Transit",694.62700000
"TOI-4409 b",7.44000000,14.93793513,92.49178900000,,0.036000,4928.00,0.763000,0.720000,2026,"Transit",179.41900000
"Kepler-148 b",1.80000000,3.89000000,1.72936600000,0.0280000000,0.000000,5272.00,0.860000,0.851000,2014,"Transit",791.16300000
"HD 13908 c",12.80000000,1630.40000000,931.00000000000,2.0300000000,0.120000,6255.00,1.290000,1.670000,2013,"Radial Velocity",79.55150000
"HD 159243 b",13.70000000,359.13000000,12.62000000000,0.1100000000,0.020000,6123.00,1.125000,1.120000,2013,"Radial Velocity",73.30550000
"Kepler-292 d",2.23000000,5.60000000,7.05567900000,0.0680000000,0.000000,5299.00,0.865000,0.826000,2014,"Transit",1056.48000000
"Kepler-297 c",6.54000000,42.10000000,74.92013700000,0.3360000000,0.000000,5619.00,0.927000,0.915000,2014,"Transit",692.14000000
"Kepler-150 e",3.12000000,9.91000000,30.82655700000,0.1890000000,0.000000,5560.00,0.956000,0.939000,2014,"Transit",891.09200000
"Kepler-178 c",2.88000000,8.65000000,20.55280200000,0.1420000000,0.000000,5676.00,0.852000,1.066000,2014,"Transit",716.02500000
"HD 73526 c",13.30000000,715.09000000,379.10000000000,1.0300000000,0.280000,5601.00,1.014000,1.530000,2005,"Radial Velocity",97.23960000
"HD 106906 b",12.40000000,3496.00000000,,650.0000000000,,6516.00,1.500000,2.123510,2013,"Imaging",103.02900000
"Kepler-267 b",1.98000000,37.90000000,3.35372800000,0.0370000000,0.000000,4258.00,0.541571,0.555000,2014,"Transit",264.99300000
"Kepler-273 b",1.50000000,2.86000000,2.93653200000,0.0370000000,0.000000,5626.00,0.756000,0.815000,2014,"Transit",713.96400000
"Kepler-306 b",1.52000000,2.92000000,4.64618600000,0.0500000000,0.000000,4954.00,0.750000,0.719000,2014,"Transit",775.67900000
"Kepler-309 c",2.51000000,6.85000000,105.35638300000,0.4010000000,0.000000,4713.00,0.816000,0.721000,2014,"Transit",544.56800000
"Kepler-207 c",1.50000000,2.86000000,3.07157100000,0.0440000000,0.000000,5920.00,1.313000,1.588000,2014,"Transit",875.51900000
"Kepler-224 b",1.39000000,2.51000000,3.13292400000,0.0380000000,0.000000,5018.00,0.777000,0.676000,2014,"Transit",782.08800000
"Kepler-265 c",2.63000000,7.41000000,17.02893700000,0.1270000000,0.000000,5835.00,0.970000,1.103000,2014,"Transit",1280.25000000
"Kepler-269 b",2.47000000,6.66000000,5.32671800000,0.0610000000,0.000000,5847.00,0.920000,0.959000,2014,"Transit",2257.32000000
"Kepler-119 c",0.92000000,0.72100000,4.12510300000,0.0490000000,0.000000,5595.00,0.918000,0.839000,2014,"Transit",701.99600000
"Kepler-130 b",1.02000000,1.04000000,8.45745800000,0.0790000000,0.150000,5884.00,0.927000,1.127000,2014,"Transit",316.66300000
"Kepler-235 e",2.22000000,5.56000000,46.18366900000,0.2130000000,0.000000,4255.00,0.581000,0.554000,2014,"Transit",428.01800000
"Kepler-228 b",1.53000000,2.96000000,2.56654600000,0.0380000000,0.000000,6043.00,1.006000,1.014000,2014,"Transit",1644.61000000
"Kepler-305 b",3.60000000,10.50000000,5.48700000000,0.0574600000,0.005000,5080.00,0.760000,0.800000,2013,"Transit",868.47700000
"Kepler-277 c",3.36000000,64.20000000,33.00600000000,0.2178100000,0.000000,5946.00,1.120000,1.690000,2013,"Transit",976.64300000
"Kepler-301 b",1.35000000,2.39000000,2.50855300000,0.0360000000,0.000000,5815.00,1.022000,0.900000,2014,"Transit",719.16600000
"Kepler-300 c",2.25000000,5.69000000,40.71495500000,0.2320000000,0.000000,5986.00,1.070000,0.900000,2014,"Transit",1098.45000000
"Kepler-133 b",1.76000000,3.75000000,8.12997600000,0.0830000000,0.000000,5736.00,1.020000,1.425000,2014,"Transit",653.60000000
"Kepler-152 c",2.39000000,6.30000000,88.25505500000,0.3560000000,0.000000,5088.00,0.779000,0.724000,2014,"Transit",441.09000000
"TIC 46432937 b",13.31626907,1017.05090240,1.44044527000,0.0206500000,0.009000,3572.00,0.563000,0.529900,2024,"Transit",90.53690000
"Kepler-138 e",0.79700000,0.43000000,38.23000000000,0.1803000000,0.112000,3841.00,0.535000,0.535000,2022,"Transit Timing Variations",66.86240000
"Kepler-299 c",2.65000000,7.51000000,6.88587500000,0.0700000000,0.000000,5617.00,1.004000,1.032000,2014,"Transit",1052.24000000
"Kepler-298 b",1.96000000,4.50000000,10.47546400000,0.0800000000,0.000000,4465.00,0.660000,0.582000,2014,"Transit",518.20400000
"Kepler-157 b",1.32000000,2.30000000,1.73234200000,0.0280000000,0.000000,5774.00,0.950000,1.044000,2014,"Transit",773.71300000
"Kepler-162 b",1.26000000,2.13000000,6.91979800000,0.0690000000,0.000000,5816.00,1.053000,0.958000,2014,"Transit",855.64100000
"Kepler-249 d",1.57000000,3.09000000,15.36845900000,0.0970000000,0.000000,3568.00,0.510238,0.482000,2014,"Transit",190.40100000
"Kepler-254 d",2.50000000,6.80000000,18.74647700000,0.1390000000,0.000000,5957.00,0.849000,0.910000,2014,"Transit",1389.48000000
"Kepler-114 c",1.60000000,2.80000000,8.04100000000,0.0648200000,0.000000,4660.00,0.560000,0.540000,2013,"Transit",259.53300000
"Kepler-145 b",2.65000000,37.10000000,22.95100000000,0.1730800000,0.430000,6022.00,1.320000,1.850000,2013,"Transit",566.85000000
"Kepler-295 b",1.22000000,1.98000000,12.64516400000,0.0990000000,0.000000,5603.00,0.890000,0.898000,2014,"Transit",1699.19000000
"Kepler-288 c",2.85000000,8.50000000,19.30577200000,0.1400000000,0.000000,5918.00,0.842000,1.091000,2014,"Transit",1194.15000000
"Kepler-286 d",1.33000000,2.33000000,5.91432300000,0.0610000000,0.000000,5580.00,0.830000,0.863000,2014,"Transit",1226.85000000
"Kepler-312 c",3.15000000,10.10000000,19.74741200000,0.1530000000,0.000000,6115.00,1.314000,1.467000,2014,"Transit",797.72000000
"Kepler-287 c",3.26000000,66.00000000,44.85189600000,0.2460000000,0.000000,5806.00,0.963000,1.032000,2014,"Transit",835.86000000
"Kepler-285 b",1.34000000,2.36000000,2.63386700000,0.0360000000,0.000000,5411.00,0.915000,0.808000,2014,"Transit",824.31000000
"Kepler-178 d",3.95000000,14.80000000,96.67898800000,0.3970000000,0.000000,5676.00,0.852000,1.066000,2014,"Transit",716.02500000
"Kepler-183 b",2.06000000,4.90000000,5.68794500000,0.0640000000,0.000000,5888.00,0.990000,0.958000,2014,"Transit",1050.64000000
"Kepler-315 b",3.77000000,13.70000000,96.10114100000,0.4020000000,0.000000,5796.00,0.831000,1.037000,2014,"Transit",1160.63000000
"Kepler-316 c",1.16000000,1.65000000,6.82776600000,0.0580000000,0.000000,4204.00,0.587000,0.520000,2014,"Transit",384.93800000
"Kepler-284 b",2.24000000,5.65000000,12.69914900000,0.1040000000,0.000000,5615.00,0.766000,0.814000,2014,"Transit",1031.95000000
"Kepler-281 c",5.31000000,161.12400000,36.33737300000,0.2150000000,0.000000,5723.00,0.950000,0.899000,2014,"Transit",1745.45000000
"Kepler-85 d",1.20000000,8.69679000,17.91323000000,0.1300000000,0.000000,5436.00,0.947000,0.893000,2014,"Transit",765.02500000
"Kepler-353 b",0.89000000,0.64000000,5.79527800000,0.0510000000,0.000000,3903.00,0.553000,0.504000,2014,"Transit",384.69400000
"Kepler-372 c",2.09000000,5.02000000,20.05376300000,0.1540000000,0.000000,6509.00,1.202000,1.137000,2014,"Transit",1493.95000000
"Kepler-374 c",1.10000000,1.37000000,3.28280700000,0.0420000000,0.000000,5977.00,1.033000,0.911000,2014,"Transit",1265.61000000
"Kepler-151 c",2.09000000,5.02000000,24.67461200000,0.1600000000,0.000000,5460.00,0.870000,0.830000,2014,"Transit",649.91900000
"Kepler-386 c",1.58000000,3.12000000,25.19345800000,0.1550000000,0.000000,5178.00,0.825000,0.767000,2014,"Transit",882.46200000
"Kepler-213 c",2.34000000,6.08000000,4.82296200000,0.0570000000,0.000000,5696.00,1.070000,1.195000,2014,"Transit",634.93900000
"Kepler-211 b",1.26000000,2.13000000,4.13857500000,0.0480000000,0.000000,5123.00,0.867000,0.816000,2014,"Transit",309.35300000
"Kepler-355 b",1.46000000,2.73000000,11.03189000000,0.1020000000,0.000000,6184.00,0.933000,1.066000,2014,"Transit",1432.17000000
"Kepler-356 b",1.57000000,3.09000000,4.61269600000,0.0570000000,0.000000,6133.00,1.163000,1.335000,2014,"Transit",707.55900000
"Kepler-355 c",2.71000000,7.80000000,25.76229400000,0.1790000000,0.000000,6184.00,0.933000,1.066000,2014,"Transit",1432.17000000
"Kepler-356 c",1.81000000,3.93000000,13.12163200000,0.1150000000,0.000000,6133.00,1.163000,1.335000,2014,"Transit",707.55900000
"Kepler-387 b",1.03000000,1.08000000,6.79163600000,0.0680000000,0.000000,5774.00,0.850000,1.046000,2014,"Transit",801.05200000
"Kepler-388 b",0.81000000,0.45700000,3.17331500000,0.0360000000,0.000000,4498.00,0.635000,0.586000,2014,"Transit",425.00000000
"Kepler-404 b",1.27000000,2.15000000,11.82985100000,0.1020000000,0.000000,5654.00,0.860000,0.884000,2014,"Transit",812.52400000
"Kepler-221 d",2.73000000,3.61000000,10.04156000000,0.0870000000,0.000000,5243.00,0.854000,0.821000,2014,"Transit",385.23100000
"Kepler-357 b",1.84000000,4.04000000,6.47543400000,0.0630000000,0.000000,5036.00,0.794000,0.834000,2014,"Transit",688.57300000
"Kepler-358 b",2.72000000,7.85000000,34.06046700000,0.2100000000,0.000000,5908.00,0.940000,0.954000,2014,"Transit",1101.10000000
"Kepler-376 c",1.79000000,3.86000000,14.17232700000,0.1150000000,0.000000,5900.00,0.968000,1.175000,2014,"Transit",923.06700000
"Kepler-378 b",0.75000000,0.34700000,16.09236100000,0.1120000000,0.000000,4661.00,0.780000,0.671000,2014,"Transit",152.09400000
"Kepler-389 b",1.51000000,2.89000000,3.24410700000,0.0410000000,0.000000,5376.00,0.765000,0.792000,2014,"Transit",816.55900000
"Kepler-118 b",1.96000000,4.50000000,7.51849600000,0.0730000000,0.000000,5274.00,0.811000,1.094000,2014,"Transit",574.22800000
"Kepler-359 b",3.53000000,12.20000000,25.56322200000,0.1780000000,0.000000,6248.00,0.827000,1.086000,2014,"Transit",1443.21000000
"Kepler-363 c",1.69000000,66.40000000,7.54242700000,0.0790000000,0.000000,5593.00,1.226000,1.485000,2014,"Transit",762.59600000
"Kepler-379 c",2.29000000,5.86000000,62.78469700000,0.3260000000,0.000000,6054.00,1.125000,1.306000,2014,"Transit",731.27400000
"Kepler-112 c",2.40000000,6.35000000,28.57426300000,0.1720000000,0.000000,5544.00,0.782000,0.841000,2014,"Transit",513.20600000
"Kepler-163 b",1.05000000,1.16000000,7.81093700000,0.0780000000,0.000000,5776.00,0.882000,0.917000,2014,"Transit",689.81400000
"Kepler-390 b",0.82000000,0.47700000,6.73808800000,0.0650000000,0.000000,5166.00,0.787000,0.776000,2014,"Transit",435.27700000
"Kepler-52 d",1.95000000,88.87750000,36.44517100000,0.1820000000,0.000000,4263.00,0.577000,0.556000,2014,"Transit",321.54200000
"Kepler-231 b",1.73000000,35.40000000,10.06527500000,0.0740000000,0.000000,3767.00,0.580000,0.490000,2014,"Transit",316.61800000
"Kepler-357 d",3.43000000,11.60000000,49.49987500000,0.2460000000,0.000000,5036.00,0.794000,0.834000,2014,"Transit",688.57300000
"Kepler-358 c",2.85000000,8.50000000,83.48836900000,0.3810000000,0.000000,5908.00,0.940000,0.954000,2014,"Transit",1101.10000000
"Kepler-139 b",2.94000000,7.00000000,15.77104400000,0.1270000000,0.000000,5594.00,1.078000,1.300000,2014,"Transit",391.03800000
"Kepler-172 d",2.25000000,5.69000000,14.62711900000,0.1180000000,0.000000,5526.00,1.081000,1.085000,2014,"Transit",828.59200000
"Kepler-237 b",1.41000000,2.57000000,4.71510600000,0.0500000000,0.000000,4861.00,0.696000,0.725000,2014,"Transit",657.82200000
"Kepler-235 c",1.28000000,2.18000000,7.82490400000,0.0650000000,0.000000,4255.00,0.581000,0.554000,2014,"Transit",428.01800000
"Kepler-363 b",1.16000000,1.65000000,3.61456800000,0.0480000000,0.000000,5593.00,1.226000,1.485000,2014,"Transit",762.59600000
"Kepler-272 b",1.43000000,78.00000000,2.97135300000,0.0380000000,0.000000,5297.00,0.910000,0.929000,2014,"Transit",889.60800000
"Kepler-353 c",1.38000000,2.48000000,8.41089400000,0.0650000000,0.000000,3903.00,0.553000,0.504000,2014,"Transit",384.69400000
"Kepler-359 c",4.30000000,2.90000000,57.68802000000,0.3070000000,0.000000,6248.00,0.827000,1.086000,2014,"Transit",1443.21000000
"Kepler-173 b",1.29000000,2.21000000,4.26374200000,0.0480000000,0.000000,6031.00,1.067000,0.949000,2014,"Transit",833.16500000
"Kepler-175 c",3.10000000,9.80000000,34.03525700000,0.2130000000,0.000000,6064.00,0.969000,1.010000,2014,"Transit",1312.34000000
"Kepler-141 c",1.41000000,2.57000000,7.01060600000,0.0670000000,0.000000,4910.00,0.878000,0.787000,2014,"Transit",301.18300000
"Kepler-239 c",2.51000000,6.85000000,56.22809800000,0.2680000000,0.000000,4914.00,0.757000,0.763000,2014,"Transit",648.10900000
"Kepler-367 c",1.20000000,1.87000000,53.57863700000,0.2530000000,0.000000,4710.00,0.768000,0.695000,2014,"Transit",188.02700000
"Kepler-143 c",3.37000000,11.30000000,27.08251100000,0.1810000000,0.000000,5848.00,0.982000,1.359000,2014,"Transit",809.46700000
"Kepler-360 b",1.65000000,3.36000000,3.28967200000,0.0440000000,0.000000,6053.00,0.994000,1.058000,2014,"Transit",876.04400000
"Kepler-49 e",1.56000000,1.03815000,18.59610800000,0.1160000000,0.000000,4252.00,0.549000,0.559000,2014,"Transit",311.22200000
"Kepler-140 b",1.61000000,3.22000000,3.25427000000,0.0450000000,0.000000,6077.00,1.044000,1.288000,2014,"Transit",583.85900000
"Kepler-392 b",1.00000000,0.97200000,5.34185300000,0.0590000000,0.000000,5938.00,0.874000,1.129000,2014,"Transit",681.42800000
"Kepler-122 b",2.34000000,6.08000000,5.76619300000,0.0640000000,0.000000,6050.00,0.982000,1.216000,2014,"Transit",1027.45000000
"Kepler-243 c",1.99000000,4.62000000,20.02621800000,0.1420000000,0.000000,5228.00,0.904000,0.842000,2014,"Transit",693.86000000
"Kepler-374 d",1.31000000,2.27000000,5.02821900000,0.0560000000,0.000000,5977.00,1.033000,0.911000,2014,"Transit",1265.61000000
"Kepler-375 b",1.45000000,2.70000000,12.12593400000,0.1010000000,0.000000,5826.00,0.891000,0.837000,2014,"Transit",1238.81000000
"Kepler-116 c",2.30000000,5.90000000,13.07163000000,0.1160000000,0.000000,6142.00,1.198000,1.454000,2014,"Transit",955.16800000
"Kepler-280 c",2.01000000,4.70000000,4.80709100000,0.0560000000,0.000000,5744.00,0.962000,0.886000,2014,"Transit",780.36100000
"TOI-3053 b",13.56286665,270.15414595,2.99199870000,0.0390000000,0.000000,5378.00,0.960000,0.970000,2026,"Transit",337.62700000
"Kepler-133 c",2.84000000,8.45000000,31.51758600000,0.2040000000,0.000000,5736.00,1.020000,1.425000,2014,"Transit",653.60000000
"Kepler-246 c",1.50000000,2.86000000,11.18716100000,0.0950000000,0.000000,5206.00,0.853000,0.831000,2014,"Transit",626.07800000
"Kepler-251 e",2.77000000,8.10000000,99.64016100000,0.4040000000,0.000000,5526.00,0.891000,0.890000,2014,"Transit",924.62500000
"Kepler-326 c",1.40000000,17.40000000,4.58035800000,0.0510000000,0.000000,5105.00,0.910000,0.801000,2014,"Transit",487.67500000
"K2-24 b",5.63800000,20.60000000,20.88959610000,0.1673000000,0.049800,5726.00,1.091000,1.185000,2016,"Transit",170.56200000
"Kepler-281 b",2.82000000,324.00000000,14.64600800000,0.1170000000,0.000000,5723.00,0.950000,0.899000,2014,"Transit",1745.45000000
"Kepler-288 b",1.67000000,3.43000000,6.09732600000,0.0650000000,0.000000,5918.00,0.842000,1.091000,2014,"Transit",1194.15000000
"Kepler-393 b",1.29000000,2.21000000,9.18241700000,0.0910000000,0.000000,6189.00,1.256000,1.382000,2014,"Transit",881.40400000
"Kepler-394 b",1.60000000,3.19000000,8.00501300000,0.0830000000,0.000000,6402.00,0.870000,1.132000,2014,"Transit",1058.72000000
"Kepler-26 e",2.41000000,6.39000000,46.82791500000,0.2200000000,0.000000,4486.00,0.593000,0.571000,2014,"Transit",335.30700000
"Kepler-255 b",1.55000000,3.02000000,5.71460600000,0.0630000000,0.000000,5573.00,0.867000,0.933000,2014,"Transit",1052.53000000
"Kepler-344 b",2.61000000,7.32000000,21.96394500000,0.1530000000,0.000000,5774.00,0.931000,0.976000,2014,"Transit",1002.94000000
"Kepler-342 b",2.25000000,5.69000000,15.17031800000,0.1280000000,0.000000,6175.00,1.213000,1.472000,2014,"Transit",781.61100000
"Kepler-291 c",1.88000000,4.19000000,5.70078600000,0.0650000000,0.000000,6002.00,1.023000,1.016000,2014,"Transit",1786.48000000
"Kepler-293 c",3.83000000,14.00000000,54.15574300000,0.2860000000,0.000000,5804.00,0.934000,0.957000,2014,"Transit",974.63300000
"Kepler-189 b",1.21000000,1.92000000,10.39993100000,0.0880000000,0.000000,5235.00,0.803000,0.750000,2014,"Transit",591.53400000
"Kepler-191 c",1.86000000,4.12000000,17.73850600000,0.1280000000,0.000000,5282.00,0.857000,0.789000,2014,"Transit",594.46400000
"Kepler-258 c",3.61000000,12.70000000,33.65307900000,0.1930000000,0.000000,4942.00,0.820000,0.915000,2014,"Transit",575.98800000
"Kepler-337 c",2.05000000,4.86000000,9.69320100000,0.0930000000,0.000000,5684.00,1.081000,1.761000,2014,"Transit",677.97500000
"Kepler-298 c",1.93000000,4.38000000,22.92881000000,0.1360000000,0.000000,4465.00,0.660000,0.582000,2014,"Transit",518.20400000
"Kepler-300 b",1.67000000,3.43000000,10.44634700000,0.0940000000,0.000000,5986.00,1.070000,0.900000,2014,"Transit",1098.45000000
"Kepler-137 b",1.47000000,2.76000000,8.43638700000,0.0770000000,0.000000,5187.00,0.850000,0.802000,2014,"Transit",302.97900000
"Kepler-261 c",2.00000000,4.66000000,24.57085800000,0.1560000000,0.000000,5098.00,0.834000,0.794000,2014,"Transit",317.49900000
"Kepler-265 b",1.86000000,4.12000000,6.84626200000,0.0690000000,0.000000,5835.00,0.970000,1.103000,2014,"Transit",1280.25000000
"Kepler-339 b",1.42000000,2.60000000,4.97765600000,0.0550000000,0.000000,5631.00,0.870000,0.802000,2014,"Transit",616.63700000
"Kepler-325 b",2.91000000,8.80000000,4.54443900000,0.0530000000,0.000000,5752.00,0.914000,1.003000,2014,"Transit",823.24200000
"Kepler-126 b",1.52000000,4.11726105,10.49571100000,0.0990000000,0.070000,6239.00,1.108000,1.358000,2014,"Transit",237.40100000
"Kepler-380 b",1.19000000,1.81000000,3.93082100000,0.0500000000,0.000000,6045.00,0.990000,1.224000,2014,"Transit",813.71300000
"Kepler-397 c",6.18000000,31.60000000,135.49852700000,0.4800000000,0.000000,5307.00,0.844000,0.767000,2014,"Transit",969.00000000
"Kepler-411 b",2.40100000,25.60000000,3.00515600000,0.0375000000,0.146000,4974.00,0.870000,0.820000,2013,"Transit",153.67600000
"TOI-2095 c",1.33000000,7.40000000,28.17232000000,0.1370000000,0.000000,3759.00,0.440000,0.440000,2023,"Transit",41.91760000
"Kepler-416 d",1.61000000,3.22000000,3.07644709000,0.0407000000,0.000000,5670.00,0.949000,1.022000,2023,"Transit",690.81900000
"TOI-4504 b",2.65000000,140.00000000,2.42615160000,0.0338000000,0.840000,5315.00,0.875000,0.930000,2024,"Transit",342.60500000
"Kepler-46 c",13.50000000,119.49900000,57.01100000000,0.2799000000,0.014600,5155.00,0.902000,0.938000,2012,"Transit Timing Variations",777.06000000
"Kepler-188 b",1.68000000,3.46000000,2.06189700000,0.0320000000,0.000000,6021.00,1.021000,1.141000,2014,"Transit",968.54400000
"Kepler-362 c",1.45000000,2.70000000,37.86628100000,0.2070000000,0.000000,5788.00,0.904000,0.722000,2014,"Transit",1090.51000000
"Kepler-136 c",1.99000000,4.62000000,16.39923500000,0.1330000000,0.000000,6165.00,1.204000,1.355000,2014,"Transit",420.81800000
"Kepler-381 c",1.12000000,1.46000000,13.39163500000,0.1170000000,0.000000,6152.00,1.144000,1.568000,2014,"Transit",267.32300000
"Kepler-398 b",0.93000000,0.74900000,4.08142300000,0.0440000000,0.000000,4493.00,0.649000,0.613000,2014,"Transit",177.35500000
"Kepler-136 b",2.05000000,19.80000000,11.57890000000,0.1060000000,0.000000,6165.00,1.204000,1.355000,2014,"Transit",420.81800000
"Kepler-272 d",2.25000000,5.69000000,10.93730400000,0.0910000000,0.000000,5297.00,0.910000,0.929000,2014,"Transit",889.60800000
"Kepler-206 d",1.19000000,1.81000000,23.44281000000,0.1630000000,0.000000,5764.00,0.957000,1.185000,2014,"Transit",594.44700000
"Kepler-141 b",0.69000000,0.25700000,3.10767500000,0.0390000000,0.000000,4910.00,0.878000,0.787000,2014,"Transit",301.18300000
"Kepler-399 d",1.89000000,4.23000000,58.03461600000,0.2610000000,0.000000,5502.00,0.902000,0.680000,2014,"Transit",740.53700000
"Kepler-400 b",1.65000000,3.36000000,9.02438900000,0.0870000000,0.000000,5886.00,1.080000,1.145000,2014,"Transit",845.97000000
"Kepler-366 b",1.46000000,2.73000000,3.28195900000,0.0450000000,0.000000,6209.00,1.088000,1.048000,2014,"Transit",1856.28000000
"Kepler-367 b",1.30000000,2.24000000,37.81572400000,0.2010000000,0.000000,4710.00,0.768000,0.695000,2014,"Transit",188.02700000
"Kepler-135 b",1.81000000,3.93000000,6.00253000000,0.0670000000,0.000000,6090.00,1.047000,1.275000,2014,"Transit",621.85500000
"Kepler-383 b",1.32000000,2.30000000,12.90453200000,0.0950000000,0.000000,4710.00,0.669000,0.672000,2014,"Transit",470.00000000
"Kepler-401 b",1.71000000,3.57000000,14.38303500000,0.1220000000,0.000000,6117.00,1.173000,1.333000,2014,"Transit",965.56000000
"Kepler-402 c",1.56000000,3.05000000,6.12482100000,0.0680000000,0.000000,6090.00,1.072000,1.264000,2014,"Transit",625.33900000
"Kepler-351 b",3.06000000,4.80000000,37.05491900000,0.2140000000,0.000000,5643.00,0.810000,0.854000,2014,"Transit",1083.91000000
"Kepler-350 b",1.85000000,16.90000000,11.18956200000,0.1040000000,0.000000,6186.00,1.190000,1.534000,2014,"Transit",956.85900000
"Kepler-369 c",1.41000000,2.57000000,14.87157200000,0.0940000000,0.000000,3591.00,0.500000,0.471000,2014,"Transit",214.00000000
"Kepler-371 b",1.89000000,4.23000000,34.76327800000,0.2000000000,0.000000,5666.00,0.876000,0.992000,2014,"Transit",813.19200000
"Kepler-147 b",1.53000000,2.96000000,12.61058400000,0.1130000000,0.000000,6012.00,1.145000,1.468000,2014,"Transit",1042.02000000
"Kepler-132 d",1.55000000,3.02000000,18.01019900000,0.1360000000,0.000000,6003.00,0.929000,1.178000,2014,"Transit",349.54900000
"Kepler-200 c",1.59000000,3.15000000,10.22215700000,0.0900000000,0.000000,5678.00,0.972000,0.944000,2014,"Transit",665.91200000
"Kepler-215 e",1.75000000,3.71000000,68.16101000000,0.3140000000,0.000000,5739.00,0.788000,1.027000,2014,"Transit",485.99700000
"Kepler-347 c",1.75000000,3.71000000,27.32087100000,0.1830000000,0.000000,6088.00,0.922000,1.005000,2014,"Transit",1298.88000000
"Kepler-202 b",1.63000000,3.29000000,4.06942700000,0.0450000000,0.000000,4668.00,0.683000,0.667000,2014,"Transit",285.11100000
"Kepler-84 f",2.20000000,5.48000000,44.55216900000,0.2500000000,0.000000,6031.00,1.060000,1.169000,2014,"Transit",1023.90000000
"Kepler-310 b",1.19000000,1.81000000,13.93069800000,0.1110000000,0.000000,5797.00,0.854000,0.876000,2014,"Transit",602.26800000
"Kepler-270 c",1.77000000,3.78000000,25.26288700000,0.1800000000,0.000000,6067.00,1.170000,1.461000,2014,"Transit",948.78100000
"Kepler-24 d",1.67000000,293.95900000,4.24438400000,0.0510000000,0.000000,5897.00,1.046000,1.289000,2014,"Transit",1156.81000000
"Kepler-217 c",1.85000000,4.08000000,8.58600400000,0.0890000000,0.000000,6171.00,1.342000,1.799000,2014,"Transit",1104.64000000
"Kepler-220 e",1.33000000,2.33000000,45.90273300000,0.2260000000,0.000000,4632.00,0.729000,0.666000,2014,"Transit",171.10900000
"Kepler-313 c",2.57000000,7.13000000,32.27327300000,0.2080000000,0.000000,5727.00,1.114000,1.536000,2014,"Transit",1079.39524871
"Kepler-311 c",1.43000000,2.63000000,19.73828600000,0.1450000000,0.000000,5905.00,0.994000,1.188000,2014,"Transit",778.65400000
"Kepler-282 c",1.20000000,1.87000000,13.63872300000,0.1060000000,0.000000,5602.00,0.860000,0.904000,2014,"Transit",1337.61000000
"Kepler-286 e",1.77000000,3.78000000,29.22128900000,0.1760000000,0.000000,5580.00,0.830000,0.863000,2014,"Transit",1226.85000000
"Kepler-204 b",2.53000000,6.94000000,14.40097400000,0.1170000000,0.000000,5812.00,1.038000,1.238000,2014,"Transit",686.72300000
"Kepler-359 d",4.01000000,2.70000000,77.09569100000,0.3720000000,0.000000,6248.00,0.827000,1.086000,2014,"Transit",1443.21000000
"Kepler-314 b",0.83000000,0.49800000,2.46106900000,0.0350000000,0.000000,5378.00,0.990000,0.950000,2014,"Transit",268.88100000
"Kepler-316 b",1.06000000,1.20000000,2.24050800000,0.0270000000,0.000000,4204.00,0.587000,0.520000,2014,"Transit",384.93800000
"Kepler-288 d",2.67000000,7.61000000,56.63374200000,0.2870000000,0.000000,5918.00,0.842000,1.091000,2014,"Transit",1194.15000000
"Kepler-149 b",4.21000000,16.50000000,29.19894300000,0.1840000000,0.000000,5381.00,1.013000,0.953000,2014,"Transit",571.03400000
"Kepler-372 b",1.36000000,2.42000000,6.84969200000,0.0750000000,0.000000,6509.00,1.202000,1.137000,2014,"Transit",1493.95000000
"Kepler-205 b",1.51000000,2.89000000,2.75564000000,0.0320000000,0.000000,4321.00,0.592000,0.546000,2014,"Transit",159.72000000
"Kepler-361 b",1.45000000,2.70000000,8.48661600000,0.0860000000,0.000000,6169.00,1.191000,1.343000,2014,"Transit",930.32000000
"Kepler-317 c",1.72000000,3.61000000,8.77501000000,0.0830000000,0.000000,5497.00,0.865000,0.941000,2014,"Transit",940.58400000
"Kepler-319 d",2.29000000,5.86000000,31.78192500000,0.1910000000,0.000000,5526.00,0.933000,0.903000,2014,"Transit",503.43600000
"Kepler-295 d",1.36000000,2.42000000,33.88405400000,0.1920000000,0.000000,5603.00,0.890000,0.898000,2014,"Transit",1699.19000000
"Kepler-308 c",2.16000000,5.31000000,15.38231000000,0.1230000000,0.000000,5895.00,0.920000,0.941000,2014,"Transit",1335.92000000
"Kepler-234 b",3.70000000,13.20000000,2.71150600000,0.0400000000,0.000000,6224.00,1.129000,1.113000,2014,"Transit",1733.10000000
"Kepler-378 c",0.70000000,0.27100000,28.90600900000,0.1660000000,0.000000,4661.00,0.780000,0.671000,2014,"Transit",152.09400000
"Kepler-321 b",1.77000000,3.78000000,4.91537900000,0.0570000000,0.000000,5740.00,1.024000,1.194000,2014,"Transit",384.54200000
"Kepler-322 b",1.01000000,1.01000000,1.65388800000,0.0270000000,0.000000,5388.00,0.908000,0.890000,2014,"Transit",400.48000000
"Kepler-397 b",2.46000000,6.62000000,22.25094900000,0.1440000000,0.000000,5307.00,0.844000,0.767000,2014,"Transit",969.00000000
"Kepler-198 b",2.82000000,8.35000000,17.79003700000,0.1310000000,0.000000,5574.00,0.995000,0.940000,2014,"Transit",495.35800000
"Kepler-386 b",1.39000000,2.51000000,12.31043000000,0.0960000000,0.000000,5178.00,0.825000,0.767000,2014,"Transit",882.46200000
"Kepler-206 c",1.77000000,3.78000000,13.13747100000,0.1110000000,0.000000,5764.00,0.957000,1.185000,2014,"Transit",594.44700000
"Kepler-173 c",2.43000000,6.48000000,8.00577700000,0.0740000000,0.000000,6031.00,1.067000,0.949000,2014,"Transit",833.16500000
"Kepler-250 b",1.13000000,1.51000000,4.14814100000,0.0480000000,0.000000,5160.00,0.806000,0.805000,2014,"Transit",760.58500000
"Kepler-325 c",2.54000000,6.99000000,12.76217200000,0.1050000000,0.000000,5752.00,0.914000,1.003000,2014,"Transit",823.24200000
"Kepler-157 c",2.24000000,5.65000000,13.54050000000,0.1100000000,0.000000,5774.00,0.950000,1.044000,2014,"Transit",773.71300000
"Kepler-392 c",1.10000000,1.37000000,10.42311800000,0.0930000000,0.000000,5938.00,0.874000,1.129000,2014,"Transit",681.42800000
"Kepler-365 c",1.64000000,3.33000000,17.78412900000,0.1370000000,0.000000,6012.00,1.020000,1.048000,2014,"Transit",1038.99000000
"Kepler-243 b",2.45000000,6.57000000,5.71544200000,0.0620000000,0.000000,5228.00,0.904000,0.842000,2014,"Transit",693.86000000
"Kepler-402 e",1.46000000,2.73000000,11.24286100000,0.1020000000,0.000000,6090.00,1.072000,1.264000,2014,"Transit",625.33900000
"Kepler-402 d",1.38000000,2.48000000,8.92109900000,0.0870000000,0.000000,6090.00,1.072000,1.264000,2014,"Transit",625.33900000
"Kepler-147 c",2.43000000,6.48000000,33.41642300000,0.2160000000,0.000000,6012.00,1.145000,1.468000,2014,"Transit",1042.02000000
"Kepler-183 c",2.27000000,35.70000000,11.63707100000,0.1030000000,0.000000,5888.00,0.990000,0.958000,2014,"Transit",1050.64000000
"Kepler-244 b",2.76000000,8.05000000,4.31179200000,0.0500000000,0.000000,5554.00,0.933000,0.803000,2014,"Transit",1036.49000000
"Kepler-209 b",2.26000000,5.73000000,16.08784500000,0.1220000000,0.000000,5513.00,0.971000,0.935000,2014,"Transit",576.94600000
"Kepler-127 b",1.40000000,2.54000000,14.43588900000,0.1250000000,0.470000,6106.00,1.248000,1.359000,2014,"Transit",352.79400000
"Kepler-403 c",1.75000000,3.71000000,54.28074900000,0.2970000000,0.000000,6090.00,1.299000,1.329000,2014,"Transit",840.26900000
"Kepler-376 b",1.07000000,1.24000000,4.92019900000,0.0570000000,0.000000,5900.00,0.968000,1.175000,2014,"Transit",923.06700000
"Kepler-331 c",1.84000000,4.04000000,17.28111000000,0.1050000000,0.000000,4347.00,0.653000,0.492000,2014,"Transit",580.11900000
"Kepler-256 e",2.35000000,6.12000000,10.68157200000,0.0960000000,0.000000,5551.00,1.037000,1.301000,2014,"Transit",1026.43000000
"Kepler-209 c",3.10000000,9.80000000,41.74988200000,0.2310000000,0.000000,5513.00,0.971000,0.935000,2014,"Transit",576.94600000
"Kepler-229 d",3.85000000,14.20000000,41.19491200000,0.2200000000,0.000000,5120.00,0.808000,0.728000,2014,"Transit",826.26500000
"Kepler-237 c",2.08000000,4.98000000,8.10363600000,0.0710000000,0.000000,4861.00,0.696000,0.725000,2014,"Transit",657.82200000
"Kepler-383 c",1.24000000,2.07000000,31.20075100000,0.1720000000,0.000000,4710.00,0.669000,0.672000,2014,"Transit",470.00000000
"Kepler-333 c",1.11000000,1.41000000,24.08821000000,0.1350000000,0.000000,4259.00,0.601000,0.534000,2014,"Transit",324.41300000
"Kepler-334 d",1.41000000,2.57000000,25.09849000000,0.1680000000,0.000000,5828.00,1.022000,1.068000,2014,"Transit",426.59000000
"Kepler-156 c",2.55000000,7.04000000,15.90680100000,0.1170000000,0.000000,5094.00,0.864000,0.807000,2014,"Transit",443.48300000
"Kepler-405 c",4.66000000,19.60000000,29.72668200000,0.1880000000,0.000000,5818.00,0.873000,0.893000,2014,"Transit",1065.08000000
"Kepler-274 c",1.84000000,4.04000000,33.19786100000,0.2040000000,0.000000,6023.00,0.883000,1.007000,2014,"Transit",1333.62000000
"Kepler-315 c",4.15000000,16.10000000,265.46933500000,0.7910000000,0.000000,5796.00,0.831000,1.037000,2014,"Transit",1160.63000000
"Kepler-387 c",0.89000000,0.64000000,11.83754900000,0.0980000000,0.000000,5774.00,0.850000,1.046000,2014,"Transit",801.05200000
"Kepler-388 c",0.86000000,0.56600000,13.29700400000,0.0930000000,0.000000,4498.00,0.635000,0.586000,2014,"Transit",425.00000000
"Kepler-337 b",1.54000000,2.99000000,3.29278100000,0.0450000000,0.000000,5684.00,1.081000,1.761000,2014,"Transit",677.97500000
"Kepler-134 c",1.26000000,2.13000000,10.10578500000,0.0920000000,0.000000,5983.00,0.956000,1.176000,2014,"Transit",334.79700000
"Kepler-140 c",1.80000000,3.89000000,91.35328200000,0.4140000000,0.000000,6077.00,1.044000,1.288000,2014,"Transit",583.85900000
"Kepler-159 b",2.38000000,6.26000000,10.13962300000,0.0820000000,0.000000,4625.00,0.628000,0.663000,2014,"Transit",373.74400000
"Kepler-320 c",1.37000000,2.45000000,17.93493700000,0.1420000000,0.000000,6435.00,1.072000,1.108000,2014,"Transit",826.61300000
"Kepler-292 c",1.47000000,2.76000000,3.71533500000,0.0450000000,0.000000,5299.00,0.865000,0.826000,2014,"Transit",1056.48000000
"Kepler-82 b",4.07000000,12.15000000,26.44000000000,0.1683000000,0.003300,5401.00,0.910000,0.898000,2012,"Transit",904.32600000
"Kepler-122 c",5.87000000,29.00000000,12.46598800000,0.1080000000,0.000000,6050.00,0.982000,1.216000,2014,"Transit",1027.45000000
"Kepler-149 c",1.61000000,3.22000000,55.32832800000,0.2810000000,0.000000,5381.00,1.013000,0.953000,2014,"Transit",571.03400000
"Kepler-164 b",1.41000000,2.57000000,5.03503000000,0.0580000000,0.000000,5888.00,1.036000,1.148000,2014,"Transit",890.75800000
"Kepler-320 b",1.14000000,1.55000000,8.37155400000,0.0850000000,0.000000,6435.00,1.072000,1.108000,2014,"Transit",826.61300000
"Kepler-338 e",1.56000000,8.50000000,9.34100000000,0.0897900000,0.050000,5999.00,1.140000,1.735000,2014,"Transit",552.79800000
"Kepler-395 b",1.03000000,1.08000000,7.05434600000,0.0610000000,0.000000,4262.00,0.622827,0.556000,2014,"Transit",421.38200000
"Kepler-341 d",1.85000000,4.08000000,27.66631300000,0.1820000000,0.000000,6012.00,0.976000,1.024000,2014,"Transit",1047.03000000
"Kepler-341 e",1.99000000,4.62000000,42.47326900000,0.2420000000,0.000000,6012.00,0.976000,1.024000,2014,"Transit",1047.03000000
"Kepler-169 b",1.13000000,1.51000000,3.25061900000,0.0400000000,0.000000,4997.00,0.825000,0.763000,2014,"Transit",406.52900000
"Kepler-169 f",2.58000000,7.18000000,87.09019500000,0.3590000000,0.000000,4997.00,0.825000,0.763000,2014,"Transit",406.52900000
"Kepler-332 c",1.09000000,1.32000000,15.99562200000,0.1140000000,0.000000,4955.00,0.743000,0.720000,2014,"Transit",344.19000000
"Kepler-143 b",2.41000000,6.39000000,16.00758300000,0.1270000000,0.000000,5848.00,0.982000,1.359000,2014,"Transit",809.46700000
"Kepler-299 b",1.32000000,2.30000000,2.92712800000,0.0400000000,0.000000,5617.00,1.004000,1.032000,2014,"Transit",1052.24000000
"Kepler-301 c",1.35000000,2.39000000,5.41902600000,0.0600000000,0.000000,5815.00,1.022000,0.900000,2014,"Transit",719.16600000
"Kepler-342 d",2.49000000,6.76000000,39.45935700000,0.2420000000,0.000000,6175.00,1.213000,1.472000,2014,"Transit",781.61100000
"Kepler-233 c",2.71000000,7.80000000,60.41895500000,0.2870000000,0.000000,5360.00,0.855000,0.758000,2014,"Transit",856.41700000
"Kepler-171 d",1.89000000,4.23000000,39.59551900000,0.2230000000,0.000000,5642.00,0.978000,0.839000,2014,"Transit",863.85500000
"HD 60779 b",3.24600000,14.19000000,29.98617500000,0.1922000000,0.031000,6081.00,1.050000,1.129000,2026,"Transit",35.44450000
"Kepler-335 c",3.07000000,9.64000000,67.84446900000,0.3560000000,0.000000,5877.00,1.367000,1.854000,2014,"Transit",1278.97000000
"Kepler-332 d",1.18000000,1.76000000,34.21154000000,0.1890000000,0.000000,4955.00,0.743000,0.720000,2014,"Transit",344.19000000
"Kepler-262 b",1.36000000,2.42000000,13.06085500000,0.1080000000,0.000000,5841.00,0.816000,0.881000,2014,"Transit",613.12900000
"Kepler-263 c",2.47000000,6.66000000,47.33277300000,0.2420000000,0.000000,5265.00,0.793000,0.785000,2014,"Transit",754.74700000
"Kepler-191 b",1.34000000,2.36000000,9.93963200000,0.0870000000,0.000000,5282.00,0.857000,0.789000,2014,"Transit",594.46400000
"Kepler-197 e",0.91000000,0.69300000,25.20971500000,0.1640000000,0.380000,6004.00,0.857000,1.120000,2014,"Transit",330.57500000
"Kepler-200 b",2.13000000,5.18000000,8.59480500000,0.0800000000,0.000000,5678.00,0.972000,0.944000,2014,"Transit",665.91200000
"Kepler-201 b",2.46000000,6.62000000,25.67208300000,0.1750000000,0.000000,6065.00,1.098000,1.229000,2014,"Transit",636.44500000
"Kepler-84 e",2.60000000,7.27000000,27.43438900000,0.1810000000,0.000000,6031.00,1.060000,1.169000,2014,"Transit",1023.90000000
"Kepler-265 e",2.59000000,7.22000000,67.83102400000,0.3190000000,0.000000,5835.00,0.970000,1.103000,2014,"Transit",1280.25000000
"Kepler-24 e",2.78000000,26.21180000,18.99835500000,0.1380000000,0.000000,5897.00,1.046000,1.289000,2014,"Transit",1156.81000000
"Kepler-441 b",1.64000000,3.33000000,207.24820000000,0.6400000000,0.100000,4340.00,0.572000,0.550000,2015,"Transit",268.00300000
"Kepler-253 c",2.65000000,7.51000000,10.28195100000,0.0890000000,0.000000,5208.00,0.860000,0.786000,2014,"Transit",838.59500000
"Kepler-214 c",2.13000000,5.18000000,28.77980000000,0.1940000000,0.000000,6169.00,1.110000,1.352000,2014,"Transit",1208.44000000
"Kepler-170 c",2.86000000,8.55000000,16.66586300000,0.1310000000,0.000000,5679.00,1.066000,1.035000,2014,"Transit",738.65700000
"Kepler-205 c",1.64000000,3.33000000,20.30654600000,0.1220000000,0.000000,4321.00,0.592000,0.546000,2014,"Transit",159.72000000
"CoRoT-22 b",4.88000000,12.20000000,9.75598000000,0.0920000000,0.077000,5939.00,1.099000,1.136000,2014,"Transit",627.15800000
"Kepler-437 b",2.14000000,5.22000000,66.65062000000,0.2880000000,0.020000,4551.00,0.707000,0.680000,2015,"Transit",304.00000000
"Kepler-192 b",2.74000000,7.95000000,9.92674600000,0.0900000000,0.000000,5479.00,1.028000,1.007000,2014,"Transit",651.67400000
"Kepler-254 b",3.87000000,14.30000000,5.82666200000,0.0640000000,0.000000,5957.00,0.849000,0.910000,2014,"Transit",1389.48000000
"Kepler-196 c",2.24000000,5.65000000,47.42773700000,0.2400000000,0.000000,5128.00,0.839000,0.782000,2014,"Transit",451.31200000
"Kepler-101 b",5.77000000,51.10000000,3.48768120000,0.0474000000,0.086000,5667.00,1.170000,1.560000,2014,"Transit",927.98100000
"Kepler-439 b",2.24000000,5.65000000,178.13960000000,0.5630000000,0.030000,5431.00,0.884000,0.866000,2015,"Transit",757.04800000
"Kepler-256 c",2.15000000,5.27000000,3.38802000000,0.0450000000,0.000000,5551.00,1.037000,1.301000,2014,"Transit",1026.43000000
"Kepler-216 c",3.04000000,9.48000000,17.40666900000,0.1360000000,0.000000,6091.00,1.126000,1.260000,2014,"Transit",1187.47000000
"Kepler-184 c",1.97000000,8.80000000,20.30300500000,0.1410000000,0.000000,5788.00,0.872000,0.873000,2014,"Transit",610.32600000
"KIC 10001893 d",,,0.81161000000,,,27500.00,0.470000,0.180000,2014,"Orbital Brightness Modulation",1672.94000000
"KIC 10001893 b",,,0.21970000000,,,27500.00,0.470000,0.180000,2014,"Orbital Brightness Modulation",1672.94000000
"HD 113538 c",13.80000000,295.57000000,1818.00000000000,2.4400000000,0.200000,4462.00,0.585000,0.530000,2010,"Radial Velocity",16.28170000
"HD 30669 b",14.30000000,149.37000000,1684.00000000000,2.6900000000,0.180000,5400.00,0.920000,0.910000,2014,"Radial Velocity",58.08440000
"Kepler-217 b",2.23000000,5.60000000,5.37494300000,0.0650000000,0.000000,6171.00,1.342000,1.799000,2014,"Transit",1104.64000000
"Kepler-83 d",1.94000000,4.10000000,5.16979600000,0.0510000000,0.000000,4648.00,0.580000,0.594000,2014,"Transit",400.40900000
"Kepler-253 d",3.17000000,10.20000000,18.11986900000,0.1300000000,0.000000,5208.00,0.860000,0.786000,2014,"Transit",838.59500000
"Kepler-424 c",12.70000000,2215.18000000,223.30000000000,0.7300000000,,5460.00,1.010000,0.940000,2014,"Radial Velocity",698.64600000
"Kepler-422 b",12.89000000,136.66000000,7.89144830000,0.0820000000,0.000000,5972.00,1.150000,1.240000,2014,"Transit",722.79500000
"Kepler-445 c",2.51000000,6.85000000,4.87122900000,0.0301000000,0.000000,3157.00,0.180000,0.210000,2015,"Transit",127.20100000
"Kepler-446 b",1.50000000,2.86000000,1.56540900000,0.0182000000,0.000000,3359.00,0.220000,0.240000,2015,"Transit",96.33900000
"Kepler-259 b",2.80000000,8.25000000,8.11531700000,0.0790000000,0.000000,5938.00,0.867000,0.898000,2014,"Transit",1002.14000000
"Kepler-193 b",2.39000000,6.30000000,11.38848000000,0.1060000000,0.000000,6335.00,1.051000,1.147000,2014,"Transit",1009.10000000
"Kepler-215 b",1.62000000,3.26000000,9.36067200000,0.0840000000,0.000000,5739.00,0.788000,1.027000,2014,"Transit",485.99700000
"Kepler-192 c",2.79000000,8.20000000,21.22340000000,0.1500000000,0.000000,5479.00,1.028000,1.007000,2014,"Transit",651.67400000
"Kepler-426 b",12.22000000,108.06000000,3.21751883000,0.0414000000,0.180000,5725.00,0.910000,0.920000,2014,"Transit",843.69500000
"Kepler-424 b",9.98000000,327.35000000,3.31186440000,0.0440000000,0.000000,5460.00,1.010000,0.940000,2014,"Transit",698.64600000
"Kepler-427 b",13.79000000,92.17000000,10.29099400000,0.0910000000,0.570000,5800.00,0.960000,1.350000,2014,"Transit",1017.80000000
"HD 103720 b",14.10000000,197.04600000,4.55570000000,0.0498000000,0.086000,5017.00,0.794000,0.730000,2014,"Radial Velocity",45.53520000
"Kepler-434 b",12.67000000,908.96000000,12.87470990000,0.1143000000,0.131000,5977.00,1.198000,1.380000,2015,"Transit",1222.54000000
"Kepler-221 c",2.93000000,9.30000000,5.69058600000,0.0590000000,0.000000,5243.00,0.854000,0.821000,2014,"Transit",385.23100000
"Kepler-222 b",3.16000000,10.10000000,3.93698100000,0.0480000000,0.000000,5433.00,0.933000,0.869000,2014,"Transit",758.85400000
"Kepler-94 c",12.50000000,3126.00000000,820.30000000000,1.5968066210,0.345931,4781.00,0.810000,0.760000,2014,"Radial Velocity",191.90400000
"Kepler-48 e",13.40000000,657.00000000,982.00000000000,1.8982747480,0.003142,5194.00,0.880000,0.890000,2014,"Radial Velocity",306.73800000
"Kepler-428 b",12.11000000,403.63000000,3.52563254000,0.0433000000,0.220000,5150.00,0.870000,0.800000,2014,"Transit",686.28400000
"Kepler-425 b",10.96200000,79.45000000,3.79701816000,0.0464000000,0.330000,5170.00,0.930000,0.860000,2014,"Transit",646.64700000
"Kepler-224 c",3.12000000,9.91000000,5.92500300000,0.0580000000,0.000000,5018.00,0.777000,0.676000,2014,"Transit",782.08800000
"Kepler-407 c",12.30000000,4000.00000000,3000.00000000000,3.2709036900,0.221479,5476.00,1.000000,1.010000,2014,"Radial Velocity",338.36800000
"Kepler-106 c",2.50000000,10.44000000,13.57080000000,0.1098700000,0.000000,5858.00,1.000000,1.040000,2014,"Transit",444.32200000
"TYC 1422-614-1 b",13.30000000,794.50000000,198.40000000000,0.6900000000,0.060000,4806.00,1.150000,6.850000,2014,"Radial Velocity",672.41000000
"TYC 1422-614-1 c",12.50000000,3178.00000000,559.30000000000,1.3700000000,0.048000,4806.00,1.150000,6.850000,2014,"Radial Velocity",672.41000000
"Kepler-445 b",1.58000000,3.12000000,2.98415100000,0.0217000000,0.000000,3157.00,0.180000,0.210000,2015,"Transit",127.20100000
"Kepler-446 d",1.35000000,2.39000000,5.14892100000,0.0403000000,0.000000,3359.00,0.220000,0.240000,2015,"Transit",96.33900000
"Kepler-164 c",2.73000000,7.90000000,10.94572300000,0.0970000000,0.000000,5888.00,1.036000,1.148000,2014,"Transit",890.75800000
"Kepler-165 b",2.32000000,5.99000000,8.18084800000,0.0720000000,0.000000,5211.00,0.746000,0.770000,2014,"Transit",560.88500000
"OGLE-2005-BLG-071L b",13.00000000,1200.00000000,,3.6000000000,,,0.460000,,2005,"Microlensing",3200.00000000
"OGLE-2008-BLG-092L b",8.74000000,57.00000000,,15.0000000000,,,0.710000,,2014,"Microlensing",8100.00000000
"Kepler-246 b",2.34000000,6.08000000,4.60182000000,0.0520000000,0.000000,5206.00,0.853000,0.831000,2014,"Transit",626.07800000
"Kepler-226 c",2.27000000,45.20000000,5.34955500000,0.0580000000,0.000000,5571.00,0.904000,0.802000,2014,"Transit",980.13800000
"Kepler-227 b",3.11000000,9.85000000,9.48801500000,0.0900000000,0.000000,5854.00,0.954000,1.091000,2014,"Transit",1083.06000000
"Kepler-113 b",1.82000000,11.70000000,4.75400000000,0.0512300000,0.000000,4725.00,0.750000,0.690000,2014,"Transit",262.35100000
"Kepler-48 d",2.04000000,7.93000000,42.89610000000,0.2330200000,0.000000,5194.00,0.880000,0.890000,2014,"Transit",306.73800000
"Qatar-2 b",14.05600000,792.63500000,1.33711647000,0.0215300000,0.000000,4645.00,0.743000,0.776000,2011,"Transit",181.37400000
"Kepler-117 c",12.34100000,584.78000000,50.79039100000,0.2804000000,0.032300,6150.00,1.129000,1.606000,2014,"Transit",1455.57000000
"Kepler-161 b",2.12000000,2.63000000,4.92135500000,0.0540000000,0.000000,5078.00,0.853000,0.806000,2014,"Transit",434.63200000
"Kepler-153 b",2.92000000,8.85000000,18.87022700000,0.1290000000,0.000000,5404.00,0.756000,0.892000,2014,"Transit",459.36800000
"Kepler-229 c",4.92000000,21.50000000,16.06863800000,0.1170000000,0.000000,5120.00,0.808000,0.728000,2014,"Transit",826.26500000
"Kepler-100 d",1.61000000,3.00000000,35.33310000000,0.2174700000,0.380000,5825.00,1.080000,1.490000,2014,"Transit",304.64500000
"Kepler-98 b",1.99000000,3.55000000,1.54168000000,0.0261400000,0.000000,5539.00,0.990000,1.110000,2014,"Transit",350.31500000
"Kepler-117 b",8.05900000,29.87500000,18.79592280000,0.1445000000,0.049300,6150.00,1.129000,1.606000,2014,"Transit",1455.57000000
"Kepler-430 b",3.25000000,10.60000000,35.96800000000,0.2244000000,0.000000,5884.00,1.166000,1.485000,2015,"Transit",917.47700000
"Kepler-230 b",4.26000000,16.80000000,32.62555500000,0.1910000000,0.000000,5588.00,0.784000,0.817000,2014,"Transit",740.75400000
"Kepler-166 b",2.27000000,5.77000000,7.65025400000,0.0720000000,0.000000,5413.00,0.811000,0.742000,2014,"Transit",603.53000000
"Kepler-131 b",2.41000000,16.13000000,16.09200000000,0.1278900000,0.000000,5685.00,1.020000,1.030000,2014,"Transit",228.67800000
"Kepler-406 b",1.43000000,6.35000000,2.42629000000,0.0359900000,0.000000,5538.00,1.070000,1.070000,2014,"Transit",364.03000000
"Kepler-249 c",1.51000000,2.89000000,7.11370200000,0.0580000000,0.000000,3568.00,0.510238,0.482000,2014,"Transit",190.40100000
"Kepler-162 c",3.03000000,9.43000000,19.44635500000,0.1370000000,0.000000,5816.00,1.053000,0.958000,2014,"Transit",855.64100000
"Kepler-180 c",3.01000000,9.32000000,41.88577500000,0.2290000000,0.000000,5731.00,0.950000,1.063000,2014,"Transit",695.65000000
"Kepler-182 c",3.43000000,11.60000000,20.68434200000,0.1570000000,0.000000,6250.00,1.114000,1.146000,2014,"Transit",1549.09000000
"HD 10180 c",,2741.58783878,5.75969000000,0.0641200000,0.073000,5911.00,1.060000,1.109000,2010,"Radial Velocity",38.96070000
"Kepler-82 c",5.34000000,13.90000000,51.54000000000,0.2626000000,0.007000,5401.00,0.910000,0.898000,2012,"Transit",904.32600000
"Kepler-174 b",1.96000000,4.50000000,13.98179000000,0.1000000000,0.000000,4880.00,0.602000,0.622000,2014,"Transit",384.75700000
"Kepler-176 c",2.60000000,1.33000000,12.75971200000,0.1020000000,0.000000,5232.00,0.860000,0.891000,2014,"Transit",527.32100000
"Kepler-96 b",2.67000000,8.46000000,16.23850000000,0.1261000000,0.000000,5690.00,1.000000,1.020000,2014,"Transit",122.88100000
"Kepler-48 b",1.88000000,3.94000000,4.77800000000,0.0539400000,0.000000,5194.00,0.880000,0.890000,2012,"Transit",306.73800000
"HD 10180 d",,3295.88058059,16.35700000000,0.1285900000,0.131000,5911.00,1.060000,1.109000,2010,"Radial Velocity",38.96070000
"HD 10180 e",5.39000000,25.10000000,49.74800000000,0.2699000000,0.051000,5911.00,1.060000,1.109000,2010,"Radial Velocity",38.96070000
"Kepler-55 d",1.59000000,3.15000000,2.21109900000,0.0290000000,0.000000,4503.00,0.631000,0.619000,2014,"Transit",578.79600000
"Kepler-187 c",2.67000000,7.61000000,10.64026300000,0.0990000000,0.000000,6105.00,1.081000,1.287000,2014,"Transit",1143.00000000
"Kepler-233 b",2.43000000,6.48000000,8.47238200000,0.0770000000,0.000000,5360.00,0.855000,0.758000,2014,"Transit",856.41700000
"Kepler-234 c",3.51000000,12.10000000,7.21205000000,0.0770000000,0.000000,6224.00,1.129000,1.113000,2014,"Transit",1733.10000000
"MOA-2011-BLG-322L b",12.40000000,3690.00000000,,4.3000000000,,,0.390000,,2013,"Microlensing",7560.00000000
"CoRoT-24 b",3.70000000,5.70000000,5.11340000000,0.0560000000,0.000000,4950.00,0.910000,0.860000,2014,"Transit",591.55500000
"HD 10180 h",9.40000000,64.40000000,2205.00000000000,3.3810000000,0.095000,5911.00,1.060000,1.109000,2010,"Radial Velocity",38.96070000
"Kepler-440 b",1.86000000,4.12000000,101.11141000000,0.2420000000,0.340000,4134.00,0.575000,0.559000,2015,"Transit",301.03000000
"Kepler-251 c",2.77000000,8.10000000,16.51404300000,0.1220000000,0.000000,5526.00,0.891000,0.890000,2014,"Transit",924.62500000
"Kepler-146 c",3.13000000,9.96000000,76.73217100000,0.3640000000,0.000000,5948.00,1.079000,1.208000,2014,"Transit",716.79700000
"Kepler-150 d",2.79000000,8.20000000,12.56093000000,0.1040000000,0.000000,5560.00,0.956000,0.939000,2014,"Transit",891.09200000
"OGLE-2008-BLG-355L b",12.90000000,1500.00000000,,1.7000000000,,,0.370000,,2014,"Microlensing",6800.00000000
"CoRoT-24 c",5.00000000,28.00000000,11.75900000000,0.0980000000,0.000000,4950.00,0.910000,0.860000,2014,"Transit",591.55500000
"Kepler-186 f",1.17000000,1.71000000,129.94410000000,0.4320000000,0.040000,3755.00,0.544000,0.523000,2014,"Transit",177.59400000
"Kepler-252 c",2.15000000,5.27000000,10.84846300000,0.0800000000,0.000000,4208.00,0.610000,0.549000,2014,"Transit",379.42400000
"Kepler-213 b",1.62000000,3.26000000,2.46236000000,0.0360000000,0.000000,5696.00,1.070000,1.195000,2014,"Transit",634.93900000
"Kepler-159 c",3.41000000,11.50000000,43.59579200000,0.2180000000,0.000000,4625.00,0.628000,0.663000,2014,"Transit",373.74400000
"Kepler-202 c",1.85000000,4.08000000,16.28249300000,0.1130000000,0.000000,4668.00,0.683000,0.667000,2014,"Transit",285.11100000
"HD 35759 b",13.00000000,1195.04080000,82.46700000000,0.3890000000,0.389000,6060.00,1.150000,1.759974,2016,"Radial Velocity",71.24230000
"Kepler-477 b",2.07000000,4.94000000,11.11990653000,0.0911000000,0.000000,5240.00,0.870000,0.790000,2016,"Transit",367.00000000
"HD 67087 c",12.90000000,1540.00000000,2374.00000000000,3.8600000000,0.760000,6330.00,1.360000,1.550000,2015,"Radial Velocity",76.52170000
"Kepler-6 b",14.61653600,212.31044000,3.23469960000,0.0485200000,0.000000,5647.00,1.209000,1.391000,2009,"Transit",587.03900000
"HD 220842 b",13.10000000,1010.69940000,218.47000000000,0.7400000000,0.404000,5960.00,1.130000,1.416470,2016,"Radial Velocity",64.64980000
"HIP 65407 c",13.90000000,249.17872000,67.30000000000,0.3160000000,0.120000,5460.00,0.930000,0.952252,2016,"Radial Velocity",61.78040000
"Kepler-505 b",2.60000000,7.27000000,27.52197994000,0.1445000000,0.000000,3931.00,0.550000,0.530000,2016,"Transit",283.41000000
"CoRoT-29 b",10.08810000,270.15550000,2.85057000000,0.0386000000,0.082000,5260.00,0.970000,0.900000,2015,"Transit",806.50700000
"tau Boo b",12.80000000,1891.00000000,3.31245680000,0.0490000000,0.011000,6466.27,1.320000,1.425880,1996,"Radial Velocity",15.65210000
"Kepler-412 b",15.03126900,299.07803000,1.72086040000,0.0289700000,0.003800,5750.00,1.167000,1.287000,2014,"Transit",1086.24000000
"HD 141399 b",14.30000000,143.34133000,94.44000000000,0.4150000000,0.040000,5600.00,1.070000,1.387236,2014,"Radial Velocity",37.01690000
"HD 141399 c",13.60000000,422.71390000,201.99000000000,0.6890000000,0.048000,5600.00,1.070000,1.387236,2014,"Radial Velocity",37.01690000
"Kepler-754 b",2.01000000,4.70000000,14.55962370000,0.1160000000,0.000000,5935.00,1.060000,1.080000,2016,"Transit",1770.27000000
"Kepler-753 b",1.91000000,4.31000000,5.74772501200,0.0540000000,0.000000,4346.00,0.680000,0.650000,2016,"Transit",274.76700000
"HAT-P-54 b",10.58129600,241.55080000,3.79984700000,0.0411700000,0.074000,4390.00,0.645000,0.617000,2015,"Transit",143.65100000
"TrES-5 b",13.38354600,568.91570000,1.48224686000,0.0245900000,0.000000,5171.00,0.901000,0.868000,2011,"Transit",360.31300000
"KOI-13 b",16.94800800,2949.46240000,1.76358800000,0.0364100000,0.000640,7650.00,1.720000,1.740000,2011,"Transit",519.09600000
"WASP-42 b",12.57649800,167.49641000,4.98168190000,0.0561000000,0.062000,5315.00,0.951000,0.892000,2012,"Transit",177.29100000
"Kepler-766 b",3.39000000,11.40000000,6.10027804000,0.0660000000,0.000000,5992.00,1.100000,1.150000,2016,"Transit",2297.62000000
"Kepler-771 b",1.82000000,3.97000000,8.73485836000,0.0843000000,0.000000,5906.00,1.030000,1.050000,2016,"Transit",1393.85000000
"HD 100546 b",77.34210000,2701.54145950,,53.0000000000,,10500.00,2.400000,1.852880,2014,"Imaging",109.67700000
"Kepler-432 c",13.30000000,772.32690000,406.20000000000,,0.498000,4995.00,1.320000,4.060000,2015,"Radial Velocity",848.02300000
"Kepler-76 b",15.24424000,638.83830000,1.54492980000,0.0274000000,0.000000,6409.00,1.200000,1.320000,2013,"Orbital Brightness Modulation",822.96000000
"OGLE-2003-BLG-235L b",13.20000000,830.00000000,,4.3000000000,,,0.630000,,2004,"Microlensing",5800.00000000
"Kepler-765 b",2.43000000,6.48000000,27.66552260000,0.1754000000,0.000000,5901.00,1.050000,1.060000,2016,"Transit",1076.28000000
"Kepler-432 b",12.83430500,1719.46030000,52.50112900000,0.3010000000,0.513400,4995.00,1.320000,4.060000,2015,"Transit",848.02300000
"Kepler-5 b",15.98403400,670.93913000,3.54846570000,0.0538000000,0.000000,6297.00,1.374000,1.793000,2009,"Transit",899.77700000
"Kepler-7 b",18.18099800,140.16303000,4.88548920000,0.0606700000,0.000000,5933.00,1.359000,1.966000,2009,"Transit",922.56200000
"HIP 74890 b",13.30000000,762.79200000,822.30000000000,2.1000000000,0.070000,4850.00,1.740000,5.770000,2016,"Radial Velocity",78.65620000
"K2-29 b",13.33871000,232.01590000,3.25883210000,0.0421700000,0.066000,5358.00,0.940000,0.860000,2016,"Transit",178.47500000
"Kepler-767 b",6.64000000,35.70000000,161.52801010000,0.5874000000,0.000000,5694.00,0.960000,0.940000,2016,"Transit",2251.03000000
"Kepler-773 b",1.43000000,2.63000000,3.74910006100,0.0468200000,0.000000,5850.00,1.040000,1.010000,2016,"Transit",547.02600000
"Kepler-774 b",3.17000000,10.20000000,11.08957230000,0.1082000000,0.000000,6403.00,1.570000,2.420000,2016,"Transit",917.80400000
"2MASS J02192210-3925225 b",16.14096000,4417.83700000,,156.0000000000,,3064.00,0.108000,0.281000,2015,"Imaging",40.08964117
"HD 7924 d",,1568.16536014,24.45100000000,0.1551000000,0.210000,5075.00,0.832000,0.782100,2015,"Radial Velocity",16.99220000
"WASP-41 c",13.10000000,1010.69940000,421.00000000000,1.0700000000,0.294000,5545.00,0.930000,0.870000,2015,"Radial Velocity",163.37100000
"HAT-P-50 b",14.43719200,429.07050000,3.12201090000,0.0453000000,0.115000,6280.00,1.273000,1.698000,2015,"Transit",515.45800000
"HD 133131 A b",13.60000000,451.31860000,649.00000000000,1.4400000000,0.330000,5799.00,0.950000,0.955014,2016,"Radial Velocity",51.47360000
"HATS-17 b",8.70939300,425.25654000,16.25461100000,0.1308000000,0.029000,5846.00,1.131000,1.091000,2016,"Transit",400.33100000
"Kepler-772 b",1.82000000,3.97000000,12.99207337000,0.1115300000,0.000000,5714.00,0.980000,1.110000,2016,"Transit",1130.21000000
"Kepler-769 b",2.92000000,8.85000000,7.42608998000,0.0778000000,0.000000,6186.00,1.190000,1.280000,2016,"Transit",1169.57000000
"Kepler-449 c",2.76400000,8.07000000,33.67270000000,0.1979000000,0.050000,5649.18,1.020000,1.467000,2015,"Transit",241.94900000
"HD 133131 A c",14.30000000,133.48860000,3568.00000000000,4.4900000000,0.490000,5799.00,0.950000,0.955014,2016,"Radial Velocity",51.47360000
"WASP-92 b",16.37634900,255.85315000,2.17467420000,0.0348000000,0.000000,6280.00,1.190000,1.341000,2016,"Transit",575.88900000
"Kepler-762 b",12.68000000,,3.77055209800,0.0493000000,0.000000,5944.00,1.060000,1.080000,2016,"Transit",1898.26000000
"Kepler-781 b",2.89000000,8.70000000,13.21407320000,0.1019000000,0.000000,5162.00,0.810000,0.780000,2016,"Transit",1064.47000000
"Kepler-92 d",2.06700000,11.86668060,49.35680000000,0.2868200000,0.070000,5904.34,1.070000,1.817190,2015,"Transit",477.99200000
"Kepler-449 b",2.05600000,4.88000000,12.58242000000,0.1027000000,0.030000,5649.18,1.020000,1.467000,2015,"Transit",241.94900000
"HD 175607 b",,2456.17792930,29.01000000000,,0.110000,5392.00,0.710000,0.700000,2015,"Radial Velocity",40.33030000
"HD 1461 c",2.23000000,5.59000000,13.50520000000,0.1117000000,0.305000,5765.00,1.020000,1.152288,2015,"Radial Velocity",23.45340000
"WASP-93 b",17.90077300,467.21010000,2.73253210000,0.0421100000,0.000000,6700.00,1.334000,1.524000,2016,"Transit",370.28400000
"HD 128311 c",13.00000000,1204.25787000,921.53800000000,1.7400000000,0.159000,4965.00,0.828000,0.760000,2005,"Radial Velocity",16.32920000
"alf Tau b",12.70000000,2056.36010000,628.96000000000,1.4600000000,0.100000,4055.00,1.130000,45.100000,2015,"Radial Velocity",20.43320000
"Kepler-450 d",0.83700000,17.60000000,7.51464000000,0.0827000000,0.140000,6197.21,1.190000,1.641620,2015,"Transit",455.98200000
"OGLE-2005-BLG-169L b",3.84000000,14.10000000,,3.5000000000,,,0.690000,,2006,"Microlensing",4100.00000000
"WASP-46 b",13.15936600,607.05530000,1.43036763000,0.0233500000,0.000000,5600.00,0.828000,0.858000,2011,"Transit",375.31000000
"HD 60532 b",13.80000000,336.89980000,201.90000000000,0.7700000000,0.260000,6245.00,1.500000,2.570000,2008,"Radial Velocity",25.97160000
"HD 60532 c",13.30000000,797.75330000,600.10000000000,1.6000000000,0.030000,6245.00,1.500000,2.570000,2008,"Radial Velocity",25.97160000
"OGLE-2013-BLG-0102L b",12.30000000,4100.00000000,,0.8000000000,,,0.096000,,2014,"Microlensing",3040.00000000
"Kepler-41 b",14.46000000,177.98000000,1.85555820000,0.0310100000,0.000000,5750.00,1.150000,1.290000,2011,"Transit",1093.08000000
"HIP 107773 b",13.40000000,629.30340000,144.30000000000,0.7200000000,0.090000,4945.00,2.420000,11.600000,2015,"Radial Velocity",105.18000000
"HATS-8 b",9.78545700,43.86054000,3.58389300000,0.0466700000,0.376000,5679.00,1.056000,1.086000,2015,"Transit",794.63700000
"LkCa 15 b",,,,14.7000000000,,4194.00,,1.607110,2015,"Imaging",158.15200000
"LkCa 15 c",,,,18.6000000000,,4194.00,,1.607110,2015,"Imaging",158.15200000
"Qatar-1 b",12.81188700,411.27202000,1.42002420000,0.0233200000,0.000000,5013.00,0.838000,0.803000,2010,"Transit",185.61500000
"HAT-P-66 b",17.82231000,248.86089000,2.97208600000,0.0436300000,0.090000,6002.00,1.255000,1.881000,2016,"Transit",935.45600000
"Kepler-75 b",11.77000000,3209.90000000,8.88491160000,0.0818000000,0.570000,5200.00,0.910000,0.890000,2013,"Transit",835.35600000
"Kepler-453 b",6.20400000,16.00000000,240.50300000000,0.7903000000,0.035900,5527.00,0.944000,0.833000,2015,"Transit",442.84600000
"WASP-89 b",11.65736000,1875.19700000,3.35642270000,0.0427000000,0.193000,5130.00,0.920000,0.880000,2015,"Transit",290.94600000
"KIC 3558849 b",6.90000000,38.10000000,1322.30000000000,,,6175.00,0.980000,1.010000,2015,"Transit",1215.70000000
"KIC 8540376 c",2.40000000,6.35000000,75.20000000000,,,6474.00,1.040000,1.260000,2015,"Transit",1072.30000000
"OGLE-2007-BLG-349L AB c",10.70000000,80.00000000,2557.00000000000,2.5900000000,,,0.410000,,2016,"Microlensing",2760.00000000
"Kepler-56 d",12.80000000,1784.00000000,1002.00000000000,2.1600000000,0.200000,4819.44,1.290000,4.217990,2016,"Radial Velocity",912.99400000
"Kepler-444 b",0.40300000,0.03740000,3.60010530000,0.0417800000,0.160000,5046.00,0.758000,0.752000,2015,"Transit",36.43960000
"K2-6 b",2.50000000,6.80000000,30.94191000000,0.1898000000,,5850.00,0.970000,0.960000,2015,"Transit",316.81900000
"HD 42618 b",3.89000000,14.40000000,149.61000000000,0.5540000000,0.190000,5727.00,1.015000,0.999000,2016,"Radial Velocity",24.33580000
"OGLE-2012-BLG-0950L b",6.56000000,35.00000000,,2.6000000000,,,0.570000,,2016,"Microlensing",2600.00000000
"Kepler-444 e",0.54600000,0.10000000,7.74349300000,0.0696000000,0.100000,5046.00,0.758000,0.752000,2015,"Transit",36.43960000
"K2-15 b",2.48000000,6.71000000,11.81040000000,0.0910000000,,5131.00,0.720000,0.680000,2015,"Transit",493.99200000
"K2-14 b",4.81000000,20.70000000,8.36802000000,0.0627000000,0.140000,3789.00,0.470000,0.450000,2015,"Transit",364.04800000
"K2-17 b",2.23000000,5.60000000,17.96753000000,0.1190000000,0.180000,4320.00,0.710000,0.660000,2015,"Transit",125.10600000
"K2-9 b",2.25000000,5.69000000,18.44980000000,0.0910000000,,3390.00,0.300000,0.310000,2015,"Transit",82.96310000
"WASP-36 b",14.87434300,750.39663000,1.53736596000,0.0267700000,0.000000,5959.00,1.081000,0.985000,2011,"Transit",386.34600000
"Kepler-26 b",2.78000000,5.12000000,12.28000000000,0.0855100000,0.021000,3914.00,0.544000,0.512000,2011,"Transit",335.30700000
"HATS-13 b",13.58530800,172.58169000,3.04404990000,0.0405700000,0.181000,5523.00,0.962000,0.887000,2015,"Transit",421.85500000
"HATS-14 b",11.64615100,340.39593000,2.76676410000,0.0381500000,0.142000,5346.00,0.967000,0.933000,2015,"Transit",513.01100000
"WASP-90 b",18.27067000,200.23290000,3.91624300000,0.0562000000,0.000000,6430.00,1.550000,1.980000,2016,"Transit",466.43300000
"HD 5583 b",12.80000000,1837.05740000,139.35000000000,0.5300000000,0.076000,4830.00,1.010000,9.090000,2016,"Radial Velocity",219.21600000
"Kepler-26 c",2.72000000,6.20000000,17.25590000000,0.1072500000,0.013000,3914.00,0.544000,0.512000,2011,"Transit",335.30700000
"Kepler-447 b",18.49000000,435.41000000,7.79430132000,0.0769000000,0.123000,5493.00,1.000000,1.050000,2015,"Transit",268.04100000
"OGLE-2011-BLG-0265L b",13.90000000,280.00000000,,1.8900000000,,,0.211000,,2015,"Microlensing",4380.00000000
"HD 130322 b",13.70000000,365.49000000,10.70871000000,0.0925000000,0.029000,5387.00,0.920000,0.850000,1999,"Radial Velocity",31.87660000
"OGLE-2012-BLG-0563L b",13.60000000,120.00000000,,0.7400000000,,,0.340000,,2015,"Microlensing",1300.00000000
"Kepler-296 d",2.09000000,5.02000000,19.85029100000,0.1180000000,0.330000,3740.00,0.498000,0.480000,2014,"Transit",167.00000000
"Pr0211 c",12.60000000,2475.89570000,4850.00000000000,5.5000000000,0.710000,5300.00,0.935000,0.827000,2016,"Radial Velocity",182.71400000
"BD+15 2375 b",13.80000000,337.21763000,153.22000000000,0.5760000000,0.001000,4649.00,1.080000,8.950000,2016,"Radial Velocity",768.04500000
"Kepler-60 d",1.99000000,4.16000000,11.89810000000,0.1020300000,0.002000,5905.00,1.041000,1.257000,2012,"Transit",1025.10000000
"HD 1666 b",12.70000000,2040.00000000,270.00000000000,0.9400000000,0.630000,6317.00,1.500000,1.930000,2015,"Radial Velocity",117.90800000
"HD 67087 b",13.10000000,973.00000000,352.20000000000,1.0800000000,0.170000,6330.00,1.360000,1.550000,2015,"Radial Velocity",76.52170000
"Kepler-296 e",1.53000000,2.96000000,34.14211000000,0.1690000000,0.330000,3740.00,0.498000,0.480000,2014,"Transit",167.00000000
"Kepler-872 b",1.99000000,4.62000000,2.57885506800,0.0362000000,0.000000,5902.00,1.050000,1.080000,2016,"Transit",879.68300000
"Kepler-871 b",3.74000000,13.50000000,22.04590180000,0.1572000000,0.000000,5993.00,1.110000,1.140000,2016,"Transit",1976.05000000
"Kepler-603 c",6.50000000,34.50000000,127.90757740000,0.5343900000,0.000000,5808.00,1.010000,1.010000,2016,"Transit",1539.63000000
"Kepler-908 b",1.22000000,1.98000000,1.34059746800,0.0252600000,0.000000,5973.00,1.110000,1.120000,2016,"Transit",290.84300000
"Kepler-499 b",2.17000000,5.35000000,5.63252845300,0.0598000000,0.000000,5312.00,0.870000,0.830000,2016,"Transit",556.72600000
"Kepler-801 b",2.00000000,4.66000000,11.41928253000,0.0795000000,0.000000,4435.00,0.670000,0.630000,2016,"Transit",440.42600000
"Kepler-799 b",6.88000000,37.90000000,133.46052350000,0.5167000000,0.000000,5681.00,0.950000,0.930000,2016,"Transit",1509.08400000
"Kepler-870 b",2.78000000,8.15000000,21.35876210000,0.1539000000,0.000000,5857.00,1.010000,1.020000,2016,"Transit",1259.46000000
"Kepler-869 b",3.61000000,12.70000000,40.42877550000,0.2244000000,0.000000,5664.00,0.970000,0.950000,2016,"Transit",939.45500000
"Kepler-907 b",1.20000000,1.87000000,15.86621821000,0.1225000000,0.000000,6106.00,1.080000,1.380000,2016,"Transit",352.00000000
"Kepler-912 b",2.80000000,8.25000000,2.53475627300,0.0339000000,0.000000,5998.00,1.070000,1.110000,2016,"Transit",2004.72000000
"Kepler-797 b",2.17000000,5.35000000,27.07237711000,0.1810000000,0.000000,5680.00,0.960000,0.950000,2016,"Transit",1315.26000000
"Kepler-867 b",4.64000000,19.40000000,150.24212700000,0.5375000000,0.000000,5541.00,0.920000,0.910000,2016,"Transit",1195.54000000
"Kepler-868 b",2.05000000,4.86000000,5.03251791000,0.0575000000,0.000000,5614.00,0.930000,0.890000,2016,"Transit",1593.13000000
"Kepler-866 b",1.63000000,3.29000000,2.61703253600,0.0331000000,0.000000,4751.00,0.750000,0.710000,2016,"Transit",646.66700000
"Kepler-913 b",2.06000000,4.90000000,10.29672521000,0.1009000000,0.000000,4687.00,0.630000,0.610000,2016,"Transit",991.61800000
"Kepler-910 b",0.82000000,0.47700000,2.36436901500,0.0375200000,0.000000,6230.00,1.260000,1.500000,2016,"Transit",400.28900000
"Kepler-847 b",1.18000000,1.76000000,2.34323189500,0.0315000000,0.000000,4940.00,0.830000,0.770000,2016,"Transit",513.10300000
"Kepler-846 b",2.48000000,6.71000000,19.80792185000,0.1399000000,0.000000,5579.00,0.940000,0.910000,2016,"Transit",1127.12000000
"Kepler-795 b",1.68000000,3.46000000,29.61934210000,0.1803000000,0.000000,5631.00,0.940000,0.960000,2016,"Transit",492.12200000
"Kepler-794 b",2.11000000,5.10000000,11.13125132000,0.1003600000,0.000000,5839.00,1.190000,1.380000,2016,"Transit",931.19200000
"Kepler-865 b",2.49000000,6.76000000,14.16399294000,0.1057000000,0.000000,5570.00,0.930000,0.920000,2016,"Transit",586.13700000
"Kepler-909 b",1.47000000,2.76000000,13.93290318000,0.1187300000,0.000000,6154.00,1.170000,1.230000,2016,"Transit",309.59600000
"Kepler-916 b",1.76000000,3.75000000,32.29687980000,0.1885000000,0.000000,5248.00,0.850000,0.810000,2016,"Transit",830.71200000
"Kepler-845 b",2.04000000,4.82000000,0.92785982100,0.0166800000,0.000000,4913.00,0.790000,0.750000,2016,"Transit",431.05100000
"Kepler-844 b",1.68000000,3.46000000,2.61302085600,0.0298000000,0.000000,4128.00,0.590000,0.570000,2016,"Transit",431.77600000
"Kepler-792 b",1.96000000,4.50000000,11.30119217000,0.0988000000,0.000000,5971.00,1.090000,1.120000,2016,"Transit",1425.47000000
"Kepler-791 b",3.05000000,9.53000000,14.55397590000,0.1256000000,0.000000,6383.00,1.300000,1.470000,2016,"Transit",1266.34000000
"Kepler-862 b",2.21000000,5.52000000,3.14866453400,0.0390000000,0.000000,5333.00,0.880000,0.840000,2016,"Transit",1039.03000000
"Kepler-861 b",2.28000000,5.82000000,3.94963137500,0.0463000000,0.000000,5047.00,0.820000,0.780000,2016,"Transit",850.32700000
"Kepler-930 b",2.13000000,5.18000000,71.45177750000,0.3459300000,0.000000,6335.00,1.250000,1.400000,2016,"Transit",848.39600000
"Kepler-842 b",1.60000000,3.19000000,1.21956827000,0.0204000000,0.000000,4848.00,0.780000,0.730000,2016,"Transit",532.72600000
"Kepler-841 b",5.23000000,23.80000000,124.41983980000,0.4790000000,0.000000,5324.00,0.850000,0.810000,2016,"Transit",998.96100000
"Kepler-790 b",2.18000000,5.39000000,13.73469807000,0.1010000000,0.000000,5208.00,0.840000,0.800000,2016,"Transit",703.16800000
"Kepler-788 b",2.55000000,7.04000000,8.39846269000,0.0835000000,0.000000,6159.00,1.160000,1.230000,2016,"Transit",1775.80000000
"Kepler-860 b",3.24000000,10.60000000,5.10137945400,0.0580000000,0.000000,5836.00,1.040000,1.060000,2016,"Transit",1056.36000000
"Kepler-924 b",3.07000000,9.64000000,61.03701170000,0.3131800000,0.000000,6167.00,1.140000,1.230000,2016,"Transit",1053.04000000
"Kepler-923 b",1.38000000,2.48000000,6.93366476000,0.0759200000,0.000000,5988.00,1.110000,1.260000,2016,"Transit",1000.28000000
"Kepler-838 b",2.73000000,7.90000000,15.74957994000,0.1266000000,0.000000,5770.00,0.980000,0.960000,2016,"Transit",1104.04000000
"Kepler-837 b",2.56000000,7.08000000,16.56059504000,0.1144000000,0.000000,5403.00,0.850000,0.810000,2016,"Transit",901.90700000
"Kepler-787 b",1.28000000,2.18000000,0.92831049800,0.0159000000,0.000000,4248.00,0.650000,0.620000,2016,"Transit",503.56800000
"Kepler-465 b",2.95000000,9.01000000,9.94067246600,0.0919500000,0.000000,6310.00,1.230000,1.290000,2016,"Transit",553.07700000
"Kepler-856 b",9.30000000,63.30000000,8.02768059500,0.0787000000,0.000000,5535.00,0.960000,0.930000,2016,"Transit",1351.17000000
"Kepler-890 b",8.89000000,58.60000000,52.75875577000,0.2944000000,0.000000,5954.00,1.090000,1.130000,2016,"Transit",1712.12000000
"Kepler-927 b",1.72000000,3.61000000,9.11499030000,0.0866000000,0.000000,5743.00,0.990000,0.990000,2016,"Transit",831.68500000
"Kepler-926 b",2.31000000,5.95000000,52.06886010000,0.2739000000,0.000000,5806.00,1.010000,1.010000,2016,"Transit",921.36100000
"Kepler-892 b",2.81000000,8.30000000,13.75210720000,0.1015000000,0.000000,4747.00,0.750000,0.720000,2016,"Transit",570.72700000
"Kepler-933 b",2.46000000,6.62000000,14.20443009000,0.1041000000,0.000000,5346.00,0.870000,0.840000,2016,"Transit",1017.20000000
"Kepler-826 b",1.25000000,2.10000000,4.48758907000,0.0520200000,0.000000,6079.00,1.050000,1.150000,2016,"Transit",779.59600000
"Kepler-830 b",1.70000000,3.53000000,11.29695137000,0.1033000000,0.000000,6037.00,1.070000,1.110000,2016,"Transit",1122.00000000
"Kepler-829 b",2.11000000,5.10000000,6.88337562000,0.0678000000,0.000000,5698.00,0.980000,0.970000,2016,"Transit",1073.76000000
"Kepler-895 b",1.54000000,2.99000000,2.80624232800,0.0328000000,0.000000,4315.00,0.650000,0.610000,2016,"Transit",540.13400000
"Kepler-743 b",1.21000000,1.92000000,3.17926292100,0.0416600000,0.000000,5486.00,0.940000,0.850000,2016,"Transit",278.98700000
"Kepler-823 b",1.57000000,3.09000000,4.16809082000,0.0507000000,0.000000,5643.00,0.980000,0.960000,2016,"Transit",1389.27000000
"Kepler-487 c",2.68000000,7.65000000,38.65199760000,0.2186400000,0.000000,5444.00,0.910000,0.880000,2016,"Transit",872.34300000
"Kepler-898 b",1.49000000,2.83000000,5.87061910000,0.0545000000,0.000000,4223.00,0.650000,0.620000,2016,"Transit",484.89100000
"Kepler-899 b",2.68000000,7.65000000,19.17891293000,0.1392000000,0.000000,5595.00,0.930000,0.910000,2016,"Transit",1246.43000000
"Kepler-747 b",5.27000000,24.10000000,35.61760587000,0.1916000000,0.000000,5096.00,0.820000,0.780000,2016,"Transit",3347.16000000
"Kepler-821 b",1.31000000,2.27000000,1.92279873000,0.0290000000,0.000000,5191.00,0.840000,0.800000,2016,"Transit",614.57100000
"Kepler-498 b",3.03000000,9.43000000,9.61375356000,0.0897000000,0.000000,5744.00,0.980000,0.960000,2016,"Transit",938.84400000
"Kepler-887 b",1.84000000,4.04000000,20.42228798000,0.1543100000,0.000000,6194.00,1.190000,1.290000,2016,"Transit",886.58800000
"Kepler-901 b",1.37000000,2.45000000,3.51749439400,0.0378000000,0.000000,4184.00,0.590000,0.570000,2016,"Transit",253.86700000
"Kepler-900 b",2.08000000,4.98000000,6.99130860000,0.0679000000,0.000000,4836.00,0.780000,0.730000,2016,"Transit",487.52500000
"Kepler-751 b",2.46000000,6.62000000,17.44490636000,0.1263000000,0.000000,5387.00,0.870000,0.840000,2016,"Transit",760.43000000
"Kepler-755 b",1.76000000,3.75000000,1.26909037400,0.0215600000,0.000000,5043.00,0.820000,0.770000,2016,"Transit",399.03400000
"Kepler-820 b",6.09000000,30.80000000,127.83380980000,0.5600400000,0.000000,6260.00,1.230000,1.360000,2016,"Transit",1387.20000000
"Kepler-817 b",9.03000000,60.20000000,3.99010622900,0.0493000000,0.000000,5861.00,1.030000,1.030000,2016,"Transit",1484.46000000
"Kepler-886 b",1.52000000,2.92000000,6.24146367000,0.0642800000,0.000000,6098.00,1.100000,1.160000,2016,"Transit",711.29700000
"Kepler-885 b",2.50000000,6.80000000,18.11472949000,0.1440300000,0.000000,6187.00,1.210000,1.350000,2016,"Transit",651.31800000
"Kepler-904 b",1.77000000,3.78000000,3.02166863200,0.0417000000,0.000000,6160.00,1.160000,1.250000,2016,"Transit",978.12500000
"Kepler-905 b",1.41000000,2.57000000,5.08274651700,0.0568900000,0.000000,5461.00,0.950000,0.860000,2016,"Transit",529.26800000
"Kepler-756 b",1.12000000,1.46000000,1.22486632200,0.0219000000,0.000000,5282.00,0.820000,0.790000,2016,"Transit",852.00000000
"Kepler-757 b",1.36000000,2.42000000,1.02267882100,0.0190000000,0.000000,6014.00,1.080000,1.130000,2016,"Transit",1068.68000000
"Kepler-815 b",4.11000000,15.80000000,8.57503552000,0.0947300000,0.000000,5028.00,1.250000,3.420000,2016,"Transit",1259.28000000
"Kepler-852 b",2.54000000,6.99000000,44.93098040000,0.2796700000,0.000000,6100.00,1.190000,1.160000,2016,"Transit",1619.03000000
"Kepler-883 b",1.78000000,3.82000000,12.98495573000,0.1028800000,0.000000,6116.00,1.060000,1.090000,2016,"Transit",627.45500000
"Kepler-509 b",2.49000000,6.76000000,41.74600392000,0.2370200000,0.000000,6060.00,1.100000,1.200000,2016,"Transit",332.44300000
"Kepler-466 c",1.25000000,2.10000000,3.70921384600,0.0465800000,0.000000,5927.00,1.040000,1.050000,2016,"Transit",530.12200000
"Kepler-502 b",4.77000000,20.40000000,4.28686431000,0.0535000000,0.000000,6125.00,1.150000,1.220000,2016,"Transit",1591.04000000
"Kepler-758 b",2.48000000,6.71000000,12.10971040000,0.1075400000,0.000000,6228.00,1.160000,1.420000,2016,"Transit",1502.32000000
"Kepler-813 b",2.14000000,5.22000000,19.12947337000,0.1439000000,0.000000,5743.00,0.950000,0.930000,2016,"Transit",840.00000000
"Kepler-811 b",2.70000000,7.75000000,23.58447697000,0.1591100000,0.000000,5747.00,1.010000,1.240000,2016,"Transit",985.04100000
"Kepler-882 b",1.23000000,2.04000000,3.98953966600,0.0474100000,0.000000,5476.00,0.900000,0.870000,2016,"Transit",504.60500000
"Kepler-880 b",2.66000000,7.56000000,7.71468975000,0.0915000000,0.000000,6761.00,1.460000,1.740000,2016,"Transit",601.32400000
"Kepler-474 b",3.06000000,9.59000000,5.66067293500,0.0609200000,0.000000,5785.00,0.990000,1.080000,2016,"Transit",841.49600000
"Kepler-760 b",3.06000000,9.59000000,8.70419416000,0.0808700000,0.000000,5322.00,0.890000,0.850000,2016,"Transit",792.33600000
"Kepler-810 b",1.93000000,4.38000000,4.59725385000,0.0550000000,0.000000,5803.00,1.030000,1.040000,2016,"Transit",1458.59000000
"Kepler-809 b",3.01000000,9.32000000,55.63934000000,0.2901000000,0.000000,5734.00,0.990000,0.980000,2016,"Transit",961.40500000
"Kepler-877 b",2.12000000,5.14000000,18.45847097000,0.1301000000,0.000000,5261.00,0.850000,0.810000,2016,"Transit",602.17600000
"Kepler-750 c",1.62000000,3.26000000,4.08899022000,0.0500900000,0.000000,6160.00,1.150000,1.230000,2016,"Transit",1296.02000000
"Kepler-255 d",1.32000000,2.30000000,1.04562265800,0.0192000000,0.000000,5431.00,0.900000,0.860000,2016,"Transit",1052.53000000
"Kepler-775 b",1.19000000,1.81000000,0.97486892600,0.0183400000,0.000000,5468.00,0.920000,0.840000,2016,"Transit",398.67600000
"Kepler-500 b",2.58000000,7.18000000,8.50832439800,0.0836100000,0.000000,5813.00,1.020000,1.030000,2016,"Transit",807.48000000
"Kepler-808 b",1.46000000,2.73000000,0.63133235300,0.0131400000,0.000000,4653.00,0.760000,0.710000,2016,"Transit",321.00000000
"Kepler-875 b",2.90000000,8.75000000,27.50737990000,0.1771000000,0.000000,5958.00,1.060000,1.110000,2016,"Transit",1242.62000000
"Kepler-732 c",1.27000000,2.15000000,0.89304123600,0.0143000000,0.000000,3631.00,0.490000,0.460000,2016,"Transit",174.82600000
"Kepler-777 b",1.47000000,2.76000000,5.72812599000,0.0519000000,0.000000,4043.00,0.580000,0.560000,2016,"Transit",443.10600000
"Kepler-779 b",0.92000000,0.72100000,7.09714223000,0.0533000000,0.000000,3804.00,0.460000,0.440000,2016,"Transit",283.15500000
"Kepler-804 b",1.94000000,4.42000000,14.37457351000,0.1128700000,0.000000,5817.00,1.010000,1.050000,2016,"Transit",649.65000000
"Kepler-803 b",3.79000000,13.80000000,50.28638192000,0.2672100000,0.000000,5919.00,1.050000,1.120000,2016,"Transit",639.77100000
"Kepler-1049 b",0.95000000,0.80900000,3.27346073600,0.0349000000,0.000000,3864.00,0.510000,0.490000,2016,"Transit",162.00600000
"Kepler-969 b",2.07000000,4.94000000,34.17317140000,0.1972600000,0.000000,5214.00,0.920000,0.820000,2016,"Transit",390.35400000
"Kepler-1137 b",2.20000000,5.48000000,23.92107910000,0.1871000000,0.000000,6807.00,1.500000,1.840000,2016,"Transit",921.77800000
"Kepler-975 b",1.48000000,2.79000000,1.97034245700,0.0289800000,0.000000,4897.00,0.800000,0.750000,2016,"Transit",426.08800000
"Kepler-995 b",2.70000000,7.75000000,28.26731672000,0.1701000000,0.000000,5206.00,0.830000,0.800000,2016,"Transit",609.63800000
"Kepler-1054 b",2.63000000,7.41000000,4.30655689000,0.0554200000,0.000000,6209.00,1.220000,1.340000,2016,"Transit",1090.51000000
"Kepler-1033 b",2.51000000,6.85000000,7.56052806000,0.0761000000,0.000000,5547.00,0.940000,0.920000,2016,"Transit",1455.50000000
"Kepler-1040 b",2.08000000,4.98000000,201.12140000000,0.6724900000,0.000000,5694.00,0.980000,0.960000,2016,"Transit",482.11900000
"Kepler-1138 b",1.70000000,3.53000000,3.17060005000,0.0415000000,0.000000,5582.00,0.950000,0.920000,2016,"Transit",872.32800000
"Kepler-1139 b",1.19000000,1.81000000,0.81316671900,0.0166400000,0.000000,5550.00,0.940000,0.910000,2016,"Transit",495.15600000
"Kepler-1060 b",2.38000000,6.26000000,46.87793670000,0.2495000000,0.000000,5797.00,0.990000,0.990000,2016,"Transit",946.56500000
"Kepler-1003 b",1.78000000,3.82000000,3.55485691500,0.0433300000,0.000000,6109.00,1.110000,1.170000,2016,"Transit",941.90200000
"Kepler-1055 b",1.23000000,2.04000000,2.29503623300,0.0335000000,0.000000,5723.00,0.980000,0.940000,2016,"Transit",389.39700000
"Kepler-998 b",2.32000000,5.99000000,5.65377733000,0.0626000000,0.000000,6058.00,1.120000,1.180000,2016,"Transit",986.36400000
"Kepler-1017 b",1.99000000,4.62000000,7.23400469000,0.0719600000,0.000000,5473.00,0.930000,0.870000,2016,"Transit",552.05800000
"Kepler-974 b",1.57000000,3.09000000,4.19449651400,0.0419000000,0.000000,3687.00,0.520000,0.500000,2016,"Transit",134.31100000
"Kepler-1045 b",2.69000000,7.70000000,26.41045478000,0.1616000000,0.000000,5301.00,0.860000,0.820000,2016,"Transit",942.48500000
"Kepler-980 b",2.67000000,7.61000000,11.55102504000,0.0999300000,0.000000,5935.00,1.050000,1.060000,2016,"Transit",961.46800000
"Kepler-991 b",2.54000000,6.99000000,82.53425190000,0.3104000000,0.000000,4392.00,0.640000,0.610000,2016,"Transit",389.56100000
"Kepler-1072 b",1.58000000,3.12000000,1.56906650200,0.0274200000,0.000000,6199.00,1.200000,1.320000,2016,"Transit",982.71600000
"Kepler-490 b",11.65000000,,3.26869515400,0.0453000000,0.000000,6045.00,1.080000,1.120000,2016,"Transit",1523.00000000
"Kepler-1018 b",2.58000000,7.18000000,49.10135140000,0.2530000000,0.000000,5518.00,0.910000,0.880000,2016,"Transit",1010.01000000
"Kepler-1004 b",6.28000000,32.50000000,5.28789787000,0.0679100000,0.000000,4972.00,1.110000,3.390000,2016,"Transit",1152.68000000
"Kepler-997 b",1.36000000,2.42000000,2.70730671600,0.0402200000,0.000000,6150.00,1.220000,1.560000,2016,"Transit",467.56800000
"Kepler-1151 b",2.22000000,5.56000000,65.64784240000,0.3197000000,0.000000,5470.00,0.880000,0.850000,2016,"Transit",682.43600000
"Kepler-1064 b",1.55000000,3.02000000,16.54080322000,0.1183000000,0.000000,5153.00,0.850000,0.790000,2016,"Transit",374.00000000
"Kepler-971 b",2.13000000,5.18000000,9.59070716000,0.0867900000,0.000000,5431.00,0.880000,0.850000,2016,"Transit",338.52200000
"Kepler-1051 b",3.40000000,11.50000000,25.96200249000,0.1839500000,0.000000,6675.00,1.430000,1.730000,2016,"Transit",829.34300000
"Kepler-1007 b",1.44000000,2.67000000,5.18500207300,0.0480000000,0.000000,4587.00,0.730000,0.700000,2016,"Transit",365.00000000
"Kepler-968 b",2.00000000,4.66000000,3.69298372800,0.0389000000,0.000000,4598.00,0.760000,0.700000,2016,"Transit",290.32400000
"Kepler-1145 b",1.40000000,2.54000000,3.97076766000,0.0443000000,0.000000,5064.00,0.790000,0.750000,2016,"Transit",691.96100000
"Kepler-1147 b",2.61000000,7.32000000,10.62784997000,0.0961000000,0.000000,5941.00,1.090000,1.140000,2016,"Transit",1657.36000000
"Kepler-1029 b",1.26000000,2.13000000,4.41769647900,0.0470000000,0.000000,5030.00,0.820000,0.770000,2016,"Transit",366.65600000
"Kepler-996 b",1.98000000,4.58000000,3.77059058400,0.0474000000,0.000000,6014.00,1.090000,1.140000,2016,"Transit",1216.58000000
"Kepler-966 b",4.13000000,16.00000000,99.74762200000,0.3907000000,0.000000,5840.00,1.020000,1.020000,2016,"Transit",1027.80000000
"Kepler-1047 b",2.09000000,5.02000000,56.18868870000,0.2987100000,0.000000,5754.00,1.080000,1.130000,2016,"Transit",817.64700000
"Kepler-1149 b",1.44000000,2.67000000,3.73089898000,0.0473000000,0.000000,5833.00,1.020000,1.010000,2016,"Transit",1217.73000000
"Kepler-1148 b",1.69000000,3.50000000,1.10446350900,0.0188000000,0.000000,5054.00,0.810000,0.770000,2016,"Transit",625.69200000
"Kepler-1057 b",3.36000000,11.20000000,14.08827448000,0.1138000000,0.000000,5987.00,1.070000,1.100000,2016,"Transit",1201.82000000
"Kepler-1059 b",1.73000000,3.64000000,3.76419104800,0.0440000000,0.000000,4906.00,0.750000,0.720000,2016,"Transit",713.16700000
"Kepler-965 b",3.38000000,11.40000000,134.25272980000,0.5099800000,0.000000,5886.00,1.050000,1.150000,2016,"Transit",582.82800000
"Kepler-999 b",2.34000000,6.08000000,5.99185701700,0.0691800000,0.000000,6237.00,1.290000,1.650000,2016,"Transit",545.06300000
"Kepler-1112 b",3.02000000,9.38000000,14.36267939000,0.1239000000,0.000000,6496.00,1.340000,1.540000,2016,"Transit",1671.28000000
"Kepler-952 b",7.65000000,45.40000000,130.35469190000,0.5183000000,0.000000,5730.00,1.000000,0.990000,2016,"Transit",1304.25000000
"Kepler-479 b",2.12000000,5.14000000,12.49341307000,0.0963600000,0.000000,5247.00,0.860000,0.810000,2016,"Transit",344.90100000
"Kepler-934 b",2.09000000,5.02000000,55.67383090000,0.2658000000,0.000000,5001.00,0.810000,0.770000,2016,"Transit",608.73800000
"Kepler-977 b",2.62000000,7.37000000,26.85328322000,0.1620000000,0.000000,5315.00,0.870000,0.830000,2016,"Transit",568.75100000
"Kepler-1021 b",2.33000000,6.04000000,13.47469571000,0.1034000000,0.000000,5431.00,0.890000,0.860000,2016,"Transit",810.08200000
"Kepler-979 b",2.72000000,7.85000000,8.08801350000,0.0753000000,0.000000,5310.00,0.870000,0.830000,2016,"Transit",576.50300000
"Kepler-982 b",2.25000000,5.69000000,15.77382210000,0.1277000000,0.000000,6139.00,1.160000,1.290000,2016,"Transit",801.47900000
"Kepler-936 b",1.45000000,2.70000000,10.56134221000,0.0954000000,0.000000,5482.00,0.920000,0.890000,2016,"Transit",823.39900000
"Kepler-938 b",2.22000000,5.56000000,52.62984170000,0.2689000000,0.000000,5533.00,0.920000,0.890000,2016,"Transit",1182.05000000
"Kepler-1006 b",1.54000000,2.99000000,19.76172042000,0.1464000000,0.000000,5328.00,0.780000,0.740000,2016,"Transit",1081.73800000
"Kepler-1009 b",2.17000000,5.35000000,11.35011917000,0.0796000000,0.000000,4027.00,0.590000,0.570000,2016,"Transit",355.01900000
"Kepler-976 b",3.96000000,14.90000000,105.95641480000,0.4217000000,0.000000,5232.00,0.870000,0.830000,2016,"Transit",1012.41000000
"Kepler-1052 b",2.93000000,8.91000000,34.85382760000,0.2098800000,0.000000,5888.00,1.030000,1.030000,2016,"Transit",943.44400000
"Kepler-1120 b",1.38000000,2.48000000,2.94902905200,0.0369000000,0.000000,4904.00,0.780000,0.740000,2016,"Transit",615.23100000
"Kepler-1123 b",1.67000000,3.43000000,4.33946454000,0.0497000000,0.000000,5500.00,0.930000,0.900000,2016,"Transit",704.32300000
"Kepler-940 b",3.34000000,11.10000000,59.62252570000,0.3059000000,0.000000,5769.00,0.970000,0.960000,2016,"Transit",1260.78000000
"Kepler-1035 b",1.17000000,1.71000000,2.71407755500,0.0388300000,0.000000,5763.00,0.980000,0.970000,2016,"Transit",562.11600000
"Kepler-1027 b",0.89000000,0.64000000,1.90780519900,0.0291100000,0.000000,5436.00,0.910000,0.820000,2016,"Transit",405.10400000
"Kepler-986 b",2.36000000,6.17000000,56.43499380000,0.2913100000,0.000000,5642.00,0.960000,0.980000,2016,"Transit",548.36400000
"Kepler-1011 b",2.87000000,8.60000000,5.75322197400,0.0633000000,0.000000,5416.00,0.910000,0.880000,2016,"Transit",736.77900000
"Kepler-1068 b",3.63000000,12.80000000,16.92344113000,0.1303800000,0.000000,5806.00,1.010000,1.010000,2016,"Transit",1473.61000000
"Kepler-917 b",1.91000000,4.31000000,2.97041437500,0.0378000000,0.000000,5418.00,0.800000,0.760000,2016,"Transit",3460.51000000
"Kepler-918 b",1.74000000,3.68000000,4.85386933000,0.0569000000,0.000000,6028.00,1.110000,1.140000,2016,"Transit",1025.03000000
"Kepler-978 b",2.99000000,9.22000000,49.62215090000,0.2726000000,0.000000,6002.00,1.070000,1.090000,2016,"Transit",682.52200000
"Kepler-1002 b",1.71000000,3.57000000,4.33642933100,0.0564000000,0.000000,6144.00,1.220000,1.570000,2016,"Transit",408.30300000
"Kepler-493 b",15.13000000,,3.00387658100,0.0439000000,0.000000,6457.00,1.360000,1.540000,2016,"Transit",1745.77000000
"Kepler-1128 b",3.65000000,12.90000000,61.61781670000,0.3020000000,0.000000,5543.00,0.940000,0.910000,2016,"Transit",1083.41000000
"Kepler-920 b",2.42000000,6.44000000,6.53192704000,0.0650000000,0.000000,5403.00,0.890000,0.850000,2016,"Transit",1001.68000000
"Kepler-919 b",2.25000000,5.69000000,11.04603384000,0.0981000000,0.000000,6113.00,1.150000,1.210000,2016,"Transit",1119.87000000
"Kepler-921 b",2.87000000,8.60000000,51.30063400000,0.2716000000,0.000000,5663.00,0.930000,0.910000,2016,"Transit",934.49000000
"Kepler-1015 b",3.55000000,12.30000000,16.00494214000,0.1345000000,0.000000,6769.00,1.490000,1.810000,2016,"Transit",739.35700000
"Kepler-1005 b",1.50000000,2.86000000,6.49801525000,0.0671700000,0.000000,5782.00,1.000000,1.060000,2016,"Transit",567.80600000
"Kepler-972 b",4.65000000,19.50000000,7.03932553000,0.0734000000,0.000000,6146.00,1.150000,1.220000,2016,"Transit",1198.03000000
"Kepler-1130 b",0.80000000,0.43700000,5.45298175000,0.0596300000,0.000000,5403.00,0.900000,0.810000,2016,"Transit",249.34300000
"Kepler-1131 b",1.59000000,3.15000000,3.53232449000,0.0459000000,0.000000,5851.00,1.030000,1.040000,2016,"Transit",1030.70000000
"Kepler-1025 b",1.98000000,4.58000000,37.32294930000,0.2160700000,0.000000,6089.00,1.090000,1.130000,2016,"Transit",803.77600000
"Kepler-497 b",6.04000000,30.40000000,3.57320367100,0.0457000000,0.000000,5834.00,1.090000,1.110000,2016,"Transit",1291.98000000
"Kepler-994 b",1.60000000,3.19000000,1.15116650600,0.0177000000,0.000000,3934.00,0.560000,0.540000,2016,"Transit",188.15800000
"Kepler-1132 b",2.35000000,6.12000000,62.89162280000,0.2881000000,0.000000,5298.00,0.870000,0.830000,2016,"Transit",867.93100000
"Kepler-1069 b",1.60000000,3.19000000,23.89902960000,0.1658700000,0.000000,5722.00,0.990000,0.980000,2016,"Transit",695.96700000
"Kepler-1034 b",2.26000000,5.73000000,12.12400943000,0.0965000000,0.000000,5198.00,0.830000,0.800000,2016,"Transit",654.54900000
"Kepler-944 b",2.63000000,7.41000000,43.31677370000,0.2288000000,0.000000,5409.00,0.860000,0.830000,2016,"Transit",1349.43000000
"Kepler-942 b",2.13000000,5.18000000,44.96417488000,0.2273700000,0.000000,4861.00,0.810000,0.750000,2016,"Transit",216.35400000
"Kepler-946 b",1.93000000,4.38000000,11.79162572000,0.1002000000,0.000000,5665.00,0.940000,0.930000,2016,"Transit",1137.29000000
"HD 50554 c",1.31000000,5.30000000,5.96936200000,0.0652000000,0.000000,5968.00,1.040000,1.146000,2026,"Transit",31.16640000
"Kepler-992 b",1.62000000,3.26000000,20.16034462000,0.1337200000,0.000000,4944.00,0.800000,0.740000,2016,"Transit",259.63900000
"Kepler-1134 b",2.64000000,7.46000000,17.13263989000,0.1242000000,0.000000,5281.00,0.840000,0.810000,2016,"Transit",944.44500000
"Kepler-1135 b",1.85000000,4.08000000,76.95785700000,0.3436000000,0.000000,5656.00,0.960000,0.940000,2016,"Transit",1314.64000000
"Kepler-951 b",5.59000000,26.70000000,71.52530845000,0.3091000000,0.000000,4834.00,0.770000,0.730000,2016,"Transit",382.50900000
"Kepler-967 b",2.35000000,6.12000000,13.22713379000,0.1027000000,0.000000,5178.00,0.840000,0.800000,2016,"Transit",568.54600000
"Kepler-1013 b",2.15000000,5.27000000,18.93054959000,0.1370000000,0.000000,4954.00,0.810000,0.760000,2016,"Transit",422.24600000
"Kepler-1233 b",2.60000000,7.27000000,45.12630420000,0.2630000000,0.000000,6198.00,1.160000,1.250000,2016,"Transit",1178.70000000
"Kepler-1234 b",2.81000000,8.30000000,11.94014029000,0.0960000000,0.000000,4967.00,0.800000,0.760000,2016,"Transit",916.74900000
"Kepler-523 b",1.96000000,4.50000000,5.83598311100,0.0615900000,0.000000,5515.00,0.930000,0.860000,2016,"Transit",253.29500000
"Gl 725 B c",1.66000000,3.40000000,37.90000000000,0.1390000000,,3379.00,0.250000,0.280000,2026,"Radial Velocity",6.84235700
"Kepler-1180 b",1.99000000,4.62000000,16.86012860000,0.1246000000,0.000000,6077.00,1.090000,1.140000,2016,"Transit",1596.80000000
"Kepler-1181 b",1.57000000,3.09000000,4.89337519000,0.0621000000,0.000000,6176.00,1.170000,1.300000,2016,"Transit",938.41700000
"Kepler-1189 b",1.77000000,3.78000000,3.78858982000,0.0467000000,0.000000,6012.00,1.110000,1.160000,2016,"Transit",782.85200000
"Kepler-1236 b",2.14000000,5.22000000,31.05716180000,0.1803000000,0.000000,5337.00,0.860000,0.820000,2016,"Transit",999.64000000
"Kepler-1235 b",0.79000000,0.41800000,4.16055856000,0.0483600000,0.000000,5541.00,0.930000,0.900000,2016,"Transit",540.60400000
"Kepler-518 b",2.11000000,5.10000000,8.51203587700,0.0799600000,0.000000,5842.00,0.960000,0.880000,2016,"Transit",337.90100000
"Kepler-1276 b",1.19000000,1.81000000,12.57200950000,0.1086300000,0.000000,6188.00,1.140000,1.210000,2016,"Transit",538.48100000
"Kepler-1277 b",1.60000000,3.19000000,40.83650120000,0.2185700000,0.000000,5578.00,0.940000,0.920000,2016,"Transit",557.19300000
"Kepler-1182 b",2.41000000,6.39000000,11.17394617000,0.0981000000,0.000000,5924.00,1.040000,1.050000,2016,"Transit",1545.39000000
"Kepler-549 b",2.57000000,11.00000000,42.94956490000,0.2323600000,0.000000,5360.00,0.880000,0.840000,2016,"Transit",635.14500000
"Kepler-1237 b",2.86000000,8.55000000,84.57332260000,0.3778000000,0.000000,5472.00,0.940000,0.900000,2016,"Transit",1064.31000000
"Kepler-1279 b",1.75000000,3.71000000,23.47741010000,0.1785000000,0.000000,6221.00,1.210000,1.330000,2016,"Transit",1494.22000000
"Kepler-1280 b",1.87000000,4.16000000,66.55790570000,0.3398200000,0.000000,6227.00,1.200000,1.320000,2016,"Transit",1486.70000000
"Kepler-1076 b",0.80000000,0.43700000,6.14727918000,0.0611000000,0.000000,4868.00,0.790000,0.740000,2016,"Transit",199.00000000
"Kepler-1077 b",2.77000000,8.10000000,34.35118740000,0.2101000000,0.000000,5816.00,1.020000,1.020000,2016,"Transit",1101.42000000
"Kepler-1193 b",1.32000000,2.30000000,2.83265213400,0.0400400000,0.000000,5908.00,1.080000,1.210000,2016,"Transit",802.11600000
"Kepler-1194 b",1.51000000,2.89000000,16.22371307000,0.1212000000,0.000000,5590.00,0.940000,0.920000,2016,"Transit",757.38200000
"Kepler-1238 b",1.93000000,4.38000000,4.14787559000,0.0541000000,0.000000,6386.00,1.300000,1.480000,2016,"Transit",1632.13000000
"Kepler-1282 b",1.55000000,3.02000000,2.13194651300,0.0335000000,0.000000,5504.00,0.920000,0.890000,2016,"Transit",1103.29000000
"Kepler-1078 b",1.90000000,4.27000000,3.00725242000,0.0388000000,0.000000,5612.00,0.940000,0.920000,2016,"Transit",2481.71000000
"Kepler-1079 b",1.63000000,3.29000000,13.24503188000,0.1092000000,0.000000,5758.00,1.080000,1.360000,2016,"Transit",591.09800000
"Kepler-1242 b",2.26000000,5.73000000,13.62798432000,0.1039000000,0.000000,4895.00,0.770000,0.740000,2016,"Transit",687.61500000
"Kepler-1243 b",1.75000000,3.71000000,16.83207290000,0.1256000000,0.000000,5667.00,0.960000,0.940000,2016,"Transit",758.17000000
"Kepler-1081 b",1.01000000,1.01000000,3.85691854700,0.0466200000,0.000000,5345.00,0.880000,0.840000,2016,"Transit",420.21500000
"Kepler-1199 b",1.15000000,1.60000000,15.04471980000,0.1130900000,0.000000,5889.00,0.940000,1.170000,2016,"Transit",563.49300000
"Kepler-1202 b",2.94000000,8.96000000,28.68513240000,0.1790000000,0.000000,5834.00,1.030000,1.040000,2016,"Transit",1175.38000000
"Kepler-519 b",2.10000000,5.06000000,24.30789460000,0.1593200000,0.000000,5260.00,0.890000,0.800000,2016,"Transit",246.61000000
"Kepler-1284 b",1.21000000,1.92000000,0.66407380600,0.0143000000,0.000000,5123.00,0.840000,0.790000,2016,"Transit",882.32400000
"Kepler-1083 b",3.36000000,11.20000000,33.41779930000,0.1899000000,0.000000,5049.00,0.810000,0.770000,2016,"Transit",902.63300000
"Kepler-1203 b",1.06000000,1.20000000,0.58800076500,0.0114000000,0.000000,4105.00,0.640000,0.610000,2016,"Transit",317.02200000
"Kepler-1204 b",3.05000000,9.53000000,85.73502850000,0.3877000000,0.000000,5825.00,1.030000,1.030000,2016,"Transit",1175.22000000
"Kepler-1246 b",1.36000000,2.42000000,11.32271513000,0.0848000000,0.000000,4611.00,0.730000,0.690000,2016,"Transit",436.50500000
"Kepler-1289 b",1.52000000,2.92000000,7.99019627000,0.0785000000,0.000000,6080.00,1.100000,1.170000,2016,"Transit",1053.57000000
"Kepler-1087 b",0.61000000,0.16500000,0.69384285500,0.0155400000,0.000000,5589.00,0.960000,0.940000,2016,"Transit",362.62300000
"Kepler-1086 b",2.44000000,6.53000000,18.78425728000,0.1198000000,0.000000,4350.00,0.700000,0.660000,2016,"Transit",466.08400000
"Kepler-1088 b",1.42000000,2.60000000,23.12748644000,0.1616300000,0.000000,5975.00,1.080000,1.080000,2016,"Transit",280.62900000
"Kepler-1206 b",1.64000000,3.33000000,1.21699766300,0.0201000000,0.000000,4877.00,0.800000,0.750000,2016,"Transit",762.01900000
"Kepler-1205 b",1.41000000,2.57000000,1.07839035200,0.0196000000,0.000000,5226.00,0.840000,0.810000,2016,"Transit",698.48500000
"Kepler-1249 b",2.38000000,6.26000000,24.33471270000,0.1670000000,0.000000,6202.00,1.190000,1.280000,2016,"Transit",1904.54000000
"Kepler-1250 b",1.92000000,4.35000000,2.60754383400,0.0393000000,0.000000,5717.00,0.990000,0.980000,2016,"Transit",2126.85000000
"Kepler-1293 b",0.97000000,0.87100000,5.57654784000,0.0676300000,0.000000,6241.00,1.180000,1.280000,2016,"Transit",1028.16000000
"Kepler-513 b",2.20000000,5.48000000,28.86235584000,0.1779000000,0.000000,5849.00,1.020000,1.060000,2016,"Transit",468.25800000
"Kepler-1092 b",2.07000000,4.94000000,58.60179250000,0.2996000000,0.000000,5862.00,0.990000,1.000000,2016,"Transit",981.23300000
"Kepler-1209 b",1.51000000,2.89000000,25.36911600000,0.1751500000,0.000000,6210.00,1.230000,1.380000,2016,"Transit",505.53100000
"Kepler-1252 b",1.67000000,3.43000000,15.05403290000,0.1078000000,0.000000,5949.00,1.060000,1.090000,2016,"Transit",648.97900000
"Kepler-1253 b",1.33000000,2.33000000,68.88619150000,0.3144400000,0.000000,5850.00,0.970000,1.100000,2016,"Transit",514.52400000
"Kepler-1156 b",1.32000000,2.30000000,11.89520511000,0.0970400000,0.000000,5778.00,1.000000,1.000000,2016,"Transit",691.33100000
"Kepler-1155 b",2.03000000,4.78000000,33.46974300000,0.2006000000,0.000000,5842.00,1.030000,1.030000,2016,"Transit",1128.72000000
"Kepler-1093 b",1.95000000,4.46000000,25.08246260000,0.1754300000,0.000000,6166.00,1.130000,1.200000,2016,"Transit",1072.88000000
"Kepler-1094 b",3.18000000,10.20000000,78.10002310000,0.3625000000,0.000000,6112.00,1.140000,1.210000,2016,"Transit",1291.01000000
"Kepler-1213 b",1.19000000,1.81000000,5.34982412000,0.0602600000,0.000000,6050.00,1.140000,1.210000,2016,"Transit",807.81200000
"Kepler-1255 b",2.32000000,5.99000000,36.29193360000,0.2226000000,0.000000,6018.00,1.080000,1.120000,2016,"Transit",1617.07000000
"Kepler-1256 b",1.49000000,2.83000000,12.41277540000,0.1073300000,0.000000,6129.00,1.170000,1.360000,2016,"Transit",891.19200000
"Kepler-1160 b",2.14000000,5.22000000,7.97034958000,0.0755000000,0.000000,5519.00,0.920000,0.890000,2016,"Transit",1077.63000000
"Kepler-1158 b",2.34000000,6.08000000,13.53962930000,0.1264300000,0.000000,6203.00,1.410000,1.950000,2016,"Transit",1484.25000000
"Kepler-1097 b",3.26000000,10.70000000,187.74702900000,0.5791000000,0.000000,5211.00,0.820000,0.790000,2016,"Transit",719.80200000
"Kepler-1095 b",1.21000000,1.92000000,4.27103091000,0.0514000000,0.000000,5658.00,0.940000,0.920000,2016,"Transit",792.52200000
"Kepler-1217 b",1.99000000,4.62000000,2.03232507200,0.0326000000,0.000000,5905.00,1.060000,1.080000,2016,"Transit",1347.71000000
"Kepler-1216 b",1.39000000,2.51000000,4.37034536000,0.0519000000,0.000000,5743.00,0.990000,0.980000,2016,"Transit",1258.36000000
"Kepler-1257 b",1.52000000,2.92000000,2.66831376200,0.0376000000,0.000000,5502.00,0.900000,0.870000,2016,"Transit",1105.95000000
"Kepler-1260 b",1.77000000,3.78000000,19.11877530000,0.1444000000,0.000000,5961.00,1.060000,1.080000,2016,"Transit",1734.43000000
"Kepler-1163 b",1.03000000,1.08000000,6.11786898000,0.0686800000,0.000000,6302.00,1.220000,1.350000,2016,"Transit",478.64700000
"Kepler-1100 b",1.75000000,3.71000000,6.42200058000,0.0674500000,0.000000,6247.00,1.210000,1.340000,2016,"Transit",693.61800000
"Kepler-1098 b",1.30000000,2.24000000,2.54307285500,0.0358000000,0.000000,5794.00,0.990000,0.990000,2016,"Transit",1049.19000000
"Kepler-1261 b",2.26000000,5.73000000,48.43089910000,0.2390000000,0.000000,5006.00,0.820000,0.770000,2016,"Transit",744.29400000
"Kepler-1166 b",1.69000000,3.50000000,33.24068820000,0.1975000000,0.000000,5446.00,0.900000,0.860000,2016,"Transit",634.90600000
"Kepler-1167 b",1.71000000,3.57000000,1.00393373900,0.0175000000,0.000000,4971.00,0.790000,0.750000,2016,"Transit",820.90500000
"Kepler-1103 b",2.27000000,5.77000000,19.79191978000,0.1533600000,0.000000,6092.00,1.110000,1.150000,2016,"Transit",1331.92000000
"Kepler-1221 b",1.88000000,4.19000000,12.00096042000,0.0906000000,0.000000,5194.00,0.870000,0.820000,2016,"Transit",913.65000000
"Kepler-522 b",6.91000000,38.20000000,38.58422849000,0.2502900000,0.000000,6392.00,1.540000,1.980000,2016,"Transit",639.23900000
"Kepler-1264 b",1.18000000,1.76000000,0.96852602300,0.0183900000,0.000000,5791.00,0.990000,0.980000,2016,"Transit",801.99300000
"Kepler-1169 b",0.94000000,0.77900000,6.11009134000,0.0693100000,0.000000,6191.00,1.240000,1.230000,2016,"Transit",522.82300000
"Kepler-1168 b",2.50000000,6.80000000,55.82265390000,0.2663000000,0.000000,5157.00,0.870000,0.820000,2016,"Transit",752.66600000
"Kepler-1106 b",1.65000000,3.36000000,1.25275217400,0.0239000000,0.000000,6104.00,1.110000,1.170000,2016,"Transit",1090.70000000
"Kepler-1226 b",1.45000000,2.70000000,17.29234530000,0.1394500000,0.000000,5923.00,1.020000,1.020000,2016,"Transit",1125.72000000
"Kepler-1266 b",2.58000000,7.18000000,28.47474800000,0.1643100000,0.000000,5044.00,0.800000,0.760000,2016,"Transit",849.31200000
"Kepler-1268 b",2.03000000,4.78000000,40.99039860000,0.2383000000,0.000000,5904.00,1.060000,1.090000,2016,"Transit",1840.77000000
"Kepler-1171 b",2.56000000,7.08000000,1.44259224000,0.0284000000,0.000000,7044.00,1.580000,1.950000,2016,"Transit",573.00000000
"Kepler-1172 b",3.20000000,10.30000000,26.02044230000,0.1680000000,0.000000,5558.00,0.920000,0.890000,2016,"Transit",1306.53000000
"Kepler-1109 b",2.19000000,5.43000000,37.64673840000,0.2466000000,0.000000,5893.00,1.050000,1.060000,2016,"Transit",685.08700000
"Kepler-1110 b",2.66000000,7.56000000,9.69312032000,0.0754000000,0.000000,4781.00,0.730000,0.700000,2016,"Transit",726.82800000
"Kepler-1229 b",1.40000000,2.54000000,86.82898900000,0.3006000000,0.000000,3784.00,0.540000,0.510000,2016,"Transit",265.48200000
"Kepler-436 c",2.33000000,6.04000000,16.79713874000,0.1145200000,0.000000,4685.00,0.750000,0.710000,2016,"Transit",588.86700000
"Kepler-1270 b",3.32000000,11.00000000,6.03356196000,0.0704500000,0.000000,5047.00,1.280000,3.380000,2016,"Transit",1095.05000000
"Kepler-804 c",1.14000000,1.55000000,9.65185017000,0.0865400000,0.000000,5817.00,1.010000,1.050000,2016,"Transit",649.65000000
"Kepler-1230 b",2.71000000,7.80000000,9.95661537000,0.0921000000,0.000000,5961.00,1.060000,1.080000,2016,"Transit",1364.22000000
"Kepler-1271 b",1.48000000,2.79000000,3.02559550000,0.0423300000,0.000000,6143.00,1.130000,1.230000,2016,"Transit",831.99100000
"Kepler-1273 b",2.49000000,6.76000000,28.62565300000,0.1857000000,0.000000,5566.00,0.940000,0.910000,2016,"Transit",1114.24000000
"Kepler-1177 b",1.90000000,4.27000000,106.24754700000,0.4301000000,0.000000,5712.00,0.980000,0.970000,2016,"Transit",1299.97000000
"Kepler-1179 b",1.32000000,2.30000000,2.68505749200,0.0349700000,0.000000,5212.00,0.840000,0.810000,2016,"Transit",415.20500000
"Kepler-1152 b",0.87000000,0.59000000,1.64680190800,0.0223000000,0.000000,3964.00,0.550000,0.530000,2016,"Transit",215.23300000
"Kepler-1186 b",2.23000000,5.60000000,16.07677615000,0.1281000000,0.000000,5635.00,0.950000,0.930000,2016,"Transit",1337.25000000
"Kepler-535 b",2.36000000,6.17000000,4.90332155100,0.0601100000,0.000000,6123.00,1.180000,1.270000,2016,"Transit",685.59900000
"Kepler-1411 b",2.82000000,8.35000000,86.11508880000,0.4001000000,0.000000,5664.00,0.950000,0.920000,2016,"Transit",1660.48000000
"Kepler-1413 b",1.82000000,3.97000000,13.18296420000,0.1066000000,0.000000,5196.00,0.840000,0.800000,2016,"Transit",1167.49000000
"Kepler-1317 b",1.56000000,3.05000000,0.56887442700,0.0128000000,0.000000,5144.00,0.830000,0.790000,2016,"Transit",728.30300000
"Kepler-1318 b",3.11000000,9.85000000,213.25766300000,0.6085000000,0.000000,4598.00,0.730000,0.700000,2016,"Transit",475.24800000
"Kepler-1362 b",2.60000000,7.27000000,136.20562600000,0.4626000000,0.000000,4857.00,0.800000,0.740000,2016,"Transit",731.29800000
"Kepler-536 b",3.10000000,9.80000000,1.82708229900,0.0283500000,0.000000,5524.00,0.920000,0.890000,2016,"Transit",462.32200000
"Kepler-1415 b",1.29000000,2.21000000,0.63642408000,0.0141600000,0.000000,5267.00,0.890000,0.840000,2016,"Transit",1043.56000000
"Kepler-1320 b",1.70000000,3.53000000,0.86838652800,0.0163000000,0.000000,4817.00,0.800000,0.740000,2016,"Transit",647.42400000
"Kepler-1321 b",4.92000000,21.50000000,11.12830484000,0.0781000000,0.000000,4094.00,0.540000,0.530000,2016,"Transit",769.14600000
"Kepler-1366 b",1.43000000,2.63000000,2.16457096800,0.0273000000,0.000000,4070.00,0.620000,0.600000,2016,"Transit",465.82600000
"Kepler-903 c",2.53000000,6.94000000,62.92285570000,0.3024900000,0.000000,5682.00,0.980000,0.970000,2016,"Transit",1369.24000000
"Kepler-758 e",1.53000000,2.96000000,8.19347190000,0.0829000000,0.000000,6228.00,1.160000,1.420000,2016,"Transit",1502.32000000
"Kepler-1417 b",1.00000000,0.97200000,20.35052130000,0.1406200000,0.000000,5839.00,1.020000,1.020000,2016,"Transit",991.84500000
"Kepler-1322 b",1.61000000,3.22000000,0.96286738200,0.0183000000,0.000000,5488.00,0.900000,0.870000,2016,"Transit",1350.32000000
"Kepler-525 b",2.63000000,7.41000000,18.68404933000,0.1438600000,0.000000,5573.00,0.950000,1.150000,2016,"Transit",992.85200000
"Kepler-722 c",2.82000000,8.35000000,105.14474900000,0.4471000000,0.000000,5863.00,1.030000,1.050000,2016,"Transit",1239.50000000
"Kepler-1422 b",2.02000000,4.74000000,18.60519420000,0.1499000000,0.000000,6194.00,1.150000,1.230000,2016,"Transit",2465.84000000
"Kepler-1327 b",1.80000000,3.89000000,14.88801098000,0.1115100000,0.000000,5885.00,1.020000,1.030000,2016,"Transit",678.06900000
"Kepler-1368 b",1.65000000,3.36000000,0.67564948600,0.0153000000,0.000000,5906.00,1.070000,1.080000,2016,"Transit",1635.82000000
"Kepler-769 c",1.79000000,3.86000000,15.98701740000,0.1297000000,0.000000,6186.00,1.190000,1.280000,2016,"Transit",1169.57000000
"Kepler-770 c",1.20000000,1.87000000,1.47532231400,0.0309000000,0.000000,5598.00,0.940000,0.920000,2016,"Transit",930.45700000
"Kepler-1430 b",1.18000000,1.76000000,2.46050993000,0.0304000000,0.000000,4796.00,0.770000,0.720000,2016,"Transit",875.52300000
"Kepler-1431 b",1.47000000,2.76000000,5.86601526000,0.0648000000,0.000000,5806.00,1.030000,1.030000,2016,"Transit",1623.24000000
"Kepler-1328 b",0.98000000,0.90400000,4.52158888000,0.0520000000,0.000000,5780.00,1.000000,0.990000,2016,"Transit",813.54300000
"Kepler-1329 b",2.17000000,5.35000000,9.33646594000,0.0747000000,0.000000,4500.00,0.720000,0.690000,2016,"Transit",588.03700000
"Kepler-527 b",2.84000000,8.45000000,13.28535633000,0.1164600000,0.000000,6388.00,1.280000,1.450000,2016,"Transit",750.04000000
"Kepler-1371 b",0.73000000,0.31500000,3.44620390000,0.0421400000,0.000000,5361.00,0.870000,0.830000,2016,"Transit",515.33400000
"Kepler-770 d",1.40000000,2.54000000,4.15244722000,0.0616000000,0.000000,5598.00,0.940000,0.920000,2016,"Transit",930.45700000
"Kepler-896 b",2.53000000,6.94000000,144.54739600000,0.5637800000,0.000000,5262.00,0.840000,0.810000,2016,"Transit",2334.93000000
"Kepler-1427 b",1.10000000,1.37000000,0.96897237600,0.0197000000,0.000000,5793.00,1.010000,1.010000,2016,"Transit",1220.00000000
"Kepler-1332 b",1.37000000,2.45000000,11.87456832000,0.0991500000,0.000000,5581.00,0.950000,0.900000,2016,"Transit",528.68500000
"Kepler-1330 b",1.65000000,3.36000000,10.10769068000,0.0889000000,0.000000,5608.00,0.970000,0.940000,2016,"Transit",1720.48000000
"Kepler-1373 b",1.16000000,1.65000000,1.29123275000,0.0259800000,0.000000,6299.00,1.220000,1.330000,2016,"Transit",1699.46000000
"Kepler-1374 b",2.29000000,5.86000000,10.65276707000,0.0918000000,0.000000,5323.00,0.850000,0.810000,2016,"Transit",1078.46000000
"Kepler-1311 c",1.22000000,1.98000000,2.53573424000,0.0375300000,0.000000,5748.00,1.050000,1.400000,2016,"Transit",866.33100000
"Kepler-1428 b",1.64000000,3.33000000,10.67607169000,0.1105100000,0.000000,6184.00,1.280000,1.360000,2016,"Transit",1530.32000000
"Kepler-1429 b",1.29000000,2.21000000,4.48487493000,0.0550000000,0.000000,5902.00,1.050000,1.070000,2016,"Transit",1214.09000000
"Kepler-1335 b",1.45000000,2.70000000,6.26406846000,0.0615000000,0.000000,4903.00,0.770000,0.740000,2016,"Transit",621.85300000
"Kepler-528 b",2.08000000,4.98000000,19.78297415000,0.1421900000,0.000000,5807.00,1.010000,1.060000,2016,"Transit",784.23000000
"Kepler-1321 c",2.40000000,6.35000000,2.22649108600,0.0267000000,0.000000,4094.00,0.540000,0.530000,2016,"Transit",769.14600000
"Kepler-1433 b",1.56000000,3.05000000,4.13592271000,0.0516000000,0.000000,6097.00,1.140000,1.190000,2016,"Transit",1328.00000000
"Kepler-1337 b",2.41000000,6.39000000,24.40025490000,0.1441000000,0.000000,4523.00,0.700000,0.670000,2016,"Transit",601.62900000
"Kepler-1339 b",0.71000000,0.28500000,1.34155512700,0.0235600000,0.000000,5586.00,0.940000,0.930000,2016,"Transit",371.04900000
"Kepler-1377 b",1.25000000,2.10000000,0.74092842200,0.0153000000,0.000000,5218.00,0.860000,0.820000,2016,"Transit",1146.10000000
"Kepler-1378 b",2.20000000,5.48000000,11.95398936000,0.0885000000,0.000000,4407.00,0.700000,0.670000,2016,"Transit",506.43400000
"Kepler-1370 c",1.27000000,2.15000000,7.44142113000,0.0808400000,0.000000,6202.00,1.190000,1.290000,2016,"Transit",1004.10000000
"Kepler-1295 b",1.55000000,3.02000000,3.81371974000,0.0464000000,0.000000,5486.00,0.920000,0.890000,2016,"Transit",1174.46000000
"Kepler-1296 b",0.91000000,0.69300000,8.38398650000,0.0896000000,0.000000,5359.00,0.870000,0.830000,2016,"Transit",1551.54000000
"Kepler-1341 b",2.99000000,9.22000000,132.99683220000,0.4726700000,0.000000,4662.00,0.790000,0.720000,2016,"Transit",476.95700000
"Kepler-529 b",1.86000000,4.12000000,1.98035766300,0.0309000000,0.000000,6087.00,1.070000,1.140000,2016,"Transit",799.00800000
"Kepler-1380 b",1.43000000,2.63000000,10.31082450000,0.0917000000,0.000000,5570.00,0.960000,0.940000,2016,"Transit",2462.94000000
"Kepler-1391 b",1.68000000,3.46000000,54.40923330000,0.3004500000,0.000000,5840.00,1.030000,1.100000,2016,"Transit",1038.35000000
"Kepler-1392 b",1.96000000,4.50000000,15.14103970000,0.1189000000,0.000000,5479.00,0.880000,0.850000,2016,"Transit",1117.00000000
"Kepler-1297 b",0.97000000,0.87100000,1.68189002000,0.0283000000,0.000000,5818.00,0.990000,0.990000,2016,"Transit",1439.47000000
"Kepler-1343 b",1.93000000,4.38000000,3.35183158000,0.0449000000,0.000000,5759.00,0.950000,0.930000,2016,"Transit",1756.71000000
"Kepler-1344 b",1.84000000,4.04000000,4.76830490000,0.0550100000,0.000000,5981.00,1.090000,1.130000,2016,"Transit",853.95900000
"Kepler-1383 b",1.41000000,2.57000000,13.90935830000,0.1139700000,0.000000,6370.00,1.260000,1.440000,2016,"Transit",1027.21000000
"Kepler-1381 b",2.25000000,5.69000000,25.38426860000,0.1728000000,0.000000,5747.00,0.960000,0.940000,2016,"Transit",1197.04000000
"Kepler-1393 b",0.80000000,0.43700000,2.44357812000,0.0337000000,0.000000,5697.00,0.950000,0.920000,2016,"Transit",544.45600000
"Kepler-1300 b",1.37000000,2.45000000,22.24190920000,0.1600500000,0.000000,6130.00,1.290000,1.790000,2016,"Transit",777.02500000
"Kepler-616 c",3.41000000,11.50000000,90.41135560000,0.4024000000,0.000000,5753.00,0.980000,0.970000,2016,"Transit",945.77500000
"Kepler-1347 b",1.03000000,1.08000000,14.00947528000,0.1040000000,0.000000,5193.00,0.820000,0.790000,2016,"Transit",321.00000000
"Kepler-1345 b",2.36000000,6.17000000,44.61695570000,0.2641200000,0.000000,6449.00,1.320000,1.550000,2016,"Transit",1355.02000000
"Kepler-1385 b",0.85000000,0.54300000,2.88879862000,0.0426200000,0.000000,5732.00,1.150000,1.290000,2016,"Transit",688.79500000
"Kepler-1384 b",1.94000000,4.42000000,15.36262753000,0.1126000000,0.000000,4919.00,0.780000,0.740000,2016,"Transit",618.00000000
"Kepler-1397 b",1.72000000,3.61000000,47.44995500000,0.2586100000,0.000000,6026.00,1.090000,1.120000,2016,"Transit",1198.25000000
"Kepler-1398 b",0.90000000,0.66600000,2.78815679000,0.0390900000,0.000000,6126.00,1.130000,1.180000,2016,"Transit",852.20400000
"Kepler-1396 b",2.07000000,4.94000000,18.22064210000,0.1406000000,0.000000,6195.00,1.180000,1.270000,2016,"Transit",1066.46000000
"Kepler-1302 b",1.43000000,2.63000000,8.83922659000,0.0795000000,0.000000,5236.00,0.860000,0.820000,2016,"Transit",634.58000000
"Kepler-1304 b",2.29000000,5.86000000,16.12888530000,0.1202000000,0.000000,5259.00,0.850000,0.810000,2016,"Transit",2176.08000000
"Kepler-1350 b",2.52000000,6.90000000,4.49686040000,0.0413000000,0.000000,3827.00,0.550000,0.530000,2016,"Transit",340.69100000
"Kepler-1348 b",1.94000000,4.42000000,27.57227420000,0.1834000000,0.000000,5911.00,1.040000,1.040000,2016,"Transit",1213.82000000
"Kepler-1387 b",0.93000000,0.74900000,2.27952665600,0.0310000000,0.000000,5046.00,0.820000,0.770000,2016,"Transit",455.35800000
"Kepler-1398 c",1.03000000,1.08000000,4.13827595000,0.0508700000,0.000000,6126.00,1.130000,1.180000,2016,"Transit",852.20400000
"Kepler-1400 b",1.62000000,3.26000000,9.06689421000,0.0771000000,0.000000,5044.00,0.830000,0.780000,2016,"Transit",752.23700000
"Kepler-1307 b",2.47000000,6.66000000,18.01621096000,0.1369000000,0.000000,5884.00,1.060000,1.080000,2016,"Transit",1014.62000000
"Kepler-1351 b",0.65000000,0.20800000,0.91614076800,0.0156000000,0.000000,4439.00,0.700000,0.670000,2016,"Transit",202.78200000
"Kepler-521 b",3.18000000,10.20000000,22.20813214000,0.1711600000,0.000000,6406.00,1.340000,1.460000,2016,"Transit",830.63800000
"Kepler-1390 b",1.18000000,1.76000000,6.48021673000,0.0662000000,0.000000,5753.00,0.980000,0.980000,2016,"Transit",723.43100000
"Kepler-531 b",2.78000000,8.15000000,29.88485741000,0.1744600000,0.000000,4893.00,0.780000,0.750000,2016,"Transit",252.76200000
"Kepler-1389 b",1.77000000,3.78000000,99.25309510000,0.3824900000,0.000000,5078.00,0.810000,0.740000,2016,"Transit",497.09300000
"Kepler-1401 b",1.68000000,3.46000000,11.20066445000,0.0975000000,0.000000,5964.00,1.070000,1.100000,2016,"Transit",1425.43000000
"Kepler-1402 b",0.76000000,0.36300000,2.03387914000,0.0322000000,0.000000,5416.00,0.900000,0.870000,2016,"Transit",1493.64000000
"Kepler-1308 b",0.52000000,0.09330000,2.10433811900,0.0250000000,0.000000,3468.00,0.350000,0.340000,2016,"Transit",112.70500000
"Kepler-1309 b",2.37000000,6.21000000,28.84326470000,0.1679000000,0.000000,5235.00,0.850000,0.800000,2016,"Transit",845.00000000
"Kepler-1352 b",0.89000000,0.64000000,1.87788274800,0.0288300000,0.000000,6118.00,1.110000,1.160000,2016,"Transit",670.82900000
"Kepler-1353 b",1.80000000,3.89000000,24.75439660000,0.1530000000,0.000000,4776.00,0.760000,0.720000,2016,"Transit",593.38400000
"Kepler-532 b",2.57000000,7.13000000,12.92491623000,0.1015100000,0.000000,5192.00,0.870000,0.790000,2016,"Transit",312.79800000
"Kepler-1403 b",2.14000000,5.22000000,5.19492202000,0.0640000000,0.000000,6060.00,1.110000,1.150000,2016,"Transit",2163.90000000
"Kepler-1405 b",3.96000000,14.90000000,28.22741840000,0.1778000000,0.000000,5925.00,1.050000,1.070000,2016,"Transit",1530.30000000
"Kepler-1310 b",1.44000000,2.67000000,0.67933627200,0.0145200000,0.000000,5549.00,0.910000,0.880000,2016,"Transit",569.18500000
"Kepler-1312 b",2.10000000,5.06000000,5.44832528600,0.0605300000,0.000000,5719.00,0.990000,0.920000,2016,"Transit",299.10400000
"Kepler-517 b",2.67000000,7.61000000,60.92832271000,0.2868200000,0.000000,5690.00,0.950000,0.980000,2016,"Transit",289.90700000
"Kepler-1356 b",1.53000000,2.96000000,0.63400293700,0.0136000000,0.000000,5106.00,0.820000,0.780000,2016,"Transit",845.22800000
"Kepler-1354 b",2.97000000,9.11000000,76.61337700000,0.3521000000,0.000000,6168.00,1.160000,1.240000,2016,"Transit",1119.45000000
"Kepler-1050 c",1.48000000,2.79000000,21.12845690000,0.1526400000,0.000000,6010.00,1.090000,1.130000,2016,"Transit",490.48800000
"Kepler-1407 b",2.25000000,5.69000000,20.07115040000,0.1502000000,0.000000,6010.00,1.100000,1.150000,2016,"Transit",1396.41000000
"Kepler-1313 b",1.76000000,3.75000000,3.83309117800,0.0461900000,0.000000,5453.00,0.920000,0.850000,2016,"Transit",174.23400000
"Kepler-1359 b",2.83000000,8.40000000,59.49709520000,0.2665700000,0.000000,4709.00,0.780000,0.720000,2016,"Transit",614.85900000
"Kepler-1360 b",3.40000000,11.50000000,40.52864130000,0.2866000000,0.000000,6778.00,1.510000,1.830000,2016,"Transit",1516.27000000
"Kepler-1611 b",0.81000000,0.45700000,5.17624290000,0.0586000000,0.000000,5605.00,0.940000,0.930000,2016,"Transit",908.44400000
"Kepler-1463 b",1.86000000,4.12000000,25.15864000000,0.1694000000,0.000000,5679.00,0.960000,0.950000,2016,"Transit",1687.47000000
"Kepler-1543 b",2.71000000,7.80000000,6.96710269000,0.0867000000,0.000000,6561.00,1.390000,1.650000,2016,"Transit",921.78400000
"Kepler-1578 b",1.04000000,1.12000000,1.45088690700,0.0252000000,0.000000,5545.00,0.900000,0.860000,2016,"Transit",1064.05000000
"Kepler-626 b",2.29000000,5.86000000,14.48585199000,0.1091300000,0.000000,5813.00,1.010000,1.050000,2016,"Transit",635.64300000
"Kepler-1465 b",1.77000000,3.78000000,31.82771110000,0.1939000000,0.000000,4726.00,0.750000,0.710000,2016,"Transit",359.49700000
"Kepler-1466 b",1.55000000,3.02000000,31.17504480000,0.1798100000,0.000000,5884.00,1.010000,1.020000,2016,"Transit",631.94900000
"Kepler-1546 b",3.13000000,9.96000000,19.59749710000,0.1366000000,0.000000,5623.00,0.950000,0.930000,2016,"Transit",931.95600000
"Kepler-1548 b",2.64000000,7.46000000,124.82867900000,0.4679000000,0.000000,5706.00,0.990000,0.970000,2016,"Transit",872.27900000
"Kepler-1613 b",2.08000000,4.98000000,1.51842990000,0.0275500000,0.000000,6005.00,1.080000,1.120000,2016,"Transit",1508.33000000
"Kepler-1468 c",1.15000000,1.60000000,3.54553021000,0.0466000000,0.000000,5893.00,1.040000,1.050000,2016,"Transit",1899.24000000
"Kepler-1582 b",1.49000000,2.83000000,4.83817712000,0.0316000000,0.000000,3208.00,0.280000,0.300000,2016,"Transit",78.89060000
"Kepler-1469 b",2.80000000,8.25000000,21.86353010000,0.1466000000,0.000000,5507.00,0.920000,0.890000,2016,"Transit",1159.30000000
"Kepler-633 b",1.63000000,3.29000000,8.50340718000,0.0818500000,0.000000,5899.00,1.020000,1.150000,2016,"Transit",680.54000000
"Kepler-1550 b",3.02000000,9.38000000,225.58280900000,0.7681000000,0.000000,5991.00,1.070000,1.110000,2016,"Transit",1179.01000000
"Kepler-1552 b",2.47000000,6.66000000,184.77185300000,0.6011000000,0.000000,5202.00,0.850000,0.780000,2016,"Transit",769.09600000
"Kepler-1584 b",1.61000000,3.22000000,13.39970990000,0.1168000000,0.000000,6069.00,1.100000,1.130000,2016,"Transit",1416.31000000
"Kepler-556 b",2.24000000,5.65000000,11.72292176000,0.0983300000,0.000000,5740.00,1.000000,0.980000,2016,"Transit",674.59800000
"Kepler-629 b",1.38000000,2.48000000,7.23858540000,0.0710700000,0.000000,5444.00,0.930000,0.840000,2016,"Transit",372.05000000
"Kepler-630 b",3.18000000,10.20000000,161.47439370000,0.5620100000,0.000000,5829.00,1.020000,1.040000,2016,"Transit",839.78400000
"Kepler-1470 b",1.07000000,1.24000000,16.29509030000,0.1160000000,0.000000,4961.00,0.800000,0.760000,2016,"Transit",590.60100000
"Kepler-1475 b",2.92000000,8.85000000,82.17737400000,0.3730000000,0.000000,6214.00,1.180000,1.280000,2016,"Transit",1568.38000000
"Kepler-1476 b",1.67000000,3.43000000,10.35863224000,0.0932000000,0.000000,5663.00,0.980000,0.960000,2016,"Transit",1002.74000000
"Kepler-154 f",1.50000000,2.86000000,9.91935684000,0.0883200000,0.000000,5769.00,0.980000,0.980000,2016,"Transit",915.21200000
"Kepler-1165 b",1.55000000,3.02000000,9.47852200000,0.0914000000,0.000000,6080.00,1.130000,1.180000,2016,"Transit",1575.20000000
"Kepler-1587 b",1.33000000,2.33000000,9.40604670000,0.0874700000,0.000000,5933.00,1.080000,1.220000,2016,"Transit",1026.48000000
"Kepler-579 b",2.00000000,4.66000000,9.66857723000,0.0854000000,0.000000,5636.00,0.990000,0.960000,2016,"Transit",530.76500000
"Kepler-1619 b",0.76000000,0.36300000,23.62259130000,0.1541300000,0.000000,5852.00,1.000000,1.000000,2016,"Transit",734.85000000
"Kepler-132 e",1.18000000,1.76000000,110.28693740000,0.4392700000,0.000000,6023.00,1.030000,1.100000,2016,"Transit",349.54900000
"Kepler-1471 b",1.41000000,2.57000000,3.63899398000,0.0453000000,0.000000,5660.00,0.950000,0.930000,2016,"Transit",978.67800000
"Kepler-1554 b",2.90000000,8.75000000,198.08877400000,0.5952700000,0.000000,5297.00,0.840000,0.810000,2016,"Transit",946.84700000
"Kepler-541 b",3.36000000,11.20000000,5.08005848000,0.0644700000,0.000000,6166.00,1.410000,2.060000,2016,"Transit",1060.68000000
"Kepler-1589 b",1.09000000,1.32000000,0.99166527400,0.0205000000,0.000000,6166.00,1.180000,1.250000,2016,"Transit",1513.14000000
"Kepler-686 b",12.15000000,,1.59474546300,0.0258000000,0.000000,5649.00,0.940000,0.920000,2016,"Transit",1490.94000000
"Kepler-1473 b",1.19000000,1.81000000,14.42735510000,0.1160600000,0.000000,6046.00,1.090000,1.090000,2016,"Transit",652.25300000
"Kepler-1472 b",1.90000000,4.27000000,38.13128310000,0.2322000000,0.000000,6159.00,1.160000,1.250000,2016,"Transit",1479.14000000
"Kepler-1474 b",2.16000000,5.31000000,36.43334520000,0.2108000000,0.000000,5870.00,1.040000,1.040000,2016,"Transit",1180.90000000
"Kepler-1556 b",1.96000000,4.50000000,8.82713457000,0.0829000000,0.000000,5608.00,0.970000,0.950000,2016,"Transit",944.54000000
"Kepler-542 b",1.57000000,3.09000000,13.14497566000,0.1070300000,0.000000,5526.00,0.930000,0.900000,2016,"Transit",436.01600000
"Kepler-1592 b",1.54000000,2.99000000,3.05710069000,0.0400000000,0.000000,6213.00,1.180000,1.280000,2016,"Transit",1639.47000000
"Kepler-1623 b",1.31000000,2.27000000,4.36128348000,0.0518000000,0.000000,5772.00,1.000000,1.000000,2016,"Transit",837.48100000
"Kepler-1622 b",1.47000000,2.76000000,10.81187370000,0.1013600000,0.000000,6436.00,1.310000,1.500000,2016,"Transit",796.47700000
"Kepler-631 b",2.90000000,8.75000000,17.97979059000,0.1401700000,0.000000,6185.00,1.240000,1.330000,2016,"Transit",761.96600000
"Kepler-1477 b",1.18000000,1.76000000,11.55530021000,0.0911000000,0.000000,5100.00,0.810000,0.780000,2016,"Transit",680.82800000
"Kepler-1478 b",1.73000000,3.64000000,26.08405940000,0.1681000000,0.000000,5904.00,1.040000,1.060000,2016,"Transit",1845.58000000
"Kepler-1558 b",0.68000000,0.24400000,3.50470358000,0.0427800000,0.000000,5101.00,0.830000,0.790000,2016,"Transit",325.73700000
"Kepler-1557 b",1.53000000,2.96000000,3.74032496000,0.0490000000,0.000000,6099.00,1.110000,1.170000,2016,"Transit",1380.16000000
"Kepler-544 b",2.12000000,5.14000000,21.41616926000,0.1548200000,0.000000,6206.00,1.160000,1.220000,2016,"Transit",963.18000000
"Kepler-1442 b",3.93000000,14.70000000,81.41629410000,0.4081400000,0.000000,6394.00,1.340000,1.440000,2016,"Transit",608.68000000
"Kepler-1435 b",0.86000000,0.56600000,4.45343281000,0.0545600000,0.000000,6356.00,1.210000,1.320000,2016,"Transit",704.21100000
"Kepler-1559 b",0.72000000,0.29900000,0.97191542800,0.0183500000,0.000000,5316.00,0.860000,0.820000,2016,"Transit",614.82700000
"Kepler-1596 b",1.90000000,4.27000000,66.37337900000,0.3237000000,0.000000,5706.00,0.950000,0.920000,2016,"Transit",2146.23000000
"Kepler-403 d",1.42000000,2.60000000,13.61159129000,0.1217800000,0.000000,6209.00,1.250000,1.450000,2016,"Transit",840.26900000
"Kepler-1443 b",0.97000000,0.87100000,2.41811321000,0.0378300000,0.000000,6289.00,1.190000,1.270000,2016,"Transit",593.64600000
"Kepler-1438 b",0.94000000,0.77900000,2.31942009000,0.0346000000,0.000000,5530.00,0.970000,0.960000,2016,"Transit",1154.13000000
"Kepler-1562 b",3.55000000,12.30000000,64.27377520000,0.3308000000,0.000000,5760.00,1.020000,1.050000,2016,"Transit",2060.72000000
"Kepler-1561 b",1.09000000,1.32000000,1.00520700700,0.0194000000,0.000000,5957.00,1.070000,1.110000,2016,"Transit",839.07600000
"Kepler-1598 b",0.95000000,0.80900000,4.34195123000,0.0520700000,0.000000,5940.00,1.070000,1.090000,2016,"Transit",619.86200000
"Kepler-1445 b",0.96000000,0.84000000,10.60052251000,0.0958700000,0.000000,6150.00,1.130000,1.260000,2016,"Transit",506.35700000
"Kepler-511 b",6.35000000,33.10000000,296.63786500000,0.8567200000,0.000000,5770.00,1.000000,1.200000,2016,"Transit",651.99900000
"Kepler-1564 b",1.47000000,2.76000000,18.05403810000,0.1327000000,0.000000,5528.00,0.930000,0.900000,2016,"Transit",908.80500000
"Kepler-1563 b",0.75000000,0.34700000,3.43276598000,0.0442000000,0.000000,5765.00,1.000000,0.990000,2016,"Transit",616.69700000
"Kepler-1565 b",1.19000000,1.81000000,1.53818843700,0.0241000000,0.000000,4940.00,0.760000,0.730000,2016,"Transit",629.93000000
"Kepler-1602 b",1.34000000,2.36000000,11.17931605000,0.0974400000,0.000000,6296.00,1.220000,1.360000,2016,"Transit",629.80400000
"Kepler-1448 b",1.61000000,3.22000000,12.27065865000,0.1058000000,0.000000,5774.00,0.950000,0.930000,2016,"Transit",768.90300000
"Kepler-1449 b",1.68000000,3.46000000,13.22745280000,0.1176000000,0.000000,5979.00,1.080000,1.100000,2016,"Transit",2006.48000000
"Kepler-1566 b",0.79000000,0.41800000,0.53991523800,0.0119800000,0.000000,5254.00,0.840000,0.810000,2016,"Transit",466.58600000
"Kepler-1567 b",2.73000000,7.90000000,153.97957800000,0.5520000000,0.000000,5655.00,0.950000,0.930000,2016,"Transit",1206.11000000
"Kepler-597 b",2.37000000,6.21000000,13.02365861000,0.1091600000,0.000000,5683.00,0.970000,0.950000,2016,"Transit",663.41800000
"Kepler-1603 b",1.29000000,2.21000000,2.27163926000,0.0351000000,0.000000,6241.00,1.210000,1.310000,2016,"Transit",2712.58000000
"Kepler-1450 b",1.71000000,3.57000000,54.50941660000,0.2401000000,0.000000,4524.00,0.710000,0.680000,2016,"Transit",505.82900000
"Kepler-1451 b",3.35000000,11.20000000,35.62223300000,0.2101000000,0.000000,5782.00,1.000000,0.990000,2016,"Transit",1058.72000000
"Kepler-603 d",1.32000000,2.30000000,6.21712920000,0.0711700000,0.000000,5808.00,1.010000,1.010000,2016,"Transit",1539.63000000
"Kepler-605 c",0.86000000,0.56600000,2.35895151500,0.0333600000,0.000000,5462.00,0.910000,0.880000,2016,"Transit",556.58000000
"Kepler-1568 b",1.30000000,2.24000000,20.92539200000,0.1515700000,0.000000,5956.00,1.090000,1.190000,2016,"Transit",916.31300000
"Kepler-1606 b",2.07000000,4.94000000,196.43522400000,0.6421000000,0.000000,5422.00,0.900000,0.860000,2016,"Transit",831.28700000
"Kepler-1452 b",2.70000000,7.75000000,42.91375100000,0.2576400000,0.000000,6101.00,1.410000,2.060000,2016,"Transit",996.32000000
"Kepler-1571 b",1.52000000,2.92000000,3.38555488000,0.0428700000,0.000000,6297.00,1.230000,1.390000,2016,"Transit",675.30300000
"Kepler-1570 b",1.07000000,1.24000000,26.54895500000,0.1669900000,0.000000,5550.00,0.920000,0.890000,2016,"Transit",918.99500000
"Kepler-1572 b",0.94000000,0.77900000,5.49548621000,0.0583800000,0.000000,5618.00,0.970000,0.950000,2016,"Transit",946.60200000
"Kepler-1607 b",0.92000000,0.72100000,13.64736760000,0.1197800000,0.000000,6116.00,1.140000,1.210000,2016,"Transit",1286.10000000
"Kepler-1609 b",2.22000000,5.56000000,114.34219000000,0.4679000000,0.000000,6132.00,1.180000,1.270000,2016,"Transit",1826.04000000
"Kepler-1457 b",1.99000000,4.62000000,51.11102430000,0.2639100000,0.000000,5866.00,1.010000,1.010000,2016,"Transit",889.88500000
"Kepler-1458 b",2.76000000,8.05000000,47.98727640000,0.2486900000,0.000000,5653.00,0.960000,0.940000,2016,"Transit",544.45000000
"Kepler-217 d",1.32000000,2.30000000,3.88689525000,0.0534000000,0.000000,6341.00,1.370000,1.760000,2016,"Transit",1104.64000000
"Kepler-625 c",1.05000000,1.16000000,4.16536510000,0.0537900000,0.000000,5789.00,1.040000,0.960000,2016,"Transit",760.70800000
"Kepler-653 c",0.78000000,0.39900000,0.90037647600,0.0185500000,0.000000,5665.00,1.020000,1.190000,2016,"Transit",595.63400000
"Kepler-1575 b",1.31000000,2.27000000,2.55314213000,0.0366000000,0.000000,5667.00,0.950000,0.920000,2016,"Transit",1246.92000000
"Kepler-578 b",2.00000000,4.66000000,1.61688369600,0.0266000000,0.000000,5334.00,0.870000,0.830000,2016,"Transit",541.43200000
"Kepler-1461 b",2.03000000,4.78000000,29.34947750000,0.1715000000,0.000000,4919.00,0.790000,0.740000,2016,"Transit",679.10600000
"Kepler-1541 b",1.16000000,1.65000000,8.40691199000,0.0755500000,0.000000,5282.00,0.860000,0.810000,2016,"Transit",416.69200000
"Kepler-1576 b",1.04000000,1.12000000,6.98471973000,0.0721100000,0.000000,5876.00,1.050000,1.060000,2016,"Transit",460.91000000
"Kepler-603 b",2.65000000,7.51000000,21.05358596000,0.1605200000,0.000000,5808.00,1.010000,1.010000,2016,"Transit",1539.63000000
"Kepler-640 b",2.56000000,7.08000000,22.24813967000,0.1541800000,0.000000,5653.00,1.010000,0.940000,2016,"Transit",557.78700000
"Kepler-722 b",2.63000000,7.41000000,4.09357325200,0.0514000000,0.000000,5863.00,1.030000,1.050000,2016,"Transit",1239.50000000
"Kepler-634 b",1.89000000,4.23000000,5.16950177000,0.0576500000,0.000000,6075.00,1.030000,1.240000,2016,"Transit",888.02700000
"Kepler-701 b",2.84000000,8.45000000,10.35533177000,0.0895000000,0.000000,5343.00,0.880000,0.840000,2016,"Transit",774.15200000
"Kepler-709 b",2.92000000,8.85000000,16.08524954000,0.1173000000,0.000000,5071.00,0.800000,0.770000,2016,"Transit",664.84300000
"Kepler-1625 b",6.06000000,30.60000000,287.37894900000,0.8776200000,0.000000,5677.00,0.960000,0.940000,2016,"Transit",2310.11000000
"Kepler-1501 b",1.56000000,3.05000000,14.55645330000,0.1159200000,0.000000,6229.00,1.200000,1.300000,2016,"Transit",749.06000000
"Kepler-1500 b",1.20000000,1.87000000,15.03301050000,0.1236000000,0.000000,5845.00,1.000000,1.000000,2016,"Transit",1217.82000000
"Kepler-1522 b",1.73000000,3.64000000,1.84788917100,0.0288000000,0.000000,5706.00,0.960000,0.930000,2016,"Transit",814.12500000
"Kepler-702 b",9.17000000,61.80000000,10.52629406300,0.0880000000,0.000000,5419.00,0.900000,0.860000,2016,"Transit",992.07100000
"Kepler-641 b",1.85000000,4.08000000,9.48961571000,0.0895000000,0.000000,5713.00,1.020000,1.130000,2016,"Transit",969.91800000
"Kepler-1626 b",2.02000000,4.74000000,4.13962966000,0.0537000000,0.000000,6826.00,1.510000,1.850000,2016,"Transit",1368.83000000
"Kepler-609 b",3.35000000,11.20000000,6.52121066600,0.0682000000,0.000000,5971.00,1.090000,1.140000,2016,"Transit",1065.82000000
"Kepler-724 b",3.29000000,10.80000000,3.31494633800,0.0433000000,0.000000,5437.00,0.900000,0.860000,2016,"Transit",853.11900000
"Kepler-1504 b",2.13000000,5.18000000,82.30400300000,0.3704000000,0.000000,5393.00,0.850000,0.810000,2016,"Transit",2435.94000000
"Kepler-1505 b",0.93000000,0.74900000,30.86093660000,0.1829800000,0.000000,5686.00,0.930000,0.860000,2016,"Transit",495.14800000
"Kepler-1524 b",3.54000000,12.30000000,70.96746030000,0.3392000000,0.000000,6179.00,1.170000,1.250000,2016,"Transit",381.77300000
"Kepler-495 b",5.23000000,23.80000000,3.41303622100,0.0427000000,0.000000,5346.00,0.860000,0.830000,2016,"Transit",658.92400000
"Kepler-710 b",1.88000000,4.19000000,4.34728552700,0.0524000000,0.000000,5611.00,0.940000,0.910000,2016,"Transit",1448.34000000
"Kepler-540 b",2.71000000,7.80000000,172.70497840000,0.5882200000,0.000000,5946.00,1.020000,1.080000,2016,"Transit",390.37400000
"Kepler-1644 b",1.88000000,4.19000000,21.09077580000,0.1420000000,0.000000,5499.00,0.890000,0.860000,2016,"Transit",629.27000000
"Kepler-1507 b",0.84000000,0.52000000,16.05062130000,0.1194600000,0.000000,5410.00,0.890000,0.850000,2016,"Transit",320.47800000
"Kepler-1506 b",1.32000000,2.30000000,14.03291540000,0.1168000000,0.000000,5676.00,0.950000,0.930000,2016,"Transit",2366.02000000
"Kepler-1086 c",2.94000000,8.96000000,161.51633450000,0.5030000000,0.000000,4350.00,0.700000,0.660000,2016,"Transit",466.08400000
"Kepler-604 b",2.59000000,7.22000000,25.85501786000,0.1735000000,0.000000,5890.00,1.020000,1.030000,2016,"Transit",1026.49000000
"Kepler-1627 b",3.69000000,13.20000000,7.20283653000,0.0643000000,0.000000,5445.00,0.870000,0.840000,2016,"Transit",317.43700000
"Kepler-1510 b",3.36000000,11.20000000,84.70392100000,0.4089000000,0.000000,6200.00,1.190000,1.280000,2016,"Transit",1696.25000000
"Kepler-1511 b",1.68000000,3.46000000,23.23827920000,0.1753000000,0.000000,6064.00,1.170000,1.290000,2016,"Transit",1475.60000000
"Kepler-1526 b",2.43000000,6.48000000,3.90863200500,0.0418000000,0.000000,4601.00,0.730000,0.690000,2016,"Transit",555.57400000
"Kepler-643 b",10.16000000,321.00830000,16.33889626000,0.1348500000,0.370000,4908.00,1.000000,2.520000,2016,"Transit",1063.58000000
"Kepler-642 b",2.90000000,8.75000000,4.41745855000,0.0563100000,0.000000,6570.00,1.400000,1.660000,2016,"Transit",781.58200000
"Kepler-711 b",3.41000000,11.50000000,23.58914398000,0.1429000000,0.000000,5222.00,0.840000,0.800000,2016,"Transit",624.57500000
"Kepler-726 b",3.26000000,10.70000000,21.80451088000,0.1406000000,0.000000,5452.00,0.880000,0.850000,2016,"Transit",762.08100000
"Kepler-401 d",2.27000000,5.77000000,184.25640500000,0.6688600000,0.000000,6184.00,1.170000,1.290000,2016,"Transit",965.56000000
"Kepler-1512 b",1.18000000,1.76000000,20.35972599000,0.1369300000,0.000000,4372.00,0.730000,0.670000,2016,"Transit",162.00000000
"Kepler-1528 b",1.46000000,2.73000000,1.79111020500,0.0296000000,0.000000,5857.00,1.030000,1.030000,2016,"Transit",817.53400000
"Kepler-1529 b",2.10000000,5.06000000,5.33905686000,0.0525000000,0.000000,5048.00,0.810000,0.770000,2016,"Transit",661.01400000
"Kepler-1388 d",2.86000000,8.55000000,20.95681580000,0.1260000000,0.000000,4098.00,0.630000,0.610000,2016,"Transit",453.79500000
"Kepler-622 b",2.13000000,5.18000000,14.28226676000,0.0978000000,0.000000,4201.00,0.640000,0.610000,2016,"Transit",284.76100000
"Kepler-1530 b",1.64000000,3.33000000,2.59044340000,0.0355300000,0.000000,5477.00,0.920000,0.880000,2016,"Transit",489.87600000
"Kepler-1530 c",1.65000000,3.36000000,5.32274060000,0.0574400000,0.000000,5477.00,0.920000,0.880000,2016,"Transit",489.87600000
"Kepler-1632 b",2.47000000,6.66000000,448.30355800000,0.6762000000,0.000000,6137.00,1.120000,1.190000,2016,"Transit",716.76000000
"Kepler-1631 b",1.35000000,2.39000000,4.09513932000,0.0511000000,0.000000,5679.00,0.970000,0.950000,2016,"Transit",1305.99000000
"Kepler-1534 b",1.89000000,4.23000000,5.71668872000,0.0599000000,0.000000,5442.00,0.900000,0.860000,2016,"Transit",1107.00000000
"Kepler-1531 b",1.11000000,1.41000000,1.13854337600,0.0220400000,0.000000,6260.00,1.160000,1.270000,2016,"Transit",666.33400000
"Kepler-1093 c",1.96000000,4.50000000,89.72229200000,0.4103700000,0.000000,6166.00,1.130000,1.200000,2016,"Transit",1072.88000000
"Kepler-714 b",9.67000000,67.60000000,8.09888798600,0.0832000000,0.000000,5995.00,1.090000,1.120000,2016,"Transit",2083.37000000
"Kepler-1633 b",1.58000000,3.12000000,186.40427100000,0.3875000000,0.000000,6256.00,1.200000,1.320000,2016,"Transit",1114.91000000
"Kepler-713 b",2.48000000,6.71000000,7.41114100000,0.0748000000,0.000000,5785.00,0.980000,0.990000,2016,"Transit",1089.87000000
"Kepler-1480 b",1.67000000,3.43000000,22.12679948000,0.1525000000,0.000000,5156.00,0.850000,0.810000,2016,"Transit",500.89200000
"Kepler-1479 b",1.83000000,4.01000000,14.53261362000,0.1134100000,0.000000,5796.00,0.990000,0.980000,2016,"Transit",728.66800000
"Kepler-1481 b",1.23000000,2.04000000,5.94220998000,0.0590000000,0.000000,4908.00,0.800000,0.750000,2016,"Transit",459.07600000
"Kepler-990 c",1.53000000,2.96000000,0.53835430800,0.0123200000,0.000000,5948.00,1.050000,1.080000,2016,"Transit",802.16300000
"Kepler-969 c",0.99000000,0.93700000,1.68293460400,0.0265000000,0.000000,5214.00,0.920000,0.820000,2016,"Transit",390.35400000
"Kepler-489 b",7.72000000,46.10000000,17.27629611900,0.1210900000,0.000000,5014.00,0.820000,0.760000,2016,"Transit",369.64500000
"Kepler-1532 b",1.35000000,2.39000000,1.09366355900,0.0206000000,0.000000,5559.00,0.910000,0.880000,2016,"Transit",798.24600000
"Kepler-605 b",1.44000000,2.67000000,3.38353806600,0.0424400000,0.000000,5462.00,0.910000,0.880000,2016,"Transit",556.58000000
"Kepler-1635 b",3.64000000,12.90000000,469.63111000000,1.1266400000,0.000000,5347.00,0.890000,0.850000,2016,"Transit",1069.45000000
"Kepler-1483 b",1.52000000,2.92000000,9.50851560000,0.0958000000,0.000000,6337.00,1.250000,1.400000,2016,"Transit",1273.78000000
"Kepler-545 b",2.69000000,7.70000000,13.24934059000,0.1124800000,0.000000,5882.00,1.040000,1.070000,2016,"Transit",818.00100000
"Kepler-636 b",4.45000000,18.10000000,16.08066114700,0.1185000000,0.000000,5203.00,0.850000,0.800000,2016,"Transit",310.30100000
"Kepler-1016 c",3.68000000,13.10000000,105.65513690000,0.4351900000,0.000000,5821.00,0.990000,1.000000,2016,"Transit",1402.82000000
"Kepler-1535 b",2.55000000,7.04000000,138.94420000000,0.5329000000,0.000000,6021.00,1.080000,1.110000,2016,"Transit",897.73300000
"Kepler-600 b",2.90000000,8.75000000,23.67517607000,0.1536000000,0.000000,5279.00,0.840000,0.810000,2016,"Transit",619.72300000
"Kepler-717 b",2.42000000,6.44000000,4.40840023000,0.0520000000,0.000000,5485.00,0.880000,0.850000,2016,"Transit",2805.48000000
"Kepler-1485 b",1.47000000,2.76000000,19.91577250000,0.1473200000,0.000000,6087.00,1.110000,1.120000,2016,"Transit",615.66000000
"Kepler-1484 b",2.11000000,5.10000000,30.45491360000,0.1939000000,0.000000,5730.00,0.940000,0.920000,2016,"Transit",2879.83000000
"Kepler-1486 b",2.32000000,5.99000000,54.64957590000,0.2846000000,0.000000,5965.00,1.080000,1.120000,2016,"Transit",1769.14000000
"Kepler-342 e",0.88000000,0.61500000,1.64422461300,0.0290900000,0.000000,6366.00,1.260000,1.340000,2016,"Transit",781.61100000
"Kepler-582 b",3.68000000,13.10000000,18.49235668000,0.1254000000,0.000000,5564.00,0.930000,0.910000,2016,"Transit",613.17900000
"Kepler-1129 c",2.73000000,7.90000000,76.53695860000,0.3536700000,0.000000,5831.00,1.000000,1.000000,2016,"Transit",1183.88000000
"Kepler-1538 b",2.82000000,8.35000000,175.13881900000,0.6095000000,0.000000,5837.00,1.030000,1.030000,2016,"Transit",1125.30000000
"Kepler-644 b",3.15000000,10.10000000,3.17391710300,0.0464100000,0.000000,6747.00,1.490000,1.810000,2016,"Transit",1318.05000000
"Kepler-1487 b",2.13000000,5.18000000,7.31946363000,0.0898000000,0.000000,6541.00,1.380000,1.630000,2016,"Transit",1014.62000000
"Kepler-581 b",2.63000000,7.41000000,40.60698210000,0.2259000000,0.000000,5772.00,1.000000,1.000000,2016,"Transit",703.75800000
"Kepler-1516 b",1.75000000,3.71000000,7.25931979000,0.0718000000,0.000000,5904.00,1.040000,1.070000,2016,"Transit",1358.95000000
"Kepler-1047 c",0.99000000,0.93700000,3.18897601000,0.0441300000,0.000000,5754.00,1.080000,1.130000,2016,"Transit",817.64700000
"Kepler-1409 b",1.04000000,1.12000000,0.76486492600,0.0155300000,0.000000,5160.00,0.830000,0.790000,2016,"Transit",694.89000000
"Kepler-585 b",2.83000000,8.40000000,2.75235975300,0.0384100000,0.000000,5593.00,0.960000,0.930000,2016,"Transit",585.18700000
"Kepler-1488 b",1.86000000,4.12000000,39.81899320000,0.2415300000,0.000000,5820.00,1.050000,1.310000,2016,"Transit",905.82500000
"Kepler-697 b",4.13000000,16.00000000,3.70987064500,0.0471000000,0.000000,5513.00,0.920000,0.880000,2016,"Transit",1277.33000000
"Kepler-1425 b",0.94000000,0.77900000,14.45413020000,0.1143500000,0.000000,5718.00,0.970000,0.950000,2016,"Transit",863.87300000
"Kepler-1350 c",1.73000000,3.64000000,1.76678906200,0.0222000000,0.000000,3827.00,0.550000,0.530000,2016,"Transit",340.69100000
"Kepler-719 b",8.52000000,54.50000000,5.00731777900,0.0556000000,0.000000,5777.00,0.990000,0.980000,2016,"Transit",2497.51000000
"Kepler-1491 b",1.51000000,2.89000000,16.58617620000,0.1270000000,0.000000,5728.00,1.000000,0.990000,2016,"Transit",2065.59000000
"Kepler-1492 b",1.49000000,2.83000000,16.75255007000,0.1262000000,0.000000,4712.00,0.770000,0.720000,2016,"Transit",331.55300000
"Kepler-698 b",3.68000000,13.10000000,16.32976218000,0.1255000000,0.000000,5612.00,0.940000,0.910000,2016,"Transit",1995.57000000
"Kepler-1454 b",1.88000000,4.19000000,47.03194790000,0.2447000000,0.000000,5448.00,0.900000,0.860000,2016,"Transit",780.56600000
"Kepler-460 c",5.52000000,26.10000000,220.13033570000,0.7531800000,0.000000,6146.00,1.170000,1.260000,2016,"Transit",1274.01000000
"Kepler-720 b",8.41000000,53.40000000,4.70832654200,0.0539000000,0.000000,5618.00,0.950000,0.920000,2016,"Transit",1065.37000000
"Kepler-547 b",4.00000000,15.10000000,6.01038428900,0.0580000000,0.000000,4828.00,0.780000,0.730000,2016,"Transit",378.97200000
"Kepler-1494 b",3.07000000,9.64000000,91.08048200000,0.3982000000,0.000000,5659.00,0.960000,0.940000,2016,"Transit",1285.48000000
"Kepler-1520 b",5.77000000,28.10000000,0.65355357200,0.0129000000,0.000000,4677.00,0.760000,0.710000,2016,"Transit",607.91700000
"Kepler-1065 c",1.60000000,3.19000000,2.37030743000,0.0344000000,0.000000,5635.00,0.940000,0.930000,2016,"Transit",1122.48000000
"Kepler-707 b",1.33000000,2.33000000,2.23749275100,0.0325000000,0.000000,5099.00,0.800000,0.760000,2016,"Transit",591.77600000
"Kepler-602 b",2.09000000,5.02000000,15.28469497000,0.1224000000,0.000000,6062.00,1.080000,1.130000,2016,"Transit",1159.31000000
"Kepler-606 b",3.31000000,11.00000000,24.31575992000,0.1700000000,0.000000,6161.00,1.130000,1.220000,2016,"Transit",1215.11000000
"Kepler-721 b",2.64000000,7.46000000,5.39202538800,0.0583000000,0.000000,5075.00,0.820000,0.780000,2016,"Transit",926.59800000
"Kepler-937 c",2.67000000,7.61000000,153.34336400000,0.5545000000,0.000000,6095.00,1.150000,1.220000,2016,"Transit",1571.46000000
"Kepler-638 b",1.83000000,4.01000000,6.07972888000,0.0669500000,0.000000,5382.00,0.880000,0.930000,2016,"Transit",991.21400000
"Kepler-1073 c",1.64000000,3.33000000,4.02582254000,0.0483000000,0.000000,5792.00,1.000000,1.000000,2016,"Transit",809.89700000
"MOA-2010-BLG-353L b",11.10000000,86.00000000,,1.7200000000,,,0.180000,,2015,"Microlensing",6430.00000000
"HATS-30 b",13.17057500,224.38798000,3.17435160000,0.0435400000,0.096000,5943.00,1.093000,1.061000,2016,"Transit",342.14000000
"K2-84 c",2.03000000,4.78000000,27.86000000000,0.1768000000,,5652.00,0.950000,0.930000,2016,"Transit",284.87600000
"K2-88 b",1.23000000,2.04000000,4.61220000000,0.0345000000,0.260000,3537.00,0.258000,0.256000,2016,"Transit",110.56100000
"Kepler-615 b",1.74000000,3.68000000,10.35584657000,0.0850000000,0.000000,4655.00,0.730000,0.690000,2016,"Transit",330.00000000
"Kepler-506 b",2.73000000,7.90000000,6.88340550000,0.0743700000,0.000000,6236.00,1.190000,1.190000,2016,"Transit",228.43900000
"Kepler-668 b",2.70000000,7.75000000,8.35390639000,0.0768000000,0.000000,5352.00,0.870000,0.820000,2016,"Transit",784.61800000
"Kepler-669 b",4.83000000,20.80000000,4.12554686900,0.0529000000,0.000000,6038.00,1.150000,1.200000,2016,"Transit",2063.41000000
"HATS-15 b",12.38594500,689.69110000,1.74748753000,0.0271200000,0.126000,5311.00,0.871000,0.922000,2016,"Transit",1139.55000000
"HATS-16 b",14.57170000,1039.30410000,2.68650200000,0.0374400000,0.000000,5738.00,0.970000,1.238000,2016,"Transit",757.04400000
"K2-89 b",0.61500000,0.17000000,1.09602600000,0.0146200000,0.150000,3691.00,0.347000,0.318000,2016,"Transit",86.03860000
"K2-91 b",1.10000000,1.37000000,1.41954900000,0.0164000000,0.090000,3622.00,0.292000,0.284000,2016,"Transit",62.57850000
"Kepler-737 b",1.96000000,4.50000000,28.59915399000,0.1422000000,0.000000,3813.00,0.510000,0.480000,2016,"Transit",205.11800000
"Kepler-670 b",13.18000000,,2.81650485200,0.0383000000,0.000000,5709.00,0.990000,0.990000,2016,"Transit",939.74400000
"Kepler-671 b",2.69000000,7.70000000,4.28095858800,0.0503000000,0.000000,5624.00,0.970000,0.950000,2016,"Transit",1168.26000000
"K2-5 c",2.26000000,5.73000000,10.93241000000,0.0818000000,,3930.00,0.610000,0.570000,2015,"Transit",202.94300000
"K2-5 b",1.91000000,4.31000000,5.73594000000,0.0532000000,,3930.00,0.610000,0.570000,2015,"Transit",202.94300000
"Kepler-223 c",3.44000000,5.10000000,9.84564000000,0.0911700000,0.150000,5803.00,1.125000,1.720000,2014,"Transit",1859.71000000
"WASP-98 b",12.82309600,293.03926000,2.96264036000,0.0376200000,0.000000,5473.00,0.809000,0.741000,2014,"Transit",281.74200000
"Kepler-223 b",2.99000000,7.40000000,7.38449000000,0.0752500000,0.078000,5803.00,1.125000,1.720000,2014,"Transit",1859.71000000
"Kepler-672 b",2.50000000,6.80000000,38.37746230000,0.2163000000,0.000000,5627.00,0.950000,0.920000,2016,"Transit",1033.93000000
"Kepler-571 b",2.64000000,7.46000000,4.79859938800,0.0546000000,0.000000,5527.00,0.930000,0.900000,2016,"Transit",723.87500000
"K2-16 b",2.02000000,4.74000000,7.61880000000,0.0667000000,,4742.00,0.680000,0.660000,2015,"Transit",334.96700000
"K2-16 c",2.54000000,6.99000000,19.07863000000,0.1229000000,,4742.00,0.680000,0.660000,2015,"Transit",334.96700000
"K2-8 c",2.41000000,6.39000000,5.06416000000,0.0532000000,,4870.00,0.780000,0.740000,2016,"Transit",403.51300000
"Kepler-223 d",5.24000000,8.00000000,14.78869000000,0.1195600000,0.037000,5803.00,1.125000,1.720000,2014,"Transit",1859.71000000
"Kepler-653 b",1.95000000,4.46000000,14.70748976000,0.1194500000,0.000000,5665.00,1.020000,1.190000,2016,"Transit",595.63400000
"Kepler-742 b",3.24000000,10.60000000,8.36086823800,0.0744000000,0.000000,4642.00,0.760000,0.710000,2016,"Transit",489.25300000
"Kepler-673 b",6.54000000,34.80000000,3.72873109300,0.0455000000,0.000000,5355.00,0.880000,0.840000,2016,"Transit",918.21000000
"Kepler-154 d",3.84000000,14.10000000,20.54981883000,0.1435400000,0.000000,5769.00,0.980000,0.980000,2016,"Transit",915.21200000
"HD 87646 b",12.40000000,3941.09200000,13.48100000000,0.1170000000,0.050000,5770.00,1.120000,1.550000,2016,"Radial Velocity",73.58352000
"Kepler-80 e",1.60000000,4.13000000,4.64489000000,0.0491000000,0.003500,4540.00,0.730000,0.678000,2014,"Transit",369.45100000
"Kepler-654 b",2.07000000,4.94000000,13.72465129000,0.1166400000,0.000000,5865.00,1.040000,1.110000,2016,"Transit",974.12400000
"Kepler-148 d",8.68000000,56.30000000,51.84688575000,0.2607000000,0.000000,5172.00,0.860000,0.810000,2016,"Transit",791.16300000
"Kepler-676 b",3.04000000,9.48000000,11.59822172000,0.0798000000,0.000000,3701.00,0.510000,0.490000,2016,"Transit",295.19600000
"OGLE-2012-BLG-0026L b",7.72000000,46.10000000,,4.0000000000,,,1.060000,,2012,"Microlensing",4019.00000000
"WASP-85 A b",13.89916000,402.05495000,2.65567770000,0.0390000000,0.000000,6112.00,1.090000,0.935000,2016,"Transit",141.88700000
"Kepler-80 f",1.21000000,4459.73000000,0.98678730000,0.0175000000,0.186000,4540.00,0.730000,0.678000,2016,"Transit",369.45100000
"Kepler-656 b",3.12000000,9.91000000,1.26025909400,0.0223100000,0.000000,5281.00,0.860000,0.820000,2016,"Transit",890.35200000
"Kepler-655 b",2.71000000,7.80000000,46.40633580000,0.2569700000,0.000000,6170.00,1.150000,1.240000,2016,"Transit",752.56200000
"Kepler-678 b",5.14000000,23.10000000,7.27503724000,0.0732000000,0.000000,5520.00,0.940000,0.910000,2016,"Transit",1826.15000000
"Kepler-572 b",2.58000000,7.18000000,17.20523483000,0.1192000000,0.000000,5212.00,0.830000,0.790000,2016,"Transit",504.66700000
"WASP-114 b",15.00885100,562.24127000,1.54877430000,0.0285100000,0.012000,5940.00,1.289000,1.430000,2016,"Transit",523.33700000
"WASP-113 b",15.79348100,150.96925000,4.54216874538,0.0588500000,0.000000,5890.00,1.318000,1.608000,2016,"Transit",435.15600000
"HD 59686 A b",12.70000000,2199.38360000,299.36000000000,1.0860000000,0.050000,4658.00,1.900000,13.200000,2016,"Radial Velocity",89.27210000
"Kepler-679 b",3.01000000,9.32000000,12.39358604000,0.0983000000,0.000000,5403.00,0.870000,0.840000,2016,"Transit",922.24400000
"Kepler-680 b",2.42000000,6.44000000,3.68992629100,0.0469000000,0.000000,5890.00,1.080000,1.110000,2016,"Transit",1492.48000000
"K2-47 b",1.89000000,4.23000000,31.63720000000,0.1779000000,,5054.00,0.750000,0.760000,2016,"Transit",349.88100000
"K2-48 b",2.24000000,5.65000000,20.50650000000,0.1344000000,,4899.00,0.770000,0.730000,2016,"Transit",313.76400000
"Kepler-617 b",1.32000000,2.30000000,1.68269614800,0.0219000000,0.000000,3712.00,0.510000,0.480000,2016,"Transit",173.35400000
"Kepler-588 b",2.63000000,7.41000000,4.22162535700,0.0520000000,0.000000,5835.00,1.010000,1.000000,2016,"Transit",1209.40000000
"Kepler-573 b",2.79000000,8.20000000,22.18329658000,0.1452700000,0.000000,5746.00,0.990000,1.020000,2016,"Transit",771.47100000
"Kepler-681 b",3.08000000,9.69000000,26.39435646000,0.1635000000,0.000000,5021.00,0.800000,0.760000,2016,"Transit",686.92300000
"K2-49 b",1.93000000,4.38000000,2.77065000000,0.0309000000,,4175.00,0.510000,0.450000,2016,"Transit",457.12500000
"K2-58 b",2.68000000,7.65000000,7.05254000000,0.0692000000,,5413.00,0.890000,0.860000,2016,"Transit",181.74600000
"Kepler-1600 b",3.13000000,9.96000000,386.37054800000,0.9814100000,0.000000,5214.00,0.860000,0.820000,2016,"Transit",1030.81000000
"Kepler-727 b",2.53000000,6.94000000,5.15448441700,0.0546000000,0.000000,5441.00,0.890000,0.860000,2016,"Transit",831.84200000
"Kepler-589 b",2.27000000,5.77000000,16.54964934000,0.1196000000,0.000000,5296.00,0.880000,0.830000,2016,"Transit",612.80300000
"Kepler-660 b",2.57000000,7.13000000,9.27358194000,0.0759000000,0.000000,4779.00,0.750000,0.710000,2016,"Transit",568.43100000
"K2-58 c",1.62000000,3.26000000,2.53726000000,0.0350000000,,5413.00,0.890000,0.860000,2016,"Transit",181.74600000
"K2-58 d",1.71000000,3.57000000,22.88270000000,0.1517000000,,5413.00,0.890000,0.860000,2016,"Transit",181.74600000
"Kepler-560 b",1.72000000,3.61000000,18.47764449000,0.0899000000,0.170000,3556.00,0.340000,0.330000,2016,"Transit",109.30800000
"Kepler-550 b",4.42000000,17.90000000,8.60010410900,0.0747000000,0.000000,5322.00,0.870000,0.830000,2016,"Transit",531.94400000
"Kepler-496 b",2.32000000,5.99000000,8.30864937000,0.0747000000,0.000000,5293.00,0.860000,0.820000,2016,"Transit",605.27400000
"KELT-10 b",15.68139100,215.80657000,4.16627390000,0.0525000000,,5948.00,1.112000,1.209000,2016,"Transit",188.40400000
"Kepler-712 c",4.85000000,21.00000000,226.89047000000,0.6647900000,0.000000,5148.00,0.840000,0.780000,2016,"Transit",872.49300000
"K2-59 c",2.30000000,5.90000000,11.29540000000,0.0905000000,,5055.00,0.774000,0.731000,2016,"Transit",311.31300000
"K2-59 b",2.41000000,6.39000000,20.69210000000,0.1354000000,,5055.00,0.774000,0.731000,2016,"Transit",311.31300000
"Kepler-650 b",2.96000000,9.06000000,3.03214558800,0.0421000000,0.000000,5849.00,1.080000,1.350000,2016,"Transit",884.37800000
"Kepler-728 b",3.34000000,11.10000000,5.74347726500,0.0625000000,0.000000,5660.00,0.950000,0.930000,2016,"Transit",1765.23000000
"Kepler-663 b",2.60000000,7.27000000,4.99678284000,0.0559000000,0.000000,5264.00,0.860000,0.820000,2016,"Transit",1063.09000000
"Kepler-1629 b",0.77000000,0.38100000,3.87595807000,0.0485000000,0.000000,5776.00,1.010000,1.010000,2016,"Transit",336.09000000
"K2-64 b",2.07000000,4.94000000,6.53044000000,0.0619000000,,5312.00,0.741000,0.726000,2016,"Transit",499.89100000
"K2-63 b",3.22000000,10.50000000,20.25700000000,0.1627000000,,6771.00,1.400000,1.630000,2016,"Transit",517.53400000
"Kepler-729 b",3.58000000,12.50000000,3.16635371400,0.0432000000,0.000000,5633.00,0.940000,0.910000,2016,"Transit",1921.15000000
"Kepler-487 b",11.42000000,,15.35876840300,0.1181900000,0.000000,5444.00,0.910000,0.880000,2016,"Transit",872.34300000
"Kepler-618 b",2.60000000,7.27000000,3.59576964500,0.0449000000,0.000000,5860.00,1.050000,1.080000,2016,"Transit",1221.96000000
"WASP-129 b",10.42437000,317.83000000,5.74814500000,0.0628000000,0.096000,5900.00,1.000000,0.900000,2016,"Transit",301.46200000
"WASP-133 b",13.56289000,368.68280000,2.17642300000,0.0345000000,0.170000,5700.00,1.160000,1.440000,2016,"Transit",559.08400000
"K2-69 b",2.32000000,5.99000000,7.06599000000,0.0591000000,,4127.00,0.551000,0.491000,2016,"Transit",180.69700000
"K2-68 b",1.58000000,3.12000000,8.05428000000,0.0708000000,,4746.00,0.730000,0.675000,2016,"Transit",168.65200000
"Kepler-590 b",4.02000000,15.20000000,5.85296257000,0.0647000000,0.000000,6000.00,1.100000,1.150000,2016,"Transit",1421.81000000
"Kepler-664 b",2.66000000,7.56000000,2.52559331500,0.0374000000,0.000000,5754.00,1.010000,1.020000,2016,"Transit",1210.12000000
"MOA-2013-BLG-605L b",1.62000000,3.24000000,,0.9300000000,,,0.024000,,2016,"Microlensing",850.00000000
"K2-75 b",2.67000000,7.61000000,7.81420000000,0.0810000000,,5995.00,1.160000,1.560000,2016,"Transit",561.93000000
"K2-71 b",2.15000000,5.27000000,6.98541000000,0.0559000000,,4006.00,0.477000,0.426000,2016,"Transit",153.19200000
"Kepler-591 b",3.39000000,11.40000000,81.16942990000,0.3554000000,0.000000,5677.00,0.970000,0.940000,2016,"Transit",785.13700000
"HATS-25 b",14.12334000,194.82979000,4.29864320000,0.0516300000,0.176000,5715.00,0.994000,1.107000,2016,"Transit",471.15800000
"HATS-26 b",19.61575000,206.58950000,3.30238810000,0.0473500000,0.245000,6071.00,1.299000,2.040000,2016,"Transit",861.84300000
"K2-80 b",2.01000000,4.70000000,19.09180000000,0.1350000000,,5441.00,0.900000,0.870000,2016,"Transit",200.80200000
"K2-75 c",2.77000000,8.10000000,18.31100000000,0.1429000000,,5995.00,1.160000,1.560000,2016,"Transit",561.93000000
"Kepler-736 b",2.93000000,8.91000000,3.60147201000,0.0428000000,0.000000,5217.00,0.860000,0.810000,2016,"Transit",1005.43000000
"Kepler-735 b",2.95000000,9.01000000,11.51516988000,0.0965000000,0.000000,5107.00,0.850000,0.800000,2016,"Transit",695.05900000
"Kepler-569 b",3.16000000,10.10000000,34.18890521000,0.1978400000,0.000000,5616.00,0.950000,0.930000,2016,"Transit",638.30100000
"Kepler-592 b",2.39000000,6.30000000,2.82019240800,0.0397000000,0.000000,5913.00,1.040000,1.040000,2016,"Transit",1153.13000000
"HATS-27 b",16.81350000,168.44990000,4.63703800000,0.0611000000,0.581000,6438.00,1.415000,1.740000,2016,"Transit",816.98800000
"K2-83 c",1.48300000,2.80000000,9.99767000000,0.0713100000,0.060000,3910.00,0.484000,0.424000,2016,"Transit",125.52900000
"K2-84 b",2.41000000,6.39000000,6.42150000000,0.0665000000,,5652.00,0.950000,0.930000,2016,"Transit",284.87600000
"Kepler-562 b",5.21000000,23.70000000,18.00931443600,0.1333000000,0.000000,5575.00,0.930000,0.900000,2016,"Transit",992.76900000
"Kepler-651 b",2.37000000,6.21000000,21.38521506000,0.1407800000,0.000000,5522.00,0.920000,0.870000,2016,"Transit",509.40800000
"Kepler-593 b",2.87000000,8.60000000,21.21708973000,0.1508000000,0.000000,5967.00,1.080000,1.100000,2016,"Transit",973.76000000
"Kepler-570 b",2.45000000,6.57000000,4.30166200300,0.0497000000,0.000000,5496.00,0.930000,0.900000,2016,"Transit",568.14800000
"MOA-2016-BLG-227L b",13.20000000,890.00000000,,1.3900000000,,,0.290000,,2017,"Microlensing",6500.00000000
"Kepler-1650 b",0.96000000,0.84000000,1.53818001000,0.0167000000,0.010000,3410.00,0.326000,0.334000,2017,"Transit",134.39700000
"K2-178 b",3.55790985,12.40000000,8.74781800000,,,5525.00,0.951090,0.887267,2018,"Transit",214.75300000
"K2-72 c",1.16000000,1.65000000,15.18903400000,0.0780000000,0.110000,3360.47,0.271365,0.330989,2016,"Transit",66.43210000
"WASP-53 b",12.03846600,677.61356000,3.30984430000,0.0410100000,0.030000,4953.00,0.839000,0.798000,2017,"Transit",201.33800000
"K2-60 b",7.65574700,135.39558000,3.00265000000,0.0450000000,0.000000,5500.00,0.970000,1.120000,2016,"Transit",491.87000000
"Kepler-1651 b",1.84000000,4.04000000,9.87863917000,0.0692000000,0.130000,3713.00,0.522000,0.503000,2017,"Transit",66.40740000
"BD+03 2562 b",12.70000000,2034.11200000,481.90000000000,1.3000000000,0.200000,4095.00,1.140000,32.350000,2017,"Radial Velocity",1070.63000000
"K2-72 e",1.29000000,2.21000000,24.15886800000,0.1060000000,0.110000,3360.47,0.271365,0.330989,2016,"Transit",66.43210000
"K2-72 d",1.01000000,1.01000000,7.76017800000,0.0500000000,0.110000,3360.47,0.271365,0.330989,2016,"Transit",66.43210000
"K2-81 b",1.97000000,4.54000000,6.10232500000,0.0590000000,0.060000,4674.13,0.745273,0.634663,2016,"Transit",252.31800000
"WASP-81 b",16.01766100,231.69807000,2.71647620000,0.0390800000,0.066000,5870.00,1.080000,1.283000,2017,"Transit",398.50500000
"HD 177565 b",4.00000000,15.10000000,44.50500000000,0.2460000000,0.059300,5627.00,1.000000,0.971489,2017,"Radial Velocity",16.91790000
"MOA-2012-BLG-505L b",2.48000000,6.70000000,,0.9000000000,,,0.100000,,2017,"Microlensing",7210.00000000
"K2-201 c",3.28568401,10.80000000,22.77987800000,,,5507.00,0.956055,0.878161,2018,"Transit",197.93200000
"K2-201 b",1.40006712,2.54000000,1.05979000000,,,5507.00,0.956055,0.878161,2018,"Transit",197.93200000
"GJ 1148 b",11.90000000,96.70000000,41.38000000000,0.1660000000,0.380000,3287.00,0.344045,0.358519,2010,"Radial Velocity",11.01430000
"HD 17674 b",13.90000000,276.51210000,623.80000000000,1.4200000000,0.130000,5904.00,0.980000,1.180000,2017,"Radial Velocity",44.42640000
"HATS-22 b",10.68217700,870.85420000,4.72281240000,0.0502500000,0.079000,4803.00,0.759000,0.689000,2017,"Transit",229.51800000
"TYC 4282-00605-1 b",12.40000000,3426.20740000,101.54000000000,0.4220000000,0.280000,4300.00,0.970000,16.210000,2017,"Radial Velocity",464.12800000
"K2-206 b",2.79522879,8.22000000,18.29454900000,,,5043.00,0.789481,0.758046,2018,"Transit",244.44300000
"K2-207 b",2.60585269,7.30000000,12.48749000000,,,5522.00,0.941851,0.928158,2018,"Transit",363.06400000
"K2-132 b",14.57170000,155.73670000,9.17510000000,0.0916000000,0.290000,4840.00,1.080000,3.850000,2017,"Transit",609.81800000
"WASP-153 b",17.37395000,123.95370000,3.33260900000,0.0480000000,0.009000,5914.00,1.336000,1.730000,2017,"Transit",610.17600000
"HATS-23 b",20.84874000,467.21010000,2.16051560000,0.0339700000,0.114000,5780.00,1.121000,1.199000,2017,"Transit",639.00400000
"HD 219134 b",1.60200000,4.74000000,3.09292600000,0.0387600000,0.000000,4699.00,0.810000,0.778000,2015,"Radial Velocity",6.53127000
"HD 40956 b",13.20000000,858.14100000,578.60000000000,1.4000000000,0.240000,4869.00,2.000000,8.560000,2017,"Radial Velocity",116.59300000
"Ross 128 b",1.11000000,1.40000000,9.86580000000,0.0496000000,0.116000,3192.00,0.168000,0.196700,2017,"Radial Velocity",3.37454000
"K2-219 b",1.34762583,2.38000000,3.90128700000,,,5753.00,1.021545,1.189232,2018,"Transit",325.40000000
"OGLE-2013-BLG-1721L b",14.10000000,200.00000000,,2.6000000000,,,0.460000,,2017,"Microlensing",6300.00000000
"HD 34445 c",8.42000000,53.50000000,214.67000000000,0.7181000000,0.036000,5836.00,1.070000,1.380000,2017,"Radial Velocity",46.09070000
"HD 219134 d",1.61000000,16.17000000,46.85900000000,0.2370000000,0.138000,4699.00,0.810000,0.778000,2015,"Radial Velocity",6.53127000
"HD 219134 f",1.31000000,7.30000000,22.71700000000,0.1463000000,0.148000,4699.00,0.810000,0.778000,2015,"Radial Velocity",6.53127000
"OGLE-2016-BLG-1190L b",12.30000000,4253.00000000,1220.00000000000,2.1700000000,0.420000,,0.880000,,2017,"Microlensing",6770.00000000
"HD 113996 b",12.70000000,2002.32900000,610.20000000000,1.6000000000,0.280000,4181.00,1.490000,25.110000,2017,"Radial Velocity",116.33400000
"K2-213 b",1.51398464,2.90000000,8.13087000000,,,5794.00,1.069596,1.204240,2018,"Transit",389.70200000
"K2-215 b",2.12381238,5.16000000,8.26964800000,,,5704.00,0.999987,0.974398,2018,"Transit",403.96400000
"HD 34445 d",6.07000000,30.70000000,117.87000000000,0.4817000000,0.027000,5836.00,1.070000,1.380000,2017,"Radial Velocity",46.09070000
"HD 34445 g",13.60000000,120.60000000,5700.00000000000,6.3600000000,0.032000,5836.00,1.070000,1.380000,2017,"Radial Velocity",46.09070000
"Kepler-20 g",4.71000000,19.96000000,34.94000000000,0.2055000000,0.150000,5495.00,0.948000,0.963900,2016,"Radial Velocity",282.56300000
"NGC 2682 Sand 978 b",13.30000000,692.86940000,511.21000000000,,0.160000,4200.00,1.370000,21.017414,2017,"Radial Velocity",821.91800000
"Kepler-80 g",1.13000000,0.06500000,14.64558000000,,0.130300,4540.00,0.830000,0.678000,2017,"Transit",369.45100000
"K2-217 b",3.57854073,12.50000000,14.07452400000,,,5967.00,1.102661,1.333718,2018,"Transit",381.87800000
"K2-218 b",2.56948149,7.13000000,8.67988500000,,,5757.00,1.047488,1.008231,2018,"Transit",394.08300000
"GJ 3293 c",4.87000000,21.09000000,122.61960000000,0.3617500000,0.110000,3466.00,0.420000,0.404000,2015,"Radial Velocity",20.19030000
"GJ 3293 b",5.19000000,23.54000000,30.59870000000,0.1433900000,0.060000,3466.00,0.420000,0.404000,2015,"Radial Velocity",20.19030000
"Wolf 1061 b",1.21000000,1.91000000,4.88690000000,0.0375000000,0.150000,3342.00,0.294000,0.307000,2015,"Radial Velocity",4.30592000
"K2-80 d",2.55211506,7.04000000,28.86725300000,,,5377.00,0.913111,0.841458,2018,"Transit",200.80200000
"Kepler-1652 b",1.60000000,3.19000000,38.09722000000,0.1654000000,0.000000,3638.00,0.404000,0.382000,2017,"Transit",252.00000000
"Wolf 1061 c",1.66000000,3.41000000,17.87190000000,0.0890000000,0.110000,3342.00,0.294000,0.307000,2015,"Radial Velocity",4.30592000
"PSR J2322-2650 b",13.90000000,252.64306700,0.32296399700,0.0102000000,0.001700,,1.400000,,2017,"Pulsar Timing",230.00000000
"HATS-50 b",12.66617000,123.95370000,3.82970150000,0.0504600000,0.516000,5990.00,1.168000,1.117000,2017,"Transit",756.74200000
"tau Cet f",1.81000000,3.93000000,636.13000000000,1.3340000000,0.160000,5310.00,0.783000,0.830000,2017,"Radial Velocity",3.60304000
"WASP-91 b",11.54527000,425.89220000,2.79858100000,0.0370000000,0.000000,4920.00,0.840000,0.860000,2017,"Transit",149.94200000
"HD 9174 b",13.70000000,352.79130000,1179.00000000000,2.2000000000,0.120000,5577.00,1.030000,1.670000,2016,"Radial Velocity",81.48930000
"HD 68402 b",12.60000000,2510.84441530,1103.00000000000,2.1800000000,0.030000,5950.00,1.120000,1.020000,2016,"Radial Velocity",78.42930000
"GJ 3138 b",1.18000000,1.78000000,1.22003000000,0.0197000000,0.190000,3717.00,0.681000,0.500000,2017,"Radial Velocity",28.47120000
"MOA-2012-BLG-006L b",12.60000000,2700.00000000,,10.2000000000,,,0.490000,,2017,"Microlensing",5300.00000000
"WASP-105 b",10.76064000,572.09400000,7.87288000000,0.0750000000,0.000000,5070.00,0.890000,0.900000,2017,"Transit",169.27200000
"HD 147873 c",13.30000000,731.00900000,491.54000000000,1.3600000000,0.230000,5972.00,1.380000,2.290000,2016,"Radial Velocity",109.05500000
"HD 128356 b",13.90000000,282.86870000,298.20000000000,0.8700000000,0.570000,4875.00,0.650000,0.850000,2016,"Radial Velocity",26.15480000
"GJ 3138 d",3.23000000,10.50000000,257.80000000000,0.6980000000,0.320000,3717.00,0.681000,0.500000,2017,"Radial Velocity",28.47120000
"TYC 3318-01333-1 b",13.10000000,1086.97860000,562.00000000000,1.4140000000,0.098000,4776.00,1.190000,5.900000,2018,"Radial Velocity",490.61000000
"GJ 625 b",1.49000000,2.82000000,14.62800000000,0.0783610000,0.130000,3499.00,0.300000,0.310000,2017,"Radial Velocity",6.47249000
"GJ 3323 c",1.32000000,2.31000000,40.54000000000,0.1264000000,0.170000,3159.00,0.164000,0.119000,2017,"Radial Velocity",5.37484000
"BD+48 740 b",13.50000000,540.31100000,733.00000000000,1.7000000000,0.760000,4534.00,1.090000,10.330000,2018,"Radial Velocity",666.58900000
"K2-21 b",1.84000000,4.04000000,9.32503800000,0.0760000000,0.100000,4222.06,0.676023,0.646783,2015,"Transit",83.64480000
"K2-4 b",2.10000000,5.06000000,10.00341700000,0.0780000000,0.080000,4014.73,0.635026,0.569359,2015,"Transit",231.82800000
"K2-21 c",2.49000000,6.76000000,15.50192000000,0.1070000000,0.210000,4222.06,0.676023,0.646783,2015,"Transit",83.64480000
"WASP-141 b",13.56289000,854.96270000,3.31065100000,0.0469000000,0.000000,5900.00,1.250000,1.370000,2016,"Transit",516.54300000
"K2-31 b",11.88154000,563.83042000,1.25785000000,0.0220000000,0.000000,5280.00,0.910000,0.780000,2016,"Transit",110.52700000
"GJ 3293 e",1.63000000,3.28000000,13.25430000000,0.0820800000,0.210000,3466.00,0.420000,0.404000,2017,"Radial Velocity",20.19030000
"GJ 3293 d",2.67000000,7.60000000,48.13450000000,0.1939400000,0.120000,3466.00,0.420000,0.404000,2017,"Radial Velocity",20.19030000
"K2-149 b",1.64000000,3.33000000,11.33200000000,0.0830000000,,3745.00,0.595000,0.568000,2018,"Transit",123.67600000
"KELT-21 b",17.77747400,1242.71530000,3.61276470000,0.0522400000,0.000000,7598.00,1.458000,1.638000,2018,"Transit",470.87800000
"K2-125 b",2.18000000,5.39000000,21.75026400000,0.1210000000,0.080000,3654.47,0.494727,0.402049,2017,"Transit",124.15600000
"V830 Tau b",14.00000000,222.48100000,4.92700000000,0.0570000000,0.000000,4250.00,1.000000,2.000000,2016,"Radial Velocity",130.11100000
"HATS-31 b",18.38276000,279.69040000,3.37796000000,0.0478000000,0.233000,6050.00,1.275000,1.870000,2016,"Transit",773.97400000
"Kepler-150 f",3.64000000,12.90000000,637.20930000000,1.2400000000,,5528.00,0.970000,0.905339,2017,"Transit",891.09200000
"Qatar-3 b",12.28506400,1369.84730000,2.50792040000,0.0378300000,0.000000,6007.00,1.145000,1.272000,2017,"Transit",735.60100000
"K2-160 b",3.17824034,10.20000000,3.70587100000,,,5649.00,0.982829,0.913754,2018,"Transit",315.36300000
"K2-128 b",1.42000000,2.60000000,5.67581900000,0.0560000000,0.230000,4469.51,0.711248,0.777569,2017,"Transit",114.63700000
"HATS-34 b",16.02887000,299.07803000,2.10616070000,0.0316600000,0.108000,5380.00,0.955000,0.980000,2016,"Transit",508.84200000
"KELT-18 b",17.59813000,375.03940000,2.87175180000,0.0455000000,0.000000,6670.00,1.524000,1.908000,2017,"Transit",321.37600000
"K2-163 b",2.46610713,6.65000000,6.67311700000,,,4937.00,0.826112,0.762201,2018,"Transit",208.52900000
"K2-165 b",1.27443657,2.17000000,2.35499200000,,,5185.00,0.834847,0.803827,2018,"Transit",134.59100000
"K2-35 c",1.93000000,4.38000000,5.60835200000,0.0550000000,0.120000,4402.71,0.701968,0.619575,2016,"Transit",252.59600000
"HATS-35 b",16.40997600,388.38826000,1.82099930000,0.0319900000,0.306000,6300.00,1.317000,1.433000,2016,"Transit",514.55500000
"OGLE-2016-BLG-1195L b",1.11000000,1.43000000,,1.1600000000,,,0.078000,,2017,"Microlensing",3910.00000000
"K2-175 b",2.03803688,4.81000000,9.52598800000,,,5909.00,1.094693,1.420038,2018,"Transit",247.26600000
"K2-165 c",1.55409035,3.03000000,4.38274500000,,,5185.00,0.834847,0.803827,2018,"Transit",134.59100000
"K2-116 b",0.69000000,0.25700000,4.65541100000,0.0480000000,0.060000,4348.35,0.694512,0.669400,2017,"Transit",49.38550000
"K2-102 b",1.30000000,2.24000000,9.91561500000,,0.100000,4695.00,0.770000,0.710000,2016,"Transit",188.17500000
"XO-6 b",23.20263000,1398.45200000,3.76500070000,0.0815000000,0.000000,6720.00,1.470000,1.930000,2016,"Transit",235.47900000
"HD 6434 b",14.20000000,155.73670000,21.99800000000,0.1400000000,0.170000,5769.00,1.100000,1.120000,2003,"Radial Velocity",42.35800000
"HD 68988 b",13.40000000,626.12510000,6.27711000000,0.0700000000,0.120000,5932.00,1.280000,1.190000,2001,"Radial Velocity",60.84470000
"HD 220074 b",12.20000000,5288.69120000,672.09998000000,1.6000000000,0.140000,3787.00,2.200000,54.920000,2012,"Radial Velocity",324.54000000
"WASP-58 b",16.02887000,308.29510000,5.01718000000,0.0562000000,0.000000,5800.00,1.060000,1.220000,2012,"Transit",290.40400000
"K2-231 b",2.50000000,6.80000000,13.84190100000,,,5695.00,1.010000,0.950000,2018,"Transit",321.21500000
"HATS-39 b",17.59813000,200.23290000,4.57763480000,0.0600700000,0.275000,6572.00,1.379000,1.621000,2018,"Transit",878.52100000
"HD 137388 b",9.32000000,63.56600000,330.00000000000,0.8900000000,0.360000,5181.00,0.680000,0.880000,2011,"Radial Velocity",40.48410000
"HD 13931 b",13.20000000,889.91953960,4218.00000000000,5.1500000000,0.020000,5867.00,1.300000,1.250000,2009,"Radial Velocity",47.39630000
"HD 7199 b",,3639.13526015,615.00000000000,1.3600000000,0.190000,5371.00,0.770000,0.970000,2011,"Radial Velocity",36.15310000
"HD 75289 b",14.20000000,155.73670000,3.50927000000,0.0500000000,0.030000,6117.00,1.290000,1.230000,1999,"Radial Velocity",29.11580000
"WASP-72 b",14.45961000,731.00900000,2.21673000000,0.0371100000,0.000000,6250.00,2.780000,2.180000,2012,"Transit",434.75400000
"HATS-40 b",17.71022000,505.34970000,3.26427360000,0.0499700000,0.312000,6460.00,1.561000,2.260000,2018,"Transit",1342.29000000
"HATS-41 b",14.90797000,3082.95100000,4.19364900000,0.0583000000,0.380000,6424.00,1.496000,1.710000,2018,"Transit",737.66800000
"HD 142022 A b",12.90000000,1433.40611557,1928.00000000000,2.9300000000,0.530000,5421.00,0.900000,1.040000,2005,"Radial Velocity",34.28020000
"HD 145377 b",12.80000000,1913.33660000,103.95000000000,0.4500000000,0.310000,6014.00,1.200000,1.050000,2008,"Radial Velocity",53.48840000
"HD 76700 b",9.60000000,66.74430000,3.97097000000,0.0500000000,0.090000,5644.00,0.990000,1.370000,2002,"Radial Velocity",60.88310000
"HD 82886 b",13.30000000,740.54390000,705.00000000000,1.5800000000,0.070000,4953.00,2.530000,5.260000,2011,"Radial Velocity",127.06100000
"HD 24040 b",12.90000000,1589.14203500,3668.00000000000,4.9200000000,0.040000,5802.00,1.110000,1.300000,2006,"Radial Velocity",46.62240000
"HD 222155 b",13.40000000,581.62598481,3999.00000000000,5.1400000000,0.160000,5701.00,1.210000,1.850000,2011,"Radial Velocity",50.60780000
"HD 158996 b",12.30000000,4449.62000000,820.20000000000,2.1000000000,0.130000,4069.00,1.800000,50.300000,2018,"Radial Velocity",283.65900000
"KPS-1 b",11.54527000,346.43470000,1.70629100000,0.0269000000,0.000000,5165.00,0.892000,0.907000,2018,"Transit",262.70600000
"HD 154672 b",12.80000000,1706.74710000,163.94000000000,0.6000000000,0.610000,5743.00,1.180000,1.320000,2008,"Radial Velocity",63.04840000
"KELT-6 b",14.57170000,165.27160000,7.84570000000,0.0793900000,0.220000,6102.00,1.420000,1.730000,2014,"Transit",240.72600000
"HAT-P-49 b",17.82231000,699.22600000,2.69155000000,0.0437800000,0.000000,6820.00,2.220000,2.060000,2014,"Transit",350.35100000
"K2-155 c",2.60000000,7.27000000,13.85000000000,0.0946000000,,4258.00,0.650000,0.580000,2018,"Transit",72.79980000
"HD 158038 b",13.50000000,486.27990000,521.00000000000,1.5000000000,0.290000,4860.00,1.300000,4.500000,2011,"Radial Velocity",94.86250000
"HR 810 b",12.70000000,1970.53612340,302.79999000000,0.9200000000,0.140000,6167.00,1.340000,1.130000,1999,"Radial Velocity",17.31810000
"BD-13 2130 b",12.50000000,3108.37740000,714.29999000000,1.6600000000,0.210000,4545.00,2.120000,19.170000,2007,"Radial Velocity",925.21400000
"HD 285507 b",13.80000000,311.47340000,6.08810000000,0.0600000000,0.090000,4503.00,0.820000,0.690000,2013,"Radial Velocity",45.02930000
"WASP-117 b",11.88154000,95.34900000,10.02165000000,0.0945900000,0.300000,6040.00,1.290000,1.220000,2014,"Transit",157.96300000
"K2-155 d",1.90000000,4.27000000,40.71800000000,0.1937000000,,4258.00,0.650000,0.580000,2018,"Transit",72.79980000
"HD 16175 b",12.80000000,1875.18760130,990.00000000000,2.1200000000,0.600000,5981.00,1.630000,1.720000,2009,"Radial Velocity",59.85900000
"HD 16141 b",10.90000000,82.63580000,75.52300000000,0.3600000000,0.250000,5757.00,1.110000,1.480000,2000,"Radial Velocity",37.78610000
"WASP-11 b",12.44199000,251.08570000,3.72247000000,0.0435000000,0.000000,4800.00,1.420000,0.890000,2008,"Transit",124.73000000
"WASP-13 b",13.67498000,114.41880000,4.35301000000,0.0536200000,0.000000,5950.00,0.720000,1.370000,2009,"Transit",227.53700000
"WASP-95 b",13.78707000,457.67520000,2.18467000000,0.0341600000,0.000000,5830.00,1.460000,1.230000,2014,"Transit",137.54400000
"WASP-97 b",12.77826000,432.24880000,2.07276000000,0.0330300000,0.000000,5640.00,1.180000,1.080000,2014,"Transit",151.06800000
"11 UMi b",12.30000000,4684.81420000,516.21997000000,1.5300000000,0.080000,4213.00,2.780000,29.790000,2009,"Radial Velocity",125.32100000
"BD-08 2823 b",,2948.49413174,5.60000000000,0.0600000000,0.150000,4816.00,0.500000,0.710000,2009,"Radial Velocity",41.33420000
"HD 1690 b",12.50000000,2793.72570000,533.00000000000,1.3600000000,0.640000,4374.00,1.860000,21.660000,2010,"Radial Velocity",752.61500000
"WASP-14 b",15.46842000,2809.61720000,2.24375000000,0.0370000000,0.090000,6475.00,1.620000,1.400000,2008,"Transit",161.99700000
"WASP-101 b",16.02887000,162.09330000,3.58572000000,0.0505700000,0.000000,6380.00,1.410000,1.310000,2014,"Transit",201.22400000
"BD-10 3166 b",14.10000000,187.51970000,3.48777000000,0.0400000000,0.020000,5393.00,1.470000,0.910000,2000,"Radial Velocity",84.40690000
"GJ 86 b",12.90000000,1404.80860000,15.76491000000,0.1100000000,0.040000,5182.00,0.930000,0.770000,1999,"Radial Velocity",10.78360000
"WASP-22 b",13.78707000,212.94610000,3.53269000000,0.0470000000,0.020000,6000.00,1.460000,1.240000,2010,"Transit",317.65200000
"HD 95127 b",12.40000000,3378.53290000,482.00000000000,1.2800000000,0.110000,4218.00,3.700000,41.010000,2015,"Radial Velocity",676.57900000
"WASP-82 b",18.15858000,371.86110000,2.70579000000,0.0447000000,0.000000,6480.00,1.480000,2.100000,2015,"Transit",275.66400000
"HD 204941 b",10.10000000,73.10090000,1733.00000000000,2.5500000000,0.370000,5026.00,0.580000,0.780000,2011,"Radial Velocity",28.71650000
"WASP-29 b",8.63093000,73.10090000,3.92273000000,0.0457000000,0.030000,4800.00,0.770000,0.790000,2010,"Transit",87.59530000
"WASP-26 b",13.56289000,270.15550000,2.75660000000,0.0400000000,0.000000,6034.00,0.860000,1.220000,2010,"Transit",252.75900000
"K2-164 b",3.24925008,10.60000000,17.35506600000,,,5791.00,1.180894,2.196069,2018,"Transit",375.67000000
"K2-169 b",1.27328671,2.16000000,6.38080300000,,,5548.00,0.986144,0.919053,2018,"Transit",235.86700000
"HAT-P-22 b",12.89035000,785.04010000,3.21222000000,0.0414000000,0.020000,5302.00,1.130000,1.110000,2010,"Transit",81.76470000
"HAT-P-24 b",14.57170000,238.37250000,3.35524000000,0.0465100000,0.070000,6373.00,1.370000,1.380000,2010,"Transit",415.34400000
"HD 212301 b",14.20000000,162.09330000,2.24571000000,0.0300000000,0.000000,6239.00,1.550000,1.160000,2005,"Radial Velocity",54.23040000
"WASP-38 b",13.78707000,1093.33520000,6.87188000000,0.0752200000,0.030000,6180.00,1.760000,1.520000,2010,"Transit",136.24000000
"K2-170 b",1.41817537,2.60000000,7.57654400000,,,5748.00,0.963657,0.981614,2018,"Transit",392.87200000
"K2-171 b",2.68657205,7.69000000,5.62846600000,,,5250.00,0.891587,1.717458,2018,"Transit",606.12800000
"HAT-P-29 b",13.11453000,279.69040000,5.72319000000,0.0667000000,0.090000,6087.00,1.450000,1.300000,2011,"Transit",313.57600000
"HD 213240 b",12.80000000,1655.88600047,882.70001000000,1.8900000000,0.420000,5979.00,1.570000,1.510000,2001,"Radial Velocity",40.87070000
"HD 215497 b",,1588.82420659,3.93404000000,0.0500000000,0.160000,5110.00,0.670000,0.850000,2009,"Radial Velocity",40.54680000
"WASP-41 b",12.32990000,270.15550000,3.05240000000,0.0402200000,0.000000,5545.00,0.810000,0.830000,2011,"Transit",163.37100000
"WASP-48 b",16.81350000,254.26400000,2.14363000000,0.0344400000,0.000000,5920.00,0.880000,1.580000,2011,"Transit",454.14400000
"K2-172 b",1.66608079,3.42000000,14.31694100000,,,5569.00,0.934356,0.868889,2018,"Transit",249.74200000
"K2-172 c",3.20569097,10.40000000,29.62682000000,,,5569.00,0.934356,0.868889,2018,"Transit",249.74200000
"K2-190 b",1.35673729,2.41000000,10.09885800000,,,5631.00,0.904597,0.912206,2018,"Transit",160.67900000
"HAT-P-5 b",13.56289000,311.47340000,2.78849000000,0.0407300000,0.000000,5960.00,1.040000,1.120000,2007,"Transit",303.33600000
"HAT-P-6 b",16.58932000,419.53560000,3.85298000000,0.0523900000,0.000000,6570.00,1.790000,1.620000,2007,"Transit",275.35800000
"HD 218566 b",9.32000000,63.56600000,225.70000000000,0.6900000000,0.300000,4730.00,0.760000,0.850000,2010,"Radial Velocity",28.82740000
"HD 240237 b",12.20000000,5050.31870000,745.70001000000,1.9200000000,0.400000,3926.00,8.760000,71.230000,2011,"Radial Velocity",933.37700000
"XO-1 b",12.77826000,263.79890000,3.94153000000,0.0488000000,0.000000,5750.00,0.880000,0.880000,2006,"Transit",163.55300000
"XO-4 b",14.01125000,451.31860000,4.12508000000,0.0552400000,0.000000,6397.00,1.100000,1.450000,2010,"Transit",272.65500000
"K2-191 b",1.57889322,3.12000000,2.85864600000,,,5176.00,0.900994,0.839696,2018,"Transit",287.18800000
"K2-200 b",1.36439870,2.43000000,2.84988300000,,,5233.00,0.860208,0.791736,2018,"Transit",184.13100000
"HD 101930 b",10.60000000,79.45750000,70.46000000000,0.3000000000,0.110000,5108.00,0.570000,0.860000,2005,"Radial Velocity",30.02740000
"HD 2638 b",14.30000000,133.48860000,3.44420000000,0.0400000000,0.000000,5186.00,0.770000,0.940000,2005,"Radial Velocity",54.96210000
"HD 30562 b",13.60000000,467.20775829,1157.00000000000,2.3400000000,0.760000,5882.00,1.120000,1.610000,2009,"Radial Velocity",26.15970000
"KELT-2 A b",15.13215000,540.31100000,4.11379000000,0.0549700000,0.000000,6327.00,1.540000,1.930000,2012,"Transit",134.05800000
"Pr0201 b",14.20000000,171.62820000,4.42640000000,0.0600000000,0.000000,6174.00,1.240000,1.150000,2012,"Radial Velocity",180.64000000
"K2-173 b",1.60826194,3.22000000,5.86869900000,,,5580.00,0.881538,0.843154,2018,"Transit",228.64100000
"HD 102195 b",14.20000000,130.31030000,4.11377000000,0.0500000000,0.000000,5301.00,0.760000,0.820000,2006,"Radial Velocity",29.33860000
"HD 102117 b",8.47000000,54.03110000,20.81330000000,0.1500000000,0.120000,5655.00,1.060000,1.230000,2005,"Radial Velocity",39.57920000
"HD 330075 b",14.30000000,152.55840000,3.38773000000,0.0400000000,0.000000,5000.00,0.470000,0.840000,2004,"Radial Velocity",45.29890000
"HD 34445 b",13.90000000,260.62060000,1049.00000000000,2.0700000000,0.270000,5879.00,1.140000,1.380000,2009,"Radial Velocity",46.09070000
"HD 77338 b",4.12000000,15.90000000,5.73610000000,0.0600000000,0.090000,5341.00,1.370000,0.970000,2012,"Radial Velocity",45.93500000
"HAT-P-40 b",17.03768000,152.55840000,4.45724000000,0.0608000000,0.000000,6080.00,1.030000,1.940000,2012,"Transit",464.46900000
"HD 215152 c",,468.79690033,7.28243000000,0.0673930000,0.000000,4935.00,0.770000,0.730000,2018,"Radial Velocity",21.59740000
"HD 215152 d",,770.41605857,10.86499000000,0.0879900000,0.000000,4935.00,0.770000,0.730000,2018,"Radial Velocity",21.59740000
"HD 103197 b",5.83000000,28.60470000,47.84000000000,0.2500000000,0.000000,5250.00,0.800000,0.880000,2011,"Radial Velocity",57.14630000
"HD 108874 b",13.60000000,451.31860000,394.48123000000,1.0400000000,0.130000,5600.00,1.100000,1.050000,2002,"Radial Velocity",59.51750000
"HD 40979 b",12.90000000,1484.26610000,264.14999000000,0.8500000000,0.250000,6165.00,1.450000,1.210000,2002,"Radial Velocity",34.08830000
"HD 4203 b",13.30000000,708.76090000,431.88000000000,1.1700000000,0.520000,5596.00,1.250000,1.420000,2001,"Radial Velocity",81.37950000
"WASP-49 b",12.44199000,117.59710000,2.78174000000,0.0379000000,0.000000,5600.00,0.920000,0.970000,2012,"Transit",194.55300000
"UKIRT-2017-BLG-001L b",13.70000000,407.00000000,,4.1800000000,,,0.810000,,2018,"Microlensing",6300.00000000
"HD 121504 b",13.60000000,479.92330000,63.33000000000,0.3300000000,0.030000,6027.00,1.620000,1.070000,2003,"Radial Velocity",41.65920000
"HD 47186 b",5.02000000,22.24810000,4.08450000000,0.0500000000,0.040000,5657.00,0.960000,1.080000,2008,"Radial Velocity",37.45740000
"WASP-66 b",15.69260000,746.90050000,4.08605000000,0.0546000000,0.000000,6600.00,1.330000,1.760000,2012,"Transit",500.25800000
"WASP-67 b",12.89035000,136.66690000,4.61442000000,0.0517900000,0.000000,5200.00,0.910000,0.880000,2012,"Transit",189.46900000
"K2-197 b",2.56000000,7.08000000,8.35788100000,0.0806000000,,5667.00,1.000000,0.930000,2018,"Transit",247.63700000
"HD 185269 b",13.80000000,321.00830000,6.83776000000,0.0770000000,0.229000,5923.00,1.300000,2.000000,2006,"Radial Velocity",51.99170000
"HD 181342 b",13.20000000,807.28820000,564.10000000000,1.5920000000,0.022000,4945.00,1.690000,4.710000,2009,"Radial Velocity",120.39100000
"K2-240 b",2.00000000,4.66000000,6.03400000000,0.0513000000,,3810.00,0.580000,0.540000,2018,"Transit",72.91050000
"CoRoT-20 c",12.20000000,5403.11000000,1675.00000000000,2.9000000000,0.600000,5880.00,1.140000,1.020000,2018,"Radial Velocity",844.06100000
"HD 89345 b",7.39794000,34.96130000,11.81430000000,0.1066000000,0.220000,5576.00,1.157000,1.747000,2018,"Transit",132.34500000
"WASP-158 b",11.99363000,886.74570000,3.65633300000,0.0517000000,0.000000,6350.00,1.380000,1.390000,2018,"Transit",524.99300000
"HD 200964 b",13.50000000,508.21017000,606.30000000000,1.5650000000,0.087000,4982.00,1.390000,4.920000,2010,"Radial Velocity",72.59220000
"K2-238 b",14.57170000,273.33380000,3.20466000000,0.0460000000,0.000000,5630.00,1.190000,1.590000,2018,"Transit",537.96300000
"WASP-162 b",11.20900000,1652.71600000,9.62468000000,0.0871000000,0.434000,5300.00,0.950000,1.110000,2018,"Transit",310.84100000
"WASP-168 b",16.81350000,133.48860000,4.15365800000,0.0519000000,0.000000,6000.00,1.080000,1.120000,2018,"Transit",303.94100000
"HD 28678 b",13.50000000,490.09386000,380.20000000000,1.1800000000,0.149000,4972.00,1.530000,6.480000,2011,"Radial Velocity",189.90800000
"HD 30856 b",13.50000000,491.68301000,847.00000000000,1.8500000000,0.061000,4895.00,1.170000,4.400000,2011,"Radial Velocity",131.19900000
"OGLE-2014-BLG-1722L c",11.00000000,83.70000000,,1.7000000000,,,0.400000,,2018,"Microlensing",6400.00000000
"K2-244 b",1.75000000,3.71000000,21.06884000000,0.1418000000,,5677.00,0.860000,0.920000,2018,"Transit",212.90200000
"K2-266 b",3.30000000,11.26782377,0.65852400000,0.0130600000,,4285.00,0.686000,0.703000,2018,"Transit",77.55860000
"K2-266 c",0.70500000,0.29013072,7.81400000000,0.0679000000,0.042000,4285.00,0.686000,0.703000,2018,"Transit",77.55860000
"WASP-173 A b",13.45080000,1172.79270000,1.38665318000,0.0248000000,0.000000,5800.00,1.050000,1.110000,2018,"Transit",232.98000000
"OGLE-2011-BLG-0173L b",9.01000000,60.00000000,,8.0000000000,,,0.410000,,2018,"Microlensing",6100.00000000
"HD 5319 b",13.50000000,494.54348000,637.10000000000,1.5700000000,0.092000,4871.00,1.270000,4.060000,2007,"Radial Velocity",121.40500000
"K2-159 b",2.26000000,5.73000000,12.42205000000,0.1013000000,,5425.00,0.900000,0.830000,2018,"Transit",170.99800000
"K2-266 e",2.73000000,14.30000000,19.48200000000,0.1249000000,0.043000,4285.00,0.686000,0.703000,2018,"Transit",77.55860000
"K2-266 d",2.93000000,8.90000000,14.69700000000,0.1035000000,0.047000,4285.00,0.686000,0.703000,2018,"Transit",77.55860000
"WASP-147 b",12.49803500,87.40325000,4.60273000000,0.0549000000,0.000000,5702.00,1.044000,1.429000,2018,"Transit",436.09800000
"WASP-160 B b",12.21781000,88.35674000,3.76849520000,0.0452000000,0.000000,5298.00,0.870000,0.868000,2018,"Transit",288.32600000
"HD 95089 c",13.10000000,1096.51350000,1785.00000000000,3.3300000000,0.284000,4918.00,1.540000,5.080000,2016,"Radial Velocity",136.95700000
"K2-166 b",2.19000000,5.43000000,8.52695000000,0.0858000000,,5960.00,1.160000,1.610000,2018,"Transit",476.88200000
"HATS-36 b",12.92000000,1022.14128000,4.17518600000,0.0523000000,0.105000,5950.00,1.100000,1.100000,2018,"Transit",856.43600000
"WASP-165 b",14.12334000,209.13214000,3.46550900000,0.0482300000,0.000000,5599.00,1.248000,1.750000,2018,"Transit",602.23600000
"HD 96063 b",13.70000000,403.64410000,362.50000000000,1.1100000000,0.170000,5020.00,1.370000,4.750000,2011,"Radial Velocity",140.06500000
"K2-228 b",1.21000000,1.92000000,2.69828000000,0.0338000000,,4715.00,0.710000,0.650000,2018,"Transit",129.46000000
"K2-283 b",3.52000000,12.20000000,1.92103600000,0.0291000000,,5060.00,0.890000,0.820000,2018,"Transit",402.91500000
"K2-151 b",1.49000000,2.83000000,3.83547600000,0.0373000000,,3695.00,0.470000,0.450000,2018,"Transit",69.47980000
"K2-281 b",8.18000000,50.90000000,8.68772100000,0.0773000000,,4812.00,0.820000,0.760000,2018,"Transit",458.13900000
"K2-216 b",1.75000000,8.00000000,2.17480000000,0.0280000000,0.000000,4503.00,0.700000,0.720000,2018,"Transit",115.46100000
"HD 5319 c",13.80000000,334.67499000,872.20000000000,1.9300000000,0.183000,4871.00,1.270000,4.060000,2014,"Radial Velocity",121.40500000
"K2-230 b",1.96000000,4.50000000,2.86041000000,0.0409000000,,5945.00,1.110000,1.390000,2018,"Transit",540.77300000
"K2-188 b",1.35000000,2.39000000,1.74216900000,0.0289000000,,5977.00,1.060000,1.190000,2018,"Transit",446.82100000
"GJ 96 b",4.67000000,19.66000000,73.94000000000,0.2910000000,0.440000,3785.00,0.600000,0.580612,2018,"Radial Velocity",11.93150000
"KMT-2016-BLG-1820L b",12.90000000,1450.00000000,,1.0800000000,,,0.039000,,2018,"Microlensing",6260.00000000
"HD 94834 b",13.70000000,400.46580000,1576.00000000000,2.7400000000,0.140000,4798.00,1.110000,4.200000,2018,"Radial Velocity",98.16090000
"K2-153 b",2.00000000,4.66000000,7.51574000000,0.0614000000,,3845.00,0.550000,0.530000,2018,"Transit",143.12500000
"HATS-11 b",18.03000000,263.79890000,3.61918800000,0.0507000000,0.340000,6563.00,1.330000,1.540000,2016,"Transit",944.60300000
"KMT-2016-BLG-2142L b",12.20000000,4923.00000000,,0.8300000000,,,0.073000,,2018,"Microlensing",7010.00000000
"MOA-2015-BLG-337L b",6.42000000,33.70000000,,0.2400000000,,,0.009400,,2018,"Microlensing",7100.00000000
"K2-241 b",2.55000000,7.04000000,26.81990000000,0.1567000000,,5262.00,0.710000,0.750000,2018,"Transit",149.46400000
"K2-117 c",2.06000000,4.90000000,5.44401700000,0.0492000000,0.150000,3778.00,0.540000,0.510000,2017,"Transit",101.63200000
"K2-284 b",2.78000000,8.15000000,4.79506900000,0.0477100000,0.078000,4140.00,0.630000,0.607000,2018,"Transit",107.27200000
"MOA-2016-BLG-319L b",14.10000000,200.00000000,,0.9500000000,,,0.150000,,2018,"Microlensing",6800.00000000
"HD 12648 b",13.40000000,622.94680000,133.60001000000,0.5400000000,0.040000,4835.00,0.670000,11.020000,2015,"Radial Velocity",182.19200000
"K2-243 b",2.17000000,5.35000000,11.54182000000,0.1087000000,,6570.00,1.290000,1.390000,2018,"Transit",266.86400000
"K2-117 b",2.03000000,4.78000000,1.29160000000,0.0189000000,0.060000,3778.00,0.540000,0.510000,2017,"Transit",101.63200000
"K2-312 c",12.80000000,1681.31227303,871.32000000000,1.8820000000,0.843500,5959.00,1.150000,1.199000,2023,"Radial Velocity",109.86000000
"K2-245 b",4.34000000,17.40000000,11.89307000000,0.0959000000,,5793.00,0.830000,1.250000,2018,"Transit",456.06400000
"K2-270 c",2.95000000,9.01000000,4.40002800000,0.0497000000,,4877.00,0.850000,0.770000,2018,"Transit",280.51800000
"HATS-59 b",12.62133400,256.17098000,5.41608100000,0.0611200000,0.129000,5670.00,1.038000,1.036000,2018,"Transit",642.88400000
"KELT-15 b",19.50366000,416.35730000,3.32944000000,0.0461300000,0.000000,6003.00,2.060000,1.780000,2016,"Transit",324.68300000
"K2-247 b",2.12000000,5.14000000,2.25021000000,0.0304000000,,4667.00,0.740000,0.690000,2018,"Transit",258.11300000
"EPIC 211945201 b",5.76000000,11.00000000,19.49221000000,0.1493000000,0.000000,6069.00,1.170000,1.390000,2018,"Transit",181.69000000
"CoRoT-21 b",14.57170000,718.29580000,2.72474000000,0.0417000000,0.000000,6200.00,1.290000,1.950000,2012,"Transit",1398.83419686
"70 Vir b",12.60000000,2380.45000000,116.68800000000,0.4810000000,0.398800,5495.00,1.090000,1.890000,1996,"Radial Velocity",17.90110000
"K2-39 b",6.27704000,28.60470000,4.60543000000,0.0570800000,0.000000,4881.00,0.660000,2.970000,2016,"Transit",307.47000000
"K2-248 b",2.57000000,7.13000000,7.17256000000,0.0699000000,,5528.00,0.880000,0.920000,2018,"Transit",406.25400000
"K2-276 b",3.77000000,13.70000000,18.71826900000,0.1291000000,,5139.00,0.820000,0.850000,2018,"Transit",488.15200000
"HD 102956 b",13.80000000,305.11680000,6.49470000000,0.0807000000,0.037000,4985.00,1.660000,4.550000,2010,"Radial Velocity",121.89000000
"HD 108863 b",13.30000000,767.24162000,437.70000000000,1.3200000000,0.032000,4878.00,1.590000,5.740000,2011,"Radial Velocity",164.74200000
"HATS-46 b",10.12172700,54.98459000,4.74237290000,0.0536700000,0.559000,5495.00,0.917000,0.853000,2018,"Transit",453.80800000
"HATS-7 b",6.31066700,38.13960000,3.18531500000,0.0401200000,0.170000,4985.00,0.849000,0.815000,2015,"Transit",240.70700000
"K2-252 b",1.74000000,3.68000000,13.81513000000,0.1041000000,,5152.00,0.790000,0.820000,2018,"Transit",228.83900000
"K2-188 c",2.83000000,8.40000000,7.81025300000,0.0785000000,,5977.00,1.060000,1.190000,2018,"Transit",446.82100000
"HD 131496 b",13.40000000,572.09400000,896.00000000000,2.0100000000,0.181000,4846.00,1.340000,4.440000,2011,"Radial Velocity",131.84900000
"HD 1502 b",13.20000000,874.03250000,428.50000000000,1.2620000000,0.031000,4947.00,1.460000,4.670000,2011,"Radial Velocity",190.95300000
"NGTS-3 A b",16.58932000,756.43540000,1.67537280000,0.0230000000,,5600.00,1.017000,0.930000,2018,"Transit",743.97200000
"K2-254 b",1.63000000,3.29000000,4.09639000000,0.0448000000,,4629.00,0.710000,0.670000,2018,"Transit",227.77500000
"K2-192 b",1.52000000,2.92000000,4.16281700000,0.0490000000,,5222.00,0.900000,0.810000,2018,"Transit",221.75300000
"K2-239 c",1.00000000,0.97200000,7.77500000000,0.0576000000,,3420.00,0.400000,0.360000,2018,"Transit",31.08490000
"K2-258 b",3.00000000,9.27000000,19.09210000000,0.1490000000,,6351.00,1.210000,1.310000,2018,"Transit",661.87300000
"HD 70642 b",13.00000000,1239.53078730,2124.54000000000,3.3180000000,0.175000,5732.00,1.078000,0.984000,2003,"Radial Velocity",29.27600000
"HATS-69 b",10.59250500,183.38791000,2.22525770000,0.0321100000,0.519000,5137.00,0.892000,0.878500,2018,"Transit",414.53700000
"HD 202696 b",,634.38868000,517.80000000000,1.5660000000,0.011000,5040.00,1.910000,6.430000,2019,"Radial Velocity",188.54600000
"HD 202696 c",,592.43512000,946.60000000000,2.3420000000,0.028000,5040.00,1.910000,6.430000,2019,"Radial Velocity",188.54600000
"KMT-2017-BLG-1038L b",13.40000000,640.00000000,,1.8000000000,,,0.370000,,2019,"Microlensing",6000.00000000
"HD 117618 b",8.59000000,55.30242000,25.80000000000,0.1800000000,0.150000,5990.00,1.077000,1.200000,2004,"Radial Velocity",37.77810000
"NGTS-4 b",3.18000000,20.60000000,1.33735080000,0.0190000000,0.000000,5143.00,0.750000,0.840000,2019,"Transit",280.55500000
"K2-295 b",10.05447300,106.47305000,4.02486700000,0.0451000000,0.000000,4444.00,0.740000,0.700000,2018,"Transit",232.80100000
"HIP 79098 AB b",12.10000000,6515.51500000,,345.0000000000,,9193.75,3.750000,,2019,"Imaging",145.79800000
"Kepler-730 b",12.32990000,,6.49168280800,0.0694000000,0.000000,5620.00,1.047000,1.411000,2016,"Transit",1935.04000000
"K2-133 c",1.60300000,3.20000000,4.86784000000,0.0434100000,,3655.00,0.461000,0.455000,2017,"Transit",75.17030000
"K2-133 d",2.00300000,4.67000000,11.02454000000,0.0748700000,,3655.00,0.461000,0.455000,2017,"Transit",75.17030000
"HAT-P-25 b",12.72221500,180.84527000,3.65281514000,0.0466000000,0.023000,5519.00,1.012000,0.919000,2012,"Transit",300.38400000
"HD 89744 b",12.60000000,2653.88050000,256.78000000000,0.9170000000,0.677000,6291.00,1.860000,2.132570,1999,"Radial Velocity",38.63640000
"HD 65216 c",13.40000000,645.19490000,5370.00000000000,5.7500000000,0.170000,5612.00,0.874000,0.880000,2013,"Radial Velocity",35.12050000
"K2-133 e",1.73000000,3.64000000,26.58410000000,0.1346000000,,3655.00,0.461000,0.455000,2019,"Transit",75.17030000
"EPIC 201497682 b",0.69200000,0.26000000,2.13174000000,,,4991.00,0.780000,0.554000,2019,"Transit",253.02600000
"OGLE-2015-BLG-1670L b",4.42000000,17.90000000,,2.6200000000,,,0.550000,,2019,"Microlensing",6700.00000000
"K2-290 c",11.27625400,246.00042000,48.36685000000,0.3050000000,0.000000,6302.00,1.194000,1.511000,2019,"Transit",272.90900000
"HAT-P-34 b",13.41717300,1058.37390000,5.45265400000,0.0677400000,0.432000,6442.00,1.392000,1.530000,2011,"Transit",249.32500000
"EPIC 201754305 d",1.03000000,1.08000000,2.71578000000,,,4761.00,0.670000,0.544000,2019,"Transit",334.96700000
"EPIC 201833600 c",1.00000000,0.97200000,3.96151000000,,,4326.00,0.611000,0.634000,2019,"Transit",257.44300000
"HAT-P-36 b",14.31389300,587.41340600,1.32734683000,0.0241000000,0.063000,5620.00,1.030000,1.041000,2011,"Transit",294.41900000
"K2-52 b",18.00000000,,3.53505500000,0.0540000000,,7147.00,1.691000,2.192000,2016,"Transit",1038.41000000
"K2-53 b",2.60000000,7.27000000,12.20772000000,0.0980000000,,5263.00,0.851000,0.807000,2016,"Transit",138.01800000
"K2-293 b",2.45000000,6.57000000,13.12250000000,,,5532.00,0.958000,0.947000,2019,"Transit",392.25100000
"TOI-172 b",10.81668500,1722.63860000,9.47725000000,0.0914000000,0.380600,5645.00,1.128000,1.777000,2019,"Transit",342.83100000
"EPIC 206024342 b",1.70000000,3.53000000,4.50756000000,,,5724.00,0.928000,0.823000,2019,"Transit",369.88800000
"EPIC 206032309 b",1.01000000,1.01000000,2.87814000000,,,3489.00,0.221000,0.373440,2019,"Transit",161.36500000
"HAT-P-9 b",15.61413700,238.05467000,3.92281072000,0.0528700000,0.084000,6350.00,1.281000,1.338000,2008,"Transit",455.20300000
"HATS-24 b",15.63655500,718.29580000,1.34849780000,0.0238000000,0.000000,6125.00,1.070000,1.120000,2017,"Transit",494.18200000
"K2-90 b",2.60000000,7.27000000,13.73331400000,0.0960000000,0.070000,4484.00,0.629000,0.619000,2016,"Transit",134.18800000
"K2-294 b",1.66000000,3.39000000,2.50387000000,,,5612.00,0.987000,1.200000,2019,"Transit",373.07800000
"GJ 685 b",2.95000000,9.00000000,24.16000000000,0.1344000000,0.000000,3816.00,0.550000,0.540000,2019,"Radial Velocity",14.31550000
"EPIC 206317286 b",0.96000000,0.84000000,1.58252000000,,,4752.00,0.711000,0.669000,2019,"Transit",314.35000000
"K2-308 b",9.91600000,70.60000000,3.38628000000,,,6100.00,1.090000,1.240000,2019,"Transit",1314.53000000
"Kepler-9 c",8.08000000,29.90000000,38.98530000000,0.2270000000,0.066910,5774.00,1.022000,0.958000,2010,"Transit",628.25700000
"K2-124 b",2.90000000,8.75000000,6.41365100000,0.0490000000,0.080000,3570.00,0.390000,0.388000,2017,"Transit",140.38500000
"HD 92788 b",13.00000000,1195.04080000,325.80300000000,0.9700000000,0.350000,5744.00,1.150000,1.140000,2000,"Radial Velocity",34.65380000
"Kepler-25 c",5.21700000,15.20000000,12.72070000000,0.1117000000,0.006100,6354.00,1.165000,1.316000,2011,"Transit",243.24900000
"WASP-33 b",17.85593700,665.21819000,1.21987000000,0.0239000000,0.000000,7430.00,1.495000,1.444000,2010,"Transit",121.94400000
"HD 134060 c",5.91000000,29.29000000,1291.56460000000,2.3928000000,0.110000,5966.00,1.095000,1.164285,2019,"Radial Velocity",24.01250000
"WASP-177 b",17.71022000,161.45764000,3.07172200000,0.0395700000,,5017.00,0.876000,0.885000,2019,"Transit",176.81800000
"WASP-181 b",13.27145600,95.03117000,4.51950640000,0.0542700000,,5839.00,1.040000,0.965000,2019,"Transit",437.49500000
"Kepler-25 b",2.74800000,8.70000000,6.23829700000,0.0695000000,0.002900,6354.00,1.165000,1.316000,2011,"Transit",243.24900000
"WASP-161 b",12.81188700,791.39670000,5.40604250000,0.0673000000,,6400.00,1.390000,1.712000,2018,"Transit",343.08000000
"WASP-163 b",13.47321800,594.34210000,1.60968840000,0.0266000000,,5500.00,0.970000,1.015000,2018,"Transit",261.38600000
"HD 20781 b",1.21000000,1.93000000,5.31350000000,0.0529000000,0.100000,5256.00,0.700000,0.833609,2019,"Radial Velocity",35.97150000
"HD 20003 b",3.43000000,11.66000000,11.84820000000,0.0974000000,0.360000,5494.00,0.875000,0.921637,2019,"Radial Velocity",41.83160000
"Kepler-47 c",4.65000000,3.17000000,303.22700000000,0.9638000000,0.044000,5636.00,0.957000,0.936000,2012,"Transit",1025.02000000
"Gl 49 b",2.24000000,5.63000000,13.85080000000,0.0905000000,0.363000,3805.00,0.515000,0.511000,2019,"Radial Velocity",9.85280000
"HD 21693 b",2.80000000,8.23000000,22.67860000000,0.1455000000,0.120000,5430.00,0.800000,0.914378,2019,"Radial Velocity",33.25500000
"HD 20781 c",2.17000000,5.33000000,13.89050000000,0.1004000000,0.090000,5256.00,0.700000,0.833609,2019,"Radial Velocity",35.97150000
"Kepler-47 d",7.04000000,19.02000000,187.36600000000,0.6992000000,0.024000,5636.00,0.957000,0.936000,2019,"Transit",1025.02000000
"LSPM J2116+0234 b",3.71000000,13.30000000,14.43990000000,0.0876000000,0.183000,3475.00,0.430000,0.431000,2019,"Radial Velocity",17.62970000
"K2-285 e",1.95000000,10.70000000,14.76289000000,0.1804100000,0.000000,4975.00,0.830000,0.787000,2018,"Transit",154.96100000
"K2-285 d",2.48000000,6.50000000,10.45582000000,0.1178000000,0.000000,4975.00,0.830000,0.787000,2018,"Transit",154.96100000
"HD 31527 b",3.22000000,10.47000000,16.55350000000,0.1254000000,0.100000,5898.00,0.960000,1.073694,2019,"Radial Velocity",38.44730000
"HD 31527 d",3.46000000,11.82000000,271.67370000000,0.8098000000,0.240000,5898.00,0.960000,1.073694,2019,"Radial Velocity",38.44730000
"HD 21749 c",0.89200000,3.70000000,7.78993000000,0.0695000000,,4640.00,0.730000,0.695000,2019,"Transit",16.32000000
"HD 114729 b",13.90000000,262.20975000,1121.79000000000,2.0670000000,0.079000,5844.00,0.936000,1.473000,2002,"Radial Velocity",37.80630000
"K2-286 b",2.10000000,5.06000000,27.35900000000,0.1768000000,,3926.00,0.640000,0.620000,2018,"Transit",76.14860000
"Qatar-9 b",11.30988100,378.21770000,1.54073100000,0.0234000000,0.000000,4309.00,0.719000,0.696000,2019,"Transit",213.77100000
"NGTS-5 b",12.73342400,72.78307000,3.35698660000,0.0382000000,0.000000,4987.00,0.661000,0.739000,2019,"Transit",306.77900000
"HD 126525 b",10.30000000,75.32571000,960.41000000000,1.8370000000,0.035000,5638.00,0.897000,0.979000,2018,"Radial Velocity",37.65060000
"HD 117207 b",13.40000000,669.34662514,2621.75000000000,3.7870000000,0.157000,5732.00,1.053000,1.074000,2004,"Radial Velocity",32.35470000
"HD 143361 b",12.90000000,1382.55357045,1039.15000000000,1.9880000000,0.197000,5507.00,0.968000,0.916000,2008,"Radial Velocity",68.51460000
"K2-288 B b",1.90000000,4.27000000,31.39346300000,0.1640000000,,3341.00,0.330000,0.320000,2018,"Transit",65.61380000
"HATS-60 b",12.92397700,210.40346000,3.56082900000,0.0470800000,0.191000,5688.00,1.097000,1.460000,2018,"Transit",486.47400000
"HD 20781 e",3.83000000,14.03000000,85.50730000000,0.3374000000,0.060000,5256.00,0.700000,0.833609,2019,"Radial Velocity",35.97150000
"HD 45184 c",2.91000000,8.81000000,13.13540000000,0.1100000000,0.070000,5869.00,1.030000,1.075139,2019,"Radial Velocity",21.95320000
"HD 152079 b",13.20000000,845.74563000,2918.92000000000,4.1870000000,0.532000,5907.00,1.147000,1.128000,2009,"Radial Velocity",87.88880000
"HATS-62 b",11.82549500,56.89157000,3.27688370000,0.0416300000,0.298000,5416.00,0.896000,0.933000,2018,"Transit",523.06700000
"HATS-63 b",13.52926300,305.11680000,3.05665270000,0.0402600000,0.136000,5627.00,0.931000,1.070000,2018,"Transit",623.23200000
"HATS-70 b",15.51325600,4100.00700000,1.88823780000,0.0363200000,0.180000,7930.00,1.780000,1.881000,2019,"Transit",1458.83000000
"K2-264 b",2.23100000,5.61000000,5.84000200000,0.0502300000,0.500000,3660.00,0.496000,0.473000,2018,"Transit",185.60500000
"KMT-2016-BLG-1107L b",13.10000000,1043.00000000,,0.3420000000,,,0.087000,,2019,"Microlensing",6651.00000000
"HD 103949 b",3.35000000,11.20000000,120.87800000000,0.4390000000,0.190000,4792.00,0.770000,0.753113,2019,"Radial Velocity",26.49970000
"HIP 35173 b",3.61000000,12.70000000,41.51600000000,0.2170000000,0.160000,4881.00,0.790000,0.773404,2019,"Radial Velocity",33.15620000
"HD 23127 b",13.50000000,485.32641000,1211.17000000000,2.3700000000,0.406000,5843.00,1.208000,1.490000,2006,"Radial Velocity",93.85550000
"HD 25171 b",13.90000000,290.81445000,1802.29000000000,2.9710000000,0.042000,6125.00,1.076000,1.230000,2010,"Radial Velocity",55.61460000
"HATS-65 b",16.82470900,260.93843000,3.10516100000,0.0449700000,0.062000,6277.00,1.257000,1.310000,2018,"Transit",493.32000000
"HATS-66 b",15.81589900,1694.03390000,3.14143910000,0.0471400000,0.064000,6626.00,1.411000,1.841000,2018,"Transit",1477.98000000
"HD 1397 b",11.50043400,131.89945000,11.53533000000,0.1097000000,0.251000,5521.00,1.324000,2.336000,2018,"Transit",79.57020000
"HD 64114 b",4.41000000,17.80000000,45.79100000000,0.2460000000,0.120000,5676.00,0.950000,0.882858,2019,"Radial Velocity",31.52620000
"HD 206255 b",6.47000000,34.20000000,96.04500000000,0.4610000000,0.230000,5635.00,1.420000,2.221489,2019,"Radial Velocity",75.23630000
"HD 38801 b",12.50000000,3082.31534000,685.25000000000,1.6230000000,0.017000,5338.00,1.207000,2.029000,2009,"Radial Velocity",91.43490000
"HATS-67 b",18.88716500,460.85350000,1.60917880000,0.0303200000,0.057000,6594.00,1.435000,1.441000,2018,"Transit",960.10900000
"HATS-68 b",13.80948800,410.00070000,3.58622020000,0.0507100000,0.036000,6147.00,1.351000,1.748000,2018,"Transit",603.95500000
"Gl 378 b",3.66000000,13.02000000,3.82200000000,0.0394350000,0.109000,3879.00,0.560000,0.560000,2019,"Radial Velocity",14.95450000
"WASP-190 b",12.89035000,317.83000000,5.36775300000,0.0663000000,0.000000,6400.00,1.350000,1.600000,2019,"Transit",542.25100000
"Kepler-1610 c",2.09000000,5.02000000,44.98518850000,0.2323000000,0.000000,5295.00,0.825000,0.800000,2023,"Transit",864.33100000
"XO-7 b",15.38995700,225.34147000,2.86414240000,0.0442100000,0.038000,6250.00,1.405000,1.480000,2019,"Transit",234.14900000
"HATS-55 b",14.02245900,292.72143000,4.20420010000,0.0541200000,0.092000,6214.00,1.195500,1.126000,2019,"Transit",609.83800000
"Kepler-1996 c",2.81000000,8.30000000,92.72972480000,0.3608000000,0.000000,4580.00,0.748000,0.675000,2023,"Transit",440.56100000
"Kepler-1988 b",1.53000000,2.96000000,11.49500229000,0.1038000000,0.000000,6033.00,1.127000,1.788000,2023,"Transit",513.42600000
"TOI-813 b",6.71000000,36.40000000,83.89110000000,0.4230000000,0.000000,5907.00,1.320000,1.940000,2020,"Transit",263.14500000
"GJ 433 b",2.33000000,6.04300000,7.37050000000,0.0620000000,0.040000,3461.00,0.480000,0.500000,2013,"Radial Velocity",9.06456000
"HATS-58 A b",12.27385500,327.36490000,4.21808960000,0.0579800000,0.168000,7175.00,1.461000,1.433000,2019,"Transit",403.59100000
"HR 5183 b",13.10000000,1052.01202717,27000.00000000000,18.0000000000,0.840000,5794.00,1.070000,1.530000,2019,"Radial Velocity",31.46070000
"Kepler-1991 b",1.47000000,2.76000000,13.26079792000,0.1065000000,0.000000,5478.00,0.914000,1.053000,2023,"Transit",855.82000000
"Kepler-1471 c",1.88000000,4.19000000,11.60448810000,0.0981000000,0.000000,5533.00,0.934000,1.166000,2023,"Transit",978.67800000
"GJ 180 b",2.43000000,6.49000000,17.13300000000,0.0920000000,0.070000,3371.00,0.430000,0.413049,2014,"Radial Velocity",11.94070000
"WASP-169 b",14.61653600,178.30263000,5.61141180000,0.0681000000,0.000000,6110.00,1.337000,2.011000,2019,"Transit",627.06600000
"Kepler-1998 b",0.60000000,0.15600000,3.03267135000,0.0405000000,0.000000,5640.00,0.962000,0.921000,2023,"Transit",340.96500000
"Kepler-164 e",4.24000000,16.70000000,94.88690200000,0.4025000000,0.000000,5888.00,0.966000,1.097000,2023,"Transit",890.75800000
"Kepler-1994 b",0.51000000,0.08700000,4.61225043000,0.0530000000,0.000000,5495.00,0.932000,0.961000,2023,"Transit",241.99100000
"Kepler-1984 b",6.81000000,37.30000000,1.99281233900,0.0238000000,0.000000,3638.00,0.450000,0.420000,2023,"Transit",
"GJ 433 d",2.14000000,5.22300000,36.05900000000,0.1780000000,0.070000,3461.00,0.480000,0.500000,2020,"Radial Velocity",9.06456000
"GJ 3082 b",2.79000000,8.20000000,11.94900000000,0.0790000000,0.220000,3910.00,0.470000,0.465216,2020,"Radial Velocity",16.61860000
"WASP-175 b",13.54047200,314.65170000,3.06529070000,0.0440300000,0.000000,6229.00,1.212000,1.204000,2019,"Transit",539.36000000
"Kepler-619 d",4.17000000,16.20000000,11.67894236000,0.1021000000,0.000000,6122.00,1.041000,0.964000,2023,"Transit",900.67800000
"Kepler-1126 c",1.45000000,2.70000000,199.66876000000,0.6193000000,0.000000,5678.00,0.794000,0.921000,2023,"Transit",635.73600000
"EPIC 249893012 b",1.95000000,8.75000000,3.59510000000,0.0470000000,0.060000,5430.00,1.050000,1.710000,2020,"Transit",321.29600000
"Kepler-1661 b",3.87000000,17.00000000,175.06000000000,0.6330000000,0.057000,5100.00,0.841000,0.762000,2020,"Transit",410.60700000
"OGLE-2016-BLG-1067L b",14.30000000,140.00000000,,1.7000000000,,,0.300000,,2019,"Microlensing",3730.00000000
"Kepler-1987 c",1.33000000,2.33000000,3.64830183000,0.0427000000,0.000000,4769.00,0.799000,0.714000,2023,"Transit",595.68300000
"Kepler-1985 b",2.27000000,5.77000000,3.42064689000,0.0426000000,0.000000,5370.00,0.877000,0.966000,2023,"Transit",
"Kepler-1987 b",1.23000000,2.04000000,2.34586300200,0.0318000000,0.000000,4769.00,0.799000,0.714000,2023,"Transit",595.68300000
"Kepler-1801 c",2.91000000,8.80000000,116.58318300000,0.4572000000,0.000000,5738.00,0.936000,0.981000,2023,"Transit",839.33200000
"EPIC 249893012 c",3.67000000,14.67000000,15.62400000000,0.1300000000,0.070000,5430.00,1.050000,1.710000,2020,"Transit",321.29600000
"EPIC 249893012 d",3.94000000,10.18000000,35.74700000000,0.2200000000,0.150000,5430.00,1.050000,1.710000,2020,"Transit",321.29600000
"WASP-180 A b",13.89916000,286.04700000,3.40926400000,0.0480000000,0.000000,6600.00,1.300000,1.190000,2019,"Transit",253.98500000
"WASP-2 b",12.11692900,295.89973000,2.15217500000,0.0314400000,0.005400,5180.00,0.895000,0.866000,2007,"Transit",153.24200000
"Kepler-949 c",2.97000000,9.11000000,20.99757968000,0.1394000000,0.000000,5211.00,0.817000,0.895000,2023,"Transit",486.10500000
"Kepler-311 d",2.05000000,4.86000000,232.04032600000,0.7326000000,0.000000,5903.00,0.974000,1.156000,2023,"Transit",778.65400000
"WASP-44 b",12.32990000,276.51210000,2.42380400000,0.0345300000,0.000000,5420.00,0.935000,0.906000,2011,"Transit",364.51200000
"WASP-45 b",10.60371400,306.38812000,3.12608900000,0.0396300000,0.000000,5150.00,0.850000,0.855000,2011,"Transit",211.19600000
"Kepler-1834 c",1.22000000,1.98000000,0.76669151700,0.0150000000,0.000000,4821.00,0.765000,0.788000,2023,"Transit",500.39500000
"HATS-47 b",12.52045300,117.27927000,3.92280380000,0.0426900000,0.088000,4512.00,0.674000,0.656400,2020,"Transit",300.67000000
"GJ 15 A c",6.67000000,36.00000000,7600.00000000000,5.4000000000,0.270000,3607.00,0.380000,0.380000,2018,"Radial Velocity",3.56228000
"Kepler-763 c",1.42000000,2.60000000,4.09667624000,0.0466000000,0.000000,4999.00,0.800000,0.843000,2023,"Transit",962.45900000
"Kepler-347 d",3.04000000,9.48000000,85.51734400000,0.3802000000,0.000000,5592.00,1.000000,1.451000,2023,"Transit",1298.88000000
"EPIC 248847494 b",12.44199000,4131.79000000,3650.00000000000,4.5000000000,0.000000,4898.00,0.900000,2.700000,2018,"Transit",551.88600000
"WASP-184 b",14.90797000,181.16310000,5.18170000000,0.0627000000,0.000000,6000.00,1.230000,1.650000,2019,"Transit",663.23100000
"WASP-185 b",14.01125000,311.47340000,9.38755000000,0.0904000000,0.240000,5900.00,1.120000,1.500000,2019,"Transit",279.35000000
"Kepler-290 d",0.86000000,0.56600000,0.76401755300,0.0154000000,0.000000,5142.00,0.840000,0.755000,2023,"Transit",694.62700000
"Kepler-549 d",4.20000000,16.40000000,24.61480613000,0.1575000000,0.000000,5312.00,0.859000,0.986000,2023,"Transit",635.14500000
"KMT-2017-BLG-0165L b",6.45000000,34.00000000,,3.4500000000,,,0.760000,,2018,"Microlensing",4530.00000000
"Kepler-865 c",0.89000000,0.64000000,6.20920207000,0.0610000000,0.000000,5440.00,0.782000,0.885000,2023,"Transit",586.13700000
"TOI-150.01",14.06729500,797.75330000,5.85748700000,0.0703700000,0.262000,6255.00,1.351000,1.526000,2019,"Transit",336.26700000
"GJ 682 c",2.89000000,8.70000000,57.32000000000,0.1760000000,0.100000,3028.00,0.270000,0.298255,2014,"Radial Velocity",5.00671000
"OGLE-2015-BLG-1649L b",13.20000000,807.00000000,,2.0700000000,,,0.340000,,2019,"Microlensing",4230.00000000
"Kepler-2000 c",1.57000000,3.09000000,20.61803480000,0.1228000000,0.000000,3757.00,0.581000,0.576000,2023,"Transit",320.58800000
"Kepler-448 c",12.00000000,6992.26000000,2500.00000000000,4.2000000000,0.650000,6635.00,1.500000,1.400000,2017,"Transit Timing Variations",399.39800000
"MOA-bin-29 b",14.10000000,190.00000000,,0.4800000000,,,0.030000,,2019,"Microlensing",7120.00000000
"TOI-4562 c",12.80000000,1833.86990839,3990.00000000000,5.2190000000,0.122000,6096.00,1.192000,1.152000,2024,"Transit Timing Variations",339.60500000
"HD 50554 d",1.41000000,10.40000000,28.06940000000,0.1831000000,0.000000,5968.00,1.040000,1.146000,2026,"Transit",31.16640000
"HD 97048 b",13.30000000,794.57500000,,130.0000000000,,10000.00,2.400000,2.250000,2019,"Disk Kinematics",183.85700000
"7 CMa b",13.40000000,587.98550000,735.10000000000,1.7580000000,0.060000,4826.00,1.340000,4.870000,2011,"Radial Velocity",19.81010000
"Kepler-1983 b",2.33000000,6.04000000,7.32851947000,0.0689000000,0.000000,5135.00,0.812000,0.874000,2023,"Transit",424.42800000
"NGTS-8 b",12.21781000,295.58190000,2.49970000000,0.0350000000,0.010000,5241.00,0.890000,0.980000,2019,"Transit",428.97600000
"EPIC 205950854 c",1.31000000,2.27000000,8.05072200000,,,5502.70,0.877000,0.830000,2019,"Transit",243.93500000
"7 CMa c",13.90000000,276.51210000,996.00000000000,2.1530000000,0.080000,4826.00,1.340000,4.870000,2019,"Radial Velocity",19.81010000
"Kepler-1990 c",0.98000000,0.90400000,4.06844957000,0.0504000000,0.000000,5751.00,1.028000,1.071000,2023,"Transit",392.73900000
"HD 220197 b",9.32000000,63.56600000,1728.00000000000,2.7290000000,0.187000,5683.00,0.910000,0.980000,2018,"Radial Velocity",64.41100000
"K2-43 c",2.42000000,6.44000000,2.19888400000,,,3840.60,0.571000,0.542000,2019,"Transit",182.53600000
"Kepler-763 d",1.67000000,3.43000000,6.50327035000,0.0634000000,0.000000,4999.00,0.800000,0.843000,2023,"Transit",962.45900000
"Kepler-1162 c",1.81000000,3.93000000,59.28406400000,0.2832000000,0.000000,5225.00,0.861000,0.859000,2023,"Transit",940.21100000
"HD 213885 b",1.74500000,8.83000000,1.00803500000,0.0201200000,0.000000,5978.00,1.068000,1.101100,2019,"Transit",48.08830000
"Kepler-896 c",3.15000000,10.10000000,29.54225660000,0.1792000000,0.000000,5510.00,0.877000,0.803000,2023,"Transit",2334.93000000
"Kepler-1982 b",0.77000000,0.38100000,3.82315697000,0.0511000000,0.000000,6202.00,1.213000,1.122000,2023,"Transit",558.85500000
"HD 213885 c",4.71000000,19.95000000,4.78503000000,0.0567980000,0.000000,5978.00,1.068000,1.101100,2019,"Radial Velocity",48.08830000
"HAT-P-69 b",18.78628400,1137.83140000,4.78694910000,0.0655500000,0.000000,7394.00,1.648000,1.926000,2019,"Transit",341.26300000
"Kepler-2000 b",2.73000000,7.90000000,6.38315913500,0.0562000000,0.000000,3757.00,0.581000,0.576000,2023,"Transit",320.58800000
"TOI-763 c",2.63000000,9.32000000,12.27370000000,0.1011000000,0.040000,5450.00,0.917000,0.897000,2020,"Transit",95.12740000
"TOI-905 b",13.12573900,211.99261000,3.73949400000,0.0466600000,0.024000,5570.00,0.968000,0.918000,2020,"Transit",158.64900000
"TOI-564 b",11.43318000,464.98529000,1.65114400000,0.0273400000,0.072000,5640.00,0.998000,1.088000,2020,"Transit",199.58100000
"Kepler-29 b",2.55000000,5.00000000,10.33974000000,0.0848200000,0.000000,5378.00,0.761000,0.732000,2011,"Transit",832.53200000
"Kepler-1674 b",3.20577490,10.40000000,62.56110000000,0.3017000000,0.000000,5473.91,0.960000,0.877273,2020,"Transit",1012.48000000
"Kepler-1675 b",3.12483349,9.93000000,63.03820000000,0.3218500000,0.000000,5853.19,1.060000,1.128650,2020,"Transit",651.11700000
"HD 108236 b",1.61500000,3.24000000,3.79596300000,0.0452700000,0.045000,5660.00,0.869000,0.877000,2020,"Transit",64.59780000
"HD 164922 c",3.66000000,13.00000000,75.74000000000,0.3410000000,0.120000,5390.00,0.926000,0.946000,2016,"Radial Velocity",22.00160000
"KMT-2019-BLG-0842L b",3.19000000,10.28000000,,3.3100000000,,,0.760000,,2020,"Microlensing",3320.00000000
"HD 108236 e",3.08300000,9.71000000,19.59002500000,0.1367000000,0.058000,5660.00,0.869000,0.877000,2020,"Transit",64.59780000
"WASP-150 b",11.99363000,2688.84180000,5.64420700000,0.0694000000,0.377500,6218.00,1.394000,1.651000,2020,"Transit",527.99500000
"NGTS-13 b",12.80067800,1538.29720000,4.11902700000,0.0549000000,0.086000,5819.00,1.300000,1.788000,2021,"Transit",647.59500000
"MOA-2009-BLG-319L b",9.64000000,67.30000000,,2.0300000000,,,0.524000,,2010,"Microlensing",7050.00000000
"Kepler-1685 b",2.57673985,7.16000000,20.49050000000,0.1485000000,0.000000,5484.00,0.960000,0.835451,2020,"Transit",1141.89000000
"Kepler-1686 b",1.42553017,2.62000000,9.30987000000,0.0882700000,0.000000,5714.96,1.020000,1.199510,2020,"Transit",729.82300000
"KMT-2016-BLG-2397L b",13.20000000,836.00000000,,3.6400000000,,,0.640000,,2020,"Microlensing",4880.00000000
"OGLE-2017-BLG-0604L b",14.20000000,160.00000000,,4.0600000000,,,0.700000,,2020,"Microlensing",3950.00000000
"OGLE-2017-BLG-1375L b",12.40000000,3585.00000000,,3.0400000000,,,0.810000,,2020,"Microlensing",3930.00000000
"NGTS-14 A b",4.97679600,29.24036000,3.53571730000,0.0403000000,0.000000,5187.00,0.898000,0.842000,2021,"Transit",322.14800000
"HD 13808 b",3.35000000,11.20000000,14.18150000000,0.1051900000,0.071000,5035.00,0.771000,0.781000,2021,"Radial Velocity",28.23050000
"OGLE-2015-BLG-1771L b",14.30000000,138.00000000,,0.8500000000,,,0.077000,,2020,"Microlensing",7070.00000000
"OGLE-2018-BLG-1700L b",12.90000000,1400.00000000,,2.8000000000,,,0.420000,,2020,"Microlensing",7600.00000000
"Kepler-1687 b",1.65623882,3.38000000,5.77954000000,0.0532000000,0.000000,4132.00,0.650000,0.726119,2020,"Transit",417.01400000
"Kepler-1689 b",0.94678642,0.79900000,8.48300000000,0.0784000000,0.000000,5731.43,1.023000,0.996208,2020,"Transit",294.12200000
"Kepler-462 b",3.00000000,53.90000000,84.68660000000,0.4172000000,0.042000,7500.00,1.590000,1.570000,2016,"Transit",596.62500000
"HD 4760 b",12.30000000,4417.83700000,434.00000000000,1.1400000000,0.230000,4076.00,1.050000,42.400000,2021,"Radial Velocity",537.87300000
"HD 110113 c",2.11384817,10.50000000,6.74400000000,0.0680000000,0.045000,5732.00,0.997000,0.968000,2021,"Radial Velocity",106.30700000
"HD 96992 b",13.70000000,362.32620000,514.00000000000,1.2400000000,0.410000,4725.00,0.960000,7.430000,2021,"Radial Velocity",396.08200000
"KMT-2018-BLG-1292L b",12.90000000,1400.00000000,,6.0300000000,,,1.090000,,2020,"Microlensing",3460.00000000
"OGLE-2012-BLG-0838L b",8.39000000,53.10000000,,4.4300000000,,,0.400000,,2020,"Microlensing",6320.00000000
"Kepler-1691 b",1.83470985,4.02000000,3.84820000000,0.0495000000,0.000000,6000.00,1.110000,1.131520,2020,"Transit",1267.67000000
"Kepler-1692 b",1.11177184,1.42000000,5.95966000000,0.0646000000,0.000000,5146.00,0.870000,0.866139,2020,"Transit",591.01900000
"EPIC 201170410.02",1.04700000,1.15000000,6.79870000000,0.0349000000,0.000000,3648.00,0.287000,0.282000,2020,"Transit",134.00000000
"Kepler-160 d",,100.00000000,30.00000000000,0.1700000000,,5471.00,1.003000,1.118000,2020,"Transit Timing Variations",937.01300000
"Kepler-160 c",3.76000000,13.60000000,13.69942900000,0.1192000000,0.000000,5471.00,1.003000,1.118000,2014,"Transit",937.01300000
"Kepler-1694 b",1.17986031,1.76000000,3.89526000000,0.0449000000,0.000000,4954.00,0.820000,0.756284,2020,"Transit",513.32900000
"Kepler-716 c",1.39281536,2.52000000,3.96999000000,0.0454800000,0.000000,5012.00,0.830000,0.742183,2020,"Transit",635.00900000
"EPIC 201757695.02",0.90819000,0.68800000,2.04780000000,0.0296000000,0.000000,4520.00,0.727000,0.655000,2020,"Transit",577.60000000
"HD 110082 b",3.20000000,10.30000000,10.18271000000,0.1130000000,0.200000,6200.00,1.210000,1.190000,2021,"Transit",105.09600000
"Kepler-1664 b",3.03320653,9.45000000,14.38680000000,0.1137000000,0.000000,5735.81,0.944000,1.072000,2020,"Transit",626.69100000
"Kepler-1001 c",1.57799279,3.11000000,9.18186000000,0.0829600000,0.000000,5376.00,0.930000,0.836475,2020,"Transit",928.97800000
"TOI-954 b",9.55006800,55.30242000,3.68497290000,0.0496300000,0.140000,5710.00,1.201000,1.892000,2020,"Transit",238.76800000
"K2-329 b",8.67576600,82.63580000,12.45512250000,0.1016000000,0.069700,5282.00,0.901000,0.822000,2020,"Transit",233.23700000
"HATS-49 b",8.57488500,112.19399000,4.14804670000,0.0451500000,0.071000,4405.00,0.713300,0.697700,2020,"Transit",324.41300000
"TYC 8998-760-1 c",12.32990000,1906.98000000,,320.0000000000,,4573.00,1.000000,1.020000,2020,"Imaging",94.61770000
"Wendelstein-1 b",11.56096260,188.15536000,2.66341600000,0.0282000000,0.012000,4251.00,0.650000,0.610000,2020,"Transit",305.30000000
"MOA-2013-BLG-220L b",13.20000000,871.00000000,,3.0300000000,,,0.880000,,2014,"Microlensing",6720.00000000
"KMT-2016-BLG-1836L b",13.30000000,700.00000000,,3.5000000000,,,0.490000,,2019,"Microlensing",7100.00000000
"OGLE-2013-BLG-0911L b",12.50000000,3020.00000000,,0.3900000000,,,0.290000,,2019,"Microlensing",3220.00000000
"BD-11 4672 c",4.04000000,15.37000000,74.20000000000,0.3000000000,0.400000,4550.00,0.651000,0.639000,2020,"Radial Velocity",27.16650000
"BD-11 4672 b",14.10000000,206.58950000,1634.00000000000,2.3600000000,0.050000,4550.00,0.651000,0.639000,2014,"Radial Velocity",27.16650000
"HIP 65 A b",22.75427000,1021.18779000,0.98097340000,0.0178200000,0.000000,4590.00,0.781000,0.724200,2020,"Transit",61.78560000
"TOI-481 b",11.09691000,486.27990000,10.33111000000,0.0970000000,0.153000,5735.00,1.140000,1.660000,2020,"Transit",179.36600000
"TIC 237913194 b",12.52045300,617.22586000,15.16886500000,0.1207000000,0.575000,5788.00,1.026000,1.088000,2020,"Transit",306.06300000
"OGLE-2016-BLG-1227L b",13.90000000,250.00000000,,3.4000000000,,,0.100000,,2020,"Microlensing",
"TOI-157 b",14.41477400,375.03940000,2.08454350000,0.0313800000,0.000000,5404.00,0.948000,1.167000,2020,"Transit",355.68300000
"TOI-169 b",12.17297400,251.40353000,2.25544770000,0.0352400000,0.000000,5880.00,1.147000,1.288000,2020,"Transit",407.84000000
"Kepler-1700 b",2.90129941,8.76000000,234.23900000000,0.7609400000,0.000000,6031.00,1.120000,1.093700,2020,"Transit",717.59700000
"Kepler-1666 b",2.88273782,8.66000000,25.84760000000,0.1761000000,0.000000,6293.00,1.230000,1.145860,2020,"Transit",1379.37000000
"Gl 686 b",2.46000000,6.62400000,15.53000000000,0.0910000000,0.050000,3656.00,0.426000,0.427000,2018,"Radial Velocity",8.15728000
"HD 180617 b",3.53000000,12.21400000,105.91100000000,0.3430000000,0.101000,3534.00,0.484000,0.481000,2018,"Radial Velocity",5.91059000
"HD 158259 e",2.34000000,6.08000000,7.95100000000,,,5801.89,1.080000,1.210000,2020,"Radial Velocity",27.04980000
"HD 158259 c",2.23000000,5.60000000,3.43200000000,,,5801.89,1.080000,1.210000,2020,"Radial Velocity",27.04980000
"HATS-37 A b",6.79265400,31.46517000,4.33153660000,0.0491300000,0.000000,5326.00,0.843000,0.877000,2020,"Transit",211.89600000
"GJ 687 b",4.32000000,17.20000000,38.14200000000,0.1630000000,0.170000,3413.00,0.400000,0.418300,2014,"Radial Velocity",4.54939000
"GJ 2056 b",4.17000000,16.20000000,69.97100000000,0.2830000000,0.720000,4069.95,0.620000,0.709495,2020,"Radial Velocity",28.44340000
"TOI-237 b",1.44000000,2.67000000,5.43609800000,0.0341000000,0.000000,3212.00,0.179000,0.211000,2020,"Transit",38.07490000
"HD 216520 c",3.03000000,9.44000000,154.43000000000,0.5280000000,0.120000,5103.00,0.820000,0.760000,2020,"Radial Velocity",19.55200000
"CoRoT-30 b",11.30988100,921.70700000,9.06005000000,0.0844000000,0.007000,5650.00,0.980000,0.910000,2020,"Transit",1032.23000000
"CoRoT-31 b",16.36514000,266.97720000,4.62941000000,0.0586000000,0.020000,5700.00,1.250000,2.150000,2020,"Transit",2005.76000000
"HIP 38594 b",2.77000000,8.10000000,60.72200000000,0.2560000000,0.170000,4086.30,0.610000,0.626646,2020,"Radial Velocity",17.78860000
"WASP-186 b",12.44199000,1341.24260000,5.02679900000,0.0600000000,0.330000,6361.00,1.220000,1.470000,2020,"Transit",278.51400000
"Kepler-29 c",2.34000000,4.50000000,13.28613000000,0.1002700000,0.000000,5378.00,0.761000,0.732000,2011,"Transit",832.53200000
"Kepler-783 c",2.33153725,6.04000000,7.05395000000,0.0690300000,0.000000,5411.49,0.940000,0.872088,2020,"Transit",516.09000000
"Kepler-1667 b",2.98385261,9.19000000,83.57810000000,0.3590500000,0.000000,5941.54,1.090000,1.087510,2020,"Transit",626.81900000
"HIP 4845 b",3.89000000,14.40000000,34.15000000000,0.1760000000,0.250000,4010.00,0.620000,0.603999,2020,"Radial Velocity",21.09740000
"HIP 48714 b",5.11000000,22.90000000,17.81800000000,0.1120000000,0.500000,4015.50,0.580000,0.595456,2020,"Radial Velocity",10.52980000
"TOI-251 b",2.74000000,317.83000000,4.93777000000,0.0574100000,0.000000,5875.00,1.036000,0.881000,2021,"Transit",99.52300000
"HAT-P-68 b",12.01604800,230.10892000,2.29840551000,0.0299600000,0.041000,4508.00,0.678500,0.670100,2020,"Transit",202.15200000
"Kepler-177 b",3.50000000,5.84000000,36.86010000000,0.2110100000,0.000000,5732.00,0.921000,1.324000,2013,"Transit",1435.44000000
"Kepler-36 b",1.49800000,3.83000000,13.86825000000,0.1141900000,0.000000,5979.00,1.034000,1.634000,2012,"Transit",527.95600000
"KOI-1783.01",8.86000000,71.00000000,134.46280000000,0.5266100000,0.000000,5922.00,1.076000,1.143000,2020,"Transit",865.73000000
"Kepler-1668 b",4.34764405,17.40000000,15.43400000000,0.1240000000,0.000000,5542.00,0.980000,1.017380,2020,"Transit",1335.64000000
"Kepler-598 c",3.02420941,9.40000000,86.49450000000,0.3667200000,0.000000,5245.00,0.900000,0.900316,2020,"Transit",681.08600000
"KMT-2019-BLG-1953L b",14.10000000,200.00000000,,,,,0.310000,,2020,"Microlensing",7040.00000000
"Kepler-1514 c",1.17582410,1.74000000,10.51418100000,0.0997000000,0.320000,6145.00,1.196000,1.289000,2020,"Transit",397.29200000
"KOI-1783.02",5.44000000,15.00000000,284.21500000000,0.8669500000,0.000000,5922.00,1.076000,1.143000,2020,"Transit",865.73000000
"HD 156668 c",6.17000000,31.49679513,811.30000000000,1.5700000000,0.089000,4903.69,0.785167,0.774528,2021,"Radial Velocity",24.33230000
"HD 211403 b",12.80000000,1760.76937478,223.80000000000,0.7680000000,0.084000,6273.00,1.200000,1.206000,2021,"Radial Velocity",83.09190000
"K2-344 b",1.59000000,3.15000000,3.35585000000,,,4374.00,0.510000,0.490000,2021,"Transit",75.16910000
"HD 24040 c",9.35000000,63.88350981,515.40000000000,1.3000000000,0.110000,5776.49,1.103940,1.387296,2021,"Radial Velocity",46.62240000
"HD 3765 b",8.56000000,54.98431441,1211.00000000000,2.1080000000,0.298000,5049.80,0.851785,0.830610,2021,"Radial Velocity",17.92600000
"HD 213472 b",13.10000000,1112.39942450,17000.00000000000,13.0000000000,0.530000,5729.54,1.048132,1.433902,2021,"Radial Velocity",64.45270000
"K2-348 c",2.67000000,7.61000000,12.55017100000,,,5077.00,0.830000,0.850000,2021,"Transit",201.85600000
"CD Cet b",1.82000000,3.95000000,2.29070000000,0.0185000000,,3130.00,0.161000,0.175000,2020,"Radial Velocity",8.60715000
"G 264-012 b",1.39000000,2.50000000,2.30538000000,0.0227900000,,3326.00,0.297000,0.305000,2021,"Radial Velocity",16.00900000
"K2-352 d",2.23000000,5.60000000,14.87138700000,,,5791.00,0.980000,0.950000,2021,"Transit",176.05100000
"K2-339 b",1.92000000,4.35000000,19.50742800000,,,4857.00,0.740000,0.720000,2021,"Transit",360.36000000
"K2-282 b",2.50000000,6.80000000,4.16978300000,0.0499000000,,5499.00,0.940000,1.000000,2018,"Transit",496.28900000
"K2-156 b",1.10000000,1.37000000,0.81314300000,0.0149000000,,4460.00,0.660000,0.620000,2018,"Transit",150.21000000
"TOI-257 b",7.16253867,43.86032017,18.38818000000,0.1528000000,0.000000,6095.00,1.407000,1.867000,2021,"Transit",76.90280000
"HAT-P-58 b",14.93036229,118.23216740,4.01383790000,0.0499400000,0.073000,6078.00,1.031000,1.530000,2021,"Transit",515.59000000
"HAT-P-59 b",12.58768533,489.45574678,4.14197710000,0.0506400000,0.030000,5678.00,1.008000,1.103800,2021,"Transit",265.47100000
"K2-268 d",1.49000000,2.83000000,4.52859800000,,,5106.00,0.840000,0.780000,2021,"Transit",327.78300000
"TOI-269 b",2.77000000,8.80000000,3.69771040000,0.0345000000,0.425000,3514.00,0.391700,0.398000,2021,"Transit",57.02250000
"K2-268 f",2.23000000,5.60000000,26.27057000000,,,5106.00,0.840000,0.780000,2021,"Transit",327.78300000
"K2-187 b",1.20000000,1.87000000,0.77401000000,0.0164000000,,5438.00,0.966999,0.830000,2018,"Transit",330.91600000
"K2-210 b",0.86000000,0.56600000,0.57023000000,,,5500.00,0.911717,0.890000,2018,"Transit",176.51000000
"K2-32 b",5.29900000,15.00000000,8.99200000000,0.0795000000,0.030000,5271.00,0.830000,0.860000,2016,"Transit",157.68200000
"K2-32 e",1.21200000,2.10000000,4.34934000000,0.0489900000,0.043000,5271.00,0.830000,0.860000,2019,"Transit",157.68200000
"HAT-P-64 b",19.08889413,184.34047606,4.00723200000,0.0538700000,0.101000,6457.00,1.298000,1.735000,2021,"Transit",651.89700000
"Kepler-129 c",2.52000000,43.00000000,82.20000000000,0.3900000000,0.200000,5770.00,1.178000,1.653000,2014,"Transit",408.84500000
"K2-331 b",1.79000000,3.86000000,9.39897700000,,,5994.00,1.100000,1.060000,2021,"Transit",211.43000000
"EPIC 228836835 b",1.10000000,1.37000000,0.72811300000,,,3782.00,0.418179,0.320000,2021,"Transit",150.12400000
"K2-223 c",1.50000000,2.86000000,4.56254600000,0.0549000000,,5859.00,1.060000,1.000000,2018,"Transit",198.60400000
"K2-32 c",3.13400000,8.10000000,20.66093000000,0.1384300000,0.049000,5271.00,0.830000,0.860000,2016,"Transit",157.68200000
"K2-32 d",3.48400000,6.70000000,31.71701000000,0.1842200000,0.050000,5271.00,0.830000,0.860000,2016,"Transit",157.68200000
"KIC 10068024 b",13.40000000,635.65681400,2.07354900000,,,6118.40,1.220000,1.574000,2021,"Orbital Brightness Modulation",721.10500000
"K2-350 b",1.54000000,2.99000000,4.16387300000,,,5789.00,0.980000,1.040000,2021,"Transit",489.36800000
"K2-353 b",5.55000000,26.30000000,15.46680500000,,,5698.00,0.870000,0.990000,2021,"Transit",268.51500000
"K2-137 b",0.64000000,158.91500000,0.17971900000,0.0058000000,0.000000,3697.00,0.463000,0.290000,2017,"Transit",98.87650000
"EPIC 206042996 b",1.70000000,3.53000000,5.29860000000,,,4114.00,0.565000,0.500000,2019,"Transit",451.76900000
"NGTS-15 b",12.32987877,238.68913366,3.27623000000,0.0441000000,0.000000,5600.00,0.995000,0.954000,2021,"Transit",786.48500000
"K2-354 b",1.56000000,3.05000000,3.79330600000,,,3669.00,0.430000,0.410000,2021,"Transit",91.72200000
"K2-330 b",2.77000000,8.10000000,13.77479800000,,,6232.00,1.230000,1.500000,2021,"Transit",160.12500000
"TOI-1333 b",15.64776400,753.25710000,4.72021900000,0.0626000000,0.073000,6274.00,1.464000,1.925000,2021,"Transit",200.49200000
"HD 238090 b",2.52000000,6.89000000,13.67100000000,0.0932000000,0.300000,3933.00,0.578000,0.570000,2020,"Radial Velocity",15.23540000
"NGTS-18 b",13.56286665,129.99181846,3.05125000000,0.0448000000,0.000000,5610.00,1.003000,1.392000,2021,"Transit",1096.19000000
"HD 136352 b",1.66400000,4.72000000,11.57797000000,0.0964000000,0.000000,5664.00,0.870000,1.058000,2019,"Radial Velocity",14.68200000
"K2-336 b",1.22000000,1.98000000,21.19473300000,,,5424.00,0.860000,0.800000,2021,"Transit",239.28900000
"GJ 414 A b",2.63000000,7.60000000,50.80000000000,0.2324000000,0.450000,4120.00,0.650000,0.680000,2021,"Radial Velocity",11.88930000
"BD+55 362 b",14.00000000,228.83645304,265.59000000000,0.7800000000,0.270000,5012.00,0.909000,0.896193,2021,"Radial Velocity",52.56970000
"HD 136352 d",2.56200000,8.82000000,107.24500000000,0.4250000000,0.000000,5664.00,0.870000,1.058000,2019,"Radial Velocity",14.68200000
"K2-337 b",2.62000000,7.37000000,16.27356300000,,,5869.00,0.940000,1.320000,2021,"Transit",421.63600000
"K2-138 c",2.29900000,6.31000000,3.56004000000,0.0446100000,0.045000,5356.30,0.935000,0.863000,2017,"Transit",202.58500000
"KOI-1831 d",1.13000000,2.23000000,34.16900000000,0.1992400000,0.000000,5233.00,0.901000,0.835000,2018,"Transit",501.57400000
"K2-340 b",3.36000000,11.20000000,29.74045100000,,,5532.00,0.930000,1.130000,2021,"Transit",738.13600000
"K2-138 d",2.39000000,7.92000000,5.40479000000,0.0589300000,0.043000,5356.30,0.935000,0.863000,2017,"Transit",202.58500000
"K2-138 e",3.39000000,12.97000000,8.26146000000,0.0782000000,0.077000,5356.30,0.935000,0.863000,2017,"Transit",202.58500000
"EPIC 212297394 c",2.27000000,5.77000000,5.21396500000,,,5171.00,0.830000,0.800000,2021,"Transit",418.39500000
"K2-138 f",2.90400000,1.63000000,12.75758000000,0.1044700000,0.062000,5356.30,0.935000,0.863000,2017,"Transit",202.58500000
"K2-100 b",3.88000000,21.80000000,1.67390350000,0.0301000000,0.000000,5945.00,1.150000,1.240000,2016,"Transit",188.95900000
"TOI-2202 c",13.40000000,117.27868218,24.67440000000,0.1554400000,0.062200,5144.00,0.823000,0.794000,2021,"Transit Timing Variations",235.93300000
"KMT-2019-BLG-1715L b",13.20000000,813.64072192,,3.3200000000,,,0.610000,,2021,"Microlensing",3860.00000000
"K2-349 b",1.38000000,2.48000000,9.03217800000,,,4385.00,0.540000,0.490000,2021,"Transit",453.56700000
"K2-350 c",2.74000000,7.95000000,19.99194400000,,,5789.00,0.980000,1.040000,2016,"Transit",489.36800000
"K2-351 b",2.54000000,6.99000000,7.80616400000,,,5769.00,1.020000,1.050000,2021,"Transit",694.73400000
"GJ 740 b",1.53000000,2.96000000,2.37756000000,0.0290000000,0.240000,3913.00,0.580000,0.560000,2021,"Radial Velocity",11.10170000
"HD 60292 b",12.70000000,2065.89500000,495.40000000000,1.5000000000,0.270000,4348.00,1.700000,27.000000,2020,"Radial Velocity",315.21100000
"TOI-1749 b",1.39000000,57.00000000,2.38839000000,0.0291000000,0.140000,3985.00,0.580000,0.550000,2021,"Transit",99.55610000
"TOI-1749 d",2.52000000,15.00000000,9.04970000000,0.0707000000,0.062000,3985.00,0.580000,0.550000,2021,"Transit",99.55610000
"KMT-2018-BLG-1025L b",2.34000000,6.05900000,,1.3050000000,,,0.219000,,2021,"Microlensing",6705.00000000
"K2-185 b",1.15000000,1.60000000,10.61638400000,,,5788.00,0.960000,0.940000,2018,"Transit",268.35700000
"EPIC 212587672 c",2.32000000,5.99000000,23.22855500000,,,6004.00,0.990000,0.980000,2021,"Transit",320.07000000
"HD 221420 b",12.00000000,7278.27052030,10090.00000000000,10.1500000000,0.140000,5847.00,1.351000,1.947000,2019,"Radial Velocity",31.14150000
"K2-185 c",2.39000000,6.30000000,52.71349400000,,,5788.00,0.960000,0.940000,2018,"Transit",268.35700000
"TOI-1201 b",2.41500000,6.28000000,2.49198630000,0.0287000000,0.000000,3476.00,0.512000,0.508000,2021,"Transit",37.88710000
"HD 136925 b",13.90000000,266.97586188,4540.00000000000,5.1300000000,0.103000,5773.19,0.875104,1.193078,2021,"Radial Velocity",47.87400000
"HD 109286 b",13.20000000,950.30693693,520.10000000000,1.2590000000,0.338000,5694.00,0.980000,1.089000,2021,"Radial Velocity",55.41560000
"Kepler-1771 b",4.05537256,15.50000000,88.64399719000,0.3815000000,0.000000,5661.00,0.941000,0.934000,2021,"Transit",565.75200000
"Kepler-1786 b",3.16305828,10.10000000,78.54609680000,0.3572200000,0.000000,5808.00,1.058000,1.397000,2021,"Transit",863.90900000
"Kepler-1834 b",1.45938340,2.73000000,4.60301017800,0.0491100000,0.000000,4821.00,0.765000,0.788000,2021,"Transit",500.39500000
"TOI-559 b",12.22899794,1910.14872607,6.98390950000,0.0723000000,0.151000,5925.00,1.026000,1.233000,2021,"Transit",233.26600000
"Kepler-418 c",5.22108654,23.70000000,12.21829987000,0.1063200000,0.000000,5822.00,0.957000,1.081000,2021,"Transit",1002.53000000
"Kepler-1801 b",2.70926154,7.80000000,10.44089985000,0.0915000000,0.000000,5738.00,0.936000,0.981000,2021,"Transit",839.33200000
"Kepler-1838 b",1.66049425,3.40000000,12.14680004000,0.1108200000,0.000000,5877.00,1.187000,1.963000,2021,"Transit",451.24200000
"Kepler-1839 b",1.94937590,4.46000000,5.05675983400,0.0583000000,0.000000,5926.00,1.030000,0.939000,2021,"Transit",1136.60000000
"TOI-530 b",9.30345398,127.13136280,6.38759700000,0.0520000000,0.000000,3659.00,0.530000,0.540000,2021,"Transit",148.76200000
"Kepler-1749 b",1.61301783,3.23000000,14.53409958000,0.0956000000,0.000000,3957.00,0.551000,0.553000,2021,"Transit",268.20000000
"Kepler-1841 b",1.48912557,2.82000000,25.88599968000,0.1606000000,0.000000,5190.00,0.823000,0.899000,2021,"Transit",631.70000000
"Kepler-1842 b",2.35388681,6.14000000,14.02639961000,0.1160000000,0.000000,5970.00,1.057000,1.131000,2021,"Transit",923.55100000
"HAT-P-43 b",13.63000000,210.39500000,3.33264140000,0.0444000000,0.000000,5693.00,1.030000,1.080000,2012,"Transit",528.82500000
"Kepler-1742 b",2.17824130,5.38000000,49.47819901000,0.2587000000,0.000000,5776.00,0.939000,0.849000,2021,"Transit",669.57300000
"Kepler-1743 b",1.59887007,3.18000000,7.64971017800,0.0840000000,0.000000,5855.00,1.266000,1.613000,2021,"Transit",538.80700000
"Kepler-1741 b",1.27300000,2.16000000,2.75759005500,0.0296000000,0.000000,3683.00,0.454000,0.424000,2021,"Transit",270.73900000
"Kepler-1810 b",3.91815325,14.60000000,101.13300320000,0.4137000000,0.000000,5492.00,0.921000,1.016000,2021,"Transit",1009.87000000
"Kepler-1812 b",2.32494240,6.01000000,7.16521978400,0.0765000000,0.000000,6174.00,1.162000,1.103000,2021,"Transit",1409.19000000
"Kepler-1845 b",2.43836702,6.52000000,11.60649967000,0.0885000000,0.000000,4703.00,0.686000,0.701000,2021,"Transit",710.72400000
"Kepler-1716 b",2.42476850,6.46000000,35.58100128000,0.1883600000,0.000000,4894.00,0.753000,0.684000,2021,"Transit",195.43900000
"K2-95 b",3.31000000,11.00000000,10.13464540000,0.0525000000,0.160000,3566.00,0.410000,0.400000,2016,"Transit",179.85400000
"Kepler-1746 b",8.93504475,59.10000000,321.21200560000,0.9408200000,0.000000,6018.00,1.090000,1.286000,2021,"Transit",979.54100000
"Kepler-1745 b",1.92872921,4.38000000,3.01619005200,0.0408000000,0.000000,5611.00,0.995000,1.400000,2021,"Transit",996.10500000
"Kepler-1814 b",2.36961357,6.21000000,2.93535995500,0.0376500000,0.000000,4922.00,0.790000,0.823000,2021,"Transit",726.34600000
"Kepler-1813 b",1.41300000,2.58000000,2.81816005700,0.0364000000,0.000000,5167.00,0.812000,0.787000,2021,"Transit",
"Kepler-1815 b",2.74892620,7.99000000,12.19139957000,0.0984000000,0.000000,5516.00,0.856000,0.967000,2021,"Transit",1006.63000000
"Kepler-1856 b",1.73447868,3.66000000,1.30200004600,0.0215000000,0.000000,4948.00,0.782000,0.816000,2021,"Transit",848.76000000
"K2-101 b",2.00000000,4.66000000,14.67624290000,0.1124000000,0.100000,4927.00,0.820000,0.760000,2016,"Transit",188.33000000
"Kepler-1669 c",1.90120972,4.27000000,1.60932004500,0.0228000000,0.000000,4224.00,0.609000,0.603000,2021,"Transit",543.44400000
"Kepler-1165 c",3.36093385,11.20000000,29.96870041000,0.1969000000,0.000000,6249.00,1.130000,1.076000,2021,"Transit",1575.20000000
"Kepler-1816 b",1.96793970,4.53000000,91.50099945000,0.3564700000,0.000000,5051.00,0.786000,0.706000,2021,"Transit",437.82300000
"Kepler-1847 b",2.74516914,7.97000000,11.12969971000,0.0989000000,0.000000,6122.00,1.041000,0.964000,2021,"Transit",1693.86000000
"K2-355 b",2.25000000,5.69000000,5.73856470000,0.0632000000,,5790.00,0.960000,0.920000,2021,"Transit",500.49700000
"K2-356 b",2.29000000,5.86000000,21.02673660000,0.1599000000,,5568.00,0.900000,0.860000,2021,"Transit",355.54000000
"Kepler-1757 b",2.94660251,8.99000000,19.65640068000,0.1335000000,0.000000,5288.00,0.828000,0.740000,2021,"Transit",807.30800000
"Kepler-1758 b",2.57059831,7.13000000,9.97721004500,0.0919000000,0.000000,5557.00,1.035000,1.616000,2021,"Transit",1588.41000000
"Kepler-1819 b",3.90351256,14.50000000,16.48690033000,0.1337000000,0.000000,6090.00,1.173000,1.071000,2021,"Transit",1363.19000000
"Kepler-1817 b",2.27349126,5.79000000,44.29919815000,0.2348000000,0.000000,5316.00,0.878000,0.915000,2021,"Transit",748.56900000
"K2-357 b",3.72000000,13.40000000,16.34886370000,0.1450000000,,5794.00,0.980000,1.000000,2021,"Transit",517.68700000
"K2-358 b",2.68000000,7.65000000,11.25102850000,0.0863000000,,5650.00,0.930000,0.910000,2021,"Transit",480.30700000
"Kepler-1731 b",2.93295657,8.92000000,21.76129913000,0.1399000000,0.000000,4859.00,0.781000,0.720000,2021,"Transit",169.94800000
"Kepler-1762 b",2.76022913,8.05000000,29.53910065000,0.2040000000,0.000000,6572.00,1.298000,1.238000,2021,"Transit",1663.74000000
"Kepler-1820 b",3.11883067,9.90000000,31.03249931000,0.1964000000,0.000000,5841.00,1.047000,0.931000,2021,"Transit",1425.39000000
"Kepler-1821 b",2.59248115,7.24000000,16.45809937000,0.1244000000,0.000000,5475.00,0.946000,0.884000,2021,"Transit",799.69900000
"Kepler-1788 b",2.37850461,6.25000000,2.80012011500,0.0343000000,0.000000,4786.00,0.686000,0.704000,2021,"Transit",560.44500000
"Kepler-1859 b",1.58313575,3.13000000,2.72959995300,0.0394000000,0.000000,5887.00,1.090000,1.235000,2021,"Transit",1331.25000000
"Kepler-1860 b",1.13863767,1.55000000,12.73719978000,0.1062500000,0.000000,5420.00,0.874000,0.868000,2021,"Transit",438.70300000
"K2-184 b",1.47000000,2.76000000,16.97801020000,0.1685000000,,5245.00,0.840000,0.750000,2018,"Transit",75.58570000
"Kepler-1712 b",2.28372556,5.83000000,13.81499958000,0.0903000000,0.000000,3732.00,0.515000,0.509000,2021,"Transit",156.26400000
"Kepler-1763 b",1.14651332,1.59000000,1.48028004200,0.0257000000,0.000000,5897.00,1.026000,1.259000,2021,"Transit",756.48600000
"Kepler-1764 b",4.55527871,18.80000000,70.46829987000,0.3512000000,0.000000,6461.00,1.162000,1.131000,2021,"Transit",1542.48000000
"Kepler-1790 b",3.14461450,10.00000000,31.58889961000,0.2098900000,0.000000,5866.00,1.020000,1.367000,2021,"Transit",1070.17000000
"Kepler-1791 b",3.12103321,9.91000000,7.72086000400,0.0761000000,0.000000,5887.00,0.985000,1.177000,2021,"Transit",602.21800000
"EPIC 220554210 c",1.60000000,3.19000000,0.70531000000,,,5499.00,0.940000,1.000000,2019,"Transit",496.28900000
"K2-273 b",3.05000000,9.53000000,11.71956630000,0.0729000000,,5161.00,0.890000,0.850000,2018,"Transit",308.10500000
"K2-104 b",1.79000000,3.86000000,1.97419540000,0.0242000000,0.090000,3712.00,0.510000,0.480000,2016,"Transit",189.28900000
"Kepler-1792 b",2.51990972,6.89000000,4.19577980000,0.0488000000,0.000000,5229.00,0.878000,1.005000,2021,"Transit",601.02900000
"Kepler-1090 c",3.29265785,10.90000000,42.42720032000,0.2262200000,0.000000,5330.00,0.869000,1.013000,2021,"Transit",858.77000000
"EPIC 220492298 b",0.99000000,0.93700000,0.76240600000,,,5620.00,0.950000,0.890000,2021,"Transit",624.51200000
"EPIC 206024342 c",1.40000000,2.54000000,0.91172400000,,,5724.00,0.928000,1.100000,2021,"Transit",369.88800000
"Kepler-1760 b",2.28995546,5.86000000,38.32609940000,0.2084000000,0.000000,5229.00,0.821000,0.903000,2021,"Transit",
"Kepler-1777 b",2.13189678,5.19000000,12.18420029000,0.1030100000,0.000000,5771.00,0.984000,1.068000,2021,"Transit",619.14600000
"K2-275 c",2.21000000,5.52000000,8.43883850000,0.0881000000,,4841.00,0.770000,0.690000,2018,"Transit",123.43800000
"K2-275 b",2.34000000,6.08000000,3.28096260000,0.0277000000,,4841.00,0.770000,0.690000,2018,"Transit",123.43800000
"Kepler-1775 b",3.64762153,12.90000000,85.65399933000,0.3956500000,0.000000,5818.00,1.149000,1.647000,2021,"Transit",657.02300000
"Kepler-1797 b",3.05774442,9.58000000,23.35939980000,0.1637000000,0.000000,6244.00,1.069000,1.009000,2021,"Transit",1338.49000000
"Kepler-1798 b",2.30911251,5.94000000,16.85589981000,0.1082000000,0.000000,3967.00,0.593000,0.587000,2021,"Transit",395.19600000
"TIC 172900988 b",11.25000000,942.00000000,200.45200000000,0.9028100000,0.027100,6050.00,1.238400,1.384200,2021,"Transit",250.95600000
"HD 93385 d",2.89000000,8.70000000,45.85000000000,0.2565000000,0.090000,5977.00,1.040000,1.184840,2021,"Radial Velocity",43.34750000
"OGLE-2018-BLG-0567L b",12.30000000,101.70509024,,2.7200000000,,,0.250000,,2021,"Microlensing",7060.00000000
"OGLE-2018-BLG-0962L b",13.60000000,425.89006538,,3.5900000000,,,0.540000,,2021,"Microlensing",6500.00000000
"Kepler-487 d",2.77513568,8.12000000,2.41839003600,0.0344500000,0.000000,5422.00,0.874000,0.887000,2021,"Transit",872.34300000
"Kepler-1822 b",2.64755943,7.50000000,22.13339996000,0.1416000000,0.000000,5165.00,0.782000,0.702000,2021,"Transit",897.59700000
"Kepler-1823 b",2.08612680,5.00000000,21.10339928000,0.1533200000,0.000000,6000.00,1.068000,1.126000,2021,"Transit",724.97100000
"HD 96700 c",1.69000000,3.50000000,19.88000000000,0.1410000000,0.293000,5845.00,0.890000,1.160000,2021,"Radial Velocity",25.41110000
"HD 96700 d",3.61000000,12.70000000,103.50000000000,0.4240000000,0.270000,5845.00,0.890000,1.160000,2021,"Radial Velocity",25.41110000
"TOI-2257 b",2.19400000,5.45000000,35.18934600000,0.1450000000,0.496000,3430.00,0.328000,0.313000,2021,"Transit",57.79110000
"Kepler-1769 b",4.46500000,18.20000000,89.19349670000,0.4059800000,0.000000,6071.00,1.061000,1.295000,2021,"Transit",438.41200000
"Kepler-1778 b",3.01665969,9.36000000,10.08740044000,0.0956000000,0.000000,6310.00,1.143000,1.095000,2021,"Transit",1276.29000000
"Kepler-1824 b",2.38127597,6.26000000,95.61100006000,0.4267000000,0.000000,6002.00,1.135000,1.081000,2021,"Transit",1040.10000000
"HD 189567 b",2.85000000,8.50000000,14.28800000000,0.1110000000,0.189000,5726.00,0.830000,1.040000,2021,"Radial Velocity",17.90550000
"HD 189567 c",2.54000000,7.00000000,33.68800000000,0.1970000000,0.160000,5726.00,0.830000,1.040000,2021,"Radial Velocity",17.90550000
"HD 137496 c",12.60000000,2434.56559762,479.90000000000,1.2163000000,0.477000,5799.00,1.040000,1.590000,2021,"Radial Velocity",155.31700000
"Kepler-1782 b",2.22927435,5.60000000,5.75622987700,0.0582500000,0.000000,4931.00,0.794000,0.734000,2021,"Transit",305.79200000
"Kepler-1784 b",2.79936489,8.24000000,13.59049988000,0.1072000000,0.000000,5442.00,0.887000,0.974000,2021,"Transit",883.04500000
"Kepler-1828 b",2.11598626,5.13000000,10.27379990000,0.0924000000,0.000000,5806.00,0.996000,0.899000,2021,"Transit",871.81000000
"Kepler-1829 b",2.47887001,6.71000000,5.18671989400,0.0559000000,0.000000,5230.00,0.873000,0.777000,2021,"Transit",679.92100000
"Kepler-1776 b",2.61157023,7.33000000,35.01190186000,0.2093000000,0.000000,5872.00,1.041000,1.153000,2021,"Transit",690.33600000
"Kepler-1709 b",3.12424875,9.93000000,65.70459747000,0.3270400000,0.000000,5918.00,1.003000,1.043000,2021,"Transit",273.94600000
"Kepler-1833 b",1.30027362,2.24000000,6.89212989800,0.0754500000,0.000000,6164.00,1.286000,1.446000,2021,"Transit",591.60200000
"TOI-3362 b",12.80065596,1598.35905880,18.09547000000,0.1530000000,0.815000,6532.00,1.445000,1.830000,2021,"Transit",366.98700000
"Kepler-1738 b",2.82472883,8.37000000,7.67463016500,0.0781000000,0.000000,6063.00,1.079000,1.001000,2021,"Transit",1302.87000000
"Kepler-1739 b",2.43056832,6.48000000,7.34370994600,0.0697000000,0.000000,5757.00,0.865000,0.762000,2021,"Transit",783.66600000
"Kepler-1924 b",2.65446572,7.53000000,15.33170033000,0.1216000000,0.000000,5726.00,1.018000,1.285000,2021,"Transit",1910.77000000
"Kepler-1925 b",3.00177922,9.28000000,46.71640015000,0.2588000000,0.000000,5856.00,1.057000,1.092000,2021,"Transit",1771.31000000
"HATS-76 b",12.09449018,835.57088200,1.94164230000,0.0265800000,0.062000,4016.00,0.662000,0.625900,2021,"Transit",385.68900000
"Kepler-1130 d",0.64472273,0.20200000,4.27225017500,0.0506800000,0.000000,5450.00,0.944000,0.842000,2021,"Transit",249.34300000
"Kepler-1802 c",2.32200000,6.00000000,33.13610077000,0.1748000000,0.000000,4245.00,0.649000,0.637000,2021,"Transit",636.69400000
"Kepler-1942 b",2.11702870,5.13000000,4.62604999500,0.0516000000,0.000000,5834.00,0.852000,0.797000,2021,"Transit",842.49200000
"Kepler-1943 b",1.54869189,3.02000000,4.85018014900,0.0597500000,0.000000,6032.00,1.055000,0.973000,2021,"Transit",1004.55000000
"Kepler-1927 b",3.40627075,11.50000000,73.75039673000,0.3873300000,0.000000,6056.00,1.408000,2.481000,2021,"Transit",1091.00000000
"Kepler-1722 b",2.86719266,8.58000000,9.17856979400,0.0819000000,0.000000,5506.00,0.876000,0.788000,2021,"Transit",772.28300000
"HD 69123 b",13.10000000,982.08977763,1193.30000000000,2.4820000000,0.190000,4842.00,1.680000,7.720000,2022,"Radial Velocity",75.11600000
"Kepler-1266 c",1.68023962,3.46000000,4.86631012000,0.0506000000,0.000000,4996.00,0.791000,0.831000,2021,"Transit",849.31200000
"Kepler-394 d",1.50066814,2.86000000,5.61358022700,0.0590400000,0.000000,6398.00,1.141000,1.101000,2021,"Transit",1058.72000000
"Kepler-1944 b",2.75971163,8.05000000,9.84257984200,0.0918000000,0.000000,5585.00,1.064000,0.972000,2021,"Transit",1076.48000000
"Kepler-1945 b",1.28900000,2.21000000,6.08003997800,0.0597000000,0.000000,4991.00,0.767000,0.804000,2021,"Transit",
"Kepler-1946 b",2.48812698,6.75000000,3.03519010500,0.0394000000,0.000000,5505.00,0.887000,0.873000,2021,"Transit",1002.12000000
"Kepler-1929 b",3.07250761,9.65000000,59.36249924000,0.3088300000,0.000000,5786.00,1.006000,1.471000,2021,"Transit",508.20100000
"Kepler-913 c",3.85807090,14.20000000,5.93911981600,0.0699000000,0.000000,6068.00,1.294000,1.797000,2021,"Transit",991.61800000
"Kepler-324 e",2.03862444,235.01400000,13.97939968000,0.1097200000,0.000000,5191.00,0.844000,0.826000,2021,"Transit",501.57400000
"Kepler-1727 b",3.17321625,10.20000000,9.02929973600,0.0796000000,0.000000,5349.00,0.824000,0.820000,2021,"Transit",894.18700000
"Kepler-1931 b",2.65323514,7.53000000,38.57609940000,0.2332900000,0.000000,6167.00,1.174000,1.221000,2021,"Transit",620.09100000
"Kepler-1530 d",3.27870115,10.80000000,9.20761013000,0.0827600000,0.000000,5678.00,1.015000,1.303000,2021,"Transit",489.87600000
"Kepler-1932 b",1.51482218,2.91000000,0.52417701500,0.0123000000,0.000000,5278.00,0.911000,0.815000,2021,"Transit",713.73300000
"YZ Cet b",0.91300000,0.70000000,2.02087000000,0.0163400000,0.060000,3151.00,0.142000,0.157000,2017,"Radial Velocity",3.71207000
"YZ Cet c",1.05000000,1.14000000,3.05989000000,0.0215600000,0.000000,3151.00,0.142000,0.157000,2017,"Radial Velocity",3.71207000
"Kepler-281 d",5.93747806,654.00000000,148.27200320000,0.5456000000,0.000000,5717.00,0.984000,0.884000,2021,"Transit",1745.45000000
"Kepler-495 c",1.21936414,1.98000000,5.89660978300,0.0614000000,0.000000,5392.00,0.888000,1.087000,2021,"Transit",658.92400000
"Kepler-501 c",1.68119739,3.47000000,3.62276005700,0.0467000000,0.000000,5794.00,1.032000,1.216000,2021,"Transit",1125.24000000
"Kepler-196 d",2.66065673,7.56000000,122.08000180000,0.4545000000,0.000000,5132.00,0.805000,0.770000,2021,"Transit",451.31200000
"Kepler-1950 b",1.52696349,2.95000000,10.77690029000,0.0871000000,0.000000,5455.00,0.759000,0.852000,2021,"Transit",697.25300000
"Kepler-1899 b",1.55098292,3.02000000,4.09577989600,0.0457000000,0.000000,4791.00,0.759000,0.742000,2021,"Transit",711.50900000
"Kepler-1869 b",1.11955354,1.46000000,8.16736030600,0.0797600000,0.000000,5808.00,0.987000,0.902000,2021,"Transit",113.02500000
"Kepler-1312 c",1.02732734,1.07000000,1.11611998100,0.0210300000,0.000000,5721.00,0.983000,0.905000,2021,"Transit",299.10400000
"Kepler-1952 b",1.23923346,2.07000000,27.21080017000,0.1724000000,0.000000,5973.00,0.922000,1.305000,2021,"Transit",852.06200000
"Kepler-1728 b",2.95501875,9.04000000,4.78299999200,0.0535000000,0.000000,5170.00,0.891000,0.807000,2021,"Transit",651.78300000
"Kepler-1926 b",2.31495961,5.97000000,42.87770081000,0.2197000000,0.000000,5256.00,0.768000,0.832000,2021,"Transit",667.40500000
"Kepler-1729 b",3.89404186,14.40000000,4.22097015400,0.0418000000,0.000000,3837.00,0.544000,0.517000,2021,"Transit",576.18100000
"Kepler-1972 b",0.80200000,2.02000000,7.54425000000,0.0800600000,0.067000,5818.00,1.120000,1.384000,2022,"Transit",287.33900000
"Kepler-1321 d",2.62843782,7.41000000,5.72092008600,0.0501000000,0.000000,3640.00,0.513000,0.503000,2021,"Transit",769.14600000
"Kepler-1600 c",1.94206512,4.43000000,7.29804992700,0.0696100000,0.000000,5119.00,0.818000,0.834000,2021,"Transit",1030.81000000
"Kepler-1954 b",1.80235934,3.90000000,5.88343000400,0.0625000000,0.000000,5840.00,0.942000,0.849000,2021,"Transit",1373.83000000
"Kepler-1730 b",4.48524519,18.40000000,13.81019974000,0.1131000000,0.000000,5942.00,1.009000,1.142000,2021,"Transit",1427.08000000
"Kepler-1721 b",3.11856756,9.90000000,4.59238004700,0.0519000000,0.000000,5351.00,0.890000,0.796000,2021,"Transit",641.37400000
"Kepler-1887 b",2.92454357,8.88000000,19.94750023000,0.1421000000,0.000000,5749.00,0.961000,0.864000,2021,"Transit",1366.18000000
"Kepler-1958 b",2.05124311,4.86000000,9.32861995700,0.0856000000,0.000000,5749.00,0.961000,0.864000,2021,"Transit",1320.38000000
"Kepler-1726 b",2.50861954,6.84000000,18.39629936000,0.1279400000,0.000000,5316.00,0.876000,0.804000,2021,"Transit",390.55200000
"Kepler-1723 b",2.88046569,8.65000000,39.75289917000,0.2249000000,0.000000,6072.00,0.960000,1.010000,2021,"Transit",811.27800000
"Kepler-1705 b",2.03000000,4.47000000,9.03502000000,0.0800000000,0.033000,6312.00,1.139000,1.259000,2021,"Transit",1633.49000000
"OGLE-2019-BLG-0960L b",1.39000000,2.50000000,,1.9000000000,,,0.500000,,2021,"Microlensing",980.00000000
"Kepler-1890 b",0.86867375,0.58700000,4.82059001900,0.0571200000,0.000000,6046.00,1.024000,1.396000,2021,"Transit",529.59600000
"Kepler-1892 b",1.83707938,4.03000000,6.33123016400,0.0633000000,0.000000,5383.00,0.851000,0.759000,2021,"Transit",851.59500000
"Kepler-1959 b",1.14315727,1.57000000,6.38669014000,0.0617000000,0.000000,5071.00,0.768000,0.811000,2021,"Transit",479.26300000
"Kepler-1960 b",1.30749704,2.26000000,2.29794001600,0.0354000000,0.000000,6371.00,1.117000,1.072000,2021,"Transit",1527.56000000
"Kepler-457 d",2.98467257,9.19000000,10.69060040000,0.0996000000,0.000000,6474.00,1.148000,1.242000,2021,"Transit",1072.30000000
"Kepler-633 c",2.29600000,5.89000000,23.78319931000,0.1624600000,0.000000,5877.00,0.997000,1.265000,2021,"Transit",680.54000000
"Kepler-1861 b",2.20677414,5.50000000,40.03060150000,0.2408200000,0.000000,5855.00,1.161000,1.373000,2021,"Transit",829.98500000
"Kepler-1863 b",2.26309256,5.74000000,44.99760056000,0.2367800000,0.000000,5871.00,1.097000,0.983000,2021,"Transit",865.54600000
"Kepler-1895 b",2.11934728,5.14000000,6.07029008900,0.0615000000,0.000000,5076.00,0.860000,0.763000,2021,"Transit",984.18700000
"Kepler-1911 b",1.01100000,1.01000000,5.99079990400,0.0636000000,0.000000,5721.00,0.954000,0.972000,2021,"Transit",269.91200000
"Kepler-1865 b",1.57686072,3.11000000,2.52400994300,0.0344000000,0.000000,5420.00,0.849000,0.871000,2021,"Transit",922.25500000
"Kepler-1866 b",2.08215108,4.99000000,11.66009998000,0.1016000000,0.000000,5791.00,1.030000,1.083000,2021,"Transit",976.73700000
"Kepler-1897 b",2.81407954,8.32000000,24.22030067000,0.1546000000,0.000000,5165.00,0.859000,0.761000,2021,"Transit",983.17400000
"Kepler-1896 b",3.09935997,9.80000000,44.87020111000,0.2529000000,0.000000,6122.00,1.070000,0.996000,2021,"Transit",1732.91000000
"Kepler-1967 b",0.73022577,0.31500000,7.28169012100,0.0668600000,0.000000,4970.00,0.996000,1.806000,2021,"Transit",249.10200000
"b Cen AB b",12.40000000,3464.32963630,1790000.00000000000,556.0000000000,0.400000,,5.500000,,2021,"Imaging",98.09350000
"OGLE-2018-BLG-0532L b",2.37000000,6.22800000,,1.0640000000,,,0.195000,,2020,"Microlensing",773.00000000
"Kepler-1867 b",1.15985997,1.65000000,9.88735961900,0.0872000000,0.000000,5693.00,0.911000,0.816000,2021,"Transit",680.58300000
"Kepler-1868 b",3.14950109,10.10000000,211.03399660000,0.6234800000,0.000000,4658.00,0.743000,0.686000,2021,"Transit",274.18000000
"Kepler-1903 b",2.28642395,5.85000000,17.06789970000,0.1321000000,0.000000,6347.00,1.053000,0.996000,2021,"Transit",1775.44000000
"Kepler-1969 b",1.68161001,3.47000000,6.64752006500,0.0717000000,0.000000,6046.00,1.111000,1.007000,2021,"Transit",1204.54000000
"Kepler-1968 b",1.50004034,2.86000000,7.28109979600,0.0696000000,0.000000,5008.00,0.844000,0.788000,2021,"Transit",750.93000000
"Kepler-1871 b",2.42172881,6.44000000,1.95270001900,0.0308000000,0.000000,5741.00,1.020000,0.946000,2021,"Transit",854.62300000
"Kepler-1872 b",2.38421141,6.28000000,3.82591009100,0.0465000000,0.000000,5223.00,0.913000,0.885000,2021,"Transit",840.18200000
"Kepler-1906 b",2.77615754,8.13000000,7.36268997200,0.0738000000,0.000000,5868.00,0.987000,0.894000,2021,"Transit",1360.63000000
"Kepler-1907 b",0.86973029,0.58900000,5.65245008500,0.0544400000,0.000000,5159.00,0.752000,0.800000,2021,"Transit",292.11100000
"Kepler-1913 b",1.51852059,2.92000000,14.19600010000,0.1209000000,0.000000,6214.00,1.169000,1.076000,2021,"Transit",876.30000000
"HD 79181 b",14.10000000,203.41018048,273.10000000000,0.9000000000,0.259000,4862.00,1.280000,11.060000,2021,"Radial Velocity",103.33500000
"HD 10975 b",14.30000000,143.02278315,283.80000000000,0.9500000000,0.442000,4840.00,1.410000,11.160000,2021,"Radial Velocity",116.50600000
"HD 99283 b",13.80000000,308.29355479,310.40000000000,1.0800000000,0.200000,4886.00,1.760000,11.210000,2021,"Radial Velocity",111.09300000
"Kepler-1873 b",1.62573811,3.28000000,0.55884200300,0.0128000000,0.000000,5151.00,0.903000,0.792000,2021,"Transit",820.95700000
"Kepler-1874 b",2.21110724,5.52000000,56.57320023000,0.2633000000,0.000000,4701.00,0.758000,0.775000,2021,"Transit",408.00700000
"Kepler-1909 b",1.09217411,1.33000000,2.39160990700,0.0306000000,0.000000,4935.00,0.663000,0.685000,2021,"Transit",763.66200000
"Kepler-1717 b",2.98929758,9.21000000,30.65279961000,0.2014000000,0.000000,6200.00,1.158000,1.640000,2021,"Transit",1008.79000000
"Kepler-1917 b",1.88971288,4.23000000,12.90240002000,0.1030000000,0.000000,5530.00,0.882000,0.788000,2021,"Transit",909.03700000
"Kepler-1918 b",2.29763023,5.89000000,47.05640030000,0.2524000000,0.000000,5889.00,0.967000,0.924000,2021,"Transit",1030.11000000
"ups Leo b",14.20000000,162.09248757,385.20000000000,1.1800000000,0.320000,4836.00,1.480000,11.220000,2021,"Radial Velocity",52.59730000
"HD 219139 b",14.00000000,247.90615746,275.50000000000,0.9400000000,0.110000,4831.00,1.460000,11.220000,2021,"Radial Velocity",104.93500000
"Kepler-616 d",2.65300000,7.52000000,51.06740189000,0.2749000000,0.000000,6004.00,1.061000,0.977000,2021,"Transit",945.77500000
"Kepler-534 c",1.22700000,2.02000000,7.37868976600,0.0761000000,0.000000,5936.00,1.075000,0.965000,2021,"Transit",570.65900000
"Kepler-1919 b",2.62390658,7.38000000,37.88660049000,0.2107000000,0.000000,5513.00,0.868000,0.818000,2021,"Transit",1177.53000000
"Kepler-1488 c",1.65156749,3.37000000,6.15826988200,0.0695900000,0.000000,5710.00,1.003000,1.524000,2021,"Transit",905.82500000
"gam Psc b",13.60000000,425.89006538,555.10000000000,1.3200000000,0.204000,4742.00,0.990000,11.200000,2021,"Radial Velocity",41.31070000
"HIP 34222 b",13.90000000,263.79757781,159.98600000000,0.4920000000,0.305000,4050.00,0.620000,0.618600,2021,"Radial Velocity",22.83860000
"Kepler-1881 b",2.98104391,9.17000000,159.39399720000,0.5332500000,0.000000,5135.00,0.812000,0.874000,2021,"Transit",1057.21000000
"Kepler-1879 b",2.06512018,4.92000000,10.61340046000,0.0957000000,0.000000,5865.00,1.023000,1.388000,2021,"Transit",627.17100000
"Kepler-1934 b",0.91307734,0.70200000,1.41975998900,0.0246600000,0.000000,5925.00,0.968000,1.035000,2021,"Transit",428.51400000
"Kepler-1935 b",2.50271696,6.82000000,3.95140004200,0.0463000000,0.000000,5570.00,0.845000,0.899000,2021,"Transit",904.70200000
"Kepler-1921 b",2.89459458,8.72000000,20.03479958000,0.1586500000,0.000000,6120.00,1.251000,2.000000,2021,"Transit",928.98900000
"HIP 86221 b",14.00000000,225.65816897,2.22400000000,0.0310000000,0.086000,,0.790000,,2021,"Radial Velocity",29.48980000
"Kepler-1883 b",3.25107395,10.60000000,103.42700200000,0.4438000000,0.000000,6208.00,1.086000,1.024000,2021,"Transit",1377.61000000
"Kepler-1938 b",1.82828927,4.00000000,13.06260014000,0.0938000000,0.000000,4522.00,0.646000,0.655000,2021,"Transit",421.15200000
"TOI-1268 b",9.10000000,96.40000000,8.15770940000,0.0711000000,0.105000,5300.00,0.960000,0.920000,2022,"Transit",109.55700000
"K2-25 b",3.44000000,24.50000000,3.48456408000,0.0287000000,0.428000,3207.00,0.263400,0.293200,2015,"Transit",44.95650000
"TOI-2136 b",2.19000000,6.37000000,7.85192800000,0.0570000000,0.000000,3342.00,0.340000,0.340000,2022,"Transit",33.36310000
"K2-382 b",2.07200000,4.95000000,21.70015600000,,,5452.00,0.922000,0.811000,2022,"Transit",278.41200000
"K2-376 b",1.73600000,3.66000000,5.77647500000,,,5937.00,0.908000,1.149000,2022,"Transit",161.61000000
"iot Dra b",12.40000000,3756.73177074,510.85440000000,1.4530000000,0.701000,4504.00,1.540000,11.790000,2002,"Radial Velocity",31.32832000
"CoRoT-35 b",18.83108758,349.61124770,3.22748000000,0.0429000000,0.000000,6390.00,1.010000,1.650000,2022,"Transit",1123.21000000
"CoRoT-36 b",15.80466279,216.12331676,5.61653100000,0.0660000000,0.000000,6730.00,1.320000,1.520000,2022,"Transit",925.95800000
"K2-383 b",1.56400000,3.07000000,1.86596200000,,,5129.00,1.061000,0.804000,2022,"Transit",203.78800000
"K2-366 b",2.35900000,6.16000000,15.93703900000,,,5601.00,0.825000,0.940000,2022,"Transit",185.94700000
"iot Dra c",12.20000000,4958.12314920,25000.00000000000,19.4000000000,0.455000,4504.00,1.540000,11.790000,2021,"Radial Velocity",31.32832000
"K2-373 b",2.06100000,4.90000000,11.02066000000,,,6138.00,1.158000,1.486000,2022,"Transit",229.56700000
"K2-367 b",2.41300000,6.41000000,20.64509900000,,,4348.00,0.756000,0.625000,2022,"Transit",176.96500000
"HD 160691 c",,1398.44499080,3947.00000000000,4.1700000000,0.039000,5773.00,1.130000,1.330000,2004,"Radial Velocity",15.59810000
"HD 160691 d",3.23000000,10.49000000,9.63920000000,0.0952000000,0.000000,5773.00,1.130000,1.330000,2004,"Radial Velocity",15.59810000
"K2-384 f",2.22200000,5.57000000,13.62749000000,,,3623.00,0.330000,0.348000,2022,"Transit",82.66030000
"K2-369 b",1.31300000,2.28000000,5.76161200000,,,5682.00,0.735000,0.881000,2022,"Transit",185.55000000
"TOI-620 b",3.76000000,13.60000000,5.09881790000,0.0482500000,0.220000,3708.00,0.577000,0.550000,2022,"Transit",33.02310000
"AB Aur b",12.50000000,2860.45566300,,93.9000000000,0.400000,9770.00,2.400000,2.958870,2022,"Imaging",162.12700000
"HD 33142 b",13.70000000,400.46379282,330.00000000000,1.0740000000,0.049000,5025.40,1.520000,4.170000,2011,"Radial Velocity",121.37500000
"K2-384 e",1.34500000,2.37000000,9.71504300000,,,3623.00,0.330000,0.348000,2022,"Transit",82.66030000
"K2-371 b",13.02400000,,3.11490500000,,,4925.00,0.958000,0.736000,2022,"Transit",442.81300000
"K2-372 b",2.94500000,8.98000000,9.84407700000,,,5479.00,0.847000,0.922000,2022,"Transit",463.88000000
"TYC 2187-512-1 b",12.50000000,104.88337431,691.90000000000,1.2200000000,0.050000,3734.00,0.498000,0.495000,2022,"Radial Velocity",15.47440000
"TOI-1246 b",3.01000000,8.10000000,4.30744000000,0.0490000000,,5151.00,0.870000,0.860000,2022,"Transit",169.42200000
"HD 160691 e",,2224.79884900,307.90000000000,0.9600000000,0.066600,5773.00,1.130000,1.330000,2006,"Radial Velocity",15.59810000
"K2-393 b",2.35200000,6.13000000,10.41318100000,,,5678.00,0.881000,1.071000,2022,"Transit",265.91400000
"K2-375 b",2.24300000,5.66000000,14.45389500000,,,5822.00,1.119000,1.543000,2022,"Transit",696.10000000
"HIP 94235 b",3.00000000,379.00000000,7.71305700000,0.0787000000,0.320000,5991.00,1.094000,1.080000,2022,"Transit",58.51460000
"KOI-984 c",14.10000000,209.80000000,21.51200000000,0.1467000000,0.380000,5295.00,0.928000,0.818000,2022,"Transit Timing Variations",252.66700000
"K2-389 c",2.04000000,4.82000000,20.85133700000,,,5782.00,0.802000,1.084000,2022,"Transit",259.20800000
"K2-390 b",4.66200000,19.60000000,3.31279200000,,,5558.00,0.789000,0.966000,2022,"Transit",456.12200000
"HD 73583 b",2.79000000,10.20000000,6.39804200000,0.0604000000,0.090000,4511.00,0.730000,0.650000,2022,"Transit",31.56660000
"HD 103891 b",13.20000000,918.52409623,1919.00000000000,3.2700000000,0.310000,6072.00,1.280000,2.220000,2022,"Radial Velocity",55.52130000
"HD 105779 b",14.10000000,203.41018048,2412.00000000000,3.3800000000,0.000000,5792.00,0.890000,0.940000,2022,"Radial Velocity",55.24110000
"HD 33142 d",9.32000000,63.56568140,89.90000000000,0.4520000000,0.191000,5025.40,1.520000,4.170000,2022,"Radial Velocity",121.37500000
"HD 19615 b",12.60000000,2701.54145950,402.00000000000,1.1000000000,0.200000,4263.00,1.100000,32.300000,2022,"Radial Velocity",265.15500000
"K2-391 b",1.37100000,2.45000000,4.62265400000,,,5543.00,0.757000,0.566000,2022,"Transit",507.94000000
"HD 73583 c",2.39000000,9.70000000,18.87974000000,0.1242000000,0.080000,4511.00,0.730000,0.650000,2022,"Transit",31.56660000
"GJ 411 b",1.45000000,2.69000000,12.93940000000,0.0787900000,0.063000,3719.00,0.389900,0.368500,2019,"Radial Velocity",5.67577300
"TOI-1064 c",2.65100000,2.50000000,12.22657400000,0.0942900000,0.088000,4734.00,0.748000,0.726000,2022,"Transit",68.07260000
"K2-316 b",1.33000000,2.33000000,1.13300000000,0.0147000000,,3436.00,0.408000,0.379000,2020,"Transit",112.48600000
"HD 95735 c",3.76000000,13.60000000,2946.00000000000,2.9400000000,0.132000,3719.00,0.389900,0.368500,2021,"Radial Velocity",5.67577300
"TOI-2669 b",19.72780603,193.87532827,6.20340000000,,0.090000,4800.00,1.190000,4.100000,2022,"Transit",393.44300000
"TOI-4329 b",16.81347105,143.02278315,2.92230000000,,0.068000,6000.00,1.538000,2.310000,2022,"Transit",717.12800000
"K2-397 b",2.41700000,6.42000000,3.57232600000,,,5387.00,0.937000,0.966000,2022,"Transit",199.35400000
"K2-316 c",1.83000000,4.01000000,5.26000000000,0.0582000000,,3436.00,0.408000,0.379000,2020,"Transit",112.48600000
"TOI-2046 b",16.14093221,731.00533610,1.49718420000,,,6250.00,1.130000,1.210000,2022,"Transit",289.66800000
"Kepler-1656 c",14.00000000,126.40000000,1919.00000000000,3.0530000000,0.527000,5569.00,1.030000,1.100000,2022,"Radial Velocity",185.87500000
"TOI-206 b",1.30000000,2.24000000,0.73631040000,0.0112000000,,3383.00,0.350000,0.350000,2022,"Transit",47.74650000
"K2-398 c",5.09800000,22.80000000,18.78783900000,,,5946.00,0.945000,1.239000,2022,"Transit",606.99200000
"K2-319 b",2.79000000,8.20000000,26.68000000000,0.1516000000,,5440.00,0.954000,0.898000,2020,"Transit",209.07100000
"mu2 Sco b",12.30000000,4576.72906080,,242.4000000000,0.560000,21700.00,9.100000,5.600000,2022,"Imaging",
"TOI-1693 b",1.41000000,2.57000000,1.76669570000,0.0226000000,,3499.00,0.490000,0.460000,2022,"Transit",30.79470000
"K2-402 b",2.67800000,7.65000000,17.27474000000,,,5716.00,0.944000,1.280000,2022,"Transit",523.05500000
"K2-323 b",2.10000000,5.06000000,24.93000000000,0.1275000000,,3710.00,0.478000,0.549000,2020,"Transit",118.31800000
"HD 81040 b",12.60000000,2301.07766668,1002.70000000000,1.9460000000,0.525000,5755.00,0.990000,0.910000,2005,"Radial Velocity",34.43410000
"HD 171238 b",12.50000000,2796.88998160,1515.00000000000,2.5180000000,0.358000,5467.00,0.920000,1.010000,2009,"Radial Velocity",44.81130000
"HD 87883 b",12.70000000,2005.49724817,3006.00000000000,3.7700000000,0.720000,4980.00,0.800000,0.798557,2009,"Radial Velocity",18.29120000
"TOI-2411 b",1.68000000,3.46000000,0.78269420000,0.0144000000,,4099.00,0.650000,0.680000,2022,"Transit",59.53620000
"TOI-2427 b",1.80000000,3.89000000,1.30600110000,0.0202000000,,4072.00,0.640000,0.650000,2022,"Transit",28.51470000
"K2-404 b",2.53000000,6.94000000,13.11536500000,,,3748.00,0.552000,0.552000,2022,"Transit",121.63000000
"K2-325 b",2.20000000,5.48000000,6.93000000000,0.0419000000,,3287.00,0.274000,0.298000,2020,"Transit",111.63800000
"HD 106515 A b",12.10000000,6006.95689230,3626.00000000000,4.4800000000,0.571000,5362.00,0.890000,0.910000,2012,"Radial Velocity",34.09150000
"KMT-2017-BLG-2509L b",13.40000000,664.26137063,,2.1400000000,,,0.460000,,2021,"Microlensing",7040.00000000
"K2-406 b",4.60200000,19.20000000,22.54940600000,,,5784.00,0.798000,0.961000,2022,"Transit",85.37510000
"K2-326 b",2.28000000,5.82000000,1.25600000000,0.0198000000,,3924.00,0.507000,0.688000,2020,"Transit",282.30800000
"TOI-5153 b",11.88151954,1036.12060682,20.33003000000,0.1580000000,0.091000,6300.00,1.240000,1.400000,2022,"Transit",390.48400000
"NGTS-20 b",11.99360935,947.12865286,54.18915000000,0.3130000000,0.432000,5980.00,1.470000,1.780000,2022,"Transit",382.89800000
"HD 29021 b",12.90000000,1420.69297929,1365.00000000000,2.2940000000,0.453000,5560.00,0.860000,0.850000,2017,"Radial Velocity",30.99390000
"KMT-2021-BLG-0912L b",1.49000000,2.81000000,,3.1400000000,,,0.800000,,2022,"Microlensing",5560.00000000
"K2-407 c",1.36000000,2.42000000,9.22453000000,,,5563.00,0.881000,0.927000,2022,"Transit",218.37600000
"K2-199 b",1.73000000,6.90000000,3.22539930000,0.0382000000,0.020000,4491.00,0.711000,0.682000,2018,"Transit",107.51800000
"Ross 508 b",1.83000000,4.00000000,10.77000000000,0.0536600000,0.330000,3071.00,0.177400,0.211300,2022,"Radial Velocity",11.21030000
"K2-387 b",7.32200000,42.20000000,28.73532700000,,,3572.00,0.570000,0.585000,2022,"Transit",266.31800000
"K2-374 b",1.59300000,3.16000000,4.52195300000,,,5789.00,0.731000,0.907000,2022,"Transit",359.43900000
"HD 136118 b",12.30000000,4164.18778851,1187.59765000000,2.3270000000,0.344000,6097.00,1.180000,1.677540,2022,"Radial Velocity",51.43590000
"HD 140901 b",4.07000000,15.57359194,9.02378000000,0.0850000000,0.472000,5610.00,0.990000,0.950000,2022,"Radial Velocity",15.25280000
"HD 93351 c",12.30000000,4154.01727949,14010.29410000000,11.1540000000,0.109000,5408.00,0.940000,0.911435,2022,"Radial Velocity",56.16300000
"GJ 2030 b",2.03000000,4.76742611,2.38129000000,0.0340000000,0.239000,5485.00,0.960000,2.241040,2022,"Radial Velocity",37.07880000
"TOI-2570 b",13.64132951,260.61929374,2.98876150000,0.0414500000,0.000000,5771.00,1.063000,1.095000,2022,"Transit",361.85700000
"HD 113337 b",13.10000000,1035.80277841,317.58639000000,1.0220000000,0.280000,6774.00,1.410000,1.500000,2013,"Radial Velocity",36.18000000
"HIP 97233 b",12.10000000,6098.17364511,1062.26506000000,2.4910000000,0.630000,5020.00,1.810000,5.340000,2014,"Radial Velocity",102.27500000
"HD 144899 b",4.77000000,20.34101805,40.43914000000,0.2420000000,0.821000,6126.00,1.160000,1.648020,2022,"Radial Velocity",115.66500000
"HD 142 A d",10.90000000,82.63538582,108.45299000000,0.4740000000,0.130000,6245.00,1.210000,1.470000,2022,"Radial Velocity",26.18530000
"GJ 2030 c",12.30000000,4069.15709482,25533.11353000000,16.7610000000,0.041000,5485.00,0.960000,2.241040,2022,"Radial Velocity",37.07880000
"GJ 3222 b",3.40000000,11.44182265,10.66669000000,0.0910000000,0.929000,5257.46,0.890000,0.931389,2022,"Radial Velocity",18.23817000
"GJ 680 b",12.00000000,7977.49301570,17281.66514000000,10.1380000000,0.381000,3563.00,0.456000,0.459330,2022,"Radial Velocity",9.67315000
"TOI-3540 A b",23.53885947,375.03752026,3.11999900000,0.0428900000,0.000000,5810.00,1.081000,1.228000,2022,"Transit",
"TOI-3331 A b",12.97999965,721.47048389,2.01802310000,0.0314400000,0.000000,5609.00,1.016000,0.952000,2022,"Transit",217.19300000
"TOI-3693 b",12.59889431,324.18497514,9.08851600000,0.0813000000,0.000000,5321.00,0.867000,0.791000,2022,"Transit",176.43600000
"HD 145934 b",13.40000000,658.54045930,2751.53433000000,4.8900000000,0.078000,4823.75,2.058000,6.930587,2015,"Radial Velocity",227.88100000
"HD 151450 b",6.94000000,38.45723725,21.89288000000,0.1600000000,0.496000,6091.98,1.140000,1.171840,2022,"Radial Velocity",43.60020000
"HD 149806 b",12.30000000,4003.68444298,16521.52778000000,12.4040000000,0.357000,5352.05,0.930000,0.890000,2022,"Radial Velocity",20.27270000
"HD 151450 c",12.80000000,1636.18063924,18144.76236000000,14.1310000000,0.138000,6091.98,1.140000,1.171840,2022,"Radial Velocity",43.60020000
"HD 115404 A b",6.09000000,30.82935548,10.49488000000,0.0880000000,0.232000,5019.17,0.830000,0.727007,2022,"Radial Velocity",10.98160000
"TOI-2196 b",3.51000000,26.00000000,1.19472680000,0.0223400000,0.000000,5634.00,1.032000,1.043000,2022,"Transit",259.94700000
"HD 191806 b",12.50000000,2966.61035094,1603.38923000000,2.7490000000,0.213000,6010.00,1.070000,1.402230,2016,"Radial Velocity",65.66680000
"HD 153557 c",4.36000000,17.48056238,15.27018000000,0.1110000000,0.511000,4837.00,0.790000,0.745171,2022,"Radial Velocity",17.94120000
"HD 153557 d",11.90000000,8725.66108578,40654.64809000000,21.4490000000,0.152000,4837.00,0.790000,0.745171,2022,"Radial Velocity",17.94120000
"HD 12235 c",12.50000000,3135.69506346,36336.70679000000,22.2100000000,0.174000,5986.00,1.100000,1.801850,2022,"Radial Velocity",31.76270000
"HD 56414 b",3.71000000,13.30000000,29.04992000000,0.2290000000,0.680000,8500.00,1.890000,1.751000,2022,"Transit",272.21700000
"GJ 896 A b",13.30000000,718.29219982,284.39000000000,0.6396500000,0.350000,3345.00,0.435990,0.394682,2022,"Astrometry",6.26022000
"GJ 676 A c",12.30000000,4288.14086724,13921.42302000000,9.7260000000,0.295000,3734.00,0.626000,0.690000,2016,"Radial Velocity",16.02720000
"HD 219828 c",12.20000000,5102.41724598,4789.87297000000,5.6570000000,0.811000,5891.00,1.040000,1.560000,2016,"Radial Velocity",73.11400000
"HD 72892 b",12.80000000,1737.88572948,39.44603000000,0.2280000000,0.419000,5688.00,1.010000,1.220000,2016,"Radial Velocity",69.73110000
"HD 155918 b",2.67000000,7.62788177,1.87567000000,0.0300000000,0.194000,5771.84,1.030000,1.019060,2022,"Radial Velocity",27.56100000
"TOI-2048 b",2.61000000,7.32000000,13.79019000000,,0.130000,5185.00,0.830000,0.790000,2022,"Transit",116.56700000
"HD 111232 b",12.60000000,2531.50326176,1169.13202000000,2.1480000000,0.214000,5512.00,0.960000,0.900000,2003,"Radial Velocity",28.95710000
"HD 10697 b",12.80000000,1825.28854140,1075.37990000000,2.0510000000,0.104000,5641.00,0.990000,1.863076,1999,"Radial Velocity",33.12050000
"HD 125612 b",13.20000000,945.22168242,557.69994000000,1.3490000000,0.446000,5900.00,1.050000,1.070000,2007,"Radial Velocity",57.62070000
"HIP 67537 b",12.30000000,4309.11754211,2523.64713000000,4.8070000000,0.586000,4985.00,2.316000,8.690000,2017,"Radial Velocity",116.04600000
"HD 156098 c",12.80000000,1661.60691180,7841.58390000000,8.4150000000,0.391000,6419.19,1.290000,2.757160,2022,"Radial Velocity",48.24900000
"HD 156098 b",4.12000000,15.89142035,21.85849000000,0.1670000000,0.109000,6419.19,1.290000,2.757160,2022,"Radial Velocity",48.24900000
"HD 168863 b",12.70000000,2154.87659946,14773.93272000000,10.9610000000,0.187000,4905.00,0.800000,0.777826,2022,"Radial Velocity",39.89790000
"HIP 19976 b",4.94000000,21.61233168,50.65905000000,0.2340000000,0.304000,4316.00,0.670000,0.772319,2022,"Radial Velocity",40.27070000
"HD 203387 c",12.60000000,2378.94562640,2481.07227000000,5.0670000000,0.202000,5174.32,2.817000,10.585200,2022,"Radial Velocity",61.74770000
"HIP 35965 b",12.60000000,2589.98368864,26125.56497000000,15.8980000000,0.138000,4836.00,0.780000,0.697551,2022,"Radial Velocity",50.16770000
"HD 125612 c",4.07000000,15.57359194,4.15466000000,0.0510000000,0.149000,5900.00,1.050000,1.070000,2009,"Radial Velocity",57.62070000
"HD 125612 d",12.70000000,2281.37230545,2822.72698000000,3.9820000000,0.115000,5900.00,1.050000,1.070000,2009,"Radial Velocity",57.62070000
"HD 156279 c",12.50000000,3098.82696825,4818.25358000000,5.4860000000,0.261000,5453.00,0.940000,0.950000,2016,"Radial Velocity",36.19450000
"HD 27894 d",12.70000000,2063.65984665,5019.54244000000,5.3620000000,0.343000,4875.00,0.810000,0.891767,2017,"Radial Velocity",43.82140000
"HD 181234 b",12.50000000,2980.91262925,7593.40512000000,7.4270000000,0.726000,5386.00,0.940000,1.059423,2019,"Radial Velocity",47.74580000
"HD 18143 b",3.28000000,10.80616584,10.28510000000,0.0880000000,0.224000,5078.00,0.850000,0.870000,2022,"Radial Velocity",22.52430000
"HIP 948 b",12.10000000,6547.26518420,24955.45756000000,15.0370000000,0.230000,4497.00,0.710000,0.688488,2022,"Radial Velocity",34.85230000
"HD 139357 b",12.10000000,6315.56827550,1124.79139000000,2.9490000000,0.099000,4700.00,2.690000,11.470000,2008,"Radial Velocity",112.09000000
"HD 25015 b",12.50000000,2884.92845034,6134.42700000000,6.2480000000,0.341000,5160.00,0.860000,0.830000,2019,"Radial Velocity",37.43300000
"HD 188641 b",11.90000000,9333.03117155,14583.81038000000,12.0270000000,0.034000,5897.32,1.070000,1.944920,2022,"Radial Velocity",64.33990000
"HD 168443 b",12.60000000,2424.39508860,58.11187000000,0.2920000000,0.530000,5491.00,0.980000,1.711479,1998,"Radial Velocity",39.62450000
"HD 156279 b",12.50000000,2997.75753482,133.40355000000,0.5020000000,0.647000,5453.00,0.940000,0.950000,2011,"Radial Velocity",36.19450000
"HD 168443 c",12.20000000,5500.33841154,1753.10960000000,2.8420000000,0.210000,5491.00,0.980000,1.711479,2000,"Radial Velocity",39.62450000
"GJ 229 A c",2.87000000,8.58136699,121.93268000000,0.3840000000,0.366000,3564.00,0.509000,0.460000,2020,"Radial Velocity",5.75624000
"HD 81817 b",12.00000000,7668.56380410,1021.20159000000,3.2330000000,0.097000,4140.00,4.300000,83.800000,2020,"Radial Velocity",269.12600000
"HD 204313 e",12.20000000,4868.17771002,7325.64666000000,7.4570000000,0.253000,5767.00,1.030000,1.100000,2022,"Radial Velocity",47.79450000
"HD 169830 c",12.60000000,2437.42605328,1818.82339000000,3.0750000000,0.246000,6300.00,1.170000,1.935709,2003,"Radial Velocity",37.60480000
"HIP 56640 b",12.70000000,2151.69831539,2675.57603000000,4.5500000000,0.118000,4769.00,1.750000,4.930000,2021,"Radial Velocity",122.32400000
"HD 213519 b",2.99000000,9.21702380,11.12214000000,0.0990000000,0.413000,5840.00,1.050000,1.082870,2022,"Radial Velocity",41.00140000
"HD 217786 c",2.61000000,7.31005336,2.52221000000,0.0380000000,0.399000,5966.00,1.140000,1.270000,2022,"Radial Velocity",55.48470000
"TOI-3629 b",8.29464572,82.63538582,3.93655100000,0.0430000000,0.050000,3870.00,0.630000,0.600000,2022,"Transit",130.09100000
"HD 183263 c",12.50000000,2958.98246917,4667.97841000000,5.5850000000,0.051000,5948.00,1.060000,1.230000,2008,"Radial Velocity",54.19550000
"HD 66428 c",13.50000000,560.64930995,10478.84437000000,9.4080000000,0.207000,5716.00,1.010000,1.130000,2021,"Radial Velocity",53.28170000
"HD 80869 b",12.80000000,1609.80088146,1752.92067000000,2.9050000000,0.924000,5837.00,1.060000,1.062000,2021,"Radial Velocity",85.39510000
"HD 25912 b",6.90000000,38.13940884,41.83156000000,0.2420000000,0.050000,5920.58,1.080000,0.995896,2022,"Radial Velocity",49.16610000
"HD 217958 b",14.20000000,166.54208527,2560.19774000000,3.7580000000,0.156000,5930.64,1.080000,1.326190,2022,"Radial Velocity",61.79570000
"HD 25912 c",12.20000000,5252.75008249,26308.65619000000,17.8480000000,0.051000,5920.58,1.080000,0.995896,2022,"Radial Velocity",49.16610000
"HD 109988 b",12.10000000,6935.33366915,17132.15854000000,12.5180000000,0.056000,5185.97,0.880000,0.869694,2022,"Radial Velocity",42.52790000
"HD 28192 b",12.20000000,99.79811980,14.23283000000,0.1180000000,0.104000,5919.87,1.080000,1.070940,2022,"Radial Velocity",49.80630000
"HD 43197 c",12.60000000,2500.67390628,9295.97350000000,8.5400000000,0.149000,5508.00,0.960000,1.000000,2022,"Radial Velocity",62.41120000
"HD 38529 b",14.10000000,206.58846455,14.30990000000,0.1150000000,0.256000,5697.00,0.980000,2.857838,2000,"Radial Velocity",42.35380000
"HD 38529 c",12.50000000,3299.05886466,2127.60566000000,3.2260000000,0.357000,5697.00,0.980000,2.857838,2000,"Radial Velocity",42.35380000
"HD 110537 b",11.90000000,8612.83200129,24469.67342000000,16.7140000000,0.401000,5718.00,1.020000,1.166260,2022,"Radial Velocity",45.08580000
"HD 56957 b",12.80000000,1880.90851263,5859.08992000000,6.4260000000,0.273000,5743.00,1.030000,1.777930,2022,"Radial Velocity",61.49250000
"HD 62364 c",12.00000000,7923.46218651,74839.94555000000,36.9840000000,0.773000,6255.00,1.190000,1.401000,2022,"Radial Velocity",53.11200000
"TOI-712 c",2.70100000,7.76000000,51.69906000000,0.2447000000,0.089000,4622.00,0.732000,0.674000,2022,"Transit",58.62120000
"TOI-712 d",2.47400000,6.68000000,84.83960000000,0.3405000000,0.073000,4622.00,0.732000,0.674000,2022,"Transit",58.62120000
"HD 43197 b",14.20000000,175.75910907,308.92072000000,0.8820000000,0.742000,5508.00,0.960000,1.000000,2010,"Radial Velocity",62.41120000
"HD 4113 b",13.50000000,541.26177712,526.52390000000,1.2800000000,0.899000,5688.00,1.008000,1.077514,2007,"Radial Velocity",41.87270000
"HD 111232 c",12.20000000,5740.93451564,26472.44623000000,17.2500000000,0.558000,5512.00,0.960000,0.900000,2022,"Radial Velocity",28.95710000
"HD 62549 b",12.60000000,2707.58019923,14306.88519000000,11.8420000000,0.150000,5930.46,1.080000,1.232270,2022,"Radial Velocity",49.33050000
"TOI-1452 b",1.67200000,4.82000000,11.06201000000,0.0610000000,0.000000,3185.00,0.249000,0.275000,2022,"Transit",30.52120000
"KMT-2021-BLG-0171L b",3.35000000,11.20000000,,3.5000000000,,5200.00,0.780000,,2022,"Microlensing",4600.00000000
"HD 73267 b",13.00000000,1321.53051631,1257.99159000000,2.2290000000,0.261000,5387.00,0.930000,0.909000,2008,"Radial Velocity",50.40930000
"HD 11505 b",12.60000000,2510.52658689,32669.22247000000,20.2470000000,0.144000,5757.15,1.030000,1.195680,2022,"Radial Velocity",38.96790000
"HD 80913 b",12.00000000,7505.20000290,10839.83341000000,9.9500000000,0.313000,6013.24,1.110000,1.654200,2022,"Radial Velocity",61.36030000
"HD 81817 c",12.00000000,7185.78245386,622.97802000000,2.3250000000,0.095000,4140.00,4.300000,83.800000,2022,"Radial Velocity",269.12600000
"TOI-2207 b",11.15293580,203.41018048,8.00196800000,0.0854000000,0.174000,6101.00,1.296000,1.564000,2022,"Transit",373.34500000
"HD 86264 b",12.50000000,3117.26101586,1488.79123000000,2.7630000000,0.821000,6210.00,1.260000,1.880000,2009,"Radial Velocity",67.81070000
"HD 7449 b",12.60000000,2597.92939882,1270.55195000000,2.4380000000,0.752000,6024.00,1.196000,0.970000,2011,"Radial Velocity",38.66200000
"HD 8673 b",12.30000000,4210.59073594,1644.69097000000,2.9700000000,0.730000,6389.05,1.280000,1.502250,2009,"Radial Velocity",37.86190000
"HD 127506 b",5.67000000,27.33324300,65.78395000000,0.2870000000,0.240000,4595.32,0.730000,0.735766,2022,"Radial Velocity",22.52790000
"HD 135872 b",12.80000000,1744.56012602,2422.32597000000,4.1720000000,0.164000,4992.00,1.646000,3.930380,2022,"Radial Velocity",82.42510000
"HD 86065 b",12.50000000,2877.30056857,25775.78859000000,15.9470000000,0.219000,4927.56,0.810000,0.780347,2022,"Radial Velocity",40.36610000
"HD 88072 b",12.60000000,2511.79790052,18538.79293000000,13.8950000000,0.156000,5785.33,1.040000,1.032000,2022,"Radial Velocity",35.90980000
"HD 93351 b",1.69000000,3.49611248,2.45946000000,0.0350000000,0.549000,5408.00,0.940000,0.911435,2022,"Radial Velocity",56.16300000
"TOI-2421 b",10.36830715,105.83685953,4.34740320000,0.0543000000,0.000000,5607.00,1.131000,1.750000,2022,"Transit",327.92700000
"HD 142 c",12.40000000,3464.64746471,10159.64279000000,9.8110000000,0.277000,6245.00,1.210000,1.470000,2012,"Radial Velocity",26.18530000
"TOI-2583 A b",14.45958510,79.45710175,4.52072650000,0.0571000000,0.000000,5936.00,1.215000,1.477000,2023,"Transit",566.18900000
"OGLE-2018-BLG-1119L b",13.90000000,289.22385037,,4.0600000000,,,0.480000,,2022,"Microlensing",5760.00000000
"KMT-2021-BLG-1554L b",6.90000000,38.13940884,,0.7200000000,,,0.080000,,2022,"Microlensing",7680.00000000
"TOI-2796 b",17.26183028,139.84449908,4.80849830000,0.0569000000,0.000000,5764.00,1.063000,1.069000,2023,"Transit",350.34300000
"TOI-2096 b",1.24300000,2.08000000,3.11906330000,0.0250000000,0.150000,3300.00,0.231000,0.235000,2023,"Transit",48.48090000
"KMT-2021-BLG-1898L b",14.00000000,232.01473711,,1.9000000000,,,0.480000,,2022,"Microlensing",6900.00000000
"GJ 338 B b",3.25000000,10.60000000,24.42200000000,0.1420000000,0.109000,4014.00,0.640000,0.580000,2020,"Radial Velocity",6.33256000
"TOI-2842 b",12.84549188,117.59651059,3.55140580000,0.0475000000,0.000000,5910.00,1.135000,1.265000,2023,"Transit",460.99500000
"TOI-4603 b",11.67975789,4096.80816623,7.24599000000,0.0888000000,0.325000,6264.00,1.765000,2.738000,2023,"Transit",225.64300000
"KMT-2021-BLG-0712L b",6.91000000,38.19000000,,2.2200000000,,,0.220000,,2023,"Microlensing",3090.00000000
"KMT-2021-BLG-0909L b",13.70000000,400.46379282,,1.7500000000,,,0.380000,,2023,"Microlensing",6480.00000000
"MASCARA-1 b",17.90074218,1175.97100000,2.14877381000,0.0403520000,0.000340,7490.00,1.900000,2.082000,2017,"Transit",182.27300000
"K2-38 b",1.54000000,7.30000000,4.01593000000,0.0499400000,0.197000,5731.00,1.030000,1.060000,2016,"Transit",192.69000000
"TOI-3364 b",12.22899794,530.77343969,5.87689180000,0.0675000000,0.000000,5706.00,1.186000,1.419000,2023,"Transit",277.89900000
"KMT-2021-BLG-2478L b",13.90000000,286.04556630,,1.8500000000,,,0.200000,,2023,"Microlensing",2970.00000000
"KMT-2021-BLG-1105L b",13.60000000,413.17692910,,3.5400000000,,,0.630000,,2023,"Microlensing",4540.00000000
"K2-414 b",1.21900000,1.98000000,4.36960000000,0.0487000000,,4343.00,0.814000,0.732000,2022,"Transit",260.03600000
"TOI-4582 b",10.53644186,168.44905571,31.03400000000,,0.510000,5190.00,1.340000,2.500000,2023,"Transit",383.84600000
"TOI-3688 A b",13.08088048,311.47183886,3.24607500000,0.0456000000,0.000000,5950.00,1.199000,1.302000,2023,"Transit",396.37800000
"TOI-942 c",4.67000000,37.00000000,10.15627200000,0.0859800000,0.320000,4969.00,0.822000,0.894000,2020,"Transit",152.60100000
"TOI-733 b",1.99200000,5.72000000,4.88476500000,0.0618000000,0.046000,5585.00,0.956000,0.949000,2023,"Transit",75.20920000
"Kepler-20 c",2.89400000,11.10000000,10.85407740000,0.0936000000,0.076000,5495.00,0.929000,0.916400,2011,"Transit",282.56300000
"HIP 21152 b",12.00000000,7627.88176800,22000.00000000000,17.0000000000,0.360000,6655.00,1.400000,1.591860,2022,"Imaging",43.40730000
"OGLE-2019-BLG-0468L c",12.50000000,3248.20631954,,2.7700000000,,,0.920000,,2022,"Microlensing",4400.00000000
"OGLE-2019-BLG-0468L b",13.10000000,1090.15143601,,3.2900000000,,,0.920000,,2022,"Microlensing",4400.00000000
"TOI-3976 A b",12.27383387,55.61997123,6.60766200000,0.0743000000,0.000000,5975.00,1.254000,1.501000,2023,"Transit",516.08700000
"KMT-2017-BLG-1003L b",2.13000000,5.19000000,,1.3800000000,,,0.320000,,2023,"Microlensing",7090.00000000
"TOI-4087 b",13.04725353,232.01473711,3.17748350000,0.0446900000,0.000000,6060.00,1.178000,1.112000,2023,"Transit",301.67600000
"TOI-942 b",3.89000000,826.35800000,4.32421000000,0.0486600000,0.340000,4969.00,0.822000,0.894000,2020,"Transit",152.60100000
"KMT-2021-BLG-0240L b",9.60000000,66.74396547,,2.8000000000,,,0.560000,,2022,"Microlensing",6600.00000000
"KMT-2017-BLG-0673L b",13.00000000,1166.43025369,,2.3400000000,,,0.630000,,2022,"Microlensing",5080.00000000
"KMT-2019-BLG-1367L b",1.85000000,4.08000000,,1.7000000000,,,0.250000,,2023,"Microlensing",4670.00000000
"OGLE-2017-BLG-1806L b",2.15000000,5.27000000,,1.7500000000,,,0.380000,,2023,"Microlensing",6400.00000000
"TOI-4791 b",12.44196858,734.18362017,4.28088000000,0.0555000000,0.000000,6058.00,1.242000,1.409000,2023,"Transit",328.80200000
"EPIC 229004835 b",2.33200000,10.40000000,16.14113200000,0.1237000000,0.230000,5868.00,0.970000,0.999000,2023,"Transit",121.97100000
"OGLE-2019-BLG-1053L b",1.38000000,2.48000000,,3.4000000000,,,0.610000,,2021,"Microlensing",6800.00000000
"KMT-2019-BLG-2974L b",11.40000000,88.99195396,,2.0000000000,,,0.470000,,2022,"Microlensing",6100.00000000
"OGLE-2019-BLG-1470L AB c",13.30000000,699.22249540,,3.2000000000,,,0.570000,,2022,"Microlensing",5900.00000000
"HD 23472 b",2.00000000,8.32000000,17.66708700000,0.1162000000,0.072000,4684.00,0.670000,0.710000,2019,"Transit",39.03410000
"HD 191939 c",3.19500000,8.00000000,28.57974300000,0.1752000000,0.034000,5348.00,0.810000,0.940000,2020,"Transit",53.60890000
"OGLE-2018-BLG-0506L b",4.18000000,16.30000000,,3.0000000000,,,0.630000,,2022,"Microlensing",5600.00000000
"TIC 279401253 b",11.20898070,1951.46641898,76.80000000000,0.3690000000,0.448000,5951.00,1.130000,1.060000,2023,"Transit",285.58400000
"HD 23472 c",1.87000000,3.41000000,29.79749000000,0.1646000000,0.063000,4684.00,0.670000,0.710000,2019,"Transit",39.03410000
"HD 23472 f",1.13700000,0.77000000,12.16218390000,0.0906000000,0.070000,4684.00,0.670000,0.710000,2022,"Transit",39.03410000
"OGLE-2019-BLG-1492L b",6.79000000,37.10000000,,2.7000000000,,,0.680000,,2022,"Microlensing",5600.00000000
"TIC 279401253 c",12.60000000,2548.98382414,155.30000000000,0.5910000000,0.254000,5951.00,1.130000,1.060000,2023,"Transit",285.58400000
"TOI-1811 b",11.14172682,308.92921160,3.71307650000,0.0438900000,0.052000,4766.00,0.817000,0.769000,2023,"Transit",128.23000000
"HD 23472 d",0.75000000,0.55000000,3.97664000000,0.0429800000,0.070000,4684.00,0.670000,0.710000,2022,"Transit",39.03410000
"HD 23472 e",0.81800000,0.72000000,7.90754000000,0.0680000000,0.070000,4684.00,0.670000,0.710000,2022,"Transit",39.03410000
"HATS-54 b",11.37711541,239.32479047,2.54417650000,0.0370000000,0.000000,5621.00,1.050000,1.230000,2019,"Transit",748.58500000
"HD 45364 c",14.20000000,174.48779544,345.43000000000,0.9020000000,0.019000,5466.00,0.820000,0.890000,2008,"Radial Velocity",34.35400000
"KMT-2021-BLG-1253L b",4.59000000,19.05000000,,1.5200000000,,,0.240000,,2022,"Microlensing",6640.00000000
"TOI-2152 A b",14.35870428,899.45439181,3.37735120000,0.0506400000,0.057000,6630.00,1.516000,1.612000,2023,"Transit",303.00600000
"NGTS-23 b",14.20177855,194.82881349,4.07643260000,0.0504000000,0.000000,6057.00,1.010000,1.240000,2022,"Transit",1074.95000000
"NGTS-24 b",13.60770257,165.27077164,3.46787960000,0.0479000000,0.000000,5820.00,1.260000,1.640000,2022,"Transit",683.06200000
"NGTS-25 b",11.46678726,203.09235207,2.82309300000,0.0388000000,0.000000,5321.00,0.910000,0.860000,2022,"Transit",521.23300000
"KMT-2021-BLG-1372L b",9.12000000,61.27000000,,2.3700000000,,,0.420000,,2022,"Microlensing",5970.00000000
"TOI-2497 b",11.14172682,1531.93292174,10.65566900000,0.1166000000,0.195000,7360.00,1.859000,2.360000,2023,"Transit",285.28900000
"TOI-5542 b",11.30986153,419.53349724,75.12375000000,0.3320000000,0.018000,5700.00,0.890000,1.058000,2022,"Transit",348.84900000
"TOI-2338 b",11.20898070,1900.61387386,22.65398000000,0.1580000000,0.676000,5581.00,0.990000,1.050000,2023,"Transit",313.99600000
"KMT-2021-BLG-1077L b",9.86000000,69.92224954,,1.2600000000,,,0.140000,,2022,"Microlensing",8240.00000000
"PZ Tel b",11.90000000,8581.36698900,44000.00000000000,27.0000000000,0.520000,5169.00,1.360000,1.256460,2023,"Imaging",47.06480000
"KMT-2018-BLG-0030L b",13.60000000,460.85119015,,4.3900000000,,,0.510000,,2022,"Microlensing",6480.00000000
"MOA-2020-BLG-135L b",3.37000000,11.30000000,,1.1100000000,,,0.230000,,2022,"Microlensing",7900.00000000
"TOI-2364 b",8.60849718,71.51139158,4.01975170000,0.0487100000,0.000000,5306.00,0.954000,0.886000,2023,"Transit",219.61400000
"OGLE-2018-BLG-0298L b",7.56000000,44.49597698,,2.8600000000,,,0.690000,,2022,"Microlensing",6540.00000000
"TOI-969 c",12.40000000,3591.46099910,1700.00000000000,2.5200000000,0.628000,4435.00,0.734000,0.671000,2022,"Radial Velocity",77.25540000
"OGLE-2006-BLG-284L A b",14.30000000,144.00000000,,2.1700000000,,,0.350000,,2020,"Microlensing",4000.00000000
"K2-3 d",1.45800000,2.20000000,44.55603000000,0.2014000000,0.091000,3844.00,0.549000,0.546000,2015,"Transit",44.07270000
"K2-3 c",1.58200000,2.68000000,24.64672900000,0.1357000000,0.048000,3844.00,0.549000,0.546000,2015,"Transit",44.07270000
"HD 111998 b",12.90000000,1525.57635360,810.00000000000,1.9100000000,0.130000,6557.00,1.400000,1.450000,2016,"Radial Velocity",33.22370000
"HIP 70849 b",12.90000000,1430.22783150,3649.00000000000,3.9900000000,0.650000,4105.00,0.650000,0.633112,2011,"Radial Velocity",24.05720000
"HD 114783 c",13.40000000,603.87397330,4352.00000000000,5.0000000000,0.050000,5135.00,0.900000,0.840622,2016,"Radial Velocity",21.06280000
"Kepler-409 b",1.19900000,6.00000000,68.95832160000,0.3192000000,0.690000,5421.00,0.913000,0.897000,2014,"Transit",68.17300000
"Kepler-20 f",0.95200000,1.40000000,19.57832800000,0.1387000000,0.094000,5495.00,0.929000,0.916400,2011,"Transit",282.56300000
"KMT-2022-BLG-0440L b",4.05000000,15.40000000,,1.9000000000,,,0.530000,,2023,"Microlensing",3500.00000000
"TOI-411 c",2.32800000,9.72000000,9.57308300000,0.1017000000,0.160000,6169.00,1.098000,1.117000,2022,"Transit",62.77920000
"HD 140901 c",13.40000000,572.09113260,14386.00000000000,11.8000000000,0.770000,5610.00,1.060000,0.950000,2022,"Radial Velocity",15.25280000
"Kepler-102 c",0.56700000,1.70000000,7.07139200000,0.0670200000,0.094000,4909.00,0.803000,0.724000,2014,"Transit",107.79600000
"K2-416 b",2.66000000,1652.70771640,13.10200000000,0.0880000000,,3746.00,0.548000,0.554000,2023,"Transit",120.31100000
"TOI-411 b",1.36200000,13.71000000,4.04029500000,0.0572700000,0.126000,6169.00,1.098000,1.117000,2022,"Transit",62.77920000
"HIP 54597 b",13.30000000,762.78817680,3274.00000000000,4.0000000000,0.030000,4799.00,0.800000,0.660000,2023,"Radial Velocity",39.74290000
"HD 75302 b",12.80000000,1716.27339780,4356.00000000000,5.3000000000,0.390000,5697.46,1.060000,0.940904,2023,"Radial Velocity",30.32880000
"Kepler-68 c",0.97900000,1.30000000,9.60502700000,0.0900800000,0.099000,5847.00,1.057000,1.256400,2013,"Transit",144.16600000
"MOA-2020-BLG-208L b",7.71000000,46.00000000,,2.7400000000,,,0.430000,,2023,"Microlensing",7490.00000000
"HD 15906 b",2.24000000,5.65000000,10.92470900000,0.0900000000,0.110000,4757.00,0.790000,0.762000,2023,"Transit",45.56210000
"HIP 81208 C b",12.30000000,4703.86042360,104100.00000000000,23.0400000000,,,0.135000,,2023,"Imaging",147.53300000
"HD 108202 b",13.10000000,953.48522100,2990.00000000000,3.7000000000,0.520000,4556.03,0.740000,0.663550,2023,"Radial Velocity",38.68460000
"Kepler-323 b",1.38100000,3.90000000,1.67832800000,0.0277800000,0.095000,6004.00,1.015000,1.120000,2014,"Transit",454.88300000
"HD 15906 c",2.93000000,8.91000000,21.58329800000,0.1410000000,0.040000,4757.00,0.790000,0.762000,2023,"Transit",45.56210000
"TOI-622 b",9.23620010,96.30200732,6.40251300000,0.0708000000,0.420000,6400.00,1.313000,1.415000,2023,"Transit",123.29700000
"TOI-4201 b",13.67495645,788.21444936,3.58191940000,0.0400000000,0.041000,3794.00,0.610000,0.630000,2023,"Transit",189.01100000
"HD 99492 b",5.44000000,25.50000000,17.05030000000,0.1200000000,0.034000,4929.00,0.850000,0.822539,2004,"Radial Velocity",18.20380000
"Kepler-454 b",2.37000000,5.40000000,10.57375340000,0.0952800000,0.320000,5687.00,1.030000,1.066000,2015,"Transit",230.86900000
"Kepler-109 b",2.49000000,4.90000000,6.48163070000,0.0701000000,0.110000,5950.00,1.094000,1.387000,2014,"Transit",474.86100000
"GJ 1252 b",1.19300000,1.32000000,0.51823310000,0.0091500000,0.000000,3458.00,0.381000,0.391000,2020,"Transit",20.37300000
"HAT-P-2 c",12.40000000,3400.76395490,8500.00000000000,,0.370000,6412.00,1.330000,1.416000,2023,"Radial Velocity",127.77400000
"TOI-4600 b",6.80000000,959.84178914,82.68690000000,0.3490000000,0.250000,5170.00,0.890000,0.810000,2023,"Transit",216.05600000
"TOI-858 B b",14.06727078,349.61124770,3.27971780000,0.0443500000,0.150000,5842.00,1.081000,1.308000,2023,"Transit",250.48900000
"K2-36 b",1.43000000,4.30000000,1.42261400000,0.0228800000,0.093000,4916.00,0.790000,0.718000,2016,"Transit",109.74900000
"K2-36 c",3.20000000,7.90000000,5.34088800000,0.0552800000,0.089000,4916.00,0.790000,0.718000,2016,"Transit",109.74900000
"Kepler-538 b",2.21500000,12.90000000,81.73778000000,0.3554000000,0.210000,5534.00,0.892000,0.871700,2016,"Transit",155.95600000
"TOI-1235 b",1.69000000,6.69000000,3.44471400000,0.0384500000,0.049000,3997.00,0.630000,0.619000,2020,"Transit",39.63450000
"TOI-1052 b",2.87000000,16.90000000,9.13970300000,0.0910300000,0.180000,6146.00,1.204000,1.264000,2023,"Transit",129.80400000
"K2-110 b",2.59200000,15.90000000,13.86375000000,0.1020700000,0.130000,5010.00,0.738000,0.713000,2017,"Transit",116.47400000
"TOI-1634 c",,,103.00000000000,,0.000000,3472.00,0.451000,0.450000,2022,"Radial Velocity",35.27360000
"TOI-2018 b",2.26800000,9.20000000,7.43558300000,,0.000000,4174.00,0.570000,0.620000,2023,"Transit",27.99560000
"TOI-1052 c",6.48000000,34.30000000,35.80600000000,0.2263000000,0.237000,6146.00,1.204000,1.264000,2023,"Radial Velocity",129.80400000
"TOI-519 b",11.54525012,147.15455244,1.26523280000,0.0159000000,0.330000,3322.00,0.335000,0.350000,2021,"Transit",115.55700000
"TOI-244 b",1.52000000,2.68000000,7.39722500000,0.0559000000,,3433.00,0.428000,0.426000,2023,"Transit",22.03370000
"TOI-2084 b",2.47000000,6.66000000,6.07842470000,0.0500600000,,3551.00,0.453000,0.475000,2023,"Transit",114.54900000
"TOI-4184 b",2.43000000,6.48000000,4.90198040000,0.0336000000,,3238.00,0.210900,0.234700,2023,"Transit",69.36490000
"TOI-470 b",4.34000000,17.40000000,12.19148000000,0.1190000000,,5190.00,0.870000,0.831000,2023,"Transit",130.46000000
"TOI-1470 b",2.18000000,7.32000000,2.52709300000,0.0285000000,0.300000,3709.00,0.471000,0.469000,2023,"Transit",51.95030000
"Kepler-21 b",1.63900000,7.50000000,2.78582120000,0.0434000000,0.000000,6305.00,1.408000,1.902000,2012,"Transit",108.52200000
"Kepler-78 b",1.20100000,1.68000000,0.35500745000,0.0090100000,0.000000,5058.00,0.779000,0.747500,2013,"Transit",124.37600000
"WISE J033605.05-014350.4 b",12.60000000,2622.08435775,2560.00000000000,0.9700000000,,415.00,0.013100,,2023,"Imaging",
"OGLE-2018-BLG-1126L b",4.41000000,17.79839079,,3.2300000000,,,0.690000,,2022,"Microlensing",5700.00000000
"HD 6860 b",11.90000000,8981.83078182,663.87000000000,2.0300000000,0.280000,3802.00,2.490000,86.400000,2023,"Radial Velocity",61.12469000
"TOI-1470 c",2.47000000,7.24000000,18.08816000000,0.1060000000,0.500000,3709.00,0.471000,0.469000,2023,"Transit",51.95030000
"K2-12 b",2.44000000,5.20000000,8.28246000000,0.0792000000,0.500000,5672.00,0.965000,1.117000,2015,"Transit",326.38100000
"OGLE-2018-BLG-1212L b",9.32000000,63.56568140,,1.6800000000,,,0.160000,,2022,"Microlensing",1550.00000000
"GJ 649 b",10.80000000,81.99972901,600.10000000000,1.1120000000,0.083000,3734.00,0.510000,0.500000,2009,"Radial Velocity",10.37960000
"HD 36384 b",12.70000000,2097.66748620,490.00000000000,1.3000000000,0.200000,3940.00,1.140000,38.400000,2023,"Radial Velocity",209.30900000
"MWC 758 c",,,,100.0000000000,,7314.00,1.500000,2.014460,2023,"Imaging",159.53700000
"K2-2016-BLG-0005L b",13.70000000,349.61124770,4700.00000000000,4.1600000000,,,0.584000,,2023,"Microlensing",5200.00000000
"GJ 849 b",13.90000000,283.82076745,1925.31000000000,2.3200000000,0.029000,3467.00,0.450000,0.450000,2006,"Radial Velocity",8.80058000
"GJ 849 c",13.80000000,314.65012293,5990.00000000000,4.9500000000,0.092000,3467.00,0.450000,0.450000,2014,"Radial Velocity",8.80058000
"Kepler-68 b",2.35700000,8.03000000,5.39875259000,0.0613500000,0.090000,5847.00,1.057000,1.256400,2013,"Transit",144.16600000
"Kepler-107 d",0.86000000,7.70000000,7.95839000000,0.0837700000,0.110000,5854.00,1.238000,1.447000,2014,"Transit",525.99700000
"TOI-139 b",2.45660000,6.60000000,11.07085000000,,,4570.00,0.690000,0.700700,2023,"Transit",42.40610000
"HD 62364 b",12.10000000,5965.63919939,5138.00000000000,6.1500000000,0.607000,6255.00,1.157000,1.401000,2022,"Radial Velocity",53.11200000
"BD-210397 b",14.00000000,214.00000000,1891.00000000000,2.6300000000,0.100000,4051.00,0.679000,0.747000,2023,"Radial Velocity",23.73240000
"KMT-2022-BLG-0371L b",10.90000000,82.63538582,,3.0200000000,,,0.630000,,2023,"Microlensing",7140.00000000
"WASP-79 b",17.14974047,270.15414595,3.66239200000,0.0519000000,0.000000,6600.00,1.390000,1.510000,2012,"Transit",246.69000000
"Kepler-454 d",13.30000000,734.18362017,4073.00000000000,5.1000000000,0.089000,5687.00,1.030000,1.066000,2023,"Radial Velocity",230.86900000
"HD 74698 b",5.12000000,23.00000000,15.01700000000,0.1210000000,0.100000,5783.00,1.039000,1.333000,2023,"Radial Velocity",52.06480000
"HD 74698 c",14.00000000,126.00000000,3449.00000000000,4.5000000000,0.200000,5783.00,1.039000,1.333000,2023,"Radial Velocity",52.06480000
"GJ 9404 b",3.48000000,11.90000000,13.45860000000,0.0943000000,0.490000,3811.00,0.620000,0.626041,2023,"Radial Velocity",23.88390000
"GJ 832 b",13.80000000,314.65012293,3853.00000000000,3.7000000000,0.050000,3472.00,0.450000,0.441557,2008,"Radial Velocity",4.96435000
"Kepler-323 c",1.57000000,6.80000000,3.55382290000,0.0458000000,0.095000,6004.00,1.015000,1.120000,2014,"Transit",454.88300000
"TOI-5803 b",3.27320000,10.70000000,5.38305000000,,,5134.00,0.870000,0.762500,2023,"Transit",84.01260000
"KMT-2019-BLG-1216L b",5.98000000,29.87587026,,2.4400000000,,,0.390000,,2023,"Microlensing",2740.00000000
"TOI-1680 b",1.46600000,2.75000000,4.80263450000,0.0314400000,,3225.00,0.179800,0.210600,2023,"Transit",37.22090000
"HD 100777 b",13.70000000,390.92894061,383.00000000000,1.0600000000,0.380000,5533.00,1.080000,1.040000,2007,"Radial Velocity",49.53360000
"HD 215497 c",13.00000000,111.23994245,566.00000000000,1.3100000000,0.470000,5113.00,0.920000,0.850000,2009,"Radial Velocity",40.54680000
"Kepler-107 c",1.59700000,10.00000000,4.90145200000,0.0606400000,0.080000,5854.00,1.238000,1.447000,2014,"Transit",525.99700000
"K2-3 b",2.07800000,5.11000000,10.05465350000,0.0747000000,0.107000,3844.00,0.549000,0.546000,2015,"Transit",44.07270000
"Kepler-107 b",1.53600000,3.80000000,3.18002180000,0.0454400000,0.100000,5854.00,1.238000,1.447000,2014,"Transit",525.99700000
"Kepler-122 d",2.20000000,5.48000000,21.58747500000,0.1550000000,0.000000,6050.00,0.982000,1.216000,2014,"Transit",1027.45000000
"HD 167677 b",13.20000000,905.81095995,1820.00000000000,2.8770000000,0.182000,5474.00,0.960000,0.952710,2023,"Radial Velocity",54.32580000
"HD 165131 b",12.10000000,5943.39121090,2342.60000000000,3.5400000000,0.670800,5870.00,1.060000,1.064190,2023,"Radial Velocity",57.42630000
"HIP 39017 b",12.00000000,7500.75040520,31000.00000000000,22.1000000000,0.550000,7201.00,1.520000,1.519870,2024,"Imaging",66.32170000
"Kepler-415 c",2.01000000,4.70000000,8.70800000000,0.0695000000,0.000000,4362.00,0.670000,0.643000,2014,"Transit",530.48700000
"omi UMa b",13.00000000,1160.39151396,1569.81000000000,3.6910000000,0.149000,5075.00,2.720000,13.840000,2012,"Radial Velocity",54.91490000
"omi CrB b",13.70000000,355.96781584,187.01000000000,0.6990000000,0.105000,4769.00,1.300000,11.870000,2012,"Radial Velocity",84.78830000
"TOI-544 b",2.01800000,2.89000000,1.54835200000,0.0225000000,0.000000,4169.00,0.631000,0.623000,2022,"Transit",41.11660000
"Teegarden's Star d",0.95400000,0.82000000,26.13000000000,0.0791000000,0.070000,3034.00,0.097000,0.120000,2024,"Radial Velocity",3.83078000
"TOI-782 b",2.73400000,19.10000000,8.02400150000,0.0578000000,0.190000,3370.00,0.397000,0.413000,2024,"Transit",52.51220000
"HD 4732 c",13.10000000,1069.49258955,3184.20000000000,4.7250000000,0.187000,4898.00,1.390000,5.030000,2012,"Radial Velocity",54.78410000
"HD 4732 b",13.40000000,631.20721630,371.74000000000,1.1290000000,0.266000,4898.00,1.390000,5.030000,2012,"Radial Velocity",54.78410000
"ome Ser b",14.00000000,233.92170755,278.59000000000,0.8380000000,0.180000,4724.00,1.010000,10.990000,2013,"Radial Velocity",76.75560000
"TOI-2010 b",11.81426566,408.72733140,141.83402500000,0.5516000000,0.212000,5929.00,1.112000,1.079000,2023,"Transit",109.19000000
"TOI-1273 b",11.09689089,70.55790635,4.63129600000,0.0549000000,0.055000,5690.00,1.060000,1.060000,2024,"Transit",177.11800000
"TOI-904 b",2.42600000,6.46000000,10.87720000000,0.0560000000,,3770.20,0.557000,0.527000,2023,"Transit",46.08910000
"KMT-2023-BLG-0469L b",7.04000000,39.41072247,,2.3100000000,,,0.470000,,2024,"Microlensing",7070.00000000
"HD 2952 b",13.90000000,284.77425267,312.08000000000,1.1170000000,0.269000,4853.00,1.910000,10.900000,2013,"Radial Velocity",110.10300000
"TOI-2416 b",9.86390302,953.48522100,8.27547900000,0.0831000000,0.320000,5808.00,1.118000,1.236000,2023,"Transit",557.73300000
"TOI-2373 b",10.42435205,2955.80418510,13.33668000000,0.1120000000,0.112000,5651.00,1.041000,1.102000,2023,"Transit",508.68600000
"TOI-904 c",2.16700000,5.34000000,83.99970000000,0.3120000000,,3770.20,0.557000,0.527000,2023,"Transit",46.08910000
"TOI-4860 b",8.70000000,86.70000000,1.52275910000,0.0180800000,0.008000,3260.00,0.340000,0.358000,2023,"Transit",80.14230000
"TOI-4633 c",3.20000000,123.00000000,271.94450000000,0.8470000000,0.117000,5800.00,1.100000,1.050000,2024,"Transit",95.20160000
"gam Lib b",13.70000000,357.87478628,414.88000000000,1.3190000000,0.160000,4879.00,1.780000,12.380000,2018,"Radial Velocity",47.40170000
"KMT-2021-BLG-1770L b",12.10000000,6674.39654700,,0.9000000000,,,0.130000,,2023,"Microlensing",6920.00000000
"OGLE-2019-BLG-1180L b",13.50000000,555.24622703,,5.1900000000,,,0.545000,,2023,"Microlensing",6070.00000000
"HD 47366 b",13.40000000,661.71874337,360.08000000000,1.2070000000,0.071000,4866.00,1.810000,7.300000,2016,"Radial Velocity",84.35520000
"HD 47366 c",13.50000000,483.73483545,677.53000000000,1.8400000000,0.161000,4866.00,1.810000,7.300000,2016,"Radial Velocity",84.35520000
"Kepler-100 e",5.27000000,24.14271827,60.88858800000,0.3123915860,0.026437,5884.00,1.097000,1.500000,2023,"Radial Velocity",304.64500000
"NGTS-27 b",15.64773706,188.47224535,3.37041810000,0.0446000000,0.000000,5700.00,1.070000,1.770000,2024,"Transit",942.12200000
"HD 134606 d",7.59000000,44.80000000,966.50000000000,1.9410000000,0.092000,5576.00,1.046000,1.158000,2024,"Radial Velocity",26.79090000
"HATS-2 b",12.57647635,435.42491759,1.35413379000,0.0231700000,0.000000,5227.00,0.904000,0.876000,2013,"Transit",341.92500000
"gam Cep b",12.70000000,2097.66748620,913.00000000000,2.1300000000,0.150000,4775.00,1.270000,4.740000,2003,"Radial Velocity",14.10240000
"TOI-5398 c",3.52000000,11.80000000,4.77271000000,0.0570000000,0.140000,6000.00,1.146000,1.051000,2023,"Transit",130.85500000
"HD 134606 f",2.24000000,5.63000000,26.91500000000,0.1784000000,0.081000,5576.00,1.046000,1.158000,2024,"Radial Velocity",26.79090000
"HD 134606 e",1.33000000,2.34000000,4.32030000000,0.0527000000,0.200000,5576.00,1.046000,1.158000,2024,"Radial Velocity",26.79090000
"TOI-238 c",2.18000000,6.70000000,8.46565100000,0.0749000000,0.360000,5059.00,0.790000,0.733000,2024,"Radial Velocity",80.54070000
"2MASS J11550485-7919108 b",12.10000000,6356.56814000,,587.0000000000,,3021.00,0.588460,0.600455,2024,"Imaging",100.86200000
"2MASS J21252752-8138278 b",12.40000000,3813.94088400,,7493.0000000000,,3592.00,0.643977,0.672832,2024,"Imaging",34.11540000
"Kepler-1513 c",11.00000000,84.54235626,841.40000000000,,0.125000,5491.00,0.943000,0.950000,2023,"Transit Timing Variations",349.24700000
"HIP 66074 b",12.90000000,1589.14203500,310.90000000000,0.7990000000,0.948000,4300.00,0.705000,0.690000,2023,"Astrometry",35.44380000
"HAT-P-19 b",11.29865255,88.03846874,4.00878322000,0.0459900000,0.070000,4962.00,0.807000,0.773000,2010,"Transit",202.07800000
"Kepler-849 b",8.08167508,298.75870258,394.62508000000,1.1370000000,0.078000,5950.00,1.259000,1.822000,2016,"Transit",822.13400000
"TOI-1853 b",3.46000000,73.20000000,1.24362580000,0.0213000000,0.030000,4985.00,0.837000,0.808000,2023,"Transit",165.10500000
"TOI-5126 b",4.74000000,20.20000000,5.45883850000,0.0651900000,0.000000,6150.00,1.240000,1.241000,2023,"Transit",160.41400000
"Kepler-1513 b",8.59400000,48.30991786,160.88420000000,0.5697100000,0.306000,5491.00,0.943000,0.950000,2016,"Transit",349.24700000
"HAT-P-51 b",13.50682174,97.57332095,4.21802091000,0.0504200000,0.070000,5453.00,0.961000,0.995000,2015,"Transit",440.08900000
"Kepler-553 c",11.57887706,2129.45032690,328.24017000000,0.8980000000,0.346000,5191.00,0.889000,0.902000,2016,"Transit",728.52500000
"Kepler-111 c",7.08407580,222.47988490,224.77833000000,0.7510000000,0.176000,5914.00,1.118000,1.145000,2014,"Transit",657.22300000
"14 And b",13.10000000,1131.15130051,186.76000000000,0.7750000000,0.000000,4888.00,1.780000,11.550000,2008,"Radial Velocity",75.43920000
"18 Del b",12.50000000,2926.24614325,982.85000000000,2.4760000000,0.024000,4980.00,2.100000,8.800000,2008,"Radial Velocity",76.22200000
"GJ 724 b",3.27000000,10.75000000,5.10128400000,0.0468500000,0.577000,3799.00,0.527100,0.522260,2023,"Radial Velocity",16.96580000
"KMT-2019-BLG-0335L b",12.10000000,6674.39654700,,1.6400000000,,,0.320000,,2023,"Microlensing",7710.00000000
"Kepler-553 b",4.74139884,116.00736855,4.03046700000,0.0476600000,0.000000,5191.00,0.889000,0.902000,2016,"Transit",728.52500000
"6 Lyn b",13.40000000,597.83523357,919.86000000000,2.0280000000,0.042000,4941.00,1.320000,4.940000,2008,"Radial Velocity",54.65990000
"4 UMa b",12.60000000,2511.48007211,270.27000000000,0.8770000000,0.453000,4415.00,1.234000,18.110000,2006,"Radial Velocity",73.46030000
"TOI-4641 b",8.18255591,1229.99593509,22.09341000000,0.1730000000,0.074000,6560.00,1.410000,1.720000,2023,"Transit",86.35010000
"CI Tau c",13.00000000,1144.18226520,25.20000000000,0.1700000000,0.580000,3807.00,0.900000,1.880857,2024,"Radial Velocity",157.99800000
"TOI-1994 b",13.67495645,7024.00779470,4.03371420000,0.0613000000,0.341000,7700.00,1.860000,2.300000,2024,"Transit",515.60300000
"TOI-4515 b",12.17000000,637.00000000,15.26644600000,0.1180000000,0.461000,5433.00,0.949000,0.860000,2024,"Transit",193.49900000
"M62H b",,785.03616529,0.13293502800,,,,1.400000,,2024,"Pulsar Timing",
"HD 145457 b",13.20000000,888.01256916,176.13000000000,0.7620000000,0.111000,4757.00,1.900000,9.900000,2010,"Radial Velocity",135.29200000
"HD 167042 b",13.60000000,444.00628458,417.67000000000,1.2200000000,0.010000,4919.00,1.390000,4.630000,2007,"Radial Velocity",49.66330000
"LHS 1678 c",0.94100000,1.40000000,3.69428400000,0.0327000000,0.039000,3490.00,0.345000,0.329000,2021,"Transit",19.87820000
"HD 173416 b",13.40000000,585.12209729,322.03000000000,1.1580000000,0.208000,4683.00,2.000000,13.500000,2008,"Radial Velocity",132.18400000
"HD 32518 b",13.20000000,905.49313154,157.35000000000,0.5940000000,0.028000,4580.00,1.130000,10.220000,2009,"Radial Velocity",122.11500000
"HS Psc b",13.60000000,464.02947422,3.98600000000,0.0435000000,0.270000,4203.00,0.690000,0.650000,2024,"Radial Velocity",37.66040000
"HD 81688 b",13.50000000,525.68818518,183.93000000000,0.6480000000,0.040000,4797.00,1.070000,11.130000,2007,"Radial Velocity",85.71830000
"kap CrB b",13.30000000,689.69110000,1253.68000000000,2.5000000000,0.040000,4840.00,1.330000,4.680000,2007,"Radial Velocity",30.06510000
"KMT-2021-BLG-1547L b",13.60000000,467.20775829,,4.5000000000,,,0.720000,,2023,"Microlensing",5070.00000000
"TOI-4559 b",1.41500000,2.59000000,3.96599100000,0.0359000000,,3558.00,0.392000,0.374000,2024,"Transit",31.63540000
"11 Com b",12.20000000,4914.89848585,323.21000000000,1.1780000000,0.238000,4874.00,2.090000,13.760000,2007,"Radial Velocity",93.18460000
"nu Oph b",12.00000000,7057.73298000,529.93000000000,1.7650000000,0.126000,4887.00,2.610000,12.240000,2012,"Radial Velocity",46.21070000
"TOI-4377 b",15.10970598,304.16178550,4.37808100000,0.0579000000,0.045000,4974.00,1.360000,3.520000,2023,"Transit",455.82000000
"KMT-2023-BLG-0416L b",3.67000000,13.03096469,,2.9600000000,,,0.630000,,2024,"Microlensing",5900.00000000
"HD 76920 b",13.10000000,994.80291391,415.89100000000,1.0910000000,0.878200,4664.00,1.000000,8.330000,2017,"Radial Velocity",184.03100000
"75 Cet b",13.30000000,787.89662095,696.62000000000,1.9120000000,0.093000,4809.00,1.920000,10.380000,2012,"Radial Velocity",82.96130000
"LHS 3154 b",3.69000000,13.15000000,3.71778000000,0.0226200000,0.076000,2861.00,0.111800,0.140500,2023,"Radial Velocity",15.76060000
"TOI-1269 b",2.40144286,6.40000000,4.25299130000,0.0496000000,0.000000,5499.00,0.902700,0.852100,2024,"Transit",172.13800000
"Kepler-23 d",2.20600000,4.44000000,15.27000000000,0.1201200000,0.010000,5828.00,1.078000,1.548000,2014,"Transit",835.75600000
"TOI-3919 b",12.31866979,1233.17421916,7.43323400000,0.0795000000,0.259000,6100.00,1.208000,1.319000,2024,"Transit",604.59100000
"TOI-1288 b",4.96846551,44.10000000,2.69982790000,0.0374000000,0.000000,5388.00,0.955200,0.958300,2022,"Transit",114.86500000
"GJ 238 b",0.56600000,0.12600000,1.74469990000,0.0212300000,,3485.00,0.419300,0.431400,2024,"Transit",15.21420000
"Kepler-49 c",2.44400000,8.38000000,10.91000000000,0.0782100000,0.008000,4095.60,0.607000,0.618000,2012,"Transit",311.22200000
"TOI-5301 b",13.09208946,1182.32167404,5.85885800000,0.0730000000,0.330000,6240.00,1.483000,2.190000,2024,"Transit",629.16100000
"TOI-5232 b",12.77823800,743.71847238,4.09666920000,0.0559300000,0.035000,6500.00,1.389000,1.785000,2024,"Transit",609.38800000
"TOI-1410.01",3.10083009,12.50000000,1.21687000000,0.0207000000,0.000000,4635.00,0.794100,0.755800,2024,"Transit",72.75120000
"TOI-1386 b",6.21638650,45.80000000,25.84010000000,0.1730000000,0.000000,5735.00,1.036300,1.023500,2024,"Transit",146.85800000
"TOI-6029 b",14.39233122,519.64944544,5.79870000000,,0.091000,6223.00,1.548000,2.338000,2024,"Transit",603.11900000
"OGLE-2017-BLG-0448L b",4.08000000,15.60000000,,5.7500000000,,,0.500000,,2024,"Microlensing",7530.00000000
"Kepler-128 c",1.52100000,3.38000000,22.80000000000,0.1651700000,0.037000,6072.00,1.184000,1.659000,2013,"Transit",396.37900000
"TOI-1451 b",2.61143902,15.20000000,16.53794400000,0.1270000000,0.000000,5801.00,1.002200,1.016200,2024,"Transit",91.93620000
"TIC 4672985 b",11.50041420,4049.13390518,69.04800000000,0.3300000000,0.018000,5757.00,1.010000,1.150000,2024,"Transit",253.38500000
"TOI-5218 b",9.86000000,657.00000000,4.29145200000,0.0469000000,0.000000,4230.00,0.739000,0.708000,2024,"Transit",377.48300000
"Kepler-305 d",2.76000000,6.20000000,16.74000000000,0.1209100000,0.000000,5090.00,0.827000,0.792000,2014,"Transit",868.47700000
"TOI-1601 b",14.19902343,387.00000000,5.33175000000,0.0690000000,0.000000,5982.00,1.505500,2.195000,2021,"Transit",336.60800000
"TOI-1444 b",1.41792246,3.58000000,0.47027430000,0.0116000000,0.000000,5460.00,0.951300,0.910500,2021,"Transit",125.46300000
"TOI-1736 b",3.18175535,12.30000000,7.07307600000,0.0730000000,0.000000,5636.00,1.037300,1.428600,2023,"Transit",88.94820000
"TOI-5634 A b",10.42000000,588.00000000,2.20353730000,0.0272000000,0.000000,3896.00,0.556000,0.540000,2024,"Transit",306.14400000
"TOI-1683.01",2.63820000,7.45000000,3.05753560000,0.0365075930,,4402.00,0.694661,0.700000,2024,"Transit",51.18840000
"TOI-1298 b",9.65807033,99.00000000,4.53714300000,0.0570000000,0.000000,5752.00,1.218700,1.453600,2021,"Transit",319.03600000
"TOI-1751 b",2.95078450,19.50000000,37.46852000000,0.2150000000,0.327000,5970.00,0.938200,1.313700,2024,"Transit",113.33500000
"K2-419 A b",10.55000000,196.00000000,20.35847252000,0.1208000000,0.042000,3711.00,0.562000,0.541000,2024,"Transit",268.68500000
"TOI-2095 b",1.25000000,4.10000000,17.66484000000,0.1010000000,0.000000,3759.00,0.440000,0.440000,2023,"Transit",41.91760000
"HIP 97166 b",2.48013380,19.10000000,10.28891400000,0.0910000000,0.290000,5216.00,0.934200,0.841800,2021,"Transit",65.95010000
"TOI-1776 b",1.21612741,1.40000000,2.79986800000,0.0378000000,0.000000,5785.00,0.919600,0.935600,2024,"Transit",44.64700000
"Kepler-963 c",0.60000000,0.15600000,0.91978300000,,,5169.47,0.821000,0.928000,2024,"Transit",771.49400000
"OGLE-2023-BLG-0836L b",12.90000000,1385.73185452,,3.7000000000,,,0.710000,,2024,"Microlensing",5120.00000000
"BD-14 3065 b",21.59000000,3932.00000000,4.28897310000,0.0656000000,0.066000,6935.00,1.410000,2.350000,2024,"Transit",589.42300000
"HIP 97166 c",2.75000000,8.00000000,16.43200000000,0.1240000000,0.000000,5216.00,0.934200,0.841800,2021,"Radial Velocity",65.95010000
"TOI-1794 b",3.29701268,8.70000000,8.76552800000,0.0820000000,0.000000,5631.00,0.969800,1.316200,2024,"Transit",155.79100000
"2MASS J03590986+2009361 b",12.20000000,5720.91132600,,572.0000000000,,2943.00,0.264996,0.289776,2024,"Imaging",117.43500000
"TOI-663 c",2.26000000,3.65000000,4.69555070000,0.0437000000,,3681.00,0.514000,0.512000,2024,"Transit",64.23080000
"TOI-1246 c",2.45109846,9.10000000,5.90413700000,0.0610000000,0.000000,5213.00,0.888900,0.864900,2022,"Transit",169.42200000
"TOI-1842 b",12.34850230,89.40000000,9.57391810000,0.1000000000,0.276000,6039.00,1.464300,2.032000,2021,"Transit",223.46500000
"TOI-1824 b",2.74382690,16.00000000,22.80853300000,0.1510000000,0.000000,5165.00,0.880100,0.812300,2024,"Transit",59.43140000
"HIP 77900 b",12.10000000,6674.39654700,,3319.0000000000,,13646.00,,,2024,"Imaging",150.86200000
"2MASS J11011926-7732383 b",11.90000000,8899.19539600,,266.0000000000,,,,,2024,"Imaging",
"SPECULOOS-3 b",0.97700000,0.89400000,0.71912603000,0.0073300000,,2800.00,0.100900,0.123000,2024,"Transit",
"KMT-2023-BLG-1431L b",3.76000000,13.60000000,,3.2000000000,,,0.570000,,2024,"Microlensing",6800.00000000
"TOI-3071 b",7.16000000,68.20000000,1.26693800000,0.0249000000,0.090000,6177.00,1.290000,1.310000,2024,"Transit",485.21900000
"TOI-1246 e",3.51418750,14.50000000,37.92548000000,0.2120000000,0.000000,5213.00,0.888900,0.864900,2022,"Transit",169.42200000
"TOI-2019 b",5.33275337,34.40000000,15.34440000000,0.1280000000,0.000000,5626.00,1.183200,1.745700,2024,"Transit",198.00700000
"TIC 139270665 c",12.90000000,1554.18091023,1010.00000000000,2.0000000000,0.566000,5844.00,1.035000,1.016000,2024,"Radial Velocity",189.87500000
"HD 48948 b",2.06000000,4.88000000,7.34013000000,0.0652000000,0.055000,4593.00,0.686000,0.679000,2024,"Radial Velocity",16.90430000
"HD 93963 A c",3.11976057,18.40000000,3.64513890000,0.0472600000,0.000000,5908.00,1.084400,1.031100,2022,"Transit",82.34320000
"HD 93963 A b",1.46954368,2.80000000,1.03761090000,0.0206100000,0.000000,5908.00,1.084400,1.031100,2022,"Transit",82.34320000
"TOI-815 c",2.62000000,23.50000000,34.97614500000,0.1930000000,0.220000,4869.00,0.776000,0.770000,2024,"Transit",59.71170000
"HD 48948 c",2.60000000,7.27000000,38.06000000000,0.1951000000,0.550000,4593.00,0.686000,0.679000,2024,"Radial Velocity",16.90430000
"HD 48948 d",3.24000000,10.59000000,151.92000000000,0.4894000000,0.055000,4593.00,0.686000,0.679000,2024,"Radial Velocity",16.90430000
"HIP 8152 c",2.52442508,10.70000000,19.60562000000,0.1390000000,0.200000,5618.00,0.937300,0.960300,2023,"Transit",101.69400000
"HIP 8152 b",2.53625843,8.90000000,10.75101400000,0.0930000000,0.000000,5618.00,0.937300,0.960300,2023,"Transit",101.69400000
"TOI-1669 b",14.10000000,191.00000000,500.00000000000,1.2700000000,0.000000,5497.00,0.986700,1.056100,2023,"Radial Velocity",111.27600000
"OGLE-2014-BLG-0221L b",12.90000000,1382.55357045,,3.7600000000,,,0.690000,,2024,"Microlensing",3680.00000000
"TOI-329 b",4.94057819,40.40000000,5.70439000000,0.0638000000,0.390000,5614.00,1.067800,1.532600,2024,"Transit",284.38800000
"TOI-480 b",2.85372018,20.80000000,6.86619600000,0.0770000000,0.000000,6174.00,1.279300,1.487700,2024,"Transit",54.53060000
"TOI-1410 c",5.63000000,27.00000000,47.56000000000,0.2390000000,0.000000,4635.00,0.794100,0.755800,2024,"Radial Velocity",72.75120000
"TOI-757 b",2.50000000,10.50000000,17.46819000000,0.1220000000,0.390000,5278.00,0.800000,0.780000,2024,"Transit",60.34180000
"GJ 900 b",12.40000000,3496.11247700,,12000.0000000000,,3976.00,1.080000,0.716187,2024,"Imaging",20.80650000
"TOI-1450 A c",1.13000000,1.52700000,5.06880000000,,,3437.00,0.480000,0.483000,2024,"Transit",22.44670000
"TOI-1855 b",18.49481816,360.09958513,1.36414864000,0.0239800000,0.033000,5359.00,0.987000,1.041000,2024,"Transit",176.83300000
"TOI-3261 b",3.82000000,30.30000000,0.88313310000,0.0171400000,0.000000,5068.00,0.861000,0.849000,2024,"Transit",300.14100000
"TOI-669 b",2.58606487,10.00000000,3.94515200000,0.0480000000,0.000000,5597.00,0.924500,0.988200,2023,"Transit",142.86700000
"HD 25463 b",2.54535814,8.70000000,7.04914230000,0.0760000000,0.000000,6353.00,1.251000,1.418200,2023,"Transit",45.61810000
"HD 73344 b",2.88400000,10.48000000,15.61100000000,0.1310000000,0.030000,6252.60,1.200000,1.220000,2024,"Transit",35.26000000
"TOI-2368 b",10.83908434,206.58846455,5.17500730000,0.0564900000,0.061000,5360.00,0.897000,0.846000,2024,"Transit",210.91500000
"TOI-2107 b",13.57407563,263.79757781,2.45454670000,0.0351500000,0.033000,5627.00,0.961000,0.932000,2024,"Transit",236.70500000
"TOI-1248 b",6.80848590,27.40000000,4.36015610000,0.0510000000,0.000000,5205.00,0.904200,0.868600,2024,"Transit",168.73500000
"TOI-837 b",9.16894621,120.45696625,8.32491130000,0.0888000000,0.000000,5995.00,1.142000,1.052000,2020,"Transit",142.48800000
"SWEEPS-11 b",12.66600000,3082.82000000,1.79600000000,0.0300000000,,,1.100000,1.450000,2006,"Transit",8500.00000000
"Kepler-24 c",2.51400000,9.99000000,12.33000000000,0.1061200000,0.014000,6028.00,1.060000,1.099000,2011,"Transit",1156.81000000
"Kepler-57 b",3.13500000,25.06000000,5.72000000000,0.0598800000,0.016200,5187.90,0.859000,0.826000,2012,"Transit",644.14000000
"TOI-3894 b",15.27784069,260.61929374,4.33454000000,0.0535400000,0.050000,6000.00,1.138000,1.502000,2024,"Transit",417.36500000
"TOI-3321 b",15.55806521,176.07693748,3.65251450000,0.0470000000,0.054000,5850.00,1.041000,1.549000,2024,"Transit",285.89500000
"TOI-1744.01",2.68000000,7.65000000,22.34170292700,0.1640860000,,6179.00,1.180000,1.140000,2024,"Transit",114.39000000
"K2-360 c",4.02000000,15.23000000,9.79692000000,0.0883000000,0.110000,5679.00,0.958000,0.980000,2024,"Radial Velocity",232.10000000
"WASP-132 b",10.09929161,136.03055820,7.13351640000,0.0674000000,0.016300,4686.00,0.789000,0.758000,2016,"Transit",122.91000000
"TOI-469.01",3.41000000,9.10000000,13.63082050000,0.1110000000,0.000000,5289.00,0.901000,0.980000,2021,"Transit",68.19200000
"K2-260 b",18.41635529,546.66486004,2.62669762000,0.0439200000,0.053000,6860.00,1.637000,1.755000,2018,"Transit",663.83400000
"K2-237 b",16.06246934,434.15360396,2.18053332000,0.0355200000,0.030000,6180.00,1.256000,1.236000,2018,"Transit",314.99500000
"TOI-1772.01",2.90500000,8.78000000,8.05424687400,0.0783750000,,5583.00,0.990000,0.995000,2024,"Transit",97.75620000
"WASP-132 c",1.84100000,6.26000000,1.01153624000,0.0183300000,0.000000,4686.00,0.789000,0.758000,2022,"Transit",122.91000000
"BD-17 63 b",12.80000000,1639.99458012,655.57000000000,1.3400000000,0.543900,4714.00,0.741000,0.740000,2008,"Radial Velocity",34.46030000
"K2-261 b",9.26982704,68.96876432,11.63346810000,0.1086000000,0.274000,5490.00,1.107000,1.663000,2018,"Transit",213.28300000
"K2-321 b",2.05124347,4.86000000,2.29797490000,0.0283900000,0.440000,3750.00,0.578000,0.595000,2020,"Transit",77.68880000
"TOI-1777.01",2.24600000,5.67000000,14.65011197400,0.1194660000,,5859.00,1.060000,0.980000,2024,"Transit",79.76650000
"HD 20794 d",2.04000000,4.80000000,89.68000000000,0.3625000000,0.077000,5368.00,0.790000,0.930000,2011,"Radial Velocity",6.00278000
"HD 175167 b",12.30000000,4703.86042360,1175.00000000000,2.4000000000,0.510000,5635.00,1.090000,1.750000,2009,"Radial Velocity",71.08630000
"Kepler-289 d",3.03000000,5.33000000,66.02820000000,0.3300000000,,5990.00,1.080000,1.000000,2014,"Transit",704.43800000
"Kepler-289 c",11.23000000,157.18000000,125.87230000000,0.5015500000,0.000000,5990.00,1.080000,1.000000,2014,"Transit",704.43800000
"K2-167 b",2.36509493,6.50000000,9.97854100000,0.0932000000,0.480000,6310.00,1.084000,1.499000,2018,"Transit",80.89940000
"K2-265 b",1.70824866,7.34183620,2.36902000000,0.0335900000,0.160000,5420.00,0.901000,0.920000,2018,"Transit",138.67100000
"Kepler-289 b",2.49000000,3.70000000,34.53830000000,0.2118300000,0.000000,5990.00,1.080000,1.000000,2014,"Transit",704.43800000
"KELT-24 b",12.71098411,1458.83238813,5.55149296000,0.0665000000,0.031900,6426.00,1.268000,1.338000,2019,"Transit",96.51730000
"TOI-3568 b",5.30000000,26.40000000,4.41796500000,0.0485000000,0.035000,4969.00,0.780000,0.719000,2024,"Transit",197.90600000
"K2-57 b",2.30905002,5.94000000,9.00730000000,0.0752000000,0.250000,4413.00,0.699000,0.671000,2016,"Transit",264.21300000
"K2-54 b",2.61169250,7.33000000,9.78330000000,0.0761000000,0.240000,3990.00,0.615000,0.643000,2016,"Transit",174.95500000
"TOI-4638.01",2.93300000,8.92000000,10.28391878700,0.0930130000,,5700.00,1.020000,0.895000,2024,"Transit",168.24800000
"TOI-5076 b",3.48935569,16.14568308,23.44316200000,0.1481000000,0.000000,4780.00,0.789000,0.844000,2024,"Transit",82.85700000
"K2-77 b",2.49960270,603.87700000,8.20008440000,0.0753000000,0.290000,5160.00,0.847000,0.792000,2016,"Transit",141.73100000
"K2-180 b",2.46597575,11.41003981,8.86566300000,0.0756000000,0.075000,5365.00,0.735000,0.719000,2018,"Transit",203.89600000
"TOI-2458 c",3.18000000,10.22000000,16.55300000000,0.1290000000,0.290000,6005.00,1.050000,1.310000,2024,"Radial Velocity",112.95800000
"K2-97 b",13.45077684,174.48779544,8.40711500000,0.0854000000,0.207000,4673.00,1.170000,4.140000,2016,"Transit",878.43000000
"K2-182 b",2.71257333,20.97667486,4.73696960000,0.0517400000,0.071000,5128.00,0.823000,0.789000,2018,"Transit",154.83000000
"NGTS-33 b",18.38272835,1153.71711741,2.82797200000,0.0480000000,0.000000,7437.00,1.600000,1.470000,2024,"Transit",437.85500000
"Kepler-105 b",2.53000000,10.80000000,5.41220340000,0.0601600000,0.020000,5933.00,0.991000,1.026000,2013,"Transit",459.22300000
"TOI-2537 b",11.25381662,415.40172795,94.10220000000,0.3715000000,0.364000,4870.00,0.771000,0.771000,2024,"Transit",184.98600000
"K2-98 b",5.06645928,34.00763955,10.13673490000,0.0986000000,0.119000,6260.00,1.246000,1.518000,2016,"Transit",518.62500000
"K2-114 b",10.59248676,638.83509807,11.39093100000,0.0944000000,0.079000,4899.00,0.863000,0.832000,2017,"Transit",475.75800000
"TOI-4994 b",8.54124329,88.99195396,21.49198400000,0.1515000000,0.319000,5640.00,1.005000,1.055000,2024,"Transit",329.30400000
"Kepler-105 c",1.44000000,5.60000000,7.12592000000,0.0722900000,0.020000,5933.00,0.991000,1.026000,2014,"Transit",459.22300000
"TOI-2295 c",12.80000000,1783.01736327,966.50000000000,2.0180000000,0.194000,5730.00,1.168000,1.459000,2024,"Radial Velocity",126.27900000
"TOI-5110 b",11.98240037,921.70238030,30.15857700000,0.2157000000,0.745000,6160.00,1.469000,2.333000,2024,"Transit",392.25900000
"TOI-2537 c",12.70000000,2297.89938261,1920.00000000000,2.7800000000,0.287000,4870.00,0.771000,0.771000,2024,"Radial Velocity",184.98600000
"MOA-2008-BLG-310L b",5.18000000,23.40000000,,1.1000000000,,,0.210000,,2009,"Microlensing",7700.00000000
"K2-115 b",11.80305668,321.00669107,20.27299140000,0.1415000000,0.063000,5870.00,0.918000,0.855000,2017,"Transit",413.59100000
"K2-277 b",2.18575124,7.40000000,6.32676800000,0.0664000000,0.520000,5680.00,0.974000,0.973000,2018,"Transit",113.12300000
"TOI-406 c",1.32000000,2.08000000,3.30744100000,0.0322000000,0.032000,3392.00,0.408000,0.410000,2024,"Transit",31.05970000
"TOI-5005 b",6.25000000,32.70000000,6.30850440000,0.0661400000,,5749.00,0.970000,0.930000,2024,"Transit",207.89100000
"HD 86728 b",3.03000000,9.43000000,31.15150000000,0.1916000000,0.067000,5610.00,0.967000,1.237000,2025,"Radial Velocity",14.92020000
"KMT-2021-BLG-2609L b",3.17000000,10.17050902,,2.3000000000,,,0.200000,,2024,"Microlensing",7480.00000000
"TOI-5688 A b",10.30000000,124.00000000,2.94815527000,0.0337900000,0.128000,3713.00,0.600000,0.570000,2024,"Transit",226.31800000
"HD 222237 b",12.80000000,1649.52943233,14892.00000000000,10.8000000000,0.560000,4751.00,0.760000,0.710000,2024,"Radial Velocity",11.44690000
"HD 21520 b",2.69700000,17.70000000,25.12920000000,0.1726000000,0.000000,5871.00,1.090000,1.044000,2024,"Transit",79.20800000
"TOI-2768 b",2.63000000,7.41000000,1.50801000000,0.0270000000,,4008.00,0.630000,0.657000,2024,"Transit",78.45250000
"TOI-1174 b",2.56200000,32.00000000,8.95348768300,0.0799400000,0.000000,5030.00,0.850000,0.760000,2024,"Transit",94.63750000
"TOI-2981 b",13.40000000,638.00000000,3.60150100000,0.0480000000,0.035000,5940.00,1.030000,1.080000,2024,"Transit",527.78900000
"TOI-1180 b",3.07200000,10.00000000,9.68676037800,0.0807990000,0.000000,4738.00,0.750000,0.730000,2024,"Transit",72.02380000
"OGLE-2016-BLG-1800L b",13.20000000,823.17557413,,1.8800000000,,,0.410000,,2024,"Microlensing",6480.00000000
"TOI-5713 b",1.77000000,3.78000000,10.44198900000,0.0600800000,0.240000,3225.00,0.265300,0.299200,2024,"Transit",40.86680000
"TOI-6002 b",1.65000000,3.36000000,10.90482100000,0.0572200000,0.150000,3229.00,0.210100,0.243200,2024,"Transit",32.02660000
"HD 135694 b",2.85700000,6.10000000,15.92347556800,0.1246950000,0.000000,5712.00,1.020000,1.080000,2023,"Transit",73.87130000
"TOI-1295 b",15.69257298,451.31633794,3.19688380000,0.0470000000,0.024000,6280.00,1.380000,1.700000,2024,"Transit",388.22700000
"TOI-6130 b",14.34749530,333.71982735,2.39267900000,0.0360000000,0.036000,6110.00,1.310000,1.510000,2024,"Transit",220.88200000
"TOI-1437 b",2.24000000,9.60000000,18.84094200000,0.1400000000,0.170000,6008.00,1.100000,1.170000,2024,"Transit",103.29700000
"HD 183579 b",3.49000000,20.40000000,17.47129100000,0.1322000000,0.061000,5784.00,0.996000,0.960000,2021,"Transit",57.26510000
"KMT-2023-BLG-1866L b",1.43000000,2.63000000,,2.6300000000,,,0.510000,,2024,"Microlensing",6210.00000000
"K2-203 b",1.26549392,2.14000000,9.69520000000,0.0824000000,0.230000,5026.00,0.793000,0.765000,2018,"Transit",166.14700000
"TOI-6651 b",5.09000000,61.00000000,5.05697300000,0.0633000000,0.091000,5940.00,1.323000,1.721000,2024,"Transit",212.12800000
"TOI-1630.01",2.41700000,6.42000000,12.05573473300,0.1011510000,,5504.00,0.950000,0.830000,2024,"Transit",66.09290000
"TOI-1467 b",1.92000000,9.00000000,5.97114713000,0.0507480000,0.000000,3834.00,0.489000,0.491000,2024,"Transit",37.44180000
"TOI-1659.01",2.25500000,5.71000000,5.87755632800,0.0657570000,,5977.00,1.100000,1.006000,2024,"Transit",122.49400000
"HD 101581 c",0.99000000,0.93700000,6.20401000000,0.0573000000,,4675.00,0.653000,0.630000,2025,"Transit",12.77810000
"K2-208 b",1.67462172,3.45000000,4.19097000000,0.0487800000,0.370000,5500.00,0.881000,0.872000,2018,"Transit",256.88700000
"TOI-1716.01",3.14300000,10.00000000,8.08237655400,0.0804960000,,5879.00,1.070000,1.240000,2024,"Transit",104.15800000
"TOI-6038 A b",6.41000000,78.50000000,5.82673110000,0.0690000000,,6110.00,1.291000,1.648000,2025,"Transit",179.14700000
"HIP 116454 b",2.46900000,9.70000000,9.10041570000,0.0792000000,0.215000,5048.00,0.800000,0.758000,2014,"Transit",62.44910000
"TOI-2420 b",15.02003414,294.62693329,5.84264100000,0.0684000000,0.055000,5707.00,1.158000,2.369000,2024,"Transit",435.17400000
"K2-225 b",3.60929179,12.70000000,15.87230000000,0.1409000000,0.230000,5520.00,1.482000,1.700000,2018,"Transit",357.77800000
"TOI-1739 b",1.94600000,4.45000000,8.30334140600,0.0738720000,,4814.00,0.780000,0.781000,2024,"Transit",70.98190000
"HD 73344 d",13.20000000,810.46243785,5823.00000000000,6.7000000000,0.180000,6148.00,1.190000,1.220000,2025,"Radial Velocity",35.26000000
"TOI-2485 b",12.13932610,766.60211768,11.23479000000,0.1093000000,0.034100,6016.40,1.163000,1.720000,2024,"Transit",397.95300000
"K2-7 b",4.03523305,15.30000000,28.67810000000,0.1867000000,0.240000,5700.00,1.056000,1.533000,2015,"Transit",738.55300000
"HD 118203 c",12.40000000,3747.19691853,5103.00000000000,6.2800000000,0.260000,5742.00,1.270000,2.040000,2024,"Radial Velocity",92.25890000
"TOI-4734 b",10.91754720,61.65871096,6.23563300000,0.0740000000,0.120000,6070.00,1.391000,1.857000,2025,"Transit",563.06800000
"TOI-1453 c",2.22400000,2.95000000,6.58869820000,,0.000000,4975.00,0.715000,0.720000,2025,"Transit",78.74150000
"TOI-3493 b",3.22000000,8.97000000,8.15946670000,,,5844.00,1.023000,1.228000,2025,"Transit",96.72240000
"TOI-2969 b",12.32987877,368.68095212,1.82371460000,0.0261000000,0.000000,4738.00,0.710000,0.700000,2025,"Transit",163.99600000
"TOI-5300 b",9.86390302,190.69704420,2.26219600000,0.0295000000,0.000000,4610.00,0.670000,0.650000,2025,"Transit",162.51000000
"TOI-4794 b",14.35870428,308.29355479,3.56581160000,0.0492000000,0.100000,6390.00,1.250000,1.451000,2025,"Transit",543.00800000
"TOI-2443 b",2.36300000,4.80000000,15.66858000000,0.1050000000,0.301000,4375.00,0.642000,0.631000,2023,"Transit",23.92580000
"OGLE-2016-BLG-0007L b",1.09000000,1.32000000,14200.00000000000,10.1000000000,,,0.590000,,2025,"Microlensing",4300.00000000
"TOI-5340 b",15.07607904,270.15414595,4.93943920000,0.0628000000,0.130000,5990.00,1.350000,1.842000,2025,"Transit",532.62900000
"AT2021ueyL b",13.60000000,425.89006538,4168.69000000000,4.0100000000,,3680.00,0.490000,,2025,"Microlensing",1040.00000000
"Kepler-10 c",2.35500000,11.29000000,45.29430100000,0.2410000000,0.136000,5708.00,0.910000,1.065000,2011,"Transit",185.50600000
"TOI-2407 b",4.26000000,16.80000000,2.70296900000,0.0330000000,0.080000,3530.00,0.548000,0.567000,2025,"Transit",92.43660000
"TOI-5386 A b",14.70618268,155.10026262,3.62156552000,0.0485600000,0.072000,6094.00,1.165000,1.245000,2025,"Transit",394.48600000
"TOI-2015 c",2.93000000,8.91000000,5.58279600000,0.0412320000,0.000330,3297.00,0.304100,0.327300,2025,"Transit Timing Variations",47.34440000
"TOI-2015 b",3.30900000,9.20000000,3.34823700000,0.0293220000,0.078900,3297.00,0.304100,0.327300,2023,"Transit",47.34440000
"GJ 3998 b",1.39000000,2.50000000,2.65033000000,0.0300000000,0.000000,3726.00,0.520000,0.500000,2016,"Radial Velocity",18.14590000
"TOI-1117 b",2.46000000,8.90000000,2.22816000000,0.0330000000,0.000000,5635.00,0.970000,1.050000,2025,"Transit",167.59800000
"GJ 3998 c",2.50000000,6.82000000,13.72700000000,0.0900000000,0.000000,3726.00,0.520000,0.500000,2016,"Radial Velocity",18.14590000
"TOI-640 b",19.27944680,181.16219199,5.00377700000,0.0660800000,0.013000,6460.00,1.536000,2.082000,2021,"Transit",341.99700000
"K2-157 d",5.16000000,23.30000000,66.50000000000,0.3090000000,0.500000,5334.00,0.890000,0.860000,2025,"Radial Velocity",298.37300000
"TOI-1117 c",2.91000000,8.78000000,4.57900000000,0.0534000000,0.000000,5635.00,0.970000,1.050000,2025,"Radial Velocity",167.59800000
"TOI-1117 d",3.27000000,10.71000000,8.66500000000,0.0817000000,0.000000,5635.00,0.970000,1.050000,2025,"Radial Velocity",167.59800000
"Proxima Cen d",0.69200000,0.26000000,5.12338000000,0.0288100000,0.000000,2900.00,0.122100,0.141000,2025,"Radial Velocity",1.30119000
"Proxima Cen b",1.02000000,1.05500000,11.18465000000,0.0484800000,0.000000,2900.00,0.122100,0.141000,2016,"Radial Velocity",1.30119000
"LP 261-75 b",12.10000000,6674.39654700,,450.0000000000,,3138.00,0.220000,0.308000,2006,"Imaging",33.92800000
"TIC 88785435 b",5.03000000,22.30000000,10.50884300000,0.0843200000,0.131000,3998.00,0.724000,0.911000,2025,"Transit",122.38600000
"TOI-1238 c",2.11000000,8.32000000,3.29473600000,0.0370000000,0.150000,4089.00,0.590000,0.580000,2022,"Transit",70.71450000
"TOI-1238 b",1.21000000,3.76000000,0.76459700000,0.0139000000,0.250000,4089.00,0.590000,0.580000,2022,"Transit",70.71450000
"KOI-1843.03",0.61000000,8.00000000,0.17689130000,0.0050000000,,3584.00,0.460000,0.450000,2013,"Transit",134.31100000
"TOI-5143 c",16.25302201,,5.20971180000,0.0560200000,,5183.00,0.864000,0.852000,2025,"Transit",181.38000000
"TOI-1803 b",2.99000000,10.32000000,6.29328700000,0.0600000000,0.000000,4687.00,0.756000,0.715000,2025,"Transit",119.24000000
"TOI-5882 b",11.46678726,6995.40323807,7.14897200000,0.0804000000,0.033900,5920.00,1.334000,2.260000,2025,"Transit",416.10400000
"TOI-4465 b",14.01122587,1872.00931723,101.94054000000,0.4160000000,0.240000,5545.00,0.930000,1.014000,2025,"Transit",121.13900000
"TOI-1478 b",11.99360935,279.68899816,10.18021170000,0.0818000000,0.055000,5597.00,0.947000,1.048000,2021,"Transit",152.89200000
"HIP 67851 b",13.70000000,365.50266805,89.23000000000,0.4200000000,0.130000,4840.00,1.280000,5.450000,2015,"Radial Velocity",64.11810000
"HIP 67851 c",12.70000000,2204.77565936,3128.41000000000,4.5500000000,0.300000,4840.00,1.280000,5.450000,2015,"Radial Velocity",64.11810000
"TOI-2346 b",16.11851425,394.10722468,3.33120290000,0.0473000000,0.086000,6480.00,1.271000,1.380000,2025,"Transit",437.48400000
"HD 94890 b",13.30000000,676.97450691,824.61000000000,2.0700000000,0.220000,4867.00,1.740000,10.710000,2025,"Radial Velocity",61.70120000
"HD 87816 b",12.70000000,2142.16346318,484.17000000000,1.6180000000,0.780000,4989.00,2.410000,9.000000,2025,"Radial Velocity",133.23300000
"TOI-2886 b",18.64053490,444.95976980,1.60200105000,0.0287100000,0.110000,6240.00,1.229000,1.241000,2025,"Transit",413.67300000
"TOI-2876 b",9.63972340,54.03082919,6.29964310000,0.0654000000,0.130000,5271.00,0.939000,0.873000,2025,"Transit",225.74400000
"TOI-2986 b",9.29224500,96.61983573,3.27836620000,0.0448900000,0.140000,5906.00,1.122000,1.458000,2025,"Transit",563.14900000
"WASP-116 b",13.67495645,203.41018048,6.61320000000,0.0650000000,0.000000,6250.00,1.250000,1.426000,2025,"Transit",559.24300000
"HD 102888 b",12.80000000,1808.44363583,252.06000000000,1.0500000000,0.110000,4990.00,2.420000,8.600000,2025,"Radial Velocity",126.48400000
"HD 94890 c",12.50000000,2831.85110637,2492.19000000000,4.3300000000,0.050000,4867.00,1.740000,10.710000,2025,"Radial Velocity",61.70120000
"TOI-3135 b",13.65253849,327.36325921,3.70655850000,0.0475600000,0.240000,5890.00,1.044000,0.985000,2025,"Transit",221.67300000
"Gaia-4 b",12.40000000,3750.37520260,571.30000000000,,0.338000,4034.00,0.644000,0.624000,2025,"Astrometry",73.48290000
"WASP-188 b",14.81827249,458.62639130,5.74891600000,0.0720000000,0.000000,6850.00,1.500000,1.830000,2025,"Transit",675.28100000
"WASP-154 b",10.76062147,198.96058278,3.81167800000,0.0440000000,0.000000,4774.00,0.800000,0.823000,2025,"Transit",215.50100000
"TIC 434398831 b",3.51000000,12.10000000,3.68550400000,0.0464100000,0.040000,5638.00,0.992000,0.909000,2025,"Transit",217.01100000
"TOI-3464 b",13.76462830,397.28550875,3.65155680000,0.0515000000,0.250000,6370.00,1.363000,1.560000,2025,"Transit",597.77400000
"HR 858 c",1.97900000,3.80000000,5.97386500000,0.0687000000,0.000000,6354.00,1.204000,1.258000,2019,"Transit",31.96400000
"WASP-197 b",14.44837612,403.32424848,5.16722800000,0.0650000000,0.000000,6050.00,1.360000,2.112000,2025,"Transit",483.67500000
"WASP-102 b",14.90794433,197.68926915,2.70981300000,0.0410000000,0.000000,5990.00,1.080000,1.375000,2025,"Transit",535.68900000
"TOI-3486 b",10.57006880,99.16246298,2.21778105000,0.0313800000,0.078000,4930.00,0.837000,0.788000,2025,"Transit",154.71500000
"TOI-2328 b",9.97599282,50.85254512,17.10197000000,0.1270000000,0.057000,5525.00,0.950000,0.900000,2025,"Transit",231.78200000
"TOI-3837 b",10.87271128,187.51876013,11.88865000000,0.0990000000,0.221000,5905.00,0.890000,1.200000,2025,"Transit",311.70500000
"Gl 410 b",2.83000000,8.40000000,6.02000000000,0.0531000000,,3842.00,0.550000,0.543000,2025,"Radial Velocity",11.93240000
"HD 219666 b",4.89800000,17.60000000,6.03446800000,0.0635600000,0.050000,5540.00,1.020000,1.059000,2018,"Transit",94.17190000
"TOI-3682 b",12.80065596,69.28659273,3.34624060000,0.0480000000,0.220000,5703.00,1.320000,1.735000,2025,"Transit",404.21100000
"TOI-6628 b",10.98480109,235.19302118,18.18424000000,0.1340000000,0.670000,5463.00,0.970000,1.010000,2025,"Transit",320.52700000
"Kepler-289 e",2.94000000,17.40000000,330.07160000000,0.9342000000,0.000000,5990.00,1.061000,0.985000,2025,"Transit",704.43800000
"KMT-2022-BLG-2076L b",13.90000000,279.68899816,,5.6700000000,,,0.670000,,2025,"Microlensing",5570.00000000
"TOI-4214 b",10.68215861,165.27077164,3.49138850000,0.0501800000,0.170000,6370.00,1.382000,1.434000,2025,"Transit",346.88100000
"GJ 581 c",2.50000000,6.81000000,12.92110000000,0.0718000000,0.032000,3500.00,0.295000,0.302000,2007,"Radial Velocity",6.29810000
"G 192-15 c",3.87000000,14.30000000,1219.00000000000,1.1370000000,0.676000,2999.00,0.132000,0.170718,2025,"Radial Velocity",9.53114000
"G 268-110 b",1.13000000,1.52000000,1.43263000000,0.0128300000,0.000000,,0.137000,0.177000,2025,"Radial Velocity",
"TOI-2449 b",11.24000000,222.00000000,106.14468000000,0.4500000000,0.098000,6021.00,1.079000,1.065000,2025,"Transit",156.78600000
"KMT-2024-BLG-2242L b",3.82000000,13.98444991,,0.8900000000,,,0.069000,,2025,"Microlensing",7620.00000000
"GJ 508.2 b",,587.98255295,5300.00000000000,4.8500000000,0.270000,3720.00,0.540000,0.530000,2025,"Radial Velocity",16.63740000
"GJ 3512 c",14.30000000,143.97626837,2354.00000000000,1.7310000000,0.089000,3141.00,0.123000,0.139000,2020,"Radial Velocity",9.48637000
"HD 28471 b",1.75000000,3.72000000,3.16490000000,0.0420000000,0.195000,5766.00,0.980000,1.080000,2025,"Radial Velocity",43.64550000
"HD 28471 c",2.26000000,5.72000000,6.12450000000,0.0650000000,0.088000,5766.00,0.980000,1.080000,2025,"Radial Velocity",43.64550000
"NGTS-32 b",15.91675259,181.16219199,3.31211000000,0.0440000000,0.000000,5680.00,1.070000,1.850000,2025,"Transit",837.45700000
"HD 143811 AB b",15.69257298,1938.75328270,117000.00000000000,63.0000000000,0.190000,6791.00,1.320000,1.683980,2025,"Imaging",136.60800000
"AF Lep b",13.00000000,1147.36054927,8905.00000000000,8.9960000000,0.015000,6140.00,1.218000,1.250000,2023,"Imaging",26.85640000
"TOI-238 b",1.55900000,3.37000000,1.27309900000,0.0212000000,0.180000,5059.00,0.781000,0.756000,2024,"Transit",80.54070000
"HD 152843 b",3.05000000,9.82000000,11.62071000000,0.1049000000,0.046000,6310.00,1.150000,1.430000,2021,"Transit",107.89800000
"MOA-2022-BLG-033L b",3.52000000,12.15000000,,2.1500000000,,,0.510000,,2025,"Microlensing",1840.00000000
"HD 28471 d",2.06000000,4.91000000,11.68100000000,0.1000000000,0.093000,5766.00,0.980000,1.080000,2025,"Radial Velocity",43.64550000
"HD 152843 c",5.94000000,9.67000000,19.50210400000,0.1482000000,0.074000,6310.00,1.150000,1.430000,2021,"Transit",107.89800000
"KMT-2023-BLG-1896L b",4.19000000,16.35000000,,2.8600000000,,,0.720000,,2025,"Microlensing",5490.00000000
"KMT-2023-BLG-0119L b",11.00000000,83.70000000,,3.1400000000,,,0.710000,,2025,"Microlensing",5410.00000000
"TOI-6054.02",2.82000000,9.30000000,12.56363600000,0.1079000000,0.332000,6047.00,1.107000,1.662000,2024,"Transit",79.40700000
"WASP-110 b",13.19297028,154.78243421,3.77840220000,,0.000000,5392.00,0.814000,0.853000,2021,"Transit",274.96000000
"K2-233 d",2.36300000,10.30000000,24.36810000000,0.1516000000,0.180000,4796.00,0.790000,0.710000,2018,"Transit",67.50620000
"K2-233 c",1.27200000,4.60000000,7.06024000000,0.0664000000,0.000000,4796.00,0.790000,0.710000,2018,"Transit",67.50620000
"BEBOP-4 AB b",,8358.88710410,1823.50000000000,3.6340000000,0.428000,5701.43,1.507000,2.756450,2025,"Radial Velocity",234.29400000
"2MASS J22501512+2325342 b",11.90000000,9534.85221000,,518.0000000000,,3352.00,0.433173,0.437589,2018,"Imaging",57.23090000
"WASP-4 b",15.12091496,381.39408840,1.33823099400,0.0226100000,0.005300,5436.00,0.899000,0.912000,2007,"Transit",267.20600000
"Kepler-391 b",2.50000000,1100.00000000,7.41750000000,0.0830000000,0.460000,5038.00,1.270000,2.879000,2014,"Transit",869.23600000
"GJ 251 b",1.79000000,3.85000000,14.23700000000,0.0808000000,0.000000,3342.00,0.350000,0.360000,2020,"Radial Velocity",5.58057000
"TOI-1438 b",3.04000000,9.40000000,5.13967000000,0.0553000000,0.000000,5230.00,0.876000,0.820000,2025,"Transit",110.51300000
"GJ 536 c",2.30000000,5.89000000,32.76100000000,0.1617000000,0.000000,3641.00,0.528000,0.529000,2025,"Radial Velocity",10.40920000
"TOI-1438 c",2.75000000,10.60000000,9.42808900000,0.0830000000,0.000000,5230.00,0.876000,0.820000,2025,"Transit",110.51300000
"Kepler-391 c",2.88000000,450.00000000,20.50100000000,0.1640000000,0.270000,5038.00,1.270000,2.879000,2014,"Transit",869.23600000
"TOI-756 b",2.81000000,9.83000000,1.23924950000,0.0180000000,0.000000,3657.00,0.505000,0.505000,2025,"Transit",86.17590000
"TOI-756 c",13.00000000,1287.20504835,149.40000000000,0.4390000000,0.445000,3657.00,0.505000,0.505000,2025,"Radial Velocity",86.17590000
"HD 224018 d",2.40000000,4.20000000,138.07310000000,0.5300000000,0.040000,5784.00,1.013000,1.147000,2025,"Transit",105.48000000
"TOI-2141 c",2.35000000,6.14000000,5.46240000000,0.0585000000,,5635.00,0.896000,0.950000,2025,"Radial Velocity",77.68200000
"TOI-6448 b",8.47398941,54.00000000,14.84426100000,0.1310000000,0.200000,5910.00,1.030000,0.897000,2025,"Transit",386.87900000
"K2-214 b",2.51000000,6.85000000,8.59656000000,0.0834000000,,5875.00,1.030000,1.236000,2018,"Transit",300.64000000
"51 Eri b",,3464.32963630,9100.00000000000,10.4000000000,0.570000,7422.00,1.750000,1.450000,2015,"Imaging",29.75750000
"TOI-1203.01",2.91800000,7.39000000,25.50267200000,0.1632000000,0.032000,5737.00,0.886000,1.179000,2021,"Transit",64.99430000
"TOI-2093 c",2.30000000,15.80000000,53.81149000000,0.2570000000,0.000000,4426.00,0.745000,0.729000,2025,"Transit",82.79820000
"KMT-2024-BLG-1209L b",13.20000000,839.06699448,,2.5100000000,,,0.770000,,2025,"Microlensing",3930.00000000
"HD 135344 A b",16.25302201,3178.28407000,,16.5000000000,0.500000,9540.00,2.320000,1.500000,2025,"Imaging",141.59500000
"K2-10 b",3.77300000,25.20000000,19.30553000000,0.1370000000,0.310000,5533.00,0.880000,0.956000,2015,"Transit",272.36000000
"TOI-1203 b",1.52000000,3.51000000,4.15728880000,0.0486900000,0.067000,5737.00,0.886000,1.179000,2025,"Radial Velocity",64.99430000
"TOI-1203 c",2.20000000,5.46000000,13.07660000000,,0.092000,5737.00,0.886000,1.179000,2025,"Radial Velocity",64.99430000
"HIP 18606 b",14.00000000,244.72787339,674.94000000000,1.6100000000,,4860.00,1.210000,4.830000,2025,"Radial Velocity",47.02880000
"HIP 111909 c",13.90000000,257.44100967,893.63000000000,1.9700000000,,4891.00,1.280000,4.530000,2025,"Radial Velocity",88.07700000
"TIC 257060897 b",17.26183028,201.50321004,3.66003639000,0.0492200000,0.039000,5993.00,1.187000,1.863000,2021,"Transit",505.70300000
"OGLE-2016-BLG-1266L b",12.40000000,3813.94088400,,0.4300000000,,,0.015000,,2018,"Microlensing",3080.00000000
"BD+37 3172 b",12.40000000,3368.98111420,1887.76000000000,4.6500000000,0.590000,4500.00,3.750000,50.240000,2023,"Radial Velocity",454.25100000
"TOI-654.01",2.37800000,8.71000000,1.52756100000,0.0194400000,0.000000,3521.00,0.419000,0.430000,2024,"Transit",57.75530000
"K2-37 b",1.39000000,2.51000000,4.44340000000,0.0510500000,,5352.00,0.840000,0.809000,2016,"Transit",179.94300000
"K2-37 d",2.31000000,12.50000000,14.09229000000,0.1102000000,,5352.00,0.840000,0.809000,2016,"Transit",179.94300000
"K2-55 b",4.43000000,44.00000000,2.84927100000,0.0348600000,0.070000,4300.00,0.688000,0.715000,2016,"Transit",159.52200000
"TOI-5261 b",11.60129502,3651.84839643,4.15097680000,0.0513400000,0.158500,5790.00,1.037000,1.021000,2025,"Transit",377.05400000
"TOI-4773 b",15.22179579,1687.66884117,1.74528510000,0.0321600000,0.024000,6740.00,1.452000,1.550000,2025,"Transit",492.88800000
"BD+42 2315 b",14.20000000,174.80562385,123.05000000000,0.5400000000,0.730000,4500.00,1.380000,17.850000,2023,"Radial Velocity",610.71500000
"Ross 176 b",1.84000000,4.57000000,5.00663380000,0.0464000000,0.250000,4041.00,0.577000,0.569000,2025,"Transit",46.44880000
"K2-62 c",1.99000000,4.62000000,16.19697000000,0.1148000000,,4455.00,0.670000,0.696000,2016,"Transit",112.46700000
"K2-61 b",1.92000000,4.35000000,2.57336000000,0.0392000000,,5748.00,0.970000,0.995000,2016,"Transit",405.73200000
"TOI-6420 b",11.93756445,2606.19293740,6.96150800000,0.0753000000,0.078000,6020.00,1.165000,1.312000,2025,"Transit",634.71200000
"TOI-5350 b",12.41955062,2094.48920213,7.58136700000,0.0796000000,0.016500,6220.00,1.167000,1.263000,2025,"Transit",277.41900000
"TOI-5817 b",3.08000000,10.30000000,15.61031000000,0.1223000000,0.200000,5770.00,0.970000,1.427000,2025,"Transit",80.75420000
"K2-73 b",2.58000000,9.20000000,7.49556000000,0.0761900000,,5867.00,1.020000,1.058000,2016,"Transit",269.18300000
"TOI-5799 b",1.73300000,3.65000000,4.16450700000,0.0348000000,,3452.00,0.325000,0.321000,2024,"Transit",27.81230000
"TOI-1346 b",2.39000000,6.30000000,1.76225380000,,,5099.00,0.820000,0.780000,2025,"Transit",115.45000000
"TOI-1346 c",2.23000000,5.60000000,5.50255800000,,,5099.00,0.820000,0.780000,2025,"Transit",115.45000000
"K2-105 b",3.40000000,15.40000000,8.26726000000,0.0796000000,0.000000,5373.00,0.940000,0.905000,2017,"Transit",197.98900000
"TOI-5799 c",1.76000000,3.75000000,14.01044900000,0.0782000000,,3452.00,0.325000,0.321000,2025,"Transit",27.81230000
"TOI-6223 b",5.07000000,22.60000000,3.85521900000,0.0401800000,,3895.00,0.582000,0.576000,2025,"Transit",133.12200000
"KOI-351 g",7.71800000,15.00000000,210.73514000000,0.7170400000,0.029200,6031.13,1.242000,1.185000,2013,"Transit",848.25400000
"HD 63433 c",2.69200000,15.53900000,20.54382810000,0.1460000000,0.210000,5553.00,0.956000,0.934000,2020,"Transit",22.40350000
"HD 17156 b",12.26262489,1036.12060682,21.21642940000,0.1632000000,0.677200,6046.00,1.285000,1.517000,2007,"Radial Velocity",78.08630000
"TOI-6000 b",0.94000000,0.77900000,0.44895900000,,,3419.00,0.370000,0.380000,2025,"Transit",75.76640000
"K2-189 c",2.31000000,5.95000000,6.67932000000,0.0680000000,,5442.00,0.850000,0.879000,2018,"Transit",242.11300000
"KMT-2024-BLG-0404L b",11.90000000,8657.64580668,,0.8500000000,,,0.090000,,2025,"Microlensing",7210.00000000
"KMT-2024-BLG-1281L b",4.59000000,19.06970442,,1.9600000000,,,0.320000,,2025,"Microlensing",7180.00000000
"GJ 317 b",13.30000000,794.50000000,695.69000000000,1.1380000000,0.082600,3496.00,0.402000,0.403000,2007,"Radial Velocity",15.19680000
"TOI-6303 b",11.59000000,2493.00000000,9.48523600000,0.0761000000,0.020000,3977.00,0.644000,0.609000,2025,"Transit",152.21900000
"LHS 1903 d",2.50000000,5.96000000,12.56628700000,0.0860400000,0.112000,3664.00,0.538000,0.539000,2026,"Transit",35.69170000
"LHS 1903 e",1.73200000,5.79000000,29.31773000000,0.1513500000,0.014000,3664.00,0.538000,0.539000,2026,"Transit",35.69170000
"WASP-120 b",15.58048317,1541.47550000,3.61126721000,0.0514000000,0.057000,6450.00,1.393000,1.684430,2016,"Transit",381.17400000
"WASP-140 b",14.23540549,775.50520000,2.23598448000,0.0323000000,0.047000,5300.00,0.900000,0.870000,2016,"Transit",117.59800000
"HD 85426 c",3.19000000,10.30000000,35.73000000000,,0.060000,5746.00,0.991000,1.130300,2026,"Radial Velocity",53.97400000
"TOI-1774.01",2.78000000,8.50000000,16.70988000000,,0.050000,5746.00,0.991000,1.130300,2021,"Transit",53.97400000
"HD 176986 b",,1487.75477317,6.49164000000,0.0629560000,0.066000,4931.00,0.789000,0.782000,2017,"Radial Velocity",27.78430000
"KOINTREAU-3 b",13.10000000,1080.61658380,,342.0000000000,,3920.00,0.410000,0.730795,2026,"Imaging",140.56300000
"PDS 70 b",21.96960217,1017.05090240,43500.00000000000,20.8000000000,0.170000,4109.00,0.982000,1.260000,2018,"Imaging",113.06400000
"HD 176986 d",2.49000000,6.76000000,61.37600000000,0.2814900000,,4931.00,0.789000,0.782000,2026,"Radial Velocity",27.78430000
"TOI-6692 b",11.67975789,197.05361234,131.12500000000,0.5120000000,0.537000,5890.00,1.047000,1.385000,2026,"Transit",312.90300000
"TOI-4342 b",2.32900000,7.30000000,5.53825920000,0.0519000000,0.000000,3866.00,0.587000,0.598000,2023,"Transit",61.52040000
"PDS 70 c",22.19378179,2383.71305250,,34.3000000000,0.037000,4109.00,0.982000,1.260000,2019,"Imaging",113.06400000
"V2376 Ori b",87.20586985,6356.56814000,,71.0000000000,,,0.450000,,2025,"Imaging",
"TOI-5489 b",1.40000000,2.54000000,3.15222000000,,,3547.00,0.410000,0.420000,2025,"Transit",45.09070000
"HD 208487 b",14.30000000,146.20106722,129.36000000000,0.5300000000,0.370000,6134.00,1.150000,1.160000,2004,"Radial Velocity",45.14700000
"HD 181433 b",,1708.64551603,9.37450000000,0.0828000000,0.396000,4918.00,0.860000,0.790000,2008,"Radial Velocity",26.87620000
"TOI-1135 b",9.91994792,58.79825529,8.02773270000,0.0815000000,0.062000,6320.00,1.119000,1.202000,2024,"Transit",114.04800000
"TOI-5716 b",0.96000000,0.84000000,6.76630000000,,,3436.00,0.190000,0.220000,2025,"Transit",39.41220000
"HD 181433 d",13.20000000,858.13669890,6896.10000000000,6.7400000000,0.444000,4918.00,0.860000,0.790000,2008,"Radial Velocity",26.87620000
"HD 181433 c",,2207.00045821,1018.50000000000,1.8850000000,0.240200,4918.00,0.860000,0.790000,2008,"Radial Velocity",26.87620000
"DMPP-1 b",4.26000000,16.80000000,17.81200000000,0.1423000000,0.200000,6196.00,1.210000,1.260000,2019,"Radial Velocity",62.53880000
"HD 202206 b",12.10000000,6849.20217085,256.26000000000,0.8100000000,0.426000,5764.23,1.060000,1.040000,2026,"Radial Velocity",45.96650000
"TOI-4940 b",6.61000000,89.00000000,25.86781100000,0.1650000000,,5504.00,1.012000,1.163000,2025,"Transit",345.65900000
"TOI-5734 b",2.10000000,9.10000000,6.18418760000,0.0592100000,,4750.00,0.724000,0.639000,2026,"Transit",32.51020000
"GJ 480 b",2.91000000,8.80000000,9.55360000000,0.0680000000,0.000000,3509.00,0.450000,0.449000,2020,"Radial Velocity",14.23580000
"DMPP-1 d",2.02000000,4.72000000,3.14170000000,0.0446700000,0.360000,6196.00,1.210000,1.260000,2019,"Radial Velocity",62.53880000
"DMPP-2 b",14.20000000,171.48000000,5.20300000000,0.0663800000,0.060000,6500.00,1.410000,1.780000,2019,"Radial Velocity",137.94000000
"K2-19 d",1.04400000,6.20000000,2.50827000000,0.0347800000,0.440000,5350.00,0.892000,0.824000,2016,"Transit",289.82700000
"NGTS-35 b",10.90000000,152.00000000,25.24119200000,0.1600000000,0.192000,4717.00,0.789000,0.753000,2025,"Transit",183.07800000
"TOI-2267 c",1.14000000,1.55000000,3.49504120000,0.0263000000,,3030.00,0.171000,0.207500,2025,"Transit",22.55000000
"TOI-2267 b",1.00000000,0.97200000,2.28909000000,0.0205000000,,3030.00,0.171000,0.207500,2025,"Transit",22.55000000
"HD 39194 c",2.65000000,7.49000000,14.03090000000,0.1083000000,0.078000,5205.00,0.860000,0.783742,2021,"Radial Velocity",26.41310000
"DMPP-3 A b",1.44000000,2.67000000,5.59000000000,0.0595800000,0.420000,5138.00,0.900000,0.910000,2019,"Radial Velocity",46.89170000
"TOI-5007 b",11.07447293,211.03806225,2.54337100000,0.0307000000,0.074000,3793.00,0.632000,0.656000,2026,"Transit",203.35200000
"TOI-7166 b",2.01000000,4.70000000,12.92063621000,0.0619100000,0.000000,3099.00,0.190000,0.222000,2025,"Transit",35.41530000
"TOI-375 b",10.77183045,236.78216321,9.45469000000,0.0990000000,0.087000,5259.90,1.441000,2.900000,2026,"Transit",396.21300000
"TOI-5422 b",9.10169233,8899.19539600,5.37721900000,0.0619000000,0.094000,5820.00,1.066000,1.474000,2026,"Transit",346.14100000
"HD 28185 b",12.80000000,1859.29618095,385.92000000000,1.0340000000,0.063000,5602.00,0.974000,1.048000,2001,"Radial Velocity",39.38090000
"XO-3 b",14.79585452,4217.58296089,3.19152309000,0.0481500000,0.279100,6970.00,1.449000,1.523000,2007,"Transit",213.05300000
"DMPP-6 c",3.74000000,13.47000000,36.44100000000,0.2206000000,0.310000,6182.09,1.079000,1.270000,2026,"Radial Velocity",54.63030000
"TOI-7510 b",7.31000000,18.10000000,11.53086900000,0.1019000000,0.057200,5720.00,1.063000,1.035000,2025,"Transit",249.00600000
"TOI-5788 c",2.27200000,6.40000000,16.21336200000,0.1197000000,0.046000,5615.00,0.870000,0.870000,2026,"Transit",97.61400000
"TOI-5788 b",1.52800000,3.72000000,6.34075800000,0.0640000000,0.061000,5615.00,0.870000,0.870000,2026,"Transit",97.61400000
"DMPP-9 b",3.89000000,14.43000000,12.73300000000,0.1097000000,0.250000,6092.00,1.100000,1.260000,2026,"Radial Velocity",109.53900000
"HD 72659 c",12.10000000,6165.87109580,35500.00000000000,21.5000000000,0.114000,5929.00,1.033000,1.360000,2022,"Radial Velocity",51.89490000
"KMT-2020-BLG-0202L b",12.40000000,3902.93283796,,4.1700000000,,,0.810000,,2026,"Microlensing",3840.00000000
"KMT-2022-BLG-1551L b",13.20000000,940.77208472,,2.2900000000,,,0.540000,,2026,"Microlensing",6900.00000000
"HD 95338 b",4.27174254,42.90000000,55.08269400000,0.2620000000,0.197000,5097.00,0.848000,0.868000,2020,"Radial Velocity",36.99410000
"KMT-2022-BLG-1818L b",13.00000000,1271.31362800,,2.6000000000,,,0.790000,,2026,"Microlensing",5300.00000000
"TOI-1243 b",2.33000000,7.70000000,4.65947790000,,,3515.00,0.515000,0.511000,2026,"Transit",43.18650000
"TOI-5938 b",3.82000000,14.00000000,2.26042400000,0.0308000000,,4650.00,0.744000,0.712000,2026,"Transit",114.03500000
"TOI-7009 b",3.71000000,13.30000000,2.32066120000,0.0287000000,,4080.00,0.583000,0.564000,2026,"Transit",184.12000000
"KMT-2025-BLG-0121L b",12.60000000,2469.52672239,,3.0500000000,,,0.610000,,2026,"Microlensing",6200.00000000
"HD 28109 b",2.69000000,6.20000000,22.89105400000,0.1357000000,0.007100,6189.00,1.227000,1.425000,2022,"Transit",139.61100000
"TOI-5388.01",0.99000000,2.20000000,2.59467480000,0.0243358550,,3440.00,0.292000,0.300000,2024,"Transit",18.52260000
"KMT-2024-BLG-2087L b",12.90000000,1395.26670673,,3.0300000000,,,0.480000,,2026,"Microlensing",7190.00000000
"HD 100508 b",13.70000000,381.39408840,5681.00000000000,6.1100000000,0.420000,5419.00,0.940000,1.017900,2026,"Radial Velocity",32.75480000
"HD 114386 c",13.40000000,117.59651059,444.00000000000,1.0500000000,0.100000,4895.00,0.800000,0.760000,2026,"Radial Velocity",27.92430000
"HD 28109 d",3.11000000,5.80000000,84.28990000000,0.4110000000,0.005400,6189.00,1.227000,1.425000,2022,"Transit",139.61100000
"KMT-2020-BLG-0414L b",1.20000000,1.87000000,,2.0700000000,,,0.490000,,2021,"Microlensing",1220.00000000
"TOI-6716 b",0.98200000,0.91100000,4.71858980000,0.0319000000,0.880000,3110.00,0.223000,0.231000,2026,"Transit",18.88730000
"HD 154345 b",13.70000000,376.94449070,3280.00000000000,4.1580000000,0.058000,5468.00,0.890000,0.850000,2006,"Radial Velocity",18.28400000
"HD 217107 b",13.60000000,459.57987652,7.12701660000,0.0735900000,0.128400,5622.00,1.045000,1.224500,1998,"Radial Velocity",20.06190000
"TOI-1472 b",4.05800000,18.05000000,6.36338574000,0.0640000000,0.041000,5100.00,0.870000,0.840000,2024,"Transit",121.84000000
"TOI-1648 b",2.54000000,7.40000000,7.33160200000,0.0694000000,0.178000,4850.00,0.830000,0.810000,2025,"Transit",69.83500000
"HD 164604 b",12.30000000,4195.33497240,653.90000000000,1.3620000000,0.479000,4663.00,0.770000,0.780000,2009,"Radial Velocity",39.36330000
"HD 164604 c",12.50000000,3019.36986650,5387.00000000000,5.5560000000,0.196000,4663.00,0.770000,0.780000,2026,"Radial Velocity",39.36330000
"HIP 54515 b",12.20000000,5625.56280390,33000.00000000000,24.8000000000,0.420000,8100.00,1.900000,1.649150,2026,"Imaging",82.81010000
"TOI-1518 b",21.05046575,581.62598481,1.90261131000,0.0371200000,0.010000,7299.00,1.880000,1.942000,2021,"Transit",225.88800000
"GJ 4274 b",1.53000000,2.97000000,1.63390000000,0.0153000000,,3228.00,0.180000,0.190000,2026,"Radial Velocity",7.23556000
"LHS 1903 b",1.38200000,3.28000000,2.15550980000,0.0265600000,0.015000,3664.00,0.538000,0.539000,2026,"Transit",35.69170000
"LHS 1903 c",2.04600000,4.55000000,6.22618500000,0.0538700000,0.089000,3664.00,0.538000,0.539000,2026,"Transit",35.69170000
"TOI-1080 b",1.20000000,10.70000000,3.96524820000,0.0272000000,,3065.00,0.166700,0.201900,2026,"Transit",25.55900000
"TOI-2145 b",12.24020692,1805.26535176,10.26112800000,0.1117000000,0.214000,6206.00,1.710000,2.750000,2023,"Transit",224.73100000
"TIC 231949697 b",1.52831855,2.95000000,0.90720448719,,,3451.32,0.490679,0.492584,2026,"Transit",50.24080000
"CWISEP J193518.59-154620.3 b",12.20000000,4926.34030850,,2.4800000000,,,0.024000,,2025,"Imaging",14.43000000
"HD 202772 A b",18.23701160,323.54931833,3.30887750000,0.0520800000,0.030000,6442.00,1.721000,2.554000,2019,"Transit",161.49800000
"TOI-4588 b",2.92922558,8.90000000,13.11881173651,0.1376000000,0.000000,7746.12,2.018000,1.574580,2026,"Transit",225.18100000
"TOI-4513 b",2.34587608,6.11000000,9.76042253684,,,5623.93,0.979000,0.796628,2026,"Transit",102.60900000
"TIC 24750448 b",2.43722231,6.51000000,3.59159193029,,,4545.43,0.690000,0.713599,2026,"Transit",178.14600000
"TOI-4127 b",12.07000000,743.71847238,56.39870000000,0.3030000000,0.748400,6096.00,1.230000,1.293000,2023,"Transit",319.63200000
"TOI-697 b",2.35859364,6.16000000,8.60788713593,,,5681.95,0.970000,0.968149,2026,"Transit",93.77140000
"TOI-4561 b",1.77789214,3.81000000,8.93547936706,,,5537.93,1.000000,0.851957,2026,"Transit",179.00800000
"TIC 24750448 c",3.09028272,9.75000000,10.14385270726,,,4545.43,0.690000,0.713599,2026,"Transit",178.14600000
"GJ 1137 c",2.11000000,5.12000000,9.64120000000,0.0835000000,0.000000,5033.80,0.836000,0.837000,2026,"Radial Velocity",28.51590000
"TIC 87422071 b",10.86150230,409.99864503,11.36492900000,0.1060000000,0.124000,6150.00,1.239000,1.489000,2026,"Transit",384.75800000
"TOI-883 b",7.17166228,40.70000000,10.05771848538,,,5713.15,1.003000,1.014770,2026,"Transit",102.63700000
"TOI-4640 b",2.84326517,8.46000000,2.68566015238,,,5743.01,1.100000,1.067150,2026,"Transit",245.08900000
"TIC 38828280 b",2.62701629,7.40000000,4.85558984762,,,5046.63,0.840000,0.741147,2026,"Transit",286.41500000
"TIC 147027702 b",10.92875618,346.43296363,44.40523000000,0.2740000000,0.127000,6410.00,1.406000,2.136000,2026,"Transit",457.18600000
"TIC 245076932 b",10.87271128,162.09248757,21.61389000000,0.1570000000,0.428000,6130.00,1.117000,1.288000,2026,"Transit",303.96000000
"TOI-921 b",3.53409617,12.20000000,5.12871907628,,,6011.66,1.130000,1.141650,2026,"Transit",294.01500000
"TOI-4930 b",6.93277225,38.40000000,6.78130241498,,,5624.72,1.040000,1.159260,2026,"Transit",413.75700000
"TIC 62895484 b",3.49391667,12.00000000,2.83985434327,,,5520.79,0.980000,0.874291,2026,"Transit",294.85700000
"TOI-941 b",6.51165317,34.60000000,8.51460888787,,,5745.88,1.078000,1.184900,2026,"Transit",263.38600000
"TOI-5159 b",1.54732112,3.01000000,5.83639428843,,,5156.16,0.900000,0.854084,2026,"Transit",55.17880000
"TIC 86380416 b",2.41236120,6.40000000,6.04086434610,,,5723.74,1.070000,0.989724,2026,"Transit",244.68000000
"K2-19 b",7.00000000,30.80000000,7.91930000000,0.0748700000,0.100000,5322.00,0.880000,0.820000,2015,"Transit",289.82700000
"TOI-5335 b",4.02422162,15.30000000,3.61365988443,,,5528.92,0.945000,0.916633,2026,"Transit",331.28900000
"TIC 88692598 b",1.81295951,3.94000000,2.64909436758,,,3483.17,0.529218,0.532473,2026,"Transit",73.52580000
"TOI-1752 b",1.69300000,3.51000000,0.93518610000,0.0162400000,,3762.00,0.524000,0.530000,2026,"Transit",103.02100000
"TOI-1269 c",2.22999162,5.60000000,9.23786144195,,,5554.02,0.902700,0.848906,2026,"Transit",172.13800000
"TOI-5486 b",3.96824928,14.90000000,2.02470073205,,,3750.17,0.548138,0.553216,2026,"Transit",89.68110000
"TIC 139702105 b",2.45316949,6.59000000,6.83601903383,,,5742.35,0.900000,1.254230,2026,"Transit",91.78840000
"TOI-5624 c",2.47400000,4.80000000,7.88538500000,0.0737400000,0.000000,5327.00,0.858000,0.820000,2026,"Transit",101.91300000
"TOI-1718 b",4.10824994,15.80000000,5.58703768615,,,5304.91,0.930000,0.939285,2026,"Transit",52.30440000
"TOI-5532 b",2.52763693,6.93000000,5.65396594310,,,4208.45,0.636083,0.662052,2026,"Transit",90.99850000
"TIC 161045582 b",2.24566738,5.67000000,8.85577189959,,,5683.87,1.040000,1.079760,2026,"Transit",162.24600000
"TOI-1232 c",8.88000000,58.48042689,30.35600000000,0.1940000000,0.027000,5823.00,1.058000,1.072000,2026,"Transit Timing Variations",328.60400000
"TOI-1732 b",2.49549787,6.78000000,4.11923678339,,,4201.93,0.613891,0.632571,2026,"Transit",74.75990000
"TOI-5605 b",2.52611303,6.92000000,5.91340454843,,,4583.79,0.680000,0.736044,2026,"Transit",95.07350000
"TOI-1756 b",1.94225664,4.43000000,2.78301736297,,,3891.86,0.556454,0.562607,2026,"Transit",86.71590000
"TOI-5630 b",2.37117553,6.22000000,3.22118452536,,,5385.64,0.934000,0.933361,2026,"Transit",134.04700000
"TIC 206466666 b",2.14817673,5.26000000,9.10486865159,,,4620.30,0.760000,0.667193,2026,"Transit",127.83700000
"TOI-198 b",1.36000000,3.17000000,10.21521300000,0.0675000000,0.150000,3801.00,0.417000,0.418000,2023,"Transit",23.72620000
"KMT-2024-BLG-2005L b",8.18000000,50.85254512,,1.1200000000,,,0.120000,,2026,"Microlensing",7720.00000000
"TOI-1839 b",2.21895097,5.56000000,1.42378440907,,,5315.91,0.934000,0.848099,2026,"Transit",116.08600000
"TOI-5926 b",7.56807148,44.60000000,3.81122794237,,,5388.92,0.946000,0.890046,2026,"Transit",275.10300000
"TIC 290487717 b",6.63777941,35.70000000,3.40081822900,,,5328.97,0.920000,0.943767,2026,"Transit",395.57400000
"TOI-672 b",5.31000000,50.90000000,3.63358100000,0.0376000000,0.000000,3810.00,0.540000,0.540000,2023,"Transit",66.90710000
"TOI-2071 b",2.56484195,7.10000000,5.67395386982,,,5755.41,1.063000,1.002860,2026,"Transit",231.31100000
"TOI-4156 c",2.92303762,8.87000000,12.82282706375,,,5971.64,1.100000,1.039630,2026,"Transit",213.71900000
"TIC 356227008 b",2.39024009,6.30000000,2.96147448702,,,5731.86,1.020000,0.959792,2026,"Transit",387.60900000
"TOI-2518 b",2.26838675,5.77000000,6.89797425216,,,5751.20,1.110000,0.993374,2026,"Transit",160.82500000
"TOI-6393 b",2.75958542,8.04000000,9.53176110329,,,5008.20,0.835000,0.766023,2026,"Transit",186.22900000
"EPIC 220674823 b",1.60600000,7.54000000,0.57130782000,0.0132000000,0.000000,5578.00,0.913000,0.990000,2016,"Transit",244.59000000
"EPIC 220674823 c",2.71200000,7.90000000,13.34060300000,0.1078000000,0.180000,5578.00,0.913000,0.990000,2016,"Transit",244.59000000
"TOI-2654 b",7.94454164,48.40000000,2.96760425926,,,4594.08,0.690000,0.756095,2026,"Transit",248.96400000
"TOI-6699 b",2.32645266,6.02000000,5.32005926761,,,4705.10,0.750000,0.753090,2026,"Transit",85.84630000
"TOI-1839 c",2.40867246,6.39000000,4.02393854207,,,5315.91,0.934000,0.848099,2026,"Transit",116.08600000
"K2-111 c",3.34000000,11.10000000,15.67480000000,0.1156500000,0.069000,5775.00,0.840000,1.250000,2020,"Radial Velocity",200.39400000
"TOI-4156 b",2.53823825,6.98000000,4.46189034133,,,5971.64,1.100000,1.039630,2026,"Transit",213.71900000
"TOI-7333 b",2.09469416,5.04000000,6.26449803661,,,4586.87,0.721000,0.666066,2026,"Transit",157.21700000
"rho CrB e",1.75000000,3.71000000,12.90400000000,0.1061000000,0.082000,5817.00,1.000000,1.361700,2023,"Radial Velocity",17.46710000
"MOA-2007-BLG-192L b",3.58000000,12.49000000,,2.0200000000,,,0.280000,,2008,"Microlensing",2160.00000000
"K2-79 b",4.15000000,5.90000000,10.99503900000,0.0987000000,0.032000,5897.00,1.060000,1.269000,2016,"Transit",256.01100000
"K2-111 b",1.83700000,5.35000000,5.35189630000,0.0565000000,0.134000,5775.00,0.840000,1.250000,2017,"Transit",200.39400000
"TOI-4363 b",1.76689273,3.77000000,2.11867592279,,,4278.45,0.620000,0.691320,2026,"Transit",77.77510000
"HD 5388 b",13.10000000,1017.05090240,772.50000000000,1.7570000000,0.410000,6297.00,1.210000,1.910000,2010,"Radial Velocity",53.06610000
"Kepler-79 b",3.51000000,7.60000000,13.48451000000,0.1192900000,0.022000,6389.00,1.244000,1.316000,2012,"Transit",1020.72000000
"Kepler-79 c",3.76000000,4.60000000,27.40260000000,0.1914400000,0.038000,6389.00,1.244000,1.316000,2012,"Transit",1020.72000000
"HD 16760 b",12.10000000,6833.31075050,466.08000000000,1.1560000000,0.079000,5518.00,0.930000,0.835000,2009,"Radial Velocity",50.17561000
"TOI-3457 b",10.64000000,797.74930157,32.60026800000,0.2001000000,0.590000,6300.00,1.040000,1.474000,2026,"Transit",370.66600000
"TOI-6884 b",10.39072511,8365.24367224,4.80826400000,0.0629000000,0.067000,6330.00,1.410000,1.840000,2026,"Transit",562.37600000
"TOI-4602.01",2.45000000,5.53000000,3.98129990000,0.0474700000,0.000000,5966.00,0.900000,1.080000,2024,"Transit",63.06370000
"TOI-791 b",11.13051784,9.50000000,139.29931000000,0.6020000000,0.032000,6294.00,1.280000,1.474000,2026,"Transit",341.22100000
"eps Eri b",13.80000000,317.82840700,2680.00000000000,3.5300000000,0.060000,5020.38,0.820000,0.759106,2000,"Radial Velocity",3.20260000
"TOI-791 c",12.94637271,18.60000000,232.01570000000,0.8630000000,0.028000,6294.00,1.280000,1.474000,2026,"Transit",341.22100000
"HD 190360 b",13.50000000,537.00000000,2887.50000000000,3.9650000000,0.334200,5560.00,0.996000,1.140000,2003,"Radial Velocity",16.00690000
"HD 190360 c",5.53000000,26.20000000,17.11625000000,0.1298000000,0.163000,5560.00,0.996000,1.140000,2005,"Radial Velocity",16.00690000
"HD 190360 d",3.48000000,11.90000000,88.69000000000,0.3886000000,0.058000,5560.00,0.996000,1.140000,2026,"Radial Velocity",16.00690000
"TOI-3664 b",13.69737442,114.41822652,3.29748390000,0.0431000000,0.159000,5593.00,0.980000,1.110000,2026,"Transit",464.74800000
"TOI-4034 b",17.71018951,276.51071409,1.80209320000,0.0328900000,0.000000,5891.00,1.190000,1.830000,2026,"Transit",745.14500000
"HD 126105 b",13.50000000,530.77343969,524.00000000000,1.3600000000,0.103000,4875.00,1.200000,4.210000,2026,"Radial Velocity",82.88110000
"TIC 52059926 b",10.71000000,5380.00000000,175.53200000000,0.5530000000,0.510000,4505.00,0.730000,0.720000,2026,"Transit",216.58100000
"TOI-4427 b",13.09208946,87.72064033,4.61826210000,0.0538900000,0.074000,5347.00,0.900000,0.890000,2026,"Transit",198.25100000
"TOI-2049 b",16.64533634,486.27746271,5.30346800000,0.0691900000,0.054000,6164.00,1.570000,3.200000,2026,"Transit",571.48700000
"TOI-4458 b",12.40834163,552.06794296,3.93937920000,0.0522000000,0.030000,6151.00,1.470000,1.960000,2026,"Transit",505.43200000
"TOI-159 b",18.18000000,1110.00000000,3.76283960000,0.0560000000,0.240000,7287.00,1.661000,1.620000,2026,"Transit",347.59300000
"COCONUTS-2 b",12.57647635,2383.71305250,402000000.00000000000,7506.0000000000,,3552.00,0.400000,0.366000,2021,"Imaging",10.88640000
"HD 30177 c",12.90000000,1484.25866069,11320.00000000000,9.9000000000,0.210000,5680.00,0.980000,1.019000,2016,"Radial Velocity",55.58670000
"TOI-1710 b",5.06000000,19.10000000,24.28336000000,0.1652000000,0.050000,5775.00,1.020000,0.930000,2022,"Transit",81.22710000
"K2-370 b",2.67000000,11.10000000,2.14080930000,0.0321000000,0.000000,5662.00,0.962000,0.945000,2022,"Transit",144.20200000
"HIP 8923 b",12.50000000,3171.92750186,5160.00000000000,5.9000000000,0.011000,5980.00,1.010000,1.321640,2026,"Radial Velocity",65.99570000
"TOI-201 c",10.40000000,4990.00000000,2890.00000000000,4.3700000000,0.651000,6423.00,1.320000,1.310000,2025,"Transit Timing Variations",113.82500000
"KMT-2023-BLG-0332L b",12.00000000,6992.22495400,,3.2000000000,,,0.540000,,2026,"Microlensing",6500.00000000
"XO-2 S d",13.00000000,1179.14338997,4696.00000000000,5.4600000000,0.091000,5325.00,0.980000,1.020000,2024,"Radial Velocity",151.39800000
"TOI-237 c",1.20600000,1.90000000,1.74486147000,0.0160000000,,3226.00,0.169800,0.205600,2026,"Transit",38.07490000
"bet Pic b",18.49485000,2765.10714090,8682.00000000000,10.0700000000,0.105000,8038.68,1.789000,1.544160,2008,"Imaging",19.74420000
"bet Pic c",12.50000000,2765.10714090,1202.00000000000,2.7000000000,0.307000,8038.68,1.789000,1.544160,2019,"Radial Velocity",19.74420000
"bet Pic d",14.12331568,762.78817680,33200.00000000000,26.0000000000,0.440000,8038.68,1.789000,1.544160,2026,"Imaging",19.74420000
"Kepler-484 b",2.28000000,5.82000000,10.04556931300,0.0903600000,0.000000,5668.00,0.960000,0.870000,2016,"Transit",382.13600000
"Kepler-758 c",1.69000000,3.50000000,4.75793986000,0.0576800000,0.000000,6228.00,1.160000,1.420000,2016,"Transit",1502.32000000
"TOI-4311 b",1.37600000,4.50000000,0.99027380000,0.0181700000,,5063.00,0.816000,0.844100,2026,"Transit",134.98800000
"TOI-2147 b",10.50000000,116.00000000,26.20518000000,0.1720000000,0.290000,5983.00,0.990000,1.390000,2026,"Transit",282.10800000
"TOI-6019 b",12.30000000,149.00000000,14.54795200000,0.1212000000,0.480000,5561.00,1.130000,2.020000,2026,"Transit",260.34200000
"Kepler-929 b",1.11000000,1.41000000,0.92103213500,0.0198200000,0.000000,5869.00,1.010000,1.020000,2016,"Transit",1311.23000000
"Kepler-1767 b",3.01299077,9.34000000,59.65829849000,0.2873000000,0.000000,5243.00,0.887000,0.831000,2021,"Transit",820.50600000
"Kepler-223 e",4.60000000,4.80000000,19.72567000000,0.1448100000,0.051000,5803.00,1.125000,1.720000,2014,"Transit",1859.71000000
"Kepler-1127 b",1.96000000,4.50000000,5.12330347000,0.0556000000,0.000000,5664.00,0.970000,0.950000,2016,"Transit",842.45900000
"Kepler-1793 b",3.79037518,13.80000000,8.77999973300,0.0787000000,0.000000,5191.00,0.850000,0.764000,2021,"Transit",1189.88000000
"HD 141937 b",12.40000000,3591.46099910,662.37000000000,1.5400000000,0.460000,5870.00,1.090000,1.030000,2002,"Radial Velocity",33.36220000
"Kepler-1367 b",0.92000000,0.72100000,1.57409027200,0.0236000000,0.000000,4106.00,0.620000,0.600000,2016,"Transit",401.48400000
"Kepler-1900 b",1.62314676,3.27000000,2.98622989700,0.0420000000,0.000000,6173.00,1.104000,1.041000,2021,"Transit",1540.43000000
"Kepler-1364 b",2.15000000,5.27000000,13.32196237000,0.1284000000,0.000000,6805.00,1.490000,1.790000,2016,"Transit",1056.90000000
"Kepler-482 b",2.36000000,6.17000000,56.35418576000,0.2578700000,0.000000,4871.00,0.750000,0.720000,2016,"Transit",313.06800000
"Kepler-1646 b",1.23000000,2.04000000,4.48558383000,0.0295000000,0.000000,3299.00,0.240000,0.260000,2016,"Transit",127.59100000
"HD 6718 b",13.30000000,762.78817680,2476.00000000000,3.5300000000,0.060000,5746.00,0.960000,1.020000,2009,"Radial Velocity",51.34440000
"Kepler-32 c",2.00000000,158.90000000,8.75220000000,0.0900000000,0.000000,3900.00,0.580000,0.530000,2011,"Transit",323.84700000
"K2-177 b",2.11620480,5.13000000,14.15518500000,,,6063.00,1.210525,1.213565,2018,"Transit",492.16700000
"Kepler-259 c",2.70000000,7.75000000,36.92493100000,0.2170000000,0.000000,5938.00,0.867000,0.898000,2014,"Transit",1002.14000000
"K2-183 b",1.10000000,1.37000000,0.46928500000,,,5482.00,0.942219,0.870000,2018,"Transit",329.04100000
"Kepler-222 d",3.69000000,13.20000000,28.08191200000,0.1800000000,0.000000,5433.00,0.933000,0.869000,2014,"Transit",758.85400000
"Kepler-165 c",2.23000000,5.60000000,15.31299000000,0.1100000000,0.000000,5211.00,0.746000,0.770000,2014,"Transit",560.88500000
"K2-263 b",2.51300000,15.40000000,50.81917200000,0.2573000000,0.080000,5368.00,0.880000,0.850000,2018,"Transit",162.48100000
"Kepler-166 d",1.73000000,3.64000000,1.55400392800,0.0244900000,0.000000,5350.00,0.880000,0.830000,2016,"Transit",603.53000000
"Kepler-52 b",2.10000000,135.00000000,7.87735650000,0.0637000000,0.000000,4075.00,0.540000,0.520000,2012,"Transit",321.54200000
"K2-186 b",3.17207779,10.20000000,41.47421900000,,,5784.00,1.018617,0.980830,2018,"Transit",330.73900000
"K2-195 c",2.57581891,7.16000000,28.48278600000,,,5712.00,0.963364,0.906367,2018,"Transit",315.01400000
"K2-187 e",1.90000000,4.27000000,13.60662900000,0.1106000000,,5438.00,0.966999,0.830000,2018,"Transit",330.91600000
"K2-187 c",1.40000000,2.54000000,2.87151200000,0.0392000000,,5438.00,0.966999,0.830000,2018,"Transit",330.91600000
"K2-189 b",1.40300000,2.55000000,2.58812000000,0.0361000000,,5442.00,0.850000,0.879000,2018,"Transit",242.11300000
"K2-280 b",7.50000000,37.10000000,19.89526000000,0.1461000000,0.350000,5500.00,1.030000,1.280000,2018,"Transit",391.53700000
"K2-381 c",2.00000000,4.66000000,16.03465600000,,,4473.00,0.754000,0.675000,2022,"Transit",145.70100000
"Kepler-229 b",2.20000000,5.48000000,6.25297200000,0.0620000000,0.000000,5120.00,0.808000,0.728000,2014,"Transit",826.26500000
"K2-222 b",2.27500000,7.50000000,15.38892740000,0.1186000000,0.021000,5942.00,0.940000,1.072000,2018,"Transit",101.32100000
"K2-220 b",2.37000000,6.21000000,13.68186000000,0.1104000000,,5612.00,0.910000,1.026000,2018,"Transit",233.51400000
"Kepler-491 b",8.92000000,59.00000000,4.22538451200,0.0519100000,0.000000,5582.00,1.040000,1.030000,2016,"Transit",630.78500000
"Kepler-197 b",1.02000000,1.04000000,5.59930800000,0.0600000000,0.020000,6004.00,0.857000,1.120000,2014,"Transit",330.57500000
"Kepler-216 b",2.35000000,6.12000000,7.69364100000,0.0790000000,0.000000,6091.00,1.126000,1.260000,2014,"Transit",1187.47000000
"K2-176 b",1.49090097,2.83000000,5.32943900000,,,5428.00,0.938545,0.864160,2018,"Transit",247.30200000
"K2-223 b",0.89000000,0.64000000,0.50557000000,0.0127000000,,5859.00,1.060000,1.000000,2018,"Transit",198.60400000
"Kepler-1732 b",4.09903273,15.70000000,32.31240082000,0.2015000000,0.000000,5821.00,1.043000,1.494000,2021,"Transit",1289.41000000
"14 Her b",12.50000000,2828.67282230,1766.41000000000,2.8390000000,0.368300,5338.00,0.970000,0.930000,2002,"Radial Velocity",17.93230000
"16 Cyg B b",13.50000000,565.73740000,798.50000000000,1.6600000000,0.680000,5750.00,1.080000,1.130000,1996,"Radial Velocity",21.13970000
"K2-368 d",1.94800000,4.45000000,20.20108500000,,,4663.00,0.746000,0.663000,2022,"Transit",206.60800000
"Kepler-261 b",2.18000000,5.39000000,10.38122700000,0.0880000000,0.000000,5098.00,0.834000,0.794000,2014,"Transit",317.49900000
"1RXS J160929.1-210524 b",18.64700000,3000.00000000,,330.0000000000,,4060.00,0.850000,1.313160,2008,"Imaging",139.13500000
"CoRoT-4 b",13.34000000,228.83000000,9.20205000000,0.0900000000,0.000000,6190.00,1.160000,1.170000,2008,"Transit",726.41200000
"K2-224 c",2.41000000,6.39000000,10.09489000000,0.0886000000,,5620.00,0.910000,0.840000,2018,"Transit",275.25500000
"K2-368 c",1.36100000,2.42000000,9.66018600000,,,4663.00,0.746000,0.663000,2022,"Transit",206.60800000
"24 Sex c",13.90000000,273.32000000,883.00000000000,2.0800000000,0.290000,5098.00,1.540000,4.900000,2010,"Radial Velocity",72.06910000
"CoRoT-7 b",1.68135000,4.07660518,0.85359163000,0.0170160000,0.000000,5275.00,0.820000,0.830000,2009,"Transit",159.90600000
"K2-226 b",1.53899305,2.98000000,3.27109000000,0.0409500000,0.220000,5288.00,0.856000,0.889000,2018,"Transit",211.26500000
"K2-227 b",1.66551298,3.41000000,13.62183200000,,,5673.00,0.950811,0.890666,2018,"Transit",187.23400000
"2MASS J12073346-3932539 b",15.69257298,1652.70771640,,46.0000000000,,2825.00,0.188001,0.218870,2004,"Imaging",64.30800000
"CoRoT-7 c",2.83000000,8.40000000,3.69800000000,0.0460000000,0.000000,5256.00,0.899000,0.864273,2009,"Radial Velocity",159.90600000
"eps Tau b",12.70000000,2285.18624633,585.82000000000,1.8780000000,0.076000,4877.00,2.570000,12.350000,2006,"Radial Velocity",47.52852000
"gam1 Leo b",12.50000000,2790.43000000,428.50000000000,1.1900000000,0.144000,4330.00,1.230000,31.880000,2009,"Radial Velocity",39.88830000
"K2-229 b",1.00000000,2.55000000,0.58421600000,0.0131000000,0.000000,5315.00,0.870000,0.790000,2018,"Transit",102.56400000
"Kepler-752 b",2.81000000,8.30000000,18.82747265000,0.1353000000,0.000000,5373.00,0.870000,0.830000,2016,"Transit",1232.29000000
"CoRoT-9 b",11.94879400,266.97720000,95.27265600000,0.4021000000,0.133000,5625.00,0.960000,0.960000,2009,"Transit",412.98000000
"K2-343 b",1.65000000,3.36000000,2.78717400000,,,3804.00,0.490000,0.460000,2021,"Transit",166.16900000
"51 Peg b",14.10000000,193.87532827,4.23079660000,0.0520000000,0.006300,5761.00,1.070000,1.190000,1995,"Radial Velocity",15.46140000
"K2-331 c",2.72000000,7.85000000,22.99659100000,,,5994.00,1.100000,1.060000,2021,"Transit",211.43000000
"EPIC 212624936 c",2.30000000,5.90000000,11.81143700000,,,5765.00,1.000000,0.930000,2021,"Transit",561.92900000
"K2-334 b",5.65000000,27.20000000,5.11398100000,,,6502.00,1.360000,1.490000,2021,"Transit",371.82300000
"K2-379 b",2.18100000,5.40000000,8.77724700000,,,4603.00,0.856000,0.751000,2022,"Transit",182.20700000
"61 Vir d",5.11000000,22.90000000,123.01000000000,0.4760000000,0.350000,5577.00,0.942000,0.963000,2009,"Radial Velocity",8.50332000
"K2-202 b",2.30165603,5.91000000,3.40516400000,,,5491.00,0.971461,0.910685,2018,"Transit",300.39700000
"K2-343 c",2.02000000,4.74000000,7.67697200000,,,3804.00,0.490000,0.460000,2021,"Transit",166.16900000
"K2-342 b",2.03000000,4.78000000,11.56105200000,,,5920.00,1.010000,1.090000,2021,"Transit",208.35700000
"Kepler-260 b",2.01000000,4.70000000,8.18739900000,0.0750000000,0.000000,5250.00,1.013000,0.862000,2014,"Transit",627.36500000
"K2-381 d",1.68900000,3.50000000,26.80302300000,,,4473.00,0.754000,0.675000,2022,"Transit",145.70100000
"K2-381 b",1.07500000,1.26000000,7.93893340000,,,4473.00,0.754000,0.675000,2022,"Transit",145.70100000
"K2-348 b",3.26000000,10.70000000,4.68841800000,,,5077.00,0.830000,0.850000,2021,"Transit",201.85600000
"K2-384 d",1.39200000,2.52000000,6.67958200000,,,3623.00,0.330000,0.348000,2022,"Transit",82.66030000
"81 Cet b",13.10000000,1051.05854195,1005.57000000000,2.1040000000,0.037000,4734.00,1.230000,11.210000,2008,"Radial Velocity",101.26000000
"K2-352 c",1.92000000,4.35000000,8.23488500000,,,5791.00,0.980000,0.950000,2021,"Transit",176.05100000
"K2-384 c",1.19100000,1.82000000,4.19476600000,,,3623.00,0.330000,0.348000,2022,"Transit",82.66030000
"BD+14 4559 b",13.80000000,330.54320000,268.94000000000,0.7800000000,0.290000,4864.00,0.490000,0.860000,2009,"Radial Velocity",49.35200000
"K2-204 b",3.17214154,10.20000000,7.05590800000,0.0738000000,0.280000,5783.00,1.076000,1.253000,2018,"Transit",577.23500000
"Kepler-1736 b",3.87658560,14.30000000,37.81029892000,0.2188000000,0.000000,6085.00,0.976000,0.973000,2021,"Transit",1430.00000000
"K2-205 b",1.99552771,4.64000000,26.67226300000,,,5890.00,0.951027,1.077574,2018,"Transit",405.30100000
"Kepler-8 b",15.87194400,187.51970000,3.52249910000,0.0474000000,0.000000,6213.00,1.213000,1.486000,2010,"Transit",1021.87000000
"K2-209 b",0.86850263,0.58600000,2.08061500000,,,4720.00,0.744790,0.712365,2018,"Transit",76.49860000
"Kepler-745 b",2.16000000,5.31000000,9.93143556000,0.0915000000,0.000000,5849.00,1.040000,1.040000,2016,"Transit",1780.38000000
"K2-211 b",1.33162691,2.33000000,0.66956100000,0.0141900000,0.190000,5117.00,0.851000,0.818000,2018,"Transit",272.29700000
"Kepler-262 c",1.64000000,3.33000000,21.85372200000,0.1520000000,0.000000,5841.00,0.816000,0.881000,2014,"Transit",613.12900000
"Kepler-119 b",3.60000000,12.60000000,2.42208200000,0.0350000000,0.000000,5595.00,0.918000,0.839000,2014,"Transit",701.99600000
"K2-394 b",1.69200000,3.51000000,5.09571700000,,,4938.00,0.478000,0.631000,2022,"Transit",98.01520000
"CoRoT-19 b",14.46000000,352.78000000,3.89713000000,0.0518000000,0.047000,6090.00,1.210000,1.650000,2011,"Transit",790.66300000
"Kepler-748 b",2.52000000,6.90000000,7.40742793000,0.0745000000,0.000000,5934.00,1.070000,1.100000,2016,"Transit",1705.99000000
"HD 113538 b",13.20000000,114.41000000,663.20000000000,1.2400000000,0.140000,4462.00,0.585000,0.530000,2010,"Radial Velocity",16.28170000
"Kepler-112 b",2.36000000,6.17000000,8.40887800000,0.0760000000,0.000000,5544.00,0.782000,0.841000,2014,"Transit",513.20600000
"HD 114386 b",13.60000000,464.02947422,937.70001000000,1.7300000000,0.230000,4836.00,0.600000,0.760000,2003,"Radial Velocity",27.92430000
"HD 136418 b",13.30000000,680.15620000,464.29999000000,1.2900000000,0.250000,4989.00,1.480000,3.780000,2009,"Radial Velocity",105.16800000
"GJ 676 A b",12.80000000,1840.86213334,1051.44521000000,1.7350000000,0.319000,3734.00,0.626000,0.690000,2010,"Radial Velocity",16.02720000
"HAT-P-31 b",12.21781000,721.47410000,5.00542000000,0.0610000000,0.250000,6065.00,1.310000,1.390000,2011,"Transit",344.05000000
"HD 11506 b",12.90000000,1551.00262616,1617.70000000000,2.8850000000,0.379000,6123.00,1.220000,1.240000,2007,"Radial Velocity",51.26100000
"HD 11506 c",14.00000000,127.13136280,223.92000000000,0.7710000000,0.228000,6123.00,1.220000,1.240000,2008,"Radial Velocity",51.26100000
"GJ 581 e",1.38000000,2.48000000,3.14810000000,0.0279900000,0.012000,3500.00,0.295000,0.302000,2009,"Radial Velocity",6.29810000
"HAT-P-35 b",14.93038800,335.62848000,3.64670600000,0.0497800000,0.020000,6096.00,1.236000,1.435000,2011,"Transit",506.96500000
"HD 116029 b",13.60000000,444.96200000,670.00000000000,1.6500000000,0.000000,4819.00,0.830000,4.890000,2011,"Radial Velocity",123.24500000
"HD 142245 b",13.10000000,975.73810000,1299.00000000000,2.7800000000,0.000000,4922.00,3.500000,4.630000,2011,"Radial Velocity",97.23050000
"GJ 876 b",13.30000000,723.22350000,61.11660000000,0.2083170000,0.032400,3293.74,0.320000,0.300000,1998,"Radial Velocity",4.67517000
"HD 118203 b",12.77823800,680.15279098,6.13497790000,0.0713000000,0.313600,5742.00,1.270000,2.040000,2005,"Radial Velocity",92.25890000
"HD 142 b",12.70000000,2256.58168970,351.43394000000,1.0390000000,0.158000,6245.00,1.210000,1.470000,2001,"Radial Velocity",26.18530000
"GJ 876 d",2.51000000,6.83000000,1.93778000000,0.0208066500,0.207000,3293.74,0.320000,0.300000,2005,"Radial Velocity",4.67517000
"HD 125595 b",,3531.07360177,9.67370000000,0.0800000000,0.000000,4691.00,0.290000,0.740000,2011,"Radial Velocity",28.19890000
"GQ Lup b",33.60000000,6356.00000000,,100.0000000000,,4360.00,0.700000,1.941530,2004,"Imaging",151.16900000
"GJ 876 e",3.92000000,14.60000000,124.26000000000,0.3343000000,0.055000,3293.74,0.320000,0.300000,2010,"Radial Velocity",4.67517000
"HD 100655 b",13.50000000,511.70630000,157.57001000000,0.6800000000,0.090000,4891.00,2.280000,10.060000,2011,"Radial Velocity",137.17800000
"Kepler-744 b",1.62000000,3.26000000,12.06222443000,0.0973500000,0.000000,5594.00,0.940000,0.930000,2016,"Transit",449.96400000
"HD 10180 f",5.24000000,23.90000000,122.74400000000,0.4929000000,0.119000,5911.00,1.060000,1.109000,2010,"Radial Velocity",38.96070000
"HD 126614 b",12.70000000,107.74382997,1257.25303000000,2.2490000000,0.548000,5568.00,0.960000,1.369794,2009,"Radial Velocity",73.09610000
"HD 10180 g",,3375.33768234,604.67000000000,1.4270000000,0.263000,5911.00,1.060000,1.109000,2010,"Radial Velocity",38.96070000
"HD 12661 b",13.30000000,772.32690000,262.70862000000,0.8400000000,0.380000,5645.00,1.200000,1.200000,2000,"Radial Velocity",37.84780000
"HAT-P-15 b",11.88154000,616.59020000,10.86350000000,0.0965000000,0.190000,5568.00,1.000000,1.070000,2010,"Transit",192.51600000
"HAT-P-16 b",14.68376472,1341.56043000,2.77596727000,0.0413000000,0.046200,6140.00,1.218000,1.158000,2010,"Transit",226.63700000
"Kepler-764 b",1.64000000,3.33000000,7.33683936000,0.0724000000,0.000000,5557.00,0.920000,0.890000,2016,"Transit",1047.84000000
"Kepler-123 b",2.94000000,55.30000000,17.23236600000,0.1350000000,0.000000,6089.00,1.079000,1.264000,2014,"Transit",1021.66000000
"HD 104985 b",12.80000000,1766.80811451,199.68000000000,0.7150000000,0.047000,4738.00,1.220000,11.120000,2003,"Radial Velocity",100.57600000
"HD 104067 b",9.20000000,62.10000000,55.85100000000,0.2674000000,0.123000,4952.00,0.820000,0.780000,2011,"Radial Velocity",20.36320000
"HD 13189 b",12.40000000,3480.23850000,471.60001000000,1.2500000000,0.270000,4175.00,2.240000,38.410000,2005,"Radial Velocity",497.82300000
"HD 106252 b",12.50000000,3178.28407000,1535.00000000000,2.6550000000,0.480000,5874.00,1.050000,1.050000,2002,"Radial Velocity",38.18500000
"HD 132406 b",12.80000000,1887.90073758,908.00000000000,1.9800000000,0.250000,5766.00,0.973000,1.340000,2007,"Radial Velocity",70.78320000
"HD 108874 c",13.80000000,314.64000000,1624.00000000000,2.6590000000,0.239000,5551.00,0.950000,1.050000,2005,"Radial Velocity",59.51750000
"HD 10647 b",13.80000000,298.75000000,989.20000000000,2.0150000000,0.150000,6218.00,1.110000,1.100000,2006,"Radial Velocity",17.33570000
"HD 134060 b",3.16000000,10.10000000,3.26960000000,0.0444000000,0.450000,5966.00,1.095000,1.164285,2019,"Radial Velocity",24.01250000
"HAT-P-21 b",12.44199000,1547.83210000,4.12448000000,0.0503700000,0.230000,5588.00,1.240000,1.210000,2010,"Transit",277.27800000
"HD 215152 b",,565.41673605,5.75999000000,0.0576380000,0.000000,4935.00,0.770000,0.730000,2018,"Radial Velocity",21.59740000
"HD 37124 c",14.10000000,207.22516000,885.50000000000,1.7100000000,0.125000,5698.64,0.850000,0.949168,2002,"Radial Velocity",31.66340000
"HD 159868 b",13.30000000,704.94694000,1184.10000000000,2.3200000000,0.024000,5534.00,1.190000,2.130000,2006,"Radial Velocity",55.85030000
"HD 187085 b",13.90000000,265.70588000,1019.74000000000,2.1000000000,0.251000,6117.00,1.189000,1.270000,2006,"Radial Velocity",45.89930000
"HD 216437 b",13.00000000,1334.87930940,1359.00000000000,2.5700000000,0.310000,5909.00,1.220000,1.394000,2002,"Radial Velocity",26.69020000
"HD 187123 c",13.20000000,912.16752809,3810.00000000000,4.8900000000,0.252000,5790.00,1.040000,1.150430,2008,"Radial Velocity",45.95480000
"HD 216770 b",14.10000000,181.16310000,118.45000000000,0.4600000000,0.370000,5399.00,0.740000,0.930000,2003,"Radial Velocity",36.66250000
"HD 18742 b",13.10000000,1080.62200000,766.00000000000,1.8200000000,0.040000,4940.00,1.360000,5.130000,2011,"Radial Velocity",162.68500000
"HD 21693 c",4.34000000,17.37000000,53.73570000000,0.2586000000,0.070000,5430.00,0.800000,0.914378,2019,"Radial Velocity",33.25500000
"HD 162020 b",12.50000000,3127.44720000,8.42820000000,0.0800000000,0.280000,4723.00,0.420000,0.750000,2002,"Radial Velocity",30.82480000
"HD 190647 b",13.40000000,630.89255000,1176.45000000000,2.2310000000,0.224000,5656.00,1.069000,1.376000,2007,"Radial Velocity",54.47380000
"HD 190984 b",13.00000000,1137.82569706,4885.00000000000,5.5000000000,0.570000,5988.00,0.910000,1.530000,2009,"Radial Velocity",148.18700000
"HD 192263 b",14.20000000,177.98480000,24.35560000000,0.1500000000,0.050000,4976.00,0.660000,0.740000,1999,"Radial Velocity",19.63590000
"HD 217786 b",12.30000000,4402.55909376,1301.36009000000,2.4460000000,0.311000,5966.00,1.140000,1.270000,2011,"Radial Velocity",55.48470000
"HD 217107 c",12.90000000,1388.91013859,5138.70000000000,5.9220000000,0.391800,5622.00,1.045000,1.224500,2005,"Radial Velocity",20.06190000
"HD 41004 B b",12.10000000,5838.29000000,1.32830000000,,0.081000,5036.00,0.400000,1.041370,2003,"Radial Velocity",41.55040000
"HD 163607 c",13.30000000,699.54383000,1272.00000000000,2.3900000000,0.080000,5522.00,1.120000,1.760000,2012,"Radial Velocity",67.78550000
"HD 192310 c",5.25000000,24.00000000,525.80000000000,1.1800000000,0.320000,5166.00,0.800000,0.857922,2011,"Radial Velocity",8.79687000
"HD 4208 b",13.90000000,257.44230000,832.97000000000,1.6620000000,0.042000,5717.00,0.883000,0.846000,2001,"Radial Velocity",34.19370000
"HD 164922 b",13.30000000,116.00000000,1207.00000000000,2.1600000000,0.080000,5390.00,0.926000,0.946000,2005,"Radial Velocity",22.00160000
"HD 197037 b",13.90000000,251.00000000,1035.70000000000,2.0700000000,0.220000,6150.00,1.110000,1.105000,2012,"Radial Velocity",33.19440000
"HD 4308 b",4.12000000,15.89150000,15.56000000000,0.1200000000,0.000000,5686.00,0.930000,1.020000,2005,"Radial Velocity",22.01580000
"Kepler-272 c",1.79000000,97.80000000,6.05734200000,0.0610000000,0.000000,5297.00,0.910000,0.929000,2014,"Transit",889.60800000
"HD 4313 b",13.40000000,612.45841000,356.21000000000,1.1570000000,0.147000,4943.00,1.630000,5.140000,2009,"Radial Velocity",136.30800000
"HD 168746 b",11.10000000,85.81410000,6.40400000000,0.0700000000,0.110000,5570.00,1.070000,1.090000,2002,"Radial Velocity",41.56810000
"HD 148156 b",13.90000000,270.14400000,1027.00000000000,2.4500000000,0.520000,6308.00,1.220000,1.210000,2009,"Radial Velocity",57.12890000
"HD 17092 b",12.50000000,3219.61790000,359.89999000000,1.3100000000,0.170000,4326.00,6.730000,13.580000,2007,"Radial Velocity",228.42200000
"HD 27894 b",14.10000000,196.73578393,18.01939000000,0.1250000000,0.047000,4875.00,0.810000,0.891767,2005,"Radial Velocity",43.82140000
"HD 28254 b",13.00000000,1207.74794660,1333.00000000000,2.4500000000,0.950000,5664.00,1.100000,1.480000,2010,"Radial Velocity",55.28840000
"HD 148427 b",13.70000000,381.39408840,331.90000000000,1.1100000000,0.120000,5025.00,1.640000,3.860000,2009,"Radial Velocity",71.34990000
"HD 171028 b",13.20000000,832.71460000,550.00000000000,1.3200000000,0.590000,5671.00,1.530000,2.470000,2007,"Radial Velocity",111.65900000
"HD 204313 c",4.31000000,17.16273398,34.95875000000,0.2110000000,0.059000,5767.00,1.030000,1.100000,2015,"Radial Velocity",47.79450000
"HD 30177 b",12.60000000,2622.08435775,2539.00000000000,3.4900000000,0.186000,5680.00,0.980000,1.019000,2002,"Radial Velocity",55.58670000
"HD 290327 b",13.30000000,772.32690000,2443.00000000000,3.4300000000,0.080000,5505.00,0.840000,0.950000,2009,"Radial Velocity",56.43300000
"HD 152581 b",13.40000000,594.02427000,686.50000000000,1.6600000000,0.040000,5027.00,1.300000,5.140000,2011,"Radial Velocity",165.76000000
"HD 177830 b",13.50000000,537.13270000,410.10001000000,1.1400000000,0.100000,4901.00,1.700000,3.260000,1999,"Radial Velocity",62.76740000
"HD 20794 b",1.45000000,2.70000000,18.31400000000,0.1257000000,0.064000,5368.00,0.790000,0.930000,2011,"Radial Velocity",6.00278000
"HD 31253 b",14.10000000,197.05460000,466.00000000000,1.2600000000,0.300000,6130.00,1.700000,1.750000,2010,"Radial Velocity",58.14380000
"HD 178911 B b",12.60000000,2552.17490000,71.48400000000,0.3400000000,0.110000,5588.00,1.240000,1.080000,2001,"Radial Velocity",40.97270000
"HD 155358 b",13.80000000,314.65170000,194.30000000000,0.6300000000,0.170000,5905.00,1.150000,1.380000,2007,"Radial Velocity",43.61970000
"HD 154857 b",13.30000000,778.68350000,408.60001000000,1.2900000000,0.460000,5589.00,1.960000,2.300000,2004,"Radial Velocity",63.44820000
"HD 155358 c",13.90000000,261.00000000,391.90000000000,1.0200000000,0.160000,5900.00,0.920000,1.380000,2007,"Radial Velocity",43.61970000
"HD 210702 b",13.60000000,481.51003660,355.50000000000,1.0790000000,0.071000,4912.00,1.330000,4.540000,2007,"Radial Velocity",54.19630000
"HD 3651 b",10.10000000,72.46524000,62.25000000000,0.2950000000,0.645000,5221.00,0.799000,0.871954,2003,"Radial Velocity",11.13360000
"HD 156668 b",1.87000000,4.15000000,4.64550000000,0.0500000000,0.000000,4850.00,0.772000,0.720000,2010,"Radial Velocity",24.33230000
"HD 156411 b",14.00000000,235.18000000,842.20000000000,1.8800000000,0.220000,5900.00,1.250000,2.160000,2009,"Radial Velocity",56.86550000
"HD 183263 b",13.10000000,1103.18240070,624.87404000000,1.4600000000,0.383000,5948.00,1.060000,1.230000,2004,"Radial Velocity",54.19550000
"HD 63454 b",12.31000000,79.45750000,2.81805000000,0.0400000000,0.000000,4812.00,0.420000,0.770000,2005,"Radial Velocity",37.68940000
"HD 89307 b",13.40000000,642.01338214,2166.00000000000,3.2700000000,0.200000,5955.00,1.270000,1.100000,2009,"Radial Velocity",32.01040000
"rho CrB b",13.70000000,347.99500000,39.84900000000,0.2245000000,0.046000,5817.00,1.000000,1.361700,1997,"Radial Velocity",17.46710000
"HD 66428 b",12.40000000,3478.94974302,2269.81726000000,3.3950000000,0.471000,5716.00,1.010000,1.130000,2005,"Radial Velocity",53.28170000
"HD 93083 b",14.30000000,143.34061156,144.72000000000,0.5080000000,0.118000,5033.80,0.836000,0.837000,2005,"Radial Velocity",28.51590000
"HD 69830 b",3.17000000,10.20000000,8.66700000000,0.0785000000,0.100000,5385.00,0.860000,0.886947,2006,"Radial Velocity",12.55910000
"TrES-3 b",14.97500000,607.03000000,1.30618581000,0.0228200000,0.000000,5650.00,0.928000,0.829000,2007,"Transit",231.33700000
"WASP-50 b",13.06969400,466.82870400,1.95510000000,0.0293000000,0.009000,5400.00,0.892000,0.843000,2011,"Transit",184.84800000
"HD 69830 d",4.45000000,18.10000000,197.00000000000,0.6300000000,0.070000,5385.00,0.860000,0.886947,2006,"Radial Velocity",12.55910000
"HD 96127 b",13.00000000,1207.74794660,638.90000000000,1.4100000000,0.300000,3943.00,0.910000,35.000000,2011,"Radial Velocity",587.65900000
"HD 70573 b",12.80000000,1900.00000000,851.80000000000,1.7600000000,0.400000,5737.00,1.000000,0.976919,2007,"Radial Velocity",59.18200000
"HD 97658 b",2.12000000,8.30000000,9.48971160000,0.0805000000,0.050000,5212.00,0.850000,0.728000,2010,"Radial Velocity",21.56180000
"V0391 Peg b",13.10000000,1017.05600000,1170.00000000000,1.7000000000,0.000000,29300.00,0.500000,0.230000,2007,"Pulsation Timing Variations",1195.98000000
"WASP-8 b",12.66617000,807.28820000,8.15872000000,0.0801000000,0.310000,5600.00,1.340000,1.030000,2010,"Transit",89.96060000
"WASP-10 b",12.10600000,1001.12000000,3.09276160000,0.0378100000,0.047300,4675.00,0.750000,0.698000,2008,"Transit",140.99800000
"XO-2 N b",11.13053700,199.91507000,2.61585906000,0.0366600000,0.000000,5290.00,0.960000,0.998000,2007,"Transit",154.27300000
"HD 74156 b",13.50000000,532.36258173,51.63564000000,0.2800000000,0.636000,6068.00,1.100000,1.510576,2003,"Radial Velocity",57.60300000
"HD 99706 b",13.70000000,390.93090000,841.00000000000,1.9800000000,0.250000,4862.00,1.460000,5.520000,2011,"Radial Velocity",146.60000000
"HIP 12961 b",13.20000000,114.41880000,57.43500000000,0.2500000000,0.170000,3901.00,0.690000,0.650000,2010,"Radial Velocity",23.37100000
"HD 45184 b",3.52000000,12.19000000,5.88540000000,0.0644000000,0.070000,5869.00,1.030000,1.075139,2019,"Radial Velocity",21.95320000
"WASP-16 b",13.67498000,394.10920000,3.11860000000,0.0415000000,0.000000,5700.00,1.780000,1.140000,2009,"Transit",194.13400000
"HD 45364 b",9.03000000,60.16491745,225.79000000000,0.6793000000,0.067000,5466.00,0.820000,0.890000,2008,"Radial Velocity",34.35400000
"HD 75898 b",13.20000000,810.46243785,422.82000000000,1.2025000000,0.105000,6122.00,1.295000,1.550000,2007,"Radial Velocity",78.05050000
"HD 7924 b",,2058.25676373,5.39792000000,0.0600000000,0.060000,5131.00,0.650000,0.780000,2008,"Radial Velocity",16.99220000
"Kepler-746 b",1.11000000,1.41000000,3.48159251000,0.0435000000,0.000000,5418.00,0.910000,0.930000,2016,"Transit",450.00000000
"HD 79498 b",13.60000000,425.89220000,1807.00000000000,2.9800000000,0.575000,5748.00,1.080000,1.050000,2011,"Radial Velocity",48.94890000
"HD 48265 b",12.60000000,2351.93021180,778.51000000000,1.8140000000,0.211000,5733.00,1.312000,1.901000,2008,"Radial Velocity",90.54460000
"HD 49674 b",6.20000000,31.78300000,4.94737000000,0.0600000000,0.090000,5602.00,1.030000,1.020000,2002,"Radial Velocity",43.03990000
"HIP 57274 c",14.20000000,130.00000000,32.03000000000,0.1780000000,0.050000,4640.00,0.730000,0.680000,2011,"Radial Velocity",25.86180000
"HD 52265 b",13.70000000,384.57430000,119.27000000000,0.5200000000,0.270000,6136.00,1.204000,1.320000,2000,"Radial Velocity",29.98030000
"HR 8799 e",13.11453000,3178.30000000,20815.60000000000,16.4000000000,0.150000,7400.00,1.510000,1.493380,2010,"Imaging",41.24410000
"HD 5891 b",12.60000000,2425.04290000,177.11000000000,0.6400000000,0.070000,4673.00,1.930000,10.640000,2011,"Radial Velocity",283.50200000
"HD 85390 b",6.16000000,31.46517000,799.52000000000,1.3730000000,0.500000,5186.00,0.758000,0.800000,2011,"Radial Velocity",33.52250000
"xi Aql b",13.40000000,616.90493799,136.97000000000,0.6250000000,0.059000,4841.00,1.740000,10.860000,2007,"Radial Velocity",56.18580000
"WASP-35 b",14.57170000,225.65930000,3.16158000000,0.0431700000,0.000000,5990.00,1.050000,1.080000,2011,"Transit",202.21800000
"TOI-1408 b",25.00000000,593.00000000,4.42587000000,0.0577800000,0.002300,6117.00,1.312000,1.530000,2023,"Transit",139.48400000
"TOI-2524 b",11.20898070,203.41018048,7.18585000000,0.0730000000,0.000000,5831.00,1.007000,1.119000,2023,"Transit",438.84200000
"HD 219415 b",13.80000000,317.83000000,2093.30000000000,3.2000000000,0.400000,4820.00,1.000000,2.900000,2012,"Radial Velocity",165.18400000
"WD 0806-661 b",12.10569916,2224.79884900,,2500.0000000000,,10393.00,0.605000,,2011,"Imaging",19.24440000
"WASP-99 b",11.43318000,772.32690000,5.75251000000,0.0717000000,0.000000,6150.00,1.210000,1.640000,2014,"Transit",158.66000000
"HD 32963 b",13.40000000,657.90480249,2372.00000000000,3.4100000000,0.070000,5727.00,0.940000,1.111044,2015,"Radial Velocity",38.07860000
"K2-133 b",1.34000000,2.36000000,3.07133000000,0.0319400000,,3655.00,0.461000,0.455000,2017,"Transit",75.17030000
"HATS-53 b",15.02006000,189.10885000,3.85377680000,0.0475300000,0.330000,5644.00,0.964000,1.101000,2017,"Transit",585.77000000
"Kepler-286 b",1.24000000,2.07000000,1.79630200000,0.0270000000,0.000000,5580.00,0.830000,0.863000,2014,"Transit",1226.85000000
"TOI-283 b",2.34000000,6.54000000,17.61745000000,0.1230000000,0.000000,5213.00,0.800000,0.850000,2025,"Transit",82.70130000
"Kepler-69 b",2.24000000,5.65000000,13.72234100000,0.0940000000,0.160000,5638.00,0.810000,0.930000,2013,"Transit",730.62500000
"TOI-2525 b",8.67575106,26.69758619,23.28560000000,0.1511000000,0.170000,5096.00,0.849000,0.785000,2023,"Transit",395.39800000
"HD 169830 b",13.20000000,804.42369812,225.67372000000,0.7650000000,0.294000,6300.00,1.170000,1.935709,2000,"Radial Velocity",37.60480000
"HD 192699 b",13.40000000,666.17168000,340.94000000000,1.0630000000,0.082000,5041.00,1.380000,4.410000,2007,"Radial Velocity",71.86270000
"Pr0211 b",13.40000000,597.52040000,2.14610000000,0.0317600000,0.011000,5300.00,0.935000,0.827000,2012,"Radial Velocity",182.71400000
"HATS-3 b",15.48000000,340.38200000,3.54785100000,0.0485000000,0.000000,6351.00,1.209000,1.404000,2013,"Transit",411.21100000
"HD 33844 c",13.50000000,556.20250000,916.00000000000,2.2400000000,0.130000,4861.00,1.780000,5.290000,2015,"Radial Velocity",105.77900000
"HATS-29 b",14.02245900,207.54299000,4.60587490000,0.0547500000,0.158000,5670.00,1.032000,1.073000,2016,"Transit",353.89100000
"K2-138 b",1.51000000,3.10000000,2.35309000000,0.0338500000,0.048000,5356.30,0.935000,0.863000,2017,"Transit",202.58500000
"gam Lib c",12.80000000,1662.56039702,966.49000000000,2.3180000000,0.065000,4879.00,1.780000,12.380000,2018,"Radial Velocity",47.40170000
"TOI-406.01",2.08000000,6.57000000,13.17568200000,0.0809000000,0.056000,3392.00,0.408000,0.410000,2024,"Transit",31.05970000
"Kepler-282 d",2.46000000,61.00000000,24.80600000000,0.1583700000,0.000000,5656.00,0.970000,0.890000,2013,"Transit",1337.61000000
"TOI-663 b",2.27000000,4.45000000,2.59890200000,0.0295000000,,3681.00,0.514000,0.512000,2024,"Transit",64.23080000
"Kepler-283 b",2.13000000,5.18000000,11.00815100000,0.0820000000,0.000000,4351.00,0.596000,0.566000,2014,"Transit",468.09400000
"HD 195019 b",13.00000000,1264.96340000,18.20132000000,0.1400000000,0.010000,5751.00,1.210000,1.480000,1998,"Radial Velocity",37.66810000
"BD-06 1339 c",8.38000000,53.00000000,125.94000000000,0.4350000000,0.310000,4324.00,0.700000,0.686355,2013,"Radial Velocity",20.26950000
"CoRoT-25 b",12.11000000,85.81000000,4.86069000000,0.0578000000,0.000000,6040.00,1.090000,1.190000,2013,"Transit",1103.48000000
"HD 564 b",12.50000000,104.88000000,492.30000000000,1.2000000000,0.096000,5902.00,0.961000,1.010000,2014,"Radial Velocity",51.16590000
"HATS-45 b",14.41477400,222.48100000,4.18762440000,0.0551100000,0.240000,6450.00,1.272000,1.315000,2018,"Transit",772.11000000
"Kepler-421 b",4.16000000,16.10000000,704.19840000000,1.2190000000,0.041000,5308.00,0.794000,0.757000,2014,"Transit",348.55800000
"TOI-663 d",1.92000000,5.20000000,7.10272680000,0.0576000000,,3681.00,0.514000,0.512000,2024,"Transit",64.23080000
"TOI-1443 b",2.30381001,30.00000000,23.54067800000,0.1470000000,0.000000,5224.00,0.766300,0.751100,2024,"Transit",85.80340000
"HAT-P-41 b",22.97845000,378.21770000,2.69405000000,0.0425800000,0.000000,6390.00,2.560000,2.050000,2012,"Transit",348.18500000
"HD 5608 b",13.70000000,371.22357938,768.70000000000,1.7900000000,0.110000,4807.00,1.290000,5.430000,2012,"Radial Velocity",58.11050000
"HD 13908 b",13.90000000,274.91000000,19.38200000000,0.1540000000,0.020000,6255.00,1.290000,1.670000,2013,"Radial Velocity",79.55150000
"HD 108341 b",13.30000000,715.11391575,1129.00000000000,2.0000000000,0.850000,5122.00,0.843000,0.790000,2014,"Radial Velocity",48.91020000
"KELT-12 b",19.95202000,301.93850000,5.03162300000,0.0670800000,0.000000,6279.00,1.591000,2.370000,2017,"Transit",368.03000000
"HD 34445 f",6.88000000,37.90000000,676.80000000000,1.5430000000,0.031000,5836.00,1.070000,1.380000,2017,"Radial Velocity",46.09070000
"HD 34445 e",4.26000000,16.80000000,49.17500000000,0.2687000000,0.090000,5836.00,1.070000,1.380000,2017,"Radial Velocity",46.09070000
"KELT-19 A b",21.40919000,1293.56810000,4.61170930000,0.0637000000,,7500.00,1.620000,1.830000,2017,"Transit",300.27600000
"KOI-1257 b",10.54000000,460.83000000,86.64766100000,0.3820000000,0.772000,5520.00,0.990000,1.130000,2014,"Transit",656.00000000
"TOI-1226 b",2.41011120,6.39000000,3.92880881576,,,5434.91,1.010000,0.986943,2026,"Transit",257.93000000
"K2-219 d",2.57634456,7.16000000,11.13727800000,,,5753.00,1.021545,1.189232,2018,"Transit",325.40000000
"HD 216435 b",13.70000000,400.40000000,1311.00000000000,2.5600000000,0.070000,5999.00,1.300000,1.800029,2002,"Radial Velocity",32.98340000
"HD 23079 b",13.20000000,845.42356262,735.74000000000,1.6000000000,0.073480,5994.00,1.160000,1.080000,2001,"Radial Velocity",33.45910000
"BD+49 828 b",13.50000000,508.50000000,2590.00000000000,4.2000000000,0.350000,4943.00,1.520000,7.600000,2015,"Radial Velocity",442.04200000
"HD 20794 e",2.03000000,4.77000000,147.02000000000,0.5090000000,0.290000,5401.00,0.813000,0.930000,2017,"Radial Velocity",6.00278000
"K2-239 b",1.10000000,1.37000000,5.24000000000,0.0441000000,,3420.00,0.400000,0.360000,2018,"Transit",31.08490000
"TOI-880.02",2.19000000,5.43000000,2.57571000000,0.0349000000,,5050.00,0.870000,0.830000,2024,"Transit",60.66790000
"TOI-1232 b",10.92875618,220.57291446,14.25600000000,0.1170000000,0.065000,5823.00,1.058000,1.072000,2026,"Transit",328.60400000
"WASP-71 b",13.22662000,441.78370000,2.90367000000,0.0460000000,0.000000,6050.00,0.760000,1.820000,2012,"Transit",362.71500000
"HD 159243 c",13.40000000,603.90000000,248.40000000000,0.8000000000,0.075000,6123.00,1.125000,1.120000,2013,"Radial Velocity",73.30550000
"HIP 91258 b",13.70000000,346.43470000,5.05050000000,0.0600000000,0.020000,5519.00,0.970000,0.890000,2013,"Radial Velocity",45.88460000
"HIP 109384 b",13.50000000,495.81480000,499.48000000000,1.1340000000,0.549000,5180.00,0.780000,0.831075,2016,"Radial Velocity",58.95820000
"HD 27894 c",8.24000000,51.48846000,36.07000000000,0.1980000000,0.015000,4875.00,0.800000,0.891767,2017,"Radial Velocity",43.82140000
"K2-239 d",1.10000000,1.37000000,10.11500000000,0.0685000000,,3420.00,0.400000,0.360000,2018,"Transit",31.08490000
"Kepler-778 b",1.68000000,3.46000000,3.75574426000,0.0453000000,0.000000,5102.00,0.810000,0.770000,2016,"Transit",938.16800000
"TOI-1244 b",2.46700000,6.60000000,6.40031648300,0.0606940000,0.000000,4599.00,0.730000,0.721000,2024,"Transit",102.55100000
"TOI-1466 b",2.46741991,6.65000000,1.87190602231,,,4435.39,0.660000,0.749646,2026,"Transit",86.57830000
"K2-157 b",0.93500000,1.14000000,0.36525750000,0.0096200000,,5334.00,0.890000,0.860000,2018,"Transit",298.37300000
"HD 33564 b",12.50000000,2892.10000000,388.00000000000,1.1000000000,0.340000,6250.00,1.250000,1.436700,2005,"Radial Velocity",20.95310000
"WASP-55 b",14.72860064,186.24744650,4.46563100000,0.0558000000,0.000000,6096.00,1.071000,1.090000,2012,"Transit",297.46200000
"ROXs 12 b",12.20000000,5085.00000000,,210.0000000000,0.830000,3850.00,0.870000,1.066270,2013,"Imaging",136.65000000
"bet UMi b",12.70000000,1938.70000000,522.30000000000,1.4000000000,0.190000,4126.00,1.400000,38.300000,2014,"Radial Velocity",38.77472000
"HD 216536 b",13.80000000,333.72150000,148.60001000000,0.6100000000,0.380000,4639.00,0.810000,9.830000,2015,"Radial Velocity",376.23300000
"HIP 65407 b",14.30000000,136.03124000,28.12500000000,0.1770000000,0.140000,5460.00,0.930000,0.952252,2016,"Radial Velocity",61.78040000
"HD 12484 b",13.20000000,947.13340000,58.83000000000,0.2970000000,0.070000,5920.00,1.010000,1.001848,2016,"Radial Velocity",48.33670000
"NGTS-1 b",14.90797000,258.07796000,2.64729800000,0.0326000000,0.016000,3916.00,0.617000,0.573000,2017,"Transit",218.12100000
"K2-148 b",1.33000000,2.33000000,4.38395000000,0.0454000000,,4079.00,0.650000,0.632000,2018,"Transit",124.45800000
"K2-158 b",2.64000000,7.46000000,10.06049000000,0.0887000000,,5503.00,0.920000,0.950000,2018,"Transit",197.29900000
"HD 86081 b",13.60000000,470.38840000,2.13784310000,0.0346000000,0.011900,5939.00,1.210000,1.460000,2006,"Radial Velocity",103.93600000
"HD 45652 b",14.30000000,137.62039000,44.07300000000,0.2370000000,0.607000,5294.00,0.920000,0.940000,2008,"Radial Velocity",34.85410000
"WASP-62 b",14.79588000,165.27160000,4.41195000000,0.0571000000,0.000000,6230.00,1.110000,1.230000,2012,"Transit",175.63100000
"TOI-1422 b",3.83000000,9.50000000,12.99894000000,0.1070000000,0.200000,5840.00,0.990300,1.019000,2022,"Transit",155.14100000
"HIP 65426 b",16.81350000,2860.47000000,,92.0000000000,,8840.00,1.960000,1.770000,2017,"Imaging",108.87500000
"K2-148 d",1.64000000,3.33000000,9.75790000000,0.0774000000,,4079.00,0.650000,0.632000,2018,"Transit",124.45800000
"GJ 1265 b",2.63000000,7.40000000,3.65110000000,0.0260000000,0.040000,3236.00,0.178000,0.192000,2018,"Radial Velocity",10.25250000
"HD 6061 b",2.42763557,10.00000000,5.25490000000,0.0600000000,0.000000,5934.00,1.026900,1.007200,2023,"Transit",67.62030000
"FU Tau b",12.20000000,5085.28000000,,800.0000000000,,2838.00,0.050000,,2008,"Imaging",133.49504660
"Kepler-19 c",3.68000000,13.10000000,28.73100000000,0.1765736996,0.210000,5544.00,0.936000,0.859000,2011,"Transit Timing Variations",218.56200000
"Kepler-25 d",10.00000000,71.90000000,122.40000000000,0.4164221832,0.130000,6354.00,1.165000,1.316000,2014,"Radial Velocity",243.24900000
"HIP 8541 b",12.60000000,2451.72833160,1852.14387000000,3.7290000000,0.360000,4672.00,2.009000,6.840000,2016,"Radial Velocity",155.12100000
"K2-113 b",12.14000000,410.00070000,5.81768500000,0.0642000000,0.000000,5660.00,1.040000,1.240000,2017,"Transit",635.72200000
"K2-152 b",2.29000000,5.86000000,32.64790000000,0.1716000000,,4044.00,0.630000,0.610000,2018,"Transit",108.44900000
"K2-243 c",2.01000000,4.70000000,24.94598000000,0.1817000000,,6570.00,1.290000,1.390000,2018,"Transit",266.86400000
"HD 13167 b",13.10000000,1052.01730000,2613.00000000000,4.1000000000,0.563000,5671.00,1.350000,2.390000,2018,"Radial Velocity",148.93400000
"TOI-929 b",2.68983343,7.70000000,5.83015366944,,,4457.16,0.700000,0.717414,2026,"Transit",114.42100000
"K2-162 b",1.44000000,2.67000000,9.45889000000,0.0795000000,,4842.00,0.750000,0.690000,2018,"Transit",124.43300000
"K2-161 b",6.11721229,31.10000000,9.28318800000,,,4972.00,0.986876,2.568173,2018,"Transit",916.31900000
"KELT-3 b",17.48604000,616.59020000,2.70339000000,0.0412300000,0.000000,6304.00,1.960000,1.700000,2013,"Transit",210.25200000
"Kepler-97 c",,344.00000000,789.00000000000,,,5779.00,0.940000,0.980000,2014,"Radial Velocity",400.90700000
"KELT-14 b",19.53728700,408.09372000,1.71005660000,0.0300500000,0.000000,5720.00,1.239000,1.520000,2016,"Transit",250.12100000
"tau Cet h",1.19000000,1.83000000,49.41000000000,0.2430000000,0.230000,5310.00,0.783000,0.830000,2017,"Radial Velocity",3.60304000
"K2-154 c",2.07000000,4.94000000,7.95486000000,0.0677000000,,4097.00,0.650000,0.630000,2018,"Transit",129.35600000
"K2-246 b",3.49000000,12.00000000,5.76918000000,0.0602000000,,5610.00,0.870000,0.940000,2018,"Transit",703.61600000
"TOI-969 b",2.76500000,9.10000000,1.82373050000,0.0263600000,,4435.00,0.734000,0.671000,2022,"Transit",77.25540000
"TOI-1291 b",5.63826391,27.10000000,7.16200975510,,,6139.95,1.200000,1.810900,2026,"Transit",428.12300000
"HD 220689 b",13.70000000,381.39408840,2266.40000000000,3.3960000000,0.054000,5921.00,1.016000,1.068000,2012,"Radial Velocity",46.87780000
"GJ 163 b",3.25000000,10.60000000,8.63182000000,0.0607000000,0.073000,3500.00,0.400000,0.409738,2013,"Radial Velocity",15.12850000
"WASP-104 b",12.74500000,404.26300000,1.75541370000,0.0291800000,0.000000,5475.00,1.076000,0.963000,2014,"Transit",185.93200000
"HAT-P-53 b",14.77346200,471.65972000,1.96162410000,0.0315900000,0.134000,5956.00,1.093000,1.209000,2015,"Transit",666.80200000
"HD 111591 b",12.90000000,1398.45200000,1056.40000000000,2.5000000000,0.260000,4884.00,1.940000,8.030000,2017,"Radial Velocity",114.16600000
"K2-155 b",1.80000000,3.89000000,6.34200000000,0.0562000000,,4258.00,0.650000,0.580000,2018,"Transit",72.79980000
"HD 180053 b",13.30000000,697.31902000,213.72000000000,0.8430000000,0.081000,5131.00,1.750000,4.060000,2018,"Radial Velocity",137.04300000
"TOI-1669 c",2.29639770,13.00000000,2.68005350000,0.0376000000,0.000000,5497.00,0.986700,1.056100,2024,"Transit",111.27600000
"K2-165 d",2.64809498,7.50000000,14.10136100000,,,5185.00,0.834847,0.803827,2018,"Transit",134.59100000
"DENIS-P J082303.1-491201 b",11.90000000,9057.77000000,246.36000000000,0.3600000000,0.345000,,0.075000,,2013,"Astrometry",20.77000000
"NGC 2682 YBP 1514 b",14.00000000,127.13200000,5.11800000000,,0.280000,5725.00,0.960000,0.890000,2014,"Radial Velocity",914.22100000
"HD 14067 b",12.20000000,4862.77462710,2744.00000000000,5.1500000000,0.650000,4815.00,2.400000,12.400000,2014,"Radial Velocity",142.02400000
"K2-30 b",11.64615100,184.02357000,4.09850300000,0.0483900000,0.000000,5425.00,0.900000,0.844000,2016,"Transit",333.04200000
"YZ Cet d",1.03000000,1.09000000,4.65626000000,0.0285100000,0.070000,3151.00,0.142000,0.157000,2017,"Radial Velocity",3.71207000
"Kepler-90 i",1.32000000,2.30000000,14.44912000000,0.1201380843,0.000000,6015.00,1.120000,1.290000,2017,"Transit",848.25400000
"HD 75784 c",12.80000000,1792.56120000,7900.00000000000,8.4000000000,0.489000,4867.00,1.260000,3.400000,2018,"Radial Velocity",85.43210000
"WASP-56 b",10.53646000,143.02350000,4.61710000000,0.0561400000,0.000000,5600.00,0.710000,0.960000,2012,"Transit",321.08400000
"GJ 667 C g",1.99000000,4.60000000,256.20000000000,0.5490000000,0.080000,3350.00,0.330000,,2013,"Radial Velocity",7.24396000
"WASP-135 b",14.57170000,603.87700000,1.40137940000,0.0243000000,0.000000,5675.00,0.980000,0.960000,2015,"Transit",298.21400000
"CoRoT-32 b",6.38913000,47.67450000,6.71837000000,0.0710000000,,5970.00,1.080000,0.790000,2018,"Transit",576.68300000
"TOI-1054.01",2.43432000,6.50000000,15.50778550000,,,6122.00,1.140000,1.170000,2021,"Transit",88.43430000
"Kepler-504 b",1.59000000,3.15000000,9.54927542200,0.0646000000,0.000000,3519.00,0.330000,0.330000,2016,"Transit",99.06880000
"KMT-2025-BLG-0975L b",5.97000000,29.80000000,,0.8100000000,,,0.100000,,2026,"Microlensing",7923.00000000
"TOI-1691 b",3.66000000,14.60000000,16.73688893500,0.1293650000,0.000000,5759.00,1.030000,1.000000,2024,"Transit",111.44500000
"K2-221 b",1.67890272,3.46000000,2.39909400000,,,5716.00,1.010842,0.947599,2018,"Transit",318.81000000
"GJ 504 b",12.10569916,1271.30000000,,43.5000000000,,6234.00,1.220000,1.260000,2013,"Imaging",17.52990000
"WASP-68 b",14.79588000,343.25640000,5.08430000000,0.0620600000,0.000000,5910.00,1.490000,1.790000,2014,"Transit",226.39900000
"psi1 Dra B b",13.50000000,486.27990000,3117.00000000000,4.4300000000,0.400000,6212.00,1.190000,1.255735,2015,"Radial Velocity",22.71880000
"K2-118 b",2.54000000,6.99000000,50.92092000000,0.2450000000,0.200000,4726.29,0.756446,0.734626,2017,"Transit",321.72200000
"GJ 3942 b",2.57000000,7.14000000,6.90500000000,0.0608000000,0.121000,3867.00,0.630000,0.610000,2017,"Radial Velocity",16.92870000
"Kepler-1654 b",9.18017100,158.91500000,1047.83560000000,2.0260000000,0.260000,5597.00,1.011000,1.179000,2018,"Transit",568.11700000
"TOI-1695 b",1.90000000,6.36000000,3.13427910000,0.0335480000,0.097000,3690.00,0.513000,0.515000,2022,"Transit",45.13090000
"Kepler-750 b",3.07000000,9.64000000,9.42887179000,0.0874200000,0.000000,6160.00,1.150000,1.230000,2016,"Transit",1296.02000000
"WASP-78 b",21.63337000,352.79130000,2.17518000000,0.0348800000,0.000000,6100.00,1.870000,2.460000,2012,"Transit",754.25800000
"HD 66141 b",12.80000000,1906.90000000,480.50000000000,1.2000000000,0.070000,4323.00,1.100000,21.400000,2012,"Radial Velocity",68.15090000
"HD 203030 b",14.45958510,3496.11247700,,487.1000000000,,5603.00,0.940000,0.856458,2006,"Imaging",39.25030000
"WASP-88 b",16.36514000,133.48860000,4.95400000000,0.0643100000,0.000000,6430.00,0.940000,1.800000,2014,"Transit",523.75600000
"KIC 10001893 c",,,0.32528000000,,,27500.00,0.470000,0.180000,2014,"Orbital Brightness Modulation",1672.94000000
"Wolf 1061 d",2.69000000,7.70000000,217.21000000000,0.4700000000,0.550000,3342.00,0.294000,0.307000,2015,"Radial Velocity",4.30592000
"K2-130 b",1.25000000,2.10000000,2.49412000000,0.0320000000,0.170000,4356.47,0.695630,0.744261,2017,"Transit",118.01100000
"K2-129 b",1.04000000,1.12000000,8.23949300000,0.0570000000,0.130000,3459.09,0.360031,0.360010,2017,"Transit",27.79570000
"HD 147379 b",4.94000000,21.60000000,86.58000000000,0.3193000000,0.063000,4090.00,0.580000,0.628304,2017,"Radial Velocity",10.76430000
"HATS-42 b",15.69260000,597.52040000,2.29210200000,0.0368900000,0.229000,6060.00,1.273000,1.480000,2018,"Transit",800.37700000
"WASP-144 b",9.52765000,139.84520000,2.27831520000,0.0316000000,0.000000,5200.00,0.810000,0.810000,2018,"Transit",355.51300000
"HD 83443 c",13.60000000,476.74261050,8241.00000000000,8.0000000000,0.760000,5442.00,1.000000,0.940000,2022,"Radial Velocity",40.89910000
"TOI-1347 c",1.60000000,6.40000000,4.84196200000,0.0546000000,0.000000,5464.00,0.913000,0.830000,2024,"Transit",147.47600000
"HD 108147 b",10.90000000,82.95000000,10.89850000000,0.1020000000,0.530000,6255.73,1.220000,1.206640,2002,"Radial Velocity",38.92000000
"CHXR 73 b",12.30000000,3994.48600000,,210.0000000000,,3099.00,0.350000,,2006,"Imaging",190.37400000
"KIC 8540376 b",4.10000000,15.80000000,31.80990000000,,,6474.00,1.040000,1.260000,2015,"Transit",1072.30000000
"HATS-51 b",15.80469000,244.09344000,3.34887020000,0.0463900000,0.330000,5758.00,1.187000,1.440000,2017,"Transit",389.57000000
"K2-233 b",1.31500000,2.40000000,2.46758300000,0.0329300000,0.000000,4796.00,0.790000,0.710000,2018,"Transit",67.50620000
"Kepler-814 b",2.12000000,5.14000000,6.14698510000,0.0695000000,0.000000,6162.00,1.150000,1.220000,2016,"Transit",2055.77000000
"HD 18599 b",2.60000000,24.10000000,4.13743540000,0.0480000000,0.340000,5145.00,0.863000,0.767000,2022,"Transit",38.56530000
"Kepler-127 c",2.66000000,7.56000000,29.39319500000,0.2000000000,0.030000,6106.00,1.248000,1.359000,2014,"Transit",352.79400000
"HIP 55507 b",12.60000000,2585.53409095,5138.43727000000,5.0620000000,0.362000,4171.00,0.650000,0.723643,2022,"Radial Velocity",25.48930000
"NGC 2682 Sand 1429 b",13.40000000,572.09113260,77.48000000000,0.3840000000,0.000000,6000.00,1.260000,2.130000,2024,"Radial Velocity",852.79300000
"Kepler-955 b",3.13000000,9.96000000,14.53244172000,0.1083000000,0.000000,5350.00,0.890000,0.840000,2016,"Transit",550.38300000
"Kepler-962 b",1.97000000,4.54000000,12.05707239000,0.0987400000,0.000000,5478.00,0.930000,0.860000,2016,"Transit",411.48600000
"TOI-5678 b",4.91000000,20.00000000,47.73022000000,0.2490000000,0.140000,5485.00,0.905000,0.938000,2023,"Transit",165.39300000
"HD 155918 c",12.80000000,1878.04805696,17202.19446000000,13.1830000000,0.071000,5771.84,1.030000,1.019060,2022,"Radial Velocity",27.56100000
"TOI-6034 b",11.92000000,254.00000000,2.57618400000,0.0294900000,0.040000,3635.00,0.514000,0.489000,2024,"Transit",117.99200000
"HD 101581 b",0.95600000,0.82700000,4.46569000000,0.0460000000,,4675.00,0.653000,0.630000,2025,"Transit",12.77810000
"Kepler-922 b",1.42000000,2.60000000,0.93846683200,0.0179500000,0.000000,5671.00,0.950000,0.930000,2016,"Transit",536.32300000
"Barnard c",0.74300000,0.33500000,4.12440000000,0.0274000000,0.080000,3195.00,0.162000,0.185000,2025,"Radial Velocity",1.82655000
"TIC 32032563 b",3.47739942,11.90000000,13.83460487791,,,5567.93,1.050000,1.001880,2026,"Transit",507.85800000
"Kepler-911 b",2.60000000,7.27000000,20.31050100000,0.1559400000,0.000000,6112.00,1.340000,1.990000,2016,"Transit",556.16800000
"HD 16905 b",12.40000000,3591.46099910,10256.00000000000,8.8000000000,0.680000,4866.12,0.850000,0.774940,2022,"Radial Velocity",39.74010000
"HD 184010 b",12.10000000,98.52680617,286.60000000000,0.9400000000,0.000000,4971.00,1.350000,4.860000,2022,"Radial Velocity",60.79930000
"TOI-6041 b",4.55000000,28.90000000,26.04945000000,0.1651000000,,5445.00,0.885000,0.879000,2025,"Transit",72.47310000
"TOI-6281 b",1.92416074,4.36000000,1.05426244177,,,4533.23,0.650000,0.874219,2026,"Transit",57.74510000
"TOI-4600 c",9.42000000,2946.26933289,482.81910000000,1.1520000000,0.210000,5170.00,0.890000,0.810000,2023,"Transit",216.05600000
"Luhman 16 b",11.90000000,9344.15516580,9697.00000000000,3.5200000000,0.344000,,0.033800,,2017,"Imaging",
"Barnard b",0.72000000,0.29900000,3.15420000000,0.0229000000,0.030000,3195.00,0.162000,0.185000,2024,"Radial Velocity",1.82655000
"Barnard e",0.63700000,0.19300000,6.73920000000,0.0381000000,0.040000,3195.00,0.162000,0.185000,2025,"Radial Velocity",1.82655000
"HD 224018 c",2.42000000,10.40000000,36.57669000000,0.2170000000,0.020000,5784.00,1.013000,1.147000,2025,"Transit",105.48000000
"TIC 38825265 b",2.18869476,5.43000000,3.31336980985,,,4375.52,0.640000,0.664503,2026,"Transit",165.63800000
"Kepler-1012 b",1.29000000,2.21000000,5.50860439000,0.0606600000,0.000000,5556.00,0.950000,0.910000,2016,"Transit",411.07700000
"Kepler-1754 b",2.43996509,6.53000000,8.19594955400,0.0718000000,0.000000,4723.00,0.734000,0.747000,2021,"Transit",718.94500000
"LHS 1678 d",0.98100000,0.90700000,4.96522290000,0.0400000000,0.036000,3490.00,0.345000,0.329000,2024,"Transit",19.87820000
"HD 18143 c",12.50000000,3177.64841319,28982.41764000000,17.5300000000,0.194000,5078.00,0.850000,0.870000,2022,"Radial Velocity",22.52430000
"Kepler-935 b",1.35000000,2.39000000,4.88083852000,0.0527000000,0.000000,4830.00,0.780000,0.730000,2016,"Transit",471.78200000
"Kepler-879 c",0.40000000,0.03640000,0.64671600000,,,5456.75,0.974000,1.022000,2024,"Transit",802.67200000
"ZTF J1230-2655 b",13.78704626,7024.00779470,0.23597766000,,,10000.00,0.646000,0.012300,2025,"Transit",186.69000000
"TIC 270471727 b",2.75029559,8.00000000,10.45623256647,,,5271.39,0.900000,0.997091,2026,"Transit",182.10400000
"TIC 65612701 b",5.07802804,22.70000000,10.22467974953,,,5692.29,1.060000,1.737090,2026,"Transit",151.62400000
"Kepler-1014 b",2.39000000,6.30000000,16.57110363000,0.1210000000,0.000000,5388.00,0.880000,0.840000,2016,"Transit",624.80000000
"Kepler-1044 b",2.67000000,7.61000000,6.77408868000,0.0741000000,0.000000,5985.00,1.080000,1.110000,2016,"Transit",1278.96000000
"Kepler-66 b",2.80000000,8.25000000,17.81581500000,0.1352000000,0.000000,5962.00,1.038000,0.966000,2013,"Transit",1202.96000000
"Kepler-857 b",6.80000000,37.20000000,85.35129427000,0.3751000000,0.000000,5773.00,0.990000,0.990000,2016,"Transit",983.50200000
"TOI-6080 b",3.32424168,11.00000000,8.05562348084,,,5775.46,1.010000,1.062210,2026,"Transit",188.18300000
"Wolf 1069 b",1.08000000,1.26000000,15.56400000000,0.0672000000,,3158.00,0.167000,0.181300,2023,"Radial Velocity",9.58341000
"TOI-6330 b",10.89000000,3179.00000000,6.85002460000,0.0576300000,0.340000,3539.00,0.531000,0.490000,2025,"Transit",139.04200000
"ITG 15 b",12.10000000,6674.39654700,,435.0000000000,,,,,2024,"Imaging",136.37000000
"WISPIT 2 b",17.93436912,1541.46777395,,57.0000000000,,4400.00,1.080000,1.418000,2025,"Imaging",134.90700000
"NGTS-38 b",12.11690814,1516.04150139,180.52797000000,0.6970000000,0.308600,6310.00,1.460000,1.880000,2026,"Transit",268.63700000
"TOI-5210 b",10.72699453,81.99972901,4.56610610000,0.0557000000,0.066000,5723.00,1.105000,1.209000,2025,"Transit",302.08600000
"TOI-5726.01",2.55400000,7.05000000,5.49112521500,0.0621860000,,5874.00,1.060000,1.106000,2024,"Transit",108.84800000
"HD 194490 b",12.40000000,3561.90295725,13092.18348000000,11.1160000000,0.251000,5861.32,1.060000,1.149110,2022,"Radial Velocity",80.23490000
"HD 190228 b",12.90000000,1598.67688721,1143.59858000000,2.4060000000,0.559000,5360.00,1.415000,2.586580,2022,"Radial Velocity",62.71460000
"HD 206893 b",14.01122587,6197.65393650,11100.00000000000,10.7500000000,0.069000,6500.00,1.310000,1.311160,2021,"Imaging",40.75830000
"HD 112570 b",13.10000000,1086.97315194,2615.00000000000,3.9000000000,0.200000,4750.00,1.150000,9.850000,2023,"Radial Velocity",101.16600000
"HD 154391 b",12.50000000,2892.23850370,5163.00000000000,7.4600000000,0.200000,4909.00,2.070000,8.560000,2023,"Radial Velocity",100.94700000
"G 196-3 b",12.00000000,8263.53858200,,350.0000000000,,3517.00,0.519782,0.522432,2024,"Imaging",21.79120000
"Kepler-1026 b",2.21000000,5.52000000,36.51560530000,0.1977000000,0.000000,4948.00,0.790000,0.750000,2016,"Transit",351.23900000
"G 261-6 b",1.10000000,1.37000000,5.45360000000,0.0297100000,0.000000,2907.00,0.118000,0.153162,2025,"Radial Velocity",10.62670000
"TOI-5789 d",1.91000000,4.29000000,29.65000000000,0.1756000000,0.096000,5185.00,0.821000,0.833000,2026,"Radial Velocity",20.45810000
"TOI-5789 b",1.26000000,2.12000000,2.76369000000,0.0360800000,0.000000,5185.00,0.821000,0.833000,2026,"Radial Velocity",20.45810000
"TIC 142589416 b",2.67899519,7.65000000,2.09518466313,,,4396.27,0.641000,0.713832,2026,"Transit",168.93300000
"NGTS-39 b",12.19537100,466.25427307,58.20472000000,0.3077000000,0.386000,6053.00,1.160000,1.160000,2026,"Transit",278.40200000
"Gliese 48 b",2.77000000,8.11000000,39.62990000000,0.1752000000,0.000000,3450.00,0.470000,0.463000,2026,"Radial Velocity",8.23366000
"Kepler-993 b",2.97000000,9.11000000,22.08557563000,0.1300000000,0.000000,3843.00,0.570000,0.540000,2016,"Transit",324.42300000
"Kepler-80 d",1.53000000,6.75000000,3.07222000000,0.0372000000,0.004100,4540.00,0.730000,0.678000,2014,"Transit",369.45100000
"K2-411 b",0.98980000,0.93700000,3.21410000000,0.0511000000,,5711.00,1.018000,1.375000,2022,"Transit",298.21900000
"HD 169142 b",13.10000000,953.48522100,,37.2000000000,,7246.00,1.850000,1.537020,2023,"Imaging",113.60000000
"TOI-6383 A b",11.29000000,331.00000000,1.79058695000,0.0229200000,0.050000,3444.00,0.458000,0.457000,2024,"Transit",171.31900000
"TIC 139270665 b",7.22979255,147.15455244,23.62400000000,0.1630000000,0.105000,5844.00,1.035000,1.016000,2024,"Transit",189.87500000
"TOI-7149 b",13.20000000,224.00000000,2.65206166000,0.0260300000,0.078000,3363.00,0.344000,0.351000,2025,"Transit",126.12600000
"Kepler-348 b",1.52000000,2.92000000,7.05677000000,0.0760000000,0.000000,6177.00,1.189000,1.359000,2014,"Transit",570.78300000
"TOI-5789 e",3.43000000,11.61000000,62.98000000000,0.2901000000,0.071000,5185.00,0.821000,0.833000,2026,"Radial Velocity",20.45810000
"TIC 154870955 b",3.09467466,9.77000000,7.96987471280,,,4739.58,0.828000,0.724328,2026,"Transit",226.46300000
"Kepler-332 b",1.17000000,1.71000000,7.62632400000,0.0700000000,0.000000,4955.00,0.743000,0.720000,2014,"Transit",344.19000000
"TOI-5238 b",5.22000000,23.70000000,4.87217100000,,,5631.00,1.000000,1.022830,2022,"Transit",290.64600000
"Kepler-914 b",1.38000000,2.48000000,4.40966548000,0.0545400000,0.000000,5877.00,1.100000,1.150000,2016,"Transit",753.72300000
"K2-413 c",1.23270000,2.05000000,5.33010000000,0.0426000000,,4116.00,0.808000,0.700000,2022,"Transit",285.16200000
"TOI-6086 b",1.18000000,1.76000000,1.38887250000,0.0154100000,,3200.00,0.254000,0.259000,2024,"Transit",31.45660000
"Kepler-314 c",2.90000000,8.75000000,5.96039200000,0.0640000000,0.000000,5378.00,0.990000,0.950000,2014,"Transit",268.88100000
"HIP 29442 c",1.55100000,4.50000000,3.53795590000,0.0451800000,,5289.00,0.901000,0.980000,2023,"Radial Velocity",68.19200000
"HD 63433 d",1.07300000,1.25000000,4.20907500000,0.0503000000,0.160000,5688.00,0.990000,0.912000,2023,"Transit",22.40350000
"Kepler-317 b",2.09000000,109.80000000,5.52424200000,0.0610000000,0.000000,5497.00,0.865000,0.941000,2014,"Transit",940.58400000
"TOI-7384 b",3.56000000,12.40000000,6.23402580000,0.0439000000,0.400000,3185.00,0.318000,0.319000,2026,"Transit",66.79020000
"Kepler-1768 b",2.23346338,5.62000000,15.13589954000,0.1286000000,0.000000,6050.00,1.240000,1.572000,2021,"Transit",632.76600000
"Kepler-981 b",2.31000000,5.95000000,4.46975773600,0.0535000000,0.000000,5718.00,0.980000,0.960000,2016,"Transit",878.08200000
"Kepler-1043 b",2.55000000,7.04000000,38.50533980000,0.2159000000,0.000000,5629.00,0.920000,0.900000,2016,"Transit",903.33200000
"TOI-5777 b",3.09551273,9.78000000,6.91716177373,,,4408.03,0.658000,0.671912,2026,"Transit",114.27700000
"HIP 113103 b",1.82900000,4.00000000,7.61030300000,0.0689900000,0.170000,4930.00,0.761000,0.742000,2023,"Transit",46.21220000
"UCAC3 113-933 b",12.10000000,6674.39654700,,6100.0000000000,,3864.00,0.610000,0.564484,2024,"Imaging",52.58290000
"HD 73344 c",13.50000000,118.54999581,65.94000000000,0.3388000000,0.124000,6148.00,1.190000,1.220000,2025,"Radial Velocity",35.26000000
"Kepler-139 f",6.67000000,36.00000000,355.00000000000,,,5630.00,1.078000,1.045000,2025,"Transit Timing Variations",391.03800000
"TIC 249022743 b",4.79568155,20.60000000,2.25719681538,,,5567.58,1.000000,1.208400,2026,"Transit",396.46000000
"TIC 260969020 b",2.22686612,5.59000000,8.48584501953,,,4572.94,0.750000,0.689880,2026,"Transit",121.22200000
"Kepler-62 e",1.61000000,36.00000000,122.38740000000,0.4270000000,0.000000,4925.00,0.690000,0.640000,2013,"Transit",300.87400000
"HD 105618 c",11.90000000,8419.59232984,77114.07158000000,35.7310000000,0.126000,5671.00,1.010000,1.273990,2022,"Radial Velocity",70.08370000
"HIP 113103 c",2.40000000,6.35000000,14.24564800000,0.1047900000,0.170000,4930.00,0.761000,0.742000,2023,"Transit",46.21220000
"Kepler-1053 b",0.98000000,0.90400000,2.41435165400,0.0315000000,0.000000,4529.00,0.740000,0.690000,2016,"Transit",151.12900000
"Kepler-102 d",1.15400000,3.00000000,10.31176700000,0.0861800000,0.092000,4909.00,0.803000,0.724000,2014,"Transit",107.79600000
"HD 196067 c",3.21000000,10.40000000,4.60108800000,,0.235000,6072.00,1.160000,1.710000,2025,"Radial Velocity",39.93460000
"GJ 887 d",2.34000000,6.10000000,50.77000000000,0.2120000000,,3688.00,0.495000,0.468000,2026,"Radial Velocity",3.28679000
"Kepler-347 b",1.97000000,4.54000000,12.79836000000,0.1100000000,0.000000,6088.00,0.922000,1.005000,2014,"Transit",1298.88000000
"HD 11112 b",12.60000000,2598.56505563,17244.90764000000,13.3800000000,0.285000,5905.64,1.070000,1.473680,2022,"Radial Velocity",44.38040000
"Kepler-485 b",14.41000000,,3.24325979600,0.0440100000,0.000000,5958.00,1.070000,1.090000,2016,"Transit",1140.95000000
"TIC 393818343 b",12.18416202,1379.37528638,16.24921000000,0.1291000000,0.605800,5756.00,1.082000,1.086000,2024,"Transit",93.73450000
"Kepler-1032 b",1.87000000,4.16000000,3.29011795300,0.0361000000,0.000000,4647.00,0.770000,0.710000,2016,"Transit",673.01000000
"HD 284149 AB b",12.00000000,8352.53053596,,431.1600000000,,6035.00,1.130000,1.360000,2017,"Imaging",117.80700000
"WASP-132 d",12.80000000,1639.99458012,1816.60000000000,2.7100000000,0.120000,4686.00,0.789000,0.758000,2024,"Radial Velocity",122.91000000
"K2-157 c",6.08000000,30.80000000,25.94200000000,0.1650000000,0.200000,5334.00,0.890000,0.860000,2025,"Radial Velocity",298.37300000
"KOINTREAU-4 b",12.20000000,4862.77462710,,182.0000000000,,3252.00,,,2026,"Imaging",145.43400000
"TIC 390586021 b",2.86009388,8.55000000,2.74703755819,,,4434.81,0.648000,0.726565,2026,"Transit",114.55800000
"HD 113337 c",12.10000000,6299.67685515,5429.93477000000,6.8050000000,0.164000,6774.00,1.410000,1.500000,2020,"Radial Velocity",36.18000000
"HD 94771 b",14.20000000,169.00000000,2164.00000000000,3.4800000000,0.390000,5631.00,1.200000,1.903000,2023,"Radial Velocity",57.78070000
"TOI-6695 b",9.52763359,66.74396547,80.38900000000,0.4020000000,0.040000,6400.00,1.338000,1.517000,2025,"Transit",282.53600000
"Gaia-5 b",12.10000000,6633.07885409,358.62000000000,,0.642300,3447.00,0.339000,0.345000,2025,"Astrometry",41.18130000
"DMPP-2 d",11.60000000,91.79000000,16.49100000000,0.1432000000,0.100000,6500.00,1.410000,1.780000,2026,"Radial Velocity",137.94000000
"TIC 423703298 b",2.77230429,8.11000000,4.03712711976,,,4540.37,0.691000,0.729825,2026,"Transit",136.19100000
"Kepler-335 b",3.39000000,11.40000000,6.56233100000,0.0750000000,0.000000,5877.00,1.367000,1.854000,2014,"Transit",1278.97000000
"Kepler-1023 b",2.63000000,7.41000000,62.13877140000,0.3028400000,0.000000,5494.00,0.930000,0.890000,2016,"Transit",694.17500000
"TOI-5592 b",17.14974047,285.72773789,2.60858460000,0.0393500000,0.062000,6237.00,1.194000,1.393000,2025,"Transit",597.02600000
"HD 122562 c",10.10000000,73.10053361,84.96276000000,0.4060000000,0.228000,4956.00,1.241000,2.166270,2022,"Radial Velocity",53.25280000
"HD 115404 A c",12.50000000,3279.67133183,15319.22517000000,11.3640000000,0.211000,5019.17,0.830000,0.727007,2022,"Radial Velocity",10.98160000
"GJ 1002 c",1.10000000,1.36000000,21.20200000000,0.0738000000,,3024.00,0.120000,0.137000,2022,"Radial Velocity",4.84867000
"Kepler-932 b",1.37000000,2.45000000,1.92143739600,0.0287600000,0.000000,5331.00,0.870000,0.840000,2016,"Transit",465.61200000
"TOI-6707 b",5.72673066,27.80000000,3.83479363758,,,6289.49,1.140000,1.582020,2026,"Transit",641.46700000
"Kepler-139 e",13.70000000,378.00000000,2047.63537300000,3.2357963900,0.013121,5622.00,1.078000,1.045000,2023,"Radial Velocity",391.03800000
"Kepler-328 c",5.40000000,39.40000000,71.31200000000,0.3540000000,0.000000,6064.00,1.150000,1.060000,2013,"Transit",2213.19000000
"TOI-7510 d",10.52000000,190.00000000,48.86446800000,0.2672000000,0.040000,5720.00,1.063000,1.035000,2025,"Transit",249.00600000
"Kepler-138 d",1.51000000,2.10000000,23.09230000000,0.1288000000,0.010000,3841.00,0.535000,0.535000,2014,"Transit",66.86240000
"Kepler-1779 b",3.03295685,9.44000000,16.34359932000,0.1264000000,0.000000,5730.00,1.008000,1.056000,2021,"Transit",908.50100000
"Kepler-973 b",1.96000000,4.50000000,49.60773310000,0.2489000000,0.000000,5213.00,0.860000,0.780000,2016,"Transit",328.52000000
"TOI-5595 b",4.73740402,20.10000000,5.99002553853,,,4417.30,0.645000,0.743344,2026,"Transit",136.95500000
"HD 203387 b",13.10000000,1106.04285636,512.53520000000,1.7710000000,0.732000,5174.32,2.817000,10.585200,2022,"Radial Velocity",61.74770000
"TOI-6016 b",13.67495645,371.85923619,4.02368700000,0.0550000000,0.000000,6110.00,1.310000,1.510000,2024,"Transit",364.71500000
"HIP 99770 b",12.20000000,5403.08291900,18600.00000000000,15.8000000000,0.310000,8000.00,1.900000,1.939860,2023,"Imaging",40.07650000
"Kepler-1772 b",2.68609988,7.68000000,3.21509003600,0.0439100000,0.000000,5541.00,0.942000,0.934000,2021,"Transit",871.56400000
"GJ 2126 b",13.60000000,413.17692910,272.70000000000,0.7100000000,0.850000,4159.00,0.650000,0.728000,2025,"Radial Velocity",38.12900000
"TOI-5616 b",10.78000000,624.00000000,2.00284900000,0.0272000000,0.000000,3996.00,0.666000,0.646000,2024,"Transit",390.41500000
"Kepler-408 b",0.82000000,5.00000000,2.46502000000,0.0359200000,0.000000,6104.00,1.080000,1.230000,2014,"Transit",88.78320000
"Gaia23braL b",13.50000000,518.06030341,,4.8470000000,,5055.00,0.774000,1.361810,2026,"Microlensing",4330.00000000
"Kepler-10 d",3.49000000,12.00000000,151.06000000000,0.5379000000,0.190000,5708.00,0.910000,1.065000,2023,"Radial Velocity",185.50600000
"GJ 3988 b",1.74000000,3.69000000,6.94420000000,0.0405000000,0.000000,3273.00,0.184200,0.197340,2023,"Radial Velocity",9.91050000
"TOI-1408 c",2.22000000,7.60000000,2.16640000000,0.0358700000,0.135300,6117.00,1.312000,1.530000,2024,"Transit Timing Variations",139.48400000
"HD 68475 b",12.80000000,1639.99458012,7832.00000000000,7.2700000000,0.620000,5022.00,0.830000,0.790990,2026,"Radial Velocity",33.42970000
"HD 48265 c",12.90000000,1414.33641115,10418.00000000000,10.4000000000,0.410000,5805.00,1.380000,2.050000,2026,"Radial Velocity",90.54460000
"Kepler-958 b",2.06000000,4.90000000,9.76788050000,0.0863100000,0.000000,5421.00,0.910000,0.860000,2016,"Transit",449.77300000
"TOI-5624 d",3.58400000,4.90000000,13.73146800000,0.1067000000,0.000000,5327.00,0.858000,0.820000,2026,"Transit",101.91300000
"KOI-351 d",2.87000000,8.60000000,59.73667000000,0.3200000000,0.000000,6080.00,1.200000,1.200000,2013,"Transit",848.25400000
"Kepler-20 e",0.82100000,0.76000000,6.09848820000,0.0637000000,0.092000,5495.00,0.929000,0.916400,2011,"Transit",282.56300000
"nu Oct A b",13.30000000,696.04421133,402.40000000000,1.2400000000,0.195000,4910.00,1.570000,5.040000,2016,"Radial Velocity",21.19990000
"TOI-1288 c",11.10000000,85.70000000,416.00000000000,1.0700000000,0.000000,5388.00,0.955200,0.958300,2022,"Radial Velocity",114.86500000
"Kepler-104 c",3.13000000,7.14430805,23.66820500000,0.1530000000,0.000000,5711.00,0.818000,1.349000,2014,"Transit",400.78500000
"Kepler-507 b",1.30000000,5.69692195,3.56809692600,0.0478100000,0.000000,6113.00,1.160000,1.320000,2016,"Transit",391.64400000
"HN Lib b",2.20000000,5.46000000,36.11600000000,0.1417000000,0.079000,3347.00,0.291000,0.299000,2023,"Radial Velocity",6.24442000
"Kepler-49 d",1.60000000,235.98200000,2.57654900000,0.0310000000,0.000000,4252.00,0.549000,0.559000,2014,"Transit",311.22200000
"HIP 10090 b",13.00000000,1229.99593509,2960.00000000000,3.8700000000,0.115000,5661.00,0.940000,1.382680,2026,"Radial Velocity",82.39370000
"Kepler-346 b",2.66000000,7.56000000,6.51112700000,0.0710000000,0.000000,6033.00,0.943000,1.021000,2014,"Transit",984.10500000
"Kepler-265 d",2.49000000,6.76000000,43.13061700000,0.2360000000,0.000000,5835.00,0.970000,1.103000,2014,"Transit",1280.25000000
"Kepler-399 b",0.96000000,0.84000000,14.42528100000,0.1030000000,0.000000,5502.00,0.902000,0.680000,2014,"Transit",740.53700000
"Kepler-110 c",2.21000000,5.52000000,31.71977500000,0.1980000000,0.000000,5960.00,0.989000,1.149000,2014,"Transit",586.53100000
"Kepler-1248 b",1.18000000,1.76000000,7.46725407000,0.0806000000,0.000000,6149.00,1.210000,1.210000,2016,"Transit",593.02600000
"Kepler-1269 b",1.63000000,3.29000000,37.33315360000,0.2361100000,0.000000,5998.00,1.100000,1.150000,2016,"Transit",1097.23000000
"Kepler-1314 b",5.11000000,22.90000000,5.42474928100,0.0504000000,0.000000,4188.00,0.600000,0.590000,2016,"Transit",141.98685057
"Kepler-1870 b",2.10143764,5.07000000,3.60694003100,0.0452000000,0.000000,5508.00,0.955000,0.840000,2021,"Transit",407.21600000
"Kepler-236 b",1.57000000,3.09000000,8.29561100000,0.0650000000,0.000000,3750.00,0.596005,0.510000,2014,"Transit",288.76300000
"Kepler-125 c",0.74000000,0.33000000,5.77446400000,0.0510000000,0.000000,3810.00,0.542101,0.512000,2014,"Transit",183.36500000
"Kepler-304 d",2.75000000,8.00000000,9.65347100000,0.0800000000,0.000000,4731.00,0.737000,0.687000,2014,"Transit",434.68400000
"Kepler-326 d",1.21000000,6.90000000,6.76688800000,0.0660000000,0.000000,5105.00,0.910000,0.801000,2014,"Transit",487.67500000
"Kepler-126 c",1.58000000,1.27942148,21.86974100000,0.1620000000,0.190000,6239.00,1.108000,1.358000,2014,"Transit",237.40100000
"Kepler-400 c",1.49000000,2.83000000,17.34082400000,0.1340000000,0.000000,5886.00,1.080000,1.145000,2014,"Transit",845.97000000
"Kepler-1089 b",1.83000000,4.01000000,5.13248561800,0.0497000000,0.000000,3753.00,0.520000,0.490000,2016,"Transit",259.32800000
"Kepler-102 f",0.86100000,4.30000000,27.45359200000,0.1656000000,0.100000,4909.00,0.803000,0.724000,2014,"Transit",107.79600000
"Kepler-1223 b",1.22000000,1.98000000,16.30125900000,0.1186000000,0.000000,4870.00,0.800000,0.750000,2016,"Transit",459.95700000
"Kepler-1853 b",1.51862272,2.92000000,48.88819885000,0.2395000000,0.000000,4821.00,0.765000,0.788000,2021,"Transit",562.34800000
"Kepler-512 b",2.69000000,7.70000000,34.43587975000,0.2139500000,0.000000,5997.00,1.170000,1.300000,2016,"Transit",467.37500000
"Kepler-369 b",1.13000000,1.51000000,2.73275600000,0.0300000000,0.000000,3591.00,0.500000,0.471000,2014,"Transit",214.00000000
"Kepler-305 c",3.30000000,6.00000000,8.29100000000,0.0756800000,0.000000,5080.00,0.760000,0.800000,2013,"Transit",868.47700000
"Kepler-975 c",10.69000000,80.20000000,5.05821338000,0.0567000000,0.000000,4883.00,0.951000,1.667000,2023,"Transit",426.08800000
"Kepler-22 b",2.10000000,9.10000000,289.86387600000,0.8120000000,0.720000,5596.00,0.857000,0.869000,2011,"Transit",194.64200000
"Kepler-1995 b",4.28000000,16.90000000,73.75788750000,0.3259000000,0.000000,5029.00,0.847000,0.930000,2023,"Transit",595.33100000
"Kepler-1227 b",2.29000000,5.86000000,94.28875770000,0.3855500000,0.000000,5747.00,0.970000,0.950000,2016,"Transit",623.70600000
"Kepler-1272 b",2.37000000,6.21000000,51.13097040000,0.2705000000,0.000000,5926.00,1.060000,1.090000,2016,"Transit",1206.37000000
"Kepler-201 c",2.85000000,8.50000000,151.88405800000,0.5730000000,0.000000,6065.00,1.098000,1.229000,2014,"Transit",636.44500000
"Kepler-215 c",1.77000000,3.78000000,14.66710800000,0.1130000000,0.000000,5739.00,0.788000,1.027000,2014,"Transit",485.99700000
"Kepler-267 c",2.13000000,5.18000000,6.87745000000,0.0600000000,0.000000,4258.00,0.541571,0.555000,2014,"Transit",264.99300000
"Kepler-373 c",1.24000000,2.07000000,16.72594800000,0.1260000000,0.000000,5787.00,0.981000,0.845000,2014,"Transit",1090.45000000
"Kepler-54 d",1.53000000,12.09460000,20.99569400000,0.1260000000,0.000000,4252.00,0.518000,0.554000,2014,"Transit",271.70100000
"Kepler-329 b",1.40000000,2.54000000,7.41639700000,0.0610000000,0.000000,4257.00,0.602000,0.523000,2014,"Transit",439.71900000
"Kepler-279 d",3.10000000,37.50000000,54.41400000000,0.2901000000,0.000000,6689.45,1.100000,1.070000,2013,"Transit",1037.40000000
"HD 219134 c",1.51100000,4.36000000,6.76458000000,0.0653000000,0.062000,4699.00,0.810000,0.778000,2015,"Radial Velocity",6.53127000
"Kepler-1198 b",1.47000000,2.76000000,7.68477160000,0.0732000000,0.000000,5517.00,0.930000,0.900000,2016,"Transit",743.03000000
"Kepler-161 c",2.05000000,3.61000000,7.06424000000,0.0680000000,0.000000,5078.00,0.853000,0.806000,2014,"Transit",434.63200000
"Kepler-1294 b",3.19000000,10.30000000,115.68622580000,0.4684000000,0.000000,5776.00,0.990000,0.970000,2016,"Transit",1855.70000000
"Kepler-1319 b",1.34000000,2.36000000,2.88676264500,0.0296000000,0.330000,3655.00,0.560000,0.540000,2016,"Transit",103.91700000
"Kepler-275 d",3.33000000,11.10000000,35.67606200000,0.2240000000,0.000000,6165.00,1.189000,1.383000,2014,"Transit",2034.25000000
"Kepler-374 b",1.03000000,1.08000000,1.89780600000,0.0290000000,0.000000,5977.00,1.033000,0.911000,2014,"Transit",1265.61000000
"Kepler-306 d",2.47000000,6.66000000,17.32664400000,0.1200000000,0.000000,4954.00,0.750000,0.719000,2014,"Transit",775.67900000
"Kepler-305 e",1.79381530,3.87000000,3.20538000000,0.0401700000,0.000000,4974.00,0.820000,0.827279,2020,"Transit",868.47700000
"Kepler-11 f",2.49000000,2.00000000,46.68880000000,0.2500000000,0.013000,5663.00,0.961000,1.065000,2010,"Transit",646.34600000
"Kepler-276 d",2.80000000,16.30000000,48.64800000000,0.2466600000,0.000000,5693.00,1.100000,1.030000,2013,"Transit",1144.86000000
"Kepler-36 c",3.67900000,7.13000000,16.21865000000,0.1269200000,0.000000,5979.00,1.034000,1.634000,2012,"Transit",527.95600000
"Kepler-1251 b",1.84000000,4.04000000,45.09046430000,0.2478000000,0.000000,5545.00,0.920000,0.890000,2016,"Transit",902.20400000
"Kepler-1843 b",2.70909809,7.80000000,25.54339981000,0.1787100000,0.000000,5422.00,1.020000,1.782000,2021,"Transit",784.62500000
"Kepler-1857 b",1.96065412,4.50000000,8.94340992000,0.0830800000,0.000000,6074.00,0.873000,1.005000,2021,"Transit",853.27500000
"Kepler-190 c",1.46000000,2.73000000,3.76302400000,0.0450000000,0.000000,5106.00,0.834000,0.795000,2014,"Transit",433.38700000
"Kepler-123 c",1.48000000,2.79000000,26.69507400000,0.1810000000,0.000000,6089.00,1.079000,1.264000,2014,"Transit",1021.66000000
"Kepler-380 c",1.27000000,2.15000000,7.63000400000,0.0780000000,0.000000,6045.00,0.990000,1.224000,2014,"Transit",813.71300000
"Kepler-283 c",1.82000000,3.97000000,92.74371100000,0.3410000000,0.000000,4351.00,0.596000,0.566000,2014,"Transit",468.09400000
"KELT-6 c",13.00000000,1179.14930000,1276.00000000000,2.3900000000,0.210000,6272.00,1.126000,1.529000,2015,"Radial Velocity",240.72600000
"Kepler-85 b",1.77800000,1.84000000,8.30000000000,0.0788500000,0.020000,5505.20,0.928000,0.875000,2012,"Transit",765.02500000
"Kepler-799 c",2.78068551,8.15000000,15.19419956000,0.1214000000,0.000000,5588.00,1.031000,1.593000,2021,"Transit",1509.08400000
"Kepler-1884 b",1.81406781,3.95000000,8.98832035100,0.0845000000,0.000000,5984.00,0.993000,0.906000,2021,"Transit",1443.09000000
"Kepler-381 b",0.99000000,0.93700000,5.62902100000,0.0660000000,0.000000,6152.00,1.144000,1.568000,2014,"Transit",267.32300000
"Kepler-84 d",1.38000000,2.48000000,4.22453700000,0.0520000000,0.000000,6031.00,1.060000,1.169000,2014,"Transit",1023.90000000
"Kepler-334 b",1.12000000,1.46000000,5.47031900000,0.0610000000,0.000000,5828.00,1.022000,1.068000,2014,"Transit",426.59000000
"Kepler-285 c",1.12000000,1.46000000,6.18667600000,0.0640000000,0.000000,5411.00,0.915000,0.808000,2014,"Transit",824.31000000
"Kepler-1232 b",1.93000000,4.38000000,26.78391830000,0.1654500000,0.000000,5471.00,0.920000,0.890000,2016,"Transit",632.86500000
"Kepler-1858 b",2.42168247,6.44000000,88.07160187000,0.3575000000,0.000000,4939.00,0.785000,0.819000,2021,"Transit",833.05500000
"Kepler-204 c",1.79000000,3.86000000,25.66059300000,0.1730000000,0.000000,5812.00,1.038000,1.238000,2014,"Transit",686.72300000
"Kepler-515 b",1.46000000,2.73000000,19.96371318000,0.1333000000,0.000000,5293.00,0.900000,0.830000,2016,"Transit",255.00000000
"Kepler-221 e",2.63000000,7.86706000,18.36991700000,0.1300000000,0.000000,5243.00,0.854000,0.821000,2014,"Transit",385.23100000
"Kepler-1877 b",0.62408600,0.17900000,2.37756991400,0.0347200000,0.000000,5615.00,1.022000,0.936000,2021,"Transit",285.31200000
"Kepler-350 d",2.80000000,14.90000000,26.13600000000,0.1786000000,0.000000,6492.30,1.000000,1.250000,2013,"Transit",956.85900000
"Kepler-58 e",1.61000000,597.79600000,4.45814897000,0.0533000000,0.000000,6100.00,1.017000,1.083000,2023,"Transit",969.25200000
"Kepler-1679 b",2.06920360,4.93000000,9.75376000000,0.0892000000,0.000000,5501.00,0.960000,0.873196,2020,"Transit",909.28000000
"Kepler-58 c",2.86000000,53.00000000,15.57415680000,0.1230700000,0.000000,5843.00,0.950000,1.030000,2012,"Transit",969.25200000
"Kepler-1844 b",3.03648191,9.46000000,3.92451000200,0.0478000000,0.000000,5776.00,0.939000,0.849000,2021,"Transit",1804.36000000
"Kepler-1278 b",1.01000000,1.01000000,3.23941344000,0.0441700000,0.000000,6074.00,1.110000,1.160000,2016,"Transit",889.42600000
"Kepler-1864 b",0.75408365,0.35300000,3.88151001900,0.0490000000,0.000000,5854.00,1.030000,0.979000,2021,"Transit",298.89400000
"Kepler-1324 b",1.51000000,2.89000000,4.11584467900,0.0466000000,0.000000,4776.00,0.780000,0.730000,2016,"Transit",481.66700000
"Kepler-462 c",4.00000000,6.00000000,207.62000000000,0.7584000000,0.110000,7500.00,1.590000,1.570000,2018,"Transit",596.62500000
"Kepler-226 d",1.22000000,1.98000000,8.10904400000,0.0760000000,0.000000,5571.00,0.904000,0.802000,2014,"Transit",980.13800000
"Kepler-221 b",1.71000000,5.95575000,2.79590600000,0.0370000000,0.000000,5243.00,0.854000,0.821000,2014,"Transit",385.23100000
"Kepler-245 c",2.18000000,26.70000000,17.46081200000,0.1240000000,0.000000,5100.00,0.856000,0.795000,2014,"Transit",861.52700000
"Kepler-352 b",0.86000000,0.56600000,10.05537000000,0.0850000000,0.000000,5212.00,0.798000,0.781000,2014,"Transit",252.73300000
"Kepler-382 c",1.59000000,3.15000000,12.16270100000,0.0970000000,0.000000,5600.00,1.002000,0.945000,2014,"Transit",935.44600000
"Kepler-336 b",1.02000000,1.04000000,2.02482300000,0.0330000000,0.000000,5867.00,1.090000,1.304000,2014,"Transit",768.86000000
"HD 11755 b",12.80000000,1789.38290000,433.70001000000,1.0900000000,0.190000,4312.00,0.720000,20.580000,2015,"Radial Velocity",235.04500000
"Kepler-385 c",3.04000000,13.20000000,15.16316100000,0.1270000000,0.000000,6326.00,0.992000,1.126000,2014,"Transit",1432.61000000
"Kepler-267 d",2.27000000,5.77000000,28.46451500000,0.1540000000,0.000000,4258.00,0.541571,0.555000,2014,"Transit",264.99300000
"Kepler-384 c",1.13000000,1.51000000,45.34826900000,0.2360000000,0.000000,5577.00,0.882000,0.882000,2014,"Transit",895.67800000
"Kepler-299 e",1.87000000,4.16000000,38.28548900000,0.2200000000,0.000000,5617.00,1.004000,1.032000,2014,"Transit",1052.24000000
"8 UMi b",13.50000000,524.41687155,93.31000000000,0.4620000000,0.062000,4847.00,1.510000,10.730000,2015,"Radial Velocity",162.55200000
"Kepler-1104 b",1.23000000,2.04000000,5.03728015000,0.0632100000,0.000000,6417.00,1.300000,1.410000,2016,"Transit",530.65800000
"Kepler-1987 e",1.92000000,4.35000000,8.74292005000,0.0765000000,0.000000,4769.00,0.799000,0.714000,2023,"Transit",595.68300000
"Kepler-1830 b",3.32992941,11.10000000,56.49330139000,0.3176900000,0.000000,6160.00,1.443000,2.046000,2021,"Transit",1056.88000000
"Kepler-182 b",2.58000000,7.18000000,9.82579200000,0.0960000000,0.000000,6250.00,1.114000,1.146000,2014,"Transit",1549.09000000
"Kepler-1688 b",1.26174569,2.13000000,5.62012000000,0.0577000000,0.000000,4632.11,0.814000,0.746000,2020,"Transit",567.44687087
"Kepler-385 b",2.73000000,12.80000000,10.04368600000,0.0970000000,0.000000,6326.00,0.992000,1.126000,2014,"Transit",1432.61000000
"Kepler-55 f",1.59000000,3.15000000,10.19854500000,0.0810000000,0.000000,4503.00,0.631000,0.619000,2014,"Transit",578.79600000
"Kepler-339 d",1.17000000,14.70000000,10.55834500000,0.0910000000,0.000000,5631.00,0.870000,0.802000,2014,"Transit",616.63700000
"Kepler-1669 d",1.22000000,1.98000000,4.72941177000,0.0468000000,0.000000,4224.00,0.609000,0.603000,2023,"Transit",543.44400000
"Kepler-69 c",1.71000000,3.57000000,242.46130000000,0.6400000000,0.140000,5638.00,0.810000,0.930000,2013,"Transit",730.62500000
"HAT-P-57 b",19.50366000,448.14030000,2.46530000000,0.0406000000,0.000000,6330.00,2.770000,1.850000,2015,"Transit",279.86000000
"Kepler-1067 c",1.74682428,3.70000000,5.42583990100,0.0606900000,0.000000,5594.00,0.981000,0.934000,2021,"Transit",667.69300000
"Kepler-299 d",1.86000000,4.12000000,15.05478600000,0.1180000000,0.000000,5617.00,1.004000,1.032000,2014,"Transit",1052.24000000
"Kepler-208 c",1.39000000,2.51000000,7.46662300000,0.0790000000,0.000000,6092.00,1.082000,1.314000,2014,"Transit",775.32800000
"Kepler-530 b",3.01000000,9.32000000,39.30941904000,0.2149100000,0.000000,5697.00,0.970000,0.890000,2016,"Transit",457.70900000
"Kepler-354 d",1.24000000,2.07000000,24.20984200000,0.1460000000,0.000000,4648.00,0.652000,0.674000,2014,"Transit",554.06400000
"Kepler-339 c",1.15000000,7.30000000,6.98805500000,0.0690000000,0.000000,5631.00,0.870000,0.802000,2014,"Transit",616.63700000
"Kepler-1114 b",1.35000000,2.39000000,14.97435694000,0.1105600000,0.000000,5374.00,0.870000,0.830000,2016,"Transit",418.41700000
"Kepler-114 d",2.53000000,3.90000000,11.77600000000,0.0835800000,0.000000,4660.00,0.560000,0.540000,2013,"Transit",259.53300000
"Kepler-303 c",1.14000000,1.55000000,7.06114900000,0.0570000000,0.000000,3944.00,0.575000,0.485000,2014,"Transit",209.73800000
"Kepler-1212 b",2.14000000,5.22000000,12.94130146000,0.1082000000,0.000000,6051.00,1.100000,1.150000,2016,"Transit",1316.57000000
"Kepler-394 c",1.66000000,3.39000000,12.13068600000,0.1100000000,0.000000,6402.00,0.870000,1.132000,2014,"Transit",1058.72000000
"Kepler-393 c",1.33000000,2.33000000,14.61361200000,0.1240000000,0.000000,6189.00,1.256000,1.382000,2014,"Transit",881.40400000
"Kepler-318 c",3.68000000,13.10000000,11.81500700000,0.1050000000,0.000000,5746.00,1.073000,1.189000,2014,"Transit",489.14100000
"Kepler-1241 b",2.63000000,7.41000000,18.55257010000,0.1336000000,0.000000,5261.00,0.840000,0.800000,2016,"Transit",968.72200000
"Kepler-185 b",1.17000000,1.71000000,1.63290000000,0.0260000000,0.000000,5208.00,0.763000,0.806000,2014,"Transit",466.73500000
"Kepler-1283 b",1.91000000,4.31000000,12.94609780000,0.1062000000,0.000000,6175.00,1.160000,1.250000,2016,"Transit",2921.99000000
"Kepler-1714 b",3.26437302,10.70000000,10.27530003000,0.1054900000,0.000000,6150.00,1.448000,2.086000,2021,"Transit",409.46000000
"Kepler-1331 b",1.05000000,1.16000000,0.78916165300,0.0142000000,0.000000,4508.00,0.720000,0.690000,2016,"Transit",319.19700000
"Kepler-319 b",1.63000000,3.29000000,4.36270500000,0.0510000000,0.000000,5526.00,0.933000,0.903000,2014,"Transit",503.43600000
"Kepler-396 b",3.50000000,75.50000000,42.99400000000,0.2406700000,0.000000,5656.00,0.850000,1.060000,2013,"Transit",223.75700000
"Kepler-1085 c",3.26817741,10.70000000,56.77710000000,0.2979800000,0.000000,5816.00,1.050000,1.078300,2020,"Transit",1364.53000000
"Kepler-1084 b",1.11000000,1.41000000,2.05333679000,0.0324000000,0.000000,6113.00,1.120000,1.280000,2016,"Transit",405.53300000
"Kepler-1108 b",1.46000000,2.73000000,4.51005748000,0.0511000000,0.000000,5406.00,0.880000,0.840000,2016,"Transit",767.70100000
"Kepler-1214 b",2.36000000,6.17000000,18.82634264000,0.1280000000,0.000000,5130.00,0.850000,0.800000,2016,"Transit",729.22700000
"Kepler-155 c",2.24000000,5.65000000,52.66179300000,0.2420000000,0.000000,4508.00,0.635000,0.620000,2014,"Transit",293.49900000
"Kepler-396 c",5.30000000,17.90000000,88.50500000000,0.3894600000,0.000000,5656.00,0.850000,1.060000,2013,"Transit",223.75700000
"Kepler-1369 b",2.69000000,7.70000000,25.87314800000,0.1741000000,0.000000,5761.00,0.990000,0.990000,2016,"Transit",1236.56000000
"Kepler-1370 b",1.84000000,4.04000000,20.26416840000,0.1576300000,0.000000,6202.00,1.190000,1.290000,2016,"Transit",1004.10000000
"Kepler-252 b",1.23000000,2.04000000,6.66839100000,0.0580000000,0.000000,4208.00,0.610000,0.549000,2014,"Transit",379.42400000
"Kepler-360 c",2.10000000,5.06000000,7.18643400000,0.0750000000,0.000000,6053.00,0.994000,1.058000,2014,"Transit",876.04400000
"Kepler-245 e",1.75000000,1806.36000000,3.21982105600,0.0405300000,0.000000,5174.00,0.860000,0.800000,2016,"Transit",861.52700000
"Kepler-298 d",2.50000000,6.80000000,77.47363300000,0.3050000000,0.000000,4465.00,0.660000,0.582000,2014,"Transit",518.20400000
"Kepler-324 b",1.14000000,2414.40000000,4.38531500000,0.0500000000,0.000000,5194.00,0.901000,0.840000,2014,"Transit",501.57400000
"Kepler-1796 b",2.75047868,8.00000000,29.45579910000,0.1879000000,0.000000,6036.00,1.018000,0.949000,2021,"Transit",825.88300000
"Kepler-520 c",1.07000000,1.24000000,5.21104261000,0.0603500000,0.000000,6112.00,1.100000,1.090000,2016,"Transit",623.90100000
"Kepler-1244 b",1.35000000,2.39000000,3.70428172000,0.0502000000,0.000000,6680.00,1.460000,1.770000,2016,"Transit",1075.81000000
"Kepler-169 c",1.21000000,1.92000000,6.19546900000,0.0620000000,0.000000,4997.00,0.825000,0.763000,2014,"Transit",406.52900000
"Kepler-97 b",1.48000000,3.51000000,2.58664000000,0.0356300000,0.000000,5779.00,0.940000,0.980000,2014,"Transit",400.90700000
"Kepler-1336 b",1.98000000,4.58000000,23.19868100000,0.1584500000,0.000000,5512.00,0.940000,1.300000,2016,"Transit",1126.64000000
"Kepler-88 d",13.10000000,965.14699656,1403.00000000000,2.4663298660,0.410000,5466.00,0.990000,0.897000,2020,"Radial Velocity",376.86300000
"Kepler-301 d",1.75000000,3.71000000,13.75124300000,0.1120000000,0.000000,5815.00,1.022000,0.900000,2014,"Transit",719.16600000
"Kepler-104 d",3.58000000,5.54022107,51.75539400000,0.2570000000,0.000000,5711.00,0.818000,1.349000,2014,"Transit",400.78500000
"Kepler-1192 b",2.36000000,6.17000000,25.20347870000,0.1693000000,0.000000,5438.00,0.860000,0.830000,2016,"Transit",1304.19000000
"Kepler-516 b",5.74000000,27.90000000,24.85462415000,0.1992000000,0.000000,7099.00,1.620000,2.020000,2016,"Transit",687.09400000
"Kepler-1851 b",3.90012032,14.50000000,12.02289963000,0.1016000000,0.000000,5982.00,0.967000,0.879000,2021,"Transit",1589.81000000
"Kepler-212 b",1.09000000,1.32000000,16.25758200000,0.1330000000,0.000000,5852.00,1.166000,1.455000,2014,"Transit",687.19400000
"Kepler-1372 b",1.27000000,2.15000000,1.31155556800,0.0240000000,0.000000,5677.00,0.980000,0.970000,2016,"Transit",1303.22000000
"Kepler-364 b",1.55000000,3.02000000,25.74571800000,0.1780000000,0.000000,6108.00,1.076000,1.284000,2014,"Transit",891.46200000
"KELT-23 A b",14.82950700,298.12454000,2.25525100000,0.0330200000,0.000000,5899.00,0.944000,0.996000,2019,"Transit",126.26100000
"HD 191939 d",2.99500000,2.80000000,38.35303700000,0.2132000000,0.031000,5348.00,0.810000,0.940000,2020,"Transit",53.60890000
"HATS-77 b",13.05846252,436.69623122,3.08762620000,0.0360700000,0.045000,4071.00,0.655000,0.642800,2021,"Transit",436.17600000
"TOI-4479 b",2.82000000,8.35000000,1.15890000000,0.0164000000,,3400.00,0.452000,0.451000,2022,"Transit",80.65320000
"TOI-1752 c",2.29000000,5.86000000,32.71443000000,0.1614000000,,3762.00,0.524000,0.530000,2026,"Transit",103.02100000
"Kepler-1705 c",2.05000000,5.42000000,11.28000000000,,0.028000,6312.00,1.139000,1.259000,2021,"Transit",1633.49000000
"TOI-1753 b",2.47852533,16.60000000,5.38461040000,0.0590000000,0.000000,5621.00,0.948300,0.971500,2024,"Transit",226.67100000
"TOI-2274 b",2.45000000,6.57000000,2.67963000000,0.0500000000,,3943.00,0.612000,0.631000,2024,"Transit",48.87600000
"Kepler-43 b",13.66377100,1026.59090000,3.02409490000,0.0460000000,0.017000,6041.00,1.320000,1.420000,2011,"Transit",1005.84000000
"Kepler-858 b",4.87000000,21.10000000,76.13602028000,0.3393900000,0.000000,5653.00,0.960000,0.910000,2016,"Transit",298.53200000
"TOI-3023 b",16.43236571,197.05361234,3.90149710000,0.0505000000,0.000000,5760.00,1.120000,1.668000,2023,"Transit",389.91600000
"Kepler-1752 b",4.54060463,18.70000000,56.35850143000,0.2698000000,0.000000,5446.00,0.824000,0.821000,2021,"Transit",962.88800000
"Kepler-1408 b",0.89000000,0.64000000,2.99793191000,0.0421800000,0.000000,6170.00,1.210000,1.350000,2016,"Transit",535.04800000
"HIP 54373 b",2.87000000,8.62000000,7.76000000000,0.0630000000,0.200000,4021.00,0.570000,0.564998,2019,"Radial Velocity",18.71680000
"Teegarden's Star b",1.05000000,1.16000000,4.90634000000,0.0259000000,0.030000,3034.00,0.097000,0.120000,2019,"Radial Velocity",3.83078000
"BD+60 1417 b",14.68376472,4767.42610500,,1662.0000000000,,4993.00,1.000000,0.797000,2021,"Imaging",44.95430000
"TOI-1227 b",9.57246952,66.50000000,27.36397000000,0.0886000000,,3072.00,0.170000,0.560000,2022,"Transit",100.64100000
"CoRoT-7 d",4.31000000,17.14200000,8.96600000000,,,5250.00,0.915000,0.838900,2022,"Radial Velocity",159.90600000
"TOI-1758 b",3.62000000,6.90000000,20.70507468500,0.1414090000,0.000000,5169.00,0.880000,0.810000,2024,"Transit",96.62150000
"TOI-2567 b",10.92875618,63.88350981,5.98394400000,0.0672000000,0.000000,5611.00,1.130000,1.686000,2022,"Transit",504.77500000
"Kepler-1410 b",1.78000000,3.82000000,60.86616800000,0.2543000000,0.000000,4092.00,0.630000,0.600000,2016,"Transit",367.00000000
"HD 24085 b",3.46000000,11.80000000,2.04550000000,0.0340000000,0.220000,6034.00,1.220000,1.412551,2019,"Radial Velocity",54.90040000
"WASP-87 b",15.52446500,692.86940000,1.68279500000,0.0294600000,0.000000,6450.00,1.204000,1.627000,2016,"Transit",298.39200000
"TOI-163 b",16.69020100,387.75260000,4.23130600000,0.0580000000,0.000000,6495.00,1.435200,1.648000,2019,"Transit",411.71900000
"K2-315 b",0.95000000,0.80900000,3.14431890000,,,3300.00,0.174000,0.196000,2020,"Transit",56.96860000
"HD 216520 b",3.18000000,10.26000000,35.45000000000,0.1980000000,0.090000,5103.00,0.820000,0.760000,2020,"Radial Velocity",19.55200000
"TOI-1775 b",8.04728896,96.00000000,10.24055490000,0.0800000000,0.000000,5284.00,0.921800,0.828800,2024,"Transit",149.23400000
"Kepler-296 c",2.00000000,4.66000000,5.84163660000,0.0521000000,0.330000,3740.00,0.498000,0.480000,2014,"Transit",167.00000000
"WASP-187 b",18.38276000,254.26400000,5.14787800000,0.0653000000,0.000000,6150.00,1.540000,2.830000,2020,"Transit",371.41400000
"HD 161178 b",14.10000000,181.16219199,279.30000000000,0.8500000000,0.044000,4786.00,1.060000,10.950000,2021,"Radial Velocity",107.18800000
"GJ 514 b",2.13000000,5.20000000,140.43000000000,0.4220000000,0.450000,3728.00,0.510000,0.500000,2022,"Radial Velocity",7.61778000
"HD 77946 b",2.89646124,10.90000000,6.52736300000,0.0730000000,0.211000,6007.00,1.197300,1.317400,2024,"Transit",99.45100000
"TOI-2345 c",2.45100000,7.27000000,21.06430200000,0.1257000000,,4687.00,0.727000,0.729000,2025,"Transit",81.65410000
"Kepler-876 b",1.43000000,2.63000000,5.14438011000,0.0549000000,0.000000,5060.00,0.810000,0.770000,2016,"Transit",820.91300000
"Kepler-1894 c",1.21000000,1.92000000,5.05368985000,0.0576000000,0.000000,5772.00,0.999000,0.901000,2023,"Transit",935.19100000
"HD 233832 b",13.50000000,565.73740000,2058.00000000000,2.8270000000,0.359000,4981.00,0.710000,0.680000,2018,"Radial Velocity",58.74200000
"GJ 687 c",4.14000000,16.00000000,727.56200000000,1.1650000000,0.400000,3413.00,0.400000,0.418300,2020,"Radial Velocity",4.54939000
"HIP 5763 b",14.20000000,162.09248757,30.01400000000,0.1700000000,0.054000,4352.00,0.720000,0.750378,2021,"Radial Velocity",31.90430000
"TOI-712 b",2.04900000,4.85000000,9.53136100000,0.0792800000,0.540000,4622.00,0.732000,0.674000,2022,"Transit",58.62120000
"TOI-1782.01",2.36800000,6.20000000,4.98764102800,0.0502400000,,4336.00,0.680000,0.669000,2024,"Transit",95.26490000
"TOI-2092 b",2.94892961,9.00000000,4.30325528074,,,5842.06,0.956000,1.051900,2026,"Transit",176.75900000
"Kepler-303 b",0.89000000,0.64000000,1.93705500000,0.0240000000,0.000000,3944.00,0.575000,0.485000,2014,"Transit",209.73800000
"Kepler-271 c",0.95000000,0.80900000,7.41086267000,0.0699300000,0.000000,5555.00,0.900000,0.870000,2014,"Transit",404.54200000
"KOI-142 b",3.43800000,9.50000000,10.91647000000,0.0958600000,0.055610,5466.00,0.990000,0.897000,2013,"Transit",376.86300000
"Qatar-6 b",11.90395800,212.31044000,3.50619500000,0.0423000000,0.000000,5052.00,0.822000,0.722000,2017,"Transit",100.84800000
"GJ 9066 c",9.60000000,66.74396547,771.36000000000,0.8800000000,0.460000,3154.00,0.150000,0.164000,2020,"Radial Velocity",4.47100000
"K2-400 b",1.16300000,1.67000000,3.86505300000,,,3578.00,0.374000,0.382000,2022,"Transit",62.38040000
"TOI-2094 b",1.90000000,4.27000000,18.79319300000,0.1360000000,,3435.00,0.425000,0.384000,2026,"Transit",50.02480000
"TOI-2714 b",13.72000000,228.00000000,2.49938700000,0.0360000000,0.164000,5665.00,1.070000,1.250000,2024,"Transit",597.87300000
"HD 164922 d",1.83000000,4.00000000,12.45800000000,0.1030000000,0.120000,5390.00,0.926000,0.946000,2020,"Radial Velocity",22.00160000
"2MASS J01033563-5515561 AB b",12.30000000,4131.79000000,,84.0000000000,,,0.190000,,2013,"Imaging",47.20000000
"TOI-2382 b",12.25141591,235.19302118,4.66120610000,0.0590000000,0.180000,6033.00,1.260000,1.417000,2025,"Transit",434.92000000
"Kepler-402 b",1.22000000,1.98000000,4.02875100000,0.0510000000,0.000000,6090.00,1.072000,1.264000,2014,"Transit",625.33900000
"EPIC 201841433 b",1.04000000,1.12000000,4.16980000000,0.0350000000,,5053.00,0.802000,0.628461,2019,"Transit",436.48800000
"USco1621 b",12.20000000,5085.28000000,,2880.0000000000,,3460.00,0.360000,0.710071,2019,"Imaging",137.90100000
"K2-318 b",1.66000000,3.39000000,7.01000000000,0.0911000000,,3851.00,0.561000,0.552000,2020,"Transit",147.86600000
"K2-405 b",4.56900000,18.90000000,3.43547100000,,,4927.00,1.034000,0.765000,2022,"Transit",197.23400000
"TOI-784 b",1.93000000,9.67000000,2.79703650000,0.0380000000,0.000000,5558.00,0.910000,0.907000,2023,"Transit",64.59970000
"TOI-1814 b",5.18536642,23.50000000,6.36861010462,,,4872.84,,2.389500,2026,"Transit",362.52200000
"Kepler-1419 b",2.86000000,8.55000000,42.52158950000,0.2391000000,0.000000,5796.00,1.010000,1.010000,2016,"Transit",1498.58000000
"EPIC 206215704 b",1.00000000,0.97200000,2.25543600000,,,3297.00,0.407000,0.250000,2019,"Transit",109.88800000
"Kepler-848 b",1.70000000,3.53000000,6.91134416000,0.0758600000,0.000000,5695.00,1.010000,1.200000,2016,"Transit",1378.47000000
"Kepler-819 b",2.76000000,8.05000000,33.19956480000,0.1894000000,0.000000,5279.00,0.860000,0.810000,2016,"Transit",664.30600000
"TOI-799 b",2.06631784,4.92000000,5.54519139676,,,5662.81,1.000000,0.915519,2026,"Transit",158.52600000
"K2-146 c",2.19000000,7.49000000,4.00498000000,0.0327000000,0.075000,3385.00,0.331000,0.330000,2019,"Transit",79.30020000
"K2-324 b",2.43000000,6.48000000,3.26200000000,0.0331000000,,3752.00,0.517000,0.505000,2020,"Transit",136.66700000
"Kepler-822 b",1.77000000,3.78000000,3.22296927300,0.0407800000,0.000000,5928.00,1.060000,1.080000,2016,"Transit",860.39100000
"TOI-1181 b",17.02644168,374.71969185,2.10318900000,0.0364000000,0.011000,6054.00,1.467000,1.961000,2022,"Transit",302.81900000
"TOI-808 b",2.20344362,5.49000000,9.73944854026,,,5078.20,0.870000,0.833198,2026,"Transit",98.18480000
"TOI-815 b",2.94000000,7.60000000,11.19725900000,0.0903000000,0.200000,4869.00,0.776000,0.770000,2024,"Transit",59.71170000
"TOI-2141 b",3.14700000,20.10000000,18.26160800000,0.1322000000,0.210000,5635.00,0.896000,0.950000,2023,"Transit",77.68200000
"TOI-2447 b",9.60609646,124.90656395,69.33684000000,0.3470000000,0.170000,5730.00,1.034000,1.006000,2024,"Transit",148.98700000
"TOI-2818 b",15.27784069,225.65816897,4.03970900000,0.0493000000,0.000000,5721.00,0.977000,1.229000,2023,"Transit",312.67400000
"Kepler-1371 c",0.64000000,0.19600000,2.00541269000,0.0293700000,0.000000,5361.00,0.870000,0.830000,2016,"Transit",515.33400000
"EPIC 212587672 b",1.26000000,2.13000000,15.28078000000,,,6004.00,0.990000,0.980000,2019,"Transit",320.07000000
"Kepler-843 b",2.59000000,7.22000000,2.05387982100,0.0313000000,0.000000,5830.00,1.020000,1.030000,2016,"Transit",1165.66000000
"K2-408 b",1.67700000,3.45000000,20.97895900000,,,5335.00,0.813000,0.784000,2022,"Transit",162.30600000
"TOI-1516 b",15.24421375,1004.33776612,2.05601400000,,,6520.00,1.140000,1.140000,2022,"Transit",247.05400000
"TOI-2458 b",2.83000000,13.31000000,3.73659000000,0.0482000000,0.087000,6005.00,1.050000,1.310000,2024,"Transit",112.95800000
"Kepler-1423 b",1.06000000,1.20000000,23.95537800000,0.1586000000,0.000000,4939.00,0.790000,0.750000,2016,"Transit",449.00000000
"HATS-57 b",12.76705100,1000.21101000,2.35062100000,0.0349300000,0.028000,5587.00,1.026000,0.960000,2019,"Transit",279.48500000
"HATS-56 b",18.92079200,191.33366000,4.32479900000,0.0604300000,0.019000,6536.00,1.573000,2.201000,2019,"Transit",564.40900000
"TOI-763 b",2.28000000,9.79000000,5.60570000000,0.0600000000,0.040000,5450.00,0.917000,0.897000,2020,"Transit",95.12740000
"K2-409 b",2.48200000,6.72000000,1.90808400000,,,5742.00,0.886000,1.228000,2022,"Transit",431.03100000
"TOI-1722 b",4.38298108,17.60000000,9.60523206943,,,5999.55,1.162000,1.094140,2026,"Transit",136.41900000
"TOI-1873 b",2.86356397,8.57000000,7.00572708834,,,5597.99,1.015000,0.971675,2026,"Transit",182.01400000
"TOI-2158 b",10.76062147,260.61929374,8.60077000000,0.0750000000,0.070000,5673.00,1.120000,1.410000,2022,"Transit",198.47300000
"Kepler-1888 b",1.32578716,2.32000000,11.39169979000,0.0956000000,0.000000,5557.00,0.897000,1.249000,2021,"Transit",402.94700000
"Kepler-1901 b",1.47418907,2.77000000,3.48412990600,0.0453000000,0.000000,5696.00,1.022000,0.921000,2021,"Transit",1028.37000000
"GJ 433 c",6.27000000,32.42200000,5094.10500000000,4.8190000000,0.120000,3461.00,0.480000,0.500000,2014,"Radial Velocity",9.06456000
"K2-374 c",2.21300000,5.53000000,16.43445000000,,,5789.00,0.731000,0.907000,2022,"Transit",359.43900000
"TOI-1860 b",1.31000000,2.27000000,1.06621070000,0.0204000000,,5752.00,0.990000,0.940000,2022,"Transit",45.86400000
"TOI-1723 b",3.43500000,10.40000000,13.72701264300,0.1134960000,0.000000,5777.00,1.040000,1.090000,2024,"Transit",100.72700000
"TOI-1937 A b",13.97759893,638.83509807,0.94667944000,0.0193200000,0.000000,5814.00,1.072000,1.080000,2023,"Transit",415.13500000
"Kepler-292 f",2.35000000,6.12000000,20.83423700000,0.1410000000,0.000000,5299.00,0.865000,0.826000,2014,"Transit",1056.48000000
"Kepler-1395 b",0.80000000,0.43700000,3.78470649000,0.0497400000,0.000000,6138.00,1.170000,1.230000,2016,"Transit",492.89400000
"Kepler-1905 b",1.44607340,2.69000000,3.42392993000,0.0451000000,0.000000,5788.00,1.038000,1.015000,2021,"Transit",1051.53000000
"Kepler-65 e",13.90000000,260.00000000,258.80000000000,0.8539307544,0.283000,6220.00,1.248000,1.437000,2019,"Radial Velocity",303.72800000
"GJ 682 b",1.93000000,4.40000000,17.47800000000,0.0800000000,0.080000,3028.00,0.270000,0.298255,2014,"Radial Velocity",5.00671000
"TOI-132 b",3.42000000,22.40000000,2.10970190000,0.0260000000,0.059000,5397.00,0.970000,0.900000,2020,"Transit",163.67800000
"TOI-2000 c",8.14000000,81.70000000,9.12705500000,0.0878000000,0.063000,5611.00,1.082000,1.134000,2023,"Transit",175.71300000
"TOI-2000 b",2.70000000,11.00000000,3.09833000000,0.0427100000,0.000000,5611.00,1.082000,1.134000,2023,"Transit",175.71300000
"TOI-2194 b",1.98920000,4.61000000,15.33759700000,,,4756.00,0.740000,0.690900,2023,"Transit",19.57110000
"TOI-2498 b",6.06000000,34.62000000,3.73825200000,0.0491000000,0.089000,5905.00,1.120000,1.260000,2023,"Transit",275.26500000
"Kepler-102 e",2.17000000,4.70000000,16.14569940000,0.1162000000,0.089000,4909.00,0.803000,0.724000,2013,"Transit",107.79600000
"HD 2685 b",16.14096000,371.86110000,4.12688000000,0.0568000000,0.091000,6801.00,1.430000,1.560000,2019,"Transit",196.85200000
"Kepler-95 b",3.42000000,13.00000000,11.52310000000,0.1023200000,0.000000,5699.00,1.080000,1.410000,2014,"Transit",445.65600000
"Wendelstein-2 b",12.99347280,232.33373000,1.75222390000,0.0234000000,0.057000,4591.00,0.730000,0.660000,2020,"Transit",565.54100000
"K2-384 b",1.07600000,1.26000000,2.23152700000,,,3623.00,0.330000,0.348000,2022,"Transit",82.66030000
"HD 174205 b",13.00000000,1334.87930940,582.00000000000,1.7000000000,0.400000,4308.00,1.800000,26.600000,2022,"Radial Velocity",234.02700000
"Kepler-430 c",1.75000000,3.71000000,110.97900000000,0.4757000000,0.000000,5884.00,1.166000,1.485000,2015,"Transit",917.47700000
"Kepler-1656 b",4.57400000,47.80000000,31.56200000000,0.1974000000,0.838000,5569.00,1.030000,1.100000,2018,"Transit",185.87500000
"Kepler-647 c",4.00135002,15.10000000,29.66630000000,0.1829100000,0.000000,5906.74,1.070000,1.545710,2020,"Transit",1087.87000000
"Kepler-210 b",2.94000000,8.96000000,2.45323400000,0.0320000000,0.000000,4559.00,0.770000,0.650000,2014,"Transit",232.75000000
"OGLE-2006-BLG-109L c",11.10000000,86.00000000,4927.50000000000,4.5000000000,0.150000,,0.510000,,2008,"Microlensing",1510.00000000
"KMT-2016-BLG-1397L b",12.70000000,2200.00000000,,5.1000000000,,,0.450000,,2018,"Microlensing",6600.00000000
"KMT-2019-BLG-0253L b",2.99000000,9.20000000,,3.1000000000,,,0.700000,,2022,"Microlensing",4900.00000000
"KMT-2023-BLG-0548L b",13.10000000,1086.97315194,,6.8500000000,,,0.720000,,2025,"Microlensing",6830.00000000
"Kepler-1963 b",0.74437023,0.33700000,1.96226000800,0.0291500000,0.000000,5726.00,0.915000,0.979000,2021,"Transit",492.84700000
"Kepler-1517 b",9.76000000,68.70000000,5.54608366500,0.0780000000,0.000000,7010.00,1.580000,1.950000,2016,"Transit",847.29900000
"Kepler-1711 b",1.92300000,4.36000000,21.06080055000,0.1463000000,0.000000,5706.00,0.940000,1.034000,2021,"Transit",590.26800000
"MOA-2010-BLG-328L b",2.99000000,9.20000000,,0.9200000000,,,0.110000,,2013,"Microlensing",810.00000000
"MOA-2011-BLG-291L b",4.43000000,18.00000000,,0.6900000000,,,0.150000,,2018,"Microlensing",4400.00000000
"KMT-2018-BLG-1743L b",10.50000000,77.86795971,,1.4490000000,,,0.193000,,2021,"Microlensing",6483.00000000
"OGLE-2018-BLG-0516L b",4.73000000,20.10000000,,2.2000000000,,,0.470000,,2022,"Microlensing",7000.00000000
"KMT-2023-BLG-0949L b",12.80000000,1900.61387386,,2.0300000000,,,0.480000,,2025,"Microlensing",6060.00000000
"KMT-2024-BLG-2059L b",2.54000000,6.99222495,,2.5500000000,,,0.510000,,2025,"Microlensing",6070.00000000
"Kepler-146 b",3.71000000,13.30000000,31.15879900000,0.2000000000,0.000000,5948.00,1.079000,1.208000,2014,"Transit",716.79700000
"Kepler-1468 d",3.33187146,11.10000000,19.59059906000,0.1456000000,0.000000,5794.00,1.072000,1.496000,2021,"Transit",1899.24000000
"Kepler-348 c",1.33000000,2.33000000,17.26542700000,0.1380000000,0.000000,6177.00,1.189000,1.359000,2014,"Transit",570.78300000
"Kepler-1641 c",2.95000000,9.01000000,32.65721200000,0.2065000000,0.000000,6152.00,1.120000,1.190000,2016,"Transit",860.37000000
"Kepler-1641 b",3.11000000,9.85000000,19.67226600000,0.1473000000,0.000000,6152.00,1.120000,1.190000,2016,"Transit",860.37000000
"Kepler-39 b",13.90000000,6388.10000000,21.08721000000,0.1640000000,0.112000,6350.00,1.290000,1.400000,2011,"Transit",1057.41000000
"Kepler-174 c",1.49000000,2.83000000,44.00052900000,0.2140000000,0.000000,4880.00,0.602000,0.622000,2014,"Transit",384.75700000
"KMT-2023-BLG-1642L b",13.80000000,343.25467956,,1.4100000000,,,0.170000,,2024,"Microlensing",6980.00000000
"Kepler-1468 b",1.73000000,3.64000000,8.23984869000,0.0817000000,0.000000,5893.00,1.040000,1.050000,2016,"Transit",1899.24000000
"Kepler-203 b",2.57000000,7.13000000,3.16269700000,0.0430000000,0.000000,5821.00,1.060000,1.114000,2014,"Transit",703.30200000
"Kepler-152 b",2.79000000,8.20000000,18.20797300000,0.1240000000,0.000000,5088.00,0.779000,0.724000,2014,"Transit",441.09000000
"OGLE-2015-BLG-0966L b",4.86000000,21.00000000,,2.7000000000,,,0.380000,,2016,"Microlensing",3300.00000000
"MOA-2011-BLG-028L b",5.99000000,30.00000000,,4.1400000000,,,0.750000,,2016,"Microlensing",7380.00000000
"OGLE-2018-BLG-0383L b",2.41000000,6.40000000,,1.8000000000,,,0.100000,,2022,"Microlensing",7700.00000000
"KMT-2021-BLG-1391L b",1.97000000,4.55000000,,2.2900000000,,,0.370000,,2022,"Microlensing",5720.00000000
"Kepler-195 c",1.55000000,3.02000000,34.09686300000,0.1970000000,0.000000,5329.00,0.867000,0.775000,2014,"Transit",652.05100000
"Kepler-880 c",2.87000000,8.60000000,11.80617370000,0.1216000000,0.000000,6900.00,1.714000,2.599000,2023,"Transit",601.32400000
"Kepler-608 b",3.64000000,12.90000000,6.41251503700,0.0685000000,0.000000,5820.00,1.000000,1.010000,2016,"Transit",946.68300000
"Kepler-1704 b",11.94877343,1322.16617312,988.88112000000,2.0270000000,0.920000,5746.00,1.132000,1.697000,2021,"Transit",835.45500000
"Kepler-561 c",2.68000000,7.65000000,5.35016198300,0.0594700000,0.000000,5646.00,0.960000,0.940000,2016,"Transit",621.37800000
"OGLE-2015-BLG-0051L b",14.00000000,230.00000000,,0.7300000000,,,0.100000,,2016,"Microlensing",8200.00000000
"OGLE-2018-BLG-0740L b",12.90000000,1500.00000000,5480.00000000000,5.0000000000,0.000000,5912.00,1.000000,,2019,"Microlensing",3200.00000000
"OGLE-2017-BLG-1099L b",13.10000000,959.84178914,,2.7300000000,,,0.450000,,2021,"Microlensing",7250.00000000
"KMT-2021-BLG-0748L b",14.30000000,143.02278315,,2.4300000000,,,0.360000,,2022,"Microlensing",6090.00000000
"TOI-2267 d",1.77000000,3.78000000,2.03446710000,0.0145000000,,3022.00,0.098900,0.130000,2025,"Transit",22.55000000
"Kepler-1719 b",3.95000623,14.80000000,6.14955997500,0.0686800000,0.000000,5687.00,1.080000,1.775000,2021,"Transit",905.40600000
"Kepler-1254 c",1.30000000,2.24000000,3.60084276000,0.0422000000,0.000000,4985.00,0.780000,0.750000,2016,"Transit",622.81800000
"Kepler-639 b",2.38000000,6.26000000,10.21420496000,0.0935800000,0.000000,5896.00,1.140000,1.290000,2016,"Transit",850.24200000
"KMT-2016-BLG-0212L b",12.20000000,5700.00000000,,2.2000000000,,,0.480000,,2018,"Microlensing",6300.00000000
"KMT-2019-BLG-1552L b",13.00000000,1287.20504835,,2.6000000000,,,0.790000,,2022,"Microlensing",4600.00000000
"KMT-2024-BLG-0349L b",12.40000000,3769.44490702,,6.4600000000,,,0.680000,,2026,"Microlensing",5750.00000000
"Kepler-208 d",1.20000000,1.87000000,11.13178600000,0.1030000000,0.000000,6092.00,1.082000,1.314000,2014,"Transit",775.32800000
"Kepler-171 b",2.34000000,6.08000000,4.16697200000,0.0500000000,0.000000,5642.00,0.978000,0.839000,2014,"Transit",863.85500000
"Kepler-1525 b",0.91000000,0.69300000,2.41660118300,0.0355700000,0.000000,5748.00,1.070000,1.040000,2016,"Transit",382.98900000
"Kepler-1645 b",1.78000000,3.82000000,16.17795610000,0.1285000000,0.000000,5812.00,1.020000,1.020000,2016,"Transit",1202.47000000
"KMT-2018-BLG-1990L b",12.90000000,111.00000000,,0.7630000000,,,0.094000,,2019,"Microlensing",967.00000000
"KMT-2018-BLG-0247L b",13.40000000,670.61793877,,2.4600000000,,,0.290000,,2022,"Microlensing",6760.00000000
"Kepler-30 d",8.80000000,23.10000000,143.34394000000,0.5000000000,0.022000,5498.00,0.990000,0.950000,2012,"Transit",914.22100000
"PSR B1257+12 d",1.80000000,3.90000000,98.21140000000,0.4600000000,0.026400,,1.400000,,1992,"Pulsar Timing",600.00000000
"OGLE-2016-BLG-0263L b",13.00000000,1300.00000000,,5.4000000000,,,0.130000,,2017,"Microlensing",6500.00000000
"OGLE-2012-BLG-0026L c",13.90000000,270.00000000,,4.8000000000,,,1.060000,,2012,"Microlensing",4019.00000000
"KMT-2018-BLG-2602L b",13.70000000,365.50266805,,3.8100000000,,,0.660000,,2022,"Microlensing",4310.00000000
"KMT-2016-BLG-1337L b",11.40000000,88.99195396,,3.9700000000,,,0.540000,,2026,"Microlensing",6920.00000000
"Kepler-220 d",0.98000000,0.90400000,28.12239700000,0.1630000000,0.000000,4632.00,0.729000,0.666000,2014,"Transit",171.10900000
"Kepler-1949 b",2.21964541,5.56000000,2.20828008700,0.0352000000,0.000000,6028.00,1.194000,1.454000,2021,"Transit",2617.35000000
"Kepler-695 b",9.21000000,62.30000000,3.04033042400,0.0374000000,0.000000,5181.00,0.840000,0.800000,2016,"Transit",842.94700000
"Kepler-529 d",2.79502603,8.22000000,35.86619949000,0.2134000000,0.000000,6078.00,1.005000,1.189000,2021,"Transit",799.00800000
"OGLE-2005-BLG-390L b",2.21000000,5.50000000,3285.00000000000,2.6000000000,,,0.220000,,2005,"Microlensing",6600.00000000
"Kepler-220 b",0.81000000,0.45700000,4.15980700000,0.0460000000,0.000000,4632.00,0.729000,0.666000,2014,"Transit",171.10900000
"Kepler-1993 b",4.15000000,16.10000000,26.65657370000,0.1943000000,0.000000,5159.00,1.373000,3.062000,2023,"Transit",1031.91000000
"Kepler-154 e",1.50000000,2.86000000,3.93276465000,0.0476600000,0.000000,5769.00,0.980000,0.980000,2016,"Transit",915.21200000
"MOA-2009-BLG-387L b",13.20000000,830.00000000,1980.00000000000,1.8000000000,,,0.190000,,2010,"Microlensing",5690.00000000
"OGLE-2018-BLG-1647L b",13.80000000,308.29355479,,1.3600000000,,,0.092000,,2022,"Microlensing",7880.00000000
"Kepler-154 c",2.95000000,9.01000000,62.30327600000,0.3030000000,0.000000,5690.00,0.933000,1.001000,2014,"Transit",915.21200000
"Kepler-390 c",0.79000000,0.41800000,13.06002200000,0.1010000000,0.000000,5166.00,0.787000,0.776000,2014,"Transit",435.27700000
"Kepler-967 c",3.65000000,12.90000000,198.71125020000,0.6253000000,0.000000,5178.00,0.840000,0.800000,2016,"Transit",568.54600000
"Kepler-248 c",4.07000000,15.60000000,16.23949400000,0.1230000000,0.000000,5190.00,0.838000,0.831000,2014,"Transit",738.79200000
"Kepler-648 b",3.22000000,10.50000000,17.42117490000,0.1332400000,0.000000,5741.00,1.050000,0.980000,2016,"Transit",636.03000000
"OGLE-2017-BLG-0406L b",14.20000000,130.00000000,,3.5000000000,,,0.560000,,2020,"Microlensing",5200.00000000
"OGLE-2018-BLG-1367L b",13.80000000,301.93698665,,1.2100000000,,,0.280000,,2022,"Microlensing",5370.00000000
"OGLE-2018-BLG-0932L b",13.90000000,282.86728223,,1.7500000000,,,0.720000,,2022,"Microlensing",6620.00000000
"OGLE-2017-BLG-0364L b",10.30000000,75.80000000,,3.7900000000,,,0.490000,,2024,"Microlensing",7860.00000000
"Kepler-1814 c",1.76000000,3.75000000,0.62628176600,0.0133000000,0.000000,4922.00,0.790000,0.823000,2023,"Transit",726.34600000
"Kepler-1588 b",0.76000000,0.36300000,7.84931739000,0.0741900000,0.000000,5817.00,0.960000,0.990000,2016,"Transit",924.14100000
"Kepler-436 b",2.73000000,7.90000000,64.00205000000,0.3390000000,0.190000,4651.00,0.729000,0.697000,2015,"Transit",588.86700000
"KOI-3503 c",1.21000000,10.36000000,31.82800000000,0.1868800000,0.000000,6001.00,0.858000,1.255000,2021,"Transit",887.06400000
"Kepler-1491 c",2.44000000,6.53000000,61.56976500000,0.3045000000,0.000000,5626.00,0.991000,1.389000,2023,"Transit",2065.59000000
"Kepler-158 c",1.90000000,4.27000000,28.55138300000,0.1580000000,0.000000,4623.00,0.655000,0.624000,2014,"Transit",315.17700000
"MOA-2011-BLG-293L b",12.90000000,1500.00000000,3000.00000000000,1.1000000000,,,0.860000,,2012,"Microlensing",7720.00000000
"OGLE-2017-BLG-0173L b",1.62000000,3.26900000,,3.9130000000,,,0.396000,,2018,"Microlensing",4705.00000000
"OGLE-2018-BLG-1269L b",14.10000000,210.00000000,,4.5100000000,,,1.110000,,2020,"Microlensing",2510.00000000
"KMT-2021-BLG-0119L b",12.80000000,1754.41280664,,2.9200000000,,,0.560000,,2022,"Microlensing",3130.00000000
"Kepler-968 c",1.69000000,3.50000000,5.70940491800,0.0520000000,0.000000,4598.00,0.760000,0.700000,2016,"Transit",290.32400000
"Kepler-28 b",1.95900000,1.63000000,5.91000000000,0.0568700000,0.000000,4499.30,0.684000,0.664000,2011,"Transit",438.35900000
"MOA-2008-BLG-379L b",13.00000000,1300.00000000,,2.7000000000,,,0.560000,,2013,"Microlensing",3300.00000000
"MOA-2022-BLG-091L b",13.00000000,1141.00398113,,3.4400000000,,,0.750000,,2025,"Microlensing",4250.00000000
"KMT-2023-BLG-2209L b",13.90000000,254.26272560,,3.5100000000,,,0.730000,,2025,"Microlensing",5570.00000000
"Kepler-1533 b",3.46000000,11.80000000,308.54710000000,0.9341600000,0.000000,6431.00,1.310000,1.510000,2016,"Transit",966.80100000
"Kepler-558 b",2.37000000,6.21000000,29.00790538000,0.1759000000,0.000000,5242.00,0.850000,0.810000,2016,"Transit",661.87600000
"Kepler-177 c",8.73000000,14.70000000,49.40926000000,0.2565500000,0.000000,5732.00,0.921000,1.324000,2013,"Transit",1435.44000000
"OGLE-2014-BLG-1722L b",8.59000000,55.30000000,,1.5000000000,,,0.400000,,2018,"Microlensing",6400.00000000
"OGLE-2015-BLG-1609L b",10.40000000,76.27881768,,,,,0.170000,,2025,"Microlensing",3300.00000000
"Kepler-690 b",5.95000000,29.60000000,7.74809437400,0.0810000000,0.000000,5913.00,1.110000,1.160000,2016,"Transit",1665.31000000
"KMT-2025-BLG-1160L b",5.43000000,25.36000000,,2.5600000000,,,0.580000,,2026,"Microlensing",6580.00000000
"Kepler-46 b",9.05700000,1907.00000000,33.60134000000,0.1968000000,0.010000,5155.00,0.902000,0.938000,2012,"Transit",777.06000000
"Kepler-188 c",3.19000000,10.30000000,5.99655300000,0.0660000000,0.000000,6021.00,1.021000,1.141000,2014,"Transit",968.54400000
"Kepler-586 b",2.79000000,8.20000000,2.10472218400,0.0331000000,0.000000,5575.00,0.940000,0.920000,2016,"Transit",693.76600000
"Kepler-245 d",3.03000000,21.60000000,36.27710800000,0.2020000000,0.000000,5100.00,0.856000,0.795000,2014,"Transit",861.52700000
"OGLE-2013-BLG-0341L B b",1.16000000,1.66000000,,0.7020000000,,,0.112700,,2014,"Microlensing",911.00000000
"KMT-2018-BLG-1976L b",13.30000000,705.57906354,,3.5400000000,,,0.650000,,2021,"Microlensing",5840.00000000
"KMT-2017-BLG-0428L b",2.23000000,5.59000000,,1.8100000000,,,0.340000,,2023,"Microlensing",5400.00000000
"KMT-2019-BLG-1806L b",2.00000000,4.67000000,,3.0200000000,,,0.740000,,2023,"Microlensing",6640.00000000
"OGLE-2014-BLG-0124L b",14.10000000,206.58846455,,3.4800000000,,,0.900000,,2015,"Microlensing",3500.00000000
"Kepler-1616 b",1.02000000,1.04000000,6.76284377000,0.0731800000,0.000000,6266.00,1.210000,1.340000,2016,"Transit",1137.81000000
"Kepler-362 b",0.88000000,0.61500000,10.32718600000,0.0870000000,0.000000,5788.00,0.904000,0.722000,2014,"Transit",1090.51000000
"Kepler-612 b",2.84000000,8.45000000,3.72215641300,0.0452000000,0.000000,5693.00,0.980000,0.960000,2016,"Transit",1445.53000000
"Kepler-81 c",2.37000000,4.30000000,12.04000000000,0.0834700000,0.000000,4385.00,0.640000,0.590000,2012,"Transit",348.29100000
"OGLE-2013-BLG-1761L b",13.20000000,860.00000000,,1.8000000000,,,0.330000,,2017,"Microlensing",6900.00000000
"KMT-2016-BLG-1105L b",1.33000000,2.32000000,,2.4400000000,,,0.410000,,2023,"Microlensing",5080.00000000
"TOI-5573 b",9.75000000,112.00000000,8.79758977000,0.0712000000,0.072000,3790.00,0.619000,0.594000,2025,"Transit",186.56200000
"Kepler-1144 b",1.99000000,4.62000000,17.14647302000,0.1291000000,0.000000,5753.00,0.980000,0.960000,2016,"Transit",1140.57000000
"Kepler-172 e",2.76000000,8.05000000,35.11873600000,0.2110000000,0.000000,5526.00,1.081000,1.085000,2014,"Transit",828.59200000
"Kepler-694 b",2.80000000,8.25000000,6.36584161200,0.0659000000,0.000000,5700.00,0.970000,0.950000,2016,"Transit",1023.06000000
"K2-108 b",5.33000000,59.40000000,4.73399900000,0.0581000000,0.180000,5599.00,1.170000,1.760000,2017,"Transit",477.29500000
"TOI-201 d",1.39000000,5.80000000,5.84889000000,0.0698000000,0.300000,6423.00,1.320000,1.310000,2026,"Transit",113.82500000
"Kepler-373 b",1.36000000,2.42000000,5.53530900000,0.0600000000,0.000000,5787.00,0.981000,0.845000,2014,"Transit",1090.45000000
"Kepler-377 c",2.06000000,4.90000000,27.01497600000,0.1820000000,0.000000,5949.00,1.043000,1.224000,2014,"Transit",823.80400000
"Kepler-444 d",0.53000000,0.20000000,6.18939200000,0.0600000000,0.180000,5046.00,0.758000,0.752000,2015,"Transit",36.43960000
"Kepler-1649 b",1.01700000,1.03000000,8.68909900000,0.0514000000,0.000000,3240.00,0.197700,0.231700,2017,"Transit",92.19130000
"Kepler-179 c",2.00000000,4.66000000,6.40013000000,0.0640000000,0.000000,5302.00,0.893000,0.759000,2014,"Transit",605.68000000
"K2-179 b",2.51267885,6.86000000,5.17219100000,,,5015.00,0.824345,0.768067,2018,"Transit",190.81000000
"Kepler-219 d",2.81000000,19.10000000,47.90364500000,0.2720000000,0.000000,5786.00,1.164000,1.491000,2014,"Transit",787.07000000
"Kepler-50 b",1.71000000,8.90000000,7.81254000000,0.0770000000,0.000000,6225.00,1.240000,1.580000,2012,"Transit",250.11000000
"Kepler-1787 b",2.31898181,5.99000000,39.31370163000,0.2270000000,0.000000,6060.00,1.008000,0.925000,2021,"Transit",778.60200000
"Kepler-1542 b",0.76000000,0.36300000,3.95116882000,0.0476500000,0.000000,5564.00,0.940000,0.990000,2016,"Transit",399.11400000
"Kepler-1444 b",2.18000000,5.39000000,33.42035034000,0.2090600000,0.000000,5810.00,1.030000,1.050000,2016,"Transit",319.67500000
"Kepler-1997 b",2.28000000,5.82000000,26.75758660000,0.1815000000,0.000000,6215.00,1.111000,1.052000,2023,"Transit",1502.34000000
"Kepler-241 b",2.33000000,6.04000000,12.71809200000,0.0940000000,0.000000,4699.00,0.671000,0.668000,2014,"Transit",512.00000000
"Kepler-1624 b",6.59000000,35.30000000,3.29031400000,0.0327000000,0.000000,3768.00,0.541000,0.552000,2016,"Transit",258.97900000
"K2-168 b",1.86000000,4.12000000,15.85230000000,,,5502.70,0.877000,0.830000,2018,"Transit",243.93500000
"K2-119 b",2.53000000,6.94000000,7.72728300000,0.0698000000,0.070000,4740.00,0.760000,0.710000,2017,"Transit",365.58100000
"Kepler-730 c",1.56926000,3.09000000,2.85188338000,0.0399700000,0.000000,5620.00,1.047000,1.411000,2018,"Transit",1935.04000000
"TOI-5319 b",2.83000000,8.40000000,4.07853000000,0.0506000000,,3580.00,0.500000,0.485000,2024,"Transit",61.17100000
"HD 80883 b",12.80000000,1748.05623850,6383.78352000000,6.4620000000,0.203000,5177.91,0.880000,0.814842,2022,"Radial Velocity",34.60110000
"Kepler-1585 b",1.79000000,3.86000000,3.58274630000,0.0445000000,0.000000,5538.00,0.940000,0.910000,2016,"Transit",944.46500000
"Kepler-1961 b",1.61878080,3.25000000,5.60471010200,0.0588000000,0.000000,5401.00,0.871000,0.777000,2021,"Transit",1042.45000000
"Kepler-1446 b",0.82000000,0.47700000,0.68996783200,0.0140500000,0.000000,4865.00,0.810000,0.750000,2016,"Transit",152.07500000
"Kepler-342 c",1.96000000,4.50000000,26.23413800000,0.1850000000,0.000000,6175.00,1.213000,1.472000,2014,"Transit",781.61100000
"K2-121 b",7.16000000,51.00000000,5.18573800000,0.0525000000,0.220000,4526.00,0.710000,0.675000,2017,"Transit",169.39800000
"Kepler-279 e",4.13000000,56.00000000,98.35310000000,0.4390000000,0.000000,6689.45,1.164000,1.430000,2025,"Transit",1037.40000000
"KOI-3680 b",11.09691000,613.41190000,141.24167100000,0.5340000000,0.496000,5830.00,1.010000,0.960000,2018,"Transit",921.98600000
"Kepler-1638 b",1.87000000,4.16000000,259.33683000000,0.7450000000,0.000000,5710.00,0.970000,0.950000,2016,"Transit",1525.52000000
"K2-146 b",2.05000000,5.77000000,2.64460000000,0.0248000000,0.129000,3385.00,0.331000,0.330000,2018,"Transit",79.30020000
"Kepler-677 b",5.38000000,25.00000000,6.57531678000,0.0670000000,0.000000,5723.00,1.000000,0.990000,2016,"Transit",1954.08000000
"TOI-5344 b",10.60369574,130.94530368,3.79262200000,0.0404100000,0.054000,3747.00,0.612000,0.588000,2023,"Transit",138.36700000
"Kepler-1811 b",3.84829873,14.10000000,76.42230225000,0.3462000000,0.000000,5561.00,0.946000,1.190000,2021,"Transit",1390.56000000
"Kepler-481 b",2.50000000,6.80000000,10.06082567000,0.0892600000,0.000000,5802.00,1.010000,1.090000,2016,"Transit",813.72400000
"Kepler-375 c",2.65000000,7.51000000,19.98632600000,0.1410000000,0.000000,5826.00,0.891000,0.837000,2014,"Transit",1238.81000000
"Kepler-113 c",2.18000000,8.70000000,8.92507000000,0.0779600000,0.000000,4725.00,0.750000,0.690000,2014,"Transit",262.35100000
"Kepler-9 b",8.29000000,43.40000000,19.23891000000,0.1430000000,0.060900,5774.00,1.022000,0.958000,2010,"Transit",628.25700000
"Kepler-1590 b",1.14000000,1.55000000,7.61760804000,0.0711600000,0.000000,6053.00,1.110000,1.160000,2016,"Transit",771.15200000
"Kepler-1514 b",12.41957200,1678.14240000,217.83184000000,0.7530000000,0.401000,6145.00,1.196000,1.289000,2016,"Transit",397.29200000
"Kepler-175 b",2.56000000,7.08000000,11.90351500000,0.1050000000,0.000000,6064.00,0.969000,1.010000,2014,"Transit",1312.34000000
"K2-83 b",1.24400000,2.08000000,2.74697000000,0.0301400000,0.070000,3910.00,0.484000,0.424000,2016,"Transit",125.52900000
"Kepler-231 c",1.93000000,24.10000000,19.27156600000,0.1140000000,0.000000,3767.00,0.580000,0.490000,2014,"Transit",316.61800000
"Kepler-1683 b",1.87477762,4.17000000,15.03370000000,0.1182000000,0.000000,5429.00,0.950000,0.900327,2020,"Transit",733.14300000
"Kepler-1653 b",2.17000000,5.35000000,140.25240000000,0.4706000000,0.000000,4807.00,0.719000,0.693000,2017,"Transit",755.00000000
"Kepler-150 c",3.69000000,13.20000000,7.38199800000,0.0730000000,0.000000,5560.00,0.956000,0.939000,2014,"Transit",891.09200000
"Kepler-239 b",2.33000000,6.04000000,11.76305100000,0.0950000000,0.000000,4914.00,0.757000,0.763000,2014,"Transit",648.10900000
"Kepler-343 c",2.02000000,4.74000000,23.22182000000,0.1670000000,0.000000,5807.00,1.055000,1.433000,2014,"Transit",927.19300000
"TOI-5380 b",3.48093238,11.90000000,3.77229247873,,,6400.78,1.343000,1.562100,2026,"Transit",286.78100000
"Kepler-1022 b",2.36000000,6.17000000,10.99469878000,0.0805000000,0.000000,4445.00,0.710000,0.680000,2016,"Transit",420.04200000
"Kepler-354 b",1.84000000,4.04000000,5.47666000000,0.0540000000,0.000000,4648.00,0.652000,0.674000,2014,"Transit",554.06400000
"Kepler-1434 b",1.11000000,1.41000000,8.05333618000,0.0917000000,0.000000,6291.00,1.470000,2.040000,2016,"Transit",775.52900000
"Kepler-1593 b",3.17000000,10.20000000,174.50983500000,0.5549400000,0.000000,4995.00,0.810000,0.770000,2016,"Transit",638.24900000
"Kepler-1453 b",2.67000000,7.61000000,47.16116960000,0.2620000000,0.000000,5665.00,0.970000,0.940000,2016,"Transit",1196.04000000
"Kepler-1989 b",4.62000000,19.30000000,10.16102352800,0.0918000000,0.000000,6032.00,0.999000,1.060000,2023,"Transit",1252.13000000
"K2-122 b",1.16000000,1.65000000,2.21930230000,0.0373000000,0.210000,4009.00,0.630000,0.590000,2017,"Transit",72.04440000
"Kepler-1046 b",1.71000000,3.57000000,14.37508035000,0.1185800000,0.000000,5913.00,1.040000,1.040000,2016,"Transit",721.53400000
"Kepler-1907 c",1.15547044,1.63000000,14.86390018000,0.1037100000,0.000000,5159.00,0.752000,0.800000,2021,"Transit",292.11100000
"Kepler-1594 b",1.06000000,1.20000000,2.71603809000,0.0396000000,0.000000,5946.00,1.060000,1.080000,2016,"Transit",976.86800000
"Kepler-80 b",2.67000000,6.93000000,7.05246000000,0.0648000000,0.004900,4540.00,0.730000,0.678000,2012,"Transit",369.45100000
"Kepler-438 b",1.12000000,1.46000000,35.23319000000,0.1660000000,0.030000,3748.00,0.544000,0.520000,2015,"Transit",195.94287175
"Kepler-1455 b",2.16000000,5.31000000,49.27676400000,0.2149000000,0.000000,4075.00,0.620000,0.600000,2016,"Transit",357.62100000
"Kepler-1490 b",3.04000000,9.48000000,92.43629730000,0.3729000000,0.000000,5515.00,0.900000,0.870000,2016,"Transit",862.92000000
"Kepler-700 b",5.99000000,30.00000000,80.87206390000,0.3577000000,0.000000,5692.00,0.980000,0.960000,2016,"Transit",1491.76000000
"K2-345 b",2.11000000,5.10000000,10.36743700000,,,3779.00,0.560000,0.520000,2021,"Transit",162.40800000
"Kepler-1133 b",1.97000000,4.54000000,11.55562343000,0.0983000000,0.000000,5569.00,0.930000,0.900000,2016,"Transit",753.13500000
"Kepler-1953 b",1.28574667,2.20000000,6.24565982800,0.0607000000,0.000000,4858.00,0.786000,0.707000,2021,"Transit",605.63100000
"Kepler-53 b",2.89000000,111.00000000,18.64895250000,0.1361000000,0.000000,5858.00,0.980000,0.890000,2012,"Transit",1366.07000000
"Kepler-1518 b",3.05000000,9.53000000,5.11177904000,0.0593000000,0.000000,6846.00,1.540000,1.880000,2016,"Transit",903.51000000
"Kepler-251 b",1.33000000,2.33000000,4.79093600000,0.0530000000,0.000000,5526.00,0.891000,0.890000,2014,"Transit",924.62500000
"Kepler-370 c",1.91000000,4.31000000,19.02293000000,0.1400000000,0.000000,5852.00,0.982000,0.900000,2014,"Transit",1167.94000000
"Kepler-1161 b",2.13000000,5.18000000,10.71252541000,0.0784000000,0.000000,4253.00,0.590000,0.570000,2016,"Transit",547.72600000
"Kepler-1184 b",2.68000000,7.65000000,53.59910440000,0.2863000000,0.000000,5983.00,1.050000,1.070000,2016,"Transit",1157.84000000
"Kepler-1181 c",1.83000000,4.01000000,8.93484887000,0.0928000000,0.000000,6688.00,1.336000,1.347000,2023,"Transit",938.41700000
"Kepler-1599 b",1.62000000,3.26000000,122.36355300000,0.4823000000,0.000000,5767.00,0.990000,0.990000,2016,"Transit",1328.20000000
"Kepler-442 b",1.34000000,2.36000000,112.30530000000,0.4090000000,0.040000,4402.00,0.609000,0.598000,2015,"Transit",365.96500000
"Kepler-1185 b",1.33000000,2.33000000,104.35189760000,0.4297000000,0.000000,5622.00,0.960000,0.870000,2016,"Transit",459.27300000
"K2-181 b",2.69000000,7.70000000,6.89410000000,0.0706000000,0.400000,5528.00,0.960000,1.060000,2018,"Transit",360.91100000
"Kepler-31 d",3.90000000,2161.24400000,87.64510000000,0.4000000000,0.000000,6340.00,1.210000,1.220000,2014,"Transit",1664.64000000
"Kepler-1070 b",1.73000000,3.64000000,6.22161470000,0.0675300000,0.000000,6261.00,1.210000,1.320000,2016,"Transit",939.00100000
"Kepler-1162 b",2.21000000,5.52000000,32.56370690000,0.1900000000,0.000000,5390.00,0.890000,0.840000,2016,"Transit",940.21100000
"Kepler-1560 b",0.89000000,0.64000000,3.03195744000,0.0417500000,0.000000,5815.00,1.020000,1.020000,2016,"Transit",502.49700000
"Kepler-1702 b",1.60190793,3.20000000,18.50120000000,0.1275000000,0.000000,5093.00,0.850000,0.725742,2020,"Transit",857.14000000
"Kepler-1621 b",2.16000000,5.31000000,92.26371400000,0.4204000000,0.000000,6158.00,1.150000,1.240000,2016,"Transit",1631.66000000
"Kepler-240 c",2.20000000,102.30000000,7.95352800000,0.0740000000,0.000000,4985.00,0.868000,0.739000,2014,"Transit",746.92700000
"Kepler-1972 c",0.86800000,2.11000000,11.32950000000,0.1049300000,0.043000,5818.00,1.120000,1.384000,2022,"Transit",287.33900000
"K2-278 b",2.98000000,9.17000000,3.33496600000,0.0488000000,,6747.00,1.400000,1.610000,2018,"Transit",786.43900000
"Kepler-42 d",0.57000000,0.35778500,1.86516900000,0.0154000000,0.020000,3068.00,0.130000,0.170000,2011,"Transit",40.05950000
"Kepler-1050 b",1.60000000,3.19000000,15.37875460000,0.1235300000,0.000000,6010.00,1.090000,1.130000,2016,"Transit",490.48800000
"Kepler-1001 b",3.15000000,10.10000000,14.30511983000,0.1114700000,0.000000,5491.00,0.900000,0.880000,2016,"Transit",928.97800000
"Kepler-478 b",2.71000000,7.80000000,13.22175760000,0.1032000000,0.000000,5210.00,0.850000,0.800000,2016,"Transit",420.00000000
"Kepler-1164 b",1.12000000,1.46000000,3.97599768000,0.0463500000,0.000000,5183.00,0.850000,0.790000,2016,"Transit",431.62200000
"Kepler-692 b",3.11000000,9.85000000,21.81293494000,0.1495000000,0.000000,5440.00,0.900000,0.860000,2016,"Transit",991.33600000
"Kepler-1464 c",1.00000000,0.97200000,5.32786292000,0.0610100000,0.000000,5828.00,1.020000,1.010000,2016,"Transit",1151.73000000
"K2-268 c",2.69000000,7.70000000,9.32752700000,0.0819000000,,5106.00,0.840000,0.780000,2018,"Transit",327.78300000
"Kepler-594 b",2.18000000,5.39000000,13.64618192000,0.1089000000,0.000000,5485.00,0.910000,0.870000,2016,"Transit",769.20000000
"Kepler-23 c",3.00500000,7.81000000,10.74000000000,0.0950100000,0.021000,5828.00,1.078000,1.548000,2011,"Transit",835.75600000
"Kepler-150 b",1.25000000,2.10000000,3.42805400000,0.0440000000,0.000000,5560.00,0.956000,0.939000,2014,"Transit",891.09200000
"Kepler-199 b",3.11000000,9.85000000,23.63760400000,0.1580000000,0.000000,5644.00,0.960000,0.967000,2014,"Transit",521.05400000
"Kepler-1499 b",1.19000000,1.81000000,44.20080000000,0.2322500000,0.000000,5097.00,0.820000,0.780000,2016,"Transit",309.86900000
"Kepler-1498 b",1.33000000,2.33000000,48.05140500000,0.2528000000,0.000000,5256.00,0.860000,0.810000,2016,"Transit",740.00000000
"Kepler-611 b",1.65000000,3.36000000,2.43703330200,0.0351000000,0.000000,5761.00,1.010000,1.010000,2016,"Transit",1395.56000000
"TOI-5502 b",4.12873780,15.90000000,11.62592988285,,,6088.71,1.244000,1.323750,2026,"Transit",248.65400000
"Kepler-1141 b",0.82000000,0.47700000,2.34451194400,0.0349600000,0.000000,5791.00,1.010000,1.070000,2016,"Transit",393.64200000
"Kepler-1073 b",2.30000000,5.90000000,8.67888593000,0.0805000000,0.000000,5792.00,1.000000,1.000000,2016,"Transit",809.89700000
"Kepler-1170 b",2.41000000,6.39000000,9.98969327000,0.0880000000,0.000000,5069.00,0.800000,0.760000,2016,"Transit",1050.45000000
"Kepler-157 d",1.46000000,2.73000000,7.02573474000,0.0706000000,0.000000,5866.00,1.020000,1.030000,2016,"Transit",773.71300000
"Kepler-549 c",2.93000000,8.91000000,117.04049800000,0.4533200000,0.000000,5360.00,0.880000,0.840000,2016,"Transit",635.14500000
"Kepler-688 b",9.76000000,68.70000000,3.89593684400,0.0460000000,0.000000,5715.00,0.980000,0.960000,2016,"Transit",1357.75000000
"Kepler-632 b",2.21000000,5.52000000,30.99660733000,0.1885000000,0.000000,5322.00,0.910000,0.840000,2016,"Transit",349.00000000
"Kepler-1502 b",3.18000000,10.20000000,41.70836290000,0.2482000000,0.000000,6666.00,1.440000,1.720000,2016,"Transit",1514.02000000
"Kepler-253 b",1.63000000,3.29000000,3.78398600000,0.0460000000,0.000000,5208.00,0.860000,0.786000,2014,"Transit",838.59500000
"Kepler-1119 b",1.92000000,4.35000000,8.32651530000,0.0812000000,0.000000,6083.00,1.110000,1.170000,2016,"Transit",1757.23000000
"Kepler-543 b",2.50000000,6.80000000,13.89961966000,0.1023000000,0.000000,4671.00,0.700000,0.670000,2016,"Transit",221.80200000
"Kepler-693 b",10.18000000,73.80000000,15.37563332000,0.1121000000,0.000000,4881.00,0.760000,0.720000,2016,"Transit",1151.51000000
"Kepler-1710 b",3.19744103,3.49494179,14.91110039000,0.1158300000,0.000000,5650.00,0.932000,0.899000,2021,"Transit",305.19300000
"Kepler-1928 b",1.99200000,4.63000000,19.57783000000,0.1940000000,0.430000,5720.00,1.010000,0.920000,2021,"Transit",326.36200000
"Kepler-1999 b",3.29000000,10.80000000,8.73967580000,0.0713000000,0.000000,4406.00,0.632000,0.628000,2023,"Transit",701.25500000
"KOI-7368 b",2.22000000,5.56000000,6.84303440000,0.0678000000,0.000000,5241.00,0.879000,0.874000,2022,"Transit",264.99500000
"K2-198 b",4.18900000,16.30000000,17.04286830000,,,5212.90,0.799000,0.757000,2018,"Transit",110.56700000
"Kepler-227 c",3.04000000,9.48000000,54.41869400000,0.2900000000,0.000000,5854.00,0.954000,1.091000,2014,"Transit",1083.06000000
"Kepler-26 d",1.07000000,1.24000000,3.54391900000,0.0390000000,0.000000,4486.00,0.593000,0.571000,2014,"Transit",335.30700000
"KELT-17 b",17.09372500,416.35730000,3.08017160000,0.0488100000,,7454.00,1.635000,1.645000,2016,"Transit",226.50000000
"IC 4651 9122 b",12.70000000,2002.32900000,734.00000000000,2.0380000000,0.180000,4740.10,2.100000,10.267424,2018,"Radial Velocity",859.32400000
"GJ 229 b",3.97000000,14.93793513,579.47495000000,1.0860000000,0.404000,3564.00,0.509000,0.460000,2014,"Radial Velocity",5.75624000
"GJ 180 c",2.41000000,6.40000000,24.32900000000,0.1290000000,0.090000,3371.00,0.430000,0.413049,2014,"Radial Velocity",11.94070000
"HD 68988 c",12.20000000,4776.96095721,16000.00000000000,13.2000000000,0.450000,5883.41,1.171665,1.255733,2021,"Radial Velocity",60.84470000
"KIC 5479689 b",14.20000000,158.91420350,1.70153100000,,,5459.10,0.966000,0.894000,2021,"Orbital Brightness Modulation",454.95000000
"HD 93385 b",1.88000000,4.20000000,7.34260000000,0.0756000000,0.295000,5977.00,1.040000,1.184840,2021,"Radial Velocity",43.34750000
"Kepler-294 c",2.71000000,7.80000000,6.62640000000,0.0710000000,0.000000,5913.00,0.947000,0.976000,2014,"Transit",1357.01000000
"TOI-4311 c",2.47000000,13.58000000,15.07042500000,0.1116000000,0.220000,5063.00,0.816000,0.844100,2026,"Transit",134.98800000
"WASP-118 b",16.14096000,163.36462000,4.04604350000,0.0545300000,0.000000,6410.00,1.320000,1.696000,2016,"Transit",376.65800000
"TAP 26 b",13.50000000,527.59780000,10.79000000000,0.0968000000,,4620.00,1.040000,1.170000,2017,"Radial Velocity",121.40200000
"HD 92788 c",13.00000000,1166.43610000,11611.29750000000,10.5000000000,0.460000,5744.00,1.150000,1.140000,2019,"Radial Velocity",34.65380000
"GJ 422 b",3.33000000,11.07000000,20.12900000000,0.1110000000,0.110000,3323.00,0.350000,0.370328,2014,"Radial Velocity",12.66310000
"GJ 414 A c",8.40000000,53.83000000,749.83000000000,1.4000000000,0.105000,4120.00,0.650000,0.680000,2021,"Radial Velocity",11.88930000
"TOI-3593 b",11.02963701,565.73456446,3.82128670000,0.0481000000,0.105000,5550.00,1.015000,0.918000,2025,"Transit",226.63000000
"WASP-195 b",10.31226224,33.05415433,5.05192800000,0.0630000000,0.000000,6300.00,1.300000,1.578000,2025,"Transit",484.85200000
"TOI-4529 b",1.77000000,4.90000000,5.87957700000,,,3697.00,0.482000,0.480000,2026,"Transit",28.38400000
"HD 27631 b",13.50000000,495.81231492,2198.14000000000,3.2420000000,0.141000,5737.00,0.944000,0.923000,2012,"Radial Velocity",50.28620000
"Wolf 503 b",2.04300000,6.26000000,6.00127000000,0.0570600000,0.410000,4716.00,0.688000,0.689000,2018,"Transit",44.52600000
"WASP-183 b",16.47723000,159.55066000,4.11177710000,0.0463200000,,5313.00,0.784000,0.871000,2019,"Transit",325.37700000
"Kepler-1747 b",4.26508000,16.80000000,6.23031997700,0.0660000000,0.000000,5477.00,0.983000,0.865000,2021,"Transit",1321.38000000
"Kepler-906 b",2.11000000,5.10000000,41.69799760000,0.2236300000,0.000000,6035.00,1.060000,1.020000,2016,"Transit",757.79100000
"TOI-4551 b",11.85910158,473.56432643,9.95581000000,0.0994000000,0.101000,4896.00,1.310000,3.550000,2023,"Transit",215.98600000
"HD 98649 b",12.50000000,3082.93554790,5384.00000000000,5.9700000000,0.852000,5759.00,0.970000,1.010000,2012,"Radial Velocity",42.17270000
"Kepler-780 b",0.89000000,0.64000000,0.67737516400,0.0150000000,0.000000,5769.00,1.010000,1.020000,2016,"Transit",557.65200000
"NGTS-16 b",14.57167491,211.99154747,4.84532000000,0.0523000000,0.000000,5550.00,1.002000,1.213000,2021,"Transit",898.16800000
"TOI-1634 b",1.75900000,4.90000000,0.98934551000,0.0154400000,0.000000,3550.00,0.502000,0.450000,2021,"Transit",35.27360000
"Kepler-275 b",2.34000000,6.08000000,10.30068200000,0.0980000000,0.000000,6165.00,1.189000,1.383000,2014,"Transit",2034.25000000
"Kepler-121 c",2.27000000,5.77000000,41.00801100000,0.2160000000,0.000000,5311.00,0.859000,0.701000,2014,"Transit",510.52300000
"TOI-4342 c",2.34900000,4.80000000,10.68866200000,0.0804000000,0.000000,3866.00,0.587000,0.598000,2023,"Transit",61.52040000
"Kepler-168 b",1.46000000,2.73000000,4.42539100000,0.0560000000,0.000000,6282.00,1.113000,1.107000,2014,"Transit",1343.60000000
"Kepler-471 b",14.96000000,,5.01423457500,0.0626000000,0.000000,6733.00,1.490000,1.800000,2016,"Transit",1249.41000000
"HD 42012 b",13.50000000,508.52800000,857.50000000000,1.6700000000,0.200000,5405.00,0.830000,0.820000,2017,"Radial Velocity",36.79840000
"Qatar-10 b",17.29548700,233.92288000,1.64532100000,0.0286000000,0.000000,6124.00,1.156000,1.254000,2019,"Transit",559.06800000
"GJ 720 A b",3.77000000,13.64000000,19.46600000000,0.1190000000,0.120000,3837.00,0.570000,0.560000,2021,"Radial Velocity",15.55750000
"HD 137496 b",1.31000000,4.04000000,1.62116000000,0.0273200000,0.000000,5799.00,1.040000,1.590000,2021,"Transit",155.31700000
"K2-389 b",2.33000000,6.04000000,8.58289000000,,,5773.00,0.990000,1.094000,2022,"Transit",259.20800000
"Kepler-17 b",14.68000000,778.65000000,1.48571080000,0.0259100000,0.011000,5781.00,1.040000,1.010340,2011,"Transit",720.75300000
"Kepler-176 b",1.43000000,290.53700000,5.43307400000,0.0580000000,0.000000,5232.00,0.860000,0.891000,2014,"Transit",527.32100000
"NN Ser d",13.30000000,724.62200000,2880.00000000000,3.3900000000,0.240000,57000.00,0.535000,,2010,"Eclipse Timing Variations",515.81800000
"HD 214823 b",12.10000000,5914.78665427,1854.84424000000,3.0800000000,0.161000,6215.00,1.115000,2.040000,2016,"Radial Velocity",101.36800000
"Kepler-761 b",2.03000000,4.78000000,10.12804789000,0.0874000000,0.000000,5706.00,0.950000,0.930000,2016,"Transit",830.70700000
"TOI-216.01",10.10000000,177.98390792,34.52552800000,0.2069000000,0.004600,5026.00,0.770000,0.748000,2019,"Transit",177.94500000
"TOI-1259 A b",11.60000000,141.00000000,3.47797920000,0.0408000000,0.000000,4775.00,0.746000,0.715000,2021,"Transit",118.10600000
"Kepler-107 e",2.90300000,14.10000000,14.74914300000,0.1263800000,0.100000,5854.00,1.238000,1.447000,2014,"Transit",525.99700000
"Kepler-450 c",2.62000000,12.50000000,15.41313500000,0.1335100000,0.020000,6197.21,1.190000,1.641620,2015,"Transit",455.98200000
"TOI-4578 b",2.26974262,5.77000000,8.62392630369,,,5951.32,1.077000,0.878735,2026,"Transit",182.24900000
"HD 1605 b",13.80000000,296.85322000,577.20000000000,1.4920000000,0.095000,4915.00,1.330000,3.490000,2015,"Radial Velocity",88.80470000
"HD 210193 b",14.30000000,153.10000000,649.91800000000,1.4870000000,0.240000,5790.00,1.040000,1.059710,2019,"Radial Velocity",42.20290000
"HD 108236 c",2.07100000,4.94000000,6.20344900000,0.0620000000,0.034000,5660.00,0.869000,0.877000,2020,"Transit",64.59780000
"K2-392 b",1.85000000,4.08000000,15.39872300000,,,5726.00,0.841000,1.058000,2022,"Transit",406.98500000
"TOI-4145 A b",13.30506009,136.66621501,4.06644280000,0.0482300000,0.000000,5281.00,0.905000,0.859000,2023,"Transit",205.38700000
"TOI-4379 b",16.69017226,353.74301699,3.25352000000,,0.018000,6020.00,1.372000,1.976000,2024,"Transit",645.15800000
"Kepler-1663 b",3.30395896,10.90000000,17.60460000000,0.1072000000,0.000000,3844.00,0.610816,0.628590,2020,"Transit",337.92600000
"Kepler-273 c",1.98000000,4.58000000,8.01492700000,0.0730000000,0.000000,5626.00,0.756000,0.815000,2014,"Transit",713.96400000
"GJ 3138 c",1.88000000,4.18000000,5.97400000000,0.0570000000,0.110000,3717.00,0.681000,0.500000,2017,"Radial Velocity",28.47120000
"K2-291 b",1.58900000,6.49000000,2.22517700000,0.0326100000,0.000000,5520.00,0.934000,0.899000,2019,"Transit",90.05620000
"HD 39855 b",2.85000000,8.50000000,3.24980000000,0.0410000000,0.140000,5576.00,0.870000,0.744665,2019,"Radial Velocity",23.25990000
"HIP 90988 b",13.40000000,668.07531151,455.73816000000,1.3600000000,0.081000,4883.00,1.613000,3.940000,2021,"Radial Velocity",94.03490000
"TOI-558 b",12.17295304,1147.36054927,14.57407100000,0.1291000000,0.298000,6466.00,1.349000,1.496000,2021,"Transit",402.63000000
"GPX-1 b",16.47720163,6261.21961790,1.74457900000,0.0338000000,0.000000,7000.00,1.680000,1.560000,2021,"Transit",655.01300000
"TOI-3819 b",13.13692538,352.78953177,3.24431410000,0.0461100000,0.000000,5859.00,1.242000,1.538000,2023,"Transit",558.14100000
"Kepler-181 b",1.27000000,2.15000000,3.13787300000,0.0400000000,0.000000,5333.00,0.810000,0.749000,2014,"Transit",609.28300000
"K2-38 c",2.29000000,8.30000000,10.56103000000,0.0951400000,0.161000,5731.00,1.030000,1.060000,2016,"Transit",192.69000000
"HD 224538 b",12.70000000,2075.73732612,1202.05199000000,2.3750000000,0.476000,6097.00,1.230000,1.540000,2016,"Radial Velocity",79.06080000
"GJ 273 b",1.51000000,2.89000000,18.64980000000,0.0911010000,0.100000,3382.00,0.290000,0.293000,2017,"Radial Velocity",5.92153500
"K2-292 b",2.63000000,24.50000000,16.98410000000,0.1300000000,0.040000,5725.00,1.000000,1.090000,2019,"Transit",114.29300000
"GJ 4276 b",4.22000000,16.57000000,13.35200000000,0.0820000000,0.370000,3387.00,0.406000,0.407000,2019,"Radial Velocity",21.33620000
"HD 102843 b",13.10000000,113.90000000,3090.94200000000,4.0740000000,0.110000,5436.00,0.950000,0.961488,2019,"Radial Velocity",62.75800000
"Kepler-271 b",1.23000000,2.04000000,10.43547805000,0.0878400000,0.000000,5555.00,0.900000,0.870000,2014,"Transit",404.54200000
"CFHTWIR-Oph 98 b",20.84870410,2479.06157460,8040000.00000000000,200.0000000000,,2320.00,0.014700,0.245000,2020,"Imaging",
"TOI-1431 b",16.70138124,991.62462984,2.65023700000,0.0460000000,0.002200,7690.00,1.900000,1.920000,2021,"Transit",148.92500000
"K2-395 c",3.39500000,11.40000000,8.49128200000,,,5007.00,0.952000,0.783000,2022,"Transit",286.72700000
"TOI-4406 b",11.20898070,95.34852210,30.08364000000,0.2010000000,0.150000,6219.00,1.190000,1.290000,2023,"Transit",261.83400000
"Kepler-149 d",3.96000000,14.90000000,160.01803200000,0.5710000000,0.000000,5381.00,1.013000,0.953000,2014,"Transit",571.03400000
"TOI-4405 b",2.55505441,7.06000000,5.92143995316,,,4467.38,0.680000,0.687025,2026,"Transit",155.50100000
"TOI-5027 b",10.76062147,642.01338214,10.24368000000,0.0930000000,0.385000,5909.00,1.020000,0.920000,2025,"Transit",204.42900000
"GJ 273 c",1.06000000,1.18000000,4.72340000000,0.0364670000,0.170000,3382.00,0.290000,0.293000,2017,"Radial Velocity",5.92153500
"HD 20781 d",3.25000000,10.61000000,29.15800000000,0.1647000000,0.110000,5256.00,0.700000,0.833609,2019,"Radial Velocity",35.97150000
"HD 110113 b",2.05000000,4.55000000,2.54100000000,0.0350000000,0.093000,5732.00,0.997000,0.968000,2021,"Transit",106.30700000
"HAT-P-63 b",12.54284940,195.14664190,3.37772800000,0.0429400000,0.069000,5400.00,0.925000,0.966100,2021,"Transit",403.45800000
"K2-398 b",2.27400000,5.79000000,6.39302500000,,,5946.00,0.945000,1.239000,2022,"Transit",606.99200000
"TOI-3862 b",5.53000000,53.70000000,1.55745774000,0.0253900000,0.023200,5300.00,0.900000,0.920000,2026,"Transit",249.02000000
"Kepler-284 c",2.61000000,7.32000000,37.51445600000,0.2130000000,0.000000,5615.00,0.766000,0.814000,2014,"Transit",1031.95000000
"TOI-4662 b",2.87998299,8.65000000,4.70343764575,,,4520.41,0.703000,0.693750,2026,"Transit",111.04700000
"HD 7924 c",,1762.67634522,15.29900000000,0.1134000000,0.098000,5075.00,0.832000,0.782100,2015,"Radial Velocity",16.99220000
"NGC 2682 YBP 401 b",14.30000000,146.20180000,4.08700000000,,0.150000,6165.00,1.140000,1.215821,2016,"Radial Velocity",830.82200000
"WASP-142 b",17.14977000,266.97720000,2.05286800000,0.0347000000,0.000000,6010.00,1.330000,1.640000,2016,"Transit",730.93300000
"WASP-171 b",10.98482000,344.52772000,3.81862440000,0.0504000000,0.000000,5965.00,1.171000,1.637000,2019,"Transit",757.84000000
"TOI-1789 b",16.14093221,222.47988490,3.20866400000,0.0488200000,,5991.00,1.507000,2.168000,2021,"Transit",229.06700000
"HD 35843 c",2.54000000,11.32000000,46.96220000000,0.2500000000,0.153000,5666.00,0.940000,0.897000,2025,"Transit",69.60260000
"TOI-4666 b",12.53164042,155.41809102,2.90891650000,0.0340000000,0.023000,3793.00,0.576000,0.585000,2025,"Transit",154.74900000
"BD+20 594 b",2.57807000,22.24810000,41.68550000000,0.2410000000,0.000000,5766.00,1.670000,1.080000,2016,"Transit",179.46100000
"Kepler-19 d",5.06000000,22.50000000,62.95000000000,,0.050000,5544.00,0.936000,0.859000,2017,"Radial Velocity",218.56200000
"GJ 143 b",2.61000000,22.70000000,35.61253000000,0.1915000000,0.188000,4640.00,0.730000,0.695000,2019,"Transit",16.32000000
"WASP-182 b",9.52765000,47.03884000,3.37698480000,0.0451000000,0.000000,5638.00,1.076000,1.340000,2019,"Transit",327.60200000
"HD 107148 c",4.70000000,19.89605828,18.32670000000,0.1407000000,0.340000,5752.92,1.105215,1.169193,2021,"Radial Velocity",49.41560000
"Kepler-833 b",2.02000000,4.74000000,18.75469980000,0.1139000000,0.000000,4339.00,0.640000,0.620000,2016,"Transit",467.37000000
"Kepler-94 b",3.51000000,10.84000000,2.50806000000,0.0337700000,0.000000,4781.00,0.810000,0.760000,2014,"Transit",191.90400000
"TOI-4463 A b",13.26022417,252.35575516,2.88071980000,0.0403600000,0.000000,5640.00,1.056000,1.062000,2023,"Transit",173.11700000
"HATS-9 b",13.85000000,266.02371000,1.91529100000,0.0312000000,0.075000,5599.00,1.100000,1.560000,2015,"Transit",638.70000000
"TYC 0434-04538-1 b",12.70000000,1938.76300000,193.20000000000,0.6600000000,0.080000,4679.00,1.040000,9.990000,2021,"Radial Velocity",613.42200000
"Kepler-839 b",2.57000000,7.13000000,37.81445140000,0.2316000000,0.000000,6058.00,1.220000,1.310000,2016,"Transit",944.56100000
"HD 27969 b",12.90000000,1525.57635360,654.50000000000,1.5520000000,0.182000,5966.00,1.160000,1.270000,2021,"Radial Velocity",67.93280000
"TOI-3912 b",14.28024141,129.03833324,3.49362640000,0.0463000000,0.000000,5725.00,1.088000,1.392000,2023,"Transit",465.99200000
"Kepler-294 b",1.77000000,3.78000000,3.70121200000,0.0480000000,0.000000,5913.00,0.947000,0.976000,2014,"Transit",1357.01000000
"TOI-4487 A b",14.60530185,397.28550875,3.95407090000,0.0544800000,0.083000,6206.00,1.378000,1.634000,2025,"Transit",479.14500000
"K2-251 b",2.35000000,6.12000000,9.30075000000,0.0694000000,,3717.00,0.520000,0.490000,2018,"Transit",147.03000000
"GJ 3512 b",14.30000000,146.51889563,203.10900000000,0.3376000000,0.427900,3141.00,0.123000,0.139000,2019,"Radial Velocity",9.48637000
"HD 145675 c",12.60000000,2510.84441530,15732.45889000000,20.0000000000,0.520000,5338.00,0.970000,0.930000,2021,"Radial Velocity",17.93230000
"HD 95544 b",12.80000000,1913.64483855,2041.54152000000,3.1660000000,0.049000,5722.00,1.010000,1.088000,2021,"Radial Velocity",87.80490000
"Kepler-309 b",1.56000000,3.05000000,5.92365300000,0.0590000000,0.000000,4713.00,0.816000,0.721000,2014,"Transit",544.56800000
"WASP-74 b",15.24424000,228.83760000,2.13775000000,0.0344300000,0.000000,5990.00,0.980000,1.420000,2015,"Transit",149.21600000
"Qatar-7 b",19.05530000,597.52040000,2.03204600000,0.0352000000,0.000000,6387.00,1.409000,1.564000,2019,"Transit",705.98100000
"Kepler-270 b",2.01000000,4.70000000,11.47609400000,0.1070000000,0.000000,6067.00,1.170000,1.461000,2014,"Transit",948.78100000
"TOI-628 b",11.88154000,2011.86390000,3.40956750000,0.0486000000,0.072000,6250.00,1.311000,1.345000,2021,"Transit",178.68000000
"HD 168009 b",3.05000000,9.53485221,15.14790000000,0.1192000000,0.120000,5778.33,0.986073,1.209505,2021,"Radial Velocity",23.30320000
"HD 164922 e",3.23000000,10.52012027,41.76300000000,0.2292000000,0.086000,5393.43,0.921146,1.001813,2021,"Radial Velocity",22.00160000
"HD 115954 b",12.60000000,2685.65003915,3700.00000000000,5.0000000000,0.487000,5957.00,1.180000,1.213000,2021,"Radial Velocity",87.64370000
"TOI-1278 b",12.21778896,5879.82552950,14.47567000000,0.0950000000,0.013000,3799.00,0.540000,0.573000,2021,"Transit",75.57590000
"LHS 1678 b",0.68500000,0.35000000,0.86023250000,0.0123900000,0.033000,3490.00,0.345000,0.329000,2021,"Transit",19.87820000
"TOI-3980 b",14.45958510,187.51876013,3.60892540000,0.0494000000,0.160000,5840.00,1.240000,1.626000,2025,"Transit",486.72100000
"Kepler-903 b",2.01000000,4.70000000,10.35077210000,0.0908100000,0.000000,5682.00,0.980000,0.970000,2016,"Transit",1369.24000000
"Kepler-84 c",2.36000000,20.20000000,12.88300000000,0.1072000000,0.000000,6039.00,1.000000,1.430000,2012,"Transit",1023.90000000
"TOI-4507 b",8.20000000,20.00000000,104.61611000000,0.4560000000,0.090000,6260.00,1.110000,1.040000,2025,"Transit",178.26000000
"TOI-5160 b",2.39729851,6.33000000,4.28077325600,,,5622.14,1.003000,1.033150,2026,"Transit",151.46500000
"EPIC 211822797 b",1.92000000,4.35000000,21.17019630000,0.1195000000,0.060000,4057.00,0.620000,0.580000,2016,"Transit",186.19700000
"K2-254 c",2.19000000,5.43000000,12.11839000000,0.0923000000,,4629.00,0.710000,0.670000,2018,"Transit",227.77500000
"GJ 160.2 b",3.17000000,10.20000000,5.23540000000,0.0530000000,0.060000,4347.00,0.690000,0.655173,2014,"Radial Velocity",25.85570000
"HD 39194 d",2.12000000,5.16000000,33.87400000000,0.1949000000,0.159000,5205.00,0.860000,0.783742,2021,"Radial Velocity",26.41310000
"Kepler-304 b",2.86000000,8.55000000,3.29570900000,0.0390000000,0.000000,4731.00,0.737000,0.687000,2014,"Transit",434.68400000
"Kepler-1756 b",1.47199944,2.77000000,2.35575008400,0.0319000000,0.000000,4915.00,0.781000,0.812000,2021,"Transit",
"EPIC 206317286 c",2.09400000,5.03000000,17.51547200000,,,4752.00,0.832000,0.758000,2022,"Transit",314.35000000
"Kepler-195 b",2.03000000,4.78000000,8.30787200000,0.0770000000,0.000000,5329.00,0.867000,0.775000,2014,"Transit",652.05100000
"K2-28 b",2.32000000,5.99000000,2.26045500000,0.0214000000,0.000000,3214.00,0.257000,0.288000,2016,"Transit",62.99690000
"Kepler-1724 b",2.83677238,8.43000000,6.45442009000,0.0683000000,0.000000,6092.00,1.016000,0.943000,2021,"Transit",1060.77000000
"HAT-P-7 b",16.92559000,584.80720000,2.20474000000,0.0380900000,0.000000,6389.00,1.560000,2.000000,2008,"Transit",341.07900000
"Kepler-551 b",2.73000000,7.90000000,12.37646610000,0.0893000000,0.000000,4286.00,0.650000,0.630000,2016,"Transit",311.17500000
"K2-44 b",2.43300000,6.50000000,5.65700000000,0.0600000000,,5912.00,1.150000,1.580000,2016,"Transit",476.70300000
"K2-27 b",4.74000000,30.20000000,6.77134700000,0.0670200000,0.251000,5246.00,0.880000,0.876000,2016,"Transit",249.64500000
"K2-378 b",2.88000000,8.65000000,2.06043800000,,,4823.00,0.923000,0.732000,2022,"Transit",687.97300000
"K2-42 b",2.15000000,5.27000000,6.68796000000,0.0617000000,,4613.00,0.702000,0.643000,2016,"Transit",396.91300000
"K2-193 b",3.95000000,14.80000000,14.78688900000,0.1184000000,,5817.00,1.010000,0.980000,2018,"Transit",411.92300000
"Kepler-452 b",1.63000000,3.29000000,384.84300000000,1.0460000000,0.000000,5757.00,1.037000,1.110000,2015,"Transit",551.72700000
"Kepler-220 c",1.57000000,3.09000000,9.03419900000,0.0760000000,0.000000,4632.00,0.729000,0.666000,2014,"Transit",171.10900000
"Kepler-228 d",4.04000000,15.40000000,11.09428600000,0.1010000000,0.000000,6043.00,1.006000,1.014000,2014,"Transit",1644.61000000
"Kepler-565 b",3.64000000,12.90000000,4.24374722600,0.0501000000,0.000000,5735.00,0.980000,0.950000,2016,"Transit",1041.00000000
"K2-35 b",1.32000000,2.30000000,2.39996400000,0.0310000000,0.130000,4402.71,0.701968,0.619575,2016,"Transit",252.59600000
"Kepler-1720 b",3.21585295,10.40000000,12.70639992000,0.1043000000,0.000000,5573.00,0.939000,0.839000,2021,"Transit",629.44500000
"K2-368 b",1.33200000,2.34000000,5.02559800000,,,4663.00,0.746000,0.663000,2022,"Transit",206.60800000
"OGLE-2016-BLG-0261L b",9.60000000,66.74396547,,0.7200000000,,,0.072000,,2026,"Microlensing",7850.00000000
"KMT-2025-BLG-0026L b",13.30000000,676.97450691,,0.9600000000,,,0.440000,,2026,"Microlensing",7280.00000000
"KMT-2025-BLG-0030L b",13.70000000,365.50266805,,2.3500000000,,,0.600000,,2026,"Microlensing",6720.00000000
"KMT-2025-BLG-2272L b",13.30000000,785.03616529,,3.8900000000,,,0.630000,,2026,"Microlensing",6620.00000000
